ISO-10303-21;
HEADER;
/* Generated by software containing ST-Developer
 * from STEP Tools, Inc. (www.steptools.com) 
 */

FILE_DESCRIPTION(
/* description */ (''),
/* implementation_level */ '2;1');

FILE_NAME(
/* name */ 'Ring_842.stp',
/* time_stamp */ '2025-05-08T13:48:56+02:00',
/* author */ ('23661194'),
/* organization */ (''),
/* preprocessor_version */ 'ST-DEVELOPER v20',
/* originating_system */ 'Autodesk Inventor 2024',
/* authorisation */ '');

FILE_SCHEMA (('AUTOMOTIVE_DESIGN { 1 0 10303 214 3 1 1 }'));
ENDSEC;

DATA;
#10=MECHANICAL_DESIGN_GEOMETRIC_PRESENTATION_REPRESENTATION('',(#13),#9614);
#11=SHAPE_REPRESENTATION_RELATIONSHIP('SRR','None',#9621,#12);
#12=ADVANCED_BREP_SHAPE_REPRESENTATION('',(#14),#9613);
#13=STYLED_ITEM('',(#9630),#14);
#14=MANIFOLD_SOLID_BREP('Solid1',#5625);
#15=FACE_BOUND('',#561,.T.);
#16=FACE_BOUND('',#562,.T.);
#17=FACE_BOUND('',#563,.T.);
#18=FACE_BOUND('',#564,.T.);
#19=FACE_BOUND('',#565,.T.);
#20=FACE_BOUND('',#566,.T.);
#21=FACE_BOUND('',#567,.T.);
#22=FACE_BOUND('',#568,.T.);
#23=FACE_BOUND('',#569,.T.);
#24=FACE_BOUND('',#570,.T.);
#25=FACE_BOUND('',#571,.T.);
#26=FACE_BOUND('',#572,.T.);
#27=FACE_BOUND('',#573,.T.);
#28=FACE_BOUND('',#574,.T.);
#29=FACE_BOUND('',#575,.T.);
#30=FACE_BOUND('',#576,.T.);
#31=FACE_BOUND('',#577,.T.);
#32=FACE_BOUND('',#578,.T.);
#33=FACE_BOUND('',#579,.T.);
#34=FACE_BOUND('',#580,.T.);
#35=FACE_BOUND('',#581,.T.);
#36=FACE_BOUND('',#582,.T.);
#37=FACE_BOUND('',#583,.T.);
#38=FACE_BOUND('',#584,.T.);
#39=FACE_BOUND('',#585,.T.);
#40=FACE_BOUND('',#586,.T.);
#41=FACE_BOUND('',#587,.T.);
#42=FACE_BOUND('',#588,.T.);
#43=FACE_BOUND('',#589,.T.);
#44=FACE_BOUND('',#708,.T.);
#45=FACE_BOUND('',#709,.T.);
#46=FACE_BOUND('',#710,.T.);
#47=FACE_BOUND('',#711,.T.);
#48=FACE_BOUND('',#712,.T.);
#49=FACE_BOUND('',#713,.T.);
#50=FACE_BOUND('',#714,.T.);
#51=FACE_BOUND('',#715,.T.);
#52=FACE_BOUND('',#716,.T.);
#53=FACE_BOUND('',#717,.T.);
#54=FACE_BOUND('',#718,.T.);
#55=FACE_BOUND('',#719,.T.);
#56=FACE_BOUND('',#720,.T.);
#57=FACE_BOUND('',#721,.T.);
#58=FACE_BOUND('',#722,.T.);
#59=FACE_BOUND('',#723,.T.);
#60=FACE_BOUND('',#724,.T.);
#61=FACE_BOUND('',#725,.T.);
#62=FACE_BOUND('',#726,.T.);
#63=FACE_BOUND('',#727,.T.);
#64=FACE_BOUND('',#728,.T.);
#65=FACE_BOUND('',#729,.T.);
#66=FACE_BOUND('',#730,.T.);
#67=FACE_BOUND('',#731,.T.);
#68=FACE_BOUND('',#732,.T.);
#69=FACE_BOUND('',#733,.T.);
#70=FACE_BOUND('',#734,.T.);
#71=FACE_BOUND('',#735,.T.);
#72=FACE_BOUND('',#736,.T.);
#73=FACE_BOUND('',#737,.T.);
#74=FACE_BOUND('',#738,.T.);
#75=FACE_BOUND('',#739,.T.);
#76=FACE_BOUND('',#740,.T.);
#77=FACE_BOUND('',#741,.T.);
#78=FACE_BOUND('',#742,.T.);
#79=FACE_BOUND('',#752,.T.);
#80=FACE_BOUND('',#762,.T.);
#81=FACE_BOUND('',#772,.T.);
#82=FACE_BOUND('',#782,.T.);
#83=FACE_BOUND('',#792,.T.);
#84=FACE_BOUND('',#802,.T.);
#85=FACE_BOUND('',#812,.T.);
#86=FACE_BOUND('',#822,.T.);
#87=FACE_BOUND('',#832,.T.);
#88=FACE_BOUND('',#842,.T.);
#89=FACE_BOUND('',#852,.T.);
#90=FACE_BOUND('',#862,.T.);
#91=FACE_BOUND('',#872,.T.);
#92=FACE_BOUND('',#882,.T.);
#93=FACE_BOUND('',#892,.T.);
#94=FACE_BOUND('',#902,.T.);
#95=FACE_BOUND('',#912,.T.);
#96=FACE_BOUND('',#922,.T.);
#97=FACE_BOUND('',#932,.T.);
#98=FACE_BOUND('',#942,.T.);
#99=FACE_BOUND('',#946,.T.);
#100=FACE_BOUND('',#947,.T.);
#101=FACE_BOUND('',#948,.T.);
#102=FACE_BOUND('',#949,.T.);
#103=FACE_BOUND('',#950,.T.);
#104=FACE_BOUND('',#951,.T.);
#105=FACE_BOUND('',#952,.T.);
#106=FACE_BOUND('',#953,.T.);
#107=FACE_BOUND('',#954,.T.);
#108=PLANE('',#5651);
#109=PLANE('',#5691);
#110=PLANE('',#5696);
#111=PLANE('',#5699);
#112=PLANE('',#5702);
#113=PLANE('',#5707);
#114=PLANE('',#5710);
#115=PLANE('',#5713);
#116=PLANE('',#5716);
#117=PLANE('',#5717);
#118=PLANE('',#5718);
#119=PLANE('',#5719);
#120=PLANE('',#5741);
#121=PLANE('',#5745);
#122=PLANE('',#5749);
#123=PLANE('',#5753);
#124=PLANE('',#5757);
#125=PLANE('',#5761);
#126=PLANE('',#5765);
#127=PLANE('',#5769);
#128=PLANE('',#5773);
#129=PLANE('',#5777);
#130=PLANE('',#5781);
#131=PLANE('',#5785);
#132=PLANE('',#5789);
#133=PLANE('',#5793);
#134=PLANE('',#5837);
#135=PLANE('',#5841);
#136=PLANE('',#5845);
#137=PLANE('',#5849);
#138=PLANE('',#5853);
#139=PLANE('',#5857);
#140=PLANE('',#5861);
#141=PLANE('',#5865);
#142=PLANE('',#5869);
#143=PLANE('',#5873);
#144=PLANE('',#5877);
#145=PLANE('',#5881);
#146=PLANE('',#5885);
#147=PLANE('',#5889);
#148=PLANE('',#5893);
#149=PLANE('',#5897);
#150=PLANE('',#5901);
#151=PLANE('',#5905);
#152=PLANE('',#5909);
#153=PLANE('',#5913);
#154=PLANE('',#5914);
#155=PLANE('',#5997);
#156=PLANE('',#6000);
#157=PLANE('',#6003);
#158=PLANE('',#6006);
#159=PLANE('',#6009);
#160=PLANE('',#6010);
#161=PLANE('',#6013);
#162=PLANE('',#6016);
#163=PLANE('',#6019);
#164=PLANE('',#6022);
#165=PLANE('',#6023);
#166=PLANE('',#6026);
#167=PLANE('',#6029);
#168=PLANE('',#6032);
#169=PLANE('',#6035);
#170=PLANE('',#6036);
#171=PLANE('',#6039);
#172=PLANE('',#6042);
#173=PLANE('',#6045);
#174=PLANE('',#6048);
#175=PLANE('',#6049);
#176=PLANE('',#6052);
#177=PLANE('',#6055);
#178=PLANE('',#6058);
#179=PLANE('',#6061);
#180=PLANE('',#6064);
#181=PLANE('',#6067);
#182=PLANE('',#6070);
#183=PLANE('',#6073);
#184=PLANE('',#6074);
#185=PLANE('',#6075);
#186=PLANE('',#6078);
#187=PLANE('',#6081);
#188=PLANE('',#6084);
#189=PLANE('',#6087);
#190=PLANE('',#6088);
#191=PLANE('',#6091);
#192=PLANE('',#6094);
#193=PLANE('',#6097);
#194=PLANE('',#6100);
#195=PLANE('',#6101);
#196=PLANE('',#6104);
#197=PLANE('',#6107);
#198=PLANE('',#6110);
#199=PLANE('',#6113);
#200=PLANE('',#6114);
#201=PLANE('',#6117);
#202=PLANE('',#6120);
#203=PLANE('',#6123);
#204=PLANE('',#6126);
#205=PLANE('',#6127);
#206=PLANE('',#6130);
#207=PLANE('',#6133);
#208=PLANE('',#6136);
#209=PLANE('',#6139);
#210=PLANE('',#6142);
#211=PLANE('',#6145);
#212=PLANE('',#6148);
#213=PLANE('',#6151);
#214=PLANE('',#6152);
#215=PLANE('',#6153);
#216=PLANE('',#6156);
#217=PLANE('',#6159);
#218=PLANE('',#6162);
#219=PLANE('',#6165);
#220=PLANE('',#6166);
#221=PLANE('',#6169);
#222=PLANE('',#6172);
#223=PLANE('',#6175);
#224=PLANE('',#6178);
#225=PLANE('',#6179);
#226=PLANE('',#6182);
#227=PLANE('',#6185);
#228=PLANE('',#6188);
#229=PLANE('',#6191);
#230=PLANE('',#6192);
#231=PLANE('',#6195);
#232=PLANE('',#6198);
#233=PLANE('',#6201);
#234=PLANE('',#6204);
#235=PLANE('',#6205);
#236=PLANE('',#6208);
#237=PLANE('',#6211);
#238=PLANE('',#6214);
#239=PLANE('',#6217);
#240=PLANE('',#6220);
#241=PLANE('',#6223);
#242=PLANE('',#6226);
#243=PLANE('',#6229);
#244=PLANE('',#6230);
#245=PLANE('',#6231);
#246=PLANE('',#6234);
#247=PLANE('',#6237);
#248=PLANE('',#6240);
#249=PLANE('',#6243);
#250=PLANE('',#6244);
#251=PLANE('',#6247);
#252=PLANE('',#6250);
#253=PLANE('',#6253);
#254=PLANE('',#6256);
#255=PLANE('',#6260);
#256=FACE_OUTER_BOUND('',#559,.T.);
#257=FACE_OUTER_BOUND('',#560,.T.);
#258=FACE_OUTER_BOUND('',#590,.T.);
#259=FACE_OUTER_BOUND('',#591,.T.);
#260=FACE_OUTER_BOUND('',#592,.T.);
#261=FACE_OUTER_BOUND('',#593,.T.);
#262=FACE_OUTER_BOUND('',#594,.T.);
#263=FACE_OUTER_BOUND('',#595,.T.);
#264=FACE_OUTER_BOUND('',#596,.T.);
#265=FACE_OUTER_BOUND('',#597,.T.);
#266=FACE_OUTER_BOUND('',#598,.T.);
#267=FACE_OUTER_BOUND('',#599,.T.);
#268=FACE_OUTER_BOUND('',#600,.T.);
#269=FACE_OUTER_BOUND('',#601,.T.);
#270=FACE_OUTER_BOUND('',#602,.T.);
#271=FACE_OUTER_BOUND('',#603,.T.);
#272=FACE_OUTER_BOUND('',#604,.T.);
#273=FACE_OUTER_BOUND('',#605,.T.);
#274=FACE_OUTER_BOUND('',#606,.T.);
#275=FACE_OUTER_BOUND('',#607,.T.);
#276=FACE_OUTER_BOUND('',#608,.T.);
#277=FACE_OUTER_BOUND('',#609,.T.);
#278=FACE_OUTER_BOUND('',#610,.T.);
#279=FACE_OUTER_BOUND('',#611,.T.);
#280=FACE_OUTER_BOUND('',#612,.T.);
#281=FACE_OUTER_BOUND('',#613,.T.);
#282=FACE_OUTER_BOUND('',#614,.T.);
#283=FACE_OUTER_BOUND('',#615,.T.);
#284=FACE_OUTER_BOUND('',#616,.T.);
#285=FACE_OUTER_BOUND('',#617,.T.);
#286=FACE_OUTER_BOUND('',#618,.T.);
#287=FACE_OUTER_BOUND('',#619,.T.);
#288=FACE_OUTER_BOUND('',#620,.T.);
#289=FACE_OUTER_BOUND('',#621,.T.);
#290=FACE_OUTER_BOUND('',#622,.T.);
#291=FACE_OUTER_BOUND('',#623,.T.);
#292=FACE_OUTER_BOUND('',#624,.T.);
#293=FACE_OUTER_BOUND('',#625,.T.);
#294=FACE_OUTER_BOUND('',#626,.T.);
#295=FACE_OUTER_BOUND('',#627,.T.);
#296=FACE_OUTER_BOUND('',#628,.T.);
#297=FACE_OUTER_BOUND('',#629,.T.);
#298=FACE_OUTER_BOUND('',#630,.T.);
#299=FACE_OUTER_BOUND('',#631,.T.);
#300=FACE_OUTER_BOUND('',#632,.T.);
#301=FACE_OUTER_BOUND('',#633,.T.);
#302=FACE_OUTER_BOUND('',#634,.T.);
#303=FACE_OUTER_BOUND('',#635,.T.);
#304=FACE_OUTER_BOUND('',#636,.T.);
#305=FACE_OUTER_BOUND('',#637,.T.);
#306=FACE_OUTER_BOUND('',#638,.T.);
#307=FACE_OUTER_BOUND('',#639,.T.);
#308=FACE_OUTER_BOUND('',#640,.T.);
#309=FACE_OUTER_BOUND('',#641,.T.);
#310=FACE_OUTER_BOUND('',#642,.T.);
#311=FACE_OUTER_BOUND('',#643,.T.);
#312=FACE_OUTER_BOUND('',#644,.T.);
#313=FACE_OUTER_BOUND('',#645,.T.);
#314=FACE_OUTER_BOUND('',#646,.T.);
#315=FACE_OUTER_BOUND('',#647,.T.);
#316=FACE_OUTER_BOUND('',#648,.T.);
#317=FACE_OUTER_BOUND('',#649,.T.);
#318=FACE_OUTER_BOUND('',#650,.T.);
#319=FACE_OUTER_BOUND('',#651,.T.);
#320=FACE_OUTER_BOUND('',#652,.T.);
#321=FACE_OUTER_BOUND('',#653,.T.);
#322=FACE_OUTER_BOUND('',#654,.T.);
#323=FACE_OUTER_BOUND('',#655,.T.);
#324=FACE_OUTER_BOUND('',#656,.T.);
#325=FACE_OUTER_BOUND('',#657,.T.);
#326=FACE_OUTER_BOUND('',#658,.T.);
#327=FACE_OUTER_BOUND('',#659,.T.);
#328=FACE_OUTER_BOUND('',#660,.T.);
#329=FACE_OUTER_BOUND('',#661,.T.);
#330=FACE_OUTER_BOUND('',#662,.T.);
#331=FACE_OUTER_BOUND('',#663,.T.);
#332=FACE_OUTER_BOUND('',#664,.T.);
#333=FACE_OUTER_BOUND('',#665,.T.);
#334=FACE_OUTER_BOUND('',#666,.T.);
#335=FACE_OUTER_BOUND('',#667,.T.);
#336=FACE_OUTER_BOUND('',#668,.T.);
#337=FACE_OUTER_BOUND('',#669,.T.);
#338=FACE_OUTER_BOUND('',#670,.T.);
#339=FACE_OUTER_BOUND('',#671,.T.);
#340=FACE_OUTER_BOUND('',#672,.T.);
#341=FACE_OUTER_BOUND('',#673,.T.);
#342=FACE_OUTER_BOUND('',#674,.T.);
#343=FACE_OUTER_BOUND('',#675,.T.);
#344=FACE_OUTER_BOUND('',#676,.T.);
#345=FACE_OUTER_BOUND('',#677,.T.);
#346=FACE_OUTER_BOUND('',#678,.T.);
#347=FACE_OUTER_BOUND('',#679,.T.);
#348=FACE_OUTER_BOUND('',#680,.T.);
#349=FACE_OUTER_BOUND('',#681,.T.);
#350=FACE_OUTER_BOUND('',#682,.T.);
#351=FACE_OUTER_BOUND('',#683,.T.);
#352=FACE_OUTER_BOUND('',#684,.T.);
#353=FACE_OUTER_BOUND('',#685,.T.);
#354=FACE_OUTER_BOUND('',#686,.T.);
#355=FACE_OUTER_BOUND('',#687,.T.);
#356=FACE_OUTER_BOUND('',#688,.T.);
#357=FACE_OUTER_BOUND('',#689,.T.);
#358=FACE_OUTER_BOUND('',#690,.T.);
#359=FACE_OUTER_BOUND('',#691,.T.);
#360=FACE_OUTER_BOUND('',#692,.T.);
#361=FACE_OUTER_BOUND('',#693,.T.);
#362=FACE_OUTER_BOUND('',#694,.T.);
#363=FACE_OUTER_BOUND('',#695,.T.);
#364=FACE_OUTER_BOUND('',#696,.T.);
#365=FACE_OUTER_BOUND('',#697,.T.);
#366=FACE_OUTER_BOUND('',#698,.T.);
#367=FACE_OUTER_BOUND('',#699,.T.);
#368=FACE_OUTER_BOUND('',#700,.T.);
#369=FACE_OUTER_BOUND('',#701,.T.);
#370=FACE_OUTER_BOUND('',#702,.T.);
#371=FACE_OUTER_BOUND('',#703,.T.);
#372=FACE_OUTER_BOUND('',#704,.T.);
#373=FACE_OUTER_BOUND('',#705,.T.);
#374=FACE_OUTER_BOUND('',#706,.T.);
#375=FACE_OUTER_BOUND('',#707,.T.);
#376=FACE_OUTER_BOUND('',#743,.T.);
#377=FACE_OUTER_BOUND('',#744,.T.);
#378=FACE_OUTER_BOUND('',#745,.T.);
#379=FACE_OUTER_BOUND('',#746,.T.);
#380=FACE_OUTER_BOUND('',#747,.T.);
#381=FACE_OUTER_BOUND('',#748,.T.);
#382=FACE_OUTER_BOUND('',#749,.T.);
#383=FACE_OUTER_BOUND('',#750,.T.);
#384=FACE_OUTER_BOUND('',#751,.T.);
#385=FACE_OUTER_BOUND('',#753,.T.);
#386=FACE_OUTER_BOUND('',#754,.T.);
#387=FACE_OUTER_BOUND('',#755,.T.);
#388=FACE_OUTER_BOUND('',#756,.T.);
#389=FACE_OUTER_BOUND('',#757,.T.);
#390=FACE_OUTER_BOUND('',#758,.T.);
#391=FACE_OUTER_BOUND('',#759,.T.);
#392=FACE_OUTER_BOUND('',#760,.T.);
#393=FACE_OUTER_BOUND('',#761,.T.);
#394=FACE_OUTER_BOUND('',#763,.T.);
#395=FACE_OUTER_BOUND('',#764,.T.);
#396=FACE_OUTER_BOUND('',#765,.T.);
#397=FACE_OUTER_BOUND('',#766,.T.);
#398=FACE_OUTER_BOUND('',#767,.T.);
#399=FACE_OUTER_BOUND('',#768,.T.);
#400=FACE_OUTER_BOUND('',#769,.T.);
#401=FACE_OUTER_BOUND('',#770,.T.);
#402=FACE_OUTER_BOUND('',#771,.T.);
#403=FACE_OUTER_BOUND('',#773,.T.);
#404=FACE_OUTER_BOUND('',#774,.T.);
#405=FACE_OUTER_BOUND('',#775,.T.);
#406=FACE_OUTER_BOUND('',#776,.T.);
#407=FACE_OUTER_BOUND('',#777,.T.);
#408=FACE_OUTER_BOUND('',#778,.T.);
#409=FACE_OUTER_BOUND('',#779,.T.);
#410=FACE_OUTER_BOUND('',#780,.T.);
#411=FACE_OUTER_BOUND('',#781,.T.);
#412=FACE_OUTER_BOUND('',#783,.T.);
#413=FACE_OUTER_BOUND('',#784,.T.);
#414=FACE_OUTER_BOUND('',#785,.T.);
#415=FACE_OUTER_BOUND('',#786,.T.);
#416=FACE_OUTER_BOUND('',#787,.T.);
#417=FACE_OUTER_BOUND('',#788,.T.);
#418=FACE_OUTER_BOUND('',#789,.T.);
#419=FACE_OUTER_BOUND('',#790,.T.);
#420=FACE_OUTER_BOUND('',#791,.T.);
#421=FACE_OUTER_BOUND('',#793,.T.);
#422=FACE_OUTER_BOUND('',#794,.T.);
#423=FACE_OUTER_BOUND('',#795,.T.);
#424=FACE_OUTER_BOUND('',#796,.T.);
#425=FACE_OUTER_BOUND('',#797,.T.);
#426=FACE_OUTER_BOUND('',#798,.T.);
#427=FACE_OUTER_BOUND('',#799,.T.);
#428=FACE_OUTER_BOUND('',#800,.T.);
#429=FACE_OUTER_BOUND('',#801,.T.);
#430=FACE_OUTER_BOUND('',#803,.T.);
#431=FACE_OUTER_BOUND('',#804,.T.);
#432=FACE_OUTER_BOUND('',#805,.T.);
#433=FACE_OUTER_BOUND('',#806,.T.);
#434=FACE_OUTER_BOUND('',#807,.T.);
#435=FACE_OUTER_BOUND('',#808,.T.);
#436=FACE_OUTER_BOUND('',#809,.T.);
#437=FACE_OUTER_BOUND('',#810,.T.);
#438=FACE_OUTER_BOUND('',#811,.T.);
#439=FACE_OUTER_BOUND('',#813,.T.);
#440=FACE_OUTER_BOUND('',#814,.T.);
#441=FACE_OUTER_BOUND('',#815,.T.);
#442=FACE_OUTER_BOUND('',#816,.T.);
#443=FACE_OUTER_BOUND('',#817,.T.);
#444=FACE_OUTER_BOUND('',#818,.T.);
#445=FACE_OUTER_BOUND('',#819,.T.);
#446=FACE_OUTER_BOUND('',#820,.T.);
#447=FACE_OUTER_BOUND('',#821,.T.);
#448=FACE_OUTER_BOUND('',#823,.T.);
#449=FACE_OUTER_BOUND('',#824,.T.);
#450=FACE_OUTER_BOUND('',#825,.T.);
#451=FACE_OUTER_BOUND('',#826,.T.);
#452=FACE_OUTER_BOUND('',#827,.T.);
#453=FACE_OUTER_BOUND('',#828,.T.);
#454=FACE_OUTER_BOUND('',#829,.T.);
#455=FACE_OUTER_BOUND('',#830,.T.);
#456=FACE_OUTER_BOUND('',#831,.T.);
#457=FACE_OUTER_BOUND('',#833,.T.);
#458=FACE_OUTER_BOUND('',#834,.T.);
#459=FACE_OUTER_BOUND('',#835,.T.);
#460=FACE_OUTER_BOUND('',#836,.T.);
#461=FACE_OUTER_BOUND('',#837,.T.);
#462=FACE_OUTER_BOUND('',#838,.T.);
#463=FACE_OUTER_BOUND('',#839,.T.);
#464=FACE_OUTER_BOUND('',#840,.T.);
#465=FACE_OUTER_BOUND('',#841,.T.);
#466=FACE_OUTER_BOUND('',#843,.T.);
#467=FACE_OUTER_BOUND('',#844,.T.);
#468=FACE_OUTER_BOUND('',#845,.T.);
#469=FACE_OUTER_BOUND('',#846,.T.);
#470=FACE_OUTER_BOUND('',#847,.T.);
#471=FACE_OUTER_BOUND('',#848,.T.);
#472=FACE_OUTER_BOUND('',#849,.T.);
#473=FACE_OUTER_BOUND('',#850,.T.);
#474=FACE_OUTER_BOUND('',#851,.T.);
#475=FACE_OUTER_BOUND('',#853,.T.);
#476=FACE_OUTER_BOUND('',#854,.T.);
#477=FACE_OUTER_BOUND('',#855,.T.);
#478=FACE_OUTER_BOUND('',#856,.T.);
#479=FACE_OUTER_BOUND('',#857,.T.);
#480=FACE_OUTER_BOUND('',#858,.T.);
#481=FACE_OUTER_BOUND('',#859,.T.);
#482=FACE_OUTER_BOUND('',#860,.T.);
#483=FACE_OUTER_BOUND('',#861,.T.);
#484=FACE_OUTER_BOUND('',#863,.T.);
#485=FACE_OUTER_BOUND('',#864,.T.);
#486=FACE_OUTER_BOUND('',#865,.T.);
#487=FACE_OUTER_BOUND('',#866,.T.);
#488=FACE_OUTER_BOUND('',#867,.T.);
#489=FACE_OUTER_BOUND('',#868,.T.);
#490=FACE_OUTER_BOUND('',#869,.T.);
#491=FACE_OUTER_BOUND('',#870,.T.);
#492=FACE_OUTER_BOUND('',#871,.T.);
#493=FACE_OUTER_BOUND('',#873,.T.);
#494=FACE_OUTER_BOUND('',#874,.T.);
#495=FACE_OUTER_BOUND('',#875,.T.);
#496=FACE_OUTER_BOUND('',#876,.T.);
#497=FACE_OUTER_BOUND('',#877,.T.);
#498=FACE_OUTER_BOUND('',#878,.T.);
#499=FACE_OUTER_BOUND('',#879,.T.);
#500=FACE_OUTER_BOUND('',#880,.T.);
#501=FACE_OUTER_BOUND('',#881,.T.);
#502=FACE_OUTER_BOUND('',#883,.T.);
#503=FACE_OUTER_BOUND('',#884,.T.);
#504=FACE_OUTER_BOUND('',#885,.T.);
#505=FACE_OUTER_BOUND('',#886,.T.);
#506=FACE_OUTER_BOUND('',#887,.T.);
#507=FACE_OUTER_BOUND('',#888,.T.);
#508=FACE_OUTER_BOUND('',#889,.T.);
#509=FACE_OUTER_BOUND('',#890,.T.);
#510=FACE_OUTER_BOUND('',#891,.T.);
#511=FACE_OUTER_BOUND('',#893,.T.);
#512=FACE_OUTER_BOUND('',#894,.T.);
#513=FACE_OUTER_BOUND('',#895,.T.);
#514=FACE_OUTER_BOUND('',#896,.T.);
#515=FACE_OUTER_BOUND('',#897,.T.);
#516=FACE_OUTER_BOUND('',#898,.T.);
#517=FACE_OUTER_BOUND('',#899,.T.);
#518=FACE_OUTER_BOUND('',#900,.T.);
#519=FACE_OUTER_BOUND('',#901,.T.);
#520=FACE_OUTER_BOUND('',#903,.T.);
#521=FACE_OUTER_BOUND('',#904,.T.);
#522=FACE_OUTER_BOUND('',#905,.T.);
#523=FACE_OUTER_BOUND('',#906,.T.);
#524=FACE_OUTER_BOUND('',#907,.T.);
#525=FACE_OUTER_BOUND('',#908,.T.);
#526=FACE_OUTER_BOUND('',#909,.T.);
#527=FACE_OUTER_BOUND('',#910,.T.);
#528=FACE_OUTER_BOUND('',#911,.T.);
#529=FACE_OUTER_BOUND('',#913,.T.);
#530=FACE_OUTER_BOUND('',#914,.T.);
#531=FACE_OUTER_BOUND('',#915,.T.);
#532=FACE_OUTER_BOUND('',#916,.T.);
#533=FACE_OUTER_BOUND('',#917,.T.);
#534=FACE_OUTER_BOUND('',#918,.T.);
#535=FACE_OUTER_BOUND('',#919,.T.);
#536=FACE_OUTER_BOUND('',#920,.T.);
#537=FACE_OUTER_BOUND('',#921,.T.);
#538=FACE_OUTER_BOUND('',#923,.T.);
#539=FACE_OUTER_BOUND('',#924,.T.);
#540=FACE_OUTER_BOUND('',#925,.T.);
#541=FACE_OUTER_BOUND('',#926,.T.);
#542=FACE_OUTER_BOUND('',#927,.T.);
#543=FACE_OUTER_BOUND('',#928,.T.);
#544=FACE_OUTER_BOUND('',#929,.T.);
#545=FACE_OUTER_BOUND('',#930,.T.);
#546=FACE_OUTER_BOUND('',#931,.T.);
#547=FACE_OUTER_BOUND('',#933,.T.);
#548=FACE_OUTER_BOUND('',#934,.T.);
#549=FACE_OUTER_BOUND('',#935,.T.);
#550=FACE_OUTER_BOUND('',#936,.T.);
#551=FACE_OUTER_BOUND('',#937,.T.);
#552=FACE_OUTER_BOUND('',#938,.T.);
#553=FACE_OUTER_BOUND('',#939,.T.);
#554=FACE_OUTER_BOUND('',#940,.T.);
#555=FACE_OUTER_BOUND('',#941,.T.);
#556=FACE_OUTER_BOUND('',#943,.T.);
#557=FACE_OUTER_BOUND('',#944,.T.);
#558=FACE_OUTER_BOUND('',#945,.T.);
#559=EDGE_LOOP('',(#3571,#3572,#3573,#3574));
#560=EDGE_LOOP('',(#3575,#3576,#3577,#3578,#3579,#3580,#3581,#3582,#3583,
#3584,#3585,#3586,#3587,#3588,#3589,#3590,#3591,#3592,#3593,#3594,#3595,
#3596));
#561=EDGE_LOOP('',(#3597));
#562=EDGE_LOOP('',(#3598));
#563=EDGE_LOOP('',(#3599));
#564=EDGE_LOOP('',(#3600));
#565=EDGE_LOOP('',(#3601));
#566=EDGE_LOOP('',(#3602));
#567=EDGE_LOOP('',(#3603));
#568=EDGE_LOOP('',(#3604));
#569=EDGE_LOOP('',(#3605));
#570=EDGE_LOOP('',(#3606));
#571=EDGE_LOOP('',(#3607));
#572=EDGE_LOOP('',(#3608));
#573=EDGE_LOOP('',(#3609));
#574=EDGE_LOOP('',(#3610));
#575=EDGE_LOOP('',(#3611));
#576=EDGE_LOOP('',(#3612));
#577=EDGE_LOOP('',(#3613));
#578=EDGE_LOOP('',(#3614));
#579=EDGE_LOOP('',(#3615));
#580=EDGE_LOOP('',(#3616));
#581=EDGE_LOOP('',(#3617));
#582=EDGE_LOOP('',(#3618));
#583=EDGE_LOOP('',(#3619));
#584=EDGE_LOOP('',(#3620));
#585=EDGE_LOOP('',(#3621));
#586=EDGE_LOOP('',(#3622));
#587=EDGE_LOOP('',(#3623));
#588=EDGE_LOOP('',(#3624));
#589=EDGE_LOOP('',(#3625));
#590=EDGE_LOOP('',(#3626,#3627,#3628,#3629));
#591=EDGE_LOOP('',(#3630,#3631,#3632,#3633));
#592=EDGE_LOOP('',(#3634,#3635,#3636,#3637));
#593=EDGE_LOOP('',(#3638,#3639,#3640,#3641));
#594=EDGE_LOOP('',(#3642,#3643,#3644,#3645));
#595=EDGE_LOOP('',(#3646,#3647,#3648,#3649));
#596=EDGE_LOOP('',(#3650,#3651,#3652,#3653));
#597=EDGE_LOOP('',(#3654,#3655,#3656,#3657));
#598=EDGE_LOOP('',(#3658,#3659,#3660,#3661));
#599=EDGE_LOOP('',(#3662,#3663,#3664,#3665));
#600=EDGE_LOOP('',(#3666,#3667,#3668,#3669));
#601=EDGE_LOOP('',(#3670,#3671,#3672,#3673));
#602=EDGE_LOOP('',(#3674,#3675,#3676,#3677));
#603=EDGE_LOOP('',(#3678,#3679,#3680,#3681));
#604=EDGE_LOOP('',(#3682,#3683,#3684,#3685));
#605=EDGE_LOOP('',(#3686,#3687,#3688,#3689));
#606=EDGE_LOOP('',(#3690,#3691,#3692,#3693));
#607=EDGE_LOOP('',(#3694,#3695,#3696,#3697));
#608=EDGE_LOOP('',(#3698,#3699,#3700,#3701));
#609=EDGE_LOOP('',(#3702,#3703,#3704,#3705));
#610=EDGE_LOOP('',(#3706,#3707,#3708,#3709));
#611=EDGE_LOOP('',(#3710,#3711,#3712,#3713));
#612=EDGE_LOOP('',(#3714,#3715,#3716,#3717));
#613=EDGE_LOOP('',(#3718,#3719,#3720,#3721));
#614=EDGE_LOOP('',(#3722,#3723,#3724,#3725));
#615=EDGE_LOOP('',(#3726,#3727,#3728,#3729));
#616=EDGE_LOOP('',(#3730,#3731,#3732,#3733));
#617=EDGE_LOOP('',(#3734,#3735,#3736,#3737));
#618=EDGE_LOOP('',(#3738,#3739,#3740,#3741));
#619=EDGE_LOOP('',(#3742,#3743,#3744,#3745));
#620=EDGE_LOOP('',(#3746));
#621=EDGE_LOOP('',(#3747,#3748,#3749,#3750));
#622=EDGE_LOOP('',(#3751));
#623=EDGE_LOOP('',(#3752,#3753,#3754,#3755));
#624=EDGE_LOOP('',(#3756));
#625=EDGE_LOOP('',(#3757,#3758,#3759,#3760));
#626=EDGE_LOOP('',(#3761));
#627=EDGE_LOOP('',(#3762,#3763,#3764,#3765));
#628=EDGE_LOOP('',(#3766));
#629=EDGE_LOOP('',(#3767,#3768,#3769,#3770));
#630=EDGE_LOOP('',(#3771));
#631=EDGE_LOOP('',(#3772,#3773,#3774,#3775));
#632=EDGE_LOOP('',(#3776));
#633=EDGE_LOOP('',(#3777,#3778,#3779,#3780));
#634=EDGE_LOOP('',(#3781));
#635=EDGE_LOOP('',(#3782,#3783,#3784,#3785));
#636=EDGE_LOOP('',(#3786));
#637=EDGE_LOOP('',(#3787,#3788,#3789,#3790));
#638=EDGE_LOOP('',(#3791));
#639=EDGE_LOOP('',(#3792,#3793,#3794,#3795));
#640=EDGE_LOOP('',(#3796));
#641=EDGE_LOOP('',(#3797,#3798,#3799,#3800));
#642=EDGE_LOOP('',(#3801));
#643=EDGE_LOOP('',(#3802,#3803,#3804,#3805));
#644=EDGE_LOOP('',(#3806));
#645=EDGE_LOOP('',(#3807,#3808,#3809,#3810));
#646=EDGE_LOOP('',(#3811));
#647=EDGE_LOOP('',(#3812,#3813,#3814,#3815));
#648=EDGE_LOOP('',(#3816,#3817,#3818,#3819));
#649=EDGE_LOOP('',(#3820,#3821,#3822,#3823));
#650=EDGE_LOOP('',(#3824,#3825,#3826,#3827));
#651=EDGE_LOOP('',(#3828,#3829,#3830,#3831));
#652=EDGE_LOOP('',(#3832,#3833,#3834,#3835));
#653=EDGE_LOOP('',(#3836,#3837,#3838,#3839));
#654=EDGE_LOOP('',(#3840,#3841,#3842,#3843));
#655=EDGE_LOOP('',(#3844,#3845,#3846,#3847));
#656=EDGE_LOOP('',(#3848,#3849,#3850,#3851));
#657=EDGE_LOOP('',(#3852,#3853,#3854,#3855));
#658=EDGE_LOOP('',(#3856,#3857,#3858,#3859));
#659=EDGE_LOOP('',(#3860,#3861,#3862,#3863));
#660=EDGE_LOOP('',(#3864,#3865,#3866,#3867));
#661=EDGE_LOOP('',(#3868,#3869,#3870,#3871));
#662=EDGE_LOOP('',(#3872,#3873,#3874,#3875));
#663=EDGE_LOOP('',(#3876,#3877,#3878,#3879));
#664=EDGE_LOOP('',(#3880,#3881,#3882,#3883));
#665=EDGE_LOOP('',(#3884,#3885,#3886,#3887));
#666=EDGE_LOOP('',(#3888,#3889,#3890,#3891));
#667=EDGE_LOOP('',(#3892,#3893,#3894,#3895));
#668=EDGE_LOOP('',(#3896,#3897));
#669=EDGE_LOOP('',(#3898,#3899,#3900,#3901));
#670=EDGE_LOOP('',(#3902,#3903));
#671=EDGE_LOOP('',(#3904,#3905,#3906,#3907));
#672=EDGE_LOOP('',(#3908,#3909));
#673=EDGE_LOOP('',(#3910,#3911,#3912,#3913));
#674=EDGE_LOOP('',(#3914,#3915));
#675=EDGE_LOOP('',(#3916,#3917,#3918,#3919));
#676=EDGE_LOOP('',(#3920,#3921));
#677=EDGE_LOOP('',(#3922,#3923,#3924,#3925));
#678=EDGE_LOOP('',(#3926,#3927));
#679=EDGE_LOOP('',(#3928,#3929,#3930,#3931));
#680=EDGE_LOOP('',(#3932,#3933));
#681=EDGE_LOOP('',(#3934,#3935,#3936,#3937));
#682=EDGE_LOOP('',(#3938,#3939));
#683=EDGE_LOOP('',(#3940,#3941,#3942,#3943));
#684=EDGE_LOOP('',(#3944,#3945));
#685=EDGE_LOOP('',(#3946,#3947,#3948,#3949));
#686=EDGE_LOOP('',(#3950,#3951));
#687=EDGE_LOOP('',(#3952,#3953,#3954,#3955));
#688=EDGE_LOOP('',(#3956,#3957));
#689=EDGE_LOOP('',(#3958,#3959,#3960,#3961));
#690=EDGE_LOOP('',(#3962,#3963));
#691=EDGE_LOOP('',(#3964,#3965,#3966,#3967));
#692=EDGE_LOOP('',(#3968,#3969));
#693=EDGE_LOOP('',(#3970,#3971,#3972,#3973));
#694=EDGE_LOOP('',(#3974,#3975));
#695=EDGE_LOOP('',(#3976,#3977,#3978,#3979));
#696=EDGE_LOOP('',(#3980,#3981));
#697=EDGE_LOOP('',(#3982,#3983,#3984,#3985));
#698=EDGE_LOOP('',(#3986,#3987));
#699=EDGE_LOOP('',(#3988,#3989,#3990,#3991));
#700=EDGE_LOOP('',(#3992,#3993));
#701=EDGE_LOOP('',(#3994,#3995,#3996,#3997));
#702=EDGE_LOOP('',(#3998,#3999));
#703=EDGE_LOOP('',(#4000,#4001,#4002,#4003));
#704=EDGE_LOOP('',(#4004,#4005));
#705=EDGE_LOOP('',(#4006,#4007,#4008,#4009));
#706=EDGE_LOOP('',(#4010,#4011));
#707=EDGE_LOOP('',(#4012));
#708=EDGE_LOOP('',(#4013));
#709=EDGE_LOOP('',(#4014));
#710=EDGE_LOOP('',(#4015));
#711=EDGE_LOOP('',(#4016));
#712=EDGE_LOOP('',(#4017));
#713=EDGE_LOOP('',(#4018));
#714=EDGE_LOOP('',(#4019));
#715=EDGE_LOOP('',(#4020));
#716=EDGE_LOOP('',(#4021));
#717=EDGE_LOOP('',(#4022));
#718=EDGE_LOOP('',(#4023));
#719=EDGE_LOOP('',(#4024));
#720=EDGE_LOOP('',(#4025));
#721=EDGE_LOOP('',(#4026));
#722=EDGE_LOOP('',(#4027,#4028,#4029,#4030,#4031,#4032,#4033,#4034,#4035,
#4036));
#723=EDGE_LOOP('',(#4037,#4038,#4039,#4040,#4041,#4042,#4043,#4044,#4045,
#4046));
#724=EDGE_LOOP('',(#4047,#4048,#4049,#4050,#4051,#4052,#4053,#4054,#4055,
#4056));
#725=EDGE_LOOP('',(#4057,#4058,#4059,#4060,#4061,#4062,#4063,#4064,#4065,
#4066));
#726=EDGE_LOOP('',(#4067,#4068,#4069,#4070,#4071,#4072,#4073,#4074,#4075,
#4076));
#727=EDGE_LOOP('',(#4077,#4078,#4079,#4080,#4081,#4082,#4083,#4084,#4085,
#4086));
#728=EDGE_LOOP('',(#4087,#4088,#4089,#4090,#4091,#4092,#4093,#4094,#4095,
#4096));
#729=EDGE_LOOP('',(#4097,#4098,#4099,#4100,#4101,#4102,#4103,#4104,#4105,
#4106));
#730=EDGE_LOOP('',(#4107,#4108,#4109,#4110,#4111,#4112,#4113,#4114,#4115,
#4116));
#731=EDGE_LOOP('',(#4117,#4118,#4119,#4120,#4121,#4122,#4123,#4124,#4125,
#4126));
#732=EDGE_LOOP('',(#4127,#4128,#4129,#4130,#4131,#4132,#4133,#4134,#4135,
#4136));
#733=EDGE_LOOP('',(#4137,#4138,#4139,#4140,#4141,#4142,#4143,#4144,#4145,
#4146));
#734=EDGE_LOOP('',(#4147,#4148,#4149,#4150,#4151,#4152,#4153,#4154,#4155,
#4156));
#735=EDGE_LOOP('',(#4157,#4158,#4159,#4160,#4161,#4162,#4163,#4164,#4165,
#4166));
#736=EDGE_LOOP('',(#4167,#4168,#4169,#4170,#4171,#4172,#4173,#4174,#4175,
#4176));
#737=EDGE_LOOP('',(#4177,#4178,#4179,#4180,#4181,#4182,#4183,#4184,#4185,
#4186));
#738=EDGE_LOOP('',(#4187,#4188,#4189,#4190,#4191,#4192,#4193,#4194,#4195,
#4196));
#739=EDGE_LOOP('',(#4197,#4198,#4199,#4200,#4201,#4202,#4203,#4204,#4205,
#4206));
#740=EDGE_LOOP('',(#4207,#4208,#4209,#4210,#4211,#4212,#4213,#4214,#4215,
#4216));
#741=EDGE_LOOP('',(#4217,#4218,#4219,#4220,#4221,#4222,#4223,#4224,#4225,
#4226));
#742=EDGE_LOOP('',(#4227));
#743=EDGE_LOOP('',(#4228,#4229,#4230,#4231));
#744=EDGE_LOOP('',(#4232,#4233,#4234,#4235));
#745=EDGE_LOOP('',(#4236,#4237,#4238,#4239));
#746=EDGE_LOOP('',(#4240,#4241,#4242,#4243));
#747=EDGE_LOOP('',(#4244,#4245,#4246,#4247,#4248,#4249,#4250,#4251));
#748=EDGE_LOOP('',(#4252,#4253,#4254,#4255));
#749=EDGE_LOOP('',(#4256,#4257,#4258,#4259));
#750=EDGE_LOOP('',(#4260,#4261,#4262,#4263));
#751=EDGE_LOOP('',(#4264,#4265,#4266,#4267,#4268,#4269,#4270,#4271));
#752=EDGE_LOOP('',(#4272));
#753=EDGE_LOOP('',(#4273,#4274,#4275,#4276,#4277,#4278,#4279,#4280));
#754=EDGE_LOOP('',(#4281,#4282,#4283,#4284));
#755=EDGE_LOOP('',(#4285,#4286,#4287,#4288));
#756=EDGE_LOOP('',(#4289,#4290,#4291,#4292));
#757=EDGE_LOOP('',(#4293,#4294,#4295,#4296));
#758=EDGE_LOOP('',(#4297,#4298,#4299,#4300));
#759=EDGE_LOOP('',(#4301,#4302,#4303,#4304));
#760=EDGE_LOOP('',(#4305,#4306,#4307,#4308));
#761=EDGE_LOOP('',(#4309,#4310,#4311,#4312,#4313,#4314,#4315,#4316));
#762=EDGE_LOOP('',(#4317));
#763=EDGE_LOOP('',(#4318,#4319,#4320,#4321));
#764=EDGE_LOOP('',(#4322,#4323,#4324,#4325));
#765=EDGE_LOOP('',(#4326,#4327,#4328,#4329,#4330,#4331,#4332,#4333));
#766=EDGE_LOOP('',(#4334,#4335,#4336,#4337));
#767=EDGE_LOOP('',(#4338,#4339,#4340,#4341));
#768=EDGE_LOOP('',(#4342,#4343,#4344,#4345));
#769=EDGE_LOOP('',(#4346,#4347,#4348,#4349));
#770=EDGE_LOOP('',(#4350,#4351,#4352,#4353));
#771=EDGE_LOOP('',(#4354,#4355,#4356,#4357,#4358,#4359,#4360,#4361));
#772=EDGE_LOOP('',(#4362));
#773=EDGE_LOOP('',(#4363,#4364,#4365,#4366));
#774=EDGE_LOOP('',(#4367,#4368,#4369,#4370));
#775=EDGE_LOOP('',(#4371,#4372,#4373,#4374));
#776=EDGE_LOOP('',(#4375,#4376,#4377,#4378));
#777=EDGE_LOOP('',(#4379,#4380,#4381,#4382,#4383,#4384,#4385,#4386));
#778=EDGE_LOOP('',(#4387,#4388,#4389,#4390));
#779=EDGE_LOOP('',(#4391,#4392,#4393,#4394));
#780=EDGE_LOOP('',(#4395,#4396,#4397,#4398));
#781=EDGE_LOOP('',(#4399,#4400,#4401,#4402,#4403,#4404,#4405,#4406));
#782=EDGE_LOOP('',(#4407));
#783=EDGE_LOOP('',(#4408,#4409,#4410,#4411));
#784=EDGE_LOOP('',(#4412,#4413,#4414,#4415));
#785=EDGE_LOOP('',(#4416,#4417,#4418,#4419));
#786=EDGE_LOOP('',(#4420,#4421,#4422,#4423));
#787=EDGE_LOOP('',(#4424,#4425,#4426,#4427,#4428,#4429,#4430,#4431));
#788=EDGE_LOOP('',(#4432,#4433,#4434,#4435));
#789=EDGE_LOOP('',(#4436,#4437,#4438,#4439));
#790=EDGE_LOOP('',(#4440,#4441,#4442,#4443));
#791=EDGE_LOOP('',(#4444,#4445,#4446,#4447,#4448,#4449,#4450,#4451));
#792=EDGE_LOOP('',(#4452));
#793=EDGE_LOOP('',(#4453,#4454,#4455,#4456));
#794=EDGE_LOOP('',(#4457,#4458,#4459,#4460));
#795=EDGE_LOOP('',(#4461,#4462,#4463,#4464));
#796=EDGE_LOOP('',(#4465,#4466,#4467,#4468,#4469,#4470,#4471,#4472));
#797=EDGE_LOOP('',(#4473,#4474,#4475,#4476));
#798=EDGE_LOOP('',(#4477,#4478,#4479,#4480));
#799=EDGE_LOOP('',(#4481,#4482,#4483,#4484));
#800=EDGE_LOOP('',(#4485,#4486,#4487,#4488));
#801=EDGE_LOOP('',(#4489,#4490,#4491,#4492,#4493,#4494,#4495,#4496));
#802=EDGE_LOOP('',(#4497));
#803=EDGE_LOOP('',(#4498,#4499,#4500,#4501,#4502,#4503,#4504,#4505));
#804=EDGE_LOOP('',(#4506,#4507,#4508,#4509));
#805=EDGE_LOOP('',(#4510,#4511,#4512,#4513));
#806=EDGE_LOOP('',(#4514,#4515,#4516,#4517));
#807=EDGE_LOOP('',(#4518,#4519,#4520,#4521));
#808=EDGE_LOOP('',(#4522,#4523,#4524,#4525));
#809=EDGE_LOOP('',(#4526,#4527,#4528,#4529));
#810=EDGE_LOOP('',(#4530,#4531,#4532,#4533));
#811=EDGE_LOOP('',(#4534,#4535,#4536,#4537,#4538,#4539,#4540,#4541));
#812=EDGE_LOOP('',(#4542));
#813=EDGE_LOOP('',(#4543,#4544,#4545,#4546));
#814=EDGE_LOOP('',(#4547,#4548,#4549,#4550));
#815=EDGE_LOOP('',(#4551,#4552,#4553,#4554,#4555,#4556,#4557,#4558));
#816=EDGE_LOOP('',(#4559,#4560,#4561,#4562));
#817=EDGE_LOOP('',(#4563,#4564,#4565,#4566));
#818=EDGE_LOOP('',(#4567,#4568,#4569,#4570));
#819=EDGE_LOOP('',(#4571,#4572,#4573,#4574));
#820=EDGE_LOOP('',(#4575,#4576,#4577,#4578));
#821=EDGE_LOOP('',(#4579,#4580,#4581,#4582,#4583,#4584,#4585,#4586));
#822=EDGE_LOOP('',(#4587));
#823=EDGE_LOOP('',(#4588,#4589,#4590,#4591));
#824=EDGE_LOOP('',(#4592,#4593,#4594,#4595));
#825=EDGE_LOOP('',(#4596,#4597,#4598,#4599,#4600,#4601,#4602,#4603));
#826=EDGE_LOOP('',(#4604,#4605,#4606,#4607));
#827=EDGE_LOOP('',(#4608,#4609,#4610,#4611));
#828=EDGE_LOOP('',(#4612,#4613,#4614,#4615));
#829=EDGE_LOOP('',(#4616,#4617,#4618,#4619));
#830=EDGE_LOOP('',(#4620,#4621,#4622,#4623));
#831=EDGE_LOOP('',(#4624,#4625,#4626,#4627,#4628,#4629,#4630,#4631));
#832=EDGE_LOOP('',(#4632));
#833=EDGE_LOOP('',(#4633,#4634,#4635,#4636,#4637,#4638,#4639,#4640));
#834=EDGE_LOOP('',(#4641,#4642,#4643,#4644));
#835=EDGE_LOOP('',(#4645,#4646,#4647,#4648));
#836=EDGE_LOOP('',(#4649,#4650,#4651,#4652));
#837=EDGE_LOOP('',(#4653,#4654,#4655,#4656));
#838=EDGE_LOOP('',(#4657,#4658,#4659,#4660));
#839=EDGE_LOOP('',(#4661,#4662,#4663,#4664));
#840=EDGE_LOOP('',(#4665,#4666,#4667,#4668));
#841=EDGE_LOOP('',(#4669,#4670,#4671,#4672,#4673,#4674,#4675,#4676));
#842=EDGE_LOOP('',(#4677));
#843=EDGE_LOOP('',(#4678,#4679,#4680,#4681,#4682,#4683,#4684,#4685));
#844=EDGE_LOOP('',(#4686,#4687,#4688,#4689));
#845=EDGE_LOOP('',(#4690,#4691,#4692,#4693));
#846=EDGE_LOOP('',(#4694,#4695,#4696,#4697));
#847=EDGE_LOOP('',(#4698,#4699,#4700,#4701));
#848=EDGE_LOOP('',(#4702,#4703,#4704,#4705));
#849=EDGE_LOOP('',(#4706,#4707,#4708,#4709));
#850=EDGE_LOOP('',(#4710,#4711,#4712,#4713));
#851=EDGE_LOOP('',(#4714,#4715,#4716,#4717,#4718,#4719,#4720,#4721));
#852=EDGE_LOOP('',(#4722));
#853=EDGE_LOOP('',(#4723,#4724,#4725,#4726));
#854=EDGE_LOOP('',(#4727,#4728,#4729,#4730,#4731,#4732,#4733,#4734));
#855=EDGE_LOOP('',(#4735,#4736,#4737,#4738));
#856=EDGE_LOOP('',(#4739,#4740,#4741,#4742));
#857=EDGE_LOOP('',(#4743,#4744,#4745,#4746));
#858=EDGE_LOOP('',(#4747,#4748,#4749,#4750));
#859=EDGE_LOOP('',(#4751,#4752,#4753,#4754));
#860=EDGE_LOOP('',(#4755,#4756,#4757,#4758));
#861=EDGE_LOOP('',(#4759,#4760,#4761,#4762,#4763,#4764,#4765,#4766));
#862=EDGE_LOOP('',(#4767));
#863=EDGE_LOOP('',(#4768,#4769,#4770,#4771));
#864=EDGE_LOOP('',(#4772,#4773,#4774,#4775));
#865=EDGE_LOOP('',(#4776,#4777,#4778,#4779,#4780,#4781,#4782,#4783));
#866=EDGE_LOOP('',(#4784,#4785,#4786,#4787));
#867=EDGE_LOOP('',(#4788,#4789,#4790,#4791));
#868=EDGE_LOOP('',(#4792,#4793,#4794,#4795));
#869=EDGE_LOOP('',(#4796,#4797,#4798,#4799));
#870=EDGE_LOOP('',(#4800,#4801,#4802,#4803));
#871=EDGE_LOOP('',(#4804,#4805,#4806,#4807,#4808,#4809,#4810,#4811));
#872=EDGE_LOOP('',(#4812));
#873=EDGE_LOOP('',(#4813,#4814,#4815,#4816));
#874=EDGE_LOOP('',(#4817,#4818,#4819,#4820));
#875=EDGE_LOOP('',(#4821,#4822,#4823,#4824));
#876=EDGE_LOOP('',(#4825,#4826,#4827,#4828));
#877=EDGE_LOOP('',(#4829,#4830,#4831,#4832));
#878=EDGE_LOOP('',(#4833,#4834,#4835,#4836));
#879=EDGE_LOOP('',(#4837,#4838,#4839,#4840,#4841,#4842,#4843,#4844));
#880=EDGE_LOOP('',(#4845,#4846,#4847,#4848));
#881=EDGE_LOOP('',(#4849,#4850,#4851,#4852,#4853,#4854,#4855,#4856));
#882=EDGE_LOOP('',(#4857));
#883=EDGE_LOOP('',(#4858,#4859,#4860,#4861));
#884=EDGE_LOOP('',(#4862,#4863,#4864,#4865));
#885=EDGE_LOOP('',(#4866,#4867,#4868,#4869));
#886=EDGE_LOOP('',(#4870,#4871,#4872,#4873));
#887=EDGE_LOOP('',(#4874,#4875,#4876,#4877,#4878,#4879,#4880,#4881));
#888=EDGE_LOOP('',(#4882,#4883,#4884,#4885));
#889=EDGE_LOOP('',(#4886,#4887,#4888,#4889));
#890=EDGE_LOOP('',(#4890,#4891,#4892,#4893));
#891=EDGE_LOOP('',(#4894,#4895,#4896,#4897,#4898,#4899,#4900,#4901));
#892=EDGE_LOOP('',(#4902));
#893=EDGE_LOOP('',(#4903,#4904,#4905,#4906));
#894=EDGE_LOOP('',(#4907,#4908,#4909,#4910));
#895=EDGE_LOOP('',(#4911,#4912,#4913,#4914,#4915,#4916,#4917,#4918));
#896=EDGE_LOOP('',(#4919,#4920,#4921,#4922));
#897=EDGE_LOOP('',(#4923,#4924,#4925,#4926));
#898=EDGE_LOOP('',(#4927,#4928,#4929,#4930));
#899=EDGE_LOOP('',(#4931,#4932,#4933,#4934));
#900=EDGE_LOOP('',(#4935,#4936,#4937,#4938));
#901=EDGE_LOOP('',(#4939,#4940,#4941,#4942,#4943,#4944,#4945,#4946));
#902=EDGE_LOOP('',(#4947));
#903=EDGE_LOOP('',(#4948,#4949,#4950,#4951));
#904=EDGE_LOOP('',(#4952,#4953,#4954,#4955));
#905=EDGE_LOOP('',(#4956,#4957,#4958,#4959));
#906=EDGE_LOOP('',(#4960,#4961,#4962,#4963));
#907=EDGE_LOOP('',(#4964,#4965,#4966,#4967,#4968,#4969,#4970,#4971));
#908=EDGE_LOOP('',(#4972,#4973,#4974,#4975));
#909=EDGE_LOOP('',(#4976,#4977,#4978,#4979));
#910=EDGE_LOOP('',(#4980,#4981,#4982,#4983));
#911=EDGE_LOOP('',(#4984,#4985,#4986,#4987,#4988,#4989,#4990,#4991));
#912=EDGE_LOOP('',(#4992));
#913=EDGE_LOOP('',(#4993,#4994,#4995,#4996));
#914=EDGE_LOOP('',(#4997,#4998,#4999,#5000,#5001,#5002,#5003,#5004));
#915=EDGE_LOOP('',(#5005,#5006,#5007,#5008));
#916=EDGE_LOOP('',(#5009,#5010,#5011,#5012));
#917=EDGE_LOOP('',(#5013,#5014,#5015,#5016));
#918=EDGE_LOOP('',(#5017,#5018,#5019,#5020));
#919=EDGE_LOOP('',(#5021,#5022,#5023,#5024));
#920=EDGE_LOOP('',(#5025,#5026,#5027,#5028));
#921=EDGE_LOOP('',(#5029,#5030,#5031,#5032,#5033,#5034,#5035,#5036));
#922=EDGE_LOOP('',(#5037));
#923=EDGE_LOOP('',(#5038,#5039,#5040,#5041));
#924=EDGE_LOOP('',(#5042,#5043,#5044,#5045));
#925=EDGE_LOOP('',(#5046,#5047,#5048,#5049,#5050,#5051,#5052,#5053));
#926=EDGE_LOOP('',(#5054,#5055,#5056,#5057));
#927=EDGE_LOOP('',(#5058,#5059,#5060,#5061));
#928=EDGE_LOOP('',(#5062,#5063,#5064,#5065));
#929=EDGE_LOOP('',(#5066,#5067,#5068,#5069));
#930=EDGE_LOOP('',(#5070,#5071,#5072,#5073));
#931=EDGE_LOOP('',(#5074,#5075,#5076,#5077,#5078,#5079,#5080,#5081));
#932=EDGE_LOOP('',(#5082));
#933=EDGE_LOOP('',(#5083,#5084,#5085,#5086,#5087,#5088,#5089,#5090));
#934=EDGE_LOOP('',(#5091,#5092,#5093,#5094));
#935=EDGE_LOOP('',(#5095,#5096,#5097,#5098));
#936=EDGE_LOOP('',(#5099,#5100,#5101,#5102));
#937=EDGE_LOOP('',(#5103,#5104,#5105,#5106));
#938=EDGE_LOOP('',(#5107,#5108,#5109,#5110));
#939=EDGE_LOOP('',(#5111,#5112,#5113,#5114));
#940=EDGE_LOOP('',(#5115,#5116,#5117,#5118));
#941=EDGE_LOOP('',(#5119,#5120,#5121,#5122,#5123,#5124,#5125,#5126));
#942=EDGE_LOOP('',(#5127));
#943=EDGE_LOOP('',(#5128,#5129,#5130,#5131));
#944=EDGE_LOOP('',(#5132,#5133,#5134,#5135));
#945=EDGE_LOOP('',(#5136,#5137,#5138,#5139,#5140,#5141,#5142,#5143,#5144,
#5145,#5146,#5147,#5148,#5149,#5150,#5151,#5152,#5153,#5154,#5155,#5156,
#5157));
#946=EDGE_LOOP('',(#5158));
#947=EDGE_LOOP('',(#5159));
#948=EDGE_LOOP('',(#5160));
#949=EDGE_LOOP('',(#5161));
#950=EDGE_LOOP('',(#5162));
#951=EDGE_LOOP('',(#5163));
#952=EDGE_LOOP('',(#5164));
#953=EDGE_LOOP('',(#5165));
#954=EDGE_LOOP('',(#5166));
#955=LINE('',#7983,#1443);
#956=LINE('',#7986,#1444);
#957=LINE('',#7989,#1445);
#958=LINE('',#7993,#1446);
#959=LINE('',#7997,#1447);
#960=LINE('',#8001,#1448);
#961=LINE('',#8005,#1449);
#962=LINE('',#8009,#1450);
#963=LINE('',#8013,#1451);
#964=LINE('',#8017,#1452);
#965=LINE('',#8021,#1453);
#966=LINE('',#8025,#1454);
#967=LINE('',#8028,#1455);
#968=LINE('',#8089,#1456);
#969=LINE('',#8090,#1457);
#970=LINE('',#8094,#1458);
#971=LINE('',#8099,#1459);
#972=LINE('',#8100,#1460);
#973=LINE('',#8103,#1461);
#974=LINE('',#8104,#1462);
#975=LINE('',#8108,#1463);
#976=LINE('',#8111,#1464);
#977=LINE('',#8112,#1465);
#978=LINE('',#8116,#1466);
#979=LINE('',#8119,#1467);
#980=LINE('',#8120,#1468);
#981=LINE('',#8124,#1469);
#982=LINE('',#8129,#1470);
#983=LINE('',#8130,#1471);
#984=LINE('',#8133,#1472);
#985=LINE('',#8134,#1473);
#986=LINE('',#8138,#1474);
#987=LINE('',#8141,#1475);
#988=LINE('',#8142,#1476);
#989=LINE('',#8146,#1477);
#990=LINE('',#8149,#1478);
#991=LINE('',#8150,#1479);
#992=LINE('',#8154,#1480);
#993=LINE('',#8156,#1481);
#994=LINE('',#8159,#1482);
#995=LINE('',#8160,#1483);
#996=LINE('',#8162,#1484);
#997=LINE('',#8165,#1485);
#998=LINE('',#8166,#1486);
#999=LINE('',#8172,#1487);
#1000=LINE('',#8176,#1488);
#1001=LINE('',#8180,#1489);
#1002=LINE('',#8184,#1490);
#1003=LINE('',#8188,#1491);
#1004=LINE('',#8192,#1492);
#1005=LINE('',#8196,#1493);
#1006=LINE('',#8200,#1494);
#1007=LINE('',#8205,#1495);
#1008=LINE('',#8212,#1496);
#1009=LINE('',#8219,#1497);
#1010=LINE('',#8226,#1498);
#1011=LINE('',#8233,#1499);
#1012=LINE('',#8240,#1500);
#1013=LINE('',#8247,#1501);
#1014=LINE('',#8254,#1502);
#1015=LINE('',#8261,#1503);
#1016=LINE('',#8268,#1504);
#1017=LINE('',#8275,#1505);
#1018=LINE('',#8282,#1506);
#1019=LINE('',#8289,#1507);
#1020=LINE('',#8296,#1508);
#1021=LINE('',#8302,#1509);
#1022=LINE('',#8306,#1510);
#1023=LINE('',#8310,#1511);
#1024=LINE('',#8314,#1512);
#1025=LINE('',#8318,#1513);
#1026=LINE('',#8322,#1514);
#1027=LINE('',#8326,#1515);
#1028=LINE('',#8330,#1516);
#1029=LINE('',#8334,#1517);
#1030=LINE('',#8338,#1518);
#1031=LINE('',#8342,#1519);
#1032=LINE('',#8346,#1520);
#1033=LINE('',#8350,#1521);
#1034=LINE('',#8354,#1522);
#1035=LINE('',#8358,#1523);
#1036=LINE('',#8362,#1524);
#1037=LINE('',#8366,#1525);
#1038=LINE('',#8370,#1526);
#1039=LINE('',#8374,#1527);
#1040=LINE('',#8378,#1528);
#1041=LINE('',#8382,#1529);
#1042=LINE('',#8386,#1530);
#1043=LINE('',#8389,#1531);
#1044=LINE('',#8393,#1532);
#1045=LINE('',#8397,#1533);
#1046=LINE('',#8400,#1534);
#1047=LINE('',#8404,#1535);
#1048=LINE('',#8408,#1536);
#1049=LINE('',#8411,#1537);
#1050=LINE('',#8415,#1538);
#1051=LINE('',#8419,#1539);
#1052=LINE('',#8422,#1540);
#1053=LINE('',#8426,#1541);
#1054=LINE('',#8430,#1542);
#1055=LINE('',#8433,#1543);
#1056=LINE('',#8437,#1544);
#1057=LINE('',#8441,#1545);
#1058=LINE('',#8444,#1546);
#1059=LINE('',#8448,#1547);
#1060=LINE('',#8452,#1548);
#1061=LINE('',#8455,#1549);
#1062=LINE('',#8459,#1550);
#1063=LINE('',#8463,#1551);
#1064=LINE('',#8466,#1552);
#1065=LINE('',#8470,#1553);
#1066=LINE('',#8474,#1554);
#1067=LINE('',#8477,#1555);
#1068=LINE('',#8481,#1556);
#1069=LINE('',#8485,#1557);
#1070=LINE('',#8488,#1558);
#1071=LINE('',#8492,#1559);
#1072=LINE('',#8496,#1560);
#1073=LINE('',#8499,#1561);
#1074=LINE('',#8503,#1562);
#1075=LINE('',#8507,#1563);
#1076=LINE('',#8510,#1564);
#1077=LINE('',#8514,#1565);
#1078=LINE('',#8518,#1566);
#1079=LINE('',#8521,#1567);
#1080=LINE('',#8525,#1568);
#1081=LINE('',#8529,#1569);
#1082=LINE('',#8532,#1570);
#1083=LINE('',#8536,#1571);
#1084=LINE('',#8540,#1572);
#1085=LINE('',#8543,#1573);
#1086=LINE('',#8547,#1574);
#1087=LINE('',#8551,#1575);
#1088=LINE('',#8554,#1576);
#1089=LINE('',#8558,#1577);
#1090=LINE('',#8562,#1578);
#1091=LINE('',#8565,#1579);
#1092=LINE('',#8569,#1580);
#1093=LINE('',#8573,#1581);
#1094=LINE('',#8576,#1582);
#1095=LINE('',#8580,#1583);
#1096=LINE('',#8584,#1584);
#1097=LINE('',#8587,#1585);
#1098=LINE('',#8591,#1586);
#1099=LINE('',#8595,#1587);
#1100=LINE('',#8598,#1588);
#1101=LINE('',#8603,#1589);
#1102=LINE('',#8607,#1590);
#1103=LINE('',#8611,#1591);
#1104=LINE('',#8615,#1592);
#1105=LINE('',#8618,#1593);
#1106=LINE('',#8620,#1594);
#1107=LINE('',#8624,#1595);
#1108=LINE('',#8628,#1596);
#1109=LINE('',#8632,#1597);
#1110=LINE('',#8635,#1598);
#1111=LINE('',#8637,#1599);
#1112=LINE('',#8641,#1600);
#1113=LINE('',#8645,#1601);
#1114=LINE('',#8649,#1602);
#1115=LINE('',#8652,#1603);
#1116=LINE('',#8654,#1604);
#1117=LINE('',#8658,#1605);
#1118=LINE('',#8662,#1606);
#1119=LINE('',#8666,#1607);
#1120=LINE('',#8669,#1608);
#1121=LINE('',#8671,#1609);
#1122=LINE('',#8675,#1610);
#1123=LINE('',#8679,#1611);
#1124=LINE('',#8683,#1612);
#1125=LINE('',#8686,#1613);
#1126=LINE('',#8688,#1614);
#1127=LINE('',#8692,#1615);
#1128=LINE('',#8696,#1616);
#1129=LINE('',#8700,#1617);
#1130=LINE('',#8703,#1618);
#1131=LINE('',#8705,#1619);
#1132=LINE('',#8709,#1620);
#1133=LINE('',#8713,#1621);
#1134=LINE('',#8717,#1622);
#1135=LINE('',#8720,#1623);
#1136=LINE('',#8722,#1624);
#1137=LINE('',#8726,#1625);
#1138=LINE('',#8730,#1626);
#1139=LINE('',#8734,#1627);
#1140=LINE('',#8737,#1628);
#1141=LINE('',#8739,#1629);
#1142=LINE('',#8743,#1630);
#1143=LINE('',#8747,#1631);
#1144=LINE('',#8751,#1632);
#1145=LINE('',#8754,#1633);
#1146=LINE('',#8756,#1634);
#1147=LINE('',#8760,#1635);
#1148=LINE('',#8764,#1636);
#1149=LINE('',#8768,#1637);
#1150=LINE('',#8771,#1638);
#1151=LINE('',#8773,#1639);
#1152=LINE('',#8777,#1640);
#1153=LINE('',#8781,#1641);
#1154=LINE('',#8785,#1642);
#1155=LINE('',#8788,#1643);
#1156=LINE('',#8790,#1644);
#1157=LINE('',#8794,#1645);
#1158=LINE('',#8798,#1646);
#1159=LINE('',#8802,#1647);
#1160=LINE('',#8805,#1648);
#1161=LINE('',#8807,#1649);
#1162=LINE('',#8811,#1650);
#1163=LINE('',#8815,#1651);
#1164=LINE('',#8819,#1652);
#1165=LINE('',#8822,#1653);
#1166=LINE('',#8824,#1654);
#1167=LINE('',#8828,#1655);
#1168=LINE('',#8832,#1656);
#1169=LINE('',#8836,#1657);
#1170=LINE('',#8839,#1658);
#1171=LINE('',#8841,#1659);
#1172=LINE('',#8845,#1660);
#1173=LINE('',#8849,#1661);
#1174=LINE('',#8853,#1662);
#1175=LINE('',#8856,#1663);
#1176=LINE('',#8858,#1664);
#1177=LINE('',#8862,#1665);
#1178=LINE('',#8866,#1666);
#1179=LINE('',#8870,#1667);
#1180=LINE('',#8873,#1668);
#1181=LINE('',#8875,#1669);
#1182=LINE('',#8879,#1670);
#1183=LINE('',#8883,#1671);
#1184=LINE('',#8887,#1672);
#1185=LINE('',#8890,#1673);
#1186=LINE('',#8892,#1674);
#1187=LINE('',#8896,#1675);
#1188=LINE('',#8900,#1676);
#1189=LINE('',#8904,#1677);
#1190=LINE('',#8907,#1678);
#1191=LINE('',#8909,#1679);
#1192=LINE('',#8913,#1680);
#1193=LINE('',#8917,#1681);
#1194=LINE('',#8921,#1682);
#1195=LINE('',#8924,#1683);
#1196=LINE('',#8926,#1684);
#1197=LINE('',#8930,#1685);
#1198=LINE('',#8934,#1686);
#1199=LINE('',#8938,#1687);
#1200=LINE('',#8941,#1688);
#1201=LINE('',#8946,#1689);
#1202=LINE('',#8948,#1690);
#1203=LINE('',#8949,#1691);
#1204=LINE('',#8952,#1692);
#1205=LINE('',#8956,#1693);
#1206=LINE('',#8957,#1694);
#1207=LINE('',#8960,#1695);
#1208=LINE('',#8964,#1696);
#1209=LINE('',#8965,#1697);
#1210=LINE('',#8968,#1698);
#1211=LINE('',#8972,#1699);
#1212=LINE('',#8973,#1700);
#1213=LINE('',#8979,#1701);
#1214=LINE('',#8981,#1702);
#1215=LINE('',#8982,#1703);
#1216=LINE('',#8985,#1704);
#1217=LINE('',#8989,#1705);
#1218=LINE('',#8990,#1706);
#1219=LINE('',#8993,#1707);
#1220=LINE('',#8997,#1708);
#1221=LINE('',#8998,#1709);
#1222=LINE('',#9001,#1710);
#1223=LINE('',#9005,#1711);
#1224=LINE('',#9006,#1712);
#1225=LINE('',#9012,#1713);
#1226=LINE('',#9014,#1714);
#1227=LINE('',#9015,#1715);
#1228=LINE('',#9018,#1716);
#1229=LINE('',#9022,#1717);
#1230=LINE('',#9023,#1718);
#1231=LINE('',#9026,#1719);
#1232=LINE('',#9030,#1720);
#1233=LINE('',#9031,#1721);
#1234=LINE('',#9034,#1722);
#1235=LINE('',#9038,#1723);
#1236=LINE('',#9039,#1724);
#1237=LINE('',#9045,#1725);
#1238=LINE('',#9047,#1726);
#1239=LINE('',#9048,#1727);
#1240=LINE('',#9051,#1728);
#1241=LINE('',#9055,#1729);
#1242=LINE('',#9056,#1730);
#1243=LINE('',#9059,#1731);
#1244=LINE('',#9063,#1732);
#1245=LINE('',#9064,#1733);
#1246=LINE('',#9067,#1734);
#1247=LINE('',#9071,#1735);
#1248=LINE('',#9072,#1736);
#1249=LINE('',#9078,#1737);
#1250=LINE('',#9080,#1738);
#1251=LINE('',#9081,#1739);
#1252=LINE('',#9084,#1740);
#1253=LINE('',#9088,#1741);
#1254=LINE('',#9089,#1742);
#1255=LINE('',#9092,#1743);
#1256=LINE('',#9096,#1744);
#1257=LINE('',#9097,#1745);
#1258=LINE('',#9100,#1746);
#1259=LINE('',#9104,#1747);
#1260=LINE('',#9105,#1748);
#1261=LINE('',#9111,#1749);
#1262=LINE('',#9114,#1750);
#1263=LINE('',#9117,#1751);
#1264=LINE('',#9118,#1752);
#1265=LINE('',#9121,#1753);
#1266=LINE('',#9125,#1754);
#1267=LINE('',#9126,#1755);
#1268=LINE('',#9129,#1756);
#1269=LINE('',#9133,#1757);
#1270=LINE('',#9134,#1758);
#1271=LINE('',#9137,#1759);
#1272=LINE('',#9140,#1760);
#1273=LINE('',#9144,#1761);
#1274=LINE('',#9146,#1762);
#1275=LINE('',#9147,#1763);
#1276=LINE('',#9150,#1764);
#1277=LINE('',#9154,#1765);
#1278=LINE('',#9155,#1766);
#1279=LINE('',#9158,#1767);
#1280=LINE('',#9162,#1768);
#1281=LINE('',#9163,#1769);
#1282=LINE('',#9166,#1770);
#1283=LINE('',#9170,#1771);
#1284=LINE('',#9171,#1772);
#1285=LINE('',#9177,#1773);
#1286=LINE('',#9179,#1774);
#1287=LINE('',#9180,#1775);
#1288=LINE('',#9183,#1776);
#1289=LINE('',#9187,#1777);
#1290=LINE('',#9188,#1778);
#1291=LINE('',#9191,#1779);
#1292=LINE('',#9195,#1780);
#1293=LINE('',#9196,#1781);
#1294=LINE('',#9199,#1782);
#1295=LINE('',#9203,#1783);
#1296=LINE('',#9204,#1784);
#1297=LINE('',#9210,#1785);
#1298=LINE('',#9212,#1786);
#1299=LINE('',#9213,#1787);
#1300=LINE('',#9216,#1788);
#1301=LINE('',#9220,#1789);
#1302=LINE('',#9221,#1790);
#1303=LINE('',#9224,#1791);
#1304=LINE('',#9228,#1792);
#1305=LINE('',#9229,#1793);
#1306=LINE('',#9232,#1794);
#1307=LINE('',#9236,#1795);
#1308=LINE('',#9237,#1796);
#1309=LINE('',#9243,#1797);
#1310=LINE('',#9245,#1798);
#1311=LINE('',#9246,#1799);
#1312=LINE('',#9249,#1800);
#1313=LINE('',#9253,#1801);
#1314=LINE('',#9254,#1802);
#1315=LINE('',#9257,#1803);
#1316=LINE('',#9261,#1804);
#1317=LINE('',#9262,#1805);
#1318=LINE('',#9265,#1806);
#1319=LINE('',#9269,#1807);
#1320=LINE('',#9270,#1808);
#1321=LINE('',#9276,#1809);
#1322=LINE('',#9278,#1810);
#1323=LINE('',#9279,#1811);
#1324=LINE('',#9282,#1812);
#1325=LINE('',#9286,#1813);
#1326=LINE('',#9287,#1814);
#1327=LINE('',#9290,#1815);
#1328=LINE('',#9294,#1816);
#1329=LINE('',#9295,#1817);
#1330=LINE('',#9298,#1818);
#1331=LINE('',#9302,#1819);
#1332=LINE('',#9303,#1820);
#1333=LINE('',#9309,#1821);
#1334=LINE('',#9312,#1822);
#1335=LINE('',#9315,#1823);
#1336=LINE('',#9316,#1824);
#1337=LINE('',#9319,#1825);
#1338=LINE('',#9323,#1826);
#1339=LINE('',#9324,#1827);
#1340=LINE('',#9327,#1828);
#1341=LINE('',#9331,#1829);
#1342=LINE('',#9332,#1830);
#1343=LINE('',#9335,#1831);
#1344=LINE('',#9338,#1832);
#1345=LINE('',#9342,#1833);
#1346=LINE('',#9344,#1834);
#1347=LINE('',#9345,#1835);
#1348=LINE('',#9348,#1836);
#1349=LINE('',#9352,#1837);
#1350=LINE('',#9353,#1838);
#1351=LINE('',#9356,#1839);
#1352=LINE('',#9360,#1840);
#1353=LINE('',#9361,#1841);
#1354=LINE('',#9364,#1842);
#1355=LINE('',#9368,#1843);
#1356=LINE('',#9369,#1844);
#1357=LINE('',#9375,#1845);
#1358=LINE('',#9377,#1846);
#1359=LINE('',#9378,#1847);
#1360=LINE('',#9381,#1848);
#1361=LINE('',#9385,#1849);
#1362=LINE('',#9386,#1850);
#1363=LINE('',#9389,#1851);
#1364=LINE('',#9393,#1852);
#1365=LINE('',#9394,#1853);
#1366=LINE('',#9397,#1854);
#1367=LINE('',#9401,#1855);
#1368=LINE('',#9402,#1856);
#1369=LINE('',#9408,#1857);
#1370=LINE('',#9410,#1858);
#1371=LINE('',#9411,#1859);
#1372=LINE('',#9414,#1860);
#1373=LINE('',#9418,#1861);
#1374=LINE('',#9419,#1862);
#1375=LINE('',#9422,#1863);
#1376=LINE('',#9426,#1864);
#1377=LINE('',#9427,#1865);
#1378=LINE('',#9430,#1866);
#1379=LINE('',#9434,#1867);
#1380=LINE('',#9435,#1868);
#1381=LINE('',#9441,#1869);
#1382=LINE('',#9443,#1870);
#1383=LINE('',#9444,#1871);
#1384=LINE('',#9447,#1872);
#1385=LINE('',#9451,#1873);
#1386=LINE('',#9452,#1874);
#1387=LINE('',#9455,#1875);
#1388=LINE('',#9459,#1876);
#1389=LINE('',#9460,#1877);
#1390=LINE('',#9463,#1878);
#1391=LINE('',#9467,#1879);
#1392=LINE('',#9468,#1880);
#1393=LINE('',#9474,#1881);
#1394=LINE('',#9476,#1882);
#1395=LINE('',#9477,#1883);
#1396=LINE('',#9480,#1884);
#1397=LINE('',#9484,#1885);
#1398=LINE('',#9485,#1886);
#1399=LINE('',#9488,#1887);
#1400=LINE('',#9492,#1888);
#1401=LINE('',#9493,#1889);
#1402=LINE('',#9496,#1890);
#1403=LINE('',#9500,#1891);
#1404=LINE('',#9501,#1892);
#1405=LINE('',#9507,#1893);
#1406=LINE('',#9510,#1894);
#1407=LINE('',#9513,#1895);
#1408=LINE('',#9514,#1896);
#1409=LINE('',#9517,#1897);
#1410=LINE('',#9521,#1898);
#1411=LINE('',#9522,#1899);
#1412=LINE('',#9525,#1900);
#1413=LINE('',#9529,#1901);
#1414=LINE('',#9530,#1902);
#1415=LINE('',#9533,#1903);
#1416=LINE('',#9536,#1904);
#1417=LINE('',#9540,#1905);
#1418=LINE('',#9542,#1906);
#1419=LINE('',#9543,#1907);
#1420=LINE('',#9546,#1908);
#1421=LINE('',#9550,#1909);
#1422=LINE('',#9551,#1910);
#1423=LINE('',#9554,#1911);
#1424=LINE('',#9558,#1912);
#1425=LINE('',#9559,#1913);
#1426=LINE('',#9562,#1914);
#1427=LINE('',#9566,#1915);
#1428=LINE('',#9567,#1916);
#1429=LINE('',#9573,#1917);
#1430=LINE('',#9575,#1918);
#1431=LINE('',#9576,#1919);
#1432=LINE('',#9579,#1920);
#1433=LINE('',#9583,#1921);
#1434=LINE('',#9584,#1922);
#1435=LINE('',#9587,#1923);
#1436=LINE('',#9591,#1924);
#1437=LINE('',#9592,#1925);
#1438=LINE('',#9595,#1926);
#1439=LINE('',#9599,#1927);
#1440=LINE('',#9600,#1928);
#1441=LINE('',#9606,#1929);
#1442=LINE('',#9609,#1930);
#1443=VECTOR('',#6267,10.);
#1444=VECTOR('',#6270,10.);
#1445=VECTOR('',#6273,10.);
#1446=VECTOR('',#6276,10.);
#1447=VECTOR('',#6279,10.);
#1448=VECTOR('',#6282,10.);
#1449=VECTOR('',#6285,10.);
#1450=VECTOR('',#6288,10.);
#1451=VECTOR('',#6291,10.);
#1452=VECTOR('',#6294,10.);
#1453=VECTOR('',#6297,10.);
#1454=VECTOR('',#6300,10.);
#1455=VECTOR('',#6303,10.);
#1456=VECTOR('',#6364,10.);
#1457=VECTOR('',#6365,10.);
#1458=VECTOR('',#6370,10.);
#1459=VECTOR('',#6375,10.);
#1460=VECTOR('',#6376,10.);
#1461=VECTOR('',#6379,10.);
#1462=VECTOR('',#6380,10.);
#1463=VECTOR('',#6385,10.);
#1464=VECTOR('',#6388,10.);
#1465=VECTOR('',#6389,10.);
#1466=VECTOR('',#6394,10.);
#1467=VECTOR('',#6397,10.);
#1468=VECTOR('',#6398,10.);
#1469=VECTOR('',#6403,10.);
#1470=VECTOR('',#6408,10.);
#1471=VECTOR('',#6409,10.);
#1472=VECTOR('',#6412,10.);
#1473=VECTOR('',#6413,10.);
#1474=VECTOR('',#6418,10.);
#1475=VECTOR('',#6421,10.);
#1476=VECTOR('',#6422,10.);
#1477=VECTOR('',#6427,10.);
#1478=VECTOR('',#6430,10.);
#1479=VECTOR('',#6431,10.);
#1480=VECTOR('',#6436,10.);
#1481=VECTOR('',#6439,10.);
#1482=VECTOR('',#6442,10.);
#1483=VECTOR('',#6443,10.);
#1484=VECTOR('',#6446,10.);
#1485=VECTOR('',#6449,10.);
#1486=VECTOR('',#6450,10.);
#1487=VECTOR('',#6459,2.15);
#1488=VECTOR('',#6464,2.15);
#1489=VECTOR('',#6469,2.15);
#1490=VECTOR('',#6474,2.15);
#1491=VECTOR('',#6479,2.15);
#1492=VECTOR('',#6484,2.15);
#1493=VECTOR('',#6489,2.15);
#1494=VECTOR('',#6494,2.15);
#1495=VECTOR('',#6499,2.1);
#1496=VECTOR('',#6508,2.1);
#1497=VECTOR('',#6517,2.1);
#1498=VECTOR('',#6526,2.1);
#1499=VECTOR('',#6535,2.1);
#1500=VECTOR('',#6544,2.1);
#1501=VECTOR('',#6553,2.1);
#1502=VECTOR('',#6562,2.1);
#1503=VECTOR('',#6571,2.1);
#1504=VECTOR('',#6580,2.1);
#1505=VECTOR('',#6589,2.1);
#1506=VECTOR('',#6598,2.1);
#1507=VECTOR('',#6607,2.1);
#1508=VECTOR('',#6616,2.1);
#1509=VECTOR('',#6625,2.00000000000001);
#1510=VECTOR('',#6630,2.00000000000006);
#1511=VECTOR('',#6635,2.00000000000007);
#1512=VECTOR('',#6640,2.00000000000014);
#1513=VECTOR('',#6645,2.);
#1514=VECTOR('',#6650,2.);
#1515=VECTOR('',#6655,2.00000000000035);
#1516=VECTOR('',#6660,2.00000000000072);
#1517=VECTOR('',#6665,2.0000000000001);
#1518=VECTOR('',#6670,2.);
#1519=VECTOR('',#6675,2.00000000000002);
#1520=VECTOR('',#6680,2.00000000000001);
#1521=VECTOR('',#6685,2.00000000000001);
#1522=VECTOR('',#6690,2.00000000000055);
#1523=VECTOR('',#6695,2.00000000000002);
#1524=VECTOR('',#6700,2.);
#1525=VECTOR('',#6705,2.00000000000002);
#1526=VECTOR('',#6710,2.);
#1527=VECTOR('',#6715,2.);
#1528=VECTOR('',#6720,2.00000000000001);
#1529=VECTOR('',#6723,10.);
#1530=VECTOR('',#6726,10.);
#1531=VECTOR('',#6731,10.);
#1532=VECTOR('',#6734,10.);
#1533=VECTOR('',#6737,10.);
#1534=VECTOR('',#6742,10.);
#1535=VECTOR('',#6745,10.);
#1536=VECTOR('',#6748,10.);
#1537=VECTOR('',#6753,10.);
#1538=VECTOR('',#6756,10.);
#1539=VECTOR('',#6759,10.);
#1540=VECTOR('',#6764,10.);
#1541=VECTOR('',#6767,10.);
#1542=VECTOR('',#6770,10.);
#1543=VECTOR('',#6775,10.);
#1544=VECTOR('',#6778,10.);
#1545=VECTOR('',#6781,10.);
#1546=VECTOR('',#6786,10.);
#1547=VECTOR('',#6789,10.);
#1548=VECTOR('',#6792,10.);
#1549=VECTOR('',#6797,10.);
#1550=VECTOR('',#6800,10.);
#1551=VECTOR('',#6803,10.);
#1552=VECTOR('',#6808,10.);
#1553=VECTOR('',#6811,10.);
#1554=VECTOR('',#6814,10.);
#1555=VECTOR('',#6819,10.);
#1556=VECTOR('',#6822,10.);
#1557=VECTOR('',#6825,10.);
#1558=VECTOR('',#6830,10.);
#1559=VECTOR('',#6833,10.);
#1560=VECTOR('',#6836,10.);
#1561=VECTOR('',#6841,10.);
#1562=VECTOR('',#6844,10.);
#1563=VECTOR('',#6847,10.);
#1564=VECTOR('',#6852,10.);
#1565=VECTOR('',#6855,10.);
#1566=VECTOR('',#6858,10.);
#1567=VECTOR('',#6863,10.);
#1568=VECTOR('',#6866,10.);
#1569=VECTOR('',#6869,10.);
#1570=VECTOR('',#6874,10.);
#1571=VECTOR('',#6877,10.);
#1572=VECTOR('',#6880,10.);
#1573=VECTOR('',#6885,10.);
#1574=VECTOR('',#6888,10.);
#1575=VECTOR('',#6891,10.);
#1576=VECTOR('',#6896,10.);
#1577=VECTOR('',#6899,10.);
#1578=VECTOR('',#6902,10.);
#1579=VECTOR('',#6907,10.);
#1580=VECTOR('',#6910,10.);
#1581=VECTOR('',#6913,10.);
#1582=VECTOR('',#6918,10.);
#1583=VECTOR('',#6921,10.);
#1584=VECTOR('',#6924,10.);
#1585=VECTOR('',#6929,10.);
#1586=VECTOR('',#6932,10.);
#1587=VECTOR('',#6935,10.);
#1588=VECTOR('',#6940,10.);
#1589=VECTOR('',#6945,10.);
#1590=VECTOR('',#6948,10.);
#1591=VECTOR('',#6951,10.);
#1592=VECTOR('',#6954,10.);
#1593=VECTOR('',#6957,10.);
#1594=VECTOR('',#6958,10.);
#1595=VECTOR('',#6961,10.);
#1596=VECTOR('',#6964,10.);
#1597=VECTOR('',#6967,10.);
#1598=VECTOR('',#6970,10.);
#1599=VECTOR('',#6971,10.);
#1600=VECTOR('',#6974,10.);
#1601=VECTOR('',#6977,10.);
#1602=VECTOR('',#6980,10.);
#1603=VECTOR('',#6983,10.);
#1604=VECTOR('',#6984,10.);
#1605=VECTOR('',#6987,10.);
#1606=VECTOR('',#6990,10.);
#1607=VECTOR('',#6993,10.);
#1608=VECTOR('',#6996,10.);
#1609=VECTOR('',#6997,10.);
#1610=VECTOR('',#7000,10.);
#1611=VECTOR('',#7003,10.);
#1612=VECTOR('',#7006,10.);
#1613=VECTOR('',#7009,10.);
#1614=VECTOR('',#7010,10.);
#1615=VECTOR('',#7013,10.);
#1616=VECTOR('',#7016,10.);
#1617=VECTOR('',#7019,10.);
#1618=VECTOR('',#7022,10.);
#1619=VECTOR('',#7023,10.);
#1620=VECTOR('',#7026,10.);
#1621=VECTOR('',#7029,10.);
#1622=VECTOR('',#7032,10.);
#1623=VECTOR('',#7035,10.);
#1624=VECTOR('',#7036,10.);
#1625=VECTOR('',#7039,10.);
#1626=VECTOR('',#7042,10.);
#1627=VECTOR('',#7045,10.);
#1628=VECTOR('',#7048,10.);
#1629=VECTOR('',#7049,10.);
#1630=VECTOR('',#7052,10.);
#1631=VECTOR('',#7055,10.);
#1632=VECTOR('',#7058,10.);
#1633=VECTOR('',#7061,10.);
#1634=VECTOR('',#7062,10.);
#1635=VECTOR('',#7065,10.);
#1636=VECTOR('',#7068,10.);
#1637=VECTOR('',#7071,10.);
#1638=VECTOR('',#7074,10.);
#1639=VECTOR('',#7075,10.);
#1640=VECTOR('',#7078,10.);
#1641=VECTOR('',#7081,10.);
#1642=VECTOR('',#7084,10.);
#1643=VECTOR('',#7087,10.);
#1644=VECTOR('',#7088,10.);
#1645=VECTOR('',#7091,10.);
#1646=VECTOR('',#7094,10.);
#1647=VECTOR('',#7097,10.);
#1648=VECTOR('',#7100,10.);
#1649=VECTOR('',#7101,10.);
#1650=VECTOR('',#7104,10.);
#1651=VECTOR('',#7107,10.);
#1652=VECTOR('',#7110,10.);
#1653=VECTOR('',#7113,10.);
#1654=VECTOR('',#7114,10.);
#1655=VECTOR('',#7117,10.);
#1656=VECTOR('',#7120,10.);
#1657=VECTOR('',#7123,10.);
#1658=VECTOR('',#7126,10.);
#1659=VECTOR('',#7127,10.);
#1660=VECTOR('',#7130,10.);
#1661=VECTOR('',#7133,10.);
#1662=VECTOR('',#7136,10.);
#1663=VECTOR('',#7139,10.);
#1664=VECTOR('',#7140,10.);
#1665=VECTOR('',#7143,10.);
#1666=VECTOR('',#7146,10.);
#1667=VECTOR('',#7149,10.);
#1668=VECTOR('',#7152,10.);
#1669=VECTOR('',#7153,10.);
#1670=VECTOR('',#7156,10.);
#1671=VECTOR('',#7159,10.);
#1672=VECTOR('',#7162,10.);
#1673=VECTOR('',#7165,10.);
#1674=VECTOR('',#7166,10.);
#1675=VECTOR('',#7169,10.);
#1676=VECTOR('',#7172,10.);
#1677=VECTOR('',#7175,10.);
#1678=VECTOR('',#7178,10.);
#1679=VECTOR('',#7179,10.);
#1680=VECTOR('',#7182,10.);
#1681=VECTOR('',#7185,10.);
#1682=VECTOR('',#7188,10.);
#1683=VECTOR('',#7191,10.);
#1684=VECTOR('',#7192,10.);
#1685=VECTOR('',#7195,10.);
#1686=VECTOR('',#7198,10.);
#1687=VECTOR('',#7201,10.);
#1688=VECTOR('',#7204,10.);
#1689=VECTOR('',#7209,10.);
#1690=VECTOR('',#7210,10.);
#1691=VECTOR('',#7211,10.);
#1692=VECTOR('',#7214,10.);
#1693=VECTOR('',#7219,10.);
#1694=VECTOR('',#7220,10.);
#1695=VECTOR('',#7223,10.);
#1696=VECTOR('',#7228,10.);
#1697=VECTOR('',#7229,10.);
#1698=VECTOR('',#7232,10.);
#1699=VECTOR('',#7237,10.);
#1700=VECTOR('',#7238,10.);
#1701=VECTOR('',#7247,10.);
#1702=VECTOR('',#7248,10.);
#1703=VECTOR('',#7249,10.);
#1704=VECTOR('',#7252,10.);
#1705=VECTOR('',#7257,10.);
#1706=VECTOR('',#7258,10.);
#1707=VECTOR('',#7261,10.);
#1708=VECTOR('',#7266,10.);
#1709=VECTOR('',#7267,10.);
#1710=VECTOR('',#7270,10.);
#1711=VECTOR('',#7275,10.);
#1712=VECTOR('',#7276,10.);
#1713=VECTOR('',#7285,10.);
#1714=VECTOR('',#7286,10.);
#1715=VECTOR('',#7287,10.);
#1716=VECTOR('',#7290,10.);
#1717=VECTOR('',#7295,10.);
#1718=VECTOR('',#7296,10.);
#1719=VECTOR('',#7299,10.);
#1720=VECTOR('',#7304,10.);
#1721=VECTOR('',#7305,10.);
#1722=VECTOR('',#7308,10.);
#1723=VECTOR('',#7313,10.);
#1724=VECTOR('',#7314,10.);
#1725=VECTOR('',#7323,10.);
#1726=VECTOR('',#7324,10.);
#1727=VECTOR('',#7325,10.);
#1728=VECTOR('',#7328,10.);
#1729=VECTOR('',#7333,10.);
#1730=VECTOR('',#7334,10.);
#1731=VECTOR('',#7337,10.);
#1732=VECTOR('',#7342,10.);
#1733=VECTOR('',#7343,10.);
#1734=VECTOR('',#7346,10.);
#1735=VECTOR('',#7351,10.);
#1736=VECTOR('',#7352,10.);
#1737=VECTOR('',#7361,10.);
#1738=VECTOR('',#7362,10.);
#1739=VECTOR('',#7363,10.);
#1740=VECTOR('',#7366,10.);
#1741=VECTOR('',#7371,10.);
#1742=VECTOR('',#7372,10.);
#1743=VECTOR('',#7375,10.);
#1744=VECTOR('',#7380,10.);
#1745=VECTOR('',#7381,10.);
#1746=VECTOR('',#7384,10.);
#1747=VECTOR('',#7389,10.);
#1748=VECTOR('',#7390,10.);
#1749=VECTOR('',#7399,10.);
#1750=VECTOR('',#7402,10.);
#1751=VECTOR('',#7405,10.);
#1752=VECTOR('',#7406,10.);
#1753=VECTOR('',#7409,10.);
#1754=VECTOR('',#7414,10.);
#1755=VECTOR('',#7415,10.);
#1756=VECTOR('',#7418,10.);
#1757=VECTOR('',#7423,10.);
#1758=VECTOR('',#7424,10.);
#1759=VECTOR('',#7427,10.);
#1760=VECTOR('',#7432,10.);
#1761=VECTOR('',#7437,10.);
#1762=VECTOR('',#7438,10.);
#1763=VECTOR('',#7439,10.);
#1764=VECTOR('',#7442,10.);
#1765=VECTOR('',#7447,10.);
#1766=VECTOR('',#7448,10.);
#1767=VECTOR('',#7451,10.);
#1768=VECTOR('',#7456,10.);
#1769=VECTOR('',#7457,10.);
#1770=VECTOR('',#7460,10.);
#1771=VECTOR('',#7465,10.);
#1772=VECTOR('',#7466,10.);
#1773=VECTOR('',#7475,10.);
#1774=VECTOR('',#7476,10.);
#1775=VECTOR('',#7477,10.);
#1776=VECTOR('',#7480,10.);
#1777=VECTOR('',#7485,10.);
#1778=VECTOR('',#7486,10.);
#1779=VECTOR('',#7489,10.);
#1780=VECTOR('',#7494,10.);
#1781=VECTOR('',#7495,10.);
#1782=VECTOR('',#7498,10.);
#1783=VECTOR('',#7503,10.);
#1784=VECTOR('',#7504,10.);
#1785=VECTOR('',#7513,10.);
#1786=VECTOR('',#7514,10.);
#1787=VECTOR('',#7515,10.);
#1788=VECTOR('',#7518,10.);
#1789=VECTOR('',#7523,10.);
#1790=VECTOR('',#7524,10.);
#1791=VECTOR('',#7527,10.);
#1792=VECTOR('',#7532,10.);
#1793=VECTOR('',#7533,10.);
#1794=VECTOR('',#7536,10.);
#1795=VECTOR('',#7541,10.);
#1796=VECTOR('',#7542,10.);
#1797=VECTOR('',#7551,10.);
#1798=VECTOR('',#7552,10.);
#1799=VECTOR('',#7553,10.);
#1800=VECTOR('',#7556,10.);
#1801=VECTOR('',#7561,10.);
#1802=VECTOR('',#7562,10.);
#1803=VECTOR('',#7565,10.);
#1804=VECTOR('',#7570,10.);
#1805=VECTOR('',#7571,10.);
#1806=VECTOR('',#7574,10.);
#1807=VECTOR('',#7579,10.);
#1808=VECTOR('',#7580,10.);
#1809=VECTOR('',#7589,10.);
#1810=VECTOR('',#7590,10.);
#1811=VECTOR('',#7591,10.);
#1812=VECTOR('',#7594,10.);
#1813=VECTOR('',#7599,10.);
#1814=VECTOR('',#7600,10.);
#1815=VECTOR('',#7603,10.);
#1816=VECTOR('',#7608,10.);
#1817=VECTOR('',#7609,10.);
#1818=VECTOR('',#7612,10.);
#1819=VECTOR('',#7617,10.);
#1820=VECTOR('',#7618,10.);
#1821=VECTOR('',#7627,10.);
#1822=VECTOR('',#7630,10.);
#1823=VECTOR('',#7633,10.);
#1824=VECTOR('',#7634,10.);
#1825=VECTOR('',#7637,10.);
#1826=VECTOR('',#7642,10.);
#1827=VECTOR('',#7643,10.);
#1828=VECTOR('',#7646,10.);
#1829=VECTOR('',#7651,10.);
#1830=VECTOR('',#7652,10.);
#1831=VECTOR('',#7655,10.);
#1832=VECTOR('',#7660,10.);
#1833=VECTOR('',#7665,10.);
#1834=VECTOR('',#7666,10.);
#1835=VECTOR('',#7667,10.);
#1836=VECTOR('',#7670,10.);
#1837=VECTOR('',#7675,10.);
#1838=VECTOR('',#7676,10.);
#1839=VECTOR('',#7679,10.);
#1840=VECTOR('',#7684,10.);
#1841=VECTOR('',#7685,10.);
#1842=VECTOR('',#7688,10.);
#1843=VECTOR('',#7693,10.);
#1844=VECTOR('',#7694,10.);
#1845=VECTOR('',#7703,10.);
#1846=VECTOR('',#7704,10.);
#1847=VECTOR('',#7705,10.);
#1848=VECTOR('',#7708,10.);
#1849=VECTOR('',#7713,10.);
#1850=VECTOR('',#7714,10.);
#1851=VECTOR('',#7717,10.);
#1852=VECTOR('',#7722,10.);
#1853=VECTOR('',#7723,10.);
#1854=VECTOR('',#7726,10.);
#1855=VECTOR('',#7731,10.);
#1856=VECTOR('',#7732,10.);
#1857=VECTOR('',#7741,10.);
#1858=VECTOR('',#7742,10.);
#1859=VECTOR('',#7743,10.);
#1860=VECTOR('',#7746,10.);
#1861=VECTOR('',#7751,10.);
#1862=VECTOR('',#7752,10.);
#1863=VECTOR('',#7755,10.);
#1864=VECTOR('',#7760,10.);
#1865=VECTOR('',#7761,10.);
#1866=VECTOR('',#7764,10.);
#1867=VECTOR('',#7769,10.);
#1868=VECTOR('',#7770,10.);
#1869=VECTOR('',#7779,10.);
#1870=VECTOR('',#7780,10.);
#1871=VECTOR('',#7781,10.);
#1872=VECTOR('',#7784,10.);
#1873=VECTOR('',#7789,10.);
#1874=VECTOR('',#7790,10.);
#1875=VECTOR('',#7793,10.);
#1876=VECTOR('',#7798,10.);
#1877=VECTOR('',#7799,10.);
#1878=VECTOR('',#7802,10.);
#1879=VECTOR('',#7807,10.);
#1880=VECTOR('',#7808,10.);
#1881=VECTOR('',#7817,10.);
#1882=VECTOR('',#7818,10.);
#1883=VECTOR('',#7819,10.);
#1884=VECTOR('',#7822,10.);
#1885=VECTOR('',#7827,10.);
#1886=VECTOR('',#7828,10.);
#1887=VECTOR('',#7831,10.);
#1888=VECTOR('',#7836,10.);
#1889=VECTOR('',#7837,10.);
#1890=VECTOR('',#7840,10.);
#1891=VECTOR('',#7845,10.);
#1892=VECTOR('',#7846,10.);
#1893=VECTOR('',#7855,10.);
#1894=VECTOR('',#7858,10.);
#1895=VECTOR('',#7861,10.);
#1896=VECTOR('',#7862,10.);
#1897=VECTOR('',#7865,10.);
#1898=VECTOR('',#7870,10.);
#1899=VECTOR('',#7871,10.);
#1900=VECTOR('',#7874,10.);
#1901=VECTOR('',#7879,10.);
#1902=VECTOR('',#7880,10.);
#1903=VECTOR('',#7883,10.);
#1904=VECTOR('',#7888,10.);
#1905=VECTOR('',#7893,10.);
#1906=VECTOR('',#7894,10.);
#1907=VECTOR('',#7895,10.);
#1908=VECTOR('',#7898,10.);
#1909=VECTOR('',#7903,10.);
#1910=VECTOR('',#7904,10.);
#1911=VECTOR('',#7907,10.);
#1912=VECTOR('',#7912,10.);
#1913=VECTOR('',#7913,10.);
#1914=VECTOR('',#7916,10.);
#1915=VECTOR('',#7921,10.);
#1916=VECTOR('',#7922,10.);
#1917=VECTOR('',#7931,10.);
#1918=VECTOR('',#7932,10.);
#1919=VECTOR('',#7933,10.);
#1920=VECTOR('',#7936,10.);
#1921=VECTOR('',#7941,10.);
#1922=VECTOR('',#7942,10.);
#1923=VECTOR('',#7945,10.);
#1924=VECTOR('',#7950,10.);
#1925=VECTOR('',#7951,10.);
#1926=VECTOR('',#7954,10.);
#1927=VECTOR('',#7959,10.);
#1928=VECTOR('',#7960,10.);
#1929=VECTOR('',#7969,95.);
#1930=VECTOR('',#7974,60.);
#1931=CIRCLE('',#5649,2.);
#1932=CIRCLE('',#5650,2.);
#1933=CIRCLE('',#5652,2.);
#1934=CIRCLE('',#5653,2.);
#1935=CIRCLE('',#5654,2.);
#1936=CIRCLE('',#5655,2.);
#1937=CIRCLE('',#5656,2.);
#1938=CIRCLE('',#5657,2.);
#1939=CIRCLE('',#5658,2.);
#1940=CIRCLE('',#5659,2.);
#1941=CIRCLE('',#5660,2.);
#1942=CIRCLE('',#5661,120.);
#1943=CIRCLE('',#5662,60.);
#1944=CIRCLE('',#5663,2.00000000000001);
#1945=CIRCLE('',#5664,2.);
#1946=CIRCLE('',#5665,2.);
#1947=CIRCLE('',#5666,2.00000000000002);
#1948=CIRCLE('',#5667,2.);
#1949=CIRCLE('',#5668,2.00000000000002);
#1950=CIRCLE('',#5669,2.00000000000055);
#1951=CIRCLE('',#5670,2.00000000000001);
#1952=CIRCLE('',#5671,2.00000000000001);
#1953=CIRCLE('',#5672,2.00000000000002);
#1954=CIRCLE('',#5673,2.);
#1955=CIRCLE('',#5674,2.0000000000001);
#1956=CIRCLE('',#5675,2.00000000000072);
#1957=CIRCLE('',#5676,2.00000000000035);
#1958=CIRCLE('',#5677,2.);
#1959=CIRCLE('',#5678,2.);
#1960=CIRCLE('',#5679,2.00000000000014);
#1961=CIRCLE('',#5680,2.00000000000007);
#1962=CIRCLE('',#5681,2.00000000000006);
#1963=CIRCLE('',#5682,2.00000000000001);
#1964=CIRCLE('',#5683,2.15);
#1965=CIRCLE('',#5684,2.15);
#1966=CIRCLE('',#5685,2.15);
#1967=CIRCLE('',#5686,2.15);
#1968=CIRCLE('',#5687,2.15);
#1969=CIRCLE('',#5688,2.15);
#1970=CIRCLE('',#5689,2.15);
#1971=CIRCLE('',#5690,2.15);
#1972=CIRCLE('',#5693,2.);
#1973=CIRCLE('',#5695,2.);
#1974=CIRCLE('',#5698,2.);
#1975=CIRCLE('',#5701,2.);
#1976=CIRCLE('',#5704,2.);
#1977=CIRCLE('',#5706,2.);
#1978=CIRCLE('',#5709,2.);
#1979=CIRCLE('',#5712,2.);
#1980=CIRCLE('',#5715,2.);
#1981=CIRCLE('',#5721,120.);
#1982=CIRCLE('',#5723,2.15);
#1983=CIRCLE('',#5725,2.15);
#1984=CIRCLE('',#5727,2.15);
#1985=CIRCLE('',#5729,2.15);
#1986=CIRCLE('',#5731,2.15);
#1987=CIRCLE('',#5733,2.15);
#1988=CIRCLE('',#5735,2.15);
#1989=CIRCLE('',#5737,2.15);
#1990=CIRCLE('',#5739,2.1);
#1991=CIRCLE('',#5740,2.1);
#1992=CIRCLE('',#5743,2.1);
#1993=CIRCLE('',#5744,2.1);
#1994=CIRCLE('',#5747,2.1);
#1995=CIRCLE('',#5748,2.1);
#1996=CIRCLE('',#5751,2.1);
#1997=CIRCLE('',#5752,2.1);
#1998=CIRCLE('',#5755,2.1);
#1999=CIRCLE('',#5756,2.1);
#2000=CIRCLE('',#5759,2.1);
#2001=CIRCLE('',#5760,2.1);
#2002=CIRCLE('',#5763,2.1);
#2003=CIRCLE('',#5764,2.1);
#2004=CIRCLE('',#5767,2.1);
#2005=CIRCLE('',#5768,2.1);
#2006=CIRCLE('',#5771,2.1);
#2007=CIRCLE('',#5772,2.1);
#2008=CIRCLE('',#5775,2.1);
#2009=CIRCLE('',#5776,2.1);
#2010=CIRCLE('',#5779,2.1);
#2011=CIRCLE('',#5780,2.1);
#2012=CIRCLE('',#5783,2.1);
#2013=CIRCLE('',#5784,2.1);
#2014=CIRCLE('',#5787,2.1);
#2015=CIRCLE('',#5788,2.1);
#2016=CIRCLE('',#5791,2.1);
#2017=CIRCLE('',#5792,2.1);
#2018=CIRCLE('',#5795,2.00000000000001);
#2019=CIRCLE('',#5797,2.00000000000006);
#2020=CIRCLE('',#5799,2.00000000000007);
#2021=CIRCLE('',#5801,2.00000000000014);
#2022=CIRCLE('',#5803,2.);
#2023=CIRCLE('',#5805,2.);
#2024=CIRCLE('',#5807,2.00000000000035);
#2025=CIRCLE('',#5809,2.00000000000072);
#2026=CIRCLE('',#5811,2.0000000000001);
#2027=CIRCLE('',#5813,2.);
#2028=CIRCLE('',#5815,2.00000000000002);
#2029=CIRCLE('',#5817,2.00000000000001);
#2030=CIRCLE('',#5819,2.00000000000001);
#2031=CIRCLE('',#5821,2.00000000000055);
#2032=CIRCLE('',#5823,2.00000000000002);
#2033=CIRCLE('',#5825,2.);
#2034=CIRCLE('',#5827,2.00000000000002);
#2035=CIRCLE('',#5829,2.);
#2036=CIRCLE('',#5831,2.);
#2037=CIRCLE('',#5833,2.00000000000001);
#2038=CIRCLE('',#5835,0.750000000000039);
#2039=CIRCLE('',#5836,0.750000000000039);
#2040=CIRCLE('',#5839,0.750000000000002);
#2041=CIRCLE('',#5840,0.750000000000002);
#2042=CIRCLE('',#5843,0.750000000000001);
#2043=CIRCLE('',#5844,0.750000000000001);
#2044=CIRCLE('',#5847,0.75000000000013);
#2045=CIRCLE('',#5848,0.75000000000013);
#2046=CIRCLE('',#5851,0.750000000000269);
#2047=CIRCLE('',#5852,0.750000000000269);
#2048=CIRCLE('',#5855,0.750000000000029);
#2049=CIRCLE('',#5856,0.750000000000029);
#2050=CIRCLE('',#5859,0.750000000000052);
#2051=CIRCLE('',#5860,0.750000000000052);
#2052=CIRCLE('',#5863,0.750000000000002);
#2053=CIRCLE('',#5864,0.750000000000002);
#2054=CIRCLE('',#5867,0.750000000000004);
#2055=CIRCLE('',#5868,0.750000000000004);
#2056=CIRCLE('',#5871,0.750000000000025);
#2057=CIRCLE('',#5872,0.750000000000025);
#2058=CIRCLE('',#5875,0.750000000000001);
#2059=CIRCLE('',#5876,0.750000000000001);
#2060=CIRCLE('',#5879,0.750000000000006);
#2061=CIRCLE('',#5880,0.750000000000006);
#2062=CIRCLE('',#5883,0.750000000000002);
#2063=CIRCLE('',#5884,0.750000000000002);
#2064=CIRCLE('',#5887,0.750000000000009);
#2065=CIRCLE('',#5888,0.750000000000009);
#2066=CIRCLE('',#5891,0.75);
#2067=CIRCLE('',#5892,0.75);
#2068=CIRCLE('',#5895,0.750000000000006);
#2069=CIRCLE('',#5896,0.750000000000006);
#2070=CIRCLE('',#5899,0.750000000000208);
#2071=CIRCLE('',#5900,0.750000000000208);
#2072=CIRCLE('',#5903,0.750000000000009);
#2073=CIRCLE('',#5904,0.750000000000009);
#2074=CIRCLE('',#5907,0.750000000000009);
#2075=CIRCLE('',#5908,0.750000000000009);
#2076=CIRCLE('',#5911,0.750000000000004);
#2077=CIRCLE('',#5912,0.750000000000004);
#2078=CIRCLE('',#5915,95.);
#2079=CIRCLE('',#5916,2.10000000000011);
#2080=CIRCLE('',#5917,2.10000000000011);
#2081=CIRCLE('',#5918,2.10000000000011);
#2082=CIRCLE('',#5919,2.10000000000011);
#2083=CIRCLE('',#5920,2.1);
#2084=CIRCLE('',#5921,2.1);
#2085=CIRCLE('',#5922,2.1);
#2086=CIRCLE('',#5923,2.1);
#2087=CIRCLE('',#5924,2.1);
#2088=CIRCLE('',#5925,2.1);
#2089=CIRCLE('',#5926,2.1);
#2090=CIRCLE('',#5927,2.1);
#2091=CIRCLE('',#5928,2.10000000000036);
#2092=CIRCLE('',#5929,2.10000000000036);
#2093=CIRCLE('',#5930,2.10000000000036);
#2094=CIRCLE('',#5931,2.10000000000036);
#2095=CIRCLE('',#5932,2.10000000000075);
#2096=CIRCLE('',#5933,2.10000000000075);
#2097=CIRCLE('',#5934,2.10000000000075);
#2098=CIRCLE('',#5935,2.10000000000075);
#2099=CIRCLE('',#5936,2.10000000000008);
#2100=CIRCLE('',#5937,2.10000000000008);
#2101=CIRCLE('',#5938,2.10000000000008);
#2102=CIRCLE('',#5939,2.10000000000008);
#2103=CIRCLE('',#5940,2.10000000000014);
#2104=CIRCLE('',#5941,2.10000000000014);
#2105=CIRCLE('',#5942,2.10000000000014);
#2106=CIRCLE('',#5943,2.10000000000014);
#2107=CIRCLE('',#5944,2.1);
#2108=CIRCLE('',#5945,2.1);
#2109=CIRCLE('',#5946,2.1);
#2110=CIRCLE('',#5947,2.1);
#2111=CIRCLE('',#5948,2.10000000000001);
#2112=CIRCLE('',#5949,2.10000000000001);
#2113=CIRCLE('',#5950,2.10000000000001);
#2114=CIRCLE('',#5951,2.10000000000001);
#2115=CIRCLE('',#5952,2.10000000000007);
#2116=CIRCLE('',#5953,2.10000000000007);
#2117=CIRCLE('',#5954,2.10000000000007);
#2118=CIRCLE('',#5955,2.10000000000007);
#2119=CIRCLE('',#5956,2.1);
#2120=CIRCLE('',#5957,2.1);
#2121=CIRCLE('',#5958,2.1);
#2122=CIRCLE('',#5959,2.1);
#2123=CIRCLE('',#5960,2.10000000000002);
#2124=CIRCLE('',#5961,2.10000000000002);
#2125=CIRCLE('',#5962,2.10000000000002);
#2126=CIRCLE('',#5963,2.10000000000002);
#2127=CIRCLE('',#5964,2.1);
#2128=CIRCLE('',#5965,2.1);
#2129=CIRCLE('',#5966,2.1);
#2130=CIRCLE('',#5967,2.1);
#2131=CIRCLE('',#5968,2.10000000000002);
#2132=CIRCLE('',#5969,2.10000000000002);
#2133=CIRCLE('',#5970,2.10000000000002);
#2134=CIRCLE('',#5971,2.10000000000002);
#2135=CIRCLE('',#5972,2.1);
#2136=CIRCLE('',#5973,2.1);
#2137=CIRCLE('',#5974,2.1);
#2138=CIRCLE('',#5975,2.1);
#2139=CIRCLE('',#5976,2.10000000000002);
#2140=CIRCLE('',#5977,2.10000000000002);
#2141=CIRCLE('',#5978,2.10000000000002);
#2142=CIRCLE('',#5979,2.10000000000002);
#2143=CIRCLE('',#5980,2.10000000000058);
#2144=CIRCLE('',#5981,2.10000000000058);
#2145=CIRCLE('',#5982,2.10000000000058);
#2146=CIRCLE('',#5983,2.10000000000058);
#2147=CIRCLE('',#5984,2.10000000000002);
#2148=CIRCLE('',#5985,2.10000000000002);
#2149=CIRCLE('',#5986,2.10000000000002);
#2150=CIRCLE('',#5987,2.10000000000002);
#2151=CIRCLE('',#5988,2.10000000000002);
#2152=CIRCLE('',#5989,2.10000000000002);
#2153=CIRCLE('',#5990,2.10000000000002);
#2154=CIRCLE('',#5991,2.10000000000002);
#2155=CIRCLE('',#5992,2.10000000000001);
#2156=CIRCLE('',#5993,2.10000000000001);
#2157=CIRCLE('',#5994,2.10000000000001);
#2158=CIRCLE('',#5995,2.10000000000001);
#2159=CIRCLE('',#5996,60.);
#2160=CIRCLE('',#5999,2.10000000000011);
#2161=CIRCLE('',#6002,2.10000000000011);
#2162=CIRCLE('',#6005,2.10000000000011);
#2163=CIRCLE('',#6008,2.10000000000011);
#2164=CIRCLE('',#6012,2.1);
#2165=CIRCLE('',#6015,2.1);
#2166=CIRCLE('',#6018,2.1);
#2167=CIRCLE('',#6021,2.1);
#2168=CIRCLE('',#6025,2.1);
#2169=CIRCLE('',#6028,2.1);
#2170=CIRCLE('',#6031,2.1);
#2171=CIRCLE('',#6034,2.1);
#2172=CIRCLE('',#6038,2.10000000000036);
#2173=CIRCLE('',#6041,2.10000000000036);
#2174=CIRCLE('',#6044,2.10000000000036);
#2175=CIRCLE('',#6047,2.10000000000036);
#2176=CIRCLE('',#6051,2.10000000000075);
#2177=CIRCLE('',#6054,2.10000000000075);
#2178=CIRCLE('',#6057,2.10000000000075);
#2179=CIRCLE('',#6060,2.10000000000075);
#2180=CIRCLE('',#6063,2.10000000000008);
#2181=CIRCLE('',#6066,2.10000000000008);
#2182=CIRCLE('',#6069,2.10000000000008);
#2183=CIRCLE('',#6072,2.10000000000008);
#2184=CIRCLE('',#6077,2.10000000000014);
#2185=CIRCLE('',#6080,2.10000000000014);
#2186=CIRCLE('',#6083,2.10000000000014);
#2187=CIRCLE('',#6086,2.10000000000014);
#2188=CIRCLE('',#6090,2.1);
#2189=CIRCLE('',#6093,2.1);
#2190=CIRCLE('',#6096,2.1);
#2191=CIRCLE('',#6099,2.1);
#2192=CIRCLE('',#6103,2.10000000000001);
#2193=CIRCLE('',#6106,2.10000000000001);
#2194=CIRCLE('',#6109,2.10000000000001);
#2195=CIRCLE('',#6112,2.10000000000001);
#2196=CIRCLE('',#6116,2.10000000000007);
#2197=CIRCLE('',#6119,2.10000000000007);
#2198=CIRCLE('',#6122,2.10000000000007);
#2199=CIRCLE('',#6125,2.10000000000007);
#2200=CIRCLE('',#6129,2.1);
#2201=CIRCLE('',#6132,2.1);
#2202=CIRCLE('',#6135,2.1);
#2203=CIRCLE('',#6138,2.1);
#2204=CIRCLE('',#6141,2.10000000000002);
#2205=CIRCLE('',#6144,2.10000000000002);
#2206=CIRCLE('',#6147,2.10000000000002);
#2207=CIRCLE('',#6150,2.10000000000002);
#2208=CIRCLE('',#6155,2.1);
#2209=CIRCLE('',#6158,2.1);
#2210=CIRCLE('',#6161,2.1);
#2211=CIRCLE('',#6164,2.1);
#2212=CIRCLE('',#6168,2.10000000000002);
#2213=CIRCLE('',#6171,2.10000000000002);
#2214=CIRCLE('',#6174,2.10000000000002);
#2215=CIRCLE('',#6177,2.10000000000002);
#2216=CIRCLE('',#6181,2.1);
#2217=CIRCLE('',#6184,2.1);
#2218=CIRCLE('',#6187,2.1);
#2219=CIRCLE('',#6190,2.1);
#2220=CIRCLE('',#6194,2.10000000000002);
#2221=CIRCLE('',#6197,2.10000000000002);
#2222=CIRCLE('',#6200,2.10000000000002);
#2223=CIRCLE('',#6203,2.10000000000002);
#2224=CIRCLE('',#6207,2.10000000000058);
#2225=CIRCLE('',#6210,2.10000000000058);
#2226=CIRCLE('',#6213,2.10000000000058);
#2227=CIRCLE('',#6216,2.10000000000058);
#2228=CIRCLE('',#6219,2.10000000000002);
#2229=CIRCLE('',#6222,2.10000000000002);
#2230=CIRCLE('',#6225,2.10000000000002);
#2231=CIRCLE('',#6228,2.10000000000002);
#2232=CIRCLE('',#6233,2.10000000000002);
#2233=CIRCLE('',#6236,2.10000000000002);
#2234=CIRCLE('',#6239,2.10000000000002);
#2235=CIRCLE('',#6242,2.10000000000002);
#2236=CIRCLE('',#6246,2.10000000000001);
#2237=CIRCLE('',#6249,2.10000000000001);
#2238=CIRCLE('',#6252,2.10000000000001);
#2239=CIRCLE('',#6255,2.10000000000001);
#2240=CIRCLE('',#6258,95.);
#2241=VERTEX_POINT('',#7979);
#2242=VERTEX_POINT('',#7980);
#2243=VERTEX_POINT('',#7982);
#2244=VERTEX_POINT('',#7984);
#2245=VERTEX_POINT('',#7988);
#2246=VERTEX_POINT('',#7990);
#2247=VERTEX_POINT('',#7992);
#2248=VERTEX_POINT('',#7994);
#2249=VERTEX_POINT('',#7996);
#2250=VERTEX_POINT('',#7998);
#2251=VERTEX_POINT('',#8000);
#2252=VERTEX_POINT('',#8002);
#2253=VERTEX_POINT('',#8004);
#2254=VERTEX_POINT('',#8006);
#2255=VERTEX_POINT('',#8008);
#2256=VERTEX_POINT('',#8010);
#2257=VERTEX_POINT('',#8012);
#2258=VERTEX_POINT('',#8014);
#2259=VERTEX_POINT('',#8016);
#2260=VERTEX_POINT('',#8018);
#2261=VERTEX_POINT('',#8020);
#2262=VERTEX_POINT('',#8022);
#2263=VERTEX_POINT('',#8024);
#2264=VERTEX_POINT('',#8026);
#2265=VERTEX_POINT('',#8029);
#2266=VERTEX_POINT('',#8031);
#2267=VERTEX_POINT('',#8033);
#2268=VERTEX_POINT('',#8035);
#2269=VERTEX_POINT('',#8037);
#2270=VERTEX_POINT('',#8039);
#2271=VERTEX_POINT('',#8041);
#2272=VERTEX_POINT('',#8043);
#2273=VERTEX_POINT('',#8045);
#2274=VERTEX_POINT('',#8047);
#2275=VERTEX_POINT('',#8049);
#2276=VERTEX_POINT('',#8051);
#2277=VERTEX_POINT('',#8053);
#2278=VERTEX_POINT('',#8055);
#2279=VERTEX_POINT('',#8057);
#2280=VERTEX_POINT('',#8059);
#2281=VERTEX_POINT('',#8061);
#2282=VERTEX_POINT('',#8063);
#2283=VERTEX_POINT('',#8065);
#2284=VERTEX_POINT('',#8067);
#2285=VERTEX_POINT('',#8069);
#2286=VERTEX_POINT('',#8071);
#2287=VERTEX_POINT('',#8073);
#2288=VERTEX_POINT('',#8075);
#2289=VERTEX_POINT('',#8077);
#2290=VERTEX_POINT('',#8079);
#2291=VERTEX_POINT('',#8081);
#2292=VERTEX_POINT('',#8083);
#2293=VERTEX_POINT('',#8085);
#2294=VERTEX_POINT('',#8088);
#2295=VERTEX_POINT('',#8092);
#2296=VERTEX_POINT('',#8096);
#2297=VERTEX_POINT('',#8097);
#2298=VERTEX_POINT('',#8102);
#2299=VERTEX_POINT('',#8106);
#2300=VERTEX_POINT('',#8110);
#2301=VERTEX_POINT('',#8114);
#2302=VERTEX_POINT('',#8118);
#2303=VERTEX_POINT('',#8122);
#2304=VERTEX_POINT('',#8126);
#2305=VERTEX_POINT('',#8127);
#2306=VERTEX_POINT('',#8132);
#2307=VERTEX_POINT('',#8136);
#2308=VERTEX_POINT('',#8140);
#2309=VERTEX_POINT('',#8144);
#2310=VERTEX_POINT('',#8148);
#2311=VERTEX_POINT('',#8152);
#2312=VERTEX_POINT('',#8158);
#2313=VERTEX_POINT('',#8164);
#2314=VERTEX_POINT('',#8170);
#2315=VERTEX_POINT('',#8174);
#2316=VERTEX_POINT('',#8178);
#2317=VERTEX_POINT('',#8182);
#2318=VERTEX_POINT('',#8186);
#2319=VERTEX_POINT('',#8190);
#2320=VERTEX_POINT('',#8194);
#2321=VERTEX_POINT('',#8198);
#2322=VERTEX_POINT('',#8202);
#2323=VERTEX_POINT('',#8204);
#2324=VERTEX_POINT('',#8209);
#2325=VERTEX_POINT('',#8211);
#2326=VERTEX_POINT('',#8216);
#2327=VERTEX_POINT('',#8218);
#2328=VERTEX_POINT('',#8223);
#2329=VERTEX_POINT('',#8225);
#2330=VERTEX_POINT('',#8230);
#2331=VERTEX_POINT('',#8232);
#2332=VERTEX_POINT('',#8237);
#2333=VERTEX_POINT('',#8239);
#2334=VERTEX_POINT('',#8244);
#2335=VERTEX_POINT('',#8246);
#2336=VERTEX_POINT('',#8251);
#2337=VERTEX_POINT('',#8253);
#2338=VERTEX_POINT('',#8258);
#2339=VERTEX_POINT('',#8260);
#2340=VERTEX_POINT('',#8265);
#2341=VERTEX_POINT('',#8267);
#2342=VERTEX_POINT('',#8272);
#2343=VERTEX_POINT('',#8274);
#2344=VERTEX_POINT('',#8279);
#2345=VERTEX_POINT('',#8281);
#2346=VERTEX_POINT('',#8286);
#2347=VERTEX_POINT('',#8288);
#2348=VERTEX_POINT('',#8293);
#2349=VERTEX_POINT('',#8295);
#2350=VERTEX_POINT('',#8300);
#2351=VERTEX_POINT('',#8304);
#2352=VERTEX_POINT('',#8308);
#2353=VERTEX_POINT('',#8312);
#2354=VERTEX_POINT('',#8316);
#2355=VERTEX_POINT('',#8320);
#2356=VERTEX_POINT('',#8324);
#2357=VERTEX_POINT('',#8328);
#2358=VERTEX_POINT('',#8332);
#2359=VERTEX_POINT('',#8336);
#2360=VERTEX_POINT('',#8340);
#2361=VERTEX_POINT('',#8344);
#2362=VERTEX_POINT('',#8348);
#2363=VERTEX_POINT('',#8352);
#2364=VERTEX_POINT('',#8356);
#2365=VERTEX_POINT('',#8360);
#2366=VERTEX_POINT('',#8364);
#2367=VERTEX_POINT('',#8368);
#2368=VERTEX_POINT('',#8372);
#2369=VERTEX_POINT('',#8376);
#2370=VERTEX_POINT('',#8380);
#2371=VERTEX_POINT('',#8381);
#2372=VERTEX_POINT('',#8383);
#2373=VERTEX_POINT('',#8385);
#2374=VERTEX_POINT('',#8391);
#2375=VERTEX_POINT('',#8392);
#2376=VERTEX_POINT('',#8394);
#2377=VERTEX_POINT('',#8396);
#2378=VERTEX_POINT('',#8402);
#2379=VERTEX_POINT('',#8403);
#2380=VERTEX_POINT('',#8405);
#2381=VERTEX_POINT('',#8407);
#2382=VERTEX_POINT('',#8413);
#2383=VERTEX_POINT('',#8414);
#2384=VERTEX_POINT('',#8416);
#2385=VERTEX_POINT('',#8418);
#2386=VERTEX_POINT('',#8424);
#2387=VERTEX_POINT('',#8425);
#2388=VERTEX_POINT('',#8427);
#2389=VERTEX_POINT('',#8429);
#2390=VERTEX_POINT('',#8435);
#2391=VERTEX_POINT('',#8436);
#2392=VERTEX_POINT('',#8438);
#2393=VERTEX_POINT('',#8440);
#2394=VERTEX_POINT('',#8446);
#2395=VERTEX_POINT('',#8447);
#2396=VERTEX_POINT('',#8449);
#2397=VERTEX_POINT('',#8451);
#2398=VERTEX_POINT('',#8457);
#2399=VERTEX_POINT('',#8458);
#2400=VERTEX_POINT('',#8460);
#2401=VERTEX_POINT('',#8462);
#2402=VERTEX_POINT('',#8468);
#2403=VERTEX_POINT('',#8469);
#2404=VERTEX_POINT('',#8471);
#2405=VERTEX_POINT('',#8473);
#2406=VERTEX_POINT('',#8479);
#2407=VERTEX_POINT('',#8480);
#2408=VERTEX_POINT('',#8482);
#2409=VERTEX_POINT('',#8484);
#2410=VERTEX_POINT('',#8490);
#2411=VERTEX_POINT('',#8491);
#2412=VERTEX_POINT('',#8493);
#2413=VERTEX_POINT('',#8495);
#2414=VERTEX_POINT('',#8501);
#2415=VERTEX_POINT('',#8502);
#2416=VERTEX_POINT('',#8504);
#2417=VERTEX_POINT('',#8506);
#2418=VERTEX_POINT('',#8512);
#2419=VERTEX_POINT('',#8513);
#2420=VERTEX_POINT('',#8515);
#2421=VERTEX_POINT('',#8517);
#2422=VERTEX_POINT('',#8523);
#2423=VERTEX_POINT('',#8524);
#2424=VERTEX_POINT('',#8526);
#2425=VERTEX_POINT('',#8528);
#2426=VERTEX_POINT('',#8534);
#2427=VERTEX_POINT('',#8535);
#2428=VERTEX_POINT('',#8537);
#2429=VERTEX_POINT('',#8539);
#2430=VERTEX_POINT('',#8545);
#2431=VERTEX_POINT('',#8546);
#2432=VERTEX_POINT('',#8548);
#2433=VERTEX_POINT('',#8550);
#2434=VERTEX_POINT('',#8556);
#2435=VERTEX_POINT('',#8557);
#2436=VERTEX_POINT('',#8559);
#2437=VERTEX_POINT('',#8561);
#2438=VERTEX_POINT('',#8567);
#2439=VERTEX_POINT('',#8568);
#2440=VERTEX_POINT('',#8570);
#2441=VERTEX_POINT('',#8572);
#2442=VERTEX_POINT('',#8578);
#2443=VERTEX_POINT('',#8579);
#2444=VERTEX_POINT('',#8581);
#2445=VERTEX_POINT('',#8583);
#2446=VERTEX_POINT('',#8589);
#2447=VERTEX_POINT('',#8590);
#2448=VERTEX_POINT('',#8592);
#2449=VERTEX_POINT('',#8594);
#2450=VERTEX_POINT('',#8600);
#2451=VERTEX_POINT('',#8602);
#2452=VERTEX_POINT('',#8604);
#2453=VERTEX_POINT('',#8606);
#2454=VERTEX_POINT('',#8608);
#2455=VERTEX_POINT('',#8610);
#2456=VERTEX_POINT('',#8612);
#2457=VERTEX_POINT('',#8614);
#2458=VERTEX_POINT('',#8616);
#2459=VERTEX_POINT('',#8619);
#2460=VERTEX_POINT('',#8621);
#2461=VERTEX_POINT('',#8623);
#2462=VERTEX_POINT('',#8625);
#2463=VERTEX_POINT('',#8627);
#2464=VERTEX_POINT('',#8629);
#2465=VERTEX_POINT('',#8631);
#2466=VERTEX_POINT('',#8633);
#2467=VERTEX_POINT('',#8636);
#2468=VERTEX_POINT('',#8638);
#2469=VERTEX_POINT('',#8640);
#2470=VERTEX_POINT('',#8642);
#2471=VERTEX_POINT('',#8644);
#2472=VERTEX_POINT('',#8646);
#2473=VERTEX_POINT('',#8648);
#2474=VERTEX_POINT('',#8650);
#2475=VERTEX_POINT('',#8653);
#2476=VERTEX_POINT('',#8655);
#2477=VERTEX_POINT('',#8657);
#2478=VERTEX_POINT('',#8659);
#2479=VERTEX_POINT('',#8661);
#2480=VERTEX_POINT('',#8663);
#2481=VERTEX_POINT('',#8665);
#2482=VERTEX_POINT('',#8667);
#2483=VERTEX_POINT('',#8670);
#2484=VERTEX_POINT('',#8672);
#2485=VERTEX_POINT('',#8674);
#2486=VERTEX_POINT('',#8676);
#2487=VERTEX_POINT('',#8678);
#2488=VERTEX_POINT('',#8680);
#2489=VERTEX_POINT('',#8682);
#2490=VERTEX_POINT('',#8684);
#2491=VERTEX_POINT('',#8687);
#2492=VERTEX_POINT('',#8689);
#2493=VERTEX_POINT('',#8691);
#2494=VERTEX_POINT('',#8693);
#2495=VERTEX_POINT('',#8695);
#2496=VERTEX_POINT('',#8697);
#2497=VERTEX_POINT('',#8699);
#2498=VERTEX_POINT('',#8701);
#2499=VERTEX_POINT('',#8704);
#2500=VERTEX_POINT('',#8706);
#2501=VERTEX_POINT('',#8708);
#2502=VERTEX_POINT('',#8710);
#2503=VERTEX_POINT('',#8712);
#2504=VERTEX_POINT('',#8714);
#2505=VERTEX_POINT('',#8716);
#2506=VERTEX_POINT('',#8718);
#2507=VERTEX_POINT('',#8721);
#2508=VERTEX_POINT('',#8723);
#2509=VERTEX_POINT('',#8725);
#2510=VERTEX_POINT('',#8727);
#2511=VERTEX_POINT('',#8729);
#2512=VERTEX_POINT('',#8731);
#2513=VERTEX_POINT('',#8733);
#2514=VERTEX_POINT('',#8735);
#2515=VERTEX_POINT('',#8738);
#2516=VERTEX_POINT('',#8740);
#2517=VERTEX_POINT('',#8742);
#2518=VERTEX_POINT('',#8744);
#2519=VERTEX_POINT('',#8746);
#2520=VERTEX_POINT('',#8748);
#2521=VERTEX_POINT('',#8750);
#2522=VERTEX_POINT('',#8752);
#2523=VERTEX_POINT('',#8755);
#2524=VERTEX_POINT('',#8757);
#2525=VERTEX_POINT('',#8759);
#2526=VERTEX_POINT('',#8761);
#2527=VERTEX_POINT('',#8763);
#2528=VERTEX_POINT('',#8765);
#2529=VERTEX_POINT('',#8767);
#2530=VERTEX_POINT('',#8769);
#2531=VERTEX_POINT('',#8772);
#2532=VERTEX_POINT('',#8774);
#2533=VERTEX_POINT('',#8776);
#2534=VERTEX_POINT('',#8778);
#2535=VERTEX_POINT('',#8780);
#2536=VERTEX_POINT('',#8782);
#2537=VERTEX_POINT('',#8784);
#2538=VERTEX_POINT('',#8786);
#2539=VERTEX_POINT('',#8789);
#2540=VERTEX_POINT('',#8791);
#2541=VERTEX_POINT('',#8793);
#2542=VERTEX_POINT('',#8795);
#2543=VERTEX_POINT('',#8797);
#2544=VERTEX_POINT('',#8799);
#2545=VERTEX_POINT('',#8801);
#2546=VERTEX_POINT('',#8803);
#2547=VERTEX_POINT('',#8806);
#2548=VERTEX_POINT('',#8808);
#2549=VERTEX_POINT('',#8810);
#2550=VERTEX_POINT('',#8812);
#2551=VERTEX_POINT('',#8814);
#2552=VERTEX_POINT('',#8816);
#2553=VERTEX_POINT('',#8818);
#2554=VERTEX_POINT('',#8820);
#2555=VERTEX_POINT('',#8823);
#2556=VERTEX_POINT('',#8825);
#2557=VERTEX_POINT('',#8827);
#2558=VERTEX_POINT('',#8829);
#2559=VERTEX_POINT('',#8831);
#2560=VERTEX_POINT('',#8833);
#2561=VERTEX_POINT('',#8835);
#2562=VERTEX_POINT('',#8837);
#2563=VERTEX_POINT('',#8840);
#2564=VERTEX_POINT('',#8842);
#2565=VERTEX_POINT('',#8844);
#2566=VERTEX_POINT('',#8846);
#2567=VERTEX_POINT('',#8848);
#2568=VERTEX_POINT('',#8850);
#2569=VERTEX_POINT('',#8852);
#2570=VERTEX_POINT('',#8854);
#2571=VERTEX_POINT('',#8857);
#2572=VERTEX_POINT('',#8859);
#2573=VERTEX_POINT('',#8861);
#2574=VERTEX_POINT('',#8863);
#2575=VERTEX_POINT('',#8865);
#2576=VERTEX_POINT('',#8867);
#2577=VERTEX_POINT('',#8869);
#2578=VERTEX_POINT('',#8871);
#2579=VERTEX_POINT('',#8874);
#2580=VERTEX_POINT('',#8876);
#2581=VERTEX_POINT('',#8878);
#2582=VERTEX_POINT('',#8880);
#2583=VERTEX_POINT('',#8882);
#2584=VERTEX_POINT('',#8884);
#2585=VERTEX_POINT('',#8886);
#2586=VERTEX_POINT('',#8888);
#2587=VERTEX_POINT('',#8891);
#2588=VERTEX_POINT('',#8893);
#2589=VERTEX_POINT('',#8895);
#2590=VERTEX_POINT('',#8897);
#2591=VERTEX_POINT('',#8899);
#2592=VERTEX_POINT('',#8901);
#2593=VERTEX_POINT('',#8903);
#2594=VERTEX_POINT('',#8905);
#2595=VERTEX_POINT('',#8908);
#2596=VERTEX_POINT('',#8910);
#2597=VERTEX_POINT('',#8912);
#2598=VERTEX_POINT('',#8914);
#2599=VERTEX_POINT('',#8916);
#2600=VERTEX_POINT('',#8918);
#2601=VERTEX_POINT('',#8920);
#2602=VERTEX_POINT('',#8922);
#2603=VERTEX_POINT('',#8925);
#2604=VERTEX_POINT('',#8927);
#2605=VERTEX_POINT('',#8929);
#2606=VERTEX_POINT('',#8931);
#2607=VERTEX_POINT('',#8933);
#2608=VERTEX_POINT('',#8935);
#2609=VERTEX_POINT('',#8937);
#2610=VERTEX_POINT('',#8939);
#2611=VERTEX_POINT('',#8942);
#2612=VERTEX_POINT('',#8945);
#2613=VERTEX_POINT('',#8947);
#2614=VERTEX_POINT('',#8951);
#2615=VERTEX_POINT('',#8955);
#2616=VERTEX_POINT('',#8959);
#2617=VERTEX_POINT('',#8963);
#2618=VERTEX_POINT('',#8967);
#2619=VERTEX_POINT('',#8971);
#2620=VERTEX_POINT('',#8978);
#2621=VERTEX_POINT('',#8980);
#2622=VERTEX_POINT('',#8984);
#2623=VERTEX_POINT('',#8988);
#2624=VERTEX_POINT('',#8992);
#2625=VERTEX_POINT('',#8996);
#2626=VERTEX_POINT('',#9000);
#2627=VERTEX_POINT('',#9004);
#2628=VERTEX_POINT('',#9011);
#2629=VERTEX_POINT('',#9013);
#2630=VERTEX_POINT('',#9017);
#2631=VERTEX_POINT('',#9021);
#2632=VERTEX_POINT('',#9025);
#2633=VERTEX_POINT('',#9029);
#2634=VERTEX_POINT('',#9033);
#2635=VERTEX_POINT('',#9037);
#2636=VERTEX_POINT('',#9044);
#2637=VERTEX_POINT('',#9046);
#2638=VERTEX_POINT('',#9050);
#2639=VERTEX_POINT('',#9054);
#2640=VERTEX_POINT('',#9058);
#2641=VERTEX_POINT('',#9062);
#2642=VERTEX_POINT('',#9066);
#2643=VERTEX_POINT('',#9070);
#2644=VERTEX_POINT('',#9077);
#2645=VERTEX_POINT('',#9079);
#2646=VERTEX_POINT('',#9083);
#2647=VERTEX_POINT('',#9087);
#2648=VERTEX_POINT('',#9091);
#2649=VERTEX_POINT('',#9095);
#2650=VERTEX_POINT('',#9099);
#2651=VERTEX_POINT('',#9103);
#2652=VERTEX_POINT('',#9110);
#2653=VERTEX_POINT('',#9112);
#2654=VERTEX_POINT('',#9116);
#2655=VERTEX_POINT('',#9120);
#2656=VERTEX_POINT('',#9124);
#2657=VERTEX_POINT('',#9128);
#2658=VERTEX_POINT('',#9132);
#2659=VERTEX_POINT('',#9136);
#2660=VERTEX_POINT('',#9143);
#2661=VERTEX_POINT('',#9145);
#2662=VERTEX_POINT('',#9149);
#2663=VERTEX_POINT('',#9153);
#2664=VERTEX_POINT('',#9157);
#2665=VERTEX_POINT('',#9161);
#2666=VERTEX_POINT('',#9165);
#2667=VERTEX_POINT('',#9169);
#2668=VERTEX_POINT('',#9176);
#2669=VERTEX_POINT('',#9178);
#2670=VERTEX_POINT('',#9182);
#2671=VERTEX_POINT('',#9186);
#2672=VERTEX_POINT('',#9190);
#2673=VERTEX_POINT('',#9194);
#2674=VERTEX_POINT('',#9198);
#2675=VERTEX_POINT('',#9202);
#2676=VERTEX_POINT('',#9209);
#2677=VERTEX_POINT('',#9211);
#2678=VERTEX_POINT('',#9215);
#2679=VERTEX_POINT('',#9219);
#2680=VERTEX_POINT('',#9223);
#2681=VERTEX_POINT('',#9227);
#2682=VERTEX_POINT('',#9231);
#2683=VERTEX_POINT('',#9235);
#2684=VERTEX_POINT('',#9242);
#2685=VERTEX_POINT('',#9244);
#2686=VERTEX_POINT('',#9248);
#2687=VERTEX_POINT('',#9252);
#2688=VERTEX_POINT('',#9256);
#2689=VERTEX_POINT('',#9260);
#2690=VERTEX_POINT('',#9264);
#2691=VERTEX_POINT('',#9268);
#2692=VERTEX_POINT('',#9275);
#2693=VERTEX_POINT('',#9277);
#2694=VERTEX_POINT('',#9281);
#2695=VERTEX_POINT('',#9285);
#2696=VERTEX_POINT('',#9289);
#2697=VERTEX_POINT('',#9293);
#2698=VERTEX_POINT('',#9297);
#2699=VERTEX_POINT('',#9301);
#2700=VERTEX_POINT('',#9308);
#2701=VERTEX_POINT('',#9310);
#2702=VERTEX_POINT('',#9314);
#2703=VERTEX_POINT('',#9318);
#2704=VERTEX_POINT('',#9322);
#2705=VERTEX_POINT('',#9326);
#2706=VERTEX_POINT('',#9330);
#2707=VERTEX_POINT('',#9334);
#2708=VERTEX_POINT('',#9341);
#2709=VERTEX_POINT('',#9343);
#2710=VERTEX_POINT('',#9347);
#2711=VERTEX_POINT('',#9351);
#2712=VERTEX_POINT('',#9355);
#2713=VERTEX_POINT('',#9359);
#2714=VERTEX_POINT('',#9363);
#2715=VERTEX_POINT('',#9367);
#2716=VERTEX_POINT('',#9374);
#2717=VERTEX_POINT('',#9376);
#2718=VERTEX_POINT('',#9380);
#2719=VERTEX_POINT('',#9384);
#2720=VERTEX_POINT('',#9388);
#2721=VERTEX_POINT('',#9392);
#2722=VERTEX_POINT('',#9396);
#2723=VERTEX_POINT('',#9400);
#2724=VERTEX_POINT('',#9407);
#2725=VERTEX_POINT('',#9409);
#2726=VERTEX_POINT('',#9413);
#2727=VERTEX_POINT('',#9417);
#2728=VERTEX_POINT('',#9421);
#2729=VERTEX_POINT('',#9425);
#2730=VERTEX_POINT('',#9429);
#2731=VERTEX_POINT('',#9433);
#2732=VERTEX_POINT('',#9440);
#2733=VERTEX_POINT('',#9442);
#2734=VERTEX_POINT('',#9446);
#2735=VERTEX_POINT('',#9450);
#2736=VERTEX_POINT('',#9454);
#2737=VERTEX_POINT('',#9458);
#2738=VERTEX_POINT('',#9462);
#2739=VERTEX_POINT('',#9466);
#2740=VERTEX_POINT('',#9473);
#2741=VERTEX_POINT('',#9475);
#2742=VERTEX_POINT('',#9479);
#2743=VERTEX_POINT('',#9483);
#2744=VERTEX_POINT('',#9487);
#2745=VERTEX_POINT('',#9491);
#2746=VERTEX_POINT('',#9495);
#2747=VERTEX_POINT('',#9499);
#2748=VERTEX_POINT('',#9506);
#2749=VERTEX_POINT('',#9508);
#2750=VERTEX_POINT('',#9512);
#2751=VERTEX_POINT('',#9516);
#2752=VERTEX_POINT('',#9520);
#2753=VERTEX_POINT('',#9524);
#2754=VERTEX_POINT('',#9528);
#2755=VERTEX_POINT('',#9532);
#2756=VERTEX_POINT('',#9539);
#2757=VERTEX_POINT('',#9541);
#2758=VERTEX_POINT('',#9545);
#2759=VERTEX_POINT('',#9549);
#2760=VERTEX_POINT('',#9553);
#2761=VERTEX_POINT('',#9557);
#2762=VERTEX_POINT('',#9561);
#2763=VERTEX_POINT('',#9565);
#2764=VERTEX_POINT('',#9572);
#2765=VERTEX_POINT('',#9574);
#2766=VERTEX_POINT('',#9578);
#2767=VERTEX_POINT('',#9582);
#2768=VERTEX_POINT('',#9586);
#2769=VERTEX_POINT('',#9590);
#2770=VERTEX_POINT('',#9594);
#2771=VERTEX_POINT('',#9598);
#2772=VERTEX_POINT('',#9605);
#2773=EDGE_CURVE('',#2241,#2242,#1931,.T.);
#2774=EDGE_CURVE('',#2242,#2243,#955,.T.);
#2775=EDGE_CURVE('',#2243,#2244,#1932,.T.);
#2776=EDGE_CURVE('',#2244,#2241,#956,.T.);
#2777=EDGE_CURVE('',#2241,#2245,#957,.T.);
#2778=EDGE_CURVE('',#2246,#2245,#1933,.T.);
#2779=EDGE_CURVE('',#2246,#2247,#958,.T.);
#2780=EDGE_CURVE('',#2248,#2247,#1934,.T.);
#2781=EDGE_CURVE('',#2248,#2249,#959,.T.);
#2782=EDGE_CURVE('',#2250,#2249,#1935,.T.);
#2783=EDGE_CURVE('',#2250,#2251,#960,.T.);
#2784=EDGE_CURVE('',#2252,#2251,#1936,.T.);
#2785=EDGE_CURVE('',#2252,#2253,#961,.T.);
#2786=EDGE_CURVE('',#2254,#2253,#1937,.T.);
#2787=EDGE_CURVE('',#2254,#2255,#962,.T.);
#2788=EDGE_CURVE('',#2256,#2255,#1938,.T.);
#2789=EDGE_CURVE('',#2256,#2257,#963,.T.);
#2790=EDGE_CURVE('',#2258,#2257,#1939,.T.);
#2791=EDGE_CURVE('',#2258,#2259,#964,.T.);
#2792=EDGE_CURVE('',#2260,#2259,#1940,.T.);
#2793=EDGE_CURVE('',#2260,#2261,#965,.T.);
#2794=EDGE_CURVE('',#2262,#2261,#1941,.T.);
#2795=EDGE_CURVE('',#2262,#2263,#966,.T.);
#2796=EDGE_CURVE('',#2264,#2263,#1942,.T.);
#2797=EDGE_CURVE('',#2264,#2242,#967,.T.);
#2798=EDGE_CURVE('',#2265,#2265,#1943,.T.);
#2799=EDGE_CURVE('',#2266,#2266,#1944,.T.);
#2800=EDGE_CURVE('',#2267,#2267,#1945,.T.);
#2801=EDGE_CURVE('',#2268,#2268,#1946,.T.);
#2802=EDGE_CURVE('',#2269,#2269,#1947,.T.);
#2803=EDGE_CURVE('',#2270,#2270,#1948,.T.);
#2804=EDGE_CURVE('',#2271,#2271,#1949,.T.);
#2805=EDGE_CURVE('',#2272,#2272,#1950,.T.);
#2806=EDGE_CURVE('',#2273,#2273,#1951,.T.);
#2807=EDGE_CURVE('',#2274,#2274,#1952,.T.);
#2808=EDGE_CURVE('',#2275,#2275,#1953,.T.);
#2809=EDGE_CURVE('',#2276,#2276,#1954,.T.);
#2810=EDGE_CURVE('',#2277,#2277,#1955,.T.);
#2811=EDGE_CURVE('',#2278,#2278,#1956,.T.);
#2812=EDGE_CURVE('',#2279,#2279,#1957,.T.);
#2813=EDGE_CURVE('',#2280,#2280,#1958,.T.);
#2814=EDGE_CURVE('',#2281,#2281,#1959,.T.);
#2815=EDGE_CURVE('',#2282,#2282,#1960,.T.);
#2816=EDGE_CURVE('',#2283,#2283,#1961,.T.);
#2817=EDGE_CURVE('',#2284,#2284,#1962,.T.);
#2818=EDGE_CURVE('',#2285,#2285,#1963,.T.);
#2819=EDGE_CURVE('',#2286,#2286,#1964,.T.);
#2820=EDGE_CURVE('',#2287,#2287,#1965,.T.);
#2821=EDGE_CURVE('',#2288,#2288,#1966,.T.);
#2822=EDGE_CURVE('',#2289,#2289,#1967,.T.);
#2823=EDGE_CURVE('',#2290,#2290,#1968,.T.);
#2824=EDGE_CURVE('',#2291,#2291,#1969,.T.);
#2825=EDGE_CURVE('',#2292,#2292,#1970,.T.);
#2826=EDGE_CURVE('',#2293,#2293,#1971,.T.);
#2827=EDGE_CURVE('',#2294,#2244,#968,.T.);
#2828=EDGE_CURVE('',#2245,#2294,#969,.T.);
#2829=EDGE_CURVE('',#2294,#2295,#1972,.T.);
#2830=EDGE_CURVE('',#2295,#2246,#970,.T.);
#2831=EDGE_CURVE('',#2296,#2297,#1973,.T.);
#2832=EDGE_CURVE('',#2297,#2248,#971,.T.);
#2833=EDGE_CURVE('',#2247,#2296,#972,.T.);
#2834=EDGE_CURVE('',#2298,#2297,#973,.T.);
#2835=EDGE_CURVE('',#2249,#2298,#974,.T.);
#2836=EDGE_CURVE('',#2298,#2299,#1974,.T.);
#2837=EDGE_CURVE('',#2299,#2250,#975,.T.);
#2838=EDGE_CURVE('',#2300,#2299,#976,.T.);
#2839=EDGE_CURVE('',#2251,#2300,#977,.T.);
#2840=EDGE_CURVE('',#2300,#2301,#1975,.T.);
#2841=EDGE_CURVE('',#2301,#2252,#978,.T.);
#2842=EDGE_CURVE('',#2302,#2301,#979,.T.);
#2843=EDGE_CURVE('',#2253,#2302,#980,.T.);
#2844=EDGE_CURVE('',#2302,#2303,#1976,.T.);
#2845=EDGE_CURVE('',#2303,#2254,#981,.T.);
#2846=EDGE_CURVE('',#2304,#2305,#1977,.T.);
#2847=EDGE_CURVE('',#2305,#2256,#982,.T.);
#2848=EDGE_CURVE('',#2255,#2304,#983,.T.);
#2849=EDGE_CURVE('',#2306,#2305,#984,.T.);
#2850=EDGE_CURVE('',#2257,#2306,#985,.T.);
#2851=EDGE_CURVE('',#2306,#2307,#1978,.T.);
#2852=EDGE_CURVE('',#2307,#2258,#986,.T.);
#2853=EDGE_CURVE('',#2308,#2307,#987,.T.);
#2854=EDGE_CURVE('',#2259,#2308,#988,.T.);
#2855=EDGE_CURVE('',#2308,#2309,#1979,.T.);
#2856=EDGE_CURVE('',#2309,#2260,#989,.T.);
#2857=EDGE_CURVE('',#2310,#2309,#990,.T.);
#2858=EDGE_CURVE('',#2261,#2310,#991,.T.);
#2859=EDGE_CURVE('',#2310,#2311,#1980,.T.);
#2860=EDGE_CURVE('',#2311,#2262,#992,.T.);
#2861=EDGE_CURVE('',#2296,#2295,#993,.T.);
#2862=EDGE_CURVE('',#2264,#2312,#994,.T.);
#2863=EDGE_CURVE('',#2243,#2312,#995,.T.);
#2864=EDGE_CURVE('',#2304,#2303,#996,.T.);
#2865=EDGE_CURVE('',#2313,#2311,#997,.T.);
#2866=EDGE_CURVE('',#2263,#2313,#998,.T.);
#2867=EDGE_CURVE('',#2312,#2313,#1981,.T.);
#2868=EDGE_CURVE('',#2314,#2314,#1982,.T.);
#2869=EDGE_CURVE('',#2314,#2293,#999,.T.);
#2870=EDGE_CURVE('',#2315,#2315,#1983,.T.);
#2871=EDGE_CURVE('',#2315,#2292,#1000,.T.);
#2872=EDGE_CURVE('',#2316,#2316,#1984,.T.);
#2873=EDGE_CURVE('',#2316,#2291,#1001,.T.);
#2874=EDGE_CURVE('',#2317,#2317,#1985,.T.);
#2875=EDGE_CURVE('',#2317,#2290,#1002,.T.);
#2876=EDGE_CURVE('',#2318,#2318,#1986,.T.);
#2877=EDGE_CURVE('',#2318,#2289,#1003,.T.);
#2878=EDGE_CURVE('',#2319,#2319,#1987,.T.);
#2879=EDGE_CURVE('',#2319,#2288,#1004,.T.);
#2880=EDGE_CURVE('',#2320,#2320,#1988,.T.);
#2881=EDGE_CURVE('',#2320,#2287,#1005,.T.);
#2882=EDGE_CURVE('',#2321,#2321,#1989,.T.);
#2883=EDGE_CURVE('',#2321,#2286,#1006,.T.);
#2884=EDGE_CURVE('',#2322,#2322,#1990,.T.);
#2885=EDGE_CURVE('',#2322,#2323,#1007,.T.);
#2886=EDGE_CURVE('',#2323,#2323,#1991,.T.);
#2887=EDGE_CURVE('',#2324,#2324,#1992,.T.);
#2888=EDGE_CURVE('',#2324,#2325,#1008,.T.);
#2889=EDGE_CURVE('',#2325,#2325,#1993,.T.);
#2890=EDGE_CURVE('',#2326,#2326,#1994,.T.);
#2891=EDGE_CURVE('',#2326,#2327,#1009,.T.);
#2892=EDGE_CURVE('',#2327,#2327,#1995,.T.);
#2893=EDGE_CURVE('',#2328,#2328,#1996,.T.);
#2894=EDGE_CURVE('',#2328,#2329,#1010,.T.);
#2895=EDGE_CURVE('',#2329,#2329,#1997,.T.);
#2896=EDGE_CURVE('',#2330,#2330,#1998,.T.);
#2897=EDGE_CURVE('',#2330,#2331,#1011,.T.);
#2898=EDGE_CURVE('',#2331,#2331,#1999,.T.);
#2899=EDGE_CURVE('',#2332,#2332,#2000,.T.);
#2900=EDGE_CURVE('',#2332,#2333,#1012,.T.);
#2901=EDGE_CURVE('',#2333,#2333,#2001,.T.);
#2902=EDGE_CURVE('',#2334,#2334,#2002,.T.);
#2903=EDGE_CURVE('',#2334,#2335,#1013,.T.);
#2904=EDGE_CURVE('',#2335,#2335,#2003,.T.);
#2905=EDGE_CURVE('',#2336,#2336,#2004,.T.);
#2906=EDGE_CURVE('',#2336,#2337,#1014,.T.);
#2907=EDGE_CURVE('',#2337,#2337,#2005,.T.);
#2908=EDGE_CURVE('',#2338,#2338,#2006,.T.);
#2909=EDGE_CURVE('',#2338,#2339,#1015,.T.);
#2910=EDGE_CURVE('',#2339,#2339,#2007,.T.);
#2911=EDGE_CURVE('',#2340,#2340,#2008,.T.);
#2912=EDGE_CURVE('',#2340,#2341,#1016,.T.);
#2913=EDGE_CURVE('',#2341,#2341,#2009,.T.);
#2914=EDGE_CURVE('',#2342,#2342,#2010,.T.);
#2915=EDGE_CURVE('',#2342,#2343,#1017,.T.);
#2916=EDGE_CURVE('',#2343,#2343,#2011,.T.);
#2917=EDGE_CURVE('',#2344,#2344,#2012,.T.);
#2918=EDGE_CURVE('',#2344,#2345,#1018,.T.);
#2919=EDGE_CURVE('',#2345,#2345,#2013,.T.);
#2920=EDGE_CURVE('',#2346,#2346,#2014,.T.);
#2921=EDGE_CURVE('',#2346,#2347,#1019,.T.);
#2922=EDGE_CURVE('',#2347,#2347,#2015,.T.);
#2923=EDGE_CURVE('',#2348,#2348,#2016,.T.);
#2924=EDGE_CURVE('',#2348,#2349,#1020,.T.);
#2925=EDGE_CURVE('',#2349,#2349,#2017,.T.);
#2926=EDGE_CURVE('',#2350,#2350,#2018,.T.);
#2927=EDGE_CURVE('',#2350,#2285,#1021,.T.);
#2928=EDGE_CURVE('',#2351,#2351,#2019,.T.);
#2929=EDGE_CURVE('',#2351,#2284,#1022,.T.);
#2930=EDGE_CURVE('',#2352,#2352,#2020,.T.);
#2931=EDGE_CURVE('',#2352,#2283,#1023,.T.);
#2932=EDGE_CURVE('',#2353,#2353,#2021,.T.);
#2933=EDGE_CURVE('',#2353,#2282,#1024,.T.);
#2934=EDGE_CURVE('',#2354,#2354,#2022,.T.);
#2935=EDGE_CURVE('',#2354,#2281,#1025,.T.);
#2936=EDGE_CURVE('',#2355,#2355,#2023,.T.);
#2937=EDGE_CURVE('',#2355,#2280,#1026,.T.);
#2938=EDGE_CURVE('',#2356,#2356,#2024,.T.);
#2939=EDGE_CURVE('',#2356,#2279,#1027,.T.);
#2940=EDGE_CURVE('',#2357,#2357,#2025,.T.);
#2941=EDGE_CURVE('',#2357,#2278,#1028,.T.);
#2942=EDGE_CURVE('',#2358,#2358,#2026,.T.);
#2943=EDGE_CURVE('',#2358,#2277,#1029,.T.);
#2944=EDGE_CURVE('',#2359,#2359,#2027,.T.);
#2945=EDGE_CURVE('',#2359,#2276,#1030,.T.);
#2946=EDGE_CURVE('',#2360,#2360,#2028,.T.);
#2947=EDGE_CURVE('',#2360,#2275,#1031,.T.);
#2948=EDGE_CURVE('',#2361,#2361,#2029,.T.);
#2949=EDGE_CURVE('',#2361,#2274,#1032,.T.);
#2950=EDGE_CURVE('',#2362,#2362,#2030,.T.);
#2951=EDGE_CURVE('',#2362,#2273,#1033,.T.);
#2952=EDGE_CURVE('',#2363,#2363,#2031,.T.);
#2953=EDGE_CURVE('',#2363,#2272,#1034,.T.);
#2954=EDGE_CURVE('',#2364,#2364,#2032,.T.);
#2955=EDGE_CURVE('',#2364,#2271,#1035,.T.);
#2956=EDGE_CURVE('',#2365,#2365,#2033,.T.);
#2957=EDGE_CURVE('',#2365,#2270,#1036,.T.);
#2958=EDGE_CURVE('',#2366,#2366,#2034,.T.);
#2959=EDGE_CURVE('',#2366,#2269,#1037,.T.);
#2960=EDGE_CURVE('',#2367,#2367,#2035,.T.);
#2961=EDGE_CURVE('',#2367,#2268,#1038,.T.);
#2962=EDGE_CURVE('',#2368,#2368,#2036,.T.);
#2963=EDGE_CURVE('',#2368,#2267,#1039,.T.);
#2964=EDGE_CURVE('',#2369,#2369,#2037,.T.);
#2965=EDGE_CURVE('',#2369,#2266,#1040,.T.);
#2966=EDGE_CURVE('',#2370,#2371,#1041,.T.);
#2967=EDGE_CURVE('',#2370,#2372,#2038,.T.);
#2968=EDGE_CURVE('',#2373,#2372,#1042,.T.);
#2969=EDGE_CURVE('',#2371,#2373,#2039,.T.);
#2970=EDGE_CURVE('',#2372,#2370,#1043,.T.);
#2971=EDGE_CURVE('',#2374,#2375,#1044,.T.);
#2972=EDGE_CURVE('',#2374,#2376,#2040,.T.);
#2973=EDGE_CURVE('',#2377,#2376,#1045,.T.);
#2974=EDGE_CURVE('',#2375,#2377,#2041,.T.);
#2975=EDGE_CURVE('',#2376,#2374,#1046,.T.);
#2976=EDGE_CURVE('',#2378,#2379,#1047,.T.);
#2977=EDGE_CURVE('',#2378,#2380,#2042,.T.);
#2978=EDGE_CURVE('',#2381,#2380,#1048,.T.);
#2979=EDGE_CURVE('',#2379,#2381,#2043,.T.);
#2980=EDGE_CURVE('',#2380,#2378,#1049,.T.);
#2981=EDGE_CURVE('',#2382,#2383,#1050,.T.);
#2982=EDGE_CURVE('',#2382,#2384,#2044,.T.);
#2983=EDGE_CURVE('',#2385,#2384,#1051,.T.);
#2984=EDGE_CURVE('',#2383,#2385,#2045,.T.);
#2985=EDGE_CURVE('',#2384,#2382,#1052,.T.);
#2986=EDGE_CURVE('',#2386,#2387,#1053,.T.);
#2987=EDGE_CURVE('',#2386,#2388,#2046,.T.);
#2988=EDGE_CURVE('',#2389,#2388,#1054,.T.);
#2989=EDGE_CURVE('',#2387,#2389,#2047,.T.);
#2990=EDGE_CURVE('',#2388,#2386,#1055,.T.);
#2991=EDGE_CURVE('',#2390,#2391,#1056,.T.);
#2992=EDGE_CURVE('',#2390,#2392,#2048,.T.);
#2993=EDGE_CURVE('',#2393,#2392,#1057,.T.);
#2994=EDGE_CURVE('',#2391,#2393,#2049,.T.);
#2995=EDGE_CURVE('',#2392,#2390,#1058,.T.);
#2996=EDGE_CURVE('',#2394,#2395,#1059,.T.);
#2997=EDGE_CURVE('',#2394,#2396,#2050,.T.);
#2998=EDGE_CURVE('',#2397,#2396,#1060,.T.);
#2999=EDGE_CURVE('',#2395,#2397,#2051,.T.);
#3000=EDGE_CURVE('',#2396,#2394,#1061,.T.);
#3001=EDGE_CURVE('',#2398,#2399,#1062,.T.);
#3002=EDGE_CURVE('',#2398,#2400,#2052,.T.);
#3003=EDGE_CURVE('',#2401,#2400,#1063,.T.);
#3004=EDGE_CURVE('',#2399,#2401,#2053,.T.);
#3005=EDGE_CURVE('',#2400,#2398,#1064,.T.);
#3006=EDGE_CURVE('',#2402,#2403,#1065,.T.);
#3007=EDGE_CURVE('',#2402,#2404,#2054,.T.);
#3008=EDGE_CURVE('',#2405,#2404,#1066,.T.);
#3009=EDGE_CURVE('',#2403,#2405,#2055,.T.);
#3010=EDGE_CURVE('',#2404,#2402,#1067,.T.);
#3011=EDGE_CURVE('',#2406,#2407,#1068,.T.);
#3012=EDGE_CURVE('',#2406,#2408,#2056,.T.);
#3013=EDGE_CURVE('',#2409,#2408,#1069,.T.);
#3014=EDGE_CURVE('',#2407,#2409,#2057,.T.);
#3015=EDGE_CURVE('',#2408,#2406,#1070,.T.);
#3016=EDGE_CURVE('',#2410,#2411,#1071,.T.);
#3017=EDGE_CURVE('',#2410,#2412,#2058,.T.);
#3018=EDGE_CURVE('',#2413,#2412,#1072,.T.);
#3019=EDGE_CURVE('',#2411,#2413,#2059,.T.);
#3020=EDGE_CURVE('',#2412,#2410,#1073,.T.);
#3021=EDGE_CURVE('',#2414,#2415,#1074,.T.);
#3022=EDGE_CURVE('',#2414,#2416,#2060,.T.);
#3023=EDGE_CURVE('',#2417,#2416,#1075,.T.);
#3024=EDGE_CURVE('',#2415,#2417,#2061,.T.);
#3025=EDGE_CURVE('',#2416,#2414,#1076,.T.);
#3026=EDGE_CURVE('',#2418,#2419,#1077,.T.);
#3027=EDGE_CURVE('',#2418,#2420,#2062,.T.);
#3028=EDGE_CURVE('',#2421,#2420,#1078,.T.);
#3029=EDGE_CURVE('',#2419,#2421,#2063,.T.);
#3030=EDGE_CURVE('',#2420,#2418,#1079,.T.);
#3031=EDGE_CURVE('',#2422,#2423,#1080,.T.);
#3032=EDGE_CURVE('',#2422,#2424,#2064,.T.);
#3033=EDGE_CURVE('',#2425,#2424,#1081,.T.);
#3034=EDGE_CURVE('',#2423,#2425,#2065,.T.);
#3035=EDGE_CURVE('',#2424,#2422,#1082,.T.);
#3036=EDGE_CURVE('',#2426,#2427,#1083,.T.);
#3037=EDGE_CURVE('',#2426,#2428,#2066,.T.);
#3038=EDGE_CURVE('',#2429,#2428,#1084,.T.);
#3039=EDGE_CURVE('',#2427,#2429,#2067,.T.);
#3040=EDGE_CURVE('',#2428,#2426,#1085,.T.);
#3041=EDGE_CURVE('',#2430,#2431,#1086,.T.);
#3042=EDGE_CURVE('',#2430,#2432,#2068,.T.);
#3043=EDGE_CURVE('',#2433,#2432,#1087,.T.);
#3044=EDGE_CURVE('',#2431,#2433,#2069,.T.);
#3045=EDGE_CURVE('',#2432,#2430,#1088,.T.);
#3046=EDGE_CURVE('',#2434,#2435,#1089,.T.);
#3047=EDGE_CURVE('',#2434,#2436,#2070,.T.);
#3048=EDGE_CURVE('',#2437,#2436,#1090,.T.);
#3049=EDGE_CURVE('',#2435,#2437,#2071,.T.);
#3050=EDGE_CURVE('',#2436,#2434,#1091,.T.);
#3051=EDGE_CURVE('',#2438,#2439,#1092,.T.);
#3052=EDGE_CURVE('',#2438,#2440,#2072,.T.);
#3053=EDGE_CURVE('',#2441,#2440,#1093,.T.);
#3054=EDGE_CURVE('',#2439,#2441,#2073,.T.);
#3055=EDGE_CURVE('',#2440,#2438,#1094,.T.);
#3056=EDGE_CURVE('',#2442,#2443,#1095,.T.);
#3057=EDGE_CURVE('',#2442,#2444,#2074,.T.);
#3058=EDGE_CURVE('',#2445,#2444,#1096,.T.);
#3059=EDGE_CURVE('',#2443,#2445,#2075,.T.);
#3060=EDGE_CURVE('',#2444,#2442,#1097,.T.);
#3061=EDGE_CURVE('',#2446,#2447,#1098,.T.);
#3062=EDGE_CURVE('',#2446,#2448,#2076,.T.);
#3063=EDGE_CURVE('',#2449,#2448,#1099,.T.);
#3064=EDGE_CURVE('',#2447,#2449,#2077,.T.);
#3065=EDGE_CURVE('',#2448,#2446,#1100,.T.);
#3066=EDGE_CURVE('',#2450,#2450,#2078,.T.);
#3067=EDGE_CURVE('',#2373,#2451,#1101,.T.);
#3068=EDGE_CURVE('',#2451,#2452,#2079,.T.);
#3069=EDGE_CURVE('',#2452,#2453,#1102,.T.);
#3070=EDGE_CURVE('',#2453,#2454,#2080,.T.);
#3071=EDGE_CURVE('',#2454,#2455,#1103,.T.);
#3072=EDGE_CURVE('',#2455,#2456,#2081,.T.);
#3073=EDGE_CURVE('',#2456,#2457,#1104,.T.);
#3074=EDGE_CURVE('',#2457,#2458,#2082,.T.);
#3075=EDGE_CURVE('',#2458,#2371,#1105,.T.);
#3076=EDGE_CURVE('',#2377,#2459,#1106,.T.);
#3077=EDGE_CURVE('',#2459,#2460,#2083,.T.);
#3078=EDGE_CURVE('',#2460,#2461,#1107,.T.);
#3079=EDGE_CURVE('',#2461,#2462,#2084,.T.);
#3080=EDGE_CURVE('',#2462,#2463,#1108,.T.);
#3081=EDGE_CURVE('',#2463,#2464,#2085,.T.);
#3082=EDGE_CURVE('',#2464,#2465,#1109,.T.);
#3083=EDGE_CURVE('',#2465,#2466,#2086,.T.);
#3084=EDGE_CURVE('',#2466,#2375,#1110,.T.);
#3085=EDGE_CURVE('',#2381,#2467,#1111,.T.);
#3086=EDGE_CURVE('',#2467,#2468,#2087,.T.);
#3087=EDGE_CURVE('',#2468,#2469,#1112,.T.);
#3088=EDGE_CURVE('',#2469,#2470,#2088,.T.);
#3089=EDGE_CURVE('',#2470,#2471,#1113,.T.);
#3090=EDGE_CURVE('',#2471,#2472,#2089,.T.);
#3091=EDGE_CURVE('',#2472,#2473,#1114,.T.);
#3092=EDGE_CURVE('',#2473,#2474,#2090,.T.);
#3093=EDGE_CURVE('',#2474,#2379,#1115,.T.);
#3094=EDGE_CURVE('',#2385,#2475,#1116,.T.);
#3095=EDGE_CURVE('',#2475,#2476,#2091,.T.);
#3096=EDGE_CURVE('',#2476,#2477,#1117,.T.);
#3097=EDGE_CURVE('',#2477,#2478,#2092,.T.);
#3098=EDGE_CURVE('',#2478,#2479,#1118,.T.);
#3099=EDGE_CURVE('',#2479,#2480,#2093,.T.);
#3100=EDGE_CURVE('',#2480,#2481,#1119,.T.);
#3101=EDGE_CURVE('',#2481,#2482,#2094,.T.);
#3102=EDGE_CURVE('',#2482,#2383,#1120,.T.);
#3103=EDGE_CURVE('',#2389,#2483,#1121,.T.);
#3104=EDGE_CURVE('',#2483,#2484,#2095,.T.);
#3105=EDGE_CURVE('',#2484,#2485,#1122,.T.);
#3106=EDGE_CURVE('',#2485,#2486,#2096,.T.);
#3107=EDGE_CURVE('',#2486,#2487,#1123,.T.);
#3108=EDGE_CURVE('',#2487,#2488,#2097,.T.);
#3109=EDGE_CURVE('',#2488,#2489,#1124,.T.);
#3110=EDGE_CURVE('',#2489,#2490,#2098,.T.);
#3111=EDGE_CURVE('',#2490,#2387,#1125,.T.);
#3112=EDGE_CURVE('',#2393,#2491,#1126,.T.);
#3113=EDGE_CURVE('',#2491,#2492,#2099,.T.);
#3114=EDGE_CURVE('',#2492,#2493,#1127,.T.);
#3115=EDGE_CURVE('',#2493,#2494,#2100,.T.);
#3116=EDGE_CURVE('',#2494,#2495,#1128,.T.);
#3117=EDGE_CURVE('',#2495,#2496,#2101,.T.);
#3118=EDGE_CURVE('',#2496,#2497,#1129,.T.);
#3119=EDGE_CURVE('',#2497,#2498,#2102,.T.);
#3120=EDGE_CURVE('',#2498,#2391,#1130,.T.);
#3121=EDGE_CURVE('',#2397,#2499,#1131,.T.);
#3122=EDGE_CURVE('',#2499,#2500,#2103,.T.);
#3123=EDGE_CURVE('',#2500,#2501,#1132,.T.);
#3124=EDGE_CURVE('',#2501,#2502,#2104,.T.);
#3125=EDGE_CURVE('',#2502,#2503,#1133,.T.);
#3126=EDGE_CURVE('',#2503,#2504,#2105,.T.);
#3127=EDGE_CURVE('',#2504,#2505,#1134,.T.);
#3128=EDGE_CURVE('',#2505,#2506,#2106,.T.);
#3129=EDGE_CURVE('',#2506,#2395,#1135,.T.);
#3130=EDGE_CURVE('',#2401,#2507,#1136,.T.);
#3131=EDGE_CURVE('',#2507,#2508,#2107,.T.);
#3132=EDGE_CURVE('',#2508,#2509,#1137,.T.);
#3133=EDGE_CURVE('',#2509,#2510,#2108,.T.);
#3134=EDGE_CURVE('',#2510,#2511,#1138,.T.);
#3135=EDGE_CURVE('',#2511,#2512,#2109,.T.);
#3136=EDGE_CURVE('',#2512,#2513,#1139,.T.);
#3137=EDGE_CURVE('',#2513,#2514,#2110,.T.);
#3138=EDGE_CURVE('',#2514,#2399,#1140,.T.);
#3139=EDGE_CURVE('',#2405,#2515,#1141,.T.);
#3140=EDGE_CURVE('',#2515,#2516,#2111,.T.);
#3141=EDGE_CURVE('',#2516,#2517,#1142,.T.);
#3142=EDGE_CURVE('',#2517,#2518,#2112,.T.);
#3143=EDGE_CURVE('',#2518,#2519,#1143,.T.);
#3144=EDGE_CURVE('',#2519,#2520,#2113,.T.);
#3145=EDGE_CURVE('',#2520,#2521,#1144,.T.);
#3146=EDGE_CURVE('',#2521,#2522,#2114,.T.);
#3147=EDGE_CURVE('',#2522,#2403,#1145,.T.);
#3148=EDGE_CURVE('',#2409,#2523,#1146,.T.);
#3149=EDGE_CURVE('',#2523,#2524,#2115,.T.);
#3150=EDGE_CURVE('',#2524,#2525,#1147,.T.);
#3151=EDGE_CURVE('',#2525,#2526,#2116,.T.);
#3152=EDGE_CURVE('',#2526,#2527,#1148,.T.);
#3153=EDGE_CURVE('',#2527,#2528,#2117,.T.);
#3154=EDGE_CURVE('',#2528,#2529,#1149,.T.);
#3155=EDGE_CURVE('',#2529,#2530,#2118,.T.);
#3156=EDGE_CURVE('',#2530,#2407,#1150,.T.);
#3157=EDGE_CURVE('',#2413,#2531,#1151,.T.);
#3158=EDGE_CURVE('',#2531,#2532,#2119,.T.);
#3159=EDGE_CURVE('',#2532,#2533,#1152,.T.);
#3160=EDGE_CURVE('',#2533,#2534,#2120,.T.);
#3161=EDGE_CURVE('',#2534,#2535,#1153,.T.);
#3162=EDGE_CURVE('',#2535,#2536,#2121,.T.);
#3163=EDGE_CURVE('',#2536,#2537,#1154,.T.);
#3164=EDGE_CURVE('',#2537,#2538,#2122,.T.);
#3165=EDGE_CURVE('',#2538,#2411,#1155,.T.);
#3166=EDGE_CURVE('',#2417,#2539,#1156,.T.);
#3167=EDGE_CURVE('',#2539,#2540,#2123,.T.);
#3168=EDGE_CURVE('',#2540,#2541,#1157,.T.);
#3169=EDGE_CURVE('',#2541,#2542,#2124,.T.);
#3170=EDGE_CURVE('',#2542,#2543,#1158,.T.);
#3171=EDGE_CURVE('',#2543,#2544,#2125,.T.);
#3172=EDGE_CURVE('',#2544,#2545,#1159,.T.);
#3173=EDGE_CURVE('',#2545,#2546,#2126,.T.);
#3174=EDGE_CURVE('',#2546,#2415,#1160,.T.);
#3175=EDGE_CURVE('',#2421,#2547,#1161,.T.);
#3176=EDGE_CURVE('',#2547,#2548,#2127,.T.);
#3177=EDGE_CURVE('',#2548,#2549,#1162,.T.);
#3178=EDGE_CURVE('',#2549,#2550,#2128,.T.);
#3179=EDGE_CURVE('',#2550,#2551,#1163,.T.);
#3180=EDGE_CURVE('',#2551,#2552,#2129,.T.);
#3181=EDGE_CURVE('',#2552,#2553,#1164,.T.);
#3182=EDGE_CURVE('',#2553,#2554,#2130,.T.);
#3183=EDGE_CURVE('',#2554,#2419,#1165,.T.);
#3184=EDGE_CURVE('',#2425,#2555,#1166,.T.);
#3185=EDGE_CURVE('',#2555,#2556,#2131,.T.);
#3186=EDGE_CURVE('',#2556,#2557,#1167,.T.);
#3187=EDGE_CURVE('',#2557,#2558,#2132,.T.);
#3188=EDGE_CURVE('',#2558,#2559,#1168,.T.);
#3189=EDGE_CURVE('',#2559,#2560,#2133,.T.);
#3190=EDGE_CURVE('',#2560,#2561,#1169,.T.);
#3191=EDGE_CURVE('',#2561,#2562,#2134,.T.);
#3192=EDGE_CURVE('',#2562,#2423,#1170,.T.);
#3193=EDGE_CURVE('',#2429,#2563,#1171,.T.);
#3194=EDGE_CURVE('',#2563,#2564,#2135,.T.);
#3195=EDGE_CURVE('',#2564,#2565,#1172,.T.);
#3196=EDGE_CURVE('',#2565,#2566,#2136,.T.);
#3197=EDGE_CURVE('',#2566,#2567,#1173,.T.);
#3198=EDGE_CURVE('',#2567,#2568,#2137,.T.);
#3199=EDGE_CURVE('',#2568,#2569,#1174,.T.);
#3200=EDGE_CURVE('',#2569,#2570,#2138,.T.);
#3201=EDGE_CURVE('',#2570,#2427,#1175,.T.);
#3202=EDGE_CURVE('',#2433,#2571,#1176,.T.);
#3203=EDGE_CURVE('',#2571,#2572,#2139,.T.);
#3204=EDGE_CURVE('',#2572,#2573,#1177,.T.);
#3205=EDGE_CURVE('',#2573,#2574,#2140,.T.);
#3206=EDGE_CURVE('',#2574,#2575,#1178,.T.);
#3207=EDGE_CURVE('',#2575,#2576,#2141,.T.);
#3208=EDGE_CURVE('',#2576,#2577,#1179,.T.);
#3209=EDGE_CURVE('',#2577,#2578,#2142,.T.);
#3210=EDGE_CURVE('',#2578,#2431,#1180,.T.);
#3211=EDGE_CURVE('',#2437,#2579,#1181,.T.);
#3212=EDGE_CURVE('',#2579,#2580,#2143,.T.);
#3213=EDGE_CURVE('',#2580,#2581,#1182,.T.);
#3214=EDGE_CURVE('',#2581,#2582,#2144,.T.);
#3215=EDGE_CURVE('',#2582,#2583,#1183,.T.);
#3216=EDGE_CURVE('',#2583,#2584,#2145,.T.);
#3217=EDGE_CURVE('',#2584,#2585,#1184,.T.);
#3218=EDGE_CURVE('',#2585,#2586,#2146,.T.);
#3219=EDGE_CURVE('',#2586,#2435,#1185,.T.);
#3220=EDGE_CURVE('',#2441,#2587,#1186,.T.);
#3221=EDGE_CURVE('',#2587,#2588,#2147,.T.);
#3222=EDGE_CURVE('',#2588,#2589,#1187,.T.);
#3223=EDGE_CURVE('',#2589,#2590,#2148,.T.);
#3224=EDGE_CURVE('',#2590,#2591,#1188,.T.);
#3225=EDGE_CURVE('',#2591,#2592,#2149,.T.);
#3226=EDGE_CURVE('',#2592,#2593,#1189,.T.);
#3227=EDGE_CURVE('',#2593,#2594,#2150,.T.);
#3228=EDGE_CURVE('',#2594,#2439,#1190,.T.);
#3229=EDGE_CURVE('',#2445,#2595,#1191,.T.);
#3230=EDGE_CURVE('',#2595,#2596,#2151,.T.);
#3231=EDGE_CURVE('',#2596,#2597,#1192,.T.);
#3232=EDGE_CURVE('',#2597,#2598,#2152,.T.);
#3233=EDGE_CURVE('',#2598,#2599,#1193,.T.);
#3234=EDGE_CURVE('',#2599,#2600,#2153,.T.);
#3235=EDGE_CURVE('',#2600,#2601,#1194,.T.);
#3236=EDGE_CURVE('',#2601,#2602,#2154,.T.);
#3237=EDGE_CURVE('',#2602,#2443,#1195,.T.);
#3238=EDGE_CURVE('',#2449,#2603,#1196,.T.);
#3239=EDGE_CURVE('',#2603,#2604,#2155,.T.);
#3240=EDGE_CURVE('',#2604,#2605,#1197,.T.);
#3241=EDGE_CURVE('',#2605,#2606,#2156,.T.);
#3242=EDGE_CURVE('',#2606,#2607,#1198,.T.);
#3243=EDGE_CURVE('',#2607,#2608,#2157,.T.);
#3244=EDGE_CURVE('',#2608,#2609,#1199,.T.);
#3245=EDGE_CURVE('',#2609,#2610,#2158,.T.);
#3246=EDGE_CURVE('',#2610,#2447,#1200,.T.);
#3247=EDGE_CURVE('',#2611,#2611,#2159,.T.);
#3248=EDGE_CURVE('',#2454,#2612,#1201,.T.);
#3249=EDGE_CURVE('',#2612,#2613,#1202,.T.);
#3250=EDGE_CURVE('',#2455,#2613,#1203,.T.);
#3251=EDGE_CURVE('',#2453,#2614,#1204,.T.);
#3252=EDGE_CURVE('',#2614,#2612,#2160,.T.);
#3253=EDGE_CURVE('',#2452,#2615,#1205,.T.);
#3254=EDGE_CURVE('',#2615,#2614,#1206,.T.);
#3255=EDGE_CURVE('',#2451,#2616,#1207,.T.);
#3256=EDGE_CURVE('',#2616,#2615,#2161,.T.);
#3257=EDGE_CURVE('',#2458,#2617,#1208,.T.);
#3258=EDGE_CURVE('',#2617,#2616,#1209,.T.);
#3259=EDGE_CURVE('',#2457,#2618,#1210,.T.);
#3260=EDGE_CURVE('',#2618,#2617,#2162,.T.);
#3261=EDGE_CURVE('',#2456,#2619,#1211,.T.);
#3262=EDGE_CURVE('',#2619,#2618,#1212,.T.);
#3263=EDGE_CURVE('',#2613,#2619,#2163,.T.);
#3264=EDGE_CURVE('',#2466,#2620,#1213,.T.);
#3265=EDGE_CURVE('',#2620,#2621,#1214,.T.);
#3266=EDGE_CURVE('',#2459,#2621,#1215,.T.);
#3267=EDGE_CURVE('',#2465,#2622,#1216,.T.);
#3268=EDGE_CURVE('',#2622,#2620,#2164,.T.);
#3269=EDGE_CURVE('',#2464,#2623,#1217,.T.);
#3270=EDGE_CURVE('',#2623,#2622,#1218,.T.);
#3271=EDGE_CURVE('',#2463,#2624,#1219,.T.);
#3272=EDGE_CURVE('',#2624,#2623,#2165,.T.);
#3273=EDGE_CURVE('',#2462,#2625,#1220,.T.);
#3274=EDGE_CURVE('',#2625,#2624,#1221,.T.);
#3275=EDGE_CURVE('',#2461,#2626,#1222,.T.);
#3276=EDGE_CURVE('',#2626,#2625,#2166,.T.);
#3277=EDGE_CURVE('',#2460,#2627,#1223,.T.);
#3278=EDGE_CURVE('',#2627,#2626,#1224,.T.);
#3279=EDGE_CURVE('',#2621,#2627,#2167,.T.);
#3280=EDGE_CURVE('',#2468,#2628,#1225,.T.);
#3281=EDGE_CURVE('',#2628,#2629,#1226,.T.);
#3282=EDGE_CURVE('',#2469,#2629,#1227,.T.);
#3283=EDGE_CURVE('',#2467,#2630,#1228,.T.);
#3284=EDGE_CURVE('',#2630,#2628,#2168,.T.);
#3285=EDGE_CURVE('',#2474,#2631,#1229,.T.);
#3286=EDGE_CURVE('',#2631,#2630,#1230,.T.);
#3287=EDGE_CURVE('',#2473,#2632,#1231,.T.);
#3288=EDGE_CURVE('',#2632,#2631,#2169,.T.);
#3289=EDGE_CURVE('',#2472,#2633,#1232,.T.);
#3290=EDGE_CURVE('',#2633,#2632,#1233,.T.);
#3291=EDGE_CURVE('',#2471,#2634,#1234,.T.);
#3292=EDGE_CURVE('',#2634,#2633,#2170,.T.);
#3293=EDGE_CURVE('',#2470,#2635,#1235,.T.);
#3294=EDGE_CURVE('',#2635,#2634,#1236,.T.);
#3295=EDGE_CURVE('',#2629,#2635,#2171,.T.);
#3296=EDGE_CURVE('',#2478,#2636,#1237,.T.);
#3297=EDGE_CURVE('',#2636,#2637,#1238,.T.);
#3298=EDGE_CURVE('',#2479,#2637,#1239,.T.);
#3299=EDGE_CURVE('',#2477,#2638,#1240,.T.);
#3300=EDGE_CURVE('',#2638,#2636,#2172,.T.);
#3301=EDGE_CURVE('',#2476,#2639,#1241,.T.);
#3302=EDGE_CURVE('',#2639,#2638,#1242,.T.);
#3303=EDGE_CURVE('',#2475,#2640,#1243,.T.);
#3304=EDGE_CURVE('',#2640,#2639,#2173,.T.);
#3305=EDGE_CURVE('',#2482,#2641,#1244,.T.);
#3306=EDGE_CURVE('',#2641,#2640,#1245,.T.);
#3307=EDGE_CURVE('',#2481,#2642,#1246,.T.);
#3308=EDGE_CURVE('',#2642,#2641,#2174,.T.);
#3309=EDGE_CURVE('',#2480,#2643,#1247,.T.);
#3310=EDGE_CURVE('',#2643,#2642,#1248,.T.);
#3311=EDGE_CURVE('',#2637,#2643,#2175,.T.);
#3312=EDGE_CURVE('',#2486,#2644,#1249,.T.);
#3313=EDGE_CURVE('',#2644,#2645,#1250,.T.);
#3314=EDGE_CURVE('',#2487,#2645,#1251,.T.);
#3315=EDGE_CURVE('',#2485,#2646,#1252,.T.);
#3316=EDGE_CURVE('',#2646,#2644,#2176,.T.);
#3317=EDGE_CURVE('',#2484,#2647,#1253,.T.);
#3318=EDGE_CURVE('',#2647,#2646,#1254,.T.);
#3319=EDGE_CURVE('',#2483,#2648,#1255,.T.);
#3320=EDGE_CURVE('',#2648,#2647,#2177,.T.);
#3321=EDGE_CURVE('',#2490,#2649,#1256,.T.);
#3322=EDGE_CURVE('',#2649,#2648,#1257,.T.);
#3323=EDGE_CURVE('',#2489,#2650,#1258,.T.);
#3324=EDGE_CURVE('',#2650,#2649,#2178,.T.);
#3325=EDGE_CURVE('',#2488,#2651,#1259,.T.);
#3326=EDGE_CURVE('',#2651,#2650,#1260,.T.);
#3327=EDGE_CURVE('',#2645,#2651,#2179,.T.);
#3328=EDGE_CURVE('',#2493,#2652,#1261,.T.);
#3329=EDGE_CURVE('',#2652,#2653,#2180,.T.);
#3330=EDGE_CURVE('',#2494,#2653,#1262,.T.);
#3331=EDGE_CURVE('',#2492,#2654,#1263,.T.);
#3332=EDGE_CURVE('',#2654,#2652,#1264,.T.);
#3333=EDGE_CURVE('',#2491,#2655,#1265,.T.);
#3334=EDGE_CURVE('',#2655,#2654,#2181,.T.);
#3335=EDGE_CURVE('',#2498,#2656,#1266,.T.);
#3336=EDGE_CURVE('',#2656,#2655,#1267,.T.);
#3337=EDGE_CURVE('',#2497,#2657,#1268,.T.);
#3338=EDGE_CURVE('',#2657,#2656,#2182,.T.);
#3339=EDGE_CURVE('',#2496,#2658,#1269,.T.);
#3340=EDGE_CURVE('',#2658,#2657,#1270,.T.);
#3341=EDGE_CURVE('',#2495,#2659,#1271,.T.);
#3342=EDGE_CURVE('',#2659,#2658,#2183,.T.);
#3343=EDGE_CURVE('',#2653,#2659,#1272,.T.);
#3344=EDGE_CURVE('',#2506,#2660,#1273,.T.);
#3345=EDGE_CURVE('',#2660,#2661,#1274,.T.);
#3346=EDGE_CURVE('',#2499,#2661,#1275,.T.);
#3347=EDGE_CURVE('',#2505,#2662,#1276,.T.);
#3348=EDGE_CURVE('',#2662,#2660,#2184,.T.);
#3349=EDGE_CURVE('',#2504,#2663,#1277,.T.);
#3350=EDGE_CURVE('',#2663,#2662,#1278,.T.);
#3351=EDGE_CURVE('',#2503,#2664,#1279,.T.);
#3352=EDGE_CURVE('',#2664,#2663,#2185,.T.);
#3353=EDGE_CURVE('',#2502,#2665,#1280,.T.);
#3354=EDGE_CURVE('',#2665,#2664,#1281,.T.);
#3355=EDGE_CURVE('',#2501,#2666,#1282,.T.);
#3356=EDGE_CURVE('',#2666,#2665,#2186,.T.);
#3357=EDGE_CURVE('',#2500,#2667,#1283,.T.);
#3358=EDGE_CURVE('',#2667,#2666,#1284,.T.);
#3359=EDGE_CURVE('',#2661,#2667,#2187,.T.);
#3360=EDGE_CURVE('',#2508,#2668,#1285,.T.);
#3361=EDGE_CURVE('',#2668,#2669,#1286,.T.);
#3362=EDGE_CURVE('',#2509,#2669,#1287,.T.);
#3363=EDGE_CURVE('',#2507,#2670,#1288,.T.);
#3364=EDGE_CURVE('',#2670,#2668,#2188,.T.);
#3365=EDGE_CURVE('',#2514,#2671,#1289,.T.);
#3366=EDGE_CURVE('',#2671,#2670,#1290,.T.);
#3367=EDGE_CURVE('',#2513,#2672,#1291,.T.);
#3368=EDGE_CURVE('',#2672,#2671,#2189,.T.);
#3369=EDGE_CURVE('',#2512,#2673,#1292,.T.);
#3370=EDGE_CURVE('',#2673,#2672,#1293,.T.);
#3371=EDGE_CURVE('',#2511,#2674,#1294,.T.);
#3372=EDGE_CURVE('',#2674,#2673,#2190,.T.);
#3373=EDGE_CURVE('',#2510,#2675,#1295,.T.);
#3374=EDGE_CURVE('',#2675,#2674,#1296,.T.);
#3375=EDGE_CURVE('',#2669,#2675,#2191,.T.);
#3376=EDGE_CURVE('',#2516,#2676,#1297,.T.);
#3377=EDGE_CURVE('',#2676,#2677,#1298,.T.);
#3378=EDGE_CURVE('',#2517,#2677,#1299,.T.);
#3379=EDGE_CURVE('',#2515,#2678,#1300,.T.);
#3380=EDGE_CURVE('',#2678,#2676,#2192,.T.);
#3381=EDGE_CURVE('',#2522,#2679,#1301,.T.);
#3382=EDGE_CURVE('',#2679,#2678,#1302,.T.);
#3383=EDGE_CURVE('',#2521,#2680,#1303,.T.);
#3384=EDGE_CURVE('',#2680,#2679,#2193,.T.);
#3385=EDGE_CURVE('',#2520,#2681,#1304,.T.);
#3386=EDGE_CURVE('',#2681,#2680,#1305,.T.);
#3387=EDGE_CURVE('',#2519,#2682,#1306,.T.);
#3388=EDGE_CURVE('',#2682,#2681,#2194,.T.);
#3389=EDGE_CURVE('',#2518,#2683,#1307,.T.);
#3390=EDGE_CURVE('',#2683,#2682,#1308,.T.);
#3391=EDGE_CURVE('',#2677,#2683,#2195,.T.);
#3392=EDGE_CURVE('',#2530,#2684,#1309,.T.);
#3393=EDGE_CURVE('',#2684,#2685,#1310,.T.);
#3394=EDGE_CURVE('',#2523,#2685,#1311,.T.);
#3395=EDGE_CURVE('',#2529,#2686,#1312,.T.);
#3396=EDGE_CURVE('',#2686,#2684,#2196,.T.);
#3397=EDGE_CURVE('',#2528,#2687,#1313,.T.);
#3398=EDGE_CURVE('',#2687,#2686,#1314,.T.);
#3399=EDGE_CURVE('',#2527,#2688,#1315,.T.);
#3400=EDGE_CURVE('',#2688,#2687,#2197,.T.);
#3401=EDGE_CURVE('',#2526,#2689,#1316,.T.);
#3402=EDGE_CURVE('',#2689,#2688,#1317,.T.);
#3403=EDGE_CURVE('',#2525,#2690,#1318,.T.);
#3404=EDGE_CURVE('',#2690,#2689,#2198,.T.);
#3405=EDGE_CURVE('',#2524,#2691,#1319,.T.);
#3406=EDGE_CURVE('',#2691,#2690,#1320,.T.);
#3407=EDGE_CURVE('',#2685,#2691,#2199,.T.);
#3408=EDGE_CURVE('',#2538,#2692,#1321,.T.);
#3409=EDGE_CURVE('',#2692,#2693,#1322,.T.);
#3410=EDGE_CURVE('',#2531,#2693,#1323,.T.);
#3411=EDGE_CURVE('',#2537,#2694,#1324,.T.);
#3412=EDGE_CURVE('',#2694,#2692,#2200,.T.);
#3413=EDGE_CURVE('',#2536,#2695,#1325,.T.);
#3414=EDGE_CURVE('',#2695,#2694,#1326,.T.);
#3415=EDGE_CURVE('',#2535,#2696,#1327,.T.);
#3416=EDGE_CURVE('',#2696,#2695,#2201,.T.);
#3417=EDGE_CURVE('',#2534,#2697,#1328,.T.);
#3418=EDGE_CURVE('',#2697,#2696,#1329,.T.);
#3419=EDGE_CURVE('',#2533,#2698,#1330,.T.);
#3420=EDGE_CURVE('',#2698,#2697,#2202,.T.);
#3421=EDGE_CURVE('',#2532,#2699,#1331,.T.);
#3422=EDGE_CURVE('',#2699,#2698,#1332,.T.);
#3423=EDGE_CURVE('',#2693,#2699,#2203,.T.);
#3424=EDGE_CURVE('',#2539,#2700,#1333,.T.);
#3425=EDGE_CURVE('',#2700,#2701,#2204,.T.);
#3426=EDGE_CURVE('',#2540,#2701,#1334,.T.);
#3427=EDGE_CURVE('',#2546,#2702,#1335,.T.);
#3428=EDGE_CURVE('',#2702,#2700,#1336,.T.);
#3429=EDGE_CURVE('',#2545,#2703,#1337,.T.);
#3430=EDGE_CURVE('',#2703,#2702,#2205,.T.);
#3431=EDGE_CURVE('',#2544,#2704,#1338,.T.);
#3432=EDGE_CURVE('',#2704,#2703,#1339,.T.);
#3433=EDGE_CURVE('',#2543,#2705,#1340,.T.);
#3434=EDGE_CURVE('',#2705,#2704,#2206,.T.);
#3435=EDGE_CURVE('',#2542,#2706,#1341,.T.);
#3436=EDGE_CURVE('',#2706,#2705,#1342,.T.);
#3437=EDGE_CURVE('',#2541,#2707,#1343,.T.);
#3438=EDGE_CURVE('',#2707,#2706,#2207,.T.);
#3439=EDGE_CURVE('',#2701,#2707,#1344,.T.);
#3440=EDGE_CURVE('',#2548,#2708,#1345,.T.);
#3441=EDGE_CURVE('',#2708,#2709,#1346,.T.);
#3442=EDGE_CURVE('',#2549,#2709,#1347,.T.);
#3443=EDGE_CURVE('',#2547,#2710,#1348,.T.);
#3444=EDGE_CURVE('',#2710,#2708,#2208,.T.);
#3445=EDGE_CURVE('',#2554,#2711,#1349,.T.);
#3446=EDGE_CURVE('',#2711,#2710,#1350,.T.);
#3447=EDGE_CURVE('',#2553,#2712,#1351,.T.);
#3448=EDGE_CURVE('',#2712,#2711,#2209,.T.);
#3449=EDGE_CURVE('',#2552,#2713,#1352,.T.);
#3450=EDGE_CURVE('',#2713,#2712,#1353,.T.);
#3451=EDGE_CURVE('',#2551,#2714,#1354,.T.);
#3452=EDGE_CURVE('',#2714,#2713,#2210,.T.);
#3453=EDGE_CURVE('',#2550,#2715,#1355,.T.);
#3454=EDGE_CURVE('',#2715,#2714,#1356,.T.);
#3455=EDGE_CURVE('',#2709,#2715,#2211,.T.);
#3456=EDGE_CURVE('',#2560,#2716,#1357,.T.);
#3457=EDGE_CURVE('',#2716,#2717,#1358,.T.);
#3458=EDGE_CURVE('',#2561,#2717,#1359,.T.);
#3459=EDGE_CURVE('',#2559,#2718,#1360,.T.);
#3460=EDGE_CURVE('',#2718,#2716,#2212,.T.);
#3461=EDGE_CURVE('',#2558,#2719,#1361,.T.);
#3462=EDGE_CURVE('',#2719,#2718,#1362,.T.);
#3463=EDGE_CURVE('',#2557,#2720,#1363,.T.);
#3464=EDGE_CURVE('',#2720,#2719,#2213,.T.);
#3465=EDGE_CURVE('',#2556,#2721,#1364,.T.);
#3466=EDGE_CURVE('',#2721,#2720,#1365,.T.);
#3467=EDGE_CURVE('',#2555,#2722,#1366,.T.);
#3468=EDGE_CURVE('',#2722,#2721,#2214,.T.);
#3469=EDGE_CURVE('',#2562,#2723,#1367,.T.);
#3470=EDGE_CURVE('',#2723,#2722,#1368,.T.);
#3471=EDGE_CURVE('',#2717,#2723,#2215,.T.);
#3472=EDGE_CURVE('',#2566,#2724,#1369,.T.);
#3473=EDGE_CURVE('',#2724,#2725,#1370,.T.);
#3474=EDGE_CURVE('',#2567,#2725,#1371,.T.);
#3475=EDGE_CURVE('',#2565,#2726,#1372,.T.);
#3476=EDGE_CURVE('',#2726,#2724,#2216,.T.);
#3477=EDGE_CURVE('',#2564,#2727,#1373,.T.);
#3478=EDGE_CURVE('',#2727,#2726,#1374,.T.);
#3479=EDGE_CURVE('',#2563,#2728,#1375,.T.);
#3480=EDGE_CURVE('',#2728,#2727,#2217,.T.);
#3481=EDGE_CURVE('',#2570,#2729,#1376,.T.);
#3482=EDGE_CURVE('',#2729,#2728,#1377,.T.);
#3483=EDGE_CURVE('',#2569,#2730,#1378,.T.);
#3484=EDGE_CURVE('',#2730,#2729,#2218,.T.);
#3485=EDGE_CURVE('',#2568,#2731,#1379,.T.);
#3486=EDGE_CURVE('',#2731,#2730,#1380,.T.);
#3487=EDGE_CURVE('',#2725,#2731,#2219,.T.);
#3488=EDGE_CURVE('',#2572,#2732,#1381,.T.);
#3489=EDGE_CURVE('',#2732,#2733,#1382,.T.);
#3490=EDGE_CURVE('',#2573,#2733,#1383,.T.);
#3491=EDGE_CURVE('',#2571,#2734,#1384,.T.);
#3492=EDGE_CURVE('',#2734,#2732,#2220,.T.);
#3493=EDGE_CURVE('',#2578,#2735,#1385,.T.);
#3494=EDGE_CURVE('',#2735,#2734,#1386,.T.);
#3495=EDGE_CURVE('',#2577,#2736,#1387,.T.);
#3496=EDGE_CURVE('',#2736,#2735,#2221,.T.);
#3497=EDGE_CURVE('',#2576,#2737,#1388,.T.);
#3498=EDGE_CURVE('',#2737,#2736,#1389,.T.);
#3499=EDGE_CURVE('',#2575,#2738,#1390,.T.);
#3500=EDGE_CURVE('',#2738,#2737,#2222,.T.);
#3501=EDGE_CURVE('',#2574,#2739,#1391,.T.);
#3502=EDGE_CURVE('',#2739,#2738,#1392,.T.);
#3503=EDGE_CURVE('',#2733,#2739,#2223,.T.);
#3504=EDGE_CURVE('',#2582,#2740,#1393,.T.);
#3505=EDGE_CURVE('',#2740,#2741,#1394,.T.);
#3506=EDGE_CURVE('',#2583,#2741,#1395,.T.);
#3507=EDGE_CURVE('',#2581,#2742,#1396,.T.);
#3508=EDGE_CURVE('',#2742,#2740,#2224,.T.);
#3509=EDGE_CURVE('',#2580,#2743,#1397,.T.);
#3510=EDGE_CURVE('',#2743,#2742,#1398,.T.);
#3511=EDGE_CURVE('',#2579,#2744,#1399,.T.);
#3512=EDGE_CURVE('',#2744,#2743,#2225,.T.);
#3513=EDGE_CURVE('',#2586,#2745,#1400,.T.);
#3514=EDGE_CURVE('',#2745,#2744,#1401,.T.);
#3515=EDGE_CURVE('',#2585,#2746,#1402,.T.);
#3516=EDGE_CURVE('',#2746,#2745,#2226,.T.);
#3517=EDGE_CURVE('',#2584,#2747,#1403,.T.);
#3518=EDGE_CURVE('',#2747,#2746,#1404,.T.);
#3519=EDGE_CURVE('',#2741,#2747,#2227,.T.);
#3520=EDGE_CURVE('',#2587,#2748,#1405,.T.);
#3521=EDGE_CURVE('',#2748,#2749,#2228,.T.);
#3522=EDGE_CURVE('',#2588,#2749,#1406,.T.);
#3523=EDGE_CURVE('',#2594,#2750,#1407,.T.);
#3524=EDGE_CURVE('',#2750,#2748,#1408,.T.);
#3525=EDGE_CURVE('',#2593,#2751,#1409,.T.);
#3526=EDGE_CURVE('',#2751,#2750,#2229,.T.);
#3527=EDGE_CURVE('',#2592,#2752,#1410,.T.);
#3528=EDGE_CURVE('',#2752,#2751,#1411,.T.);
#3529=EDGE_CURVE('',#2591,#2753,#1412,.T.);
#3530=EDGE_CURVE('',#2753,#2752,#2230,.T.);
#3531=EDGE_CURVE('',#2590,#2754,#1413,.T.);
#3532=EDGE_CURVE('',#2754,#2753,#1414,.T.);
#3533=EDGE_CURVE('',#2589,#2755,#1415,.T.);
#3534=EDGE_CURVE('',#2755,#2754,#2231,.T.);
#3535=EDGE_CURVE('',#2749,#2755,#1416,.T.);
#3536=EDGE_CURVE('',#2596,#2756,#1417,.T.);
#3537=EDGE_CURVE('',#2756,#2757,#1418,.T.);
#3538=EDGE_CURVE('',#2597,#2757,#1419,.T.);
#3539=EDGE_CURVE('',#2595,#2758,#1420,.T.);
#3540=EDGE_CURVE('',#2758,#2756,#2232,.T.);
#3541=EDGE_CURVE('',#2602,#2759,#1421,.T.);
#3542=EDGE_CURVE('',#2759,#2758,#1422,.T.);
#3543=EDGE_CURVE('',#2601,#2760,#1423,.T.);
#3544=EDGE_CURVE('',#2760,#2759,#2233,.T.);
#3545=EDGE_CURVE('',#2600,#2761,#1424,.T.);
#3546=EDGE_CURVE('',#2761,#2760,#1425,.T.);
#3547=EDGE_CURVE('',#2599,#2762,#1426,.T.);
#3548=EDGE_CURVE('',#2762,#2761,#2234,.T.);
#3549=EDGE_CURVE('',#2598,#2763,#1427,.T.);
#3550=EDGE_CURVE('',#2763,#2762,#1428,.T.);
#3551=EDGE_CURVE('',#2757,#2763,#2235,.T.);
#3552=EDGE_CURVE('',#2610,#2764,#1429,.T.);
#3553=EDGE_CURVE('',#2764,#2765,#1430,.T.);
#3554=EDGE_CURVE('',#2603,#2765,#1431,.T.);
#3555=EDGE_CURVE('',#2609,#2766,#1432,.T.);
#3556=EDGE_CURVE('',#2766,#2764,#2236,.T.);
#3557=EDGE_CURVE('',#2608,#2767,#1433,.T.);
#3558=EDGE_CURVE('',#2767,#2766,#1434,.T.);
#3559=EDGE_CURVE('',#2607,#2768,#1435,.T.);
#3560=EDGE_CURVE('',#2768,#2767,#2237,.T.);
#3561=EDGE_CURVE('',#2606,#2769,#1436,.T.);
#3562=EDGE_CURVE('',#2769,#2768,#1437,.T.);
#3563=EDGE_CURVE('',#2605,#2770,#1438,.T.);
#3564=EDGE_CURVE('',#2770,#2769,#2238,.T.);
#3565=EDGE_CURVE('',#2604,#2771,#1439,.T.);
#3566=EDGE_CURVE('',#2771,#2770,#1440,.T.);
#3567=EDGE_CURVE('',#2765,#2771,#2239,.T.);
#3568=EDGE_CURVE('',#2450,#2772,#1441,.T.);
#3569=EDGE_CURVE('',#2772,#2772,#2240,.T.);
#3570=EDGE_CURVE('',#2611,#2265,#1442,.T.);
#3571=ORIENTED_EDGE('',*,*,#2773,.T.);
#3572=ORIENTED_EDGE('',*,*,#2774,.T.);
#3573=ORIENTED_EDGE('',*,*,#2775,.T.);
#3574=ORIENTED_EDGE('',*,*,#2776,.T.);
#3575=ORIENTED_EDGE('',*,*,#2773,.F.);
#3576=ORIENTED_EDGE('',*,*,#2777,.T.);
#3577=ORIENTED_EDGE('',*,*,#2778,.F.);
#3578=ORIENTED_EDGE('',*,*,#2779,.T.);
#3579=ORIENTED_EDGE('',*,*,#2780,.F.);
#3580=ORIENTED_EDGE('',*,*,#2781,.T.);
#3581=ORIENTED_EDGE('',*,*,#2782,.F.);
#3582=ORIENTED_EDGE('',*,*,#2783,.T.);
#3583=ORIENTED_EDGE('',*,*,#2784,.F.);
#3584=ORIENTED_EDGE('',*,*,#2785,.T.);
#3585=ORIENTED_EDGE('',*,*,#2786,.F.);
#3586=ORIENTED_EDGE('',*,*,#2787,.T.);
#3587=ORIENTED_EDGE('',*,*,#2788,.F.);
#3588=ORIENTED_EDGE('',*,*,#2789,.T.);
#3589=ORIENTED_EDGE('',*,*,#2790,.F.);
#3590=ORIENTED_EDGE('',*,*,#2791,.T.);
#3591=ORIENTED_EDGE('',*,*,#2792,.F.);
#3592=ORIENTED_EDGE('',*,*,#2793,.T.);
#3593=ORIENTED_EDGE('',*,*,#2794,.F.);
#3594=ORIENTED_EDGE('',*,*,#2795,.T.);
#3595=ORIENTED_EDGE('',*,*,#2796,.F.);
#3596=ORIENTED_EDGE('',*,*,#2797,.T.);
#3597=ORIENTED_EDGE('',*,*,#2798,.F.);
#3598=ORIENTED_EDGE('',*,*,#2799,.T.);
#3599=ORIENTED_EDGE('',*,*,#2800,.T.);
#3600=ORIENTED_EDGE('',*,*,#2801,.T.);
#3601=ORIENTED_EDGE('',*,*,#2802,.T.);
#3602=ORIENTED_EDGE('',*,*,#2803,.T.);
#3603=ORIENTED_EDGE('',*,*,#2804,.T.);
#3604=ORIENTED_EDGE('',*,*,#2805,.T.);
#3605=ORIENTED_EDGE('',*,*,#2806,.T.);
#3606=ORIENTED_EDGE('',*,*,#2807,.T.);
#3607=ORIENTED_EDGE('',*,*,#2808,.T.);
#3608=ORIENTED_EDGE('',*,*,#2809,.T.);
#3609=ORIENTED_EDGE('',*,*,#2810,.T.);
#3610=ORIENTED_EDGE('',*,*,#2811,.T.);
#3611=ORIENTED_EDGE('',*,*,#2812,.T.);
#3612=ORIENTED_EDGE('',*,*,#2813,.T.);
#3613=ORIENTED_EDGE('',*,*,#2814,.T.);
#3614=ORIENTED_EDGE('',*,*,#2815,.T.);
#3615=ORIENTED_EDGE('',*,*,#2816,.T.);
#3616=ORIENTED_EDGE('',*,*,#2817,.T.);
#3617=ORIENTED_EDGE('',*,*,#2818,.T.);
#3618=ORIENTED_EDGE('',*,*,#2819,.T.);
#3619=ORIENTED_EDGE('',*,*,#2820,.T.);
#3620=ORIENTED_EDGE('',*,*,#2821,.T.);
#3621=ORIENTED_EDGE('',*,*,#2822,.T.);
#3622=ORIENTED_EDGE('',*,*,#2823,.T.);
#3623=ORIENTED_EDGE('',*,*,#2824,.T.);
#3624=ORIENTED_EDGE('',*,*,#2825,.T.);
#3625=ORIENTED_EDGE('',*,*,#2826,.T.);
#3626=ORIENTED_EDGE('',*,*,#2776,.F.);
#3627=ORIENTED_EDGE('',*,*,#2827,.F.);
#3628=ORIENTED_EDGE('',*,*,#2828,.F.);
#3629=ORIENTED_EDGE('',*,*,#2777,.F.);
#3630=ORIENTED_EDGE('',*,*,#2778,.T.);
#3631=ORIENTED_EDGE('',*,*,#2828,.T.);
#3632=ORIENTED_EDGE('',*,*,#2829,.T.);
#3633=ORIENTED_EDGE('',*,*,#2830,.T.);
#3634=ORIENTED_EDGE('',*,*,#2831,.T.);
#3635=ORIENTED_EDGE('',*,*,#2832,.T.);
#3636=ORIENTED_EDGE('',*,*,#2780,.T.);
#3637=ORIENTED_EDGE('',*,*,#2833,.T.);
#3638=ORIENTED_EDGE('',*,*,#2832,.F.);
#3639=ORIENTED_EDGE('',*,*,#2834,.F.);
#3640=ORIENTED_EDGE('',*,*,#2835,.F.);
#3641=ORIENTED_EDGE('',*,*,#2781,.F.);
#3642=ORIENTED_EDGE('',*,*,#2836,.T.);
#3643=ORIENTED_EDGE('',*,*,#2837,.T.);
#3644=ORIENTED_EDGE('',*,*,#2782,.T.);
#3645=ORIENTED_EDGE('',*,*,#2835,.T.);
#3646=ORIENTED_EDGE('',*,*,#2837,.F.);
#3647=ORIENTED_EDGE('',*,*,#2838,.F.);
#3648=ORIENTED_EDGE('',*,*,#2839,.F.);
#3649=ORIENTED_EDGE('',*,*,#2783,.F.);
#3650=ORIENTED_EDGE('',*,*,#2784,.T.);
#3651=ORIENTED_EDGE('',*,*,#2839,.T.);
#3652=ORIENTED_EDGE('',*,*,#2840,.T.);
#3653=ORIENTED_EDGE('',*,*,#2841,.T.);
#3654=ORIENTED_EDGE('',*,*,#2841,.F.);
#3655=ORIENTED_EDGE('',*,*,#2842,.F.);
#3656=ORIENTED_EDGE('',*,*,#2843,.F.);
#3657=ORIENTED_EDGE('',*,*,#2785,.F.);
#3658=ORIENTED_EDGE('',*,*,#2786,.T.);
#3659=ORIENTED_EDGE('',*,*,#2843,.T.);
#3660=ORIENTED_EDGE('',*,*,#2844,.T.);
#3661=ORIENTED_EDGE('',*,*,#2845,.T.);
#3662=ORIENTED_EDGE('',*,*,#2846,.T.);
#3663=ORIENTED_EDGE('',*,*,#2847,.T.);
#3664=ORIENTED_EDGE('',*,*,#2788,.T.);
#3665=ORIENTED_EDGE('',*,*,#2848,.T.);
#3666=ORIENTED_EDGE('',*,*,#2847,.F.);
#3667=ORIENTED_EDGE('',*,*,#2849,.F.);
#3668=ORIENTED_EDGE('',*,*,#2850,.F.);
#3669=ORIENTED_EDGE('',*,*,#2789,.F.);
#3670=ORIENTED_EDGE('',*,*,#2851,.T.);
#3671=ORIENTED_EDGE('',*,*,#2852,.T.);
#3672=ORIENTED_EDGE('',*,*,#2790,.T.);
#3673=ORIENTED_EDGE('',*,*,#2850,.T.);
#3674=ORIENTED_EDGE('',*,*,#2852,.F.);
#3675=ORIENTED_EDGE('',*,*,#2853,.F.);
#3676=ORIENTED_EDGE('',*,*,#2854,.F.);
#3677=ORIENTED_EDGE('',*,*,#2791,.F.);
#3678=ORIENTED_EDGE('',*,*,#2792,.T.);
#3679=ORIENTED_EDGE('',*,*,#2854,.T.);
#3680=ORIENTED_EDGE('',*,*,#2855,.T.);
#3681=ORIENTED_EDGE('',*,*,#2856,.T.);
#3682=ORIENTED_EDGE('',*,*,#2856,.F.);
#3683=ORIENTED_EDGE('',*,*,#2857,.F.);
#3684=ORIENTED_EDGE('',*,*,#2858,.F.);
#3685=ORIENTED_EDGE('',*,*,#2793,.F.);
#3686=ORIENTED_EDGE('',*,*,#2794,.T.);
#3687=ORIENTED_EDGE('',*,*,#2858,.T.);
#3688=ORIENTED_EDGE('',*,*,#2859,.T.);
#3689=ORIENTED_EDGE('',*,*,#2860,.T.);
#3690=ORIENTED_EDGE('',*,*,#2830,.F.);
#3691=ORIENTED_EDGE('',*,*,#2861,.F.);
#3692=ORIENTED_EDGE('',*,*,#2833,.F.);
#3693=ORIENTED_EDGE('',*,*,#2779,.F.);
#3694=ORIENTED_EDGE('',*,*,#2774,.F.);
#3695=ORIENTED_EDGE('',*,*,#2797,.F.);
#3696=ORIENTED_EDGE('',*,*,#2862,.T.);
#3697=ORIENTED_EDGE('',*,*,#2863,.F.);
#3698=ORIENTED_EDGE('',*,*,#2845,.F.);
#3699=ORIENTED_EDGE('',*,*,#2864,.F.);
#3700=ORIENTED_EDGE('',*,*,#2848,.F.);
#3701=ORIENTED_EDGE('',*,*,#2787,.F.);
#3702=ORIENTED_EDGE('',*,*,#2860,.F.);
#3703=ORIENTED_EDGE('',*,*,#2865,.F.);
#3704=ORIENTED_EDGE('',*,*,#2866,.F.);
#3705=ORIENTED_EDGE('',*,*,#2795,.F.);
#3706=ORIENTED_EDGE('',*,*,#2862,.F.);
#3707=ORIENTED_EDGE('',*,*,#2796,.T.);
#3708=ORIENTED_EDGE('',*,*,#2866,.T.);
#3709=ORIENTED_EDGE('',*,*,#2867,.F.);
#3710=ORIENTED_EDGE('',*,*,#2868,.F.);
#3711=ORIENTED_EDGE('',*,*,#2869,.T.);
#3712=ORIENTED_EDGE('',*,*,#2826,.F.);
#3713=ORIENTED_EDGE('',*,*,#2869,.F.);
#3714=ORIENTED_EDGE('',*,*,#2870,.F.);
#3715=ORIENTED_EDGE('',*,*,#2871,.T.);
#3716=ORIENTED_EDGE('',*,*,#2825,.F.);
#3717=ORIENTED_EDGE('',*,*,#2871,.F.);
#3718=ORIENTED_EDGE('',*,*,#2872,.F.);
#3719=ORIENTED_EDGE('',*,*,#2873,.T.);
#3720=ORIENTED_EDGE('',*,*,#2824,.F.);
#3721=ORIENTED_EDGE('',*,*,#2873,.F.);
#3722=ORIENTED_EDGE('',*,*,#2874,.F.);
#3723=ORIENTED_EDGE('',*,*,#2875,.T.);
#3724=ORIENTED_EDGE('',*,*,#2823,.F.);
#3725=ORIENTED_EDGE('',*,*,#2875,.F.);
#3726=ORIENTED_EDGE('',*,*,#2876,.F.);
#3727=ORIENTED_EDGE('',*,*,#2877,.T.);
#3728=ORIENTED_EDGE('',*,*,#2822,.F.);
#3729=ORIENTED_EDGE('',*,*,#2877,.F.);
#3730=ORIENTED_EDGE('',*,*,#2878,.F.);
#3731=ORIENTED_EDGE('',*,*,#2879,.T.);
#3732=ORIENTED_EDGE('',*,*,#2821,.F.);
#3733=ORIENTED_EDGE('',*,*,#2879,.F.);
#3734=ORIENTED_EDGE('',*,*,#2880,.F.);
#3735=ORIENTED_EDGE('',*,*,#2881,.T.);
#3736=ORIENTED_EDGE('',*,*,#2820,.F.);
#3737=ORIENTED_EDGE('',*,*,#2881,.F.);
#3738=ORIENTED_EDGE('',*,*,#2882,.F.);
#3739=ORIENTED_EDGE('',*,*,#2883,.T.);
#3740=ORIENTED_EDGE('',*,*,#2819,.F.);
#3741=ORIENTED_EDGE('',*,*,#2883,.F.);
#3742=ORIENTED_EDGE('',*,*,#2884,.F.);
#3743=ORIENTED_EDGE('',*,*,#2885,.T.);
#3744=ORIENTED_EDGE('',*,*,#2886,.T.);
#3745=ORIENTED_EDGE('',*,*,#2885,.F.);
#3746=ORIENTED_EDGE('',*,*,#2886,.F.);
#3747=ORIENTED_EDGE('',*,*,#2887,.F.);
#3748=ORIENTED_EDGE('',*,*,#2888,.T.);
#3749=ORIENTED_EDGE('',*,*,#2889,.T.);
#3750=ORIENTED_EDGE('',*,*,#2888,.F.);
#3751=ORIENTED_EDGE('',*,*,#2889,.F.);
#3752=ORIENTED_EDGE('',*,*,#2890,.F.);
#3753=ORIENTED_EDGE('',*,*,#2891,.T.);
#3754=ORIENTED_EDGE('',*,*,#2892,.T.);
#3755=ORIENTED_EDGE('',*,*,#2891,.F.);
#3756=ORIENTED_EDGE('',*,*,#2892,.F.);
#3757=ORIENTED_EDGE('',*,*,#2893,.F.);
#3758=ORIENTED_EDGE('',*,*,#2894,.T.);
#3759=ORIENTED_EDGE('',*,*,#2895,.T.);
#3760=ORIENTED_EDGE('',*,*,#2894,.F.);
#3761=ORIENTED_EDGE('',*,*,#2895,.F.);
#3762=ORIENTED_EDGE('',*,*,#2896,.F.);
#3763=ORIENTED_EDGE('',*,*,#2897,.T.);
#3764=ORIENTED_EDGE('',*,*,#2898,.T.);
#3765=ORIENTED_EDGE('',*,*,#2897,.F.);
#3766=ORIENTED_EDGE('',*,*,#2898,.F.);
#3767=ORIENTED_EDGE('',*,*,#2899,.F.);
#3768=ORIENTED_EDGE('',*,*,#2900,.T.);
#3769=ORIENTED_EDGE('',*,*,#2901,.T.);
#3770=ORIENTED_EDGE('',*,*,#2900,.F.);
#3771=ORIENTED_EDGE('',*,*,#2901,.F.);
#3772=ORIENTED_EDGE('',*,*,#2902,.F.);
#3773=ORIENTED_EDGE('',*,*,#2903,.T.);
#3774=ORIENTED_EDGE('',*,*,#2904,.T.);
#3775=ORIENTED_EDGE('',*,*,#2903,.F.);
#3776=ORIENTED_EDGE('',*,*,#2904,.F.);
#3777=ORIENTED_EDGE('',*,*,#2905,.F.);
#3778=ORIENTED_EDGE('',*,*,#2906,.T.);
#3779=ORIENTED_EDGE('',*,*,#2907,.T.);
#3780=ORIENTED_EDGE('',*,*,#2906,.F.);
#3781=ORIENTED_EDGE('',*,*,#2907,.F.);
#3782=ORIENTED_EDGE('',*,*,#2908,.F.);
#3783=ORIENTED_EDGE('',*,*,#2909,.T.);
#3784=ORIENTED_EDGE('',*,*,#2910,.T.);
#3785=ORIENTED_EDGE('',*,*,#2909,.F.);
#3786=ORIENTED_EDGE('',*,*,#2910,.F.);
#3787=ORIENTED_EDGE('',*,*,#2911,.F.);
#3788=ORIENTED_EDGE('',*,*,#2912,.T.);
#3789=ORIENTED_EDGE('',*,*,#2913,.T.);
#3790=ORIENTED_EDGE('',*,*,#2912,.F.);
#3791=ORIENTED_EDGE('',*,*,#2913,.F.);
#3792=ORIENTED_EDGE('',*,*,#2914,.F.);
#3793=ORIENTED_EDGE('',*,*,#2915,.T.);
#3794=ORIENTED_EDGE('',*,*,#2916,.T.);
#3795=ORIENTED_EDGE('',*,*,#2915,.F.);
#3796=ORIENTED_EDGE('',*,*,#2916,.F.);
#3797=ORIENTED_EDGE('',*,*,#2917,.F.);
#3798=ORIENTED_EDGE('',*,*,#2918,.T.);
#3799=ORIENTED_EDGE('',*,*,#2919,.T.);
#3800=ORIENTED_EDGE('',*,*,#2918,.F.);
#3801=ORIENTED_EDGE('',*,*,#2919,.F.);
#3802=ORIENTED_EDGE('',*,*,#2920,.F.);
#3803=ORIENTED_EDGE('',*,*,#2921,.T.);
#3804=ORIENTED_EDGE('',*,*,#2922,.T.);
#3805=ORIENTED_EDGE('',*,*,#2921,.F.);
#3806=ORIENTED_EDGE('',*,*,#2922,.F.);
#3807=ORIENTED_EDGE('',*,*,#2923,.F.);
#3808=ORIENTED_EDGE('',*,*,#2924,.T.);
#3809=ORIENTED_EDGE('',*,*,#2925,.T.);
#3810=ORIENTED_EDGE('',*,*,#2924,.F.);
#3811=ORIENTED_EDGE('',*,*,#2925,.F.);
#3812=ORIENTED_EDGE('',*,*,#2926,.F.);
#3813=ORIENTED_EDGE('',*,*,#2927,.T.);
#3814=ORIENTED_EDGE('',*,*,#2818,.F.);
#3815=ORIENTED_EDGE('',*,*,#2927,.F.);
#3816=ORIENTED_EDGE('',*,*,#2928,.F.);
#3817=ORIENTED_EDGE('',*,*,#2929,.T.);
#3818=ORIENTED_EDGE('',*,*,#2817,.F.);
#3819=ORIENTED_EDGE('',*,*,#2929,.F.);
#3820=ORIENTED_EDGE('',*,*,#2930,.F.);
#3821=ORIENTED_EDGE('',*,*,#2931,.T.);
#3822=ORIENTED_EDGE('',*,*,#2816,.F.);
#3823=ORIENTED_EDGE('',*,*,#2931,.F.);
#3824=ORIENTED_EDGE('',*,*,#2932,.F.);
#3825=ORIENTED_EDGE('',*,*,#2933,.T.);
#3826=ORIENTED_EDGE('',*,*,#2815,.F.);
#3827=ORIENTED_EDGE('',*,*,#2933,.F.);
#3828=ORIENTED_EDGE('',*,*,#2934,.F.);
#3829=ORIENTED_EDGE('',*,*,#2935,.T.);
#3830=ORIENTED_EDGE('',*,*,#2814,.F.);
#3831=ORIENTED_EDGE('',*,*,#2935,.F.);
#3832=ORIENTED_EDGE('',*,*,#2936,.F.);
#3833=ORIENTED_EDGE('',*,*,#2937,.T.);
#3834=ORIENTED_EDGE('',*,*,#2813,.F.);
#3835=ORIENTED_EDGE('',*,*,#2937,.F.);
#3836=ORIENTED_EDGE('',*,*,#2938,.F.);
#3837=ORIENTED_EDGE('',*,*,#2939,.T.);
#3838=ORIENTED_EDGE('',*,*,#2812,.F.);
#3839=ORIENTED_EDGE('',*,*,#2939,.F.);
#3840=ORIENTED_EDGE('',*,*,#2940,.F.);
#3841=ORIENTED_EDGE('',*,*,#2941,.T.);
#3842=ORIENTED_EDGE('',*,*,#2811,.F.);
#3843=ORIENTED_EDGE('',*,*,#2941,.F.);
#3844=ORIENTED_EDGE('',*,*,#2942,.F.);
#3845=ORIENTED_EDGE('',*,*,#2943,.T.);
#3846=ORIENTED_EDGE('',*,*,#2810,.F.);
#3847=ORIENTED_EDGE('',*,*,#2943,.F.);
#3848=ORIENTED_EDGE('',*,*,#2944,.F.);
#3849=ORIENTED_EDGE('',*,*,#2945,.T.);
#3850=ORIENTED_EDGE('',*,*,#2809,.F.);
#3851=ORIENTED_EDGE('',*,*,#2945,.F.);
#3852=ORIENTED_EDGE('',*,*,#2946,.F.);
#3853=ORIENTED_EDGE('',*,*,#2947,.T.);
#3854=ORIENTED_EDGE('',*,*,#2808,.F.);
#3855=ORIENTED_EDGE('',*,*,#2947,.F.);
#3856=ORIENTED_EDGE('',*,*,#2948,.F.);
#3857=ORIENTED_EDGE('',*,*,#2949,.T.);
#3858=ORIENTED_EDGE('',*,*,#2807,.F.);
#3859=ORIENTED_EDGE('',*,*,#2949,.F.);
#3860=ORIENTED_EDGE('',*,*,#2950,.F.);
#3861=ORIENTED_EDGE('',*,*,#2951,.T.);
#3862=ORIENTED_EDGE('',*,*,#2806,.F.);
#3863=ORIENTED_EDGE('',*,*,#2951,.F.);
#3864=ORIENTED_EDGE('',*,*,#2952,.F.);
#3865=ORIENTED_EDGE('',*,*,#2953,.T.);
#3866=ORIENTED_EDGE('',*,*,#2805,.F.);
#3867=ORIENTED_EDGE('',*,*,#2953,.F.);
#3868=ORIENTED_EDGE('',*,*,#2954,.F.);
#3869=ORIENTED_EDGE('',*,*,#2955,.T.);
#3870=ORIENTED_EDGE('',*,*,#2804,.F.);
#3871=ORIENTED_EDGE('',*,*,#2955,.F.);
#3872=ORIENTED_EDGE('',*,*,#2956,.F.);
#3873=ORIENTED_EDGE('',*,*,#2957,.T.);
#3874=ORIENTED_EDGE('',*,*,#2803,.F.);
#3875=ORIENTED_EDGE('',*,*,#2957,.F.);
#3876=ORIENTED_EDGE('',*,*,#2958,.F.);
#3877=ORIENTED_EDGE('',*,*,#2959,.T.);
#3878=ORIENTED_EDGE('',*,*,#2802,.F.);
#3879=ORIENTED_EDGE('',*,*,#2959,.F.);
#3880=ORIENTED_EDGE('',*,*,#2960,.F.);
#3881=ORIENTED_EDGE('',*,*,#2961,.T.);
#3882=ORIENTED_EDGE('',*,*,#2801,.F.);
#3883=ORIENTED_EDGE('',*,*,#2961,.F.);
#3884=ORIENTED_EDGE('',*,*,#2962,.F.);
#3885=ORIENTED_EDGE('',*,*,#2963,.T.);
#3886=ORIENTED_EDGE('',*,*,#2800,.F.);
#3887=ORIENTED_EDGE('',*,*,#2963,.F.);
#3888=ORIENTED_EDGE('',*,*,#2964,.F.);
#3889=ORIENTED_EDGE('',*,*,#2965,.T.);
#3890=ORIENTED_EDGE('',*,*,#2799,.F.);
#3891=ORIENTED_EDGE('',*,*,#2965,.F.);
#3892=ORIENTED_EDGE('',*,*,#2966,.F.);
#3893=ORIENTED_EDGE('',*,*,#2967,.T.);
#3894=ORIENTED_EDGE('',*,*,#2968,.F.);
#3895=ORIENTED_EDGE('',*,*,#2969,.F.);
#3896=ORIENTED_EDGE('',*,*,#2970,.F.);
#3897=ORIENTED_EDGE('',*,*,#2967,.F.);
#3898=ORIENTED_EDGE('',*,*,#2971,.F.);
#3899=ORIENTED_EDGE('',*,*,#2972,.T.);
#3900=ORIENTED_EDGE('',*,*,#2973,.F.);
#3901=ORIENTED_EDGE('',*,*,#2974,.F.);
#3902=ORIENTED_EDGE('',*,*,#2975,.F.);
#3903=ORIENTED_EDGE('',*,*,#2972,.F.);
#3904=ORIENTED_EDGE('',*,*,#2976,.F.);
#3905=ORIENTED_EDGE('',*,*,#2977,.T.);
#3906=ORIENTED_EDGE('',*,*,#2978,.F.);
#3907=ORIENTED_EDGE('',*,*,#2979,.F.);
#3908=ORIENTED_EDGE('',*,*,#2980,.F.);
#3909=ORIENTED_EDGE('',*,*,#2977,.F.);
#3910=ORIENTED_EDGE('',*,*,#2981,.F.);
#3911=ORIENTED_EDGE('',*,*,#2982,.T.);
#3912=ORIENTED_EDGE('',*,*,#2983,.F.);
#3913=ORIENTED_EDGE('',*,*,#2984,.F.);
#3914=ORIENTED_EDGE('',*,*,#2985,.F.);
#3915=ORIENTED_EDGE('',*,*,#2982,.F.);
#3916=ORIENTED_EDGE('',*,*,#2986,.F.);
#3917=ORIENTED_EDGE('',*,*,#2987,.T.);
#3918=ORIENTED_EDGE('',*,*,#2988,.F.);
#3919=ORIENTED_EDGE('',*,*,#2989,.F.);
#3920=ORIENTED_EDGE('',*,*,#2990,.F.);
#3921=ORIENTED_EDGE('',*,*,#2987,.F.);
#3922=ORIENTED_EDGE('',*,*,#2991,.F.);
#3923=ORIENTED_EDGE('',*,*,#2992,.T.);
#3924=ORIENTED_EDGE('',*,*,#2993,.F.);
#3925=ORIENTED_EDGE('',*,*,#2994,.F.);
#3926=ORIENTED_EDGE('',*,*,#2995,.F.);
#3927=ORIENTED_EDGE('',*,*,#2992,.F.);
#3928=ORIENTED_EDGE('',*,*,#2996,.F.);
#3929=ORIENTED_EDGE('',*,*,#2997,.T.);
#3930=ORIENTED_EDGE('',*,*,#2998,.F.);
#3931=ORIENTED_EDGE('',*,*,#2999,.F.);
#3932=ORIENTED_EDGE('',*,*,#3000,.F.);
#3933=ORIENTED_EDGE('',*,*,#2997,.F.);
#3934=ORIENTED_EDGE('',*,*,#3001,.F.);
#3935=ORIENTED_EDGE('',*,*,#3002,.T.);
#3936=ORIENTED_EDGE('',*,*,#3003,.F.);
#3937=ORIENTED_EDGE('',*,*,#3004,.F.);
#3938=ORIENTED_EDGE('',*,*,#3005,.F.);
#3939=ORIENTED_EDGE('',*,*,#3002,.F.);
#3940=ORIENTED_EDGE('',*,*,#3006,.F.);
#3941=ORIENTED_EDGE('',*,*,#3007,.T.);
#3942=ORIENTED_EDGE('',*,*,#3008,.F.);
#3943=ORIENTED_EDGE('',*,*,#3009,.F.);
#3944=ORIENTED_EDGE('',*,*,#3010,.F.);
#3945=ORIENTED_EDGE('',*,*,#3007,.F.);
#3946=ORIENTED_EDGE('',*,*,#3011,.F.);
#3947=ORIENTED_EDGE('',*,*,#3012,.T.);
#3948=ORIENTED_EDGE('',*,*,#3013,.F.);
#3949=ORIENTED_EDGE('',*,*,#3014,.F.);
#3950=ORIENTED_EDGE('',*,*,#3015,.F.);
#3951=ORIENTED_EDGE('',*,*,#3012,.F.);
#3952=ORIENTED_EDGE('',*,*,#3016,.F.);
#3953=ORIENTED_EDGE('',*,*,#3017,.T.);
#3954=ORIENTED_EDGE('',*,*,#3018,.F.);
#3955=ORIENTED_EDGE('',*,*,#3019,.F.);
#3956=ORIENTED_EDGE('',*,*,#3020,.F.);
#3957=ORIENTED_EDGE('',*,*,#3017,.F.);
#3958=ORIENTED_EDGE('',*,*,#3021,.F.);
#3959=ORIENTED_EDGE('',*,*,#3022,.T.);
#3960=ORIENTED_EDGE('',*,*,#3023,.F.);
#3961=ORIENTED_EDGE('',*,*,#3024,.F.);
#3962=ORIENTED_EDGE('',*,*,#3025,.F.);
#3963=ORIENTED_EDGE('',*,*,#3022,.F.);
#3964=ORIENTED_EDGE('',*,*,#3026,.F.);
#3965=ORIENTED_EDGE('',*,*,#3027,.T.);
#3966=ORIENTED_EDGE('',*,*,#3028,.F.);
#3967=ORIENTED_EDGE('',*,*,#3029,.F.);
#3968=ORIENTED_EDGE('',*,*,#3030,.F.);
#3969=ORIENTED_EDGE('',*,*,#3027,.F.);
#3970=ORIENTED_EDGE('',*,*,#3031,.F.);
#3971=ORIENTED_EDGE('',*,*,#3032,.T.);
#3972=ORIENTED_EDGE('',*,*,#3033,.F.);
#3973=ORIENTED_EDGE('',*,*,#3034,.F.);
#3974=ORIENTED_EDGE('',*,*,#3035,.F.);
#3975=ORIENTED_EDGE('',*,*,#3032,.F.);
#3976=ORIENTED_EDGE('',*,*,#3036,.F.);
#3977=ORIENTED_EDGE('',*,*,#3037,.T.);
#3978=ORIENTED_EDGE('',*,*,#3038,.F.);
#3979=ORIENTED_EDGE('',*,*,#3039,.F.);
#3980=ORIENTED_EDGE('',*,*,#3040,.F.);
#3981=ORIENTED_EDGE('',*,*,#3037,.F.);
#3982=ORIENTED_EDGE('',*,*,#3041,.F.);
#3983=ORIENTED_EDGE('',*,*,#3042,.T.);
#3984=ORIENTED_EDGE('',*,*,#3043,.F.);
#3985=ORIENTED_EDGE('',*,*,#3044,.F.);
#3986=ORIENTED_EDGE('',*,*,#3045,.F.);
#3987=ORIENTED_EDGE('',*,*,#3042,.F.);
#3988=ORIENTED_EDGE('',*,*,#3046,.F.);
#3989=ORIENTED_EDGE('',*,*,#3047,.T.);
#3990=ORIENTED_EDGE('',*,*,#3048,.F.);
#3991=ORIENTED_EDGE('',*,*,#3049,.F.);
#3992=ORIENTED_EDGE('',*,*,#3050,.F.);
#3993=ORIENTED_EDGE('',*,*,#3047,.F.);
#3994=ORIENTED_EDGE('',*,*,#3051,.F.);
#3995=ORIENTED_EDGE('',*,*,#3052,.T.);
#3996=ORIENTED_EDGE('',*,*,#3053,.F.);
#3997=ORIENTED_EDGE('',*,*,#3054,.F.);
#3998=ORIENTED_EDGE('',*,*,#3055,.F.);
#3999=ORIENTED_EDGE('',*,*,#3052,.F.);
#4000=ORIENTED_EDGE('',*,*,#3056,.F.);
#4001=ORIENTED_EDGE('',*,*,#3057,.T.);
#4002=ORIENTED_EDGE('',*,*,#3058,.F.);
#4003=ORIENTED_EDGE('',*,*,#3059,.F.);
#4004=ORIENTED_EDGE('',*,*,#3060,.F.);
#4005=ORIENTED_EDGE('',*,*,#3057,.F.);
#4006=ORIENTED_EDGE('',*,*,#3061,.F.);
#4007=ORIENTED_EDGE('',*,*,#3062,.T.);
#4008=ORIENTED_EDGE('',*,*,#3063,.F.);
#4009=ORIENTED_EDGE('',*,*,#3064,.F.);
#4010=ORIENTED_EDGE('',*,*,#3065,.F.);
#4011=ORIENTED_EDGE('',*,*,#3062,.F.);
#4012=ORIENTED_EDGE('',*,*,#3066,.T.);
#4013=ORIENTED_EDGE('',*,*,#2884,.T.);
#4014=ORIENTED_EDGE('',*,*,#2887,.T.);
#4015=ORIENTED_EDGE('',*,*,#2890,.T.);
#4016=ORIENTED_EDGE('',*,*,#2893,.T.);
#4017=ORIENTED_EDGE('',*,*,#2896,.T.);
#4018=ORIENTED_EDGE('',*,*,#2899,.T.);
#4019=ORIENTED_EDGE('',*,*,#2902,.T.);
#4020=ORIENTED_EDGE('',*,*,#2905,.T.);
#4021=ORIENTED_EDGE('',*,*,#2908,.T.);
#4022=ORIENTED_EDGE('',*,*,#2911,.T.);
#4023=ORIENTED_EDGE('',*,*,#2914,.T.);
#4024=ORIENTED_EDGE('',*,*,#2917,.T.);
#4025=ORIENTED_EDGE('',*,*,#2920,.T.);
#4026=ORIENTED_EDGE('',*,*,#2923,.T.);
#4027=ORIENTED_EDGE('',*,*,#2969,.T.);
#4028=ORIENTED_EDGE('',*,*,#3067,.T.);
#4029=ORIENTED_EDGE('',*,*,#3068,.T.);
#4030=ORIENTED_EDGE('',*,*,#3069,.T.);
#4031=ORIENTED_EDGE('',*,*,#3070,.T.);
#4032=ORIENTED_EDGE('',*,*,#3071,.T.);
#4033=ORIENTED_EDGE('',*,*,#3072,.T.);
#4034=ORIENTED_EDGE('',*,*,#3073,.T.);
#4035=ORIENTED_EDGE('',*,*,#3074,.T.);
#4036=ORIENTED_EDGE('',*,*,#3075,.T.);
#4037=ORIENTED_EDGE('',*,*,#2974,.T.);
#4038=ORIENTED_EDGE('',*,*,#3076,.T.);
#4039=ORIENTED_EDGE('',*,*,#3077,.T.);
#4040=ORIENTED_EDGE('',*,*,#3078,.T.);
#4041=ORIENTED_EDGE('',*,*,#3079,.T.);
#4042=ORIENTED_EDGE('',*,*,#3080,.T.);
#4043=ORIENTED_EDGE('',*,*,#3081,.T.);
#4044=ORIENTED_EDGE('',*,*,#3082,.T.);
#4045=ORIENTED_EDGE('',*,*,#3083,.T.);
#4046=ORIENTED_EDGE('',*,*,#3084,.T.);
#4047=ORIENTED_EDGE('',*,*,#2979,.T.);
#4048=ORIENTED_EDGE('',*,*,#3085,.T.);
#4049=ORIENTED_EDGE('',*,*,#3086,.T.);
#4050=ORIENTED_EDGE('',*,*,#3087,.T.);
#4051=ORIENTED_EDGE('',*,*,#3088,.T.);
#4052=ORIENTED_EDGE('',*,*,#3089,.T.);
#4053=ORIENTED_EDGE('',*,*,#3090,.T.);
#4054=ORIENTED_EDGE('',*,*,#3091,.T.);
#4055=ORIENTED_EDGE('',*,*,#3092,.T.);
#4056=ORIENTED_EDGE('',*,*,#3093,.T.);
#4057=ORIENTED_EDGE('',*,*,#2984,.T.);
#4058=ORIENTED_EDGE('',*,*,#3094,.T.);
#4059=ORIENTED_EDGE('',*,*,#3095,.T.);
#4060=ORIENTED_EDGE('',*,*,#3096,.T.);
#4061=ORIENTED_EDGE('',*,*,#3097,.T.);
#4062=ORIENTED_EDGE('',*,*,#3098,.T.);
#4063=ORIENTED_EDGE('',*,*,#3099,.T.);
#4064=ORIENTED_EDGE('',*,*,#3100,.T.);
#4065=ORIENTED_EDGE('',*,*,#3101,.T.);
#4066=ORIENTED_EDGE('',*,*,#3102,.T.);
#4067=ORIENTED_EDGE('',*,*,#2989,.T.);
#4068=ORIENTED_EDGE('',*,*,#3103,.T.);
#4069=ORIENTED_EDGE('',*,*,#3104,.T.);
#4070=ORIENTED_EDGE('',*,*,#3105,.T.);
#4071=ORIENTED_EDGE('',*,*,#3106,.T.);
#4072=ORIENTED_EDGE('',*,*,#3107,.T.);
#4073=ORIENTED_EDGE('',*,*,#3108,.T.);
#4074=ORIENTED_EDGE('',*,*,#3109,.T.);
#4075=ORIENTED_EDGE('',*,*,#3110,.T.);
#4076=ORIENTED_EDGE('',*,*,#3111,.T.);
#4077=ORIENTED_EDGE('',*,*,#2994,.T.);
#4078=ORIENTED_EDGE('',*,*,#3112,.T.);
#4079=ORIENTED_EDGE('',*,*,#3113,.T.);
#4080=ORIENTED_EDGE('',*,*,#3114,.T.);
#4081=ORIENTED_EDGE('',*,*,#3115,.T.);
#4082=ORIENTED_EDGE('',*,*,#3116,.T.);
#4083=ORIENTED_EDGE('',*,*,#3117,.T.);
#4084=ORIENTED_EDGE('',*,*,#3118,.T.);
#4085=ORIENTED_EDGE('',*,*,#3119,.T.);
#4086=ORIENTED_EDGE('',*,*,#3120,.T.);
#4087=ORIENTED_EDGE('',*,*,#2999,.T.);
#4088=ORIENTED_EDGE('',*,*,#3121,.T.);
#4089=ORIENTED_EDGE('',*,*,#3122,.T.);
#4090=ORIENTED_EDGE('',*,*,#3123,.T.);
#4091=ORIENTED_EDGE('',*,*,#3124,.T.);
#4092=ORIENTED_EDGE('',*,*,#3125,.T.);
#4093=ORIENTED_EDGE('',*,*,#3126,.T.);
#4094=ORIENTED_EDGE('',*,*,#3127,.T.);
#4095=ORIENTED_EDGE('',*,*,#3128,.T.);
#4096=ORIENTED_EDGE('',*,*,#3129,.T.);
#4097=ORIENTED_EDGE('',*,*,#3004,.T.);
#4098=ORIENTED_EDGE('',*,*,#3130,.T.);
#4099=ORIENTED_EDGE('',*,*,#3131,.T.);
#4100=ORIENTED_EDGE('',*,*,#3132,.T.);
#4101=ORIENTED_EDGE('',*,*,#3133,.T.);
#4102=ORIENTED_EDGE('',*,*,#3134,.T.);
#4103=ORIENTED_EDGE('',*,*,#3135,.T.);
#4104=ORIENTED_EDGE('',*,*,#3136,.T.);
#4105=ORIENTED_EDGE('',*,*,#3137,.T.);
#4106=ORIENTED_EDGE('',*,*,#3138,.T.);
#4107=ORIENTED_EDGE('',*,*,#3009,.T.);
#4108=ORIENTED_EDGE('',*,*,#3139,.T.);
#4109=ORIENTED_EDGE('',*,*,#3140,.T.);
#4110=ORIENTED_EDGE('',*,*,#3141,.T.);
#4111=ORIENTED_EDGE('',*,*,#3142,.T.);
#4112=ORIENTED_EDGE('',*,*,#3143,.T.);
#4113=ORIENTED_EDGE('',*,*,#3144,.T.);
#4114=ORIENTED_EDGE('',*,*,#3145,.T.);
#4115=ORIENTED_EDGE('',*,*,#3146,.T.);
#4116=ORIENTED_EDGE('',*,*,#3147,.T.);
#4117=ORIENTED_EDGE('',*,*,#3014,.T.);
#4118=ORIENTED_EDGE('',*,*,#3148,.T.);
#4119=ORIENTED_EDGE('',*,*,#3149,.T.);
#4120=ORIENTED_EDGE('',*,*,#3150,.T.);
#4121=ORIENTED_EDGE('',*,*,#3151,.T.);
#4122=ORIENTED_EDGE('',*,*,#3152,.T.);
#4123=ORIENTED_EDGE('',*,*,#3153,.T.);
#4124=ORIENTED_EDGE('',*,*,#3154,.T.);
#4125=ORIENTED_EDGE('',*,*,#3155,.T.);
#4126=ORIENTED_EDGE('',*,*,#3156,.T.);
#4127=ORIENTED_EDGE('',*,*,#3019,.T.);
#4128=ORIENTED_EDGE('',*,*,#3157,.T.);
#4129=ORIENTED_EDGE('',*,*,#3158,.T.);
#4130=ORIENTED_EDGE('',*,*,#3159,.T.);
#4131=ORIENTED_EDGE('',*,*,#3160,.T.);
#4132=ORIENTED_EDGE('',*,*,#3161,.T.);
#4133=ORIENTED_EDGE('',*,*,#3162,.T.);
#4134=ORIENTED_EDGE('',*,*,#3163,.T.);
#4135=ORIENTED_EDGE('',*,*,#3164,.T.);
#4136=ORIENTED_EDGE('',*,*,#3165,.T.);
#4137=ORIENTED_EDGE('',*,*,#3024,.T.);
#4138=ORIENTED_EDGE('',*,*,#3166,.T.);
#4139=ORIENTED_EDGE('',*,*,#3167,.T.);
#4140=ORIENTED_EDGE('',*,*,#3168,.T.);
#4141=ORIENTED_EDGE('',*,*,#3169,.T.);
#4142=ORIENTED_EDGE('',*,*,#3170,.T.);
#4143=ORIENTED_EDGE('',*,*,#3171,.T.);
#4144=ORIENTED_EDGE('',*,*,#3172,.T.);
#4145=ORIENTED_EDGE('',*,*,#3173,.T.);
#4146=ORIENTED_EDGE('',*,*,#3174,.T.);
#4147=ORIENTED_EDGE('',*,*,#3029,.T.);
#4148=ORIENTED_EDGE('',*,*,#3175,.T.);
#4149=ORIENTED_EDGE('',*,*,#3176,.T.);
#4150=ORIENTED_EDGE('',*,*,#3177,.T.);
#4151=ORIENTED_EDGE('',*,*,#3178,.T.);
#4152=ORIENTED_EDGE('',*,*,#3179,.T.);
#4153=ORIENTED_EDGE('',*,*,#3180,.T.);
#4154=ORIENTED_EDGE('',*,*,#3181,.T.);
#4155=ORIENTED_EDGE('',*,*,#3182,.T.);
#4156=ORIENTED_EDGE('',*,*,#3183,.T.);
#4157=ORIENTED_EDGE('',*,*,#3034,.T.);
#4158=ORIENTED_EDGE('',*,*,#3184,.T.);
#4159=ORIENTED_EDGE('',*,*,#3185,.T.);
#4160=ORIENTED_EDGE('',*,*,#3186,.T.);
#4161=ORIENTED_EDGE('',*,*,#3187,.T.);
#4162=ORIENTED_EDGE('',*,*,#3188,.T.);
#4163=ORIENTED_EDGE('',*,*,#3189,.T.);
#4164=ORIENTED_EDGE('',*,*,#3190,.T.);
#4165=ORIENTED_EDGE('',*,*,#3191,.T.);
#4166=ORIENTED_EDGE('',*,*,#3192,.T.);
#4167=ORIENTED_EDGE('',*,*,#3039,.T.);
#4168=ORIENTED_EDGE('',*,*,#3193,.T.);
#4169=ORIENTED_EDGE('',*,*,#3194,.T.);
#4170=ORIENTED_EDGE('',*,*,#3195,.T.);
#4171=ORIENTED_EDGE('',*,*,#3196,.T.);
#4172=ORIENTED_EDGE('',*,*,#3197,.T.);
#4173=ORIENTED_EDGE('',*,*,#3198,.T.);
#4174=ORIENTED_EDGE('',*,*,#3199,.T.);
#4175=ORIENTED_EDGE('',*,*,#3200,.T.);
#4176=ORIENTED_EDGE('',*,*,#3201,.T.);
#4177=ORIENTED_EDGE('',*,*,#3044,.T.);
#4178=ORIENTED_EDGE('',*,*,#3202,.T.);
#4179=ORIENTED_EDGE('',*,*,#3203,.T.);
#4180=ORIENTED_EDGE('',*,*,#3204,.T.);
#4181=ORIENTED_EDGE('',*,*,#3205,.T.);
#4182=ORIENTED_EDGE('',*,*,#3206,.T.);
#4183=ORIENTED_EDGE('',*,*,#3207,.T.);
#4184=ORIENTED_EDGE('',*,*,#3208,.T.);
#4185=ORIENTED_EDGE('',*,*,#3209,.T.);
#4186=ORIENTED_EDGE('',*,*,#3210,.T.);
#4187=ORIENTED_EDGE('',*,*,#3049,.T.);
#4188=ORIENTED_EDGE('',*,*,#3211,.T.);
#4189=ORIENTED_EDGE('',*,*,#3212,.T.);
#4190=ORIENTED_EDGE('',*,*,#3213,.T.);
#4191=ORIENTED_EDGE('',*,*,#3214,.T.);
#4192=ORIENTED_EDGE('',*,*,#3215,.T.);
#4193=ORIENTED_EDGE('',*,*,#3216,.T.);
#4194=ORIENTED_EDGE('',*,*,#3217,.T.);
#4195=ORIENTED_EDGE('',*,*,#3218,.T.);
#4196=ORIENTED_EDGE('',*,*,#3219,.T.);
#4197=ORIENTED_EDGE('',*,*,#3054,.T.);
#4198=ORIENTED_EDGE('',*,*,#3220,.T.);
#4199=ORIENTED_EDGE('',*,*,#3221,.T.);
#4200=ORIENTED_EDGE('',*,*,#3222,.T.);
#4201=ORIENTED_EDGE('',*,*,#3223,.T.);
#4202=ORIENTED_EDGE('',*,*,#3224,.T.);
#4203=ORIENTED_EDGE('',*,*,#3225,.T.);
#4204=ORIENTED_EDGE('',*,*,#3226,.T.);
#4205=ORIENTED_EDGE('',*,*,#3227,.T.);
#4206=ORIENTED_EDGE('',*,*,#3228,.T.);
#4207=ORIENTED_EDGE('',*,*,#3059,.T.);
#4208=ORIENTED_EDGE('',*,*,#3229,.T.);
#4209=ORIENTED_EDGE('',*,*,#3230,.T.);
#4210=ORIENTED_EDGE('',*,*,#3231,.T.);
#4211=ORIENTED_EDGE('',*,*,#3232,.T.);
#4212=ORIENTED_EDGE('',*,*,#3233,.T.);
#4213=ORIENTED_EDGE('',*,*,#3234,.T.);
#4214=ORIENTED_EDGE('',*,*,#3235,.T.);
#4215=ORIENTED_EDGE('',*,*,#3236,.T.);
#4216=ORIENTED_EDGE('',*,*,#3237,.T.);
#4217=ORIENTED_EDGE('',*,*,#3064,.T.);
#4218=ORIENTED_EDGE('',*,*,#3238,.T.);
#4219=ORIENTED_EDGE('',*,*,#3239,.T.);
#4220=ORIENTED_EDGE('',*,*,#3240,.T.);
#4221=ORIENTED_EDGE('',*,*,#3241,.T.);
#4222=ORIENTED_EDGE('',*,*,#3242,.T.);
#4223=ORIENTED_EDGE('',*,*,#3243,.T.);
#4224=ORIENTED_EDGE('',*,*,#3244,.T.);
#4225=ORIENTED_EDGE('',*,*,#3245,.T.);
#4226=ORIENTED_EDGE('',*,*,#3246,.T.);
#4227=ORIENTED_EDGE('',*,*,#3247,.T.);
#4228=ORIENTED_EDGE('',*,*,#3071,.F.);
#4229=ORIENTED_EDGE('',*,*,#3248,.T.);
#4230=ORIENTED_EDGE('',*,*,#3249,.T.);
#4231=ORIENTED_EDGE('',*,*,#3250,.F.);
#4232=ORIENTED_EDGE('',*,*,#3070,.F.);
#4233=ORIENTED_EDGE('',*,*,#3251,.T.);
#4234=ORIENTED_EDGE('',*,*,#3252,.T.);
#4235=ORIENTED_EDGE('',*,*,#3248,.F.);
#4236=ORIENTED_EDGE('',*,*,#3069,.F.);
#4237=ORIENTED_EDGE('',*,*,#3253,.T.);
#4238=ORIENTED_EDGE('',*,*,#3254,.T.);
#4239=ORIENTED_EDGE('',*,*,#3251,.F.);
#4240=ORIENTED_EDGE('',*,*,#3068,.F.);
#4241=ORIENTED_EDGE('',*,*,#3255,.T.);
#4242=ORIENTED_EDGE('',*,*,#3256,.T.);
#4243=ORIENTED_EDGE('',*,*,#3253,.F.);
#4244=ORIENTED_EDGE('',*,*,#2966,.T.);
#4245=ORIENTED_EDGE('',*,*,#3075,.F.);
#4246=ORIENTED_EDGE('',*,*,#3257,.T.);
#4247=ORIENTED_EDGE('',*,*,#3258,.T.);
#4248=ORIENTED_EDGE('',*,*,#3255,.F.);
#4249=ORIENTED_EDGE('',*,*,#3067,.F.);
#4250=ORIENTED_EDGE('',*,*,#2968,.T.);
#4251=ORIENTED_EDGE('',*,*,#2970,.T.);
#4252=ORIENTED_EDGE('',*,*,#3074,.F.);
#4253=ORIENTED_EDGE('',*,*,#3259,.T.);
#4254=ORIENTED_EDGE('',*,*,#3260,.T.);
#4255=ORIENTED_EDGE('',*,*,#3257,.F.);
#4256=ORIENTED_EDGE('',*,*,#3073,.F.);
#4257=ORIENTED_EDGE('',*,*,#3261,.T.);
#4258=ORIENTED_EDGE('',*,*,#3262,.T.);
#4259=ORIENTED_EDGE('',*,*,#3259,.F.);
#4260=ORIENTED_EDGE('',*,*,#3072,.F.);
#4261=ORIENTED_EDGE('',*,*,#3250,.T.);
#4262=ORIENTED_EDGE('',*,*,#3263,.T.);
#4263=ORIENTED_EDGE('',*,*,#3261,.F.);
#4264=ORIENTED_EDGE('',*,*,#3263,.F.);
#4265=ORIENTED_EDGE('',*,*,#3249,.F.);
#4266=ORIENTED_EDGE('',*,*,#3252,.F.);
#4267=ORIENTED_EDGE('',*,*,#3254,.F.);
#4268=ORIENTED_EDGE('',*,*,#3256,.F.);
#4269=ORIENTED_EDGE('',*,*,#3258,.F.);
#4270=ORIENTED_EDGE('',*,*,#3260,.F.);
#4271=ORIENTED_EDGE('',*,*,#3262,.F.);
#4272=ORIENTED_EDGE('',*,*,#2942,.T.);
#4273=ORIENTED_EDGE('',*,*,#2971,.T.);
#4274=ORIENTED_EDGE('',*,*,#3084,.F.);
#4275=ORIENTED_EDGE('',*,*,#3264,.T.);
#4276=ORIENTED_EDGE('',*,*,#3265,.T.);
#4277=ORIENTED_EDGE('',*,*,#3266,.F.);
#4278=ORIENTED_EDGE('',*,*,#3076,.F.);
#4279=ORIENTED_EDGE('',*,*,#2973,.T.);
#4280=ORIENTED_EDGE('',*,*,#2975,.T.);
#4281=ORIENTED_EDGE('',*,*,#3083,.F.);
#4282=ORIENTED_EDGE('',*,*,#3267,.T.);
#4283=ORIENTED_EDGE('',*,*,#3268,.T.);
#4284=ORIENTED_EDGE('',*,*,#3264,.F.);
#4285=ORIENTED_EDGE('',*,*,#3082,.F.);
#4286=ORIENTED_EDGE('',*,*,#3269,.T.);
#4287=ORIENTED_EDGE('',*,*,#3270,.T.);
#4288=ORIENTED_EDGE('',*,*,#3267,.F.);
#4289=ORIENTED_EDGE('',*,*,#3081,.F.);
#4290=ORIENTED_EDGE('',*,*,#3271,.T.);
#4291=ORIENTED_EDGE('',*,*,#3272,.T.);
#4292=ORIENTED_EDGE('',*,*,#3269,.F.);
#4293=ORIENTED_EDGE('',*,*,#3080,.F.);
#4294=ORIENTED_EDGE('',*,*,#3273,.T.);
#4295=ORIENTED_EDGE('',*,*,#3274,.T.);
#4296=ORIENTED_EDGE('',*,*,#3271,.F.);
#4297=ORIENTED_EDGE('',*,*,#3079,.F.);
#4298=ORIENTED_EDGE('',*,*,#3275,.T.);
#4299=ORIENTED_EDGE('',*,*,#3276,.T.);
#4300=ORIENTED_EDGE('',*,*,#3273,.F.);
#4301=ORIENTED_EDGE('',*,*,#3078,.F.);
#4302=ORIENTED_EDGE('',*,*,#3277,.T.);
#4303=ORIENTED_EDGE('',*,*,#3278,.T.);
#4304=ORIENTED_EDGE('',*,*,#3275,.F.);
#4305=ORIENTED_EDGE('',*,*,#3077,.F.);
#4306=ORIENTED_EDGE('',*,*,#3266,.T.);
#4307=ORIENTED_EDGE('',*,*,#3279,.T.);
#4308=ORIENTED_EDGE('',*,*,#3277,.F.);
#4309=ORIENTED_EDGE('',*,*,#3279,.F.);
#4310=ORIENTED_EDGE('',*,*,#3265,.F.);
#4311=ORIENTED_EDGE('',*,*,#3268,.F.);
#4312=ORIENTED_EDGE('',*,*,#3270,.F.);
#4313=ORIENTED_EDGE('',*,*,#3272,.F.);
#4314=ORIENTED_EDGE('',*,*,#3274,.F.);
#4315=ORIENTED_EDGE('',*,*,#3276,.F.);
#4316=ORIENTED_EDGE('',*,*,#3278,.F.);
#4317=ORIENTED_EDGE('',*,*,#2944,.T.);
#4318=ORIENTED_EDGE('',*,*,#3087,.F.);
#4319=ORIENTED_EDGE('',*,*,#3280,.T.);
#4320=ORIENTED_EDGE('',*,*,#3281,.T.);
#4321=ORIENTED_EDGE('',*,*,#3282,.F.);
#4322=ORIENTED_EDGE('',*,*,#3086,.F.);
#4323=ORIENTED_EDGE('',*,*,#3283,.T.);
#4324=ORIENTED_EDGE('',*,*,#3284,.T.);
#4325=ORIENTED_EDGE('',*,*,#3280,.F.);
#4326=ORIENTED_EDGE('',*,*,#2976,.T.);
#4327=ORIENTED_EDGE('',*,*,#3093,.F.);
#4328=ORIENTED_EDGE('',*,*,#3285,.T.);
#4329=ORIENTED_EDGE('',*,*,#3286,.T.);
#4330=ORIENTED_EDGE('',*,*,#3283,.F.);
#4331=ORIENTED_EDGE('',*,*,#3085,.F.);
#4332=ORIENTED_EDGE('',*,*,#2978,.T.);
#4333=ORIENTED_EDGE('',*,*,#2980,.T.);
#4334=ORIENTED_EDGE('',*,*,#3092,.F.);
#4335=ORIENTED_EDGE('',*,*,#3287,.T.);
#4336=ORIENTED_EDGE('',*,*,#3288,.T.);
#4337=ORIENTED_EDGE('',*,*,#3285,.F.);
#4338=ORIENTED_EDGE('',*,*,#3091,.F.);
#4339=ORIENTED_EDGE('',*,*,#3289,.T.);
#4340=ORIENTED_EDGE('',*,*,#3290,.T.);
#4341=ORIENTED_EDGE('',*,*,#3287,.F.);
#4342=ORIENTED_EDGE('',*,*,#3090,.F.);
#4343=ORIENTED_EDGE('',*,*,#3291,.T.);
#4344=ORIENTED_EDGE('',*,*,#3292,.T.);
#4345=ORIENTED_EDGE('',*,*,#3289,.F.);
#4346=ORIENTED_EDGE('',*,*,#3089,.F.);
#4347=ORIENTED_EDGE('',*,*,#3293,.T.);
#4348=ORIENTED_EDGE('',*,*,#3294,.T.);
#4349=ORIENTED_EDGE('',*,*,#3291,.F.);
#4350=ORIENTED_EDGE('',*,*,#3088,.F.);
#4351=ORIENTED_EDGE('',*,*,#3282,.T.);
#4352=ORIENTED_EDGE('',*,*,#3295,.T.);
#4353=ORIENTED_EDGE('',*,*,#3293,.F.);
#4354=ORIENTED_EDGE('',*,*,#3295,.F.);
#4355=ORIENTED_EDGE('',*,*,#3281,.F.);
#4356=ORIENTED_EDGE('',*,*,#3284,.F.);
#4357=ORIENTED_EDGE('',*,*,#3286,.F.);
#4358=ORIENTED_EDGE('',*,*,#3288,.F.);
#4359=ORIENTED_EDGE('',*,*,#3290,.F.);
#4360=ORIENTED_EDGE('',*,*,#3292,.F.);
#4361=ORIENTED_EDGE('',*,*,#3294,.F.);
#4362=ORIENTED_EDGE('',*,*,#2936,.T.);
#4363=ORIENTED_EDGE('',*,*,#3098,.F.);
#4364=ORIENTED_EDGE('',*,*,#3296,.T.);
#4365=ORIENTED_EDGE('',*,*,#3297,.T.);
#4366=ORIENTED_EDGE('',*,*,#3298,.F.);
#4367=ORIENTED_EDGE('',*,*,#3097,.F.);
#4368=ORIENTED_EDGE('',*,*,#3299,.T.);
#4369=ORIENTED_EDGE('',*,*,#3300,.T.);
#4370=ORIENTED_EDGE('',*,*,#3296,.F.);
#4371=ORIENTED_EDGE('',*,*,#3096,.F.);
#4372=ORIENTED_EDGE('',*,*,#3301,.T.);
#4373=ORIENTED_EDGE('',*,*,#3302,.T.);
#4374=ORIENTED_EDGE('',*,*,#3299,.F.);
#4375=ORIENTED_EDGE('',*,*,#3095,.F.);
#4376=ORIENTED_EDGE('',*,*,#3303,.T.);
#4377=ORIENTED_EDGE('',*,*,#3304,.T.);
#4378=ORIENTED_EDGE('',*,*,#3301,.F.);
#4379=ORIENTED_EDGE('',*,*,#2981,.T.);
#4380=ORIENTED_EDGE('',*,*,#3102,.F.);
#4381=ORIENTED_EDGE('',*,*,#3305,.T.);
#4382=ORIENTED_EDGE('',*,*,#3306,.T.);
#4383=ORIENTED_EDGE('',*,*,#3303,.F.);
#4384=ORIENTED_EDGE('',*,*,#3094,.F.);
#4385=ORIENTED_EDGE('',*,*,#2983,.T.);
#4386=ORIENTED_EDGE('',*,*,#2985,.T.);
#4387=ORIENTED_EDGE('',*,*,#3101,.F.);
#4388=ORIENTED_EDGE('',*,*,#3307,.T.);
#4389=ORIENTED_EDGE('',*,*,#3308,.T.);
#4390=ORIENTED_EDGE('',*,*,#3305,.F.);
#4391=ORIENTED_EDGE('',*,*,#3100,.F.);
#4392=ORIENTED_EDGE('',*,*,#3309,.T.);
#4393=ORIENTED_EDGE('',*,*,#3310,.T.);
#4394=ORIENTED_EDGE('',*,*,#3307,.F.);
#4395=ORIENTED_EDGE('',*,*,#3099,.F.);
#4396=ORIENTED_EDGE('',*,*,#3298,.T.);
#4397=ORIENTED_EDGE('',*,*,#3311,.T.);
#4398=ORIENTED_EDGE('',*,*,#3309,.F.);
#4399=ORIENTED_EDGE('',*,*,#3311,.F.);
#4400=ORIENTED_EDGE('',*,*,#3297,.F.);
#4401=ORIENTED_EDGE('',*,*,#3300,.F.);
#4402=ORIENTED_EDGE('',*,*,#3302,.F.);
#4403=ORIENTED_EDGE('',*,*,#3304,.F.);
#4404=ORIENTED_EDGE('',*,*,#3306,.F.);
#4405=ORIENTED_EDGE('',*,*,#3308,.F.);
#4406=ORIENTED_EDGE('',*,*,#3310,.F.);
#4407=ORIENTED_EDGE('',*,*,#2938,.T.);
#4408=ORIENTED_EDGE('',*,*,#3107,.F.);
#4409=ORIENTED_EDGE('',*,*,#3312,.T.);
#4410=ORIENTED_EDGE('',*,*,#3313,.T.);
#4411=ORIENTED_EDGE('',*,*,#3314,.F.);
#4412=ORIENTED_EDGE('',*,*,#3106,.F.);
#4413=ORIENTED_EDGE('',*,*,#3315,.T.);
#4414=ORIENTED_EDGE('',*,*,#3316,.T.);
#4415=ORIENTED_EDGE('',*,*,#3312,.F.);
#4416=ORIENTED_EDGE('',*,*,#3105,.F.);
#4417=ORIENTED_EDGE('',*,*,#3317,.T.);
#4418=ORIENTED_EDGE('',*,*,#3318,.T.);
#4419=ORIENTED_EDGE('',*,*,#3315,.F.);
#4420=ORIENTED_EDGE('',*,*,#3104,.F.);
#4421=ORIENTED_EDGE('',*,*,#3319,.T.);
#4422=ORIENTED_EDGE('',*,*,#3320,.T.);
#4423=ORIENTED_EDGE('',*,*,#3317,.F.);
#4424=ORIENTED_EDGE('',*,*,#2986,.T.);
#4425=ORIENTED_EDGE('',*,*,#3111,.F.);
#4426=ORIENTED_EDGE('',*,*,#3321,.T.);
#4427=ORIENTED_EDGE('',*,*,#3322,.T.);
#4428=ORIENTED_EDGE('',*,*,#3319,.F.);
#4429=ORIENTED_EDGE('',*,*,#3103,.F.);
#4430=ORIENTED_EDGE('',*,*,#2988,.T.);
#4431=ORIENTED_EDGE('',*,*,#2990,.T.);
#4432=ORIENTED_EDGE('',*,*,#3110,.F.);
#4433=ORIENTED_EDGE('',*,*,#3323,.T.);
#4434=ORIENTED_EDGE('',*,*,#3324,.T.);
#4435=ORIENTED_EDGE('',*,*,#3321,.F.);
#4436=ORIENTED_EDGE('',*,*,#3109,.F.);
#4437=ORIENTED_EDGE('',*,*,#3325,.T.);
#4438=ORIENTED_EDGE('',*,*,#3326,.T.);
#4439=ORIENTED_EDGE('',*,*,#3323,.F.);
#4440=ORIENTED_EDGE('',*,*,#3108,.F.);
#4441=ORIENTED_EDGE('',*,*,#3314,.T.);
#4442=ORIENTED_EDGE('',*,*,#3327,.T.);
#4443=ORIENTED_EDGE('',*,*,#3325,.F.);
#4444=ORIENTED_EDGE('',*,*,#3327,.F.);
#4445=ORIENTED_EDGE('',*,*,#3313,.F.);
#4446=ORIENTED_EDGE('',*,*,#3316,.F.);
#4447=ORIENTED_EDGE('',*,*,#3318,.F.);
#4448=ORIENTED_EDGE('',*,*,#3320,.F.);
#4449=ORIENTED_EDGE('',*,*,#3322,.F.);
#4450=ORIENTED_EDGE('',*,*,#3324,.F.);
#4451=ORIENTED_EDGE('',*,*,#3326,.F.);
#4452=ORIENTED_EDGE('',*,*,#2940,.T.);
#4453=ORIENTED_EDGE('',*,*,#3115,.F.);
#4454=ORIENTED_EDGE('',*,*,#3328,.T.);
#4455=ORIENTED_EDGE('',*,*,#3329,.T.);
#4456=ORIENTED_EDGE('',*,*,#3330,.F.);
#4457=ORIENTED_EDGE('',*,*,#3114,.F.);
#4458=ORIENTED_EDGE('',*,*,#3331,.T.);
#4459=ORIENTED_EDGE('',*,*,#3332,.T.);
#4460=ORIENTED_EDGE('',*,*,#3328,.F.);
#4461=ORIENTED_EDGE('',*,*,#3113,.F.);
#4462=ORIENTED_EDGE('',*,*,#3333,.T.);
#4463=ORIENTED_EDGE('',*,*,#3334,.T.);
#4464=ORIENTED_EDGE('',*,*,#3331,.F.);
#4465=ORIENTED_EDGE('',*,*,#2991,.T.);
#4466=ORIENTED_EDGE('',*,*,#3120,.F.);
#4467=ORIENTED_EDGE('',*,*,#3335,.T.);
#4468=ORIENTED_EDGE('',*,*,#3336,.T.);
#4469=ORIENTED_EDGE('',*,*,#3333,.F.);
#4470=ORIENTED_EDGE('',*,*,#3112,.F.);
#4471=ORIENTED_EDGE('',*,*,#2993,.T.);
#4472=ORIENTED_EDGE('',*,*,#2995,.T.);
#4473=ORIENTED_EDGE('',*,*,#3119,.F.);
#4474=ORIENTED_EDGE('',*,*,#3337,.T.);
#4475=ORIENTED_EDGE('',*,*,#3338,.T.);
#4476=ORIENTED_EDGE('',*,*,#3335,.F.);
#4477=ORIENTED_EDGE('',*,*,#3118,.F.);
#4478=ORIENTED_EDGE('',*,*,#3339,.T.);
#4479=ORIENTED_EDGE('',*,*,#3340,.T.);
#4480=ORIENTED_EDGE('',*,*,#3337,.F.);
#4481=ORIENTED_EDGE('',*,*,#3117,.F.);
#4482=ORIENTED_EDGE('',*,*,#3341,.T.);
#4483=ORIENTED_EDGE('',*,*,#3342,.T.);
#4484=ORIENTED_EDGE('',*,*,#3339,.F.);
#4485=ORIENTED_EDGE('',*,*,#3116,.F.);
#4486=ORIENTED_EDGE('',*,*,#3330,.T.);
#4487=ORIENTED_EDGE('',*,*,#3343,.T.);
#4488=ORIENTED_EDGE('',*,*,#3341,.F.);
#4489=ORIENTED_EDGE('',*,*,#3343,.F.);
#4490=ORIENTED_EDGE('',*,*,#3329,.F.);
#4491=ORIENTED_EDGE('',*,*,#3332,.F.);
#4492=ORIENTED_EDGE('',*,*,#3334,.F.);
#4493=ORIENTED_EDGE('',*,*,#3336,.F.);
#4494=ORIENTED_EDGE('',*,*,#3338,.F.);
#4495=ORIENTED_EDGE('',*,*,#3340,.F.);
#4496=ORIENTED_EDGE('',*,*,#3342,.F.);
#4497=ORIENTED_EDGE('',*,*,#2930,.T.);
#4498=ORIENTED_EDGE('',*,*,#2996,.T.);
#4499=ORIENTED_EDGE('',*,*,#3129,.F.);
#4500=ORIENTED_EDGE('',*,*,#3344,.T.);
#4501=ORIENTED_EDGE('',*,*,#3345,.T.);
#4502=ORIENTED_EDGE('',*,*,#3346,.F.);
#4503=ORIENTED_EDGE('',*,*,#3121,.F.);
#4504=ORIENTED_EDGE('',*,*,#2998,.T.);
#4505=ORIENTED_EDGE('',*,*,#3000,.T.);
#4506=ORIENTED_EDGE('',*,*,#3128,.F.);
#4507=ORIENTED_EDGE('',*,*,#3347,.T.);
#4508=ORIENTED_EDGE('',*,*,#3348,.T.);
#4509=ORIENTED_EDGE('',*,*,#3344,.F.);
#4510=ORIENTED_EDGE('',*,*,#3127,.F.);
#4511=ORIENTED_EDGE('',*,*,#3349,.T.);
#4512=ORIENTED_EDGE('',*,*,#3350,.T.);
#4513=ORIENTED_EDGE('',*,*,#3347,.F.);
#4514=ORIENTED_EDGE('',*,*,#3126,.F.);
#4515=ORIENTED_EDGE('',*,*,#3351,.T.);
#4516=ORIENTED_EDGE('',*,*,#3352,.T.);
#4517=ORIENTED_EDGE('',*,*,#3349,.F.);
#4518=ORIENTED_EDGE('',*,*,#3125,.F.);
#4519=ORIENTED_EDGE('',*,*,#3353,.T.);
#4520=ORIENTED_EDGE('',*,*,#3354,.T.);
#4521=ORIENTED_EDGE('',*,*,#3351,.F.);
#4522=ORIENTED_EDGE('',*,*,#3124,.F.);
#4523=ORIENTED_EDGE('',*,*,#3355,.T.);
#4524=ORIENTED_EDGE('',*,*,#3356,.T.);
#4525=ORIENTED_EDGE('',*,*,#3353,.F.);
#4526=ORIENTED_EDGE('',*,*,#3123,.F.);
#4527=ORIENTED_EDGE('',*,*,#3357,.T.);
#4528=ORIENTED_EDGE('',*,*,#3358,.T.);
#4529=ORIENTED_EDGE('',*,*,#3355,.F.);
#4530=ORIENTED_EDGE('',*,*,#3122,.F.);
#4531=ORIENTED_EDGE('',*,*,#3346,.T.);
#4532=ORIENTED_EDGE('',*,*,#3359,.T.);
#4533=ORIENTED_EDGE('',*,*,#3357,.F.);
#4534=ORIENTED_EDGE('',*,*,#3359,.F.);
#4535=ORIENTED_EDGE('',*,*,#3345,.F.);
#4536=ORIENTED_EDGE('',*,*,#3348,.F.);
#4537=ORIENTED_EDGE('',*,*,#3350,.F.);
#4538=ORIENTED_EDGE('',*,*,#3352,.F.);
#4539=ORIENTED_EDGE('',*,*,#3354,.F.);
#4540=ORIENTED_EDGE('',*,*,#3356,.F.);
#4541=ORIENTED_EDGE('',*,*,#3358,.F.);
#4542=ORIENTED_EDGE('',*,*,#2932,.T.);
#4543=ORIENTED_EDGE('',*,*,#3132,.F.);
#4544=ORIENTED_EDGE('',*,*,#3360,.T.);
#4545=ORIENTED_EDGE('',*,*,#3361,.T.);
#4546=ORIENTED_EDGE('',*,*,#3362,.F.);
#4547=ORIENTED_EDGE('',*,*,#3131,.F.);
#4548=ORIENTED_EDGE('',*,*,#3363,.T.);
#4549=ORIENTED_EDGE('',*,*,#3364,.T.);
#4550=ORIENTED_EDGE('',*,*,#3360,.F.);
#4551=ORIENTED_EDGE('',*,*,#3001,.T.);
#4552=ORIENTED_EDGE('',*,*,#3138,.F.);
#4553=ORIENTED_EDGE('',*,*,#3365,.T.);
#4554=ORIENTED_EDGE('',*,*,#3366,.T.);
#4555=ORIENTED_EDGE('',*,*,#3363,.F.);
#4556=ORIENTED_EDGE('',*,*,#3130,.F.);
#4557=ORIENTED_EDGE('',*,*,#3003,.T.);
#4558=ORIENTED_EDGE('',*,*,#3005,.T.);
#4559=ORIENTED_EDGE('',*,*,#3137,.F.);
#4560=ORIENTED_EDGE('',*,*,#3367,.T.);
#4561=ORIENTED_EDGE('',*,*,#3368,.T.);
#4562=ORIENTED_EDGE('',*,*,#3365,.F.);
#4563=ORIENTED_EDGE('',*,*,#3136,.F.);
#4564=ORIENTED_EDGE('',*,*,#3369,.T.);
#4565=ORIENTED_EDGE('',*,*,#3370,.T.);
#4566=ORIENTED_EDGE('',*,*,#3367,.F.);
#4567=ORIENTED_EDGE('',*,*,#3135,.F.);
#4568=ORIENTED_EDGE('',*,*,#3371,.T.);
#4569=ORIENTED_EDGE('',*,*,#3372,.T.);
#4570=ORIENTED_EDGE('',*,*,#3369,.F.);
#4571=ORIENTED_EDGE('',*,*,#3134,.F.);
#4572=ORIENTED_EDGE('',*,*,#3373,.T.);
#4573=ORIENTED_EDGE('',*,*,#3374,.T.);
#4574=ORIENTED_EDGE('',*,*,#3371,.F.);
#4575=ORIENTED_EDGE('',*,*,#3133,.F.);
#4576=ORIENTED_EDGE('',*,*,#3362,.T.);
#4577=ORIENTED_EDGE('',*,*,#3375,.T.);
#4578=ORIENTED_EDGE('',*,*,#3373,.F.);
#4579=ORIENTED_EDGE('',*,*,#3375,.F.);
#4580=ORIENTED_EDGE('',*,*,#3361,.F.);
#4581=ORIENTED_EDGE('',*,*,#3364,.F.);
#4582=ORIENTED_EDGE('',*,*,#3366,.F.);
#4583=ORIENTED_EDGE('',*,*,#3368,.F.);
#4584=ORIENTED_EDGE('',*,*,#3370,.F.);
#4585=ORIENTED_EDGE('',*,*,#3372,.F.);
#4586=ORIENTED_EDGE('',*,*,#3374,.F.);
#4587=ORIENTED_EDGE('',*,*,#2934,.T.);
#4588=ORIENTED_EDGE('',*,*,#3141,.F.);
#4589=ORIENTED_EDGE('',*,*,#3376,.T.);
#4590=ORIENTED_EDGE('',*,*,#3377,.T.);
#4591=ORIENTED_EDGE('',*,*,#3378,.F.);
#4592=ORIENTED_EDGE('',*,*,#3140,.F.);
#4593=ORIENTED_EDGE('',*,*,#3379,.T.);
#4594=ORIENTED_EDGE('',*,*,#3380,.T.);
#4595=ORIENTED_EDGE('',*,*,#3376,.F.);
#4596=ORIENTED_EDGE('',*,*,#3006,.T.);
#4597=ORIENTED_EDGE('',*,*,#3147,.F.);
#4598=ORIENTED_EDGE('',*,*,#3381,.T.);
#4599=ORIENTED_EDGE('',*,*,#3382,.T.);
#4600=ORIENTED_EDGE('',*,*,#3379,.F.);
#4601=ORIENTED_EDGE('',*,*,#3139,.F.);
#4602=ORIENTED_EDGE('',*,*,#3008,.T.);
#4603=ORIENTED_EDGE('',*,*,#3010,.T.);
#4604=ORIENTED_EDGE('',*,*,#3146,.F.);
#4605=ORIENTED_EDGE('',*,*,#3383,.T.);
#4606=ORIENTED_EDGE('',*,*,#3384,.T.);
#4607=ORIENTED_EDGE('',*,*,#3381,.F.);
#4608=ORIENTED_EDGE('',*,*,#3145,.F.);
#4609=ORIENTED_EDGE('',*,*,#3385,.T.);
#4610=ORIENTED_EDGE('',*,*,#3386,.T.);
#4611=ORIENTED_EDGE('',*,*,#3383,.F.);
#4612=ORIENTED_EDGE('',*,*,#3144,.F.);
#4613=ORIENTED_EDGE('',*,*,#3387,.T.);
#4614=ORIENTED_EDGE('',*,*,#3388,.T.);
#4615=ORIENTED_EDGE('',*,*,#3385,.F.);
#4616=ORIENTED_EDGE('',*,*,#3143,.F.);
#4617=ORIENTED_EDGE('',*,*,#3389,.T.);
#4618=ORIENTED_EDGE('',*,*,#3390,.T.);
#4619=ORIENTED_EDGE('',*,*,#3387,.F.);
#4620=ORIENTED_EDGE('',*,*,#3142,.F.);
#4621=ORIENTED_EDGE('',*,*,#3378,.T.);
#4622=ORIENTED_EDGE('',*,*,#3391,.T.);
#4623=ORIENTED_EDGE('',*,*,#3389,.F.);
#4624=ORIENTED_EDGE('',*,*,#3391,.F.);
#4625=ORIENTED_EDGE('',*,*,#3377,.F.);
#4626=ORIENTED_EDGE('',*,*,#3380,.F.);
#4627=ORIENTED_EDGE('',*,*,#3382,.F.);
#4628=ORIENTED_EDGE('',*,*,#3384,.F.);
#4629=ORIENTED_EDGE('',*,*,#3386,.F.);
#4630=ORIENTED_EDGE('',*,*,#3388,.F.);
#4631=ORIENTED_EDGE('',*,*,#3390,.F.);
#4632=ORIENTED_EDGE('',*,*,#2926,.T.);
#4633=ORIENTED_EDGE('',*,*,#3011,.T.);
#4634=ORIENTED_EDGE('',*,*,#3156,.F.);
#4635=ORIENTED_EDGE('',*,*,#3392,.T.);
#4636=ORIENTED_EDGE('',*,*,#3393,.T.);
#4637=ORIENTED_EDGE('',*,*,#3394,.F.);
#4638=ORIENTED_EDGE('',*,*,#3148,.F.);
#4639=ORIENTED_EDGE('',*,*,#3013,.T.);
#4640=ORIENTED_EDGE('',*,*,#3015,.T.);
#4641=ORIENTED_EDGE('',*,*,#3155,.F.);
#4642=ORIENTED_EDGE('',*,*,#3395,.T.);
#4643=ORIENTED_EDGE('',*,*,#3396,.T.);
#4644=ORIENTED_EDGE('',*,*,#3392,.F.);
#4645=ORIENTED_EDGE('',*,*,#3154,.F.);
#4646=ORIENTED_EDGE('',*,*,#3397,.T.);
#4647=ORIENTED_EDGE('',*,*,#3398,.T.);
#4648=ORIENTED_EDGE('',*,*,#3395,.F.);
#4649=ORIENTED_EDGE('',*,*,#3153,.F.);
#4650=ORIENTED_EDGE('',*,*,#3399,.T.);
#4651=ORIENTED_EDGE('',*,*,#3400,.T.);
#4652=ORIENTED_EDGE('',*,*,#3397,.F.);
#4653=ORIENTED_EDGE('',*,*,#3152,.F.);
#4654=ORIENTED_EDGE('',*,*,#3401,.T.);
#4655=ORIENTED_EDGE('',*,*,#3402,.T.);
#4656=ORIENTED_EDGE('',*,*,#3399,.F.);
#4657=ORIENTED_EDGE('',*,*,#3151,.F.);
#4658=ORIENTED_EDGE('',*,*,#3403,.T.);
#4659=ORIENTED_EDGE('',*,*,#3404,.T.);
#4660=ORIENTED_EDGE('',*,*,#3401,.F.);
#4661=ORIENTED_EDGE('',*,*,#3150,.F.);
#4662=ORIENTED_EDGE('',*,*,#3405,.T.);
#4663=ORIENTED_EDGE('',*,*,#3406,.T.);
#4664=ORIENTED_EDGE('',*,*,#3403,.F.);
#4665=ORIENTED_EDGE('',*,*,#3149,.F.);
#4666=ORIENTED_EDGE('',*,*,#3394,.T.);
#4667=ORIENTED_EDGE('',*,*,#3407,.T.);
#4668=ORIENTED_EDGE('',*,*,#3405,.F.);
#4669=ORIENTED_EDGE('',*,*,#3407,.F.);
#4670=ORIENTED_EDGE('',*,*,#3393,.F.);
#4671=ORIENTED_EDGE('',*,*,#3396,.F.);
#4672=ORIENTED_EDGE('',*,*,#3398,.F.);
#4673=ORIENTED_EDGE('',*,*,#3400,.F.);
#4674=ORIENTED_EDGE('',*,*,#3402,.F.);
#4675=ORIENTED_EDGE('',*,*,#3404,.F.);
#4676=ORIENTED_EDGE('',*,*,#3406,.F.);
#4677=ORIENTED_EDGE('',*,*,#2928,.T.);
#4678=ORIENTED_EDGE('',*,*,#3016,.T.);
#4679=ORIENTED_EDGE('',*,*,#3165,.F.);
#4680=ORIENTED_EDGE('',*,*,#3408,.T.);
#4681=ORIENTED_EDGE('',*,*,#3409,.T.);
#4682=ORIENTED_EDGE('',*,*,#3410,.F.);
#4683=ORIENTED_EDGE('',*,*,#3157,.F.);
#4684=ORIENTED_EDGE('',*,*,#3018,.T.);
#4685=ORIENTED_EDGE('',*,*,#3020,.T.);
#4686=ORIENTED_EDGE('',*,*,#3164,.F.);
#4687=ORIENTED_EDGE('',*,*,#3411,.T.);
#4688=ORIENTED_EDGE('',*,*,#3412,.T.);
#4689=ORIENTED_EDGE('',*,*,#3408,.F.);
#4690=ORIENTED_EDGE('',*,*,#3163,.F.);
#4691=ORIENTED_EDGE('',*,*,#3413,.T.);
#4692=ORIENTED_EDGE('',*,*,#3414,.T.);
#4693=ORIENTED_EDGE('',*,*,#3411,.F.);
#4694=ORIENTED_EDGE('',*,*,#3162,.F.);
#4695=ORIENTED_EDGE('',*,*,#3415,.T.);
#4696=ORIENTED_EDGE('',*,*,#3416,.T.);
#4697=ORIENTED_EDGE('',*,*,#3413,.F.);
#4698=ORIENTED_EDGE('',*,*,#3161,.F.);
#4699=ORIENTED_EDGE('',*,*,#3417,.T.);
#4700=ORIENTED_EDGE('',*,*,#3418,.T.);
#4701=ORIENTED_EDGE('',*,*,#3415,.F.);
#4702=ORIENTED_EDGE('',*,*,#3160,.F.);
#4703=ORIENTED_EDGE('',*,*,#3419,.T.);
#4704=ORIENTED_EDGE('',*,*,#3420,.T.);
#4705=ORIENTED_EDGE('',*,*,#3417,.F.);
#4706=ORIENTED_EDGE('',*,*,#3159,.F.);
#4707=ORIENTED_EDGE('',*,*,#3421,.T.);
#4708=ORIENTED_EDGE('',*,*,#3422,.T.);
#4709=ORIENTED_EDGE('',*,*,#3419,.F.);
#4710=ORIENTED_EDGE('',*,*,#3158,.F.);
#4711=ORIENTED_EDGE('',*,*,#3410,.T.);
#4712=ORIENTED_EDGE('',*,*,#3423,.T.);
#4713=ORIENTED_EDGE('',*,*,#3421,.F.);
#4714=ORIENTED_EDGE('',*,*,#3423,.F.);
#4715=ORIENTED_EDGE('',*,*,#3409,.F.);
#4716=ORIENTED_EDGE('',*,*,#3412,.F.);
#4717=ORIENTED_EDGE('',*,*,#3414,.F.);
#4718=ORIENTED_EDGE('',*,*,#3416,.F.);
#4719=ORIENTED_EDGE('',*,*,#3418,.F.);
#4720=ORIENTED_EDGE('',*,*,#3420,.F.);
#4721=ORIENTED_EDGE('',*,*,#3422,.F.);
#4722=ORIENTED_EDGE('',*,*,#2962,.T.);
#4723=ORIENTED_EDGE('',*,*,#3167,.F.);
#4724=ORIENTED_EDGE('',*,*,#3424,.T.);
#4725=ORIENTED_EDGE('',*,*,#3425,.T.);
#4726=ORIENTED_EDGE('',*,*,#3426,.F.);
#4727=ORIENTED_EDGE('',*,*,#3021,.T.);
#4728=ORIENTED_EDGE('',*,*,#3174,.F.);
#4729=ORIENTED_EDGE('',*,*,#3427,.T.);
#4730=ORIENTED_EDGE('',*,*,#3428,.T.);
#4731=ORIENTED_EDGE('',*,*,#3424,.F.);
#4732=ORIENTED_EDGE('',*,*,#3166,.F.);
#4733=ORIENTED_EDGE('',*,*,#3023,.T.);
#4734=ORIENTED_EDGE('',*,*,#3025,.T.);
#4735=ORIENTED_EDGE('',*,*,#3173,.F.);
#4736=ORIENTED_EDGE('',*,*,#3429,.T.);
#4737=ORIENTED_EDGE('',*,*,#3430,.T.);
#4738=ORIENTED_EDGE('',*,*,#3427,.F.);
#4739=ORIENTED_EDGE('',*,*,#3172,.F.);
#4740=ORIENTED_EDGE('',*,*,#3431,.T.);
#4741=ORIENTED_EDGE('',*,*,#3432,.T.);
#4742=ORIENTED_EDGE('',*,*,#3429,.F.);
#4743=ORIENTED_EDGE('',*,*,#3171,.F.);
#4744=ORIENTED_EDGE('',*,*,#3433,.T.);
#4745=ORIENTED_EDGE('',*,*,#3434,.T.);
#4746=ORIENTED_EDGE('',*,*,#3431,.F.);
#4747=ORIENTED_EDGE('',*,*,#3170,.F.);
#4748=ORIENTED_EDGE('',*,*,#3435,.T.);
#4749=ORIENTED_EDGE('',*,*,#3436,.T.);
#4750=ORIENTED_EDGE('',*,*,#3433,.F.);
#4751=ORIENTED_EDGE('',*,*,#3169,.F.);
#4752=ORIENTED_EDGE('',*,*,#3437,.T.);
#4753=ORIENTED_EDGE('',*,*,#3438,.T.);
#4754=ORIENTED_EDGE('',*,*,#3435,.F.);
#4755=ORIENTED_EDGE('',*,*,#3168,.F.);
#4756=ORIENTED_EDGE('',*,*,#3426,.T.);
#4757=ORIENTED_EDGE('',*,*,#3439,.T.);
#4758=ORIENTED_EDGE('',*,*,#3437,.F.);
#4759=ORIENTED_EDGE('',*,*,#3439,.F.);
#4760=ORIENTED_EDGE('',*,*,#3425,.F.);
#4761=ORIENTED_EDGE('',*,*,#3428,.F.);
#4762=ORIENTED_EDGE('',*,*,#3430,.F.);
#4763=ORIENTED_EDGE('',*,*,#3432,.F.);
#4764=ORIENTED_EDGE('',*,*,#3434,.F.);
#4765=ORIENTED_EDGE('',*,*,#3436,.F.);
#4766=ORIENTED_EDGE('',*,*,#3438,.F.);
#4767=ORIENTED_EDGE('',*,*,#2964,.T.);
#4768=ORIENTED_EDGE('',*,*,#3177,.F.);
#4769=ORIENTED_EDGE('',*,*,#3440,.T.);
#4770=ORIENTED_EDGE('',*,*,#3441,.T.);
#4771=ORIENTED_EDGE('',*,*,#3442,.F.);
#4772=ORIENTED_EDGE('',*,*,#3176,.F.);
#4773=ORIENTED_EDGE('',*,*,#3443,.T.);
#4774=ORIENTED_EDGE('',*,*,#3444,.T.);
#4775=ORIENTED_EDGE('',*,*,#3440,.F.);
#4776=ORIENTED_EDGE('',*,*,#3026,.T.);
#4777=ORIENTED_EDGE('',*,*,#3183,.F.);
#4778=ORIENTED_EDGE('',*,*,#3445,.T.);
#4779=ORIENTED_EDGE('',*,*,#3446,.T.);
#4780=ORIENTED_EDGE('',*,*,#3443,.F.);
#4781=ORIENTED_EDGE('',*,*,#3175,.F.);
#4782=ORIENTED_EDGE('',*,*,#3028,.T.);
#4783=ORIENTED_EDGE('',*,*,#3030,.T.);
#4784=ORIENTED_EDGE('',*,*,#3182,.F.);
#4785=ORIENTED_EDGE('',*,*,#3447,.T.);
#4786=ORIENTED_EDGE('',*,*,#3448,.T.);
#4787=ORIENTED_EDGE('',*,*,#3445,.F.);
#4788=ORIENTED_EDGE('',*,*,#3181,.F.);
#4789=ORIENTED_EDGE('',*,*,#3449,.T.);
#4790=ORIENTED_EDGE('',*,*,#3450,.T.);
#4791=ORIENTED_EDGE('',*,*,#3447,.F.);
#4792=ORIENTED_EDGE('',*,*,#3180,.F.);
#4793=ORIENTED_EDGE('',*,*,#3451,.T.);
#4794=ORIENTED_EDGE('',*,*,#3452,.T.);
#4795=ORIENTED_EDGE('',*,*,#3449,.F.);
#4796=ORIENTED_EDGE('',*,*,#3179,.F.);
#4797=ORIENTED_EDGE('',*,*,#3453,.T.);
#4798=ORIENTED_EDGE('',*,*,#3454,.T.);
#4799=ORIENTED_EDGE('',*,*,#3451,.F.);
#4800=ORIENTED_EDGE('',*,*,#3178,.F.);
#4801=ORIENTED_EDGE('',*,*,#3442,.T.);
#4802=ORIENTED_EDGE('',*,*,#3455,.T.);
#4803=ORIENTED_EDGE('',*,*,#3453,.F.);
#4804=ORIENTED_EDGE('',*,*,#3455,.F.);
#4805=ORIENTED_EDGE('',*,*,#3441,.F.);
#4806=ORIENTED_EDGE('',*,*,#3444,.F.);
#4807=ORIENTED_EDGE('',*,*,#3446,.F.);
#4808=ORIENTED_EDGE('',*,*,#3448,.F.);
#4809=ORIENTED_EDGE('',*,*,#3450,.F.);
#4810=ORIENTED_EDGE('',*,*,#3452,.F.);
#4811=ORIENTED_EDGE('',*,*,#3454,.F.);
#4812=ORIENTED_EDGE('',*,*,#2956,.T.);
#4813=ORIENTED_EDGE('',*,*,#3190,.F.);
#4814=ORIENTED_EDGE('',*,*,#3456,.T.);
#4815=ORIENTED_EDGE('',*,*,#3457,.T.);
#4816=ORIENTED_EDGE('',*,*,#3458,.F.);
#4817=ORIENTED_EDGE('',*,*,#3189,.F.);
#4818=ORIENTED_EDGE('',*,*,#3459,.T.);
#4819=ORIENTED_EDGE('',*,*,#3460,.T.);
#4820=ORIENTED_EDGE('',*,*,#3456,.F.);
#4821=ORIENTED_EDGE('',*,*,#3188,.F.);
#4822=ORIENTED_EDGE('',*,*,#3461,.T.);
#4823=ORIENTED_EDGE('',*,*,#3462,.T.);
#4824=ORIENTED_EDGE('',*,*,#3459,.F.);
#4825=ORIENTED_EDGE('',*,*,#3187,.F.);
#4826=ORIENTED_EDGE('',*,*,#3463,.T.);
#4827=ORIENTED_EDGE('',*,*,#3464,.T.);
#4828=ORIENTED_EDGE('',*,*,#3461,.F.);
#4829=ORIENTED_EDGE('',*,*,#3186,.F.);
#4830=ORIENTED_EDGE('',*,*,#3465,.T.);
#4831=ORIENTED_EDGE('',*,*,#3466,.T.);
#4832=ORIENTED_EDGE('',*,*,#3463,.F.);
#4833=ORIENTED_EDGE('',*,*,#3185,.F.);
#4834=ORIENTED_EDGE('',*,*,#3467,.T.);
#4835=ORIENTED_EDGE('',*,*,#3468,.T.);
#4836=ORIENTED_EDGE('',*,*,#3465,.F.);
#4837=ORIENTED_EDGE('',*,*,#3031,.T.);
#4838=ORIENTED_EDGE('',*,*,#3192,.F.);
#4839=ORIENTED_EDGE('',*,*,#3469,.T.);
#4840=ORIENTED_EDGE('',*,*,#3470,.T.);
#4841=ORIENTED_EDGE('',*,*,#3467,.F.);
#4842=ORIENTED_EDGE('',*,*,#3184,.F.);
#4843=ORIENTED_EDGE('',*,*,#3033,.T.);
#4844=ORIENTED_EDGE('',*,*,#3035,.T.);
#4845=ORIENTED_EDGE('',*,*,#3191,.F.);
#4846=ORIENTED_EDGE('',*,*,#3458,.T.);
#4847=ORIENTED_EDGE('',*,*,#3471,.T.);
#4848=ORIENTED_EDGE('',*,*,#3469,.F.);
#4849=ORIENTED_EDGE('',*,*,#3471,.F.);
#4850=ORIENTED_EDGE('',*,*,#3457,.F.);
#4851=ORIENTED_EDGE('',*,*,#3460,.F.);
#4852=ORIENTED_EDGE('',*,*,#3462,.F.);
#4853=ORIENTED_EDGE('',*,*,#3464,.F.);
#4854=ORIENTED_EDGE('',*,*,#3466,.F.);
#4855=ORIENTED_EDGE('',*,*,#3468,.F.);
#4856=ORIENTED_EDGE('',*,*,#3470,.F.);
#4857=ORIENTED_EDGE('',*,*,#2958,.T.);
#4858=ORIENTED_EDGE('',*,*,#3197,.F.);
#4859=ORIENTED_EDGE('',*,*,#3472,.T.);
#4860=ORIENTED_EDGE('',*,*,#3473,.T.);
#4861=ORIENTED_EDGE('',*,*,#3474,.F.);
#4862=ORIENTED_EDGE('',*,*,#3196,.F.);
#4863=ORIENTED_EDGE('',*,*,#3475,.T.);
#4864=ORIENTED_EDGE('',*,*,#3476,.T.);
#4865=ORIENTED_EDGE('',*,*,#3472,.F.);
#4866=ORIENTED_EDGE('',*,*,#3195,.F.);
#4867=ORIENTED_EDGE('',*,*,#3477,.T.);
#4868=ORIENTED_EDGE('',*,*,#3478,.T.);
#4869=ORIENTED_EDGE('',*,*,#3475,.F.);
#4870=ORIENTED_EDGE('',*,*,#3194,.F.);
#4871=ORIENTED_EDGE('',*,*,#3479,.T.);
#4872=ORIENTED_EDGE('',*,*,#3480,.T.);
#4873=ORIENTED_EDGE('',*,*,#3477,.F.);
#4874=ORIENTED_EDGE('',*,*,#3036,.T.);
#4875=ORIENTED_EDGE('',*,*,#3201,.F.);
#4876=ORIENTED_EDGE('',*,*,#3481,.T.);
#4877=ORIENTED_EDGE('',*,*,#3482,.T.);
#4878=ORIENTED_EDGE('',*,*,#3479,.F.);
#4879=ORIENTED_EDGE('',*,*,#3193,.F.);
#4880=ORIENTED_EDGE('',*,*,#3038,.T.);
#4881=ORIENTED_EDGE('',*,*,#3040,.T.);
#4882=ORIENTED_EDGE('',*,*,#3200,.F.);
#4883=ORIENTED_EDGE('',*,*,#3483,.T.);
#4884=ORIENTED_EDGE('',*,*,#3484,.T.);
#4885=ORIENTED_EDGE('',*,*,#3481,.F.);
#4886=ORIENTED_EDGE('',*,*,#3199,.F.);
#4887=ORIENTED_EDGE('',*,*,#3485,.T.);
#4888=ORIENTED_EDGE('',*,*,#3486,.T.);
#4889=ORIENTED_EDGE('',*,*,#3483,.F.);
#4890=ORIENTED_EDGE('',*,*,#3198,.F.);
#4891=ORIENTED_EDGE('',*,*,#3474,.T.);
#4892=ORIENTED_EDGE('',*,*,#3487,.T.);
#4893=ORIENTED_EDGE('',*,*,#3485,.F.);
#4894=ORIENTED_EDGE('',*,*,#3487,.F.);
#4895=ORIENTED_EDGE('',*,*,#3473,.F.);
#4896=ORIENTED_EDGE('',*,*,#3476,.F.);
#4897=ORIENTED_EDGE('',*,*,#3478,.F.);
#4898=ORIENTED_EDGE('',*,*,#3480,.F.);
#4899=ORIENTED_EDGE('',*,*,#3482,.F.);
#4900=ORIENTED_EDGE('',*,*,#3484,.F.);
#4901=ORIENTED_EDGE('',*,*,#3486,.F.);
#4902=ORIENTED_EDGE('',*,*,#2960,.T.);
#4903=ORIENTED_EDGE('',*,*,#3204,.F.);
#4904=ORIENTED_EDGE('',*,*,#3488,.T.);
#4905=ORIENTED_EDGE('',*,*,#3489,.T.);
#4906=ORIENTED_EDGE('',*,*,#3490,.F.);
#4907=ORIENTED_EDGE('',*,*,#3203,.F.);
#4908=ORIENTED_EDGE('',*,*,#3491,.T.);
#4909=ORIENTED_EDGE('',*,*,#3492,.T.);
#4910=ORIENTED_EDGE('',*,*,#3488,.F.);
#4911=ORIENTED_EDGE('',*,*,#3041,.T.);
#4912=ORIENTED_EDGE('',*,*,#3210,.F.);
#4913=ORIENTED_EDGE('',*,*,#3493,.T.);
#4914=ORIENTED_EDGE('',*,*,#3494,.T.);
#4915=ORIENTED_EDGE('',*,*,#3491,.F.);
#4916=ORIENTED_EDGE('',*,*,#3202,.F.);
#4917=ORIENTED_EDGE('',*,*,#3043,.T.);
#4918=ORIENTED_EDGE('',*,*,#3045,.T.);
#4919=ORIENTED_EDGE('',*,*,#3209,.F.);
#4920=ORIENTED_EDGE('',*,*,#3495,.T.);
#4921=ORIENTED_EDGE('',*,*,#3496,.T.);
#4922=ORIENTED_EDGE('',*,*,#3493,.F.);
#4923=ORIENTED_EDGE('',*,*,#3208,.F.);
#4924=ORIENTED_EDGE('',*,*,#3497,.T.);
#4925=ORIENTED_EDGE('',*,*,#3498,.T.);
#4926=ORIENTED_EDGE('',*,*,#3495,.F.);
#4927=ORIENTED_EDGE('',*,*,#3207,.F.);
#4928=ORIENTED_EDGE('',*,*,#3499,.T.);
#4929=ORIENTED_EDGE('',*,*,#3500,.T.);
#4930=ORIENTED_EDGE('',*,*,#3497,.F.);
#4931=ORIENTED_EDGE('',*,*,#3206,.F.);
#4932=ORIENTED_EDGE('',*,*,#3501,.T.);
#4933=ORIENTED_EDGE('',*,*,#3502,.T.);
#4934=ORIENTED_EDGE('',*,*,#3499,.F.);
#4935=ORIENTED_EDGE('',*,*,#3205,.F.);
#4936=ORIENTED_EDGE('',*,*,#3490,.T.);
#4937=ORIENTED_EDGE('',*,*,#3503,.T.);
#4938=ORIENTED_EDGE('',*,*,#3501,.F.);
#4939=ORIENTED_EDGE('',*,*,#3503,.F.);
#4940=ORIENTED_EDGE('',*,*,#3489,.F.);
#4941=ORIENTED_EDGE('',*,*,#3492,.F.);
#4942=ORIENTED_EDGE('',*,*,#3494,.F.);
#4943=ORIENTED_EDGE('',*,*,#3496,.F.);
#4944=ORIENTED_EDGE('',*,*,#3498,.F.);
#4945=ORIENTED_EDGE('',*,*,#3500,.F.);
#4946=ORIENTED_EDGE('',*,*,#3502,.F.);
#4947=ORIENTED_EDGE('',*,*,#2950,.T.);
#4948=ORIENTED_EDGE('',*,*,#3215,.F.);
#4949=ORIENTED_EDGE('',*,*,#3504,.T.);
#4950=ORIENTED_EDGE('',*,*,#3505,.T.);
#4951=ORIENTED_EDGE('',*,*,#3506,.F.);
#4952=ORIENTED_EDGE('',*,*,#3214,.F.);
#4953=ORIENTED_EDGE('',*,*,#3507,.T.);
#4954=ORIENTED_EDGE('',*,*,#3508,.T.);
#4955=ORIENTED_EDGE('',*,*,#3504,.F.);
#4956=ORIENTED_EDGE('',*,*,#3213,.F.);
#4957=ORIENTED_EDGE('',*,*,#3509,.T.);
#4958=ORIENTED_EDGE('',*,*,#3510,.T.);
#4959=ORIENTED_EDGE('',*,*,#3507,.F.);
#4960=ORIENTED_EDGE('',*,*,#3212,.F.);
#4961=ORIENTED_EDGE('',*,*,#3511,.T.);
#4962=ORIENTED_EDGE('',*,*,#3512,.T.);
#4963=ORIENTED_EDGE('',*,*,#3509,.F.);
#4964=ORIENTED_EDGE('',*,*,#3046,.T.);
#4965=ORIENTED_EDGE('',*,*,#3219,.F.);
#4966=ORIENTED_EDGE('',*,*,#3513,.T.);
#4967=ORIENTED_EDGE('',*,*,#3514,.T.);
#4968=ORIENTED_EDGE('',*,*,#3511,.F.);
#4969=ORIENTED_EDGE('',*,*,#3211,.F.);
#4970=ORIENTED_EDGE('',*,*,#3048,.T.);
#4971=ORIENTED_EDGE('',*,*,#3050,.T.);
#4972=ORIENTED_EDGE('',*,*,#3218,.F.);
#4973=ORIENTED_EDGE('',*,*,#3515,.T.);
#4974=ORIENTED_EDGE('',*,*,#3516,.T.);
#4975=ORIENTED_EDGE('',*,*,#3513,.F.);
#4976=ORIENTED_EDGE('',*,*,#3217,.F.);
#4977=ORIENTED_EDGE('',*,*,#3517,.T.);
#4978=ORIENTED_EDGE('',*,*,#3518,.T.);
#4979=ORIENTED_EDGE('',*,*,#3515,.F.);
#4980=ORIENTED_EDGE('',*,*,#3216,.F.);
#4981=ORIENTED_EDGE('',*,*,#3506,.T.);
#4982=ORIENTED_EDGE('',*,*,#3519,.T.);
#4983=ORIENTED_EDGE('',*,*,#3517,.F.);
#4984=ORIENTED_EDGE('',*,*,#3519,.F.);
#4985=ORIENTED_EDGE('',*,*,#3505,.F.);
#4986=ORIENTED_EDGE('',*,*,#3508,.F.);
#4987=ORIENTED_EDGE('',*,*,#3510,.F.);
#4988=ORIENTED_EDGE('',*,*,#3512,.F.);
#4989=ORIENTED_EDGE('',*,*,#3514,.F.);
#4990=ORIENTED_EDGE('',*,*,#3516,.F.);
#4991=ORIENTED_EDGE('',*,*,#3518,.F.);
#4992=ORIENTED_EDGE('',*,*,#2952,.T.);
#4993=ORIENTED_EDGE('',*,*,#3221,.F.);
#4994=ORIENTED_EDGE('',*,*,#3520,.T.);
#4995=ORIENTED_EDGE('',*,*,#3521,.T.);
#4996=ORIENTED_EDGE('',*,*,#3522,.F.);
#4997=ORIENTED_EDGE('',*,*,#3051,.T.);
#4998=ORIENTED_EDGE('',*,*,#3228,.F.);
#4999=ORIENTED_EDGE('',*,*,#3523,.T.);
#5000=ORIENTED_EDGE('',*,*,#3524,.T.);
#5001=ORIENTED_EDGE('',*,*,#3520,.F.);
#5002=ORIENTED_EDGE('',*,*,#3220,.F.);
#5003=ORIENTED_EDGE('',*,*,#3053,.T.);
#5004=ORIENTED_EDGE('',*,*,#3055,.T.);
#5005=ORIENTED_EDGE('',*,*,#3227,.F.);
#5006=ORIENTED_EDGE('',*,*,#3525,.T.);
#5007=ORIENTED_EDGE('',*,*,#3526,.T.);
#5008=ORIENTED_EDGE('',*,*,#3523,.F.);
#5009=ORIENTED_EDGE('',*,*,#3226,.F.);
#5010=ORIENTED_EDGE('',*,*,#3527,.T.);
#5011=ORIENTED_EDGE('',*,*,#3528,.T.);
#5012=ORIENTED_EDGE('',*,*,#3525,.F.);
#5013=ORIENTED_EDGE('',*,*,#3225,.F.);
#5014=ORIENTED_EDGE('',*,*,#3529,.T.);
#5015=ORIENTED_EDGE('',*,*,#3530,.T.);
#5016=ORIENTED_EDGE('',*,*,#3527,.F.);
#5017=ORIENTED_EDGE('',*,*,#3224,.F.);
#5018=ORIENTED_EDGE('',*,*,#3531,.T.);
#5019=ORIENTED_EDGE('',*,*,#3532,.T.);
#5020=ORIENTED_EDGE('',*,*,#3529,.F.);
#5021=ORIENTED_EDGE('',*,*,#3223,.F.);
#5022=ORIENTED_EDGE('',*,*,#3533,.T.);
#5023=ORIENTED_EDGE('',*,*,#3534,.T.);
#5024=ORIENTED_EDGE('',*,*,#3531,.F.);
#5025=ORIENTED_EDGE('',*,*,#3222,.F.);
#5026=ORIENTED_EDGE('',*,*,#3522,.T.);
#5027=ORIENTED_EDGE('',*,*,#3535,.T.);
#5028=ORIENTED_EDGE('',*,*,#3533,.F.);
#5029=ORIENTED_EDGE('',*,*,#3535,.F.);
#5030=ORIENTED_EDGE('',*,*,#3521,.F.);
#5031=ORIENTED_EDGE('',*,*,#3524,.F.);
#5032=ORIENTED_EDGE('',*,*,#3526,.F.);
#5033=ORIENTED_EDGE('',*,*,#3528,.F.);
#5034=ORIENTED_EDGE('',*,*,#3530,.F.);
#5035=ORIENTED_EDGE('',*,*,#3532,.F.);
#5036=ORIENTED_EDGE('',*,*,#3534,.F.);
#5037=ORIENTED_EDGE('',*,*,#2954,.T.);
#5038=ORIENTED_EDGE('',*,*,#3231,.F.);
#5039=ORIENTED_EDGE('',*,*,#3536,.T.);
#5040=ORIENTED_EDGE('',*,*,#3537,.T.);
#5041=ORIENTED_EDGE('',*,*,#3538,.F.);
#5042=ORIENTED_EDGE('',*,*,#3230,.F.);
#5043=ORIENTED_EDGE('',*,*,#3539,.T.);
#5044=ORIENTED_EDGE('',*,*,#3540,.T.);
#5045=ORIENTED_EDGE('',*,*,#3536,.F.);
#5046=ORIENTED_EDGE('',*,*,#3056,.T.);
#5047=ORIENTED_EDGE('',*,*,#3237,.F.);
#5048=ORIENTED_EDGE('',*,*,#3541,.T.);
#5049=ORIENTED_EDGE('',*,*,#3542,.T.);
#5050=ORIENTED_EDGE('',*,*,#3539,.F.);
#5051=ORIENTED_EDGE('',*,*,#3229,.F.);
#5052=ORIENTED_EDGE('',*,*,#3058,.T.);
#5053=ORIENTED_EDGE('',*,*,#3060,.T.);
#5054=ORIENTED_EDGE('',*,*,#3236,.F.);
#5055=ORIENTED_EDGE('',*,*,#3543,.T.);
#5056=ORIENTED_EDGE('',*,*,#3544,.T.);
#5057=ORIENTED_EDGE('',*,*,#3541,.F.);
#5058=ORIENTED_EDGE('',*,*,#3235,.F.);
#5059=ORIENTED_EDGE('',*,*,#3545,.T.);
#5060=ORIENTED_EDGE('',*,*,#3546,.T.);
#5061=ORIENTED_EDGE('',*,*,#3543,.F.);
#5062=ORIENTED_EDGE('',*,*,#3234,.F.);
#5063=ORIENTED_EDGE('',*,*,#3547,.T.);
#5064=ORIENTED_EDGE('',*,*,#3548,.T.);
#5065=ORIENTED_EDGE('',*,*,#3545,.F.);
#5066=ORIENTED_EDGE('',*,*,#3233,.F.);
#5067=ORIENTED_EDGE('',*,*,#3549,.T.);
#5068=ORIENTED_EDGE('',*,*,#3550,.T.);
#5069=ORIENTED_EDGE('',*,*,#3547,.F.);
#5070=ORIENTED_EDGE('',*,*,#3232,.F.);
#5071=ORIENTED_EDGE('',*,*,#3538,.T.);
#5072=ORIENTED_EDGE('',*,*,#3551,.T.);
#5073=ORIENTED_EDGE('',*,*,#3549,.F.);
#5074=ORIENTED_EDGE('',*,*,#3551,.F.);
#5075=ORIENTED_EDGE('',*,*,#3537,.F.);
#5076=ORIENTED_EDGE('',*,*,#3540,.F.);
#5077=ORIENTED_EDGE('',*,*,#3542,.F.);
#5078=ORIENTED_EDGE('',*,*,#3544,.F.);
#5079=ORIENTED_EDGE('',*,*,#3546,.F.);
#5080=ORIENTED_EDGE('',*,*,#3548,.F.);
#5081=ORIENTED_EDGE('',*,*,#3550,.F.);
#5082=ORIENTED_EDGE('',*,*,#2946,.T.);
#5083=ORIENTED_EDGE('',*,*,#3061,.T.);
#5084=ORIENTED_EDGE('',*,*,#3246,.F.);
#5085=ORIENTED_EDGE('',*,*,#3552,.T.);
#5086=ORIENTED_EDGE('',*,*,#3553,.T.);
#5087=ORIENTED_EDGE('',*,*,#3554,.F.);
#5088=ORIENTED_EDGE('',*,*,#3238,.F.);
#5089=ORIENTED_EDGE('',*,*,#3063,.T.);
#5090=ORIENTED_EDGE('',*,*,#3065,.T.);
#5091=ORIENTED_EDGE('',*,*,#3245,.F.);
#5092=ORIENTED_EDGE('',*,*,#3555,.T.);
#5093=ORIENTED_EDGE('',*,*,#3556,.T.);
#5094=ORIENTED_EDGE('',*,*,#3552,.F.);
#5095=ORIENTED_EDGE('',*,*,#3244,.F.);
#5096=ORIENTED_EDGE('',*,*,#3557,.T.);
#5097=ORIENTED_EDGE('',*,*,#3558,.T.);
#5098=ORIENTED_EDGE('',*,*,#3555,.F.);
#5099=ORIENTED_EDGE('',*,*,#3243,.F.);
#5100=ORIENTED_EDGE('',*,*,#3559,.T.);
#5101=ORIENTED_EDGE('',*,*,#3560,.T.);
#5102=ORIENTED_EDGE('',*,*,#3557,.F.);
#5103=ORIENTED_EDGE('',*,*,#3242,.F.);
#5104=ORIENTED_EDGE('',*,*,#3561,.T.);
#5105=ORIENTED_EDGE('',*,*,#3562,.T.);
#5106=ORIENTED_EDGE('',*,*,#3559,.F.);
#5107=ORIENTED_EDGE('',*,*,#3241,.F.);
#5108=ORIENTED_EDGE('',*,*,#3563,.T.);
#5109=ORIENTED_EDGE('',*,*,#3564,.T.);
#5110=ORIENTED_EDGE('',*,*,#3561,.F.);
#5111=ORIENTED_EDGE('',*,*,#3240,.F.);
#5112=ORIENTED_EDGE('',*,*,#3565,.T.);
#5113=ORIENTED_EDGE('',*,*,#3566,.T.);
#5114=ORIENTED_EDGE('',*,*,#3563,.F.);
#5115=ORIENTED_EDGE('',*,*,#3239,.F.);
#5116=ORIENTED_EDGE('',*,*,#3554,.T.);
#5117=ORIENTED_EDGE('',*,*,#3567,.T.);
#5118=ORIENTED_EDGE('',*,*,#3565,.F.);
#5119=ORIENTED_EDGE('',*,*,#3567,.F.);
#5120=ORIENTED_EDGE('',*,*,#3553,.F.);
#5121=ORIENTED_EDGE('',*,*,#3556,.F.);
#5122=ORIENTED_EDGE('',*,*,#3558,.F.);
#5123=ORIENTED_EDGE('',*,*,#3560,.F.);
#5124=ORIENTED_EDGE('',*,*,#3562,.F.);
#5125=ORIENTED_EDGE('',*,*,#3564,.F.);
#5126=ORIENTED_EDGE('',*,*,#3566,.F.);
#5127=ORIENTED_EDGE('',*,*,#2948,.T.);
#5128=ORIENTED_EDGE('',*,*,#3066,.F.);
#5129=ORIENTED_EDGE('',*,*,#3568,.T.);
#5130=ORIENTED_EDGE('',*,*,#3569,.F.);
#5131=ORIENTED_EDGE('',*,*,#3568,.F.);
#5132=ORIENTED_EDGE('',*,*,#3247,.F.);
#5133=ORIENTED_EDGE('',*,*,#3570,.T.);
#5134=ORIENTED_EDGE('',*,*,#2798,.T.);
#5135=ORIENTED_EDGE('',*,*,#3570,.F.);
#5136=ORIENTED_EDGE('',*,*,#2775,.F.);
#5137=ORIENTED_EDGE('',*,*,#2863,.T.);
#5138=ORIENTED_EDGE('',*,*,#2867,.T.);
#5139=ORIENTED_EDGE('',*,*,#2865,.T.);
#5140=ORIENTED_EDGE('',*,*,#2859,.F.);
#5141=ORIENTED_EDGE('',*,*,#2857,.T.);
#5142=ORIENTED_EDGE('',*,*,#2855,.F.);
#5143=ORIENTED_EDGE('',*,*,#2853,.T.);
#5144=ORIENTED_EDGE('',*,*,#2851,.F.);
#5145=ORIENTED_EDGE('',*,*,#2849,.T.);
#5146=ORIENTED_EDGE('',*,*,#2846,.F.);
#5147=ORIENTED_EDGE('',*,*,#2864,.T.);
#5148=ORIENTED_EDGE('',*,*,#2844,.F.);
#5149=ORIENTED_EDGE('',*,*,#2842,.T.);
#5150=ORIENTED_EDGE('',*,*,#2840,.F.);
#5151=ORIENTED_EDGE('',*,*,#2838,.T.);
#5152=ORIENTED_EDGE('',*,*,#2836,.F.);
#5153=ORIENTED_EDGE('',*,*,#2834,.T.);
#5154=ORIENTED_EDGE('',*,*,#2831,.F.);
#5155=ORIENTED_EDGE('',*,*,#2861,.T.);
#5156=ORIENTED_EDGE('',*,*,#2829,.F.);
#5157=ORIENTED_EDGE('',*,*,#2827,.T.);
#5158=ORIENTED_EDGE('',*,*,#2868,.T.);
#5159=ORIENTED_EDGE('',*,*,#2870,.T.);
#5160=ORIENTED_EDGE('',*,*,#2872,.T.);
#5161=ORIENTED_EDGE('',*,*,#2874,.T.);
#5162=ORIENTED_EDGE('',*,*,#2876,.T.);
#5163=ORIENTED_EDGE('',*,*,#2878,.T.);
#5164=ORIENTED_EDGE('',*,*,#2880,.T.);
#5165=ORIENTED_EDGE('',*,*,#2882,.T.);
#5166=ORIENTED_EDGE('',*,*,#3569,.T.);
#5167=CYLINDRICAL_SURFACE('',#5648,2.);
#5168=CYLINDRICAL_SURFACE('',#5692,2.);
#5169=CYLINDRICAL_SURFACE('',#5694,2.);
#5170=CYLINDRICAL_SURFACE('',#5697,2.);
#5171=CYLINDRICAL_SURFACE('',#5700,2.);
#5172=CYLINDRICAL_SURFACE('',#5703,2.);
#5173=CYLINDRICAL_SURFACE('',#5705,2.);
#5174=CYLINDRICAL_SURFACE('',#5708,2.);
#5175=CYLINDRICAL_SURFACE('',#5711,2.);
#5176=CYLINDRICAL_SURFACE('',#5714,2.);
#5177=CYLINDRICAL_SURFACE('',#5720,120.);
#5178=CYLINDRICAL_SURFACE('',#5722,2.15);
#5179=CYLINDRICAL_SURFACE('',#5724,2.15);
#5180=CYLINDRICAL_SURFACE('',#5726,2.15);
#5181=CYLINDRICAL_SURFACE('',#5728,2.15);
#5182=CYLINDRICAL_SURFACE('',#5730,2.15);
#5183=CYLINDRICAL_SURFACE('',#5732,2.15);
#5184=CYLINDRICAL_SURFACE('',#5734,2.15);
#5185=CYLINDRICAL_SURFACE('',#5736,2.15);
#5186=CYLINDRICAL_SURFACE('',#5738,2.1);
#5187=CYLINDRICAL_SURFACE('',#5742,2.1);
#5188=CYLINDRICAL_SURFACE('',#5746,2.1);
#5189=CYLINDRICAL_SURFACE('',#5750,2.1);
#5190=CYLINDRICAL_SURFACE('',#5754,2.1);
#5191=CYLINDRICAL_SURFACE('',#5758,2.1);
#5192=CYLINDRICAL_SURFACE('',#5762,2.1);
#5193=CYLINDRICAL_SURFACE('',#5766,2.1);
#5194=CYLINDRICAL_SURFACE('',#5770,2.1);
#5195=CYLINDRICAL_SURFACE('',#5774,2.1);
#5196=CYLINDRICAL_SURFACE('',#5778,2.1);
#5197=CYLINDRICAL_SURFACE('',#5782,2.1);
#5198=CYLINDRICAL_SURFACE('',#5786,2.1);
#5199=CYLINDRICAL_SURFACE('',#5790,2.1);
#5200=CYLINDRICAL_SURFACE('',#5794,2.00000000000001);
#5201=CYLINDRICAL_SURFACE('',#5796,2.00000000000006);
#5202=CYLINDRICAL_SURFACE('',#5798,2.00000000000007);
#5203=CYLINDRICAL_SURFACE('',#5800,2.00000000000014);
#5204=CYLINDRICAL_SURFACE('',#5802,2.);
#5205=CYLINDRICAL_SURFACE('',#5804,2.);
#5206=CYLINDRICAL_SURFACE('',#5806,2.00000000000035);
#5207=CYLINDRICAL_SURFACE('',#5808,2.00000000000072);
#5208=CYLINDRICAL_SURFACE('',#5810,2.0000000000001);
#5209=CYLINDRICAL_SURFACE('',#5812,2.);
#5210=CYLINDRICAL_SURFACE('',#5814,2.00000000000002);
#5211=CYLINDRICAL_SURFACE('',#5816,2.00000000000001);
#5212=CYLINDRICAL_SURFACE('',#5818,2.00000000000001);
#5213=CYLINDRICAL_SURFACE('',#5820,2.00000000000055);
#5214=CYLINDRICAL_SURFACE('',#5822,2.00000000000002);
#5215=CYLINDRICAL_SURFACE('',#5824,2.);
#5216=CYLINDRICAL_SURFACE('',#5826,2.00000000000002);
#5217=CYLINDRICAL_SURFACE('',#5828,2.);
#5218=CYLINDRICAL_SURFACE('',#5830,2.);
#5219=CYLINDRICAL_SURFACE('',#5832,2.00000000000001);
#5220=CYLINDRICAL_SURFACE('',#5834,0.750000000000039);
#5221=CYLINDRICAL_SURFACE('',#5838,0.750000000000002);
#5222=CYLINDRICAL_SURFACE('',#5842,0.750000000000001);
#5223=CYLINDRICAL_SURFACE('',#5846,0.75000000000013);
#5224=CYLINDRICAL_SURFACE('',#5850,0.75000000000027);
#5225=CYLINDRICAL_SURFACE('',#5854,0.750000000000028);
#5226=CYLINDRICAL_SURFACE('',#5858,0.750000000000052);
#5227=CYLINDRICAL_SURFACE('',#5862,0.750000000000002);
#5228=CYLINDRICAL_SURFACE('',#5866,0.750000000000004);
#5229=CYLINDRICAL_SURFACE('',#5870,0.750000000000025);
#5230=CYLINDRICAL_SURFACE('',#5874,0.750000000000001);
#5231=CYLINDRICAL_SURFACE('',#5878,0.750000000000006);
#5232=CYLINDRICAL_SURFACE('',#5882,0.750000000000002);
#5233=CYLINDRICAL_SURFACE('',#5886,0.750000000000009);
#5234=CYLINDRICAL_SURFACE('',#5890,0.75);
#5235=CYLINDRICAL_SURFACE('',#5894,0.750000000000006);
#5236=CYLINDRICAL_SURFACE('',#5898,0.750000000000208);
#5237=CYLINDRICAL_SURFACE('',#5902,0.750000000000009);
#5238=CYLINDRICAL_SURFACE('',#5906,0.750000000000009);
#5239=CYLINDRICAL_SURFACE('',#5910,0.750000000000004);
#5240=CYLINDRICAL_SURFACE('',#5998,2.10000000000011);
#5241=CYLINDRICAL_SURFACE('',#6001,2.10000000000011);
#5242=CYLINDRICAL_SURFACE('',#6004,2.10000000000011);
#5243=CYLINDRICAL_SURFACE('',#6007,2.10000000000011);
#5244=CYLINDRICAL_SURFACE('',#6011,2.1);
#5245=CYLINDRICAL_SURFACE('',#6014,2.1);
#5246=CYLINDRICAL_SURFACE('',#6017,2.1);
#5247=CYLINDRICAL_SURFACE('',#6020,2.1);
#5248=CYLINDRICAL_SURFACE('',#6024,2.1);
#5249=CYLINDRICAL_SURFACE('',#6027,2.1);
#5250=CYLINDRICAL_SURFACE('',#6030,2.1);
#5251=CYLINDRICAL_SURFACE('',#6033,2.1);
#5252=CYLINDRICAL_SURFACE('',#6037,2.10000000000036);
#5253=CYLINDRICAL_SURFACE('',#6040,2.10000000000036);
#5254=CYLINDRICAL_SURFACE('',#6043,2.10000000000036);
#5255=CYLINDRICAL_SURFACE('',#6046,2.10000000000036);
#5256=CYLINDRICAL_SURFACE('',#6050,2.10000000000075);
#5257=CYLINDRICAL_SURFACE('',#6053,2.10000000000075);
#5258=CYLINDRICAL_SURFACE('',#6056,2.10000000000075);
#5259=CYLINDRICAL_SURFACE('',#6059,2.10000000000075);
#5260=CYLINDRICAL_SURFACE('',#6062,2.10000000000008);
#5261=CYLINDRICAL_SURFACE('',#6065,2.10000000000008);
#5262=CYLINDRICAL_SURFACE('',#6068,2.10000000000008);
#5263=CYLINDRICAL_SURFACE('',#6071,2.10000000000008);
#5264=CYLINDRICAL_SURFACE('',#6076,2.10000000000014);
#5265=CYLINDRICAL_SURFACE('',#6079,2.10000000000014);
#5266=CYLINDRICAL_SURFACE('',#6082,2.10000000000014);
#5267=CYLINDRICAL_SURFACE('',#6085,2.10000000000014);
#5268=CYLINDRICAL_SURFACE('',#6089,2.1);
#5269=CYLINDRICAL_SURFACE('',#6092,2.1);
#5270=CYLINDRICAL_SURFACE('',#6095,2.1);
#5271=CYLINDRICAL_SURFACE('',#6098,2.1);
#5272=CYLINDRICAL_SURFACE('',#6102,2.10000000000001);
#5273=CYLINDRICAL_SURFACE('',#6105,2.10000000000001);
#5274=CYLINDRICAL_SURFACE('',#6108,2.10000000000001);
#5275=CYLINDRICAL_SURFACE('',#6111,2.10000000000001);
#5276=CYLINDRICAL_SURFACE('',#6115,2.10000000000007);
#5277=CYLINDRICAL_SURFACE('',#6118,2.10000000000007);
#5278=CYLINDRICAL_SURFACE('',#6121,2.10000000000007);
#5279=CYLINDRICAL_SURFACE('',#6124,2.10000000000007);
#5280=CYLINDRICAL_SURFACE('',#6128,2.1);
#5281=CYLINDRICAL_SURFACE('',#6131,2.1);
#5282=CYLINDRICAL_SURFACE('',#6134,2.1);
#5283=CYLINDRICAL_SURFACE('',#6137,2.1);
#5284=CYLINDRICAL_SURFACE('',#6140,2.10000000000002);
#5285=CYLINDRICAL_SURFACE('',#6143,2.10000000000002);
#5286=CYLINDRICAL_SURFACE('',#6146,2.10000000000002);
#5287=CYLINDRICAL_SURFACE('',#6149,2.10000000000002);
#5288=CYLINDRICAL_SURFACE('',#6154,2.1);
#5289=CYLINDRICAL_SURFACE('',#6157,2.1);
#5290=CYLINDRICAL_SURFACE('',#6160,2.1);
#5291=CYLINDRICAL_SURFACE('',#6163,2.1);
#5292=CYLINDRICAL_SURFACE('',#6167,2.10000000000002);
#5293=CYLINDRICAL_SURFACE('',#6170,2.10000000000002);
#5294=CYLINDRICAL_SURFACE('',#6173,2.10000000000002);
#5295=CYLINDRICAL_SURFACE('',#6176,2.10000000000002);
#5296=CYLINDRICAL_SURFACE('',#6180,2.1);
#5297=CYLINDRICAL_SURFACE('',#6183,2.1);
#5298=CYLINDRICAL_SURFACE('',#6186,2.1);
#5299=CYLINDRICAL_SURFACE('',#6189,2.1);
#5300=CYLINDRICAL_SURFACE('',#6193,2.10000000000002);
#5301=CYLINDRICAL_SURFACE('',#6196,2.10000000000002);
#5302=CYLINDRICAL_SURFACE('',#6199,2.10000000000002);
#5303=CYLINDRICAL_SURFACE('',#6202,2.10000000000002);
#5304=CYLINDRICAL_SURFACE('',#6206,2.10000000000058);
#5305=CYLINDRICAL_SURFACE('',#6209,2.10000000000058);
#5306=CYLINDRICAL_SURFACE('',#6212,2.10000000000058);
#5307=CYLINDRICAL_SURFACE('',#6215,2.10000000000058);
#5308=CYLINDRICAL_SURFACE('',#6218,2.10000000000002);
#5309=CYLINDRICAL_SURFACE('',#6221,2.10000000000002);
#5310=CYLINDRICAL_SURFACE('',#6224,2.10000000000002);
#5311=CYLINDRICAL_SURFACE('',#6227,2.10000000000002);
#5312=CYLINDRICAL_SURFACE('',#6232,2.10000000000002);
#5313=CYLINDRICAL_SURFACE('',#6235,2.10000000000002);
#5314=CYLINDRICAL_SURFACE('',#6238,2.10000000000002);
#5315=CYLINDRICAL_SURFACE('',#6241,2.10000000000002);
#5316=CYLINDRICAL_SURFACE('',#6245,2.10000000000001);
#5317=CYLINDRICAL_SURFACE('',#6248,2.10000000000001);
#5318=CYLINDRICAL_SURFACE('',#6251,2.10000000000001);
#5319=CYLINDRICAL_SURFACE('',#6254,2.10000000000001);
#5320=CYLINDRICAL_SURFACE('',#6257,95.);
#5321=CYLINDRICAL_SURFACE('',#6259,60.);
#5322=ADVANCED_FACE('',(#256),#5167,.T.);
#5323=ADVANCED_FACE('',(#257,#15,#16,#17,#18,#19,#20,#21,#22,#23,#24,#25,
#26,#27,#28,#29,#30,#31,#32,#33,#34,#35,#36,#37,#38,#39,#40,#41,#42,#43),
#108,.F.);
#5324=ADVANCED_FACE('',(#258),#109,.T.);
#5325=ADVANCED_FACE('',(#259),#5168,.T.);
#5326=ADVANCED_FACE('',(#260),#5169,.F.);
#5327=ADVANCED_FACE('',(#261),#110,.T.);
#5328=ADVANCED_FACE('',(#262),#5170,.F.);
#5329=ADVANCED_FACE('',(#263),#111,.T.);
#5330=ADVANCED_FACE('',(#264),#5171,.T.);
#5331=ADVANCED_FACE('',(#265),#112,.T.);
#5332=ADVANCED_FACE('',(#266),#5172,.T.);
#5333=ADVANCED_FACE('',(#267),#5173,.F.);
#5334=ADVANCED_FACE('',(#268),#113,.T.);
#5335=ADVANCED_FACE('',(#269),#5174,.F.);
#5336=ADVANCED_FACE('',(#270),#114,.T.);
#5337=ADVANCED_FACE('',(#271),#5175,.T.);
#5338=ADVANCED_FACE('',(#272),#115,.T.);
#5339=ADVANCED_FACE('',(#273),#5176,.T.);
#5340=ADVANCED_FACE('',(#274),#116,.T.);
#5341=ADVANCED_FACE('',(#275),#117,.T.);
#5342=ADVANCED_FACE('',(#276),#118,.T.);
#5343=ADVANCED_FACE('',(#277),#119,.T.);
#5344=ADVANCED_FACE('',(#278),#5177,.T.);
#5345=ADVANCED_FACE('',(#279),#5178,.F.);
#5346=ADVANCED_FACE('',(#280),#5179,.F.);
#5347=ADVANCED_FACE('',(#281),#5180,.F.);
#5348=ADVANCED_FACE('',(#282),#5181,.F.);
#5349=ADVANCED_FACE('',(#283),#5182,.F.);
#5350=ADVANCED_FACE('',(#284),#5183,.F.);
#5351=ADVANCED_FACE('',(#285),#5184,.F.);
#5352=ADVANCED_FACE('',(#286),#5185,.F.);
#5353=ADVANCED_FACE('',(#287),#5186,.F.);
#5354=ADVANCED_FACE('',(#288),#120,.T.);
#5355=ADVANCED_FACE('',(#289),#5187,.F.);
#5356=ADVANCED_FACE('',(#290),#121,.T.);
#5357=ADVANCED_FACE('',(#291),#5188,.F.);
#5358=ADVANCED_FACE('',(#292),#122,.T.);
#5359=ADVANCED_FACE('',(#293),#5189,.F.);
#5360=ADVANCED_FACE('',(#294),#123,.T.);
#5361=ADVANCED_FACE('',(#295),#5190,.F.);
#5362=ADVANCED_FACE('',(#296),#124,.T.);
#5363=ADVANCED_FACE('',(#297),#5191,.F.);
#5364=ADVANCED_FACE('',(#298),#125,.T.);
#5365=ADVANCED_FACE('',(#299),#5192,.F.);
#5366=ADVANCED_FACE('',(#300),#126,.T.);
#5367=ADVANCED_FACE('',(#301),#5193,.F.);
#5368=ADVANCED_FACE('',(#302),#127,.T.);
#5369=ADVANCED_FACE('',(#303),#5194,.F.);
#5370=ADVANCED_FACE('',(#304),#128,.T.);
#5371=ADVANCED_FACE('',(#305),#5195,.F.);
#5372=ADVANCED_FACE('',(#306),#129,.T.);
#5373=ADVANCED_FACE('',(#307),#5196,.F.);
#5374=ADVANCED_FACE('',(#308),#130,.T.);
#5375=ADVANCED_FACE('',(#309),#5197,.F.);
#5376=ADVANCED_FACE('',(#310),#131,.T.);
#5377=ADVANCED_FACE('',(#311),#5198,.F.);
#5378=ADVANCED_FACE('',(#312),#132,.T.);
#5379=ADVANCED_FACE('',(#313),#5199,.F.);
#5380=ADVANCED_FACE('',(#314),#133,.T.);
#5381=ADVANCED_FACE('',(#315),#5200,.F.);
#5382=ADVANCED_FACE('',(#316),#5201,.F.);
#5383=ADVANCED_FACE('',(#317),#5202,.F.);
#5384=ADVANCED_FACE('',(#318),#5203,.F.);
#5385=ADVANCED_FACE('',(#319),#5204,.F.);
#5386=ADVANCED_FACE('',(#320),#5205,.F.);
#5387=ADVANCED_FACE('',(#321),#5206,.F.);
#5388=ADVANCED_FACE('',(#322),#5207,.F.);
#5389=ADVANCED_FACE('',(#323),#5208,.F.);
#5390=ADVANCED_FACE('',(#324),#5209,.F.);
#5391=ADVANCED_FACE('',(#325),#5210,.F.);
#5392=ADVANCED_FACE('',(#326),#5211,.F.);
#5393=ADVANCED_FACE('',(#327),#5212,.F.);
#5394=ADVANCED_FACE('',(#328),#5213,.F.);
#5395=ADVANCED_FACE('',(#329),#5214,.F.);
#5396=ADVANCED_FACE('',(#330),#5215,.F.);
#5397=ADVANCED_FACE('',(#331),#5216,.F.);
#5398=ADVANCED_FACE('',(#332),#5217,.F.);
#5399=ADVANCED_FACE('',(#333),#5218,.F.);
#5400=ADVANCED_FACE('',(#334),#5219,.F.);
#5401=ADVANCED_FACE('',(#335),#5220,.F.);
#5402=ADVANCED_FACE('',(#336),#134,.T.);
#5403=ADVANCED_FACE('',(#337),#5221,.F.);
#5404=ADVANCED_FACE('',(#338),#135,.T.);
#5405=ADVANCED_FACE('',(#339),#5222,.F.);
#5406=ADVANCED_FACE('',(#340),#136,.T.);
#5407=ADVANCED_FACE('',(#341),#5223,.F.);
#5408=ADVANCED_FACE('',(#342),#137,.T.);
#5409=ADVANCED_FACE('',(#343),#5224,.F.);
#5410=ADVANCED_FACE('',(#344),#138,.T.);
#5411=ADVANCED_FACE('',(#345),#5225,.F.);
#5412=ADVANCED_FACE('',(#346),#139,.T.);
#5413=ADVANCED_FACE('',(#347),#5226,.F.);
#5414=ADVANCED_FACE('',(#348),#140,.T.);
#5415=ADVANCED_FACE('',(#349),#5227,.F.);
#5416=ADVANCED_FACE('',(#350),#141,.T.);
#5417=ADVANCED_FACE('',(#351),#5228,.F.);
#5418=ADVANCED_FACE('',(#352),#142,.T.);
#5419=ADVANCED_FACE('',(#353),#5229,.F.);
#5420=ADVANCED_FACE('',(#354),#143,.T.);
#5421=ADVANCED_FACE('',(#355),#5230,.F.);
#5422=ADVANCED_FACE('',(#356),#144,.T.);
#5423=ADVANCED_FACE('',(#357),#5231,.F.);
#5424=ADVANCED_FACE('',(#358),#145,.T.);
#5425=ADVANCED_FACE('',(#359),#5232,.F.);
#5426=ADVANCED_FACE('',(#360),#146,.T.);
#5427=ADVANCED_FACE('',(#361),#5233,.F.);
#5428=ADVANCED_FACE('',(#362),#147,.T.);
#5429=ADVANCED_FACE('',(#363),#5234,.F.);
#5430=ADVANCED_FACE('',(#364),#148,.T.);
#5431=ADVANCED_FACE('',(#365),#5235,.F.);
#5432=ADVANCED_FACE('',(#366),#149,.T.);
#5433=ADVANCED_FACE('',(#367),#5236,.F.);
#5434=ADVANCED_FACE('',(#368),#150,.T.);
#5435=ADVANCED_FACE('',(#369),#5237,.F.);
#5436=ADVANCED_FACE('',(#370),#151,.T.);
#5437=ADVANCED_FACE('',(#371),#5238,.F.);
#5438=ADVANCED_FACE('',(#372),#152,.T.);
#5439=ADVANCED_FACE('',(#373),#5239,.F.);
#5440=ADVANCED_FACE('',(#374),#153,.T.);
#5441=ADVANCED_FACE('',(#375,#44,#45,#46,#47,#48,#49,#50,#51,#52,#53,#54,
#55,#56,#57,#58,#59,#60,#61,#62,#63,#64,#65,#66,#67,#68,#69,#70,#71,#72,
#73,#74,#75,#76,#77,#78),#154,.T.);
#5442=ADVANCED_FACE('',(#376),#155,.F.);
#5443=ADVANCED_FACE('',(#377),#5240,.F.);
#5444=ADVANCED_FACE('',(#378),#156,.F.);
#5445=ADVANCED_FACE('',(#379),#5241,.F.);
#5446=ADVANCED_FACE('',(#380),#157,.F.);
#5447=ADVANCED_FACE('',(#381),#5242,.F.);
#5448=ADVANCED_FACE('',(#382),#158,.F.);
#5449=ADVANCED_FACE('',(#383),#5243,.F.);
#5450=ADVANCED_FACE('',(#384,#79),#159,.T.);
#5451=ADVANCED_FACE('',(#385),#160,.F.);
#5452=ADVANCED_FACE('',(#386),#5244,.F.);
#5453=ADVANCED_FACE('',(#387),#161,.F.);
#5454=ADVANCED_FACE('',(#388),#5245,.F.);
#5455=ADVANCED_FACE('',(#389),#162,.F.);
#5456=ADVANCED_FACE('',(#390),#5246,.F.);
#5457=ADVANCED_FACE('',(#391),#163,.F.);
#5458=ADVANCED_FACE('',(#392),#5247,.F.);
#5459=ADVANCED_FACE('',(#393,#80),#164,.T.);
#5460=ADVANCED_FACE('',(#394),#165,.F.);
#5461=ADVANCED_FACE('',(#395),#5248,.F.);
#5462=ADVANCED_FACE('',(#396),#166,.F.);
#5463=ADVANCED_FACE('',(#397),#5249,.F.);
#5464=ADVANCED_FACE('',(#398),#167,.F.);
#5465=ADVANCED_FACE('',(#399),#5250,.F.);
#5466=ADVANCED_FACE('',(#400),#168,.F.);
#5467=ADVANCED_FACE('',(#401),#5251,.F.);
#5468=ADVANCED_FACE('',(#402,#81),#169,.T.);
#5469=ADVANCED_FACE('',(#403),#170,.F.);
#5470=ADVANCED_FACE('',(#404),#5252,.F.);
#5471=ADVANCED_FACE('',(#405),#171,.F.);
#5472=ADVANCED_FACE('',(#406),#5253,.F.);
#5473=ADVANCED_FACE('',(#407),#172,.F.);
#5474=ADVANCED_FACE('',(#408),#5254,.F.);
#5475=ADVANCED_FACE('',(#409),#173,.F.);
#5476=ADVANCED_FACE('',(#410),#5255,.F.);
#5477=ADVANCED_FACE('',(#411,#82),#174,.T.);
#5478=ADVANCED_FACE('',(#412),#175,.F.);
#5479=ADVANCED_FACE('',(#413),#5256,.F.);
#5480=ADVANCED_FACE('',(#414),#176,.F.);
#5481=ADVANCED_FACE('',(#415),#5257,.F.);
#5482=ADVANCED_FACE('',(#416),#177,.F.);
#5483=ADVANCED_FACE('',(#417),#5258,.F.);
#5484=ADVANCED_FACE('',(#418),#178,.F.);
#5485=ADVANCED_FACE('',(#419),#5259,.F.);
#5486=ADVANCED_FACE('',(#420,#83),#179,.T.);
#5487=ADVANCED_FACE('',(#421),#5260,.F.);
#5488=ADVANCED_FACE('',(#422),#180,.F.);
#5489=ADVANCED_FACE('',(#423),#5261,.F.);
#5490=ADVANCED_FACE('',(#424),#181,.F.);
#5491=ADVANCED_FACE('',(#425),#5262,.F.);
#5492=ADVANCED_FACE('',(#426),#182,.F.);
#5493=ADVANCED_FACE('',(#427),#5263,.F.);
#5494=ADVANCED_FACE('',(#428),#183,.F.);
#5495=ADVANCED_FACE('',(#429,#84),#184,.T.);
#5496=ADVANCED_FACE('',(#430),#185,.F.);
#5497=ADVANCED_FACE('',(#431),#5264,.F.);
#5498=ADVANCED_FACE('',(#432),#186,.F.);
#5499=ADVANCED_FACE('',(#433),#5265,.F.);
#5500=ADVANCED_FACE('',(#434),#187,.F.);
#5501=ADVANCED_FACE('',(#435),#5266,.F.);
#5502=ADVANCED_FACE('',(#436),#188,.F.);
#5503=ADVANCED_FACE('',(#437),#5267,.F.);
#5504=ADVANCED_FACE('',(#438,#85),#189,.T.);
#5505=ADVANCED_FACE('',(#439),#190,.F.);
#5506=ADVANCED_FACE('',(#440),#5268,.F.);
#5507=ADVANCED_FACE('',(#441),#191,.F.);
#5508=ADVANCED_FACE('',(#442),#5269,.F.);
#5509=ADVANCED_FACE('',(#443),#192,.F.);
#5510=ADVANCED_FACE('',(#444),#5270,.F.);
#5511=ADVANCED_FACE('',(#445),#193,.F.);
#5512=ADVANCED_FACE('',(#446),#5271,.F.);
#5513=ADVANCED_FACE('',(#447,#86),#194,.T.);
#5514=ADVANCED_FACE('',(#448),#195,.F.);
#5515=ADVANCED_FACE('',(#449),#5272,.F.);
#5516=ADVANCED_FACE('',(#450),#196,.F.);
#5517=ADVANCED_FACE('',(#451),#5273,.F.);
#5518=ADVANCED_FACE('',(#452),#197,.F.);
#5519=ADVANCED_FACE('',(#453),#5274,.F.);
#5520=ADVANCED_FACE('',(#454),#198,.F.);
#5521=ADVANCED_FACE('',(#455),#5275,.F.);
#5522=ADVANCED_FACE('',(#456,#87),#199,.T.);
#5523=ADVANCED_FACE('',(#457),#200,.F.);
#5524=ADVANCED_FACE('',(#458),#5276,.F.);
#5525=ADVANCED_FACE('',(#459),#201,.F.);
#5526=ADVANCED_FACE('',(#460),#5277,.F.);
#5527=ADVANCED_FACE('',(#461),#202,.F.);
#5528=ADVANCED_FACE('',(#462),#5278,.F.);
#5529=ADVANCED_FACE('',(#463),#203,.F.);
#5530=ADVANCED_FACE('',(#464),#5279,.F.);
#5531=ADVANCED_FACE('',(#465,#88),#204,.T.);
#5532=ADVANCED_FACE('',(#466),#205,.F.);
#5533=ADVANCED_FACE('',(#467),#5280,.F.);
#5534=ADVANCED_FACE('',(#468),#206,.F.);
#5535=ADVANCED_FACE('',(#469),#5281,.F.);
#5536=ADVANCED_FACE('',(#470),#207,.F.);
#5537=ADVANCED_FACE('',(#471),#5282,.F.);
#5538=ADVANCED_FACE('',(#472),#208,.F.);
#5539=ADVANCED_FACE('',(#473),#5283,.F.);
#5540=ADVANCED_FACE('',(#474,#89),#209,.T.);
#5541=ADVANCED_FACE('',(#475),#5284,.F.);
#5542=ADVANCED_FACE('',(#476),#210,.F.);
#5543=ADVANCED_FACE('',(#477),#5285,.F.);
#5544=ADVANCED_FACE('',(#478),#211,.F.);
#5545=ADVANCED_FACE('',(#479),#5286,.F.);
#5546=ADVANCED_FACE('',(#480),#212,.F.);
#5547=ADVANCED_FACE('',(#481),#5287,.F.);
#5548=ADVANCED_FACE('',(#482),#213,.F.);
#5549=ADVANCED_FACE('',(#483,#90),#214,.T.);
#5550=ADVANCED_FACE('',(#484),#215,.F.);
#5551=ADVANCED_FACE('',(#485),#5288,.F.);
#5552=ADVANCED_FACE('',(#486),#216,.F.);
#5553=ADVANCED_FACE('',(#487),#5289,.F.);
#5554=ADVANCED_FACE('',(#488),#217,.F.);
#5555=ADVANCED_FACE('',(#489),#5290,.F.);
#5556=ADVANCED_FACE('',(#490),#218,.F.);
#5557=ADVANCED_FACE('',(#491),#5291,.F.);
#5558=ADVANCED_FACE('',(#492,#91),#219,.T.);
#5559=ADVANCED_FACE('',(#493),#220,.F.);
#5560=ADVANCED_FACE('',(#494),#5292,.F.);
#5561=ADVANCED_FACE('',(#495),#221,.F.);
#5562=ADVANCED_FACE('',(#496),#5293,.F.);
#5563=ADVANCED_FACE('',(#497),#222,.F.);
#5564=ADVANCED_FACE('',(#498),#5294,.F.);
#5565=ADVANCED_FACE('',(#499),#223,.F.);
#5566=ADVANCED_FACE('',(#500),#5295,.F.);
#5567=ADVANCED_FACE('',(#501,#92),#224,.T.);
#5568=ADVANCED_FACE('',(#502),#225,.F.);
#5569=ADVANCED_FACE('',(#503),#5296,.F.);
#5570=ADVANCED_FACE('',(#504),#226,.F.);
#5571=ADVANCED_FACE('',(#505),#5297,.F.);
#5572=ADVANCED_FACE('',(#506),#227,.F.);
#5573=ADVANCED_FACE('',(#507),#5298,.F.);
#5574=ADVANCED_FACE('',(#508),#228,.F.);
#5575=ADVANCED_FACE('',(#509),#5299,.F.);
#5576=ADVANCED_FACE('',(#510,#93),#229,.T.);
#5577=ADVANCED_FACE('',(#511),#230,.F.);
#5578=ADVANCED_FACE('',(#512),#5300,.F.);
#5579=ADVANCED_FACE('',(#513),#231,.F.);
#5580=ADVANCED_FACE('',(#514),#5301,.F.);
#5581=ADVANCED_FACE('',(#515),#232,.F.);
#5582=ADVANCED_FACE('',(#516),#5302,.F.);
#5583=ADVANCED_FACE('',(#517),#233,.F.);
#5584=ADVANCED_FACE('',(#518),#5303,.F.);
#5585=ADVANCED_FACE('',(#519,#94),#234,.T.);
#5586=ADVANCED_FACE('',(#520),#235,.F.);
#5587=ADVANCED_FACE('',(#521),#5304,.F.);
#5588=ADVANCED_FACE('',(#522),#236,.F.);
#5589=ADVANCED_FACE('',(#523),#5305,.F.);
#5590=ADVANCED_FACE('',(#524),#237,.F.);
#5591=ADVANCED_FACE('',(#525),#5306,.F.);
#5592=ADVANCED_FACE('',(#526),#238,.F.);
#5593=ADVANCED_FACE('',(#527),#5307,.F.);
#5594=ADVANCED_FACE('',(#528,#95),#239,.T.);
#5595=ADVANCED_FACE('',(#529),#5308,.F.);
#5596=ADVANCED_FACE('',(#530),#240,.F.);
#5597=ADVANCED_FACE('',(#531),#5309,.F.);
#5598=ADVANCED_FACE('',(#532),#241,.F.);
#5599=ADVANCED_FACE('',(#533),#5310,.F.);
#5600=ADVANCED_FACE('',(#534),#242,.F.);
#5601=ADVANCED_FACE('',(#535),#5311,.F.);
#5602=ADVANCED_FACE('',(#536),#243,.F.);
#5603=ADVANCED_FACE('',(#537,#96),#244,.T.);
#5604=ADVANCED_FACE('',(#538),#245,.F.);
#5605=ADVANCED_FACE('',(#539),#5312,.F.);
#5606=ADVANCED_FACE('',(#540),#246,.F.);
#5607=ADVANCED_FACE('',(#541),#5313,.F.);
#5608=ADVANCED_FACE('',(#542),#247,.F.);
#5609=ADVANCED_FACE('',(#543),#5314,.F.);
#5610=ADVANCED_FACE('',(#544),#248,.F.);
#5611=ADVANCED_FACE('',(#545),#5315,.F.);
#5612=ADVANCED_FACE('',(#546,#97),#249,.T.);
#5613=ADVANCED_FACE('',(#547),#250,.F.);
#5614=ADVANCED_FACE('',(#548),#5316,.F.);
#5615=ADVANCED_FACE('',(#549),#251,.F.);
#5616=ADVANCED_FACE('',(#550),#5317,.F.);
#5617=ADVANCED_FACE('',(#551),#252,.F.);
#5618=ADVANCED_FACE('',(#552),#5318,.F.);
#5619=ADVANCED_FACE('',(#553),#253,.F.);
#5620=ADVANCED_FACE('',(#554),#5319,.F.);
#5621=ADVANCED_FACE('',(#555,#98),#254,.T.);
#5622=ADVANCED_FACE('',(#556),#5320,.T.);
#5623=ADVANCED_FACE('',(#557),#5321,.F.);
#5624=ADVANCED_FACE('',(#558,#99,#100,#101,#102,#103,#104,#105,#106,#107),
#255,.T.);
#5625=CLOSED_SHELL('',(#5322,#5323,#5324,#5325,#5326,#5327,#5328,#5329,
#5330,#5331,#5332,#5333,#5334,#5335,#5336,#5337,#5338,#5339,#5340,#5341,
#5342,#5343,#5344,#5345,#5346,#5347,#5348,#5349,#5350,#5351,#5352,#5353,
#5354,#5355,#5356,#5357,#5358,#5359,#5360,#5361,#5362,#5363,#5364,#5365,
#5366,#5367,#5368,#5369,#5370,#5371,#5372,#5373,#5374,#5375,#5376,#5377,
#5378,#5379,#5380,#5381,#5382,#5383,#5384,#5385,#5386,#5387,#5388,#5389,
#5390,#5391,#5392,#5393,#5394,#5395,#5396,#5397,#5398,#5399,#5400,#5401,
#5402,#5403,#5404,#5405,#5406,#5407,#5408,#5409,#5410,#5411,#5412,#5413,
#5414,#5415,#5416,#5417,#5418,#5419,#5420,#5421,#5422,#5423,#5424,#5425,
#5426,#5427,#5428,#5429,#5430,#5431,#5432,#5433,#5434,#5435,#5436,#5437,
#5438,#5439,#5440,#5441,#5442,#5443,#5444,#5445,#5446,#5447,#5448,#5449,
#5450,#5451,#5452,#5453,#5454,#5455,#5456,#5457,#5458,#5459,#5460,#5461,
#5462,#5463,#5464,#5465,#5466,#5467,#5468,#5469,#5470,#5471,#5472,#5473,
#5474,#5475,#5476,#5477,#5478,#5479,#5480,#5481,#5482,#5483,#5484,#5485,
#5486,#5487,#5488,#5489,#5490,#5491,#5492,#5493,#5494,#5495,#5496,#5497,
#5498,#5499,#5500,#5501,#5502,#5503,#5504,#5505,#5506,#5507,#5508,#5509,
#5510,#5511,#5512,#5513,#5514,#5515,#5516,#5517,#5518,#5519,#5520,#5521,
#5522,#5523,#5524,#5525,#5526,#5527,#5528,#5529,#5530,#5531,#5532,#5533,
#5534,#5535,#5536,#5537,#5538,#5539,#5540,#5541,#5542,#5543,#5544,#5545,
#5546,#5547,#5548,#5549,#5550,#5551,#5552,#5553,#5554,#5555,#5556,#5557,
#5558,#5559,#5560,#5561,#5562,#5563,#5564,#5565,#5566,#5567,#5568,#5569,
#5570,#5571,#5572,#5573,#5574,#5575,#5576,#5577,#5578,#5579,#5580,#5581,
#5582,#5583,#5584,#5585,#5586,#5587,#5588,#5589,#5590,#5591,#5592,#5593,
#5594,#5595,#5596,#5597,#5598,#5599,#5600,#5601,#5602,#5603,#5604,#5605,
#5606,#5607,#5608,#5609,#5610,#5611,#5612,#5613,#5614,#5615,#5616,#5617,
#5618,#5619,#5620,#5621,#5622,#5623,#5624));
#5626=DERIVED_UNIT_ELEMENT(#5629,1.);
#5627=DERIVED_UNIT_ELEMENT(#9616,-3.);
#5628=DIMENSIONAL_EXPONENTS(0.,1.,0.,0.,0.,0.,0.);
#5629=(
CONVERSION_BASED_UNIT('gram',#5631)
MASS_UNIT()
NAMED_UNIT(#5628)
);
#5630=(
MASS_UNIT()
NAMED_UNIT(*)
SI_UNIT(.KILO.,.GRAM.)
);
#5631=MASS_MEASURE_WITH_UNIT(MASS_MEASURE(0.001),#5630);
#5632=DERIVED_UNIT((#5626,#5627));
#5633=MEASURE_REPRESENTATION_ITEM('density measure',
POSITIVE_RATIO_MEASURE(1.),#5632);
#5634=PROPERTY_DEFINITION_REPRESENTATION(#5639,#5636);
#5635=PROPERTY_DEFINITION_REPRESENTATION(#5640,#5637);
#5636=REPRESENTATION('material name',(#5638),#9613);
#5637=REPRESENTATION('density',(#5633),#9613);
#5638=DESCRIPTIVE_REPRESENTATION_ITEM('Generic','Generic');
#5639=PROPERTY_DEFINITION('material property','material name',#9623);
#5640=PROPERTY_DEFINITION('material property','density of part',#9623);
#5641=DATE_TIME_ROLE('creation_date');
#5642=APPLIED_DATE_AND_TIME_ASSIGNMENT(#5643,#5641,(#9623));
#5643=DATE_AND_TIME(#5644,#5645);
#5644=CALENDAR_DATE(2025,23,4);
#5645=LOCAL_TIME(0,0,0.,#5646);
#5646=COORDINATED_UNIVERSAL_TIME_OFFSET(0,0,.BEHIND.);
#5647=AXIS2_PLACEMENT_3D('',#7977,#6261,#6262);
#5648=AXIS2_PLACEMENT_3D('',#7978,#6263,#6264);
#5649=AXIS2_PLACEMENT_3D('',#7981,#6265,#6266);
#5650=AXIS2_PLACEMENT_3D('',#7985,#6268,#6269);
#5651=AXIS2_PLACEMENT_3D('',#7987,#6271,#6272);
#5652=AXIS2_PLACEMENT_3D('',#7991,#6274,#6275);
#5653=AXIS2_PLACEMENT_3D('',#7995,#6277,#6278);
#5654=AXIS2_PLACEMENT_3D('',#7999,#6280,#6281);
#5655=AXIS2_PLACEMENT_3D('',#8003,#6283,#6284);
#5656=AXIS2_PLACEMENT_3D('',#8007,#6286,#6287);
#5657=AXIS2_PLACEMENT_3D('',#8011,#6289,#6290);
#5658=AXIS2_PLACEMENT_3D('',#8015,#6292,#6293);
#5659=AXIS2_PLACEMENT_3D('',#8019,#6295,#6296);
#5660=AXIS2_PLACEMENT_3D('',#8023,#6298,#6299);
#5661=AXIS2_PLACEMENT_3D('',#8027,#6301,#6302);
#5662=AXIS2_PLACEMENT_3D('',#8030,#6304,#6305);
#5663=AXIS2_PLACEMENT_3D('',#8032,#6306,#6307);
#5664=AXIS2_PLACEMENT_3D('',#8034,#6308,#6309);
#5665=AXIS2_PLACEMENT_3D('',#8036,#6310,#6311);
#5666=AXIS2_PLACEMENT_3D('',#8038,#6312,#6313);
#5667=AXIS2_PLACEMENT_3D('',#8040,#6314,#6315);
#5668=AXIS2_PLACEMENT_3D('',#8042,#6316,#6317);
#5669=AXIS2_PLACEMENT_3D('',#8044,#6318,#6319);
#5670=AXIS2_PLACEMENT_3D('',#8046,#6320,#6321);
#5671=AXIS2_PLACEMENT_3D('',#8048,#6322,#6323);
#5672=AXIS2_PLACEMENT_3D('',#8050,#6324,#6325);
#5673=AXIS2_PLACEMENT_3D('',#8052,#6326,#6327);
#5674=AXIS2_PLACEMENT_3D('',#8054,#6328,#6329);
#5675=AXIS2_PLACEMENT_3D('',#8056,#6330,#6331);
#5676=AXIS2_PLACEMENT_3D('',#8058,#6332,#6333);
#5677=AXIS2_PLACEMENT_3D('',#8060,#6334,#6335);
#5678=AXIS2_PLACEMENT_3D('',#8062,#6336,#6337);
#5679=AXIS2_PLACEMENT_3D('',#8064,#6338,#6339);
#5680=AXIS2_PLACEMENT_3D('',#8066,#6340,#6341);
#5681=AXIS2_PLACEMENT_3D('',#8068,#6342,#6343);
#5682=AXIS2_PLACEMENT_3D('',#8070,#6344,#6345);
#5683=AXIS2_PLACEMENT_3D('',#8072,#6346,#6347);
#5684=AXIS2_PLACEMENT_3D('',#8074,#6348,#6349);
#5685=AXIS2_PLACEMENT_3D('',#8076,#6350,#6351);
#5686=AXIS2_PLACEMENT_3D('',#8078,#6352,#6353);
#5687=AXIS2_PLACEMENT_3D('',#8080,#6354,#6355);
#5688=AXIS2_PLACEMENT_3D('',#8082,#6356,#6357);
#5689=AXIS2_PLACEMENT_3D('',#8084,#6358,#6359);
#5690=AXIS2_PLACEMENT_3D('',#8086,#6360,#6361);
#5691=AXIS2_PLACEMENT_3D('',#8087,#6362,#6363);
#5692=AXIS2_PLACEMENT_3D('',#8091,#6366,#6367);
#5693=AXIS2_PLACEMENT_3D('',#8093,#6368,#6369);
#5694=AXIS2_PLACEMENT_3D('',#8095,#6371,#6372);
#5695=AXIS2_PLACEMENT_3D('',#8098,#6373,#6374);
#5696=AXIS2_PLACEMENT_3D('',#8101,#6377,#6378);
#5697=AXIS2_PLACEMENT_3D('',#8105,#6381,#6382);
#5698=AXIS2_PLACEMENT_3D('',#8107,#6383,#6384);
#5699=AXIS2_PLACEMENT_3D('',#8109,#6386,#6387);
#5700=AXIS2_PLACEMENT_3D('',#8113,#6390,#6391);
#5701=AXIS2_PLACEMENT_3D('',#8115,#6392,#6393);
#5702=AXIS2_PLACEMENT_3D('',#8117,#6395,#6396);
#5703=AXIS2_PLACEMENT_3D('',#8121,#6399,#6400);
#5704=AXIS2_PLACEMENT_3D('',#8123,#6401,#6402);
#5705=AXIS2_PLACEMENT_3D('',#8125,#6404,#6405);
#5706=AXIS2_PLACEMENT_3D('',#8128,#6406,#6407);
#5707=AXIS2_PLACEMENT_3D('',#8131,#6410,#6411);
#5708=AXIS2_PLACEMENT_3D('',#8135,#6414,#6415);
#5709=AXIS2_PLACEMENT_3D('',#8137,#6416,#6417);
#5710=AXIS2_PLACEMENT_3D('',#8139,#6419,#6420);
#5711=AXIS2_PLACEMENT_3D('',#8143,#6423,#6424);
#5712=AXIS2_PLACEMENT_3D('',#8145,#6425,#6426);
#5713=AXIS2_PLACEMENT_3D('',#8147,#6428,#6429);
#5714=AXIS2_PLACEMENT_3D('',#8151,#6432,#6433);
#5715=AXIS2_PLACEMENT_3D('',#8153,#6434,#6435);
#5716=AXIS2_PLACEMENT_3D('',#8155,#6437,#6438);
#5717=AXIS2_PLACEMENT_3D('',#8157,#6440,#6441);
#5718=AXIS2_PLACEMENT_3D('',#8161,#6444,#6445);
#5719=AXIS2_PLACEMENT_3D('',#8163,#6447,#6448);
#5720=AXIS2_PLACEMENT_3D('',#8167,#6451,#6452);
#5721=AXIS2_PLACEMENT_3D('',#8168,#6453,#6454);
#5722=AXIS2_PLACEMENT_3D('',#8169,#6455,#6456);
#5723=AXIS2_PLACEMENT_3D('',#8171,#6457,#6458);
#5724=AXIS2_PLACEMENT_3D('',#8173,#6460,#6461);
#5725=AXIS2_PLACEMENT_3D('',#8175,#6462,#6463);
#5726=AXIS2_PLACEMENT_3D('',#8177,#6465,#6466);
#5727=AXIS2_PLACEMENT_3D('',#8179,#6467,#6468);
#5728=AXIS2_PLACEMENT_3D('',#8181,#6470,#6471);
#5729=AXIS2_PLACEMENT_3D('',#8183,#6472,#6473);
#5730=AXIS2_PLACEMENT_3D('',#8185,#6475,#6476);
#5731=AXIS2_PLACEMENT_3D('',#8187,#6477,#6478);
#5732=AXIS2_PLACEMENT_3D('',#8189,#6480,#6481);
#5733=AXIS2_PLACEMENT_3D('',#8191,#6482,#6483);
#5734=AXIS2_PLACEMENT_3D('',#8193,#6485,#6486);
#5735=AXIS2_PLACEMENT_3D('',#8195,#6487,#6488);
#5736=AXIS2_PLACEMENT_3D('',#8197,#6490,#6491);
#5737=AXIS2_PLACEMENT_3D('',#8199,#6492,#6493);
#5738=AXIS2_PLACEMENT_3D('',#8201,#6495,#6496);
#5739=AXIS2_PLACEMENT_3D('',#8203,#6497,#6498);
#5740=AXIS2_PLACEMENT_3D('',#8206,#6500,#6501);
#5741=AXIS2_PLACEMENT_3D('',#8207,#6502,#6503);
#5742=AXIS2_PLACEMENT_3D('',#8208,#6504,#6505);
#5743=AXIS2_PLACEMENT_3D('',#8210,#6506,#6507);
#5744=AXIS2_PLACEMENT_3D('',#8213,#6509,#6510);
#5745=AXIS2_PLACEMENT_3D('',#8214,#6511,#6512);
#5746=AXIS2_PLACEMENT_3D('',#8215,#6513,#6514);
#5747=AXIS2_PLACEMENT_3D('',#8217,#6515,#6516);
#5748=AXIS2_PLACEMENT_3D('',#8220,#6518,#6519);
#5749=AXIS2_PLACEMENT_3D('',#8221,#6520,#6521);
#5750=AXIS2_PLACEMENT_3D('',#8222,#6522,#6523);
#5751=AXIS2_PLACEMENT_3D('',#8224,#6524,#6525);
#5752=AXIS2_PLACEMENT_3D('',#8227,#6527,#6528);
#5753=AXIS2_PLACEMENT_3D('',#8228,#6529,#6530);
#5754=AXIS2_PLACEMENT_3D('',#8229,#6531,#6532);
#5755=AXIS2_PLACEMENT_3D('',#8231,#6533,#6534);
#5756=AXIS2_PLACEMENT_3D('',#8234,#6536,#6537);
#5757=AXIS2_PLACEMENT_3D('',#8235,#6538,#6539);
#5758=AXIS2_PLACEMENT_3D('',#8236,#6540,#6541);
#5759=AXIS2_PLACEMENT_3D('',#8238,#6542,#6543);
#5760=AXIS2_PLACEMENT_3D('',#8241,#6545,#6546);
#5761=AXIS2_PLACEMENT_3D('',#8242,#6547,#6548);
#5762=AXIS2_PLACEMENT_3D('',#8243,#6549,#6550);
#5763=AXIS2_PLACEMENT_3D('',#8245,#6551,#6552);
#5764=AXIS2_PLACEMENT_3D('',#8248,#6554,#6555);
#5765=AXIS2_PLACEMENT_3D('',#8249,#6556,#6557);
#5766=AXIS2_PLACEMENT_3D('',#8250,#6558,#6559);
#5767=AXIS2_PLACEMENT_3D('',#8252,#6560,#6561);
#5768=AXIS2_PLACEMENT_3D('',#8255,#6563,#6564);
#5769=AXIS2_PLACEMENT_3D('',#8256,#6565,#6566);
#5770=AXIS2_PLACEMENT_3D('',#8257,#6567,#6568);
#5771=AXIS2_PLACEMENT_3D('',#8259,#6569,#6570);
#5772=AXIS2_PLACEMENT_3D('',#8262,#6572,#6573);
#5773=AXIS2_PLACEMENT_3D('',#8263,#6574,#6575);
#5774=AXIS2_PLACEMENT_3D('',#8264,#6576,#6577);
#5775=AXIS2_PLACEMENT_3D('',#8266,#6578,#6579);
#5776=AXIS2_PLACEMENT_3D('',#8269,#6581,#6582);
#5777=AXIS2_PLACEMENT_3D('',#8270,#6583,#6584);
#5778=AXIS2_PLACEMENT_3D('',#8271,#6585,#6586);
#5779=AXIS2_PLACEMENT_3D('',#8273,#6587,#6588);
#5780=AXIS2_PLACEMENT_3D('',#8276,#6590,#6591);
#5781=AXIS2_PLACEMENT_3D('',#8277,#6592,#6593);
#5782=AXIS2_PLACEMENT_3D('',#8278,#6594,#6595);
#5783=AXIS2_PLACEMENT_3D('',#8280,#6596,#6597);
#5784=AXIS2_PLACEMENT_3D('',#8283,#6599,#6600);
#5785=AXIS2_PLACEMENT_3D('',#8284,#6601,#6602);
#5786=AXIS2_PLACEMENT_3D('',#8285,#6603,#6604);
#5787=AXIS2_PLACEMENT_3D('',#8287,#6605,#6606);
#5788=AXIS2_PLACEMENT_3D('',#8290,#6608,#6609);
#5789=AXIS2_PLACEMENT_3D('',#8291,#6610,#6611);
#5790=AXIS2_PLACEMENT_3D('',#8292,#6612,#6613);
#5791=AXIS2_PLACEMENT_3D('',#8294,#6614,#6615);
#5792=AXIS2_PLACEMENT_3D('',#8297,#6617,#6618);
#5793=AXIS2_PLACEMENT_3D('',#8298,#6619,#6620);
#5794=AXIS2_PLACEMENT_3D('',#8299,#6621,#6622);
#5795=AXIS2_PLACEMENT_3D('',#8301,#6623,#6624);
#5796=AXIS2_PLACEMENT_3D('',#8303,#6626,#6627);
#5797=AXIS2_PLACEMENT_3D('',#8305,#6628,#6629);
#5798=AXIS2_PLACEMENT_3D('',#8307,#6631,#6632);
#5799=AXIS2_PLACEMENT_3D('',#8309,#6633,#6634);
#5800=AXIS2_PLACEMENT_3D('',#8311,#6636,#6637);
#5801=AXIS2_PLACEMENT_3D('',#8313,#6638,#6639);
#5802=AXIS2_PLACEMENT_3D('',#8315,#6641,#6642);
#5803=AXIS2_PLACEMENT_3D('',#8317,#6643,#6644);
#5804=AXIS2_PLACEMENT_3D('',#8319,#6646,#6647);
#5805=AXIS2_PLACEMENT_3D('',#8321,#6648,#6649);
#5806=AXIS2_PLACEMENT_3D('',#8323,#6651,#6652);
#5807=AXIS2_PLACEMENT_3D('',#8325,#6653,#6654);
#5808=AXIS2_PLACEMENT_3D('',#8327,#6656,#6657);
#5809=AXIS2_PLACEMENT_3D('',#8329,#6658,#6659);
#5810=AXIS2_PLACEMENT_3D('',#8331,#6661,#6662);
#5811=AXIS2_PLACEMENT_3D('',#8333,#6663,#6664);
#5812=AXIS2_PLACEMENT_3D('',#8335,#6666,#6667);
#5813=AXIS2_PLACEMENT_3D('',#8337,#6668,#6669);
#5814=AXIS2_PLACEMENT_3D('',#8339,#6671,#6672);
#5815=AXIS2_PLACEMENT_3D('',#8341,#6673,#6674);
#5816=AXIS2_PLACEMENT_3D('',#8343,#6676,#6677);
#5817=AXIS2_PLACEMENT_3D('',#8345,#6678,#6679);
#5818=AXIS2_PLACEMENT_3D('',#8347,#6681,#6682);
#5819=AXIS2_PLACEMENT_3D('',#8349,#6683,#6684);
#5820=AXIS2_PLACEMENT_3D('',#8351,#6686,#6687);
#5821=AXIS2_PLACEMENT_3D('',#8353,#6688,#6689);
#5822=AXIS2_PLACEMENT_3D('',#8355,#6691,#6692);
#5823=AXIS2_PLACEMENT_3D('',#8357,#6693,#6694);
#5824=AXIS2_PLACEMENT_3D('',#8359,#6696,#6697);
#5825=AXIS2_PLACEMENT_3D('',#8361,#6698,#6699);
#5826=AXIS2_PLACEMENT_3D('',#8363,#6701,#6702);
#5827=AXIS2_PLACEMENT_3D('',#8365,#6703,#6704);
#5828=AXIS2_PLACEMENT_3D('',#8367,#6706,#6707);
#5829=AXIS2_PLACEMENT_3D('',#8369,#6708,#6709);
#5830=AXIS2_PLACEMENT_3D('',#8371,#6711,#6712);
#5831=AXIS2_PLACEMENT_3D('',#8373,#6713,#6714);
#5832=AXIS2_PLACEMENT_3D('',#8375,#6716,#6717);
#5833=AXIS2_PLACEMENT_3D('',#8377,#6718,#6719);
#5834=AXIS2_PLACEMENT_3D('',#8379,#6721,#6722);
#5835=AXIS2_PLACEMENT_3D('',#8384,#6724,#6725);
#5836=AXIS2_PLACEMENT_3D('',#8387,#6727,#6728);
#5837=AXIS2_PLACEMENT_3D('',#8388,#6729,#6730);
#5838=AXIS2_PLACEMENT_3D('',#8390,#6732,#6733);
#5839=AXIS2_PLACEMENT_3D('',#8395,#6735,#6736);
#5840=AXIS2_PLACEMENT_3D('',#8398,#6738,#6739);
#5841=AXIS2_PLACEMENT_3D('',#8399,#6740,#6741);
#5842=AXIS2_PLACEMENT_3D('',#8401,#6743,#6744);
#5843=AXIS2_PLACEMENT_3D('',#8406,#6746,#6747);
#5844=AXIS2_PLACEMENT_3D('',#8409,#6749,#6750);
#5845=AXIS2_PLACEMENT_3D('',#8410,#6751,#6752);
#5846=AXIS2_PLACEMENT_3D('',#8412,#6754,#6755);
#5847=AXIS2_PLACEMENT_3D('',#8417,#6757,#6758);
#5848=AXIS2_PLACEMENT_3D('',#8420,#6760,#6761);
#5849=AXIS2_PLACEMENT_3D('',#8421,#6762,#6763);
#5850=AXIS2_PLACEMENT_3D('',#8423,#6765,#6766);
#5851=AXIS2_PLACEMENT_3D('',#8428,#6768,#6769);
#5852=AXIS2_PLACEMENT_3D('',#8431,#6771,#6772);
#5853=AXIS2_PLACEMENT_3D('',#8432,#6773,#6774);
#5854=AXIS2_PLACEMENT_3D('',#8434,#6776,#6777);
#5855=AXIS2_PLACEMENT_3D('',#8439,#6779,#6780);
#5856=AXIS2_PLACEMENT_3D('',#8442,#6782,#6783);
#5857=AXIS2_PLACEMENT_3D('',#8443,#6784,#6785);
#5858=AXIS2_PLACEMENT_3D('',#8445,#6787,#6788);
#5859=AXIS2_PLACEMENT_3D('',#8450,#6790,#6791);
#5860=AXIS2_PLACEMENT_3D('',#8453,#6793,#6794);
#5861=AXIS2_PLACEMENT_3D('',#8454,#6795,#6796);
#5862=AXIS2_PLACEMENT_3D('',#8456,#6798,#6799);
#5863=AXIS2_PLACEMENT_3D('',#8461,#6801,#6802);
#5864=AXIS2_PLACEMENT_3D('',#8464,#6804,#6805);
#5865=AXIS2_PLACEMENT_3D('',#8465,#6806,#6807);
#5866=AXIS2_PLACEMENT_3D('',#8467,#6809,#6810);
#5867=AXIS2_PLACEMENT_3D('',#8472,#6812,#6813);
#5868=AXIS2_PLACEMENT_3D('',#8475,#6815,#6816);
#5869=AXIS2_PLACEMENT_3D('',#8476,#6817,#6818);
#5870=AXIS2_PLACEMENT_3D('',#8478,#6820,#6821);
#5871=AXIS2_PLACEMENT_3D('',#8483,#6823,#6824);
#5872=AXIS2_PLACEMENT_3D('',#8486,#6826,#6827);
#5873=AXIS2_PLACEMENT_3D('',#8487,#6828,#6829);
#5874=AXIS2_PLACEMENT_3D('',#8489,#6831,#6832);
#5875=AXIS2_PLACEMENT_3D('',#8494,#6834,#6835);
#5876=AXIS2_PLACEMENT_3D('',#8497,#6837,#6838);
#5877=AXIS2_PLACEMENT_3D('',#8498,#6839,#6840);
#5878=AXIS2_PLACEMENT_3D('',#8500,#6842,#6843);
#5879=AXIS2_PLACEMENT_3D('',#8505,#6845,#6846);
#5880=AXIS2_PLACEMENT_3D('',#8508,#6848,#6849);
#5881=AXIS2_PLACEMENT_3D('',#8509,#6850,#6851);
#5882=AXIS2_PLACEMENT_3D('',#8511,#6853,#6854);
#5883=AXIS2_PLACEMENT_3D('',#8516,#6856,#6857);
#5884=AXIS2_PLACEMENT_3D('',#8519,#6859,#6860);
#5885=AXIS2_PLACEMENT_3D('',#8520,#6861,#6862);
#5886=AXIS2_PLACEMENT_3D('',#8522,#6864,#6865);
#5887=AXIS2_PLACEMENT_3D('',#8527,#6867,#6868);
#5888=AXIS2_PLACEMENT_3D('',#8530,#6870,#6871);
#5889=AXIS2_PLACEMENT_3D('',#8531,#6872,#6873);
#5890=AXIS2_PLACEMENT_3D('',#8533,#6875,#6876);
#5891=AXIS2_PLACEMENT_3D('',#8538,#6878,#6879);
#5892=AXIS2_PLACEMENT_3D('',#8541,#6881,#6882);
#5893=AXIS2_PLACEMENT_3D('',#8542,#6883,#6884);
#5894=AXIS2_PLACEMENT_3D('',#8544,#6886,#6887);
#5895=AXIS2_PLACEMENT_3D('',#8549,#6889,#6890);
#5896=AXIS2_PLACEMENT_3D('',#8552,#6892,#6893);
#5897=AXIS2_PLACEMENT_3D('',#8553,#6894,#6895);
#5898=AXIS2_PLACEMENT_3D('',#8555,#6897,#6898);
#5899=AXIS2_PLACEMENT_3D('',#8560,#6900,#6901);
#5900=AXIS2_PLACEMENT_3D('',#8563,#6903,#6904);
#5901=AXIS2_PLACEMENT_3D('',#8564,#6905,#6906);
#5902=AXIS2_PLACEMENT_3D('',#8566,#6908,#6909);
#5903=AXIS2_PLACEMENT_3D('',#8571,#6911,#6912);
#5904=AXIS2_PLACEMENT_3D('',#8574,#6914,#6915);
#5905=AXIS2_PLACEMENT_3D('',#8575,#6916,#6917);
#5906=AXIS2_PLACEMENT_3D('',#8577,#6919,#6920);
#5907=AXIS2_PLACEMENT_3D('',#8582,#6922,#6923);
#5908=AXIS2_PLACEMENT_3D('',#8585,#6925,#6926);
#5909=AXIS2_PLACEMENT_3D('',#8586,#6927,#6928);
#5910=AXIS2_PLACEMENT_3D('',#8588,#6930,#6931);
#5911=AXIS2_PLACEMENT_3D('',#8593,#6933,#6934);
#5912=AXIS2_PLACEMENT_3D('',#8596,#6936,#6937);
#5913=AXIS2_PLACEMENT_3D('',#8597,#6938,#6939);
#5914=AXIS2_PLACEMENT_3D('',#8599,#6941,#6942);
#5915=AXIS2_PLACEMENT_3D('',#8601,#6943,#6944);
#5916=AXIS2_PLACEMENT_3D('',#8605,#6946,#6947);
#5917=AXIS2_PLACEMENT_3D('',#8609,#6949,#6950);
#5918=AXIS2_PLACEMENT_3D('',#8613,#6952,#6953);
#5919=AXIS2_PLACEMENT_3D('',#8617,#6955,#6956);
#5920=AXIS2_PLACEMENT_3D('',#8622,#6959,#6960);
#5921=AXIS2_PLACEMENT_3D('',#8626,#6962,#6963);
#5922=AXIS2_PLACEMENT_3D('',#8630,#6965,#6966);
#5923=AXIS2_PLACEMENT_3D('',#8634,#6968,#6969);
#5924=AXIS2_PLACEMENT_3D('',#8639,#6972,#6973);
#5925=AXIS2_PLACEMENT_3D('',#8643,#6975,#6976);
#5926=AXIS2_PLACEMENT_3D('',#8647,#6978,#6979);
#5927=AXIS2_PLACEMENT_3D('',#8651,#6981,#6982);
#5928=AXIS2_PLACEMENT_3D('',#8656,#6985,#6986);
#5929=AXIS2_PLACEMENT_3D('',#8660,#6988,#6989);
#5930=AXIS2_PLACEMENT_3D('',#8664,#6991,#6992);
#5931=AXIS2_PLACEMENT_3D('',#8668,#6994,#6995);
#5932=AXIS2_PLACEMENT_3D('',#8673,#6998,#6999);
#5933=AXIS2_PLACEMENT_3D('',#8677,#7001,#7002);
#5934=AXIS2_PLACEMENT_3D('',#8681,#7004,#7005);
#5935=AXIS2_PLACEMENT_3D('',#8685,#7007,#7008);
#5936=AXIS2_PLACEMENT_3D('',#8690,#7011,#7012);
#5937=AXIS2_PLACEMENT_3D('',#8694,#7014,#7015);
#5938=AXIS2_PLACEMENT_3D('',#8698,#7017,#7018);
#5939=AXIS2_PLACEMENT_3D('',#8702,#7020,#7021);
#5940=AXIS2_PLACEMENT_3D('',#8707,#7024,#7025);
#5941=AXIS2_PLACEMENT_3D('',#8711,#7027,#7028);
#5942=AXIS2_PLACEMENT_3D('',#8715,#7030,#7031);
#5943=AXIS2_PLACEMENT_3D('',#8719,#7033,#7034);
#5944=AXIS2_PLACEMENT_3D('',#8724,#7037,#7038);
#5945=AXIS2_PLACEMENT_3D('',#8728,#7040,#7041);
#5946=AXIS2_PLACEMENT_3D('',#8732,#7043,#7044);
#5947=AXIS2_PLACEMENT_3D('',#8736,#7046,#7047);
#5948=AXIS2_PLACEMENT_3D('',#8741,#7050,#7051);
#5949=AXIS2_PLACEMENT_3D('',#8745,#7053,#7054);
#5950=AXIS2_PLACEMENT_3D('',#8749,#7056,#7057);
#5951=AXIS2_PLACEMENT_3D('',#8753,#7059,#7060);
#5952=AXIS2_PLACEMENT_3D('',#8758,#7063,#7064);
#5953=AXIS2_PLACEMENT_3D('',#8762,#7066,#7067);
#5954=AXIS2_PLACEMENT_3D('',#8766,#7069,#7070);
#5955=AXIS2_PLACEMENT_3D('',#8770,#7072,#7073);
#5956=AXIS2_PLACEMENT_3D('',#8775,#7076,#7077);
#5957=AXIS2_PLACEMENT_3D('',#8779,#7079,#7080);
#5958=AXIS2_PLACEMENT_3D('',#8783,#7082,#7083);
#5959=AXIS2_PLACEMENT_3D('',#8787,#7085,#7086);
#5960=AXIS2_PLACEMENT_3D('',#8792,#7089,#7090);
#5961=AXIS2_PLACEMENT_3D('',#8796,#7092,#7093);
#5962=AXIS2_PLACEMENT_3D('',#8800,#7095,#7096);
#5963=AXIS2_PLACEMENT_3D('',#8804,#7098,#7099);
#5964=AXIS2_PLACEMENT_3D('',#8809,#7102,#7103);
#5965=AXIS2_PLACEMENT_3D('',#8813,#7105,#7106);
#5966=AXIS2_PLACEMENT_3D('',#8817,#7108,#7109);
#5967=AXIS2_PLACEMENT_3D('',#8821,#7111,#7112);
#5968=AXIS2_PLACEMENT_3D('',#8826,#7115,#7116);
#5969=AXIS2_PLACEMENT_3D('',#8830,#7118,#7119);
#5970=AXIS2_PLACEMENT_3D('',#8834,#7121,#7122);
#5971=AXIS2_PLACEMENT_3D('',#8838,#7124,#7125);
#5972=AXIS2_PLACEMENT_3D('',#8843,#7128,#7129);
#5973=AXIS2_PLACEMENT_3D('',#8847,#7131,#7132);
#5974=AXIS2_PLACEMENT_3D('',#8851,#7134,#7135);
#5975=AXIS2_PLACEMENT_3D('',#8855,#7137,#7138);
#5976=AXIS2_PLACEMENT_3D('',#8860,#7141,#7142);
#5977=AXIS2_PLACEMENT_3D('',#8864,#7144,#7145);
#5978=AXIS2_PLACEMENT_3D('',#8868,#7147,#7148);
#5979=AXIS2_PLACEMENT_3D('',#8872,#7150,#7151);
#5980=AXIS2_PLACEMENT_3D('',#8877,#7154,#7155);
#5981=AXIS2_PLACEMENT_3D('',#8881,#7157,#7158);
#5982=AXIS2_PLACEMENT_3D('',#8885,#7160,#7161);
#5983=AXIS2_PLACEMENT_3D('',#8889,#7163,#7164);
#5984=AXIS2_PLACEMENT_3D('',#8894,#7167,#7168);
#5985=AXIS2_PLACEMENT_3D('',#8898,#7170,#7171);
#5986=AXIS2_PLACEMENT_3D('',#8902,#7173,#7174);
#5987=AXIS2_PLACEMENT_3D('',#8906,#7176,#7177);
#5988=AXIS2_PLACEMENT_3D('',#8911,#7180,#7181);
#5989=AXIS2_PLACEMENT_3D('',#8915,#7183,#7184);
#5990=AXIS2_PLACEMENT_3D('',#8919,#7186,#7187);
#5991=AXIS2_PLACEMENT_3D('',#8923,#7189,#7190);
#5992=AXIS2_PLACEMENT_3D('',#8928,#7193,#7194);
#5993=AXIS2_PLACEMENT_3D('',#8932,#7196,#7197);
#5994=AXIS2_PLACEMENT_3D('',#8936,#7199,#7200);
#5995=AXIS2_PLACEMENT_3D('',#8940,#7202,#7203);
#5996=AXIS2_PLACEMENT_3D('',#8943,#7205,#7206);
#5997=AXIS2_PLACEMENT_3D('',#8944,#7207,#7208);
#5998=AXIS2_PLACEMENT_3D('',#8950,#7212,#7213);
#5999=AXIS2_PLACEMENT_3D('',#8953,#7215,#7216);
#6000=AXIS2_PLACEMENT_3D('',#8954,#7217,#7218);
#6001=AXIS2_PLACEMENT_3D('',#8958,#7221,#7222);
#6002=AXIS2_PLACEMENT_3D('',#8961,#7224,#7225);
#6003=AXIS2_PLACEMENT_3D('',#8962,#7226,#7227);
#6004=AXIS2_PLACEMENT_3D('',#8966,#7230,#7231);
#6005=AXIS2_PLACEMENT_3D('',#8969,#7233,#7234);
#6006=AXIS2_PLACEMENT_3D('',#8970,#7235,#7236);
#6007=AXIS2_PLACEMENT_3D('',#8974,#7239,#7240);
#6008=AXIS2_PLACEMENT_3D('',#8975,#7241,#7242);
#6009=AXIS2_PLACEMENT_3D('',#8976,#7243,#7244);
#6010=AXIS2_PLACEMENT_3D('',#8977,#7245,#7246);
#6011=AXIS2_PLACEMENT_3D('',#8983,#7250,#7251);
#6012=AXIS2_PLACEMENT_3D('',#8986,#7253,#7254);
#6013=AXIS2_PLACEMENT_3D('',#8987,#7255,#7256);
#6014=AXIS2_PLACEMENT_3D('',#8991,#7259,#7260);
#6015=AXIS2_PLACEMENT_3D('',#8994,#7262,#7263);
#6016=AXIS2_PLACEMENT_3D('',#8995,#7264,#7265);
#6017=AXIS2_PLACEMENT_3D('',#8999,#7268,#7269);
#6018=AXIS2_PLACEMENT_3D('',#9002,#7271,#7272);
#6019=AXIS2_PLACEMENT_3D('',#9003,#7273,#7274);
#6020=AXIS2_PLACEMENT_3D('',#9007,#7277,#7278);
#6021=AXIS2_PLACEMENT_3D('',#9008,#7279,#7280);
#6022=AXIS2_PLACEMENT_3D('',#9009,#7281,#7282);
#6023=AXIS2_PLACEMENT_3D('',#9010,#7283,#7284);
#6024=AXIS2_PLACEMENT_3D('',#9016,#7288,#7289);
#6025=AXIS2_PLACEMENT_3D('',#9019,#7291,#7292);
#6026=AXIS2_PLACEMENT_3D('',#9020,#7293,#7294);
#6027=AXIS2_PLACEMENT_3D('',#9024,#7297,#7298);
#6028=AXIS2_PLACEMENT_3D('',#9027,#7300,#7301);
#6029=AXIS2_PLACEMENT_3D('',#9028,#7302,#7303);
#6030=AXIS2_PLACEMENT_3D('',#9032,#7306,#7307);
#6031=AXIS2_PLACEMENT_3D('',#9035,#7309,#7310);
#6032=AXIS2_PLACEMENT_3D('',#9036,#7311,#7312);
#6033=AXIS2_PLACEMENT_3D('',#9040,#7315,#7316);
#6034=AXIS2_PLACEMENT_3D('',#9041,#7317,#7318);
#6035=AXIS2_PLACEMENT_3D('',#9042,#7319,#7320);
#6036=AXIS2_PLACEMENT_3D('',#9043,#7321,#7322);
#6037=AXIS2_PLACEMENT_3D('',#9049,#7326,#7327);
#6038=AXIS2_PLACEMENT_3D('',#9052,#7329,#7330);
#6039=AXIS2_PLACEMENT_3D('',#9053,#7331,#7332);
#6040=AXIS2_PLACEMENT_3D('',#9057,#7335,#7336);
#6041=AXIS2_PLACEMENT_3D('',#9060,#7338,#7339);
#6042=AXIS2_PLACEMENT_3D('',#9061,#7340,#7341);
#6043=AXIS2_PLACEMENT_3D('',#9065,#7344,#7345);
#6044=AXIS2_PLACEMENT_3D('',#9068,#7347,#7348);
#6045=AXIS2_PLACEMENT_3D('',#9069,#7349,#7350);
#6046=AXIS2_PLACEMENT_3D('',#9073,#7353,#7354);
#6047=AXIS2_PLACEMENT_3D('',#9074,#7355,#7356);
#6048=AXIS2_PLACEMENT_3D('',#9075,#7357,#7358);
#6049=AXIS2_PLACEMENT_3D('',#9076,#7359,#7360);
#6050=AXIS2_PLACEMENT_3D('',#9082,#7364,#7365);
#6051=AXIS2_PLACEMENT_3D('',#9085,#7367,#7368);
#6052=AXIS2_PLACEMENT_3D('',#9086,#7369,#7370);
#6053=AXIS2_PLACEMENT_3D('',#9090,#7373,#7374);
#6054=AXIS2_PLACEMENT_3D('',#9093,#7376,#7377);
#6055=AXIS2_PLACEMENT_3D('',#9094,#7378,#7379);
#6056=AXIS2_PLACEMENT_3D('',#9098,#7382,#7383);
#6057=AXIS2_PLACEMENT_3D('',#9101,#7385,#7386);
#6058=AXIS2_PLACEMENT_3D('',#9102,#7387,#7388);
#6059=AXIS2_PLACEMENT_3D('',#9106,#7391,#7392);
#6060=AXIS2_PLACEMENT_3D('',#9107,#7393,#7394);
#6061=AXIS2_PLACEMENT_3D('',#9108,#7395,#7396);
#6062=AXIS2_PLACEMENT_3D('',#9109,#7397,#7398);
#6063=AXIS2_PLACEMENT_3D('',#9113,#7400,#7401);
#6064=AXIS2_PLACEMENT_3D('',#9115,#7403,#7404);
#6065=AXIS2_PLACEMENT_3D('',#9119,#7407,#7408);
#6066=AXIS2_PLACEMENT_3D('',#9122,#7410,#7411);
#6067=AXIS2_PLACEMENT_3D('',#9123,#7412,#7413);
#6068=AXIS2_PLACEMENT_3D('',#9127,#7416,#7417);
#6069=AXIS2_PLACEMENT_3D('',#9130,#7419,#7420);
#6070=AXIS2_PLACEMENT_3D('',#9131,#7421,#7422);
#6071=AXIS2_PLACEMENT_3D('',#9135,#7425,#7426);
#6072=AXIS2_PLACEMENT_3D('',#9138,#7428,#7429);
#6073=AXIS2_PLACEMENT_3D('',#9139,#7430,#7431);
#6074=AXIS2_PLACEMENT_3D('',#9141,#7433,#7434);
#6075=AXIS2_PLACEMENT_3D('',#9142,#7435,#7436);
#6076=AXIS2_PLACEMENT_3D('',#9148,#7440,#7441);
#6077=AXIS2_PLACEMENT_3D('',#9151,#7443,#7444);
#6078=AXIS2_PLACEMENT_3D('',#9152,#7445,#7446);
#6079=AXIS2_PLACEMENT_3D('',#9156,#7449,#7450);
#6080=AXIS2_PLACEMENT_3D('',#9159,#7452,#7453);
#6081=AXIS2_PLACEMENT_3D('',#9160,#7454,#7455);
#6082=AXIS2_PLACEMENT_3D('',#9164,#7458,#7459);
#6083=AXIS2_PLACEMENT_3D('',#9167,#7461,#7462);
#6084=AXIS2_PLACEMENT_3D('',#9168,#7463,#7464);
#6085=AXIS2_PLACEMENT_3D('',#9172,#7467,#7468);
#6086=AXIS2_PLACEMENT_3D('',#9173,#7469,#7470);
#6087=AXIS2_PLACEMENT_3D('',#9174,#7471,#7472);
#6088=AXIS2_PLACEMENT_3D('',#9175,#7473,#7474);
#6089=AXIS2_PLACEMENT_3D('',#9181,#7478,#7479);
#6090=AXIS2_PLACEMENT_3D('',#9184,#7481,#7482);
#6091=AXIS2_PLACEMENT_3D('',#9185,#7483,#7484);
#6092=AXIS2_PLACEMENT_3D('',#9189,#7487,#7488);
#6093=AXIS2_PLACEMENT_3D('',#9192,#7490,#7491);
#6094=AXIS2_PLACEMENT_3D('',#9193,#7492,#7493);
#6095=AXIS2_PLACEMENT_3D('',#9197,#7496,#7497);
#6096=AXIS2_PLACEMENT_3D('',#9200,#7499,#7500);
#6097=AXIS2_PLACEMENT_3D('',#9201,#7501,#7502);
#6098=AXIS2_PLACEMENT_3D('',#9205,#7505,#7506);
#6099=AXIS2_PLACEMENT_3D('',#9206,#7507,#7508);
#6100=AXIS2_PLACEMENT_3D('',#9207,#7509,#7510);
#6101=AXIS2_PLACEMENT_3D('',#9208,#7511,#7512);
#6102=AXIS2_PLACEMENT_3D('',#9214,#7516,#7517);
#6103=AXIS2_PLACEMENT_3D('',#9217,#7519,#7520);
#6104=AXIS2_PLACEMENT_3D('',#9218,#7521,#7522);
#6105=AXIS2_PLACEMENT_3D('',#9222,#7525,#7526);
#6106=AXIS2_PLACEMENT_3D('',#9225,#7528,#7529);
#6107=AXIS2_PLACEMENT_3D('',#9226,#7530,#7531);
#6108=AXIS2_PLACEMENT_3D('',#9230,#7534,#7535);
#6109=AXIS2_PLACEMENT_3D('',#9233,#7537,#7538);
#6110=AXIS2_PLACEMENT_3D('',#9234,#7539,#7540);
#6111=AXIS2_PLACEMENT_3D('',#9238,#7543,#7544);
#6112=AXIS2_PLACEMENT_3D('',#9239,#7545,#7546);
#6113=AXIS2_PLACEMENT_3D('',#9240,#7547,#7548);
#6114=AXIS2_PLACEMENT_3D('',#9241,#7549,#7550);
#6115=AXIS2_PLACEMENT_3D('',#9247,#7554,#7555);
#6116=AXIS2_PLACEMENT_3D('',#9250,#7557,#7558);
#6117=AXIS2_PLACEMENT_3D('',#9251,#7559,#7560);
#6118=AXIS2_PLACEMENT_3D('',#9255,#7563,#7564);
#6119=AXIS2_PLACEMENT_3D('',#9258,#7566,#7567);
#6120=AXIS2_PLACEMENT_3D('',#9259,#7568,#7569);
#6121=AXIS2_PLACEMENT_3D('',#9263,#7572,#7573);
#6122=AXIS2_PLACEMENT_3D('',#9266,#7575,#7576);
#6123=AXIS2_PLACEMENT_3D('',#9267,#7577,#7578);
#6124=AXIS2_PLACEMENT_3D('',#9271,#7581,#7582);
#6125=AXIS2_PLACEMENT_3D('',#9272,#7583,#7584);
#6126=AXIS2_PLACEMENT_3D('',#9273,#7585,#7586);
#6127=AXIS2_PLACEMENT_3D('',#9274,#7587,#7588);
#6128=AXIS2_PLACEMENT_3D('',#9280,#7592,#7593);
#6129=AXIS2_PLACEMENT_3D('',#9283,#7595,#7596);
#6130=AXIS2_PLACEMENT_3D('',#9284,#7597,#7598);
#6131=AXIS2_PLACEMENT_3D('',#9288,#7601,#7602);
#6132=AXIS2_PLACEMENT_3D('',#9291,#7604,#7605);
#6133=AXIS2_PLACEMENT_3D('',#9292,#7606,#7607);
#6134=AXIS2_PLACEMENT_3D('',#9296,#7610,#7611);
#6135=AXIS2_PLACEMENT_3D('',#9299,#7613,#7614);
#6136=AXIS2_PLACEMENT_3D('',#9300,#7615,#7616);
#6137=AXIS2_PLACEMENT_3D('',#9304,#7619,#7620);
#6138=AXIS2_PLACEMENT_3D('',#9305,#7621,#7622);
#6139=AXIS2_PLACEMENT_3D('',#9306,#7623,#7624);
#6140=AXIS2_PLACEMENT_3D('',#9307,#7625,#7626);
#6141=AXIS2_PLACEMENT_3D('',#9311,#7628,#7629);
#6142=AXIS2_PLACEMENT_3D('',#9313,#7631,#7632);
#6143=AXIS2_PLACEMENT_3D('',#9317,#7635,#7636);
#6144=AXIS2_PLACEMENT_3D('',#9320,#7638,#7639);
#6145=AXIS2_PLACEMENT_3D('',#9321,#7640,#7641);
#6146=AXIS2_PLACEMENT_3D('',#9325,#7644,#7645);
#6147=AXIS2_PLACEMENT_3D('',#9328,#7647,#7648);
#6148=AXIS2_PLACEMENT_3D('',#9329,#7649,#7650);
#6149=AXIS2_PLACEMENT_3D('',#9333,#7653,#7654);
#6150=AXIS2_PLACEMENT_3D('',#9336,#7656,#7657);
#6151=AXIS2_PLACEMENT_3D('',#9337,#7658,#7659);
#6152=AXIS2_PLACEMENT_3D('',#9339,#7661,#7662);
#6153=AXIS2_PLACEMENT_3D('',#9340,#7663,#7664);
#6154=AXIS2_PLACEMENT_3D('',#9346,#7668,#7669);
#6155=AXIS2_PLACEMENT_3D('',#9349,#7671,#7672);
#6156=AXIS2_PLACEMENT_3D('',#9350,#7673,#7674);
#6157=AXIS2_PLACEMENT_3D('',#9354,#7677,#7678);
#6158=AXIS2_PLACEMENT_3D('',#9357,#7680,#7681);
#6159=AXIS2_PLACEMENT_3D('',#9358,#7682,#7683);
#6160=AXIS2_PLACEMENT_3D('',#9362,#7686,#7687);
#6161=AXIS2_PLACEMENT_3D('',#9365,#7689,#7690);
#6162=AXIS2_PLACEMENT_3D('',#9366,#7691,#7692);
#6163=AXIS2_PLACEMENT_3D('',#9370,#7695,#7696);
#6164=AXIS2_PLACEMENT_3D('',#9371,#7697,#7698);
#6165=AXIS2_PLACEMENT_3D('',#9372,#7699,#7700);
#6166=AXIS2_PLACEMENT_3D('',#9373,#7701,#7702);
#6167=AXIS2_PLACEMENT_3D('',#9379,#7706,#7707);
#6168=AXIS2_PLACEMENT_3D('',#9382,#7709,#7710);
#6169=AXIS2_PLACEMENT_3D('',#9383,#7711,#7712);
#6170=AXIS2_PLACEMENT_3D('',#9387,#7715,#7716);
#6171=AXIS2_PLACEMENT_3D('',#9390,#7718,#7719);
#6172=AXIS2_PLACEMENT_3D('',#9391,#7720,#7721);
#6173=AXIS2_PLACEMENT_3D('',#9395,#7724,#7725);
#6174=AXIS2_PLACEMENT_3D('',#9398,#7727,#7728);
#6175=AXIS2_PLACEMENT_3D('',#9399,#7729,#7730);
#6176=AXIS2_PLACEMENT_3D('',#9403,#7733,#7734);
#6177=AXIS2_PLACEMENT_3D('',#9404,#7735,#7736);
#6178=AXIS2_PLACEMENT_3D('',#9405,#7737,#7738);
#6179=AXIS2_PLACEMENT_3D('',#9406,#7739,#7740);
#6180=AXIS2_PLACEMENT_3D('',#9412,#7744,#7745);
#6181=AXIS2_PLACEMENT_3D('',#9415,#7747,#7748);
#6182=AXIS2_PLACEMENT_3D('',#9416,#7749,#7750);
#6183=AXIS2_PLACEMENT_3D('',#9420,#7753,#7754);
#6184=AXIS2_PLACEMENT_3D('',#9423,#7756,#7757);
#6185=AXIS2_PLACEMENT_3D('',#9424,#7758,#7759);
#6186=AXIS2_PLACEMENT_3D('',#9428,#7762,#7763);
#6187=AXIS2_PLACEMENT_3D('',#9431,#7765,#7766);
#6188=AXIS2_PLACEMENT_3D('',#9432,#7767,#7768);
#6189=AXIS2_PLACEMENT_3D('',#9436,#7771,#7772);
#6190=AXIS2_PLACEMENT_3D('',#9437,#7773,#7774);
#6191=AXIS2_PLACEMENT_3D('',#9438,#7775,#7776);
#6192=AXIS2_PLACEMENT_3D('',#9439,#7777,#7778);
#6193=AXIS2_PLACEMENT_3D('',#9445,#7782,#7783);
#6194=AXIS2_PLACEMENT_3D('',#9448,#7785,#7786);
#6195=AXIS2_PLACEMENT_3D('',#9449,#7787,#7788);
#6196=AXIS2_PLACEMENT_3D('',#9453,#7791,#7792);
#6197=AXIS2_PLACEMENT_3D('',#9456,#7794,#7795);
#6198=AXIS2_PLACEMENT_3D('',#9457,#7796,#7797);
#6199=AXIS2_PLACEMENT_3D('',#9461,#7800,#7801);
#6200=AXIS2_PLACEMENT_3D('',#9464,#7803,#7804);
#6201=AXIS2_PLACEMENT_3D('',#9465,#7805,#7806);
#6202=AXIS2_PLACEMENT_3D('',#9469,#7809,#7810);
#6203=AXIS2_PLACEMENT_3D('',#9470,#7811,#7812);
#6204=AXIS2_PLACEMENT_3D('',#9471,#7813,#7814);
#6205=AXIS2_PLACEMENT_3D('',#9472,#7815,#7816);
#6206=AXIS2_PLACEMENT_3D('',#9478,#7820,#7821);
#6207=AXIS2_PLACEMENT_3D('',#9481,#7823,#7824);
#6208=AXIS2_PLACEMENT_3D('',#9482,#7825,#7826);
#6209=AXIS2_PLACEMENT_3D('',#9486,#7829,#7830);
#6210=AXIS2_PLACEMENT_3D('',#9489,#7832,#7833);
#6211=AXIS2_PLACEMENT_3D('',#9490,#7834,#7835);
#6212=AXIS2_PLACEMENT_3D('',#9494,#7838,#7839);
#6213=AXIS2_PLACEMENT_3D('',#9497,#7841,#7842);
#6214=AXIS2_PLACEMENT_3D('',#9498,#7843,#7844);
#6215=AXIS2_PLACEMENT_3D('',#9502,#7847,#7848);
#6216=AXIS2_PLACEMENT_3D('',#9503,#7849,#7850);
#6217=AXIS2_PLACEMENT_3D('',#9504,#7851,#7852);
#6218=AXIS2_PLACEMENT_3D('',#9505,#7853,#7854);
#6219=AXIS2_PLACEMENT_3D('',#9509,#7856,#7857);
#6220=AXIS2_PLACEMENT_3D('',#9511,#7859,#7860);
#6221=AXIS2_PLACEMENT_3D('',#9515,#7863,#7864);
#6222=AXIS2_PLACEMENT_3D('',#9518,#7866,#7867);
#6223=AXIS2_PLACEMENT_3D('',#9519,#7868,#7869);
#6224=AXIS2_PLACEMENT_3D('',#9523,#7872,#7873);
#6225=AXIS2_PLACEMENT_3D('',#9526,#7875,#7876);
#6226=AXIS2_PLACEMENT_3D('',#9527,#7877,#7878);
#6227=AXIS2_PLACEMENT_3D('',#9531,#7881,#7882);
#6228=AXIS2_PLACEMENT_3D('',#9534,#7884,#7885);
#6229=AXIS2_PLACEMENT_3D('',#9535,#7886,#7887);
#6230=AXIS2_PLACEMENT_3D('',#9537,#7889,#7890);
#6231=AXIS2_PLACEMENT_3D('',#9538,#7891,#7892);
#6232=AXIS2_PLACEMENT_3D('',#9544,#7896,#7897);
#6233=AXIS2_PLACEMENT_3D('',#9547,#7899,#7900);
#6234=AXIS2_PLACEMENT_3D('',#9548,#7901,#7902);
#6235=AXIS2_PLACEMENT_3D('',#9552,#7905,#7906);
#6236=AXIS2_PLACEMENT_3D('',#9555,#7908,#7909);
#6237=AXIS2_PLACEMENT_3D('',#9556,#7910,#7911);
#6238=AXIS2_PLACEMENT_3D('',#9560,#7914,#7915);
#6239=AXIS2_PLACEMENT_3D('',#9563,#7917,#7918);
#6240=AXIS2_PLACEMENT_3D('',#9564,#7919,#7920);
#6241=AXIS2_PLACEMENT_3D('',#9568,#7923,#7924);
#6242=AXIS2_PLACEMENT_3D('',#9569,#7925,#7926);
#6243=AXIS2_PLACEMENT_3D('',#9570,#7927,#7928);
#6244=AXIS2_PLACEMENT_3D('',#9571,#7929,#7930);
#6245=AXIS2_PLACEMENT_3D('',#9577,#7934,#7935);
#6246=AXIS2_PLACEMENT_3D('',#9580,#7937,#7938);
#6247=AXIS2_PLACEMENT_3D('',#9581,#7939,#7940);
#6248=AXIS2_PLACEMENT_3D('',#9585,#7943,#7944);
#6249=AXIS2_PLACEMENT_3D('',#9588,#7946,#7947);
#6250=AXIS2_PLACEMENT_3D('',#9589,#7948,#7949);
#6251=AXIS2_PLACEMENT_3D('',#9593,#7952,#7953);
#6252=AXIS2_PLACEMENT_3D('',#9596,#7955,#7956);
#6253=AXIS2_PLACEMENT_3D('',#9597,#7957,#7958);
#6254=AXIS2_PLACEMENT_3D('',#9601,#7961,#7962);
#6255=AXIS2_PLACEMENT_3D('',#9602,#7963,#7964);
#6256=AXIS2_PLACEMENT_3D('',#9603,#7965,#7966);
#6257=AXIS2_PLACEMENT_3D('',#9604,#7967,#7968);
#6258=AXIS2_PLACEMENT_3D('',#9607,#7970,#7971);
#6259=AXIS2_PLACEMENT_3D('',#9608,#7972,#7973);
#6260=AXIS2_PLACEMENT_3D('',#9610,#7975,#7976);
#6261=DIRECTION('axis',(0.,0.,1.));
#6262=DIRECTION('refdir',(1.,0.,0.));
#6263=DIRECTION('center_axis',(0.,0.,-1.));
#6264=DIRECTION('ref_axis',(0.707106781186548,-0.707106781186548,0.));
#6265=DIRECTION('center_axis',(0.,0.,1.));
#6266=DIRECTION('ref_axis',(0.707106781186548,-0.707106781186548,0.));
#6267=DIRECTION('',(0.,0.,1.));
#6268=DIRECTION('center_axis',(0.,0.,-1.));
#6269=DIRECTION('ref_axis',(0.707106781186548,-0.707106781186548,0.));
#6270=DIRECTION('',(0.,0.,-1.));
#6271=DIRECTION('center_axis',(0.,0.,1.));
#6272=DIRECTION('ref_axis',(1.,0.,0.));
#6273=DIRECTION('',(-1.,0.,0.));
#6274=DIRECTION('center_axis',(0.,0.,1.));
#6275=DIRECTION('ref_axis',(-0.707106781186548,-0.707106781186548,0.));
#6276=DIRECTION('',(0.,1.,0.));
#6277=DIRECTION('center_axis',(0.,0.,-1.));
#6278=DIRECTION('ref_axis',(0.707106781186548,0.707106781186548,0.));
#6279=DIRECTION('',(-1.,0.,0.));
#6280=DIRECTION('center_axis',(0.,0.,-1.));
#6281=DIRECTION('ref_axis',(-0.707106781186549,0.707106781186546,0.));
#6282=DIRECTION('',(-3.70074341541719E-16,-1.,0.));
#6283=DIRECTION('center_axis',(0.,0.,1.));
#6284=DIRECTION('ref_axis',(0.707106781186549,-0.707106781186546,0.));
#6285=DIRECTION('',(-1.,0.,0.));
#6286=DIRECTION('center_axis',(0.,0.,1.));
#6287=DIRECTION('ref_axis',(-0.707106781186549,-0.707106781186546,0.));
#6288=DIRECTION('',(0.,1.,0.));
#6289=DIRECTION('center_axis',(0.,0.,-1.));
#6290=DIRECTION('ref_axis',(0.707106781186549,0.707106781186546,0.));
#6291=DIRECTION('',(-1.,0.,0.));
#6292=DIRECTION('center_axis',(0.,0.,-1.));
#6293=DIRECTION('ref_axis',(-0.707106781186548,0.707106781186548,0.));
#6294=DIRECTION('',(1.48029736616688E-15,-1.,0.));
#6295=DIRECTION('center_axis',(0.,0.,1.));
#6296=DIRECTION('ref_axis',(0.707106781186548,-0.707106781186548,0.));
#6297=DIRECTION('',(-1.,0.,0.));
#6298=DIRECTION('center_axis',(0.,0.,1.));
#6299=DIRECTION('ref_axis',(-0.707106781186548,-0.707106781186548,0.));
#6300=DIRECTION('',(0.,1.,0.));
#6301=DIRECTION('center_axis',(0.,0.,1.));
#6302=DIRECTION('ref_axis',(1.,0.,0.));
#6303=DIRECTION('',(1.48029736616688E-16,-1.,0.));
#6304=DIRECTION('center_axis',(0.,0.,-1.));
#6305=DIRECTION('ref_axis',(-1.,0.,0.));
#6306=DIRECTION('center_axis',(0.,0.,1.));
#6307=DIRECTION('ref_axis',(-0.309016994374947,-0.951056516295154,0.));
#6308=DIRECTION('center_axis',(0.,0.,1.));
#6309=DIRECTION('ref_axis',(-0.309016994374948,0.951056516295154,0.));
#6310=DIRECTION('center_axis',(0.,0.,1.));
#6311=DIRECTION('ref_axis',(0.809016994374947,-0.587785252292473,0.));
#6312=DIRECTION('center_axis',(0.,0.,1.));
#6313=DIRECTION('ref_axis',(-1.,-1.66533453693772E-16,0.));
#6314=DIRECTION('center_axis',(0.,0.,1.));
#6315=DIRECTION('ref_axis',(0.809016994374947,0.587785252292473,0.));
#6316=DIRECTION('center_axis',(0.,0.,1.));
#6317=DIRECTION('ref_axis',(0.309016994374948,-0.951056516295154,0.));
#6318=DIRECTION('center_axis',(0.,0.,1.));
#6319=DIRECTION('ref_axis',(0.309016994374947,0.951056516295154,0.));
#6320=DIRECTION('center_axis',(0.,0.,1.));
#6321=DIRECTION('ref_axis',(-0.809016994374947,-0.587785252292473,0.));
#6322=DIRECTION('center_axis',(0.,0.,1.));
#6323=DIRECTION('ref_axis',(1.,1.11022302462515E-16,0.));
#6324=DIRECTION('center_axis',(0.,0.,1.));
#6325=DIRECTION('ref_axis',(-0.809016994374948,0.587785252292473,0.));
#6326=DIRECTION('center_axis',(0.,0.,1.));
#6327=DIRECTION('ref_axis',(-0.809016994374947,-0.587785252292474,0.));
#6328=DIRECTION('center_axis',(0.,0.,1.));
#6329=DIRECTION('ref_axis',(0.309016994374947,0.951056516295154,0.));
#6330=DIRECTION('center_axis',(0.,0.,1.));
#6331=DIRECTION('ref_axis',(0.309016994374947,-0.951056516295154,0.));
#6332=DIRECTION('center_axis',(0.,0.,1.));
#6333=DIRECTION('ref_axis',(-0.809016994374948,0.587785252292473,0.));
#6334=DIRECTION('center_axis',(0.,0.,1.));
#6335=DIRECTION('ref_axis',(1.,-1.38777878078144E-17,0.));
#6336=DIRECTION('center_axis',(0.,0.,1.));
#6337=DIRECTION('ref_axis',(0.809016994374947,-0.587785252292473,0.));
#6338=DIRECTION('center_axis',(0.,0.,1.));
#6339=DIRECTION('ref_axis',(-0.309016994374948,0.951056516295154,0.));
#6340=DIRECTION('center_axis',(0.,0.,1.));
#6341=DIRECTION('ref_axis',(-0.309016994374947,-0.951056516295154,0.));
#6342=DIRECTION('center_axis',(0.,0.,1.));
#6343=DIRECTION('ref_axis',(0.809016994374947,0.587785252292473,0.));
#6344=DIRECTION('center_axis',(0.,0.,1.));
#6345=DIRECTION('ref_axis',(-1.,-8.32667268468864E-17,0.));
#6346=DIRECTION('center_axis',(0.,0.,1.));
#6347=DIRECTION('ref_axis',(1.,0.,0.));
#6348=DIRECTION('center_axis',(0.,0.,1.));
#6349=DIRECTION('ref_axis',(1.,0.,0.));
#6350=DIRECTION('center_axis',(0.,0.,1.));
#6351=DIRECTION('ref_axis',(1.,0.,0.));
#6352=DIRECTION('center_axis',(0.,0.,1.));
#6353=DIRECTION('ref_axis',(1.,0.,0.));
#6354=DIRECTION('center_axis',(0.,0.,1.));
#6355=DIRECTION('ref_axis',(1.,0.,0.));
#6356=DIRECTION('center_axis',(0.,0.,1.));
#6357=DIRECTION('ref_axis',(1.,0.,0.));
#6358=DIRECTION('center_axis',(0.,0.,1.));
#6359=DIRECTION('ref_axis',(1.,0.,0.));
#6360=DIRECTION('center_axis',(0.,0.,1.));
#6361=DIRECTION('ref_axis',(1.,0.,0.));
#6362=DIRECTION('center_axis',(0.,-1.,0.));
#6363=DIRECTION('ref_axis',(-1.,0.,0.));
#6364=DIRECTION('',(1.,0.,0.));
#6365=DIRECTION('',(0.,0.,1.));
#6366=DIRECTION('center_axis',(0.,0.,-1.));
#6367=DIRECTION('ref_axis',(-0.707106781186548,-0.707106781186548,0.));
#6368=DIRECTION('center_axis',(0.,0.,-1.));
#6369=DIRECTION('ref_axis',(-0.707106781186548,-0.707106781186548,0.));
#6370=DIRECTION('',(0.,0.,-1.));
#6371=DIRECTION('center_axis',(0.,0.,-1.));
#6372=DIRECTION('ref_axis',(0.707106781186548,0.707106781186548,0.));
#6373=DIRECTION('center_axis',(0.,0.,1.));
#6374=DIRECTION('ref_axis',(0.707106781186548,0.707106781186548,0.));
#6375=DIRECTION('',(0.,0.,-1.));
#6376=DIRECTION('',(0.,0.,1.));
#6377=DIRECTION('center_axis',(0.,-1.,0.));
#6378=DIRECTION('ref_axis',(-1.,0.,0.));
#6379=DIRECTION('',(1.,0.,0.));
#6380=DIRECTION('',(0.,0.,1.));
#6381=DIRECTION('center_axis',(0.,0.,-1.));
#6382=DIRECTION('ref_axis',(-0.707106781186549,0.707106781186546,0.));
#6383=DIRECTION('center_axis',(0.,0.,1.));
#6384=DIRECTION('ref_axis',(-0.707106781186549,0.707106781186546,0.));
#6385=DIRECTION('',(0.,0.,-1.));
#6386=DIRECTION('center_axis',(1.,-3.70074341541719E-16,0.));
#6387=DIRECTION('ref_axis',(-3.70074341541719E-16,-1.,0.));
#6388=DIRECTION('',(3.70074341541719E-16,1.,0.));
#6389=DIRECTION('',(0.,0.,1.));
#6390=DIRECTION('center_axis',(0.,0.,-1.));
#6391=DIRECTION('ref_axis',(0.707106781186549,-0.707106781186546,0.));
#6392=DIRECTION('center_axis',(0.,0.,-1.));
#6393=DIRECTION('ref_axis',(0.707106781186549,-0.707106781186546,0.));
#6394=DIRECTION('',(0.,0.,-1.));
#6395=DIRECTION('center_axis',(0.,-1.,0.));
#6396=DIRECTION('ref_axis',(-1.,0.,0.));
#6397=DIRECTION('',(1.,0.,0.));
#6398=DIRECTION('',(0.,0.,1.));
#6399=DIRECTION('center_axis',(0.,0.,-1.));
#6400=DIRECTION('ref_axis',(-0.707106781186549,-0.707106781186546,0.));
#6401=DIRECTION('center_axis',(0.,0.,-1.));
#6402=DIRECTION('ref_axis',(-0.707106781186549,-0.707106781186546,0.));
#6403=DIRECTION('',(0.,0.,-1.));
#6404=DIRECTION('center_axis',(0.,0.,-1.));
#6405=DIRECTION('ref_axis',(0.707106781186549,0.707106781186546,0.));
#6406=DIRECTION('center_axis',(0.,0.,1.));
#6407=DIRECTION('ref_axis',(0.707106781186549,0.707106781186546,0.));
#6408=DIRECTION('',(0.,0.,-1.));
#6409=DIRECTION('',(0.,0.,1.));
#6410=DIRECTION('center_axis',(0.,-1.,0.));
#6411=DIRECTION('ref_axis',(-1.,0.,0.));
#6412=DIRECTION('',(1.,0.,0.));
#6413=DIRECTION('',(0.,0.,1.));
#6414=DIRECTION('center_axis',(0.,0.,-1.));
#6415=DIRECTION('ref_axis',(-0.707106781186548,0.707106781186548,0.));
#6416=DIRECTION('center_axis',(0.,0.,1.));
#6417=DIRECTION('ref_axis',(-0.707106781186548,0.707106781186548,0.));
#6418=DIRECTION('',(0.,0.,-1.));
#6419=DIRECTION('center_axis',(1.,1.48029736616688E-15,0.));
#6420=DIRECTION('ref_axis',(1.48029736616688E-15,-1.,0.));
#6421=DIRECTION('',(-1.48029736616688E-15,1.,0.));
#6422=DIRECTION('',(0.,0.,1.));
#6423=DIRECTION('center_axis',(0.,0.,-1.));
#6424=DIRECTION('ref_axis',(0.707106781186548,-0.707106781186548,0.));
#6425=DIRECTION('center_axis',(0.,0.,-1.));
#6426=DIRECTION('ref_axis',(0.707106781186548,-0.707106781186548,0.));
#6427=DIRECTION('',(0.,0.,-1.));
#6428=DIRECTION('center_axis',(0.,-1.,0.));
#6429=DIRECTION('ref_axis',(-1.,0.,0.));
#6430=DIRECTION('',(1.,0.,0.));
#6431=DIRECTION('',(0.,0.,1.));
#6432=DIRECTION('center_axis',(0.,0.,-1.));
#6433=DIRECTION('ref_axis',(-0.707106781186548,-0.707106781186548,0.));
#6434=DIRECTION('center_axis',(0.,0.,-1.));
#6435=DIRECTION('ref_axis',(-0.707106781186548,-0.707106781186548,0.));
#6436=DIRECTION('',(0.,0.,-1.));
#6437=DIRECTION('center_axis',(-1.,0.,0.));
#6438=DIRECTION('ref_axis',(0.,1.,0.));
#6439=DIRECTION('',(0.,-1.,0.));
#6440=DIRECTION('center_axis',(1.,1.48029736616688E-16,0.));
#6441=DIRECTION('ref_axis',(1.48029736616688E-16,-1.,0.));
#6442=DIRECTION('',(0.,0.,1.));
#6443=DIRECTION('',(-1.48029736616688E-16,1.,0.));
#6444=DIRECTION('center_axis',(-1.,0.,0.));
#6445=DIRECTION('ref_axis',(0.,1.,0.));
#6446=DIRECTION('',(0.,-1.,0.));
#6447=DIRECTION('center_axis',(-1.,0.,0.));
#6448=DIRECTION('ref_axis',(0.,1.,0.));
#6449=DIRECTION('',(0.,-1.,0.));
#6450=DIRECTION('',(0.,0.,1.));
#6451=DIRECTION('center_axis',(0.,0.,1.));
#6452=DIRECTION('ref_axis',(1.,0.,0.));
#6453=DIRECTION('center_axis',(0.,0.,1.));
#6454=DIRECTION('ref_axis',(1.,0.,0.));
#6455=DIRECTION('center_axis',(0.,0.,-1.));
#6456=DIRECTION('ref_axis',(1.,0.,0.));
#6457=DIRECTION('center_axis',(0.,0.,-1.));
#6458=DIRECTION('ref_axis',(1.,0.,0.));
#6459=DIRECTION('',(0.,0.,-1.));
#6460=DIRECTION('center_axis',(0.,0.,-1.));
#6461=DIRECTION('ref_axis',(1.,0.,0.));
#6462=DIRECTION('center_axis',(0.,0.,-1.));
#6463=DIRECTION('ref_axis',(1.,0.,0.));
#6464=DIRECTION('',(0.,0.,-1.));
#6465=DIRECTION('center_axis',(0.,0.,-1.));
#6466=DIRECTION('ref_axis',(1.,0.,0.));
#6467=DIRECTION('center_axis',(0.,0.,-1.));
#6468=DIRECTION('ref_axis',(1.,0.,0.));
#6469=DIRECTION('',(0.,0.,-1.));
#6470=DIRECTION('center_axis',(0.,0.,-1.));
#6471=DIRECTION('ref_axis',(1.,0.,0.));
#6472=DIRECTION('center_axis',(0.,0.,-1.));
#6473=DIRECTION('ref_axis',(1.,0.,0.));
#6474=DIRECTION('',(0.,0.,-1.));
#6475=DIRECTION('center_axis',(0.,0.,-1.));
#6476=DIRECTION('ref_axis',(1.,0.,0.));
#6477=DIRECTION('center_axis',(0.,0.,-1.));
#6478=DIRECTION('ref_axis',(1.,0.,0.));
#6479=DIRECTION('',(0.,0.,-1.));
#6480=DIRECTION('center_axis',(0.,0.,-1.));
#6481=DIRECTION('ref_axis',(1.,0.,0.));
#6482=DIRECTION('center_axis',(0.,0.,-1.));
#6483=DIRECTION('ref_axis',(1.,0.,0.));
#6484=DIRECTION('',(0.,0.,-1.));
#6485=DIRECTION('center_axis',(0.,0.,-1.));
#6486=DIRECTION('ref_axis',(1.,0.,0.));
#6487=DIRECTION('center_axis',(0.,0.,-1.));
#6488=DIRECTION('ref_axis',(1.,0.,0.));
#6489=DIRECTION('',(0.,0.,-1.));
#6490=DIRECTION('center_axis',(0.,0.,-1.));
#6491=DIRECTION('ref_axis',(1.,0.,0.));
#6492=DIRECTION('center_axis',(0.,0.,-1.));
#6493=DIRECTION('ref_axis',(1.,0.,0.));
#6494=DIRECTION('',(0.,0.,-1.));
#6495=DIRECTION('center_axis',(0.,0.,-1.));
#6496=DIRECTION('ref_axis',(1.,0.,0.));
#6497=DIRECTION('center_axis',(0.,0.,-1.));
#6498=DIRECTION('ref_axis',(1.,0.,0.));
#6499=DIRECTION('',(0.,0.,-1.));
#6500=DIRECTION('center_axis',(0.,0.,-1.));
#6501=DIRECTION('ref_axis',(1.,0.,0.));
#6502=DIRECTION('center_axis',(0.,0.,1.));
#6503=DIRECTION('ref_axis',(1.,0.,0.));
#6504=DIRECTION('center_axis',(0.,0.,-1.));
#6505=DIRECTION('ref_axis',(1.,0.,0.));
#6506=DIRECTION('center_axis',(0.,0.,-1.));
#6507=DIRECTION('ref_axis',(1.,0.,0.));
#6508=DIRECTION('',(0.,0.,-1.));
#6509=DIRECTION('center_axis',(0.,0.,-1.));
#6510=DIRECTION('ref_axis',(1.,0.,0.));
#6511=DIRECTION('center_axis',(0.,0.,1.));
#6512=DIRECTION('ref_axis',(1.,0.,0.));
#6513=DIRECTION('center_axis',(0.,0.,-1.));
#6514=DIRECTION('ref_axis',(1.,0.,0.));
#6515=DIRECTION('center_axis',(0.,0.,-1.));
#6516=DIRECTION('ref_axis',(1.,0.,0.));
#6517=DIRECTION('',(0.,0.,-1.));
#6518=DIRECTION('center_axis',(0.,0.,-1.));
#6519=DIRECTION('ref_axis',(1.,0.,0.));
#6520=DIRECTION('center_axis',(0.,0.,1.));
#6521=DIRECTION('ref_axis',(1.,0.,0.));
#6522=DIRECTION('center_axis',(0.,0.,-1.));
#6523=DIRECTION('ref_axis',(1.,0.,0.));
#6524=DIRECTION('center_axis',(0.,0.,-1.));
#6525=DIRECTION('ref_axis',(1.,0.,0.));
#6526=DIRECTION('',(0.,0.,-1.));
#6527=DIRECTION('center_axis',(0.,0.,-1.));
#6528=DIRECTION('ref_axis',(1.,0.,0.));
#6529=DIRECTION('center_axis',(0.,0.,1.));
#6530=DIRECTION('ref_axis',(1.,0.,0.));
#6531=DIRECTION('center_axis',(0.,0.,-1.));
#6532=DIRECTION('ref_axis',(1.,0.,0.));
#6533=DIRECTION('center_axis',(0.,0.,-1.));
#6534=DIRECTION('ref_axis',(1.,0.,0.));
#6535=DIRECTION('',(0.,0.,-1.));
#6536=DIRECTION('center_axis',(0.,0.,-1.));
#6537=DIRECTION('ref_axis',(1.,0.,0.));
#6538=DIRECTION('center_axis',(0.,0.,1.));
#6539=DIRECTION('ref_axis',(1.,0.,0.));
#6540=DIRECTION('center_axis',(0.,0.,-1.));
#6541=DIRECTION('ref_axis',(1.,0.,0.));
#6542=DIRECTION('center_axis',(0.,0.,-1.));
#6543=DIRECTION('ref_axis',(1.,0.,0.));
#6544=DIRECTION('',(0.,0.,-1.));
#6545=DIRECTION('center_axis',(0.,0.,-1.));
#6546=DIRECTION('ref_axis',(1.,0.,0.));
#6547=DIRECTION('center_axis',(0.,0.,1.));
#6548=DIRECTION('ref_axis',(1.,0.,0.));
#6549=DIRECTION('center_axis',(0.,0.,-1.));
#6550=DIRECTION('ref_axis',(1.,0.,0.));
#6551=DIRECTION('center_axis',(0.,0.,-1.));
#6552=DIRECTION('ref_axis',(1.,0.,0.));
#6553=DIRECTION('',(0.,0.,-1.));
#6554=DIRECTION('center_axis',(0.,0.,-1.));
#6555=DIRECTION('ref_axis',(1.,0.,0.));
#6556=DIRECTION('center_axis',(0.,0.,1.));
#6557=DIRECTION('ref_axis',(1.,0.,0.));
#6558=DIRECTION('center_axis',(0.,0.,-1.));
#6559=DIRECTION('ref_axis',(1.,0.,0.));
#6560=DIRECTION('center_axis',(0.,0.,-1.));
#6561=DIRECTION('ref_axis',(1.,0.,0.));
#6562=DIRECTION('',(0.,0.,-1.));
#6563=DIRECTION('center_axis',(0.,0.,-1.));
#6564=DIRECTION('ref_axis',(1.,0.,0.));
#6565=DIRECTION('center_axis',(0.,0.,1.));
#6566=DIRECTION('ref_axis',(1.,0.,0.));
#6567=DIRECTION('center_axis',(0.,0.,-1.));
#6568=DIRECTION('ref_axis',(1.,0.,0.));
#6569=DIRECTION('center_axis',(0.,0.,-1.));
#6570=DIRECTION('ref_axis',(1.,0.,0.));
#6571=DIRECTION('',(0.,0.,-1.));
#6572=DIRECTION('center_axis',(0.,0.,-1.));
#6573=DIRECTION('ref_axis',(1.,0.,0.));
#6574=DIRECTION('center_axis',(0.,0.,1.));
#6575=DIRECTION('ref_axis',(1.,0.,0.));
#6576=DIRECTION('center_axis',(0.,0.,-1.));
#6577=DIRECTION('ref_axis',(1.,0.,0.));
#6578=DIRECTION('center_axis',(0.,0.,-1.));
#6579=DIRECTION('ref_axis',(1.,0.,0.));
#6580=DIRECTION('',(0.,0.,-1.));
#6581=DIRECTION('center_axis',(0.,0.,-1.));
#6582=DIRECTION('ref_axis',(1.,0.,0.));
#6583=DIRECTION('center_axis',(0.,0.,1.));
#6584=DIRECTION('ref_axis',(1.,0.,0.));
#6585=DIRECTION('center_axis',(0.,0.,-1.));
#6586=DIRECTION('ref_axis',(1.,0.,0.));
#6587=DIRECTION('center_axis',(0.,0.,-1.));
#6588=DIRECTION('ref_axis',(1.,0.,0.));
#6589=DIRECTION('',(0.,0.,-1.));
#6590=DIRECTION('center_axis',(0.,0.,-1.));
#6591=DIRECTION('ref_axis',(1.,0.,0.));
#6592=DIRECTION('center_axis',(0.,0.,1.));
#6593=DIRECTION('ref_axis',(1.,0.,0.));
#6594=DIRECTION('center_axis',(0.,0.,-1.));
#6595=DIRECTION('ref_axis',(1.,0.,0.));
#6596=DIRECTION('center_axis',(0.,0.,-1.));
#6597=DIRECTION('ref_axis',(1.,0.,0.));
#6598=DIRECTION('',(0.,0.,-1.));
#6599=DIRECTION('center_axis',(0.,0.,-1.));
#6600=DIRECTION('ref_axis',(1.,0.,0.));
#6601=DIRECTION('center_axis',(0.,0.,1.));
#6602=DIRECTION('ref_axis',(1.,0.,0.));
#6603=DIRECTION('center_axis',(0.,0.,-1.));
#6604=DIRECTION('ref_axis',(1.,0.,0.));
#6605=DIRECTION('center_axis',(0.,0.,-1.));
#6606=DIRECTION('ref_axis',(1.,0.,0.));
#6607=DIRECTION('',(0.,0.,-1.));
#6608=DIRECTION('center_axis',(0.,0.,-1.));
#6609=DIRECTION('ref_axis',(1.,0.,0.));
#6610=DIRECTION('center_axis',(0.,0.,1.));
#6611=DIRECTION('ref_axis',(1.,0.,0.));
#6612=DIRECTION('center_axis',(0.,0.,-1.));
#6613=DIRECTION('ref_axis',(1.,0.,0.));
#6614=DIRECTION('center_axis',(0.,0.,-1.));
#6615=DIRECTION('ref_axis',(1.,0.,0.));
#6616=DIRECTION('',(0.,0.,-1.));
#6617=DIRECTION('center_axis',(0.,0.,-1.));
#6618=DIRECTION('ref_axis',(1.,0.,0.));
#6619=DIRECTION('center_axis',(0.,0.,1.));
#6620=DIRECTION('ref_axis',(1.,0.,0.));
#6621=DIRECTION('center_axis',(0.,0.,-1.));
#6622=DIRECTION('ref_axis',(-1.,-8.32667268468864E-17,0.));
#6623=DIRECTION('center_axis',(0.,0.,-1.));
#6624=DIRECTION('ref_axis',(-1.,-8.32667268468864E-17,0.));
#6625=DIRECTION('',(0.,0.,-1.));
#6626=DIRECTION('center_axis',(0.,0.,-1.));
#6627=DIRECTION('ref_axis',(0.809016994374947,0.587785252292473,0.));
#6628=DIRECTION('center_axis',(0.,0.,-1.));
#6629=DIRECTION('ref_axis',(0.809016994374947,0.587785252292473,0.));
#6630=DIRECTION('',(0.,0.,-1.));
#6631=DIRECTION('center_axis',(0.,0.,-1.));
#6632=DIRECTION('ref_axis',(-0.309016994374947,-0.951056516295154,0.));
#6633=DIRECTION('center_axis',(0.,0.,-1.));
#6634=DIRECTION('ref_axis',(-0.309016994374947,-0.951056516295154,0.));
#6635=DIRECTION('',(0.,0.,-1.));
#6636=DIRECTION('center_axis',(0.,0.,-1.));
#6637=DIRECTION('ref_axis',(-0.309016994374948,0.951056516295154,0.));
#6638=DIRECTION('center_axis',(0.,0.,-1.));
#6639=DIRECTION('ref_axis',(-0.309016994374948,0.951056516295154,0.));
#6640=DIRECTION('',(0.,0.,-1.));
#6641=DIRECTION('center_axis',(0.,0.,-1.));
#6642=DIRECTION('ref_axis',(0.809016994374947,-0.587785252292473,0.));
#6643=DIRECTION('center_axis',(0.,0.,-1.));
#6644=DIRECTION('ref_axis',(0.809016994374947,-0.587785252292473,0.));
#6645=DIRECTION('',(0.,0.,-1.));
#6646=DIRECTION('center_axis',(0.,0.,-1.));
#6647=DIRECTION('ref_axis',(1.,-1.38777878078144E-17,0.));
#6648=DIRECTION('center_axis',(0.,0.,-1.));
#6649=DIRECTION('ref_axis',(1.,-1.38777878078144E-17,0.));
#6650=DIRECTION('',(0.,0.,-1.));
#6651=DIRECTION('center_axis',(0.,0.,-1.));
#6652=DIRECTION('ref_axis',(-0.809016994374948,0.587785252292473,0.));
#6653=DIRECTION('center_axis',(0.,0.,-1.));
#6654=DIRECTION('ref_axis',(-0.809016994374948,0.587785252292473,0.));
#6655=DIRECTION('',(0.,0.,-1.));
#6656=DIRECTION('center_axis',(0.,0.,-1.));
#6657=DIRECTION('ref_axis',(0.309016994374947,-0.951056516295154,0.));
#6658=DIRECTION('center_axis',(0.,0.,-1.));
#6659=DIRECTION('ref_axis',(0.309016994374947,-0.951056516295154,0.));
#6660=DIRECTION('',(0.,0.,-1.));
#6661=DIRECTION('center_axis',(0.,0.,-1.));
#6662=DIRECTION('ref_axis',(0.309016994374947,0.951056516295154,0.));
#6663=DIRECTION('center_axis',(0.,0.,-1.));
#6664=DIRECTION('ref_axis',(0.309016994374947,0.951056516295154,0.));
#6665=DIRECTION('',(0.,0.,-1.));
#6666=DIRECTION('center_axis',(0.,0.,-1.));
#6667=DIRECTION('ref_axis',(-0.809016994374947,-0.587785252292474,0.));
#6668=DIRECTION('center_axis',(0.,0.,-1.));
#6669=DIRECTION('ref_axis',(-0.809016994374947,-0.587785252292474,0.));
#6670=DIRECTION('',(0.,0.,-1.));
#6671=DIRECTION('center_axis',(0.,0.,-1.));
#6672=DIRECTION('ref_axis',(-0.809016994374948,0.587785252292473,0.));
#6673=DIRECTION('center_axis',(0.,0.,-1.));
#6674=DIRECTION('ref_axis',(-0.809016994374948,0.587785252292473,0.));
#6675=DIRECTION('',(0.,0.,-1.));
#6676=DIRECTION('center_axis',(0.,0.,-1.));
#6677=DIRECTION('ref_axis',(1.,1.11022302462515E-16,0.));
#6678=DIRECTION('center_axis',(0.,0.,-1.));
#6679=DIRECTION('ref_axis',(1.,1.11022302462515E-16,0.));
#6680=DIRECTION('',(0.,0.,-1.));
#6681=DIRECTION('center_axis',(0.,0.,-1.));
#6682=DIRECTION('ref_axis',(-0.809016994374947,-0.587785252292473,0.));
#6683=DIRECTION('center_axis',(0.,0.,-1.));
#6684=DIRECTION('ref_axis',(-0.809016994374947,-0.587785252292473,0.));
#6685=DIRECTION('',(0.,0.,-1.));
#6686=DIRECTION('center_axis',(0.,0.,-1.));
#6687=DIRECTION('ref_axis',(0.309016994374947,0.951056516295154,0.));
#6688=DIRECTION('center_axis',(0.,0.,-1.));
#6689=DIRECTION('ref_axis',(0.309016994374947,0.951056516295154,0.));
#6690=DIRECTION('',(0.,0.,-1.));
#6691=DIRECTION('center_axis',(0.,0.,-1.));
#6692=DIRECTION('ref_axis',(0.309016994374948,-0.951056516295154,0.));
#6693=DIRECTION('center_axis',(0.,0.,-1.));
#6694=DIRECTION('ref_axis',(0.309016994374948,-0.951056516295154,0.));
#6695=DIRECTION('',(0.,0.,-1.));
#6696=DIRECTION('center_axis',(0.,0.,-1.));
#6697=DIRECTION('ref_axis',(0.809016994374947,0.587785252292473,0.));
#6698=DIRECTION('center_axis',(0.,0.,-1.));
#6699=DIRECTION('ref_axis',(0.809016994374947,0.587785252292473,0.));
#6700=DIRECTION('',(0.,0.,-1.));
#6701=DIRECTION('center_axis',(0.,0.,-1.));
#6702=DIRECTION('ref_axis',(-1.,-1.66533453693772E-16,0.));
#6703=DIRECTION('center_axis',(0.,0.,-1.));
#6704=DIRECTION('ref_axis',(-1.,-1.66533453693772E-16,0.));
#6705=DIRECTION('',(0.,0.,-1.));
#6706=DIRECTION('center_axis',(0.,0.,-1.));
#6707=DIRECTION('ref_axis',(0.809016994374947,-0.587785252292473,0.));
#6708=DIRECTION('center_axis',(0.,0.,-1.));
#6709=DIRECTION('ref_axis',(0.809016994374947,-0.587785252292473,0.));
#6710=DIRECTION('',(0.,0.,-1.));
#6711=DIRECTION('center_axis',(0.,0.,-1.));
#6712=DIRECTION('ref_axis',(-0.309016994374948,0.951056516295154,0.));
#6713=DIRECTION('center_axis',(0.,0.,-1.));
#6714=DIRECTION('ref_axis',(-0.309016994374948,0.951056516295154,0.));
#6715=DIRECTION('',(0.,0.,-1.));
#6716=DIRECTION('center_axis',(0.,0.,-1.));
#6717=DIRECTION('ref_axis',(-0.309016994374947,-0.951056516295154,0.));
#6718=DIRECTION('center_axis',(0.,0.,-1.));
#6719=DIRECTION('ref_axis',(-0.309016994374947,-0.951056516295154,0.));
#6720=DIRECTION('',(0.,0.,-1.));
#6721=DIRECTION('center_axis',(0.,0.,-1.));
#6722=DIRECTION('ref_axis',(-0.309016994374946,-0.951056516295154,0.));
#6723=DIRECTION('',(0.,0.,1.));
#6724=DIRECTION('center_axis',(0.,0.,-1.));
#6725=DIRECTION('ref_axis',(0.309016994374947,0.951056516295154,0.));
#6726=DIRECTION('',(0.,0.,-1.));
#6727=DIRECTION('center_axis',(0.,0.,-1.));
#6728=DIRECTION('ref_axis',(0.309016994374947,0.951056516295154,0.));
#6729=DIRECTION('center_axis',(0.,0.,1.));
#6730=DIRECTION('ref_axis',(1.,0.,0.));
#6731=DIRECTION('',(0.951056516295154,-0.309016994374947,0.));
#6732=DIRECTION('center_axis',(0.,0.,-1.));
#6733=DIRECTION('ref_axis',(0.809016994374947,0.587785252292473,0.));
#6734=DIRECTION('',(0.,0.,1.));
#6735=DIRECTION('center_axis',(0.,0.,-1.));
#6736=DIRECTION('ref_axis',(-0.809016994374947,-0.587785252292473,0.));
#6737=DIRECTION('',(0.,0.,-1.));
#6738=DIRECTION('center_axis',(0.,0.,-1.));
#6739=DIRECTION('ref_axis',(-0.809016994374947,-0.587785252292473,0.));
#6740=DIRECTION('center_axis',(0.,0.,1.));
#6741=DIRECTION('ref_axis',(1.,0.,0.));
#6742=DIRECTION('',(-0.587785252292473,0.809016994374947,0.));
#6743=DIRECTION('center_axis',(0.,0.,-1.));
#6744=DIRECTION('ref_axis',(-1.,-1.08586892106921E-16,0.));
#6745=DIRECTION('',(0.,0.,1.));
#6746=DIRECTION('center_axis',(0.,0.,-1.));
#6747=DIRECTION('ref_axis',(1.,-1.38777878078144E-17,0.));
#6748=DIRECTION('',(0.,0.,-1.));
#6749=DIRECTION('center_axis',(0.,0.,-1.));
#6750=DIRECTION('ref_axis',(1.,-1.38777878078144E-17,0.));
#6751=DIRECTION('center_axis',(0.,0.,1.));
#6752=DIRECTION('ref_axis',(1.,0.,0.));
#6753=DIRECTION('',(-1.38777878078144E-17,-1.,0.));
#6754=DIRECTION('center_axis',(0.,0.,-1.));
#6755=DIRECTION('ref_axis',(0.809016994374949,-0.58778525229247,0.));
#6756=DIRECTION('',(0.,0.,1.));
#6757=DIRECTION('center_axis',(0.,0.,-1.));
#6758=DIRECTION('ref_axis',(-0.809016994374948,0.587785252292473,0.));
#6759=DIRECTION('',(0.,0.,-1.));
#6760=DIRECTION('center_axis',(0.,0.,-1.));
#6761=DIRECTION('ref_axis',(-0.809016994374948,0.587785252292473,0.));
#6762=DIRECTION('center_axis',(0.,0.,1.));
#6763=DIRECTION('ref_axis',(1.,0.,0.));
#6764=DIRECTION('',(0.587785252292473,0.809016994374948,0.));
#6765=DIRECTION('center_axis',(0.,0.,-1.));
#6766=DIRECTION('ref_axis',(-0.309016994374946,0.951056516295154,0.));
#6767=DIRECTION('',(0.,0.,1.));
#6768=DIRECTION('center_axis',(0.,0.,-1.));
#6769=DIRECTION('ref_axis',(0.309016994374947,-0.951056516295154,0.));
#6770=DIRECTION('',(0.,0.,-1.));
#6771=DIRECTION('center_axis',(0.,0.,-1.));
#6772=DIRECTION('ref_axis',(0.309016994374947,-0.951056516295154,0.));
#6773=DIRECTION('center_axis',(0.,0.,1.));
#6774=DIRECTION('ref_axis',(1.,0.,0.));
#6775=DIRECTION('',(-0.951056516295154,-0.309016994374947,0.));
#6776=DIRECTION('center_axis',(0.,0.,-1.));
#6777=DIRECTION('ref_axis',(0.30901699437495,0.951056516295153,0.));
#6778=DIRECTION('',(0.,0.,1.));
#6779=DIRECTION('center_axis',(0.,0.,-1.));
#6780=DIRECTION('ref_axis',(-0.309016994374947,-0.951056516295154,0.));
#6781=DIRECTION('',(0.,0.,-1.));
#6782=DIRECTION('center_axis',(0.,0.,-1.));
#6783=DIRECTION('ref_axis',(-0.309016994374947,-0.951056516295154,0.));
#6784=DIRECTION('center_axis',(0.,0.,1.));
#6785=DIRECTION('ref_axis',(1.,0.,0.));
#6786=DIRECTION('',(-0.951056516295154,0.309016994374947,0.));
#6787=DIRECTION('center_axis',(0.,0.,-1.));
#6788=DIRECTION('ref_axis',(0.309016994374952,-0.951056516295152,0.));
#6789=DIRECTION('',(0.,0.,1.));
#6790=DIRECTION('center_axis',(0.,0.,-1.));
#6791=DIRECTION('ref_axis',(-0.309016994374948,0.951056516295153,0.));
#6792=DIRECTION('',(0.,0.,-1.));
#6793=DIRECTION('center_axis',(0.,0.,-1.));
#6794=DIRECTION('ref_axis',(-0.309016994374948,0.951056516295153,0.));
#6795=DIRECTION('center_axis',(0.,0.,1.));
#6796=DIRECTION('ref_axis',(1.,0.,0.));
#6797=DIRECTION('',(0.951056516295154,0.309016994374948,0.));
#6798=DIRECTION('center_axis',(0.,0.,-1.));
#6799=DIRECTION('ref_axis',(-0.809016994374945,0.587785252292477,0.));
#6800=DIRECTION('',(0.,0.,1.));
#6801=DIRECTION('center_axis',(0.,0.,-1.));
#6802=DIRECTION('ref_axis',(0.809016994374947,-0.587785252292473,0.));
#6803=DIRECTION('',(0.,0.,-1.));
#6804=DIRECTION('center_axis',(0.,0.,-1.));
#6805=DIRECTION('ref_axis',(0.809016994374947,-0.587785252292473,0.));
#6806=DIRECTION('center_axis',(0.,0.,1.));
#6807=DIRECTION('ref_axis',(1.,0.,0.));
#6808=DIRECTION('',(-0.587785252292473,-0.809016994374947,0.));
#6809=DIRECTION('center_axis',(0.,0.,-1.));
#6810=DIRECTION('ref_axis',(1.,2.05731406761622E-16,0.));
#6811=DIRECTION('',(0.,0.,1.));
#6812=DIRECTION('center_axis',(0.,0.,-1.));
#6813=DIRECTION('ref_axis',(-1.,-8.32667268468864E-17,0.));
#6814=DIRECTION('',(0.,0.,-1.));
#6815=DIRECTION('center_axis',(0.,0.,-1.));
#6816=DIRECTION('ref_axis',(-1.,-8.32667268468864E-17,0.));
#6817=DIRECTION('center_axis',(0.,0.,1.));
#6818=DIRECTION('ref_axis',(1.,0.,0.));
#6819=DIRECTION('',(-8.32667268468863E-17,1.,0.));
#6820=DIRECTION('center_axis',(0.,0.,-1.));
#6821=DIRECTION('ref_axis',(-0.809016994374946,-0.587785252292475,0.));
#6822=DIRECTION('',(0.,0.,1.));
#6823=DIRECTION('center_axis',(0.,0.,-1.));
#6824=DIRECTION('ref_axis',(0.809016994374947,0.587785252292473,0.));
#6825=DIRECTION('',(0.,0.,-1.));
#6826=DIRECTION('center_axis',(0.,0.,-1.));
#6827=DIRECTION('ref_axis',(0.809016994374947,0.587785252292473,0.));
#6828=DIRECTION('center_axis',(0.,0.,1.));
#6829=DIRECTION('ref_axis',(1.,0.,0.));
#6830=DIRECTION('',(0.587785252292473,-0.809016994374947,0.));
#6831=DIRECTION('center_axis',(0.,0.,-1.));
#6832=DIRECTION('ref_axis',(0.309016994374955,-0.951056516295151,0.));
#6833=DIRECTION('',(0.,0.,1.));
#6834=DIRECTION('center_axis',(0.,0.,-1.));
#6835=DIRECTION('ref_axis',(-0.309016994374948,0.951056516295154,0.));
#6836=DIRECTION('',(0.,0.,-1.));
#6837=DIRECTION('center_axis',(0.,0.,-1.));
#6838=DIRECTION('ref_axis',(-0.309016994374948,0.951056516295154,0.));
#6839=DIRECTION('center_axis',(0.,0.,1.));
#6840=DIRECTION('ref_axis',(1.,0.,0.));
#6841=DIRECTION('',(0.951056516295153,0.309016994374948,0.));
#6842=DIRECTION('center_axis',(0.,0.,-1.));
#6843=DIRECTION('ref_axis',(0.309016994374948,0.951056516295153,0.));
#6844=DIRECTION('',(0.,0.,1.));
#6845=DIRECTION('center_axis',(0.,0.,-1.));
#6846=DIRECTION('ref_axis',(-0.309016994374947,-0.951056516295154,0.));
#6847=DIRECTION('',(0.,0.,-1.));
#6848=DIRECTION('center_axis',(0.,0.,-1.));
#6849=DIRECTION('ref_axis',(-0.309016994374947,-0.951056516295154,0.));
#6850=DIRECTION('center_axis',(0.,0.,1.));
#6851=DIRECTION('ref_axis',(1.,0.,0.));
#6852=DIRECTION('',(-0.951056516295154,0.309016994374947,0.));
#6853=DIRECTION('center_axis',(0.,0.,-1.));
#6854=DIRECTION('ref_axis',(-0.809016994374944,-0.587785252292477,0.));
#6855=DIRECTION('',(0.,0.,1.));
#6856=DIRECTION('center_axis',(0.,0.,-1.));
#6857=DIRECTION('ref_axis',(0.809016994374947,0.587785252292473,0.));
#6858=DIRECTION('',(0.,0.,-1.));
#6859=DIRECTION('center_axis',(0.,0.,-1.));
#6860=DIRECTION('ref_axis',(0.809016994374947,0.587785252292473,0.));
#6861=DIRECTION('center_axis',(0.,0.,1.));
#6862=DIRECTION('ref_axis',(1.,0.,0.));
#6863=DIRECTION('',(0.587785252292473,-0.809016994374947,0.));
#6864=DIRECTION('center_axis',(0.,0.,-1.));
#6865=DIRECTION('ref_axis',(1.,2.88998133608507E-16,0.));
#6866=DIRECTION('',(0.,0.,1.));
#6867=DIRECTION('center_axis',(0.,0.,-1.));
#6868=DIRECTION('ref_axis',(-1.,-1.66533453693772E-16,0.));
#6869=DIRECTION('',(0.,0.,-1.));
#6870=DIRECTION('center_axis',(0.,0.,-1.));
#6871=DIRECTION('ref_axis',(-1.,-1.66533453693772E-16,0.));
#6872=DIRECTION('center_axis',(0.,0.,1.));
#6873=DIRECTION('ref_axis',(1.,0.,0.));
#6874=DIRECTION('',(-1.66533453693772E-16,1.,0.));
#6875=DIRECTION('center_axis',(0.,0.,-1.));
#6876=DIRECTION('ref_axis',(-0.809016994374947,0.587785252292474,0.));
#6877=DIRECTION('',(0.,0.,1.));
#6878=DIRECTION('center_axis',(0.,0.,-1.));
#6879=DIRECTION('ref_axis',(0.809016994374947,-0.587785252292473,0.));
#6880=DIRECTION('',(0.,0.,-1.));
#6881=DIRECTION('center_axis',(0.,0.,-1.));
#6882=DIRECTION('ref_axis',(0.809016994374947,-0.587785252292473,0.));
#6883=DIRECTION('center_axis',(0.,0.,1.));
#6884=DIRECTION('ref_axis',(1.,0.,0.));
#6885=DIRECTION('',(-0.587785252292473,-0.809016994374947,0.));
#6886=DIRECTION('center_axis',(0.,0.,-1.));
#6887=DIRECTION('ref_axis',(0.809016994374948,0.587785252292472,0.));
#6888=DIRECTION('',(0.,0.,1.));
#6889=DIRECTION('center_axis',(0.,0.,-1.));
#6890=DIRECTION('ref_axis',(-0.809016994374947,-0.587785252292473,0.));
#6891=DIRECTION('',(0.,0.,-1.));
#6892=DIRECTION('center_axis',(0.,0.,-1.));
#6893=DIRECTION('ref_axis',(-0.809016994374947,-0.587785252292473,0.));
#6894=DIRECTION('center_axis',(0.,0.,1.));
#6895=DIRECTION('ref_axis',(1.,0.,0.));
#6896=DIRECTION('',(-0.587785252292473,0.809016994374947,0.));
#6897=DIRECTION('center_axis',(0.,0.,-1.));
#6898=DIRECTION('ref_axis',(-0.309016994374947,-0.951056516295154,0.));
#6899=DIRECTION('',(0.,0.,1.));
#6900=DIRECTION('center_axis',(0.,0.,-1.));
#6901=DIRECTION('ref_axis',(0.309016994374947,0.951056516295154,0.));
#6902=DIRECTION('',(0.,0.,-1.));
#6903=DIRECTION('center_axis',(0.,0.,-1.));
#6904=DIRECTION('ref_axis',(0.309016994374947,0.951056516295154,0.));
#6905=DIRECTION('center_axis',(0.,0.,1.));
#6906=DIRECTION('ref_axis',(1.,0.,0.));
#6907=DIRECTION('',(0.951056516295154,-0.309016994374947,0.));
#6908=DIRECTION('center_axis',(0.,0.,-1.));
#6909=DIRECTION('ref_axis',(-0.309016994374946,0.951056516295154,0.));
#6910=DIRECTION('',(0.,0.,1.));
#6911=DIRECTION('center_axis',(0.,0.,-1.));
#6912=DIRECTION('ref_axis',(0.309016994374947,-0.951056516295154,0.));
#6913=DIRECTION('',(0.,0.,-1.));
#6914=DIRECTION('center_axis',(0.,0.,-1.));
#6915=DIRECTION('ref_axis',(0.309016994374947,-0.951056516295154,0.));
#6916=DIRECTION('center_axis',(0.,0.,1.));
#6917=DIRECTION('ref_axis',(1.,0.,0.));
#6918=DIRECTION('',(-0.951056516295154,-0.309016994374947,0.));
#6919=DIRECTION('center_axis',(0.,0.,-1.));
#6920=DIRECTION('ref_axis',(0.809016994374948,-0.587785252292472,0.));
#6921=DIRECTION('',(0.,0.,1.));
#6922=DIRECTION('center_axis',(0.,0.,-1.));
#6923=DIRECTION('ref_axis',(-0.809016994374947,0.587785252292473,0.));
#6924=DIRECTION('',(0.,0.,-1.));
#6925=DIRECTION('center_axis',(0.,0.,-1.));
#6926=DIRECTION('ref_axis',(-0.809016994374947,0.587785252292473,0.));
#6927=DIRECTION('center_axis',(0.,0.,1.));
#6928=DIRECTION('ref_axis',(1.,0.,0.));
#6929=DIRECTION('',(0.587785252292473,0.809016994374947,0.));
#6930=DIRECTION('center_axis',(0.,0.,-1.));
#6931=DIRECTION('ref_axis',(-1.,-2.3348698237725E-16,0.));
#6932=DIRECTION('',(0.,0.,1.));
#6933=DIRECTION('center_axis',(0.,0.,-1.));
#6934=DIRECTION('ref_axis',(1.,1.11022302462515E-16,0.));
#6935=DIRECTION('',(0.,0.,-1.));
#6936=DIRECTION('center_axis',(0.,0.,-1.));
#6937=DIRECTION('ref_axis',(1.,1.11022302462515E-16,0.));
#6938=DIRECTION('center_axis',(0.,0.,1.));
#6939=DIRECTION('ref_axis',(1.,0.,0.));
#6940=DIRECTION('',(1.11022302462515E-16,-1.,0.));
#6941=DIRECTION('center_axis',(0.,0.,1.));
#6942=DIRECTION('ref_axis',(1.,0.,0.));
#6943=DIRECTION('center_axis',(0.,0.,1.));
#6944=DIRECTION('ref_axis',(1.,0.,0.));
#6945=DIRECTION('',(-0.951056516295154,0.309016994374947,0.));
#6946=DIRECTION('center_axis',(0.,0.,-1.));
#6947=DIRECTION('ref_axis',(0.309016994374947,0.951056516295154,0.));
#6948=DIRECTION('',(0.309016994374947,0.951056516295154,0.));
#6949=DIRECTION('center_axis',(0.,0.,-1.));
#6950=DIRECTION('ref_axis',(0.309016994374947,0.951056516295154,0.));
#6951=DIRECTION('',(0.951056516295154,-0.309016994374947,0.));
#6952=DIRECTION('center_axis',(0.,0.,-1.));
#6953=DIRECTION('ref_axis',(0.309016994374947,0.951056516295154,0.));
#6954=DIRECTION('',(-0.309016994374947,-0.951056516295154,0.));
#6955=DIRECTION('center_axis',(0.,0.,-1.));
#6956=DIRECTION('ref_axis',(0.309016994374947,0.951056516295154,0.));
#6957=DIRECTION('',(-0.951056516295154,0.309016994374947,0.));
#6958=DIRECTION('',(0.587785252292473,-0.809016994374947,0.));
#6959=DIRECTION('center_axis',(0.,0.,-1.));
#6960=DIRECTION('ref_axis',(-0.809016994374947,-0.587785252292474,0.));
#6961=DIRECTION('',(-0.809016994374947,-0.587785252292474,0.));
#6962=DIRECTION('center_axis',(0.,0.,-1.));
#6963=DIRECTION('ref_axis',(-0.809016994374947,-0.587785252292474,0.));
#6964=DIRECTION('',(-0.587785252292473,0.809016994374947,0.));
#6965=DIRECTION('center_axis',(0.,0.,-1.));
#6966=DIRECTION('ref_axis',(-0.809016994374947,-0.587785252292474,0.));
#6967=DIRECTION('',(0.809016994374947,0.587785252292474,0.));
#6968=DIRECTION('center_axis',(0.,0.,-1.));
#6969=DIRECTION('ref_axis',(-0.809016994374947,-0.587785252292474,0.));
#6970=DIRECTION('',(0.587785252292473,-0.809016994374947,0.));
#6971=DIRECTION('',(1.38777878078144E-17,1.,0.));
#6972=DIRECTION('center_axis',(0.,0.,-1.));
#6973=DIRECTION('ref_axis',(1.,-1.38777878078144E-17,0.));
#6974=DIRECTION('',(1.,7.95753287431246E-17,0.));
#6975=DIRECTION('center_axis',(0.,0.,-1.));
#6976=DIRECTION('ref_axis',(1.,-1.38777878078144E-17,0.));
#6977=DIRECTION('',(-1.38777878078144E-17,-1.,0.));
#6978=DIRECTION('center_axis',(0.,0.,-1.));
#6979=DIRECTION('ref_axis',(1.,-1.38777878078144E-17,0.));
#6980=DIRECTION('',(-1.,-2.66481561845003E-16,0.));
#6981=DIRECTION('center_axis',(0.,0.,-1.));
#6982=DIRECTION('ref_axis',(1.,-1.38777878078144E-17,0.));
#6983=DIRECTION('',(1.38777878078144E-17,1.,0.));
#6984=DIRECTION('',(-0.587785252292473,-0.809016994374948,0.));
#6985=DIRECTION('center_axis',(0.,0.,-1.));
#6986=DIRECTION('ref_axis',(-0.809016994374947,0.587785252292473,0.));
#6987=DIRECTION('',(-0.809016994374948,0.587785252292473,0.));
#6988=DIRECTION('center_axis',(0.,0.,-1.));
#6989=DIRECTION('ref_axis',(-0.809016994374947,0.587785252292473,0.));
#6990=DIRECTION('',(0.587785252292473,0.809016994374948,0.));
#6991=DIRECTION('center_axis',(0.,0.,-1.));
#6992=DIRECTION('ref_axis',(-0.809016994374947,0.587785252292473,0.));
#6993=DIRECTION('',(0.809016994374948,-0.587785252292473,0.));
#6994=DIRECTION('center_axis',(0.,0.,-1.));
#6995=DIRECTION('ref_axis',(-0.809016994374947,0.587785252292473,0.));
#6996=DIRECTION('',(-0.587785252292473,-0.809016994374948,0.));
#6997=DIRECTION('',(0.951056516295154,0.309016994374947,0.));
#6998=DIRECTION('center_axis',(0.,0.,-1.));
#6999=DIRECTION('ref_axis',(0.309016994374947,-0.951056516295153,0.));
#7000=DIRECTION('',(0.309016994374947,-0.951056516295154,0.));
#7001=DIRECTION('center_axis',(0.,0.,-1.));
#7002=DIRECTION('ref_axis',(0.309016994374947,-0.951056516295153,0.));
#7003=DIRECTION('',(-0.951056516295154,-0.309016994374947,0.));
#7004=DIRECTION('center_axis',(0.,0.,-1.));
#7005=DIRECTION('ref_axis',(0.309016994374947,-0.951056516295153,0.));
#7006=DIRECTION('',(-0.309016994374948,0.951056516295153,0.));
#7007=DIRECTION('center_axis',(0.,0.,-1.));
#7008=DIRECTION('ref_axis',(0.309016994374947,-0.951056516295153,0.));
#7009=DIRECTION('',(0.951056516295154,0.309016994374947,0.));
#7010=DIRECTION('',(0.951056516295154,-0.309016994374947,0.));
#7011=DIRECTION('center_axis',(0.,0.,-1.));
#7012=DIRECTION('ref_axis',(-0.309016994374947,-0.951056516295154,0.));
#7013=DIRECTION('',(-0.309016994374947,-0.951056516295154,0.));
#7014=DIRECTION('center_axis',(0.,0.,-1.));
#7015=DIRECTION('ref_axis',(-0.309016994374947,-0.951056516295154,0.));
#7016=DIRECTION('',(-0.951056516295154,0.309016994374947,0.));
#7017=DIRECTION('center_axis',(0.,0.,-1.));
#7018=DIRECTION('ref_axis',(-0.309016994374947,-0.951056516295154,0.));
#7019=DIRECTION('',(0.309016994374947,0.951056516295154,0.));
#7020=DIRECTION('center_axis',(0.,0.,-1.));
#7021=DIRECTION('ref_axis',(-0.309016994374947,-0.951056516295154,0.));
#7022=DIRECTION('',(0.951056516295154,-0.309016994374947,0.));
#7023=DIRECTION('',(-0.951056516295154,-0.309016994374948,0.));
#7024=DIRECTION('center_axis',(0.,0.,-1.));
#7025=DIRECTION('ref_axis',(-0.309016994374948,0.951056516295154,0.));
#7026=DIRECTION('',(-0.309016994374948,0.951056516295153,0.));
#7027=DIRECTION('center_axis',(0.,0.,-1.));
#7028=DIRECTION('ref_axis',(-0.309016994374948,0.951056516295154,0.));
#7029=DIRECTION('',(0.951056516295153,0.309016994374948,0.));
#7030=DIRECTION('center_axis',(0.,0.,-1.));
#7031=DIRECTION('ref_axis',(-0.309016994374948,0.951056516295154,0.));
#7032=DIRECTION('',(0.309016994374948,-0.951056516295153,0.));
#7033=DIRECTION('center_axis',(0.,0.,-1.));
#7034=DIRECTION('ref_axis',(-0.309016994374948,0.951056516295154,0.));
#7035=DIRECTION('',(-0.951056516295154,-0.309016994374948,0.));
#7036=DIRECTION('',(0.587785252292473,0.809016994374947,0.));
#7037=DIRECTION('center_axis',(0.,0.,-1.));
#7038=DIRECTION('ref_axis',(0.809016994374948,-0.587785252292473,0.));
#7039=DIRECTION('',(0.809016994374947,-0.587785252292473,0.));
#7040=DIRECTION('center_axis',(0.,0.,-1.));
#7041=DIRECTION('ref_axis',(0.809016994374948,-0.587785252292473,0.));
#7042=DIRECTION('',(-0.587785252292473,-0.809016994374947,0.));
#7043=DIRECTION('center_axis',(0.,0.,-1.));
#7044=DIRECTION('ref_axis',(0.809016994374948,-0.587785252292473,0.));
#7045=DIRECTION('',(-0.809016994374948,0.587785252292473,0.));
#7046=DIRECTION('center_axis',(0.,0.,-1.));
#7047=DIRECTION('ref_axis',(0.809016994374948,-0.587785252292473,0.));
#7048=DIRECTION('',(0.587785252292473,0.809016994374947,0.));
#7049=DIRECTION('',(8.32667268468863E-17,-1.,0.));
#7050=DIRECTION('center_axis',(0.,0.,-1.));
#7051=DIRECTION('ref_axis',(-1.,-8.32667268468864E-17,0.));
#7052=DIRECTION('',(-1.,-1.76719843397825E-16,0.));
#7053=DIRECTION('center_axis',(0.,0.,-1.));
#7054=DIRECTION('ref_axis',(-1.,-8.32667268468864E-17,0.));
#7055=DIRECTION('',(-8.32667268468864E-17,1.,0.));
#7056=DIRECTION('center_axis',(0.,0.,-1.));
#7057=DIRECTION('ref_axis',(-1.,-8.32667268468864E-17,0.));
#7058=DIRECTION('',(1.,3.63626076499703E-16,0.));
#7059=DIRECTION('center_axis',(0.,0.,-1.));
#7060=DIRECTION('ref_axis',(-1.,-8.32667268468864E-17,0.));
#7061=DIRECTION('',(8.32667268468863E-17,-1.,0.));
#7062=DIRECTION('',(-0.587785252292473,0.809016994374947,0.));
#7063=DIRECTION('center_axis',(0.,0.,-1.));
#7064=DIRECTION('ref_axis',(0.809016994374947,0.587785252292473,0.));
#7065=DIRECTION('',(0.809016994374947,0.587785252292473,0.));
#7066=DIRECTION('center_axis',(0.,0.,-1.));
#7067=DIRECTION('ref_axis',(0.809016994374947,0.587785252292473,0.));
#7068=DIRECTION('',(0.587785252292473,-0.809016994374947,0.));
#7069=DIRECTION('center_axis',(0.,0.,-1.));
#7070=DIRECTION('ref_axis',(0.809016994374947,0.587785252292473,0.));
#7071=DIRECTION('',(-0.809016994374947,-0.587785252292473,0.));
#7072=DIRECTION('center_axis',(0.,0.,-1.));
#7073=DIRECTION('ref_axis',(0.809016994374947,0.587785252292473,0.));
#7074=DIRECTION('',(-0.587785252292473,0.809016994374947,0.));
#7075=DIRECTION('',(-0.951056516295153,-0.309016994374948,0.));
#7076=DIRECTION('center_axis',(0.,0.,-1.));
#7077=DIRECTION('ref_axis',(-0.309016994374948,0.951056516295153,0.));
#7078=DIRECTION('',(-0.309016994374948,0.951056516295153,0.));
#7079=DIRECTION('center_axis',(0.,0.,-1.));
#7080=DIRECTION('ref_axis',(-0.309016994374948,0.951056516295153,0.));
#7081=DIRECTION('',(0.951056516295153,0.309016994374948,0.));
#7082=DIRECTION('center_axis',(0.,0.,-1.));
#7083=DIRECTION('ref_axis',(-0.309016994374948,0.951056516295153,0.));
#7084=DIRECTION('',(0.309016994374948,-0.951056516295153,0.));
#7085=DIRECTION('center_axis',(0.,0.,-1.));
#7086=DIRECTION('ref_axis',(-0.309016994374948,0.951056516295153,0.));
#7087=DIRECTION('',(-0.951056516295153,-0.309016994374948,0.));
#7088=DIRECTION('',(0.951056516295154,-0.309016994374947,0.));
#7089=DIRECTION('center_axis',(0.,0.,-1.));
#7090=DIRECTION('ref_axis',(-0.309016994374947,-0.951056516295154,0.));
#7091=DIRECTION('',(-0.309016994374947,-0.951056516295154,0.));
#7092=DIRECTION('center_axis',(0.,0.,-1.));
#7093=DIRECTION('ref_axis',(-0.309016994374947,-0.951056516295154,0.));
#7094=DIRECTION('',(-0.951056516295154,0.309016994374947,0.));
#7095=DIRECTION('center_axis',(0.,0.,-1.));
#7096=DIRECTION('ref_axis',(-0.309016994374947,-0.951056516295154,0.));
#7097=DIRECTION('',(0.309016994374947,0.951056516295154,0.));
#7098=DIRECTION('center_axis',(0.,0.,-1.));
#7099=DIRECTION('ref_axis',(-0.309016994374947,-0.951056516295154,0.));
#7100=DIRECTION('',(0.951056516295154,-0.309016994374947,0.));
#7101=DIRECTION('',(-0.587785252292473,0.809016994374947,0.));
#7102=DIRECTION('center_axis',(0.,0.,-1.));
#7103=DIRECTION('ref_axis',(0.809016994374947,0.587785252292473,0.));
#7104=DIRECTION('',(0.809016994374947,0.587785252292473,0.));
#7105=DIRECTION('center_axis',(0.,0.,-1.));
#7106=DIRECTION('ref_axis',(0.809016994374947,0.587785252292473,0.));
#7107=DIRECTION('',(0.587785252292473,-0.809016994374947,0.));
#7108=DIRECTION('center_axis',(0.,0.,-1.));
#7109=DIRECTION('ref_axis',(0.809016994374947,0.587785252292473,0.));
#7110=DIRECTION('',(-0.809016994374947,-0.587785252292474,0.));
#7111=DIRECTION('center_axis',(0.,0.,-1.));
#7112=DIRECTION('ref_axis',(0.809016994374947,0.587785252292473,0.));
#7113=DIRECTION('',(-0.587785252292473,0.809016994374947,0.));
#7114=DIRECTION('',(1.66533453693772E-16,-1.,0.));
#7115=DIRECTION('center_axis',(0.,0.,-1.));
#7116=DIRECTION('ref_axis',(-1.,-1.66533453693772E-16,0.));
#7117=DIRECTION('',(-1.,-2.59986570244711E-16,0.));
#7118=DIRECTION('center_axis',(0.,0.,-1.));
#7119=DIRECTION('ref_axis',(-1.,-1.66533453693772E-16,0.));
#7120=DIRECTION('',(-1.66533453693772E-16,1.,0.));
#7121=DIRECTION('center_axis',(0.,0.,-1.));
#7122=DIRECTION('ref_axis',(-1.,-1.66533453693772E-16,0.));
#7123=DIRECTION('',(1.,4.46892803346589E-16,0.));
#7124=DIRECTION('center_axis',(0.,0.,-1.));
#7125=DIRECTION('ref_axis',(-1.,-1.66533453693772E-16,0.));
#7126=DIRECTION('',(1.66533453693772E-16,-1.,0.));
#7127=DIRECTION('',(0.587785252292473,0.809016994374947,0.));
#7128=DIRECTION('center_axis',(0.,0.,-1.));
#7129=DIRECTION('ref_axis',(0.809016994374947,-0.587785252292473,0.));
#7130=DIRECTION('',(0.809016994374947,-0.587785252292473,0.));
#7131=DIRECTION('center_axis',(0.,0.,-1.));
#7132=DIRECTION('ref_axis',(0.809016994374947,-0.587785252292473,0.));
#7133=DIRECTION('',(-0.587785252292473,-0.809016994374947,0.));
#7134=DIRECTION('center_axis',(0.,0.,-1.));
#7135=DIRECTION('ref_axis',(0.809016994374947,-0.587785252292473,0.));
#7136=DIRECTION('',(-0.809016994374947,0.587785252292473,0.));
#7137=DIRECTION('center_axis',(0.,0.,-1.));
#7138=DIRECTION('ref_axis',(0.809016994374947,-0.587785252292473,0.));
#7139=DIRECTION('',(0.587785252292473,0.809016994374947,0.));
#7140=DIRECTION('',(0.587785252292473,-0.809016994374947,0.));
#7141=DIRECTION('center_axis',(0.,0.,-1.));
#7142=DIRECTION('ref_axis',(-0.809016994374947,-0.587785252292473,0.));
#7143=DIRECTION('',(-0.809016994374947,-0.587785252292473,0.));
#7144=DIRECTION('center_axis',(0.,0.,-1.));
#7145=DIRECTION('ref_axis',(-0.809016994374947,-0.587785252292473,0.));
#7146=DIRECTION('',(-0.587785252292473,0.809016994374947,0.));
#7147=DIRECTION('center_axis',(0.,0.,-1.));
#7148=DIRECTION('ref_axis',(-0.809016994374947,-0.587785252292473,0.));
#7149=DIRECTION('',(0.809016994374947,0.587785252292473,0.));
#7150=DIRECTION('center_axis',(0.,0.,-1.));
#7151=DIRECTION('ref_axis',(-0.809016994374947,-0.587785252292473,0.));
#7152=DIRECTION('',(0.587785252292473,-0.809016994374947,0.));
#7153=DIRECTION('',(-0.951056516295154,0.309016994374947,0.));
#7154=DIRECTION('center_axis',(0.,0.,-1.));
#7155=DIRECTION('ref_axis',(0.309016994374947,0.951056516295154,0.));
#7156=DIRECTION('',(0.309016994374947,0.951056516295154,0.));
#7157=DIRECTION('center_axis',(0.,0.,-1.));
#7158=DIRECTION('ref_axis',(0.309016994374947,0.951056516295154,0.));
#7159=DIRECTION('',(0.951056516295154,-0.309016994374947,0.));
#7160=DIRECTION('center_axis',(0.,0.,-1.));
#7161=DIRECTION('ref_axis',(0.309016994374947,0.951056516295154,0.));
#7162=DIRECTION('',(-0.309016994374947,-0.951056516295154,0.));
#7163=DIRECTION('center_axis',(0.,0.,-1.));
#7164=DIRECTION('ref_axis',(0.309016994374947,0.951056516295154,0.));
#7165=DIRECTION('',(-0.951056516295154,0.309016994374947,0.));
#7166=DIRECTION('',(0.951056516295154,0.309016994374947,0.));
#7167=DIRECTION('center_axis',(0.,0.,-1.));
#7168=DIRECTION('ref_axis',(0.309016994374948,-0.951056516295154,0.));
#7169=DIRECTION('',(0.309016994374948,-0.951056516295153,0.));
#7170=DIRECTION('center_axis',(0.,0.,-1.));
#7171=DIRECTION('ref_axis',(0.309016994374948,-0.951056516295154,0.));
#7172=DIRECTION('',(-0.951056516295154,-0.309016994374947,0.));
#7173=DIRECTION('center_axis',(0.,0.,-1.));
#7174=DIRECTION('ref_axis',(0.309016994374948,-0.951056516295154,0.));
#7175=DIRECTION('',(-0.309016994374948,0.951056516295153,0.));
#7176=DIRECTION('center_axis',(0.,0.,-1.));
#7177=DIRECTION('ref_axis',(0.309016994374948,-0.951056516295154,0.));
#7178=DIRECTION('',(0.951056516295154,0.309016994374947,0.));
#7179=DIRECTION('',(-0.587785252292473,-0.809016994374947,0.));
#7180=DIRECTION('center_axis',(0.,0.,-1.));
#7181=DIRECTION('ref_axis',(-0.809016994374947,0.587785252292473,0.));
#7182=DIRECTION('',(-0.809016994374948,0.587785252292473,0.));
#7183=DIRECTION('center_axis',(0.,0.,-1.));
#7184=DIRECTION('ref_axis',(-0.809016994374947,0.587785252292473,0.));
#7185=DIRECTION('',(0.587785252292473,0.809016994374947,0.));
#7186=DIRECTION('center_axis',(0.,0.,-1.));
#7187=DIRECTION('ref_axis',(-0.809016994374947,0.587785252292473,0.));
#7188=DIRECTION('',(0.809016994374948,-0.587785252292473,0.));
#7189=DIRECTION('center_axis',(0.,0.,-1.));
#7190=DIRECTION('ref_axis',(-0.809016994374947,0.587785252292473,0.));
#7191=DIRECTION('',(-0.587785252292473,-0.809016994374947,0.));
#7192=DIRECTION('',(-1.11022302462515E-16,1.,0.));
#7193=DIRECTION('center_axis',(0.,0.,-1.));
#7194=DIRECTION('ref_axis',(1.,1.11022302462515E-16,0.));
#7195=DIRECTION('',(1.,2.04475419013454E-16,0.));
#7196=DIRECTION('center_axis',(0.,0.,-1.));
#7197=DIRECTION('ref_axis',(1.,1.11022302462515E-16,0.));
#7198=DIRECTION('',(1.11022302462515E-16,-1.,0.));
#7199=DIRECTION('center_axis',(0.,0.,-1.));
#7200=DIRECTION('ref_axis',(1.,1.11022302462515E-16,0.));
#7201=DIRECTION('',(-1.,-3.91381652115332E-16,0.));
#7202=DIRECTION('center_axis',(0.,0.,-1.));
#7203=DIRECTION('ref_axis',(1.,1.11022302462515E-16,0.));
#7204=DIRECTION('',(-1.11022302462515E-16,1.,0.));
#7205=DIRECTION('center_axis',(0.,0.,-1.));
#7206=DIRECTION('ref_axis',(-1.,0.,0.));
#7207=DIRECTION('center_axis',(0.309016994374947,0.951056516295154,0.));
#7208=DIRECTION('ref_axis',(0.951056516295154,-0.309016994374947,0.));
#7209=DIRECTION('',(0.,0.,-1.));
#7210=DIRECTION('',(0.951056516295154,-0.309016994374947,0.));
#7211=DIRECTION('',(0.,0.,-1.));
#7212=DIRECTION('center_axis',(0.,0.,-1.));
#7213=DIRECTION('ref_axis',(0.309016994374947,0.951056516295154,0.));
#7214=DIRECTION('',(0.,0.,-1.));
#7215=DIRECTION('center_axis',(0.,0.,-1.));
#7216=DIRECTION('ref_axis',(0.309016994374947,0.951056516295154,0.));
#7217=DIRECTION('center_axis',(-0.951056516295154,0.309016994374947,0.));
#7218=DIRECTION('ref_axis',(0.309016994374947,0.951056516295154,0.));
#7219=DIRECTION('',(0.,0.,-1.));
#7220=DIRECTION('',(0.309016994374947,0.951056516295154,0.));
#7221=DIRECTION('center_axis',(0.,0.,-1.));
#7222=DIRECTION('ref_axis',(-0.891006524188367,-0.453990499739548,0.));
#7223=DIRECTION('',(0.,0.,-1.));
#7224=DIRECTION('center_axis',(0.,0.,-1.));
#7225=DIRECTION('ref_axis',(0.309016994374947,0.951056516295154,0.));
#7226=DIRECTION('center_axis',(-0.309016994374947,-0.951056516295154,0.));
#7227=DIRECTION('ref_axis',(-0.951056516295154,0.309016994374947,0.));
#7228=DIRECTION('',(0.,0.,-1.));
#7229=DIRECTION('',(-0.951056516295154,0.309016994374947,0.));
#7230=DIRECTION('center_axis',(0.,0.,-1.));
#7231=DIRECTION('ref_axis',(0.453990499739545,-0.891006524188369,0.));
#7232=DIRECTION('',(0.,0.,-1.));
#7233=DIRECTION('center_axis',(0.,0.,-1.));
#7234=DIRECTION('ref_axis',(0.309016994374947,0.951056516295154,0.));
#7235=DIRECTION('center_axis',(0.951056516295154,-0.309016994374947,0.));
#7236=DIRECTION('ref_axis',(-0.309016994374947,-0.951056516295154,0.));
#7237=DIRECTION('',(0.,0.,-1.));
#7238=DIRECTION('',(-0.309016994374947,-0.951056516295154,0.));
#7239=DIRECTION('center_axis',(0.,0.,-1.));
#7240=DIRECTION('ref_axis',(0.309016994374947,0.951056516295154,0.));
#7241=DIRECTION('center_axis',(0.,0.,-1.));
#7242=DIRECTION('ref_axis',(0.309016994374947,0.951056516295154,0.));
#7243=DIRECTION('center_axis',(0.,0.,1.));
#7244=DIRECTION('ref_axis',(1.,0.,0.));
#7245=DIRECTION('center_axis',(0.809016994374947,0.587785252292474,0.));
#7246=DIRECTION('ref_axis',(0.587785252292473,-0.809016994374947,0.));
#7247=DIRECTION('',(0.,0.,-1.));
#7248=DIRECTION('',(0.587785252292473,-0.809016994374947,0.));
#7249=DIRECTION('',(0.,0.,-1.));
#7250=DIRECTION('center_axis',(0.,0.,-1.));
#7251=DIRECTION('ref_axis',(0.156434465040232,0.987688340595137,0.));
#7252=DIRECTION('',(0.,0.,-1.));
#7253=DIRECTION('center_axis',(0.,0.,-1.));
#7254=DIRECTION('ref_axis',(-0.809016994374947,-0.587785252292474,0.));
#7255=DIRECTION('center_axis',(-0.587785252292474,0.809016994374947,0.));
#7256=DIRECTION('ref_axis',(0.809016994374947,0.587785252292474,0.));
#7257=DIRECTION('',(0.,0.,-1.));
#7258=DIRECTION('',(0.809016994374947,0.587785252292474,0.));
#7259=DIRECTION('center_axis',(0.,0.,-1.));
#7260=DIRECTION('ref_axis',(-0.809016994374947,-0.587785252292474,0.));
#7261=DIRECTION('',(0.,0.,-1.));
#7262=DIRECTION('center_axis',(0.,0.,-1.));
#7263=DIRECTION('ref_axis',(-0.809016994374947,-0.587785252292474,0.));
#7264=DIRECTION('center_axis',(-0.809016994374947,-0.587785252292474,0.));
#7265=DIRECTION('ref_axis',(-0.587785252292473,0.809016994374947,0.));
#7266=DIRECTION('',(0.,0.,-1.));
#7267=DIRECTION('',(-0.587785252292473,0.809016994374947,0.));
#7268=DIRECTION('center_axis',(0.,0.,-1.));
#7269=DIRECTION('ref_axis',(-0.809016994374947,-0.587785252292474,0.));
#7270=DIRECTION('',(0.,0.,-1.));
#7271=DIRECTION('center_axis',(0.,0.,-1.));
#7272=DIRECTION('ref_axis',(-0.809016994374947,-0.587785252292474,0.));
#7273=DIRECTION('center_axis',(0.587785252292474,-0.809016994374947,0.));
#7274=DIRECTION('ref_axis',(-0.809016994374947,-0.587785252292474,0.));
#7275=DIRECTION('',(0.,0.,-1.));
#7276=DIRECTION('',(-0.809016994374947,-0.587785252292474,0.));
#7277=DIRECTION('center_axis',(0.,0.,-1.));
#7278=DIRECTION('ref_axis',(0.987688340595138,-0.156434465040232,0.));
#7279=DIRECTION('center_axis',(0.,0.,-1.));
#7280=DIRECTION('ref_axis',(-0.809016994374947,-0.587785252292474,0.));
#7281=DIRECTION('center_axis',(0.,0.,1.));
#7282=DIRECTION('ref_axis',(1.,0.,0.));
#7283=DIRECTION('center_axis',(-7.95753287431246E-17,1.,0.));
#7284=DIRECTION('ref_axis',(1.,7.95753287431246E-17,0.));
#7285=DIRECTION('',(0.,0.,-1.));
#7286=DIRECTION('',(1.,7.95753287431246E-17,0.));
#7287=DIRECTION('',(0.,0.,-1.));
#7288=DIRECTION('center_axis',(0.,0.,-1.));
#7289=DIRECTION('ref_axis',(-0.707106781186546,0.707106781186549,0.));
#7290=DIRECTION('',(0.,0.,-1.));
#7291=DIRECTION('center_axis',(0.,0.,-1.));
#7292=DIRECTION('ref_axis',(1.,-1.38777878078144E-17,0.));
#7293=DIRECTION('center_axis',(-1.,1.38777878078144E-17,0.));
#7294=DIRECTION('ref_axis',(1.38777878078144E-17,1.,0.));
#7295=DIRECTION('',(0.,0.,-1.));
#7296=DIRECTION('',(1.38777878078144E-17,1.,0.));
#7297=DIRECTION('center_axis',(0.,0.,-1.));
#7298=DIRECTION('ref_axis',(-0.707106781186545,-0.70710678118655,0.));
#7299=DIRECTION('',(0.,0.,-1.));
#7300=DIRECTION('center_axis',(0.,0.,-1.));
#7301=DIRECTION('ref_axis',(1.,-1.38777878078144E-17,0.));
#7302=DIRECTION('center_axis',(2.66481561845003E-16,-1.,0.));
#7303=DIRECTION('ref_axis',(-1.,-2.66481561845003E-16,0.));
#7304=DIRECTION('',(0.,0.,-1.));
#7305=DIRECTION('',(-1.,-2.66481561845003E-16,0.));
#7306=DIRECTION('center_axis',(0.,0.,-1.));
#7307=DIRECTION('ref_axis',(1.,-1.38777878078144E-17,0.));
#7308=DIRECTION('',(0.,0.,-1.));
#7309=DIRECTION('center_axis',(0.,0.,-1.));
#7310=DIRECTION('ref_axis',(1.,-1.38777878078144E-17,0.));
#7311=DIRECTION('center_axis',(1.,-1.38777878078144E-17,0.));
#7312=DIRECTION('ref_axis',(-1.38777878078144E-17,-1.,0.));
#7313=DIRECTION('',(0.,0.,-1.));
#7314=DIRECTION('',(-1.38777878078144E-17,-1.,0.));
#7315=DIRECTION('center_axis',(0.,0.,-1.));
#7316=DIRECTION('ref_axis',(1.,-1.38777878078144E-17,0.));
#7317=DIRECTION('center_axis',(0.,0.,-1.));
#7318=DIRECTION('ref_axis',(1.,-1.38777878078144E-17,0.));
#7319=DIRECTION('center_axis',(0.,0.,1.));
#7320=DIRECTION('ref_axis',(1.,0.,0.));
#7321=DIRECTION('center_axis',(-0.809016994374948,0.587785252292473,0.));
#7322=DIRECTION('ref_axis',(0.587785252292473,0.809016994374948,0.));
#7323=DIRECTION('',(0.,0.,-1.));
#7324=DIRECTION('',(0.587785252292473,0.809016994374948,0.));
#7325=DIRECTION('',(0.,0.,-1.));
#7326=DIRECTION('center_axis',(0.,0.,-1.));
#7327=DIRECTION('ref_axis',(-0.809016994374947,0.587785252292473,0.));
#7328=DIRECTION('',(0.,0.,-1.));
#7329=DIRECTION('center_axis',(0.,0.,-1.));
#7330=DIRECTION('ref_axis',(-0.809016994374947,0.587785252292473,0.));
#7331=DIRECTION('center_axis',(-0.587785252292473,-0.809016994374948,0.));
#7332=DIRECTION('ref_axis',(-0.809016994374948,0.587785252292473,0.));
#7333=DIRECTION('',(0.,0.,-1.));
#7334=DIRECTION('',(-0.809016994374948,0.587785252292473,0.));
#7335=DIRECTION('center_axis',(0.,0.,-1.));
#7336=DIRECTION('ref_axis',(0.156434465040236,-0.987688340595137,0.));
#7337=DIRECTION('',(0.,0.,-1.));
#7338=DIRECTION('center_axis',(0.,0.,-1.));
#7339=DIRECTION('ref_axis',(-0.809016994374947,0.587785252292473,0.));
#7340=DIRECTION('center_axis',(0.809016994374948,-0.587785252292473,0.));
#7341=DIRECTION('ref_axis',(-0.587785252292473,-0.809016994374948,0.));
#7342=DIRECTION('',(0.,0.,-1.));
#7343=DIRECTION('',(-0.587785252292473,-0.809016994374948,0.));
#7344=DIRECTION('center_axis',(0.,0.,-1.));
#7345=DIRECTION('ref_axis',(0.987688340595138,0.156434465040232,0.));
#7346=DIRECTION('',(0.,0.,-1.));
#7347=DIRECTION('center_axis',(0.,0.,-1.));
#7348=DIRECTION('ref_axis',(-0.809016994374947,0.587785252292473,0.));
#7349=DIRECTION('center_axis',(0.587785252292473,0.809016994374948,0.));
#7350=DIRECTION('ref_axis',(0.809016994374948,-0.587785252292473,0.));
#7351=DIRECTION('',(0.,0.,-1.));
#7352=DIRECTION('',(0.809016994374948,-0.587785252292473,0.));
#7353=DIRECTION('center_axis',(0.,0.,-1.));
#7354=DIRECTION('ref_axis',(-0.809016994374947,0.587785252292473,0.));
#7355=DIRECTION('center_axis',(0.,0.,-1.));
#7356=DIRECTION('ref_axis',(-0.809016994374947,0.587785252292473,0.));
#7357=DIRECTION('center_axis',(0.,0.,1.));
#7358=DIRECTION('ref_axis',(1.,0.,0.));
#7359=DIRECTION('center_axis',(0.309016994374947,-0.951056516295154,0.));
#7360=DIRECTION('ref_axis',(-0.951056516295154,-0.309016994374947,0.));
#7361=DIRECTION('',(0.,0.,-1.));
#7362=DIRECTION('',(-0.951056516295154,-0.309016994374947,0.));
#7363=DIRECTION('',(0.,0.,-1.));
#7364=DIRECTION('center_axis',(0.,0.,-1.));
#7365=DIRECTION('ref_axis',(0.309016994374947,-0.951056516295153,0.));
#7366=DIRECTION('',(0.,0.,-1.));
#7367=DIRECTION('center_axis',(0.,0.,-1.));
#7368=DIRECTION('ref_axis',(0.309016994374947,-0.951056516295153,0.));
#7369=DIRECTION('center_axis',(0.951056516295154,0.309016994374947,0.));
#7370=DIRECTION('ref_axis',(0.309016994374947,-0.951056516295154,0.));
#7371=DIRECTION('',(0.,0.,-1.));
#7372=DIRECTION('',(0.309016994374947,-0.951056516295154,0.));
#7373=DIRECTION('center_axis',(0.,0.,-1.));
#7374=DIRECTION('ref_axis',(0.453990499739542,0.891006524188371,0.));
#7375=DIRECTION('',(0.,0.,-1.));
#7376=DIRECTION('center_axis',(0.,0.,-1.));
#7377=DIRECTION('ref_axis',(0.309016994374947,-0.951056516295153,0.));
#7378=DIRECTION('center_axis',(-0.309016994374947,0.951056516295154,0.));
#7379=DIRECTION('ref_axis',(0.951056516295154,0.309016994374947,0.));
#7380=DIRECTION('',(0.,0.,-1.));
#7381=DIRECTION('',(0.951056516295154,0.309016994374947,0.));
#7382=DIRECTION('center_axis',(0.,0.,-1.));
#7383=DIRECTION('ref_axis',(-0.891006524188371,0.453990499739541,0.));
#7384=DIRECTION('',(0.,0.,-1.));
#7385=DIRECTION('center_axis',(0.,0.,-1.));
#7386=DIRECTION('ref_axis',(0.309016994374947,-0.951056516295153,0.));
#7387=DIRECTION('center_axis',(-0.951056516295154,-0.309016994374948,0.));
#7388=DIRECTION('ref_axis',(-0.309016994374948,0.951056516295153,0.));
#7389=DIRECTION('',(0.,0.,-1.));
#7390=DIRECTION('',(-0.309016994374948,0.951056516295153,0.));
#7391=DIRECTION('center_axis',(0.,0.,-1.));
#7392=DIRECTION('ref_axis',(0.309016994374947,-0.951056516295153,0.));
#7393=DIRECTION('center_axis',(0.,0.,-1.));
#7394=DIRECTION('ref_axis',(0.309016994374947,-0.951056516295153,0.));
#7395=DIRECTION('center_axis',(0.,0.,1.));
#7396=DIRECTION('ref_axis',(1.,0.,0.));
#7397=DIRECTION('center_axis',(0.,0.,-1.));
#7398=DIRECTION('ref_axis',(-0.309016994374947,-0.951056516295154,0.));
#7399=DIRECTION('',(0.,0.,-1.));
#7400=DIRECTION('center_axis',(0.,0.,-1.));
#7401=DIRECTION('ref_axis',(-0.309016994374947,-0.951056516295154,0.));
#7402=DIRECTION('',(0.,0.,-1.));
#7403=DIRECTION('center_axis',(0.951056516295154,-0.309016994374947,0.));
#7404=DIRECTION('ref_axis',(-0.309016994374947,-0.951056516295154,0.));
#7405=DIRECTION('',(0.,0.,-1.));
#7406=DIRECTION('',(-0.309016994374947,-0.951056516295154,0.));
#7407=DIRECTION('center_axis',(0.,0.,-1.));
#7408=DIRECTION('ref_axis',(0.891006524188367,0.453990499739549,0.));
#7409=DIRECTION('',(0.,0.,-1.));
#7410=DIRECTION('center_axis',(0.,0.,-1.));
#7411=DIRECTION('ref_axis',(-0.309016994374947,-0.951056516295154,0.));
#7412=DIRECTION('center_axis',(0.309016994374947,0.951056516295154,0.));
#7413=DIRECTION('ref_axis',(0.951056516295154,-0.309016994374947,0.));
#7414=DIRECTION('',(0.,0.,-1.));
#7415=DIRECTION('',(0.951056516295154,-0.309016994374947,0.));
#7416=DIRECTION('center_axis',(0.,0.,-1.));
#7417=DIRECTION('ref_axis',(-0.45399049973955,0.891006524188366,0.));
#7418=DIRECTION('',(0.,0.,-1.));
#7419=DIRECTION('center_axis',(0.,0.,-1.));
#7420=DIRECTION('ref_axis',(-0.309016994374947,-0.951056516295154,0.));
#7421=DIRECTION('center_axis',(-0.951056516295154,0.309016994374947,0.));
#7422=DIRECTION('ref_axis',(0.309016994374947,0.951056516295154,0.));
#7423=DIRECTION('',(0.,0.,-1.));
#7424=DIRECTION('',(0.309016994374947,0.951056516295154,0.));
#7425=DIRECTION('center_axis',(0.,0.,-1.));
#7426=DIRECTION('ref_axis',(-0.309016994374947,-0.951056516295154,0.));
#7427=DIRECTION('',(0.,0.,-1.));
#7428=DIRECTION('center_axis',(0.,0.,-1.));
#7429=DIRECTION('ref_axis',(-0.309016994374947,-0.951056516295154,0.));
#7430=DIRECTION('center_axis',(-0.309016994374947,-0.951056516295154,0.));
#7431=DIRECTION('ref_axis',(-0.951056516295154,0.309016994374947,0.));
#7432=DIRECTION('',(-0.951056516295154,0.309016994374947,0.));
#7433=DIRECTION('center_axis',(0.,0.,1.));
#7434=DIRECTION('ref_axis',(1.,0.,0.));
#7435=DIRECTION('center_axis',(0.309016994374948,-0.951056516295154,0.));
#7436=DIRECTION('ref_axis',(-0.951056516295154,-0.309016994374948,0.));
#7437=DIRECTION('',(0.,0.,-1.));
#7438=DIRECTION('',(-0.951056516295154,-0.309016994374948,0.));
#7439=DIRECTION('',(0.,0.,-1.));
#7440=DIRECTION('center_axis',(0.,0.,-1.));
#7441=DIRECTION('ref_axis',(0.891006524188371,-0.45399049973954,0.));
#7442=DIRECTION('',(0.,0.,-1.));
#7443=DIRECTION('center_axis',(0.,0.,-1.));
#7444=DIRECTION('ref_axis',(-0.309016994374948,0.951056516295154,0.));
#7445=DIRECTION('center_axis',(0.951056516295154,0.309016994374948,0.));
#7446=DIRECTION('ref_axis',(0.309016994374948,-0.951056516295153,0.));
#7447=DIRECTION('',(0.,0.,-1.));
#7448=DIRECTION('',(0.309016994374948,-0.951056516295153,0.));
#7449=DIRECTION('center_axis',(0.,0.,-1.));
#7450=DIRECTION('ref_axis',(-0.309016994374948,0.951056516295154,0.));
#7451=DIRECTION('',(0.,0.,-1.));
#7452=DIRECTION('center_axis',(0.,0.,-1.));
#7453=DIRECTION('ref_axis',(-0.309016994374948,0.951056516295154,0.));
#7454=DIRECTION('center_axis',(-0.309016994374948,0.951056516295154,0.));
#7455=DIRECTION('ref_axis',(0.951056516295153,0.309016994374948,0.));
#7456=DIRECTION('',(0.,0.,-1.));
#7457=DIRECTION('',(0.951056516295153,0.309016994374948,0.));
#7458=DIRECTION('center_axis',(0.,0.,-1.));
#7459=DIRECTION('ref_axis',(-0.309016994374948,0.951056516295154,0.));
#7460=DIRECTION('',(0.,0.,-1.));
#7461=DIRECTION('center_axis',(0.,0.,-1.));
#7462=DIRECTION('ref_axis',(-0.309016994374948,0.951056516295154,0.));
#7463=DIRECTION('center_axis',(-0.951056516295154,-0.309016994374948,0.));
#7464=DIRECTION('ref_axis',(-0.309016994374948,0.951056516295153,0.));
#7465=DIRECTION('',(0.,0.,-1.));
#7466=DIRECTION('',(-0.309016994374948,0.951056516295153,0.));
#7467=DIRECTION('center_axis',(0.,0.,-1.));
#7468=DIRECTION('ref_axis',(-0.453990499739543,-0.89100652418837,0.));
#7469=DIRECTION('center_axis',(0.,0.,-1.));
#7470=DIRECTION('ref_axis',(-0.309016994374948,0.951056516295154,0.));
#7471=DIRECTION('center_axis',(0.,0.,1.));
#7472=DIRECTION('ref_axis',(1.,0.,0.));
#7473=DIRECTION('center_axis',(0.587785252292473,0.809016994374948,0.));
#7474=DIRECTION('ref_axis',(0.809016994374947,-0.587785252292473,0.));
#7475=DIRECTION('',(0.,0.,-1.));
#7476=DIRECTION('',(0.809016994374947,-0.587785252292473,0.));
#7477=DIRECTION('',(0.,0.,-1.));
#7478=DIRECTION('center_axis',(0.,0.,-1.));
#7479=DIRECTION('ref_axis',(-0.156434465040235,0.987688340595137,0.));
#7480=DIRECTION('',(0.,0.,-1.));
#7481=DIRECTION('center_axis',(0.,0.,-1.));
#7482=DIRECTION('ref_axis',(0.809016994374948,-0.587785252292473,0.));
#7483=DIRECTION('center_axis',(-0.809016994374948,0.587785252292473,0.));
#7484=DIRECTION('ref_axis',(0.587785252292473,0.809016994374947,0.));
#7485=DIRECTION('',(0.,0.,-1.));
#7486=DIRECTION('',(0.587785252292473,0.809016994374947,0.));
#7487=DIRECTION('center_axis',(0.,0.,-1.));
#7488=DIRECTION('ref_axis',(-0.987688340595137,-0.156434465040232,0.));
#7489=DIRECTION('',(0.,0.,-1.));
#7490=DIRECTION('center_axis',(0.,0.,-1.));
#7491=DIRECTION('ref_axis',(0.809016994374948,-0.587785252292473,0.));
#7492=DIRECTION('center_axis',(-0.587785252292473,-0.809016994374948,0.));
#7493=DIRECTION('ref_axis',(-0.809016994374948,0.587785252292473,0.));
#7494=DIRECTION('',(0.,0.,-1.));
#7495=DIRECTION('',(-0.809016994374948,0.587785252292473,0.));
#7496=DIRECTION('center_axis',(0.,0.,-1.));
#7497=DIRECTION('ref_axis',(0.809016994374948,-0.587785252292473,0.));
#7498=DIRECTION('',(0.,0.,-1.));
#7499=DIRECTION('center_axis',(0.,0.,-1.));
#7500=DIRECTION('ref_axis',(0.809016994374948,-0.587785252292473,0.));
#7501=DIRECTION('center_axis',(0.809016994374947,-0.587785252292473,0.));
#7502=DIRECTION('ref_axis',(-0.587785252292473,-0.809016994374947,0.));
#7503=DIRECTION('',(0.,0.,-1.));
#7504=DIRECTION('',(-0.587785252292473,-0.809016994374947,0.));
#7505=DIRECTION('center_axis',(0.,0.,-1.));
#7506=DIRECTION('ref_axis',(0.809016994374948,-0.587785252292473,0.));
#7507=DIRECTION('center_axis',(0.,0.,-1.));
#7508=DIRECTION('ref_axis',(0.809016994374948,-0.587785252292473,0.));
#7509=DIRECTION('center_axis',(0.,0.,1.));
#7510=DIRECTION('ref_axis',(1.,0.,0.));
#7511=DIRECTION('center_axis',(1.76719843397825E-16,-1.,0.));
#7512=DIRECTION('ref_axis',(-1.,-1.76719843397825E-16,0.));
#7513=DIRECTION('',(0.,0.,-1.));
#7514=DIRECTION('',(-1.,-1.76719843397825E-16,0.));
#7515=DIRECTION('',(0.,0.,-1.));
#7516=DIRECTION('center_axis',(0.,0.,-1.));
#7517=DIRECTION('ref_axis',(0.707106781186549,-0.707106781186546,0.));
#7518=DIRECTION('',(0.,0.,-1.));
#7519=DIRECTION('center_axis',(0.,0.,-1.));
#7520=DIRECTION('ref_axis',(-1.,-8.32667268468864E-17,0.));
#7521=DIRECTION('center_axis',(1.,8.32667268468863E-17,0.));
#7522=DIRECTION('ref_axis',(8.32667268468863E-17,-1.,0.));
#7523=DIRECTION('',(0.,0.,-1.));
#7524=DIRECTION('',(8.32667268468863E-17,-1.,0.));
#7525=DIRECTION('center_axis',(0.,0.,-1.));
#7526=DIRECTION('ref_axis',(0.707106781186547,0.707106781186548,0.));
#7527=DIRECTION('',(0.,0.,-1.));
#7528=DIRECTION('center_axis',(0.,0.,-1.));
#7529=DIRECTION('ref_axis',(-1.,-8.32667268468864E-17,0.));
#7530=DIRECTION('center_axis',(-3.63626076499704E-16,1.,0.));
#7531=DIRECTION('ref_axis',(1.,3.63626076499703E-16,0.));
#7532=DIRECTION('',(0.,0.,-1.));
#7533=DIRECTION('',(1.,3.63626076499703E-16,0.));
#7534=DIRECTION('center_axis',(0.,0.,-1.));
#7535=DIRECTION('ref_axis',(-1.,-8.32667268468864E-17,0.));
#7536=DIRECTION('',(0.,0.,-1.));
#7537=DIRECTION('center_axis',(0.,0.,-1.));
#7538=DIRECTION('ref_axis',(-1.,-8.32667268468864E-17,0.));
#7539=DIRECTION('center_axis',(-1.,-8.32667268468864E-17,0.));
#7540=DIRECTION('ref_axis',(-8.32667268468864E-17,1.,0.));
#7541=DIRECTION('',(0.,0.,-1.));
#7542=DIRECTION('',(-8.32667268468864E-17,1.,0.));
#7543=DIRECTION('center_axis',(0.,0.,-1.));
#7544=DIRECTION('ref_axis',(-1.,-8.32667268468864E-17,0.));
#7545=DIRECTION('center_axis',(0.,0.,-1.));
#7546=DIRECTION('ref_axis',(-1.,-8.32667268468864E-17,0.));
#7547=DIRECTION('center_axis',(0.,0.,1.));
#7548=DIRECTION('ref_axis',(1.,0.,0.));
#7549=DIRECTION('center_axis',(-0.809016994374947,-0.587785252292473,0.));
#7550=DIRECTION('ref_axis',(-0.587785252292473,0.809016994374947,0.));
#7551=DIRECTION('',(0.,0.,-1.));
#7552=DIRECTION('',(-0.587785252292473,0.809016994374947,0.));
#7553=DIRECTION('',(0.,0.,-1.));
#7554=DIRECTION('center_axis',(0.,0.,-1.));
#7555=DIRECTION('ref_axis',(-0.156434465040225,-0.987688340595138,0.));
#7556=DIRECTION('',(0.,0.,-1.));
#7557=DIRECTION('center_axis',(0.,0.,-1.));
#7558=DIRECTION('ref_axis',(0.809016994374947,0.587785252292473,0.));
#7559=DIRECTION('center_axis',(0.587785252292474,-0.809016994374947,0.));
#7560=DIRECTION('ref_axis',(-0.809016994374947,-0.587785252292473,0.));
#7561=DIRECTION('',(0.,0.,-1.));
#7562=DIRECTION('',(-0.809016994374947,-0.587785252292473,0.));
#7563=DIRECTION('center_axis',(0.,0.,-1.));
#7564=DIRECTION('ref_axis',(0.809016994374947,0.587785252292473,0.));
#7565=DIRECTION('',(0.,0.,-1.));
#7566=DIRECTION('center_axis',(0.,0.,-1.));
#7567=DIRECTION('ref_axis',(0.809016994374947,0.587785252292473,0.));
#7568=DIRECTION('center_axis',(0.809016994374947,0.587785252292473,0.));
#7569=DIRECTION('ref_axis',(0.587785252292473,-0.809016994374947,0.));
#7570=DIRECTION('',(0.,0.,-1.));
#7571=DIRECTION('',(0.587785252292473,-0.809016994374947,0.));
#7572=DIRECTION('center_axis',(0.,0.,-1.));
#7573=DIRECTION('ref_axis',(0.809016994374947,0.587785252292473,0.));
#7574=DIRECTION('',(0.,0.,-1.));
#7575=DIRECTION('center_axis',(0.,0.,-1.));
#7576=DIRECTION('ref_axis',(0.809016994374947,0.587785252292473,0.));
#7577=DIRECTION('center_axis',(-0.587785252292473,0.809016994374947,0.));
#7578=DIRECTION('ref_axis',(0.809016994374947,0.587785252292473,0.));
#7579=DIRECTION('',(0.,0.,-1.));
#7580=DIRECTION('',(0.809016994374947,0.587785252292473,0.));
#7581=DIRECTION('center_axis',(0.,0.,-1.));
#7582=DIRECTION('ref_axis',(-0.987688340595138,0.156434465040231,0.));
#7583=DIRECTION('center_axis',(0.,0.,-1.));
#7584=DIRECTION('ref_axis',(0.809016994374947,0.587785252292473,0.));
#7585=DIRECTION('center_axis',(0.,0.,1.));
#7586=DIRECTION('ref_axis',(1.,0.,0.));
#7587=DIRECTION('center_axis',(0.309016994374948,-0.951056516295154,0.));
#7588=DIRECTION('ref_axis',(-0.951056516295153,-0.309016994374948,0.));
#7589=DIRECTION('',(0.,0.,-1.));
#7590=DIRECTION('',(-0.951056516295153,-0.309016994374948,0.));
#7591=DIRECTION('',(0.,0.,-1.));
#7592=DIRECTION('center_axis',(0.,0.,-1.));
#7593=DIRECTION('ref_axis',(0.891006524188367,-0.453990499739549,0.));
#7594=DIRECTION('',(0.,0.,-1.));
#7595=DIRECTION('center_axis',(0.,0.,-1.));
#7596=DIRECTION('ref_axis',(-0.309016994374948,0.951056516295153,0.));
#7597=DIRECTION('center_axis',(0.951056516295153,0.309016994374948,0.));
#7598=DIRECTION('ref_axis',(0.309016994374948,-0.951056516295153,0.));
#7599=DIRECTION('',(0.,0.,-1.));
#7600=DIRECTION('',(0.309016994374948,-0.951056516295153,0.));
#7601=DIRECTION('center_axis',(0.,0.,-1.));
#7602=DIRECTION('ref_axis',(-0.309016994374948,0.951056516295153,0.));
#7603=DIRECTION('',(0.,0.,-1.));
#7604=DIRECTION('center_axis',(0.,0.,-1.));
#7605=DIRECTION('ref_axis',(-0.309016994374948,0.951056516295153,0.));
#7606=DIRECTION('center_axis',(-0.309016994374948,0.951056516295154,0.));
#7607=DIRECTION('ref_axis',(0.951056516295153,0.309016994374948,0.));
#7608=DIRECTION('',(0.,0.,-1.));
#7609=DIRECTION('',(0.951056516295153,0.309016994374948,0.));
#7610=DIRECTION('center_axis',(0.,0.,-1.));
#7611=DIRECTION('ref_axis',(-0.309016994374948,0.951056516295153,0.));
#7612=DIRECTION('',(0.,0.,-1.));
#7613=DIRECTION('center_axis',(0.,0.,-1.));
#7614=DIRECTION('ref_axis',(-0.309016994374948,0.951056516295153,0.));
#7615=DIRECTION('center_axis',(-0.951056516295154,-0.309016994374948,0.));
#7616=DIRECTION('ref_axis',(-0.309016994374948,0.951056516295153,0.));
#7617=DIRECTION('',(0.,0.,-1.));
#7618=DIRECTION('',(-0.309016994374948,0.951056516295153,0.));
#7619=DIRECTION('center_axis',(0.,0.,-1.));
#7620=DIRECTION('ref_axis',(-0.453990499739546,-0.891006524188369,0.));
#7621=DIRECTION('center_axis',(0.,0.,-1.));
#7622=DIRECTION('ref_axis',(-0.309016994374948,0.951056516295153,0.));
#7623=DIRECTION('center_axis',(0.,0.,1.));
#7624=DIRECTION('ref_axis',(1.,0.,0.));
#7625=DIRECTION('center_axis',(0.,0.,-1.));
#7626=DIRECTION('ref_axis',(0.891006524188366,0.453990499739551,0.));
#7627=DIRECTION('',(0.,0.,-1.));
#7628=DIRECTION('center_axis',(0.,0.,-1.));
#7629=DIRECTION('ref_axis',(-0.309016994374947,-0.951056516295154,0.));
#7630=DIRECTION('',(0.,0.,-1.));
#7631=DIRECTION('center_axis',(0.309016994374947,0.951056516295154,0.));
#7632=DIRECTION('ref_axis',(0.951056516295154,-0.309016994374947,0.));
#7633=DIRECTION('',(0.,0.,-1.));
#7634=DIRECTION('',(0.951056516295154,-0.309016994374947,0.));
#7635=DIRECTION('center_axis',(0.,0.,-1.));
#7636=DIRECTION('ref_axis',(-0.453990499739546,0.891006524188368,0.));
#7637=DIRECTION('',(0.,0.,-1.));
#7638=DIRECTION('center_axis',(0.,0.,-1.));
#7639=DIRECTION('ref_axis',(-0.309016994374947,-0.951056516295154,0.));
#7640=DIRECTION('center_axis',(-0.951056516295154,0.309016994374947,0.));
#7641=DIRECTION('ref_axis',(0.309016994374947,0.951056516295154,0.));
#7642=DIRECTION('',(0.,0.,-1.));
#7643=DIRECTION('',(0.309016994374947,0.951056516295154,0.));
#7644=DIRECTION('center_axis',(0.,0.,-1.));
#7645=DIRECTION('ref_axis',(-0.309016994374947,-0.951056516295154,0.));
#7646=DIRECTION('',(0.,0.,-1.));
#7647=DIRECTION('center_axis',(0.,0.,-1.));
#7648=DIRECTION('ref_axis',(-0.309016994374947,-0.951056516295154,0.));
#7649=DIRECTION('center_axis',(-0.309016994374947,-0.951056516295154,0.));
#7650=DIRECTION('ref_axis',(-0.951056516295154,0.309016994374947,0.));
#7651=DIRECTION('',(0.,0.,-1.));
#7652=DIRECTION('',(-0.951056516295154,0.309016994374947,0.));
#7653=DIRECTION('center_axis',(0.,0.,-1.));
#7654=DIRECTION('ref_axis',(-0.309016994374947,-0.951056516295154,0.));
#7655=DIRECTION('',(0.,0.,-1.));
#7656=DIRECTION('center_axis',(0.,0.,-1.));
#7657=DIRECTION('ref_axis',(-0.309016994374947,-0.951056516295154,0.));
#7658=DIRECTION('center_axis',(0.951056516295154,-0.309016994374947,0.));
#7659=DIRECTION('ref_axis',(-0.309016994374947,-0.951056516295154,0.));
#7660=DIRECTION('',(-0.309016994374947,-0.951056516295154,0.));
#7661=DIRECTION('center_axis',(0.,0.,1.));
#7662=DIRECTION('ref_axis',(1.,0.,0.));
#7663=DIRECTION('center_axis',(-0.587785252292473,0.809016994374947,0.));
#7664=DIRECTION('ref_axis',(0.809016994374947,0.587785252292473,0.));
#7665=DIRECTION('',(0.,0.,-1.));
#7666=DIRECTION('',(0.809016994374947,0.587785252292473,0.));
#7667=DIRECTION('',(0.,0.,-1.));
#7668=DIRECTION('center_axis',(0.,0.,-1.));
#7669=DIRECTION('ref_axis',(-0.987688340595138,0.156434465040228,0.));
#7670=DIRECTION('',(0.,0.,-1.));
#7671=DIRECTION('center_axis',(0.,0.,-1.));
#7672=DIRECTION('ref_axis',(0.809016994374947,0.587785252292473,0.));
#7673=DIRECTION('center_axis',(-0.809016994374947,-0.587785252292473,0.));
#7674=DIRECTION('ref_axis',(-0.587785252292473,0.809016994374947,0.));
#7675=DIRECTION('',(0.,0.,-1.));
#7676=DIRECTION('',(-0.587785252292473,0.809016994374947,0.));
#7677=DIRECTION('center_axis',(0.,0.,-1.));
#7678=DIRECTION('ref_axis',(-0.156434465040231,-0.987688340595138,0.));
#7679=DIRECTION('',(0.,0.,-1.));
#7680=DIRECTION('center_axis',(0.,0.,-1.));
#7681=DIRECTION('ref_axis',(0.809016994374947,0.587785252292473,0.));
#7682=DIRECTION('center_axis',(0.587785252292474,-0.809016994374947,0.));
#7683=DIRECTION('ref_axis',(-0.809016994374947,-0.587785252292474,0.));
#7684=DIRECTION('',(0.,0.,-1.));
#7685=DIRECTION('',(-0.809016994374947,-0.587785252292474,0.));
#7686=DIRECTION('center_axis',(0.,0.,-1.));
#7687=DIRECTION('ref_axis',(0.809016994374947,0.587785252292473,0.));
#7688=DIRECTION('',(0.,0.,-1.));
#7689=DIRECTION('center_axis',(0.,0.,-1.));
#7690=DIRECTION('ref_axis',(0.809016994374947,0.587785252292473,0.));
#7691=DIRECTION('center_axis',(0.809016994374947,0.587785252292473,0.));
#7692=DIRECTION('ref_axis',(0.587785252292473,-0.809016994374947,0.));
#7693=DIRECTION('',(0.,0.,-1.));
#7694=DIRECTION('',(0.587785252292473,-0.809016994374947,0.));
#7695=DIRECTION('center_axis',(0.,0.,-1.));
#7696=DIRECTION('ref_axis',(0.809016994374947,0.587785252292473,0.));
#7697=DIRECTION('center_axis',(0.,0.,-1.));
#7698=DIRECTION('ref_axis',(0.809016994374947,0.587785252292473,0.));
#7699=DIRECTION('center_axis',(0.,0.,1.));
#7700=DIRECTION('ref_axis',(1.,0.,0.));
#7701=DIRECTION('center_axis',(-4.46892803346589E-16,1.,0.));
#7702=DIRECTION('ref_axis',(1.,4.46892803346589E-16,0.));
#7703=DIRECTION('',(0.,0.,-1.));
#7704=DIRECTION('',(1.,4.46892803346589E-16,0.));
#7705=DIRECTION('',(0.,0.,-1.));
#7706=DIRECTION('center_axis',(0.,0.,-1.));
#7707=DIRECTION('ref_axis',(-1.,-1.66533453693772E-16,0.));
#7708=DIRECTION('',(0.,0.,-1.));
#7709=DIRECTION('center_axis',(0.,0.,-1.));
#7710=DIRECTION('ref_axis',(-1.,-1.66533453693772E-16,0.));
#7711=DIRECTION('center_axis',(-1.,-1.66533453693772E-16,0.));
#7712=DIRECTION('ref_axis',(-1.66533453693772E-16,1.,0.));
#7713=DIRECTION('',(0.,0.,-1.));
#7714=DIRECTION('',(-1.66533453693772E-16,1.,0.));
#7715=DIRECTION('center_axis',(0.,0.,-1.));
#7716=DIRECTION('ref_axis',(-1.,-1.66533453693772E-16,0.));
#7717=DIRECTION('',(0.,0.,-1.));
#7718=DIRECTION('center_axis',(0.,0.,-1.));
#7719=DIRECTION('ref_axis',(-1.,-1.66533453693772E-16,0.));
#7720=DIRECTION('center_axis',(2.59986570244711E-16,-1.,0.));
#7721=DIRECTION('ref_axis',(-1.,-2.59986570244711E-16,0.));
#7722=DIRECTION('',(0.,0.,-1.));
#7723=DIRECTION('',(-1.,-2.59986570244711E-16,0.));
#7724=DIRECTION('center_axis',(0.,0.,-1.));
#7725=DIRECTION('ref_axis',(0.707106781186547,-0.707106781186548,0.));
#7726=DIRECTION('',(0.,0.,-1.));
#7727=DIRECTION('center_axis',(0.,0.,-1.));
#7728=DIRECTION('ref_axis',(-1.,-1.66533453693772E-16,0.));
#7729=DIRECTION('center_axis',(1.,1.66533453693772E-16,0.));
#7730=DIRECTION('ref_axis',(1.66533453693772E-16,-1.,0.));
#7731=DIRECTION('',(0.,0.,-1.));
#7732=DIRECTION('',(1.66533453693772E-16,-1.,0.));
#7733=DIRECTION('center_axis',(0.,0.,-1.));
#7734=DIRECTION('ref_axis',(0.707106781186548,0.707106781186547,0.));
#7735=DIRECTION('center_axis',(0.,0.,-1.));
#7736=DIRECTION('ref_axis',(-1.,-1.66533453693772E-16,0.));
#7737=DIRECTION('center_axis',(0.,0.,1.));
#7738=DIRECTION('ref_axis',(1.,0.,0.));
#7739=DIRECTION('center_axis',(0.809016994374947,-0.587785252292473,0.));
#7740=DIRECTION('ref_axis',(-0.587785252292473,-0.809016994374947,0.));
#7741=DIRECTION('',(0.,0.,-1.));
#7742=DIRECTION('',(-0.587785252292473,-0.809016994374947,0.));
#7743=DIRECTION('',(0.,0.,-1.));
#7744=DIRECTION('center_axis',(0.,0.,-1.));
#7745=DIRECTION('ref_axis',(0.809016994374947,-0.587785252292473,0.));
#7746=DIRECTION('',(0.,0.,-1.));
#7747=DIRECTION('center_axis',(0.,0.,-1.));
#7748=DIRECTION('ref_axis',(0.809016994374947,-0.587785252292473,0.));
#7749=DIRECTION('center_axis',(0.587785252292473,0.809016994374947,0.));
#7750=DIRECTION('ref_axis',(0.809016994374947,-0.587785252292473,0.));
#7751=DIRECTION('',(0.,0.,-1.));
#7752=DIRECTION('',(0.809016994374947,-0.587785252292473,0.));
#7753=DIRECTION('center_axis',(0.,0.,-1.));
#7754=DIRECTION('ref_axis',(-0.156434465040232,0.987688340595138,0.));
#7755=DIRECTION('',(0.,0.,-1.));
#7756=DIRECTION('center_axis',(0.,0.,-1.));
#7757=DIRECTION('ref_axis',(0.809016994374947,-0.587785252292473,0.));
#7758=DIRECTION('center_axis',(-0.809016994374947,0.587785252292473,0.));
#7759=DIRECTION('ref_axis',(0.587785252292473,0.809016994374947,0.));
#7760=DIRECTION('',(0.,0.,-1.));
#7761=DIRECTION('',(0.587785252292473,0.809016994374947,0.));
#7762=DIRECTION('center_axis',(0.,0.,-1.));
#7763=DIRECTION('ref_axis',(-0.987688340595137,-0.156434465040237,0.));
#7764=DIRECTION('',(0.,0.,-1.));
#7765=DIRECTION('center_axis',(0.,0.,-1.));
#7766=DIRECTION('ref_axis',(0.809016994374947,-0.587785252292473,0.));
#7767=DIRECTION('center_axis',(-0.587785252292473,-0.809016994374948,0.));
#7768=DIRECTION('ref_axis',(-0.809016994374947,0.587785252292473,0.));
#7769=DIRECTION('',(0.,0.,-1.));
#7770=DIRECTION('',(-0.809016994374947,0.587785252292473,0.));
#7771=DIRECTION('center_axis',(0.,0.,-1.));
#7772=DIRECTION('ref_axis',(0.809016994374947,-0.587785252292473,0.));
#7773=DIRECTION('center_axis',(0.,0.,-1.));
#7774=DIRECTION('ref_axis',(0.809016994374947,-0.587785252292473,0.));
#7775=DIRECTION('center_axis',(0.,0.,1.));
#7776=DIRECTION('ref_axis',(1.,0.,0.));
#7777=DIRECTION('center_axis',(0.587785252292473,-0.809016994374947,0.));
#7778=DIRECTION('ref_axis',(-0.809016994374947,-0.587785252292473,0.));
#7779=DIRECTION('',(0.,0.,-1.));
#7780=DIRECTION('',(-0.809016994374947,-0.587785252292473,0.));
#7781=DIRECTION('',(0.,0.,-1.));
#7782=DIRECTION('center_axis',(0.,0.,-1.));
#7783=DIRECTION('ref_axis',(0.987688340595139,-0.156434465040223,0.));
#7784=DIRECTION('',(0.,0.,-1.));
#7785=DIRECTION('center_axis',(0.,0.,-1.));
#7786=DIRECTION('ref_axis',(-0.809016994374947,-0.587785252292473,0.));
#7787=DIRECTION('center_axis',(0.809016994374947,0.587785252292473,0.));
#7788=DIRECTION('ref_axis',(0.587785252292473,-0.809016994374947,0.));
#7789=DIRECTION('',(0.,0.,-1.));
#7790=DIRECTION('',(0.587785252292473,-0.809016994374947,0.));
#7791=DIRECTION('center_axis',(0.,0.,-1.));
#7792=DIRECTION('ref_axis',(0.156434465040231,0.987688340595138,0.));
#7793=DIRECTION('',(0.,0.,-1.));
#7794=DIRECTION('center_axis',(0.,0.,-1.));
#7795=DIRECTION('ref_axis',(-0.809016994374947,-0.587785252292473,0.));
#7796=DIRECTION('center_axis',(-0.587785252292473,0.809016994374947,0.));
#7797=DIRECTION('ref_axis',(0.809016994374947,0.587785252292473,0.));
#7798=DIRECTION('',(0.,0.,-1.));
#7799=DIRECTION('',(0.809016994374947,0.587785252292473,0.));
#7800=DIRECTION('center_axis',(0.,0.,-1.));
#7801=DIRECTION('ref_axis',(-0.809016994374947,-0.587785252292473,0.));
#7802=DIRECTION('',(0.,0.,-1.));
#7803=DIRECTION('center_axis',(0.,0.,-1.));
#7804=DIRECTION('ref_axis',(-0.809016994374947,-0.587785252292473,0.));
#7805=DIRECTION('center_axis',(-0.809016994374948,-0.587785252292473,0.));
#7806=DIRECTION('ref_axis',(-0.587785252292473,0.809016994374947,0.));
#7807=DIRECTION('',(0.,0.,-1.));
#7808=DIRECTION('',(-0.587785252292473,0.809016994374947,0.));
#7809=DIRECTION('center_axis',(0.,0.,-1.));
#7810=DIRECTION('ref_axis',(-0.809016994374947,-0.587785252292473,0.));
#7811=DIRECTION('center_axis',(0.,0.,-1.));
#7812=DIRECTION('ref_axis',(-0.809016994374947,-0.587785252292473,0.));
#7813=DIRECTION('center_axis',(0.,0.,1.));
#7814=DIRECTION('ref_axis',(1.,0.,0.));
#7815=DIRECTION('center_axis',(0.309016994374947,0.951056516295154,0.));
#7816=DIRECTION('ref_axis',(0.951056516295154,-0.309016994374947,0.));
#7817=DIRECTION('',(0.,0.,-1.));
#7818=DIRECTION('',(0.951056516295154,-0.309016994374947,0.));
#7819=DIRECTION('',(0.,0.,-1.));
#7820=DIRECTION('center_axis',(0.,0.,-1.));
#7821=DIRECTION('ref_axis',(0.309016994374947,0.951056516295154,0.));
#7822=DIRECTION('',(0.,0.,-1.));
#7823=DIRECTION('center_axis',(0.,0.,-1.));
#7824=DIRECTION('ref_axis',(0.309016994374947,0.951056516295154,0.));
#7825=DIRECTION('center_axis',(-0.951056516295154,0.309016994374947,0.));
#7826=DIRECTION('ref_axis',(0.309016994374947,0.951056516295154,0.));
#7827=DIRECTION('',(0.,0.,-1.));
#7828=DIRECTION('',(0.309016994374947,0.951056516295154,0.));
#7829=DIRECTION('center_axis',(0.,0.,-1.));
#7830=DIRECTION('ref_axis',(-0.891006524188365,-0.453990499739552,0.));
#7831=DIRECTION('',(0.,0.,-1.));
#7832=DIRECTION('center_axis',(0.,0.,-1.));
#7833=DIRECTION('ref_axis',(0.309016994374947,0.951056516295154,0.));
#7834=DIRECTION('center_axis',(-0.309016994374947,-0.951056516295154,0.));
#7835=DIRECTION('ref_axis',(-0.951056516295154,0.309016994374947,0.));
#7836=DIRECTION('',(0.,0.,-1.));
#7837=DIRECTION('',(-0.951056516295154,0.309016994374947,0.));
#7838=DIRECTION('center_axis',(0.,0.,-1.));
#7839=DIRECTION('ref_axis',(0.453990499739548,-0.891006524188367,0.));
#7840=DIRECTION('',(0.,0.,-1.));
#7841=DIRECTION('center_axis',(0.,0.,-1.));
#7842=DIRECTION('ref_axis',(0.309016994374947,0.951056516295154,0.));
#7843=DIRECTION('center_axis',(0.951056516295154,-0.309016994374947,0.));
#7844=DIRECTION('ref_axis',(-0.309016994374947,-0.951056516295154,0.));
#7845=DIRECTION('',(0.,0.,-1.));
#7846=DIRECTION('',(-0.309016994374947,-0.951056516295154,0.));
#7847=DIRECTION('center_axis',(0.,0.,-1.));
#7848=DIRECTION('ref_axis',(0.309016994374947,0.951056516295154,0.));
#7849=DIRECTION('center_axis',(0.,0.,-1.));
#7850=DIRECTION('ref_axis',(0.309016994374947,0.951056516295154,0.));
#7851=DIRECTION('center_axis',(0.,0.,1.));
#7852=DIRECTION('ref_axis',(1.,0.,0.));
#7853=DIRECTION('center_axis',(0.,0.,-1.));
#7854=DIRECTION('ref_axis',(0.453990499739548,0.891006524188367,0.));
#7855=DIRECTION('',(0.,0.,-1.));
#7856=DIRECTION('center_axis',(0.,0.,-1.));
#7857=DIRECTION('ref_axis',(0.309016994374948,-0.951056516295154,0.));
#7858=DIRECTION('',(0.,0.,-1.));
#7859=DIRECTION('center_axis',(-0.309016994374947,0.951056516295154,0.));
#7860=DIRECTION('ref_axis',(0.951056516295154,0.309016994374947,0.));
#7861=DIRECTION('',(0.,0.,-1.));
#7862=DIRECTION('',(0.951056516295154,0.309016994374947,0.));
#7863=DIRECTION('center_axis',(0.,0.,-1.));
#7864=DIRECTION('ref_axis',(-0.891006524188369,0.453990499739543,0.));
#7865=DIRECTION('',(0.,0.,-1.));
#7866=DIRECTION('center_axis',(0.,0.,-1.));
#7867=DIRECTION('ref_axis',(0.309016994374948,-0.951056516295154,0.));
#7868=DIRECTION('center_axis',(-0.951056516295154,-0.309016994374948,0.));
#7869=DIRECTION('ref_axis',(-0.309016994374948,0.951056516295153,0.));
#7870=DIRECTION('',(0.,0.,-1.));
#7871=DIRECTION('',(-0.309016994374948,0.951056516295153,0.));
#7872=DIRECTION('center_axis',(0.,0.,-1.));
#7873=DIRECTION('ref_axis',(0.309016994374948,-0.951056516295154,0.));
#7874=DIRECTION('',(0.,0.,-1.));
#7875=DIRECTION('center_axis',(0.,0.,-1.));
#7876=DIRECTION('ref_axis',(0.309016994374948,-0.951056516295154,0.));
#7877=DIRECTION('center_axis',(0.309016994374947,-0.951056516295154,0.));
#7878=DIRECTION('ref_axis',(-0.951056516295154,-0.309016994374947,0.));
#7879=DIRECTION('',(0.,0.,-1.));
#7880=DIRECTION('',(-0.951056516295154,-0.309016994374947,0.));
#7881=DIRECTION('center_axis',(0.,0.,-1.));
#7882=DIRECTION('ref_axis',(0.309016994374948,-0.951056516295154,0.));
#7883=DIRECTION('',(0.,0.,-1.));
#7884=DIRECTION('center_axis',(0.,0.,-1.));
#7885=DIRECTION('ref_axis',(0.309016994374948,-0.951056516295154,0.));
#7886=DIRECTION('center_axis',(0.951056516295154,0.309016994374948,0.));
#7887=DIRECTION('ref_axis',(0.309016994374948,-0.951056516295153,0.));
#7888=DIRECTION('',(0.309016994374948,-0.951056516295153,0.));
#7889=DIRECTION('center_axis',(0.,0.,1.));
#7890=DIRECTION('ref_axis',(1.,0.,0.));
#7891=DIRECTION('center_axis',(-0.587785252292473,-0.809016994374948,0.));
#7892=DIRECTION('ref_axis',(-0.809016994374948,0.587785252292473,0.));
#7893=DIRECTION('',(0.,0.,-1.));
#7894=DIRECTION('',(-0.809016994374948,0.587785252292473,0.));
#7895=DIRECTION('',(0.,0.,-1.));
#7896=DIRECTION('center_axis',(0.,0.,-1.));
#7897=DIRECTION('ref_axis',(0.156434465040229,-0.987688340595138,0.));
#7898=DIRECTION('',(0.,0.,-1.));
#7899=DIRECTION('center_axis',(0.,0.,-1.));
#7900=DIRECTION('ref_axis',(-0.809016994374947,0.587785252292473,0.));
#7901=DIRECTION('center_axis',(0.809016994374948,-0.587785252292473,0.));
#7902=DIRECTION('ref_axis',(-0.587785252292473,-0.809016994374947,0.));
#7903=DIRECTION('',(0.,0.,-1.));
#7904=DIRECTION('',(-0.587785252292473,-0.809016994374947,0.));
#7905=DIRECTION('center_axis',(0.,0.,-1.));
#7906=DIRECTION('ref_axis',(0.987688340595137,0.156434465040237,0.));
#7907=DIRECTION('',(0.,0.,-1.));
#7908=DIRECTION('center_axis',(0.,0.,-1.));
#7909=DIRECTION('ref_axis',(-0.809016994374947,0.587785252292473,0.));
#7910=DIRECTION('center_axis',(0.587785252292473,0.809016994374948,0.));
#7911=DIRECTION('ref_axis',(0.809016994374948,-0.587785252292473,0.));
#7912=DIRECTION('',(0.,0.,-1.));
#7913=DIRECTION('',(0.809016994374948,-0.587785252292473,0.));
#7914=DIRECTION('center_axis',(0.,0.,-1.));
#7915=DIRECTION('ref_axis',(-0.809016994374947,0.587785252292473,0.));
#7916=DIRECTION('',(0.,0.,-1.));
#7917=DIRECTION('center_axis',(0.,0.,-1.));
#7918=DIRECTION('ref_axis',(-0.809016994374947,0.587785252292473,0.));
#7919=DIRECTION('center_axis',(-0.809016994374948,0.587785252292473,0.));
#7920=DIRECTION('ref_axis',(0.587785252292473,0.809016994374947,0.));
#7921=DIRECTION('',(0.,0.,-1.));
#7922=DIRECTION('',(0.587785252292473,0.809016994374947,0.));
#7923=DIRECTION('center_axis',(0.,0.,-1.));
#7924=DIRECTION('ref_axis',(-0.809016994374947,0.587785252292473,0.));
#7925=DIRECTION('center_axis',(0.,0.,-1.));
#7926=DIRECTION('ref_axis',(-0.809016994374947,0.587785252292473,0.));
#7927=DIRECTION('center_axis',(0.,0.,1.));
#7928=DIRECTION('ref_axis',(1.,0.,0.));
#7929=DIRECTION('center_axis',(-1.,-1.11022302462515E-16,0.));
#7930=DIRECTION('ref_axis',(-1.11022302462515E-16,1.,0.));
#7931=DIRECTION('',(0.,0.,-1.));
#7932=DIRECTION('',(-1.11022302462515E-16,1.,0.));
#7933=DIRECTION('',(0.,0.,-1.));
#7934=DIRECTION('center_axis',(0.,0.,-1.));
#7935=DIRECTION('ref_axis',(-0.707106781186546,-0.707106781186549,0.));
#7936=DIRECTION('',(0.,0.,-1.));
#7937=DIRECTION('center_axis',(0.,0.,-1.));
#7938=DIRECTION('ref_axis',(1.,1.11022302462515E-16,0.));
#7939=DIRECTION('center_axis',(3.91381652115332E-16,-1.,0.));
#7940=DIRECTION('ref_axis',(-1.,-3.91381652115332E-16,0.));
#7941=DIRECTION('',(0.,0.,-1.));
#7942=DIRECTION('',(-1.,-3.91381652115332E-16,0.));
#7943=DIRECTION('center_axis',(0.,0.,-1.));
#7944=DIRECTION('ref_axis',(1.,1.11022302462515E-16,0.));
#7945=DIRECTION('',(0.,0.,-1.));
#7946=DIRECTION('center_axis',(0.,0.,-1.));
#7947=DIRECTION('ref_axis',(1.,1.11022302462515E-16,0.));
#7948=DIRECTION('center_axis',(1.,1.11022302462515E-16,0.));
#7949=DIRECTION('ref_axis',(1.11022302462515E-16,-1.,0.));
#7950=DIRECTION('',(0.,0.,-1.));
#7951=DIRECTION('',(1.11022302462515E-16,-1.,0.));
#7952=DIRECTION('center_axis',(0.,0.,-1.));
#7953=DIRECTION('ref_axis',(1.,1.11022302462515E-16,0.));
#7954=DIRECTION('',(0.,0.,-1.));
#7955=DIRECTION('center_axis',(0.,0.,-1.));
#7956=DIRECTION('ref_axis',(1.,1.11022302462515E-16,0.));
#7957=DIRECTION('center_axis',(-2.04475419013454E-16,1.,0.));
#7958=DIRECTION('ref_axis',(1.,2.04475419013454E-16,0.));
#7959=DIRECTION('',(0.,0.,-1.));
#7960=DIRECTION('',(1.,2.04475419013454E-16,0.));
#7961=DIRECTION('center_axis',(0.,0.,-1.));
#7962=DIRECTION('ref_axis',(-0.707106781186548,0.707106781186547,0.));
#7963=DIRECTION('center_axis',(0.,0.,-1.));
#7964=DIRECTION('ref_axis',(1.,1.11022302462515E-16,0.));
#7965=DIRECTION('center_axis',(0.,0.,1.));
#7966=DIRECTION('ref_axis',(1.,0.,0.));
#7967=DIRECTION('center_axis',(0.,0.,1.));
#7968=DIRECTION('ref_axis',(1.,0.,0.));
#7969=DIRECTION('',(0.,0.,-1.));
#7970=DIRECTION('center_axis',(0.,0.,-1.));
#7971=DIRECTION('ref_axis',(1.,0.,0.));
#7972=DIRECTION('center_axis',(0.,0.,1.));
#7973=DIRECTION('ref_axis',(-1.,0.,0.));
#7974=DIRECTION('',(0.,0.,-1.));
#7975=DIRECTION('center_axis',(0.,0.,1.));
#7976=DIRECTION('ref_axis',(1.,0.,0.));
#7977=CARTESIAN_POINT('',(0.,0.,0.));
#7978=CARTESIAN_POINT('Origin',(118.,-118.,12.));
#7979=CARTESIAN_POINT('',(118.,-120.,0.));
#7980=CARTESIAN_POINT('',(120.,-118.,0.));
#7981=CARTESIAN_POINT('Origin',(118.,-118.,0.));
#7982=CARTESIAN_POINT('',(120.,-118.,12.));
#7983=CARTESIAN_POINT('',(120.,-118.,12.));
#7984=CARTESIAN_POINT('',(118.,-120.,12.));
#7985=CARTESIAN_POINT('Origin',(118.,-118.,12.));
#7986=CARTESIAN_POINT('',(118.,-120.,12.));
#7987=CARTESIAN_POINT('Origin',(0.,0.,0.));
#7988=CARTESIAN_POINT('',(87.,-120.,0.));
#7989=CARTESIAN_POINT('',(-120.,-120.,0.));
#7990=CARTESIAN_POINT('',(85.,-118.,0.));
#7991=CARTESIAN_POINT('Origin',(87.,-118.,0.));
#7992=CARTESIAN_POINT('',(85.,-116.,0.));
#7993=CARTESIAN_POINT('',(85.,-114.,0.));
#7994=CARTESIAN_POINT('',(83.,-114.,0.));
#7995=CARTESIAN_POINT('Origin',(83.,-116.,0.));
#7996=CARTESIAN_POINT('',(37.,-114.,0.));
#7997=CARTESIAN_POINT('',(17.5,-114.,0.));
#7998=CARTESIAN_POINT('',(35.,-116.,0.));
#7999=CARTESIAN_POINT('Origin',(37.,-116.,0.));
#8000=CARTESIAN_POINT('',(35.,-118.,0.));
#8001=CARTESIAN_POINT('',(35.,-57.391201416245,0.));
#8002=CARTESIAN_POINT('',(33.,-120.,0.));
#8003=CARTESIAN_POINT('Origin',(33.,-118.,0.));
#8004=CARTESIAN_POINT('',(-33.,-120.,0.));
#8005=CARTESIAN_POINT('',(-120.,-120.,0.));
#8006=CARTESIAN_POINT('',(-35.,-118.,0.));
#8007=CARTESIAN_POINT('Origin',(-33.,-118.,0.));
#8008=CARTESIAN_POINT('',(-35.,-116.,0.));
#8009=CARTESIAN_POINT('',(-35.,-57.,0.));
#8010=CARTESIAN_POINT('',(-37.,-114.,0.));
#8011=CARTESIAN_POINT('Origin',(-37.,-116.,0.));
#8012=CARTESIAN_POINT('',(-83.,-114.,0.));
#8013=CARTESIAN_POINT('',(-18.7349939951952,-114.,0.));
#8014=CARTESIAN_POINT('',(-85.,-116.,0.));
#8015=CARTESIAN_POINT('Origin',(-83.,-116.,0.));
#8016=CARTESIAN_POINT('',(-85.,-118.,0.));
#8017=CARTESIAN_POINT('',(-85.,-126.,0.));
#8018=CARTESIAN_POINT('',(-87.,-120.,0.));
#8019=CARTESIAN_POINT('Origin',(-87.,-118.,0.));
#8020=CARTESIAN_POINT('',(-118.,-120.,0.));
#8021=CARTESIAN_POINT('',(-120.,-120.,0.));
#8022=CARTESIAN_POINT('',(-120.,-118.,0.));
#8023=CARTESIAN_POINT('Origin',(-118.,-118.,0.));
#8024=CARTESIAN_POINT('',(-120.,0.,0.));
#8025=CARTESIAN_POINT('',(-120.,0.,0.));
#8026=CARTESIAN_POINT('',(120.,0.,0.));
#8027=CARTESIAN_POINT('Origin',(0.,0.,0.));
#8028=CARTESIAN_POINT('',(120.,-120.,0.));
#8029=CARTESIAN_POINT('',(60.,7.34788079488412E-15,0.));
#8030=CARTESIAN_POINT('Origin',(0.,0.,0.));
#8031=CARTESIAN_POINT('',(-45.6420709375416,65.5736850922374,0.));
#8032=CARTESIAN_POINT('Origin',(-46.2601049262915,63.6715720596471,0.));
#8033=CARTESIAN_POINT('',(46.8781389150414,61.7694590270568,0.));
#8034=CARTESIAN_POINT('Origin',(46.2601049262915,63.6715720596471,0.));
#8035=CARTESIAN_POINT('',(73.2323881051261,-23.1448059050621,0.));
#8036=CARTESIAN_POINT('Origin',(74.850422093876,-24.320376409647,0.));
#8037=CARTESIAN_POINT('',(1.99999999999999,-78.7023913,0.));
#8038=CARTESIAN_POINT('Origin',(-2.66453525910038E-14,-78.7023913,0.));
#8039=CARTESIAN_POINT('',(-76.468456082626,-25.495946914232,0.));
#8040=CARTESIAN_POINT('Origin',(-74.8504220938761,-24.320376409647,0.));
#8041=CARTESIAN_POINT('',(-64.2896060483969,48.1622179588818,0.));
#8042=CARTESIAN_POINT('Origin',(-63.671572059647,46.2601049262915,0.));
#8043=CARTESIAN_POINT('',(-64.2896060483971,-48.1622179588823,0.));
#8044=CARTESIAN_POINT('Origin',(-63.6715720596471,-46.2601049262915,0.));
#8045=CARTESIAN_POINT('',(25.9384103983969,-73.6748515892911,0.));
#8046=CARTESIAN_POINT('Origin',(24.320376409647,-74.850422093876,0.));
#8047=CARTESIAN_POINT('',(76.7023913000001,4.27749474204206E-15,0.));
#8048=CARTESIAN_POINT('Origin',(78.7023913000001,4.74446870679657E-15,0.));
#8049=CARTESIAN_POINT('',(25.938410398397,73.6748515892911,0.));
#8050=CARTESIAN_POINT('Origin',(24.3203764096471,74.8504220938761,0.));
#8051=CARTESIAN_POINT('',(-22.7023424208971,76.025992598461,0.));
#8052=CARTESIAN_POINT('Origin',(-24.320376409647,74.8504220938761,0.));
#8053=CARTESIAN_POINT('',(63.0535380708972,44.3579918937011,0.));
#8054=CARTESIAN_POINT('Origin',(63.6715720596471,46.2601049262915,0.));
#8055=CARTESIAN_POINT('',(63.0535380708969,-44.3579918937005,0.));
#8056=CARTESIAN_POINT('Origin',(63.671572059647,-46.2601049262915,0.));
#8057=CARTESIAN_POINT('',(-22.7023424208968,-76.0259925984612,0.));
#8058=CARTESIAN_POINT('Origin',(-24.320376409647,-74.850422093876,0.));
#8059=CARTESIAN_POINT('',(-80.7023913,2.28459748288978E-14,0.));
#8060=CARTESIAN_POINT('Origin',(-78.7023913,2.30631486131117E-14,0.));
#8061=CARTESIAN_POINT('',(-76.468456082626,25.495946914232,0.));
#8062=CARTESIAN_POINT('Origin',(-74.8504220938761,24.320376409647,0.));
#8063=CARTESIAN_POINT('',(-45.6420709375415,-65.5736850922374,0.));
#8064=CARTESIAN_POINT('Origin',(-46.2601049262915,-63.671572059647,0.));
#8065=CARTESIAN_POINT('',(46.8781389150414,-61.7694590270566,0.));
#8066=CARTESIAN_POINT('Origin',(46.2601049262914,-63.671572059647,0.));
#8067=CARTESIAN_POINT('',(73.2323881051261,23.144805905062,0.));
#8068=CARTESIAN_POINT('Origin',(74.850422093876,24.320376409647,0.));
#8069=CARTESIAN_POINT('',(2.00000000000002,78.7023913000001,0.));
#8070=CARTESIAN_POINT('Origin',(1.77635683940025E-14,78.7023913000001,0.));
#8071=CARTESIAN_POINT('',(73.8639789775539,-76.0139789775539,0.));
#8072=CARTESIAN_POINT('Origin',(76.0139789775538,-76.0139789775539,0.));
#8073=CARTESIAN_POINT('',(-2.15000000000001,-107.5,0.));
#8074=CARTESIAN_POINT('Origin',(-1.3164953090834E-14,-107.5,0.));
#8075=CARTESIAN_POINT('',(-78.1639789775539,76.0139789775539,0.));
#8076=CARTESIAN_POINT('Origin',(-76.0139789775539,76.0139789775539,0.));
#8077=CARTESIAN_POINT('',(105.35,-2.00107286980678E-14,0.));
#8078=CARTESIAN_POINT('Origin',(107.5,-1.97474296362511E-14,0.));
#8079=CARTESIAN_POINT('',(-2.15,107.5,0.));
#8080=CARTESIAN_POINT('Origin',(0.,107.5,0.));
#8081=CARTESIAN_POINT('',(-78.1639789775539,-76.0139789775538,0.));
#8082=CARTESIAN_POINT('Origin',(-76.0139789775539,-76.0139789775538,0.));
#8083=CARTESIAN_POINT('',(-109.65,6.31917748360034E-15,0.));
#8084=CARTESIAN_POINT('Origin',(-107.5,6.58247654541702E-15,0.));
#8085=CARTESIAN_POINT('',(73.8639789775539,76.0139789775538,0.));
#8086=CARTESIAN_POINT('Origin',(76.0139789775539,76.0139789775538,0.));
#8087=CARTESIAN_POINT('Origin',(120.,-120.,12.));
#8088=CARTESIAN_POINT('',(87.,-120.,12.));
#8089=CARTESIAN_POINT('',(-120.,-120.,12.));
#8090=CARTESIAN_POINT('',(87.,-120.,12.));
#8091=CARTESIAN_POINT('Origin',(87.,-118.,12.));
#8092=CARTESIAN_POINT('',(85.,-118.,12.));
#8093=CARTESIAN_POINT('Origin',(87.,-118.,12.));
#8094=CARTESIAN_POINT('',(85.,-118.,12.));
#8095=CARTESIAN_POINT('Origin',(83.,-116.,12.));
#8096=CARTESIAN_POINT('',(85.,-116.,12.));
#8097=CARTESIAN_POINT('',(83.,-114.,12.));
#8098=CARTESIAN_POINT('Origin',(83.,-116.,12.));
#8099=CARTESIAN_POINT('',(83.,-114.,12.));
#8100=CARTESIAN_POINT('',(85.,-116.,12.));
#8101=CARTESIAN_POINT('Origin',(85.,-114.,12.));
#8102=CARTESIAN_POINT('',(37.,-114.,12.));
#8103=CARTESIAN_POINT('',(35.,-114.,12.));
#8104=CARTESIAN_POINT('',(37.,-114.,12.));
#8105=CARTESIAN_POINT('Origin',(37.,-116.,12.));
#8106=CARTESIAN_POINT('',(35.,-116.,12.));
#8107=CARTESIAN_POINT('Origin',(37.,-116.,12.));
#8108=CARTESIAN_POINT('',(35.,-116.,12.));
#8109=CARTESIAN_POINT('Origin',(35.,-114.78240283249,12.));
#8110=CARTESIAN_POINT('',(35.,-118.,12.));
#8111=CARTESIAN_POINT('',(35.,-57.391201416245,12.));
#8112=CARTESIAN_POINT('',(35.,-118.,12.));
#8113=CARTESIAN_POINT('Origin',(33.,-118.,12.));
#8114=CARTESIAN_POINT('',(33.,-120.,12.));
#8115=CARTESIAN_POINT('Origin',(33.,-118.,12.));
#8116=CARTESIAN_POINT('',(33.,-120.,12.));
#8117=CARTESIAN_POINT('Origin',(-1.77635683940025E-14,-120.,12.));
#8118=CARTESIAN_POINT('',(-33.,-120.,12.));
#8119=CARTESIAN_POINT('',(-120.,-120.,12.));
#8120=CARTESIAN_POINT('',(-33.,-120.,12.));
#8121=CARTESIAN_POINT('Origin',(-33.,-118.,12.));
#8122=CARTESIAN_POINT('',(-35.,-118.,12.));
#8123=CARTESIAN_POINT('Origin',(-33.,-118.,12.));
#8124=CARTESIAN_POINT('',(-35.,-118.,12.));
#8125=CARTESIAN_POINT('Origin',(-37.,-116.,12.));
#8126=CARTESIAN_POINT('',(-35.,-116.,12.));
#8127=CARTESIAN_POINT('',(-37.,-114.,12.));
#8128=CARTESIAN_POINT('Origin',(-37.,-116.,12.));
#8129=CARTESIAN_POINT('',(-37.,-114.,12.));
#8130=CARTESIAN_POINT('',(-35.,-116.,12.));
#8131=CARTESIAN_POINT('Origin',(-37.4699879903905,-114.,12.));
#8132=CARTESIAN_POINT('',(-83.,-114.,12.));
#8133=CARTESIAN_POINT('',(-18.7349939951952,-114.,12.));
#8134=CARTESIAN_POINT('',(-83.,-114.,12.));
#8135=CARTESIAN_POINT('Origin',(-83.,-116.,12.));
#8136=CARTESIAN_POINT('',(-85.,-116.,12.));
#8137=CARTESIAN_POINT('Origin',(-83.,-116.,12.));
#8138=CARTESIAN_POINT('',(-85.,-116.,12.));
#8139=CARTESIAN_POINT('Origin',(-85.,-114.,12.));
#8140=CARTESIAN_POINT('',(-85.,-118.,12.));
#8141=CARTESIAN_POINT('',(-85.,-126.,12.));
#8142=CARTESIAN_POINT('',(-85.,-118.,12.));
#8143=CARTESIAN_POINT('Origin',(-87.,-118.,12.));
#8144=CARTESIAN_POINT('',(-87.,-120.,12.));
#8145=CARTESIAN_POINT('Origin',(-87.,-118.,12.));
#8146=CARTESIAN_POINT('',(-87.,-120.,12.));
#8147=CARTESIAN_POINT('Origin',(-85.,-120.,12.));
#8148=CARTESIAN_POINT('',(-118.,-120.,12.));
#8149=CARTESIAN_POINT('',(-120.,-120.,12.));
#8150=CARTESIAN_POINT('',(-118.,-120.,12.));
#8151=CARTESIAN_POINT('Origin',(-118.,-118.,12.));
#8152=CARTESIAN_POINT('',(-120.,-118.,12.));
#8153=CARTESIAN_POINT('Origin',(-118.,-118.,12.));
#8154=CARTESIAN_POINT('',(-120.,-118.,12.));
#8155=CARTESIAN_POINT('Origin',(85.,-120.,12.));
#8156=CARTESIAN_POINT('',(85.,-114.,12.));
#8157=CARTESIAN_POINT('Origin',(120.,0.,12.));
#8158=CARTESIAN_POINT('',(120.,0.,12.));
#8159=CARTESIAN_POINT('',(120.,1.77635683940025E-14,0.));
#8160=CARTESIAN_POINT('',(120.,-120.,12.));
#8161=CARTESIAN_POINT('Origin',(-35.,-120.,12.));
#8162=CARTESIAN_POINT('',(-35.,-114.,12.));
#8163=CARTESIAN_POINT('Origin',(-120.,-120.,12.));
#8164=CARTESIAN_POINT('',(-120.,0.,12.));
#8165=CARTESIAN_POINT('',(-120.,0.,12.));
#8166=CARTESIAN_POINT('',(-120.,0.,0.));
#8167=CARTESIAN_POINT('Origin',(0.,0.,0.));
#8168=CARTESIAN_POINT('Origin',(0.,0.,12.));
#8169=CARTESIAN_POINT('Origin',(76.0139789775539,76.0139789775538,12.));
#8170=CARTESIAN_POINT('',(73.8639789775539,76.0139789775538,12.));
#8171=CARTESIAN_POINT('Origin',(76.0139789775539,76.0139789775538,12.));
#8172=CARTESIAN_POINT('',(73.8639789775539,76.0139789775538,12.));
#8173=CARTESIAN_POINT('Origin',(-107.5,6.58247654541702E-15,12.));
#8174=CARTESIAN_POINT('',(-109.65,6.8457756072337E-15,12.));
#8175=CARTESIAN_POINT('Origin',(-107.5,6.58247654541702E-15,12.));
#8176=CARTESIAN_POINT('',(-109.65,6.8457756072337E-15,12.));
#8177=CARTESIAN_POINT('Origin',(-76.0139789775539,-76.0139789775538,12.));
#8178=CARTESIAN_POINT('',(-78.1639789775539,-76.0139789775538,12.));
#8179=CARTESIAN_POINT('Origin',(-76.0139789775539,-76.0139789775538,12.));
#8180=CARTESIAN_POINT('',(-78.1639789775539,-76.0139789775538,12.));
#8181=CARTESIAN_POINT('Origin',(0.,107.5,12.));
#8182=CARTESIAN_POINT('',(-2.15,107.5,12.));
#8183=CARTESIAN_POINT('Origin',(0.,107.5,12.));
#8184=CARTESIAN_POINT('',(-2.15,107.5,12.));
#8185=CARTESIAN_POINT('Origin',(107.5,-1.97474296362511E-14,12.));
#8186=CARTESIAN_POINT('',(105.35,-1.94841305744344E-14,12.));
#8187=CARTESIAN_POINT('Origin',(107.5,-1.97474296362511E-14,12.));
#8188=CARTESIAN_POINT('',(105.35,-1.94841305744344E-14,12.));
#8189=CARTESIAN_POINT('Origin',(-76.0139789775539,76.0139789775539,12.));
#8190=CARTESIAN_POINT('',(-78.1639789775539,76.0139789775539,12.));
#8191=CARTESIAN_POINT('Origin',(-76.0139789775539,76.0139789775539,12.));
#8192=CARTESIAN_POINT('',(-78.1639789775539,76.0139789775539,12.));
#8193=CARTESIAN_POINT('Origin',(-1.3164953090834E-14,-107.5,12.));
#8194=CARTESIAN_POINT('',(-2.15000000000001,-107.5,12.));
#8195=CARTESIAN_POINT('Origin',(-1.3164953090834E-14,-107.5,12.));
#8196=CARTESIAN_POINT('',(-2.15000000000001,-107.5,12.));
#8197=CARTESIAN_POINT('Origin',(76.0139789775538,-76.0139789775539,12.));
#8198=CARTESIAN_POINT('',(73.8639789775539,-76.0139789775539,12.));
#8199=CARTESIAN_POINT('Origin',(76.0139789775538,-76.0139789775539,12.));
#8200=CARTESIAN_POINT('',(73.8639789775539,-76.0139789775539,12.));
#8201=CARTESIAN_POINT('Origin',(74.9311681540731,51.6364216330491,14.));
#8202=CARTESIAN_POINT('',(72.8311681540731,51.6364216330491,14.));
#8203=CARTESIAN_POINT('Origin',(74.9311681540731,51.6364216330491,14.));
#8204=CARTESIAN_POINT('',(72.8311681540731,51.6364216330491,6.));
#8205=CARTESIAN_POINT('',(72.8311681540731,51.6364216330491,14.));
#8206=CARTESIAN_POINT('Origin',(74.9311681540731,51.6364216330491,6.));
#8207=CARTESIAN_POINT('Origin',(74.9311681540731,51.6364216330491,6.));
#8208=CARTESIAN_POINT('Origin',(33.668035215167,-84.5426720937437,14.));
#8209=CARTESIAN_POINT('',(31.568035215167,-84.5426720937437,14.));
#8210=CARTESIAN_POINT('Origin',(33.668035215167,-84.5426720937437,14.));
#8211=CARTESIAN_POINT('',(31.568035215167,-84.5426720937437,6.));
#8212=CARTESIAN_POINT('',(31.568035215167,-84.5426720937437,14.));
#8213=CARTESIAN_POINT('Origin',(33.668035215167,-84.5426720937437,6.));
#8214=CARTESIAN_POINT('Origin',(33.668035215167,-84.5426720937437,6.));
#8215=CARTESIAN_POINT('Origin',(-89.9148534351791,-14.0113929261245,14.));
#8216=CARTESIAN_POINT('',(-92.0148534351791,-14.0113929261245,14.));
#8217=CARTESIAN_POINT('Origin',(-89.9148534351791,-14.0113929261245,14.));
#8218=CARTESIAN_POINT('',(-92.0148534351791,-14.0113929261245,6.));
#8219=CARTESIAN_POINT('',(-92.0148534351791,-14.0113929261245,14.));
#8220=CARTESIAN_POINT('Origin',(-89.9148534351791,-14.0113929261245,6.));
#8221=CARTESIAN_POINT('Origin',(-89.9148534351791,-14.0113929261245,6.));
#8222=CARTESIAN_POINT('Origin',(-24.0485965867791,60.3876229223038,14.));
#8223=CARTESIAN_POINT('',(-26.1485965867791,60.3876229223038,14.));
#8224=CARTESIAN_POINT('Origin',(-24.0485965867791,60.3876229223038,14.));
#8225=CARTESIAN_POINT('',(-26.1485965867791,60.3876229223038,6.));
#8226=CARTESIAN_POINT('',(-26.1485965867791,60.3876229223038,14.));
#8227=CARTESIAN_POINT('Origin',(-24.0485965867791,60.3876229223038,6.));
#8228=CARTESIAN_POINT('Origin',(-24.0485965867791,60.3876229223038,6.));
#8229=CARTESIAN_POINT('Origin',(-53.5222629644362,-36.8831583133243,14.));
#8230=CARTESIAN_POINT('',(-55.6222629644362,-36.8831583133243,14.));
#8231=CARTESIAN_POINT('Origin',(-53.5222629644362,-36.8831583133243,14.));
#8232=CARTESIAN_POINT('',(-55.6222629644362,-36.8831583133243,6.));
#8233=CARTESIAN_POINT('',(-55.6222629644362,-36.8831583133243,14.));
#8234=CARTESIAN_POINT('Origin',(-53.5222629644362,-36.8831583133243,6.));
#8235=CARTESIAN_POINT('Origin',(-53.5222629644362,-36.8831583133243,6.));
#8236=CARTESIAN_POINT('Origin',(47.8682444713827,-43.9730732520248,14.));
#8237=CARTESIAN_POINT('',(45.7682444713827,-43.9730732520248,14.));
#8238=CARTESIAN_POINT('Origin',(47.8682444713827,-43.9730732520248,14.));
#8239=CARTESIAN_POINT('',(45.7682444713827,-43.9730732520248,6.));
#8240=CARTESIAN_POINT('',(45.7682444713827,-43.9730732520248,14.));
#8241=CARTESIAN_POINT('Origin',(47.8682444713827,-43.9730732520248,6.));
#8242=CARTESIAN_POINT('Origin',(47.8682444713827,-43.9730732520248,6.));
#8243=CARTESIAN_POINT('Origin',(32.2188900311937,56.4530169712642,14.));
#8244=CARTESIAN_POINT('',(30.1188900311937,56.4530169712642,14.));
#8245=CARTESIAN_POINT('Origin',(32.2188900311937,56.4530169712642,14.));
#8246=CARTESIAN_POINT('',(30.1188900311937,56.4530169712642,6.));
#8247=CARTESIAN_POINT('',(30.1188900311937,56.4530169712642,14.));
#8248=CARTESIAN_POINT('Origin',(32.2188900311937,56.4530169712642,6.));
#8249=CARTESIAN_POINT('Origin',(32.2188900311937,56.4530169712642,6.));
#8250=CARTESIAN_POINT('Origin',(64.2248953100936,10.0081378091787,14.));
#8251=CARTESIAN_POINT('',(62.1248953100936,10.0081378091787,14.));
#8252=CARTESIAN_POINT('Origin',(64.2248953100936,10.0081378091787,14.));
#8253=CARTESIAN_POINT('',(62.1248953100936,10.0081378091787,6.));
#8254=CARTESIAN_POINT('',(62.1248953100936,10.0081378091787,14.));
#8255=CARTESIAN_POINT('Origin',(64.2248953100936,10.0081378091787,6.));
#8256=CARTESIAN_POINT('Origin',(64.2248953100936,10.0081378091787,6.));
#8257=CARTESIAN_POINT('Origin',(-4.534170788518,-64.8416632672277,14.));
#8258=CARTESIAN_POINT('',(-6.634170788518,-64.8416632672277,14.));
#8259=CARTESIAN_POINT('Origin',(-4.534170788518,-64.8416632672277,14.));
#8260=CARTESIAN_POINT('',(-6.634170788518,-64.8416632672277,6.));
#8261=CARTESIAN_POINT('',(-6.634170788518,-64.8416632672277,14.));
#8262=CARTESIAN_POINT('Origin',(-4.534170788518,-64.8416632672277,6.));
#8263=CARTESIAN_POINT('Origin',(-4.534170788518,-64.8416632672277,6.));
#8264=CARTESIAN_POINT('Origin',(-62.2069994729367,18.84911712983,14.));
#8265=CARTESIAN_POINT('',(-64.3069994729367,18.84911712983,14.));
#8266=CARTESIAN_POINT('Origin',(-62.2069994729367,18.84911712983,14.));
#8267=CARTESIAN_POINT('',(-64.3069994729367,18.84911712983,6.));
#8268=CARTESIAN_POINT('',(-64.3069994729367,18.84911712983,14.));
#8269=CARTESIAN_POINT('Origin',(-62.2069994729367,18.84911712983,6.));
#8270=CARTESIAN_POINT('Origin',(-62.2069994729367,18.84911712983,6.));
#8271=CARTESIAN_POINT('Origin',(-67.0155422553309,61.5623025578475,14.));
#8272=CARTESIAN_POINT('',(-69.1155422553309,61.5623025578475,14.));
#8273=CARTESIAN_POINT('Origin',(-67.0155422553309,61.5623025578475,14.));
#8274=CARTESIAN_POINT('',(-69.1155422553309,61.5623025578475,6.));
#8275=CARTESIAN_POINT('',(-69.1155422553309,61.5623025578475,14.));
#8276=CARTESIAN_POINT('Origin',(-67.0155422553309,61.5623025578475,6.));
#8277=CARTESIAN_POINT('Origin',(-67.0155422553309,61.5623025578475,6.));
#8278=CARTESIAN_POINT('Origin',(-45.1064460495829,-79.034223756396,14.));
#8279=CARTESIAN_POINT('',(-47.2064460495829,-79.034223756396,14.));
#8280=CARTESIAN_POINT('Origin',(-45.1064460495829,-79.034223756396,14.));
#8281=CARTESIAN_POINT('',(-47.2064460495829,-79.034223756396,6.));
#8282=CARTESIAN_POINT('',(-47.2064460495829,-79.034223756396,14.));
#8283=CARTESIAN_POINT('Origin',(-45.1064460495829,-79.034223756396,6.));
#8284=CARTESIAN_POINT('Origin',(-45.1064460495829,-79.034223756396,6.));
#8285=CARTESIAN_POINT('Origin',(87.0897992601375,-26.3887639882764,14.));
#8286=CARTESIAN_POINT('',(84.9897992601375,-26.3887639882764,14.));
#8287=CARTESIAN_POINT('Origin',(87.0897992601375,-26.3887639882764,14.));
#8288=CARTESIAN_POINT('',(84.9897992601375,-26.3887639882764,6.));
#8289=CARTESIAN_POINT('',(84.9897992601375,-26.3887639882764,14.));
#8290=CARTESIAN_POINT('Origin',(87.0897992601375,-26.3887639882764,6.));
#8291=CARTESIAN_POINT('Origin',(87.0897992601375,-26.3887639882764,6.));
#8292=CARTESIAN_POINT('Origin',(6.3478391107154,90.778328573644,14.));
#8293=CARTESIAN_POINT('',(4.2478391107154,90.778328573644,14.));
#8294=CARTESIAN_POINT('Origin',(6.3478391107154,90.778328573644,14.));
#8295=CARTESIAN_POINT('',(4.2478391107154,90.778328573644,6.));
#8296=CARTESIAN_POINT('',(4.2478391107154,90.778328573644,14.));
#8297=CARTESIAN_POINT('Origin',(6.3478391107154,90.778328573644,6.));
#8298=CARTESIAN_POINT('Origin',(6.3478391107154,90.778328573644,6.));
#8299=CARTESIAN_POINT('Origin',(1.77635683940025E-14,78.7023913000001,14.));
#8300=CARTESIAN_POINT('',(2.00000000000002,78.7023913000001,2.));
#8301=CARTESIAN_POINT('Origin',(1.77635683940025E-14,78.7023913000001,2.));
#8302=CARTESIAN_POINT('',(2.00000000000002,78.7023913000001,14.));
#8303=CARTESIAN_POINT('Origin',(74.850422093876,24.320376409647,14.));
#8304=CARTESIAN_POINT('',(73.2323881051261,23.144805905062,2.));
#8305=CARTESIAN_POINT('Origin',(74.850422093876,24.320376409647,2.));
#8306=CARTESIAN_POINT('',(73.2323881051261,23.144805905062,14.));
#8307=CARTESIAN_POINT('Origin',(46.2601049262914,-63.671572059647,14.));
#8308=CARTESIAN_POINT('',(46.8781389150414,-61.7694590270566,2.));
#8309=CARTESIAN_POINT('Origin',(46.2601049262914,-63.671572059647,2.));
#8310=CARTESIAN_POINT('',(46.8781389150414,-61.7694590270566,14.));
#8311=CARTESIAN_POINT('Origin',(-46.2601049262915,-63.671572059647,14.));
#8312=CARTESIAN_POINT('',(-45.6420709375415,-65.5736850922374,2.));
#8313=CARTESIAN_POINT('Origin',(-46.2601049262915,-63.671572059647,2.));
#8314=CARTESIAN_POINT('',(-45.6420709375415,-65.5736850922374,14.));
#8315=CARTESIAN_POINT('Origin',(-74.8504220938761,24.320376409647,14.));
#8316=CARTESIAN_POINT('',(-76.468456082626,25.495946914232,2.));
#8317=CARTESIAN_POINT('Origin',(-74.8504220938761,24.320376409647,2.));
#8318=CARTESIAN_POINT('',(-76.468456082626,25.495946914232,14.));
#8319=CARTESIAN_POINT('Origin',(-78.7023913,2.30631486131117E-14,14.));
#8320=CARTESIAN_POINT('',(-80.7023913,2.33358335485567E-14,2.));
#8321=CARTESIAN_POINT('Origin',(-78.7023913,2.30631486131117E-14,2.));
#8322=CARTESIAN_POINT('',(-80.7023913,2.33358335485567E-14,14.));
#8323=CARTESIAN_POINT('Origin',(-24.320376409647,-74.850422093876,14.));
#8324=CARTESIAN_POINT('',(-22.7023424208968,-76.0259925984612,2.));
#8325=CARTESIAN_POINT('Origin',(-24.320376409647,-74.850422093876,2.));
#8326=CARTESIAN_POINT('',(-22.7023424208968,-76.0259925984612,14.));
#8327=CARTESIAN_POINT('Origin',(63.671572059647,-46.2601049262915,14.));
#8328=CARTESIAN_POINT('',(63.0535380708969,-44.3579918937005,2.));
#8329=CARTESIAN_POINT('Origin',(63.671572059647,-46.2601049262915,2.));
#8330=CARTESIAN_POINT('',(63.0535380708969,-44.3579918937005,14.));
#8331=CARTESIAN_POINT('Origin',(63.6715720596471,46.2601049262915,14.));
#8332=CARTESIAN_POINT('',(63.0535380708972,44.3579918937011,2.));
#8333=CARTESIAN_POINT('Origin',(63.6715720596471,46.2601049262915,2.));
#8334=CARTESIAN_POINT('',(63.0535380708972,44.3579918937011,14.));
#8335=CARTESIAN_POINT('Origin',(-24.320376409647,74.8504220938761,14.));
#8336=CARTESIAN_POINT('',(-22.7023424208971,76.025992598461,2.));
#8337=CARTESIAN_POINT('Origin',(-24.320376409647,74.8504220938761,2.));
#8338=CARTESIAN_POINT('',(-22.7023424208971,76.025992598461,14.));
#8339=CARTESIAN_POINT('Origin',(24.3203764096471,74.8504220938761,14.));
#8340=CARTESIAN_POINT('',(25.938410398397,73.6748515892911,2.));
#8341=CARTESIAN_POINT('Origin',(24.3203764096471,74.8504220938761,2.));
#8342=CARTESIAN_POINT('',(25.938410398397,73.6748515892911,14.));
#8343=CARTESIAN_POINT('Origin',(78.7023913000001,4.74446870679657E-15,14.));
#8344=CARTESIAN_POINT('',(76.7023913000001,4.76735346170101E-15,2.));
#8345=CARTESIAN_POINT('Origin',(78.7023913000001,4.74446870679657E-15,2.));
#8346=CARTESIAN_POINT('',(76.7023913000001,4.76735346170101E-15,14.));
#8347=CARTESIAN_POINT('Origin',(24.320376409647,-74.850422093876,14.));
#8348=CARTESIAN_POINT('',(25.9384103983969,-73.6748515892911,2.));
#8349=CARTESIAN_POINT('Origin',(24.320376409647,-74.850422093876,2.));
#8350=CARTESIAN_POINT('',(25.9384103983969,-73.6748515892911,14.));
#8351=CARTESIAN_POINT('Origin',(-63.6715720596471,-46.2601049262915,14.));
#8352=CARTESIAN_POINT('',(-64.2896060483971,-48.1622179588823,2.));
#8353=CARTESIAN_POINT('Origin',(-63.6715720596471,-46.2601049262915,2.));
#8354=CARTESIAN_POINT('',(-64.2896060483971,-48.1622179588823,14.));
#8355=CARTESIAN_POINT('Origin',(-63.671572059647,46.2601049262915,14.));
#8356=CARTESIAN_POINT('',(-64.2896060483969,48.1622179588818,2.));
#8357=CARTESIAN_POINT('Origin',(-63.671572059647,46.2601049262915,2.));
#8358=CARTESIAN_POINT('',(-64.2896060483969,48.1622179588818,14.));
#8359=CARTESIAN_POINT('Origin',(-74.8504220938761,-24.320376409647,14.));
#8360=CARTESIAN_POINT('',(-76.468456082626,-25.495946914232,2.));
#8361=CARTESIAN_POINT('Origin',(-74.8504220938761,-24.320376409647,2.));
#8362=CARTESIAN_POINT('',(-76.468456082626,-25.495946914232,14.));
#8363=CARTESIAN_POINT('Origin',(-2.66453525910038E-14,-78.7023913,14.));
#8364=CARTESIAN_POINT('',(1.99999999999999,-78.7023913,2.));
#8365=CARTESIAN_POINT('Origin',(-2.66453525910038E-14,-78.7023913,2.));
#8366=CARTESIAN_POINT('',(1.99999999999999,-78.7023913,14.));
#8367=CARTESIAN_POINT('Origin',(74.850422093876,-24.320376409647,14.));
#8368=CARTESIAN_POINT('',(73.2323881051261,-23.1448059050621,2.));
#8369=CARTESIAN_POINT('Origin',(74.850422093876,-24.320376409647,2.));
#8370=CARTESIAN_POINT('',(73.2323881051261,-23.1448059050621,14.));
#8371=CARTESIAN_POINT('Origin',(46.2601049262915,63.6715720596471,14.));
#8372=CARTESIAN_POINT('',(46.8781389150414,61.7694590270568,2.));
#8373=CARTESIAN_POINT('Origin',(46.2601049262915,63.6715720596471,2.));
#8374=CARTESIAN_POINT('',(46.8781389150414,61.7694590270568,14.));
#8375=CARTESIAN_POINT('Origin',(-46.2601049262915,63.6715720596471,14.));
#8376=CARTESIAN_POINT('',(-45.6420709375416,65.5736850922374,2.));
#8377=CARTESIAN_POINT('Origin',(-46.2601049262915,63.6715720596471,2.));
#8378=CARTESIAN_POINT('',(-45.6420709375416,65.5736850922374,14.));
#8379=CARTESIAN_POINT('Origin',(61.7247649950849,40.2684488736317,14.));
#8380=CARTESIAN_POINT('',(62.4617600470841,40.4075110659368,12.));
#8381=CARTESIAN_POINT('',(62.4617600470841,40.4075110659368,14.));
#8382=CARTESIAN_POINT('',(62.4617600470841,40.4075110659368,14.));
#8383=CARTESIAN_POINT('',(61.2102621790356,40.8141473730592,12.));
#8384=CARTESIAN_POINT('Origin',(61.7247649950849,40.2684488736317,12.));
#8385=CARTESIAN_POINT('',(61.2102621790356,40.8141473730592,14.));
#8386=CARTESIAN_POINT('',(61.2102621790356,40.8141473730592,14.));
#8387=CARTESIAN_POINT('Origin',(61.7247649950849,40.2684488736317,14.));
#8388=CARTESIAN_POINT('Origin',(61.7247649950849,40.2684488736317,12.));
#8389=CARTESIAN_POINT('',(63.249983866507,40.1514016219663,12.));
#8390=CARTESIAN_POINT('Origin',(-19.2235693450848,78.5534691833187,14.));
#8391=CARTESIAN_POINT('',(-19.9015495727108,78.8741603290465,12.));
#8392=CARTESIAN_POINT('',(-19.9015495727108,78.8741603290465,14.));
#8393=CARTESIAN_POINT('',(-19.9015495727108,78.8741603290465,14.));
#8394=CARTESIAN_POINT('',(-19.1280813534088,77.8095726559403,12.));
#8395=CARTESIAN_POINT('Origin',(-19.2235693450848,78.5534691833187,12.));
#8396=CARTESIAN_POINT('',(-19.1280813534088,77.8095726559403,14.));
#8397=CARTESIAN_POINT('',(-19.1280813534088,77.8095726559403,14.));
#8398=CARTESIAN_POINT('Origin',(-19.2235693450848,78.5534691833187,14.));
#8399=CARTESIAN_POINT('Origin',(-19.2235693450848,78.5534691833187,12.));
#8400=CARTESIAN_POINT('',(-20.3886986838563,79.5446635582009,12.));
#8401=CARTESIAN_POINT('Origin',(-85.0023913000001,2.31585584042904E-14,
14.));
#8402=CARTESIAN_POINT('',(-84.6423913000001,-0.65795136598382,12.));
#8403=CARTESIAN_POINT('',(-84.6423913000001,-0.65795136598382,14.));
#8404=CARTESIAN_POINT('',(-84.6423913000001,-0.65795136598382,14.));
#8405=CARTESIAN_POINT('',(-84.6423913000001,0.657951365983866,12.));
#8406=CARTESIAN_POINT('Origin',(-85.0023913000001,2.31585584042904E-14,
12.));
#8407=CARTESIAN_POINT('',(-84.6423913000001,0.657951365983866,14.));
#8408=CARTESIAN_POINT('',(-84.6423913000001,0.657951365983866,14.));
#8409=CARTESIAN_POINT('Origin',(-85.0023913000001,2.31585584042904E-14,
14.));
#8410=CARTESIAN_POINT('Origin',(-85.0023913000001,2.31759056390501E-14,
12.));
#8411=CARTESIAN_POINT('',(-84.6423913000001,-1.48673893635171,12.));
#8412=CARTESIAN_POINT('Origin',(-19.223569345084,-78.5534691833192,14.));
#8413=CARTESIAN_POINT('',(-19.1280813534079,-77.8095726559407,12.));
#8414=CARTESIAN_POINT('',(-19.1280813534079,-77.8095726559407,14.));
#8415=CARTESIAN_POINT('',(-19.1280813534079,-77.8095726559407,14.));
#8416=CARTESIAN_POINT('',(-19.9015495727101,-78.8741603290472,12.));
#8417=CARTESIAN_POINT('Origin',(-19.223569345084,-78.5534691833192,12.));
#8418=CARTESIAN_POINT('',(-19.9015495727101,-78.8741603290472,14.));
#8419=CARTESIAN_POINT('',(-19.9015495727101,-78.8741603290472,14.));
#8420=CARTESIAN_POINT('Origin',(-19.223569345084,-78.5534691833192,14.));
#8421=CARTESIAN_POINT('Origin',(-19.223569345084,-78.5534691833192,12.));
#8422=CARTESIAN_POINT('',(-18.6409322422623,-77.1390694267862,12.));
#8423=CARTESIAN_POINT('Origin',(61.7247649950842,-40.2684488736298,14.));
#8424=CARTESIAN_POINT('',(61.2102621790347,-40.8141473730575,12.));
#8425=CARTESIAN_POINT('',(61.2102621790347,-40.8141473730575,14.));
#8426=CARTESIAN_POINT('',(61.2102621790347,-40.8141473730575,14.));
#8427=CARTESIAN_POINT('',(62.4617600470836,-40.4075110659349,12.));
#8428=CARTESIAN_POINT('Origin',(61.7247649950842,-40.2684488736298,12.));
#8429=CARTESIAN_POINT('',(62.4617600470836,-40.4075110659349,14.));
#8430=CARTESIAN_POINT('',(62.4617600470836,-40.4075110659349,14.));
#8431=CARTESIAN_POINT('Origin',(61.7247649950842,-40.2684488736298,14.));
#8432=CARTESIAN_POINT('Origin',(61.7247649950842,-40.2684488736298,12.));
#8433=CARTESIAN_POINT('',(60.4220383596116,-41.070256817028,12.));
#8434=CARTESIAN_POINT('Origin',(48.2069119908537,-57.6799160069873,14.));
#8435=CARTESIAN_POINT('',(47.4699169388544,-57.8189781992924,12.));
#8436=CARTESIAN_POINT('',(47.4699169388544,-57.8189781992924,14.));
#8437=CARTESIAN_POINT('',(47.4699169388544,-57.8189781992924,14.));
#8438=CARTESIAN_POINT('',(48.721414806903,-58.2256145064148,12.));
#8439=CARTESIAN_POINT('Origin',(48.2069119908537,-57.6799160069873,12.));
#8440=CARTESIAN_POINT('',(48.721414806903,-58.2256145064148,14.));
#8441=CARTESIAN_POINT('',(48.721414806903,-58.2256145064148,14.));
#8442=CARTESIAN_POINT('Origin',(48.2069119908537,-57.6799160069873,14.));
#8443=CARTESIAN_POINT('Origin',(48.2069119908537,-57.6799160069873,12.));
#8444=CARTESIAN_POINT('',(46.6816931194316,-57.562868755322,12.));
#8445=CARTESIAN_POINT('Origin',(-44.3132978617292,-69.6632281123069,14.));
#8446=CARTESIAN_POINT('',(-43.7987950456799,-69.1175296128794,12.));
#8447=CARTESIAN_POINT('',(-43.7987950456799,-69.1175296128794,14.));
#8448=CARTESIAN_POINT('',(-43.7987950456799,-69.1175296128794,14.));
#8449=CARTESIAN_POINT('',(-45.0502929137284,-69.5241659200018,12.));
#8450=CARTESIAN_POINT('Origin',(-44.3132978617292,-69.6632281123069,12.));
#8451=CARTESIAN_POINT('',(-45.0502929137284,-69.5241659200018,14.));
#8452=CARTESIAN_POINT('',(-45.0502929137284,-69.5241659200018,14.));
#8453=CARTESIAN_POINT('Origin',(-44.3132978617292,-69.6632281123069,14.));
#8454=CARTESIAN_POINT('Origin',(-44.3132978617292,-69.6632281123069,12.));
#8455=CARTESIAN_POINT('',(-43.010571226257,-68.861420168909,12.));
#8456=CARTESIAN_POINT('Origin',(-79.9472291584382,28.0234234990896,14.));
#8457=CARTESIAN_POINT('',(-80.0427171501143,27.2795269717112,12.));
#8458=CARTESIAN_POINT('',(-80.0427171501143,27.2795269717112,14.));
#8459=CARTESIAN_POINT('',(-80.0427171501143,27.2795269717112,14.));
#8460=CARTESIAN_POINT('',(-79.2692489308123,28.3441146448175,12.));
#8461=CARTESIAN_POINT('Origin',(-79.9472291584382,28.0234234990896,12.));
#8462=CARTESIAN_POINT('',(-79.2692489308123,28.3441146448175,14.));
#8463=CARTESIAN_POINT('',(-79.2692489308123,28.3441146448175,14.));
#8464=CARTESIAN_POINT('Origin',(-79.9472291584382,28.0234234990896,14.));
#8465=CARTESIAN_POINT('Origin',(-79.9472291584382,28.0234234990896,12.));
#8466=CARTESIAN_POINT('',(-80.5298662612598,26.6090237425569,12.));
#8467=CARTESIAN_POINT('Origin',(6.30000000000005,78.7023913000001,14.));
#8468=CARTESIAN_POINT('',(5.94000000000006,79.3603426659839,12.));
#8469=CARTESIAN_POINT('',(5.94000000000006,79.3603426659839,14.));
#8470=CARTESIAN_POINT('',(5.94000000000006,79.3603426659839,14.));
#8471=CARTESIAN_POINT('',(5.94000000000006,78.0444399340162,12.));
#8472=CARTESIAN_POINT('Origin',(6.30000000000005,78.7023913000001,12.));
#8473=CARTESIAN_POINT('',(5.94000000000006,78.0444399340162,14.));
#8474=CARTESIAN_POINT('',(5.94000000000006,78.0444399340162,14.));
#8475=CARTESIAN_POINT('Origin',(6.30000000000005,78.7023913000001,14.));
#8476=CARTESIAN_POINT('Origin',(6.30000000000005,78.7023913000001,12.));
#8477=CARTESIAN_POINT('',(5.94000000000006,80.1891302363518,12.));
#8478=CARTESIAN_POINT('Origin',(69.7536150293137,20.6173293202043,14.));
#8479=CARTESIAN_POINT('',(70.4315952569397,20.2966381744765,12.));
#8480=CARTESIAN_POINT('',(70.4315952569397,20.2966381744765,14.));
#8481=CARTESIAN_POINT('',(70.4315952569397,20.2966381744765,14.));
#8482=CARTESIAN_POINT('',(69.6581270376377,21.3612258475828,12.));
#8483=CARTESIAN_POINT('Origin',(69.7536150293137,20.6173293202043,12.));
#8484=CARTESIAN_POINT('',(69.6581270376377,21.3612258475828,14.));
#8485=CARTESIAN_POINT('',(69.6581270376377,21.3612258475828,14.));
#8486=CARTESIAN_POINT('Origin',(69.7536150293137,20.6173293202043,14.));
#8487=CARTESIAN_POINT('Origin',(69.7536150293137,20.6173293202043,12.));
#8488=CARTESIAN_POINT('',(70.9187443680853,19.6261349453221,12.));
#8489=CARTESIAN_POINT('Origin',(48.2069119908537,57.6799160069876,14.));
#8490=CARTESIAN_POINT('',(48.7214148069029,58.2256145064151,12.));
#8491=CARTESIAN_POINT('',(48.7214148069029,58.2256145064151,14.));
#8492=CARTESIAN_POINT('',(48.7214148069029,58.2256145064151,14.));
#8493=CARTESIAN_POINT('',(47.4699169388545,57.8189781992926,12.));
#8494=CARTESIAN_POINT('Origin',(48.2069119908537,57.6799160069876,12.));
#8495=CARTESIAN_POINT('',(47.4699169388545,57.8189781992926,14.));
#8496=CARTESIAN_POINT('',(47.4699169388545,57.8189781992926,14.));
#8497=CARTESIAN_POINT('Origin',(48.2069119908537,57.6799160069876,14.));
#8498=CARTESIAN_POINT('Origin',(48.2069119908537,57.6799160069876,12.));
#8499=CARTESIAN_POINT('',(49.5096386263258,58.4817239503855,12.));
#8500=CARTESIAN_POINT('Origin',(-44.3132978617293,69.6632281123066,14.));
#8501=CARTESIAN_POINT('',(-45.0502929137285,69.5241659200016,12.));
#8502=CARTESIAN_POINT('',(-45.0502929137285,69.5241659200016,14.));
#8503=CARTESIAN_POINT('',(-45.0502929137285,69.5241659200016,14.));
#8504=CARTESIAN_POINT('',(-43.79879504568,69.1175296128791,12.));
#8505=CARTESIAN_POINT('Origin',(-44.3132978617293,69.6632281123066,12.));
#8506=CARTESIAN_POINT('',(-43.79879504568,69.1175296128791,14.));
#8507=CARTESIAN_POINT('',(-43.79879504568,69.1175296128791,14.));
#8508=CARTESIAN_POINT('Origin',(-44.3132978617293,69.6632281123066,14.));
#8509=CARTESIAN_POINT('Origin',(-44.3132978617293,69.6632281123066,12.));
#8510=CARTESIAN_POINT('',(-45.8385167331513,69.780275363972,12.));
#8511=CARTESIAN_POINT('Origin',(-79.9472291584382,-28.0234234990896,14.));
#8512=CARTESIAN_POINT('',(-79.2692489308123,-28.3441146448174,12.));
#8513=CARTESIAN_POINT('',(-79.2692489308123,-28.3441146448174,14.));
#8514=CARTESIAN_POINT('',(-79.2692489308123,-28.3441146448174,14.));
#8515=CARTESIAN_POINT('',(-80.0427171501143,-27.2795269717112,12.));
#8516=CARTESIAN_POINT('Origin',(-79.9472291584382,-28.0234234990896,12.));
#8517=CARTESIAN_POINT('',(-80.0427171501143,-27.2795269717112,14.));
#8518=CARTESIAN_POINT('',(-80.0427171501143,-27.2795269717112,14.));
#8519=CARTESIAN_POINT('Origin',(-79.9472291584382,-28.0234234990896,14.));
#8520=CARTESIAN_POINT('Origin',(-79.9472291584382,-28.0234234990896,12.));
#8521=CARTESIAN_POINT('',(-78.7820998196667,-29.0146178739718,12.));
#8522=CARTESIAN_POINT('Origin',(6.30000000000004,-78.7023913,14.));
#8523=CARTESIAN_POINT('',(5.94000000000005,-78.0444399340162,12.));
#8524=CARTESIAN_POINT('',(5.94000000000005,-78.0444399340162,14.));
#8525=CARTESIAN_POINT('',(5.94000000000005,-78.0444399340162,14.));
#8526=CARTESIAN_POINT('',(5.94000000000005,-79.3603426659839,12.));
#8527=CARTESIAN_POINT('Origin',(6.30000000000004,-78.7023913,12.));
#8528=CARTESIAN_POINT('',(5.94000000000005,-79.3603426659839,14.));
#8529=CARTESIAN_POINT('',(5.94000000000005,-79.3603426659839,14.));
#8530=CARTESIAN_POINT('Origin',(6.30000000000004,-78.7023913,14.));
#8531=CARTESIAN_POINT('Origin',(6.30000000000004,-78.7023913,12.));
#8532=CARTESIAN_POINT('',(5.94000000000005,-77.2156523636483,12.));
#8533=CARTESIAN_POINT('Origin',(69.7536150293138,-20.6173293202045,14.));
#8534=CARTESIAN_POINT('',(69.6581270376378,-21.3612258475829,12.));
#8535=CARTESIAN_POINT('',(69.6581270376378,-21.3612258475829,14.));
#8536=CARTESIAN_POINT('',(69.6581270376378,-21.3612258475829,14.));
#8537=CARTESIAN_POINT('',(70.4315952569398,-20.2966381744766,12.));
#8538=CARTESIAN_POINT('Origin',(69.7536150293138,-20.6173293202045,12.));
#8539=CARTESIAN_POINT('',(70.4315952569398,-20.2966381744766,14.));
#8540=CARTESIAN_POINT('',(70.4315952569398,-20.2966381744766,14.));
#8541=CARTESIAN_POINT('Origin',(69.7536150293138,-20.6173293202045,14.));
#8542=CARTESIAN_POINT('Origin',(69.7536150293138,-20.6173293202045,12.));
#8543=CARTESIAN_POINT('',(69.1709779264923,-22.0317290767372,12.));
#8544=CARTESIAN_POINT('Origin',(29.4171834742092,-71.1473750044334,14.));
#8545=CARTESIAN_POINT('',(28.7392032465832,-70.8266838587056,12.));
#8546=CARTESIAN_POINT('',(28.7392032465832,-70.8266838587056,14.));
#8547=CARTESIAN_POINT('',(28.7392032465832,-70.8266838587056,14.));
#8548=CARTESIAN_POINT('',(29.5126714658852,-71.8912715318119,12.));
#8549=CARTESIAN_POINT('Origin',(29.4171834742092,-71.1473750044334,12.));
#8550=CARTESIAN_POINT('',(29.5126714658852,-71.8912715318119,14.));
#8551=CARTESIAN_POINT('',(29.5126714658852,-71.8912715318119,14.));
#8552=CARTESIAN_POINT('Origin',(29.4171834742092,-71.1473750044334,14.));
#8553=CARTESIAN_POINT('Origin',(29.4171834742092,-71.1473750044334,12.));
#8554=CARTESIAN_POINT('',(28.2520541354377,-70.1561806295512,12.));
#8555=CARTESIAN_POINT('Origin',(-65.6183791242098,-52.2517609789526,14.));
#8556=CARTESIAN_POINT('',(-64.8813840722104,-52.1126987866475,12.));
#8557=CARTESIAN_POINT('',(-64.8813840722104,-52.1126987866475,14.));
#8558=CARTESIAN_POINT('',(-64.8813840722104,-52.1126987866475,14.));
#8559=CARTESIAN_POINT('',(-66.1328819402592,-51.706062479525,12.));
#8560=CARTESIAN_POINT('Origin',(-65.6183791242098,-52.2517609789526,12.));
#8561=CARTESIAN_POINT('',(-66.1328819402592,-51.706062479525,14.));
#8562=CARTESIAN_POINT('',(-66.1328819402592,-51.706062479525,14.));
#8563=CARTESIAN_POINT('Origin',(-65.6183791242098,-52.2517609789526,14.));
#8564=CARTESIAN_POINT('Origin',(-65.6183791242098,-52.2517609789526,12.));
#8565=CARTESIAN_POINT('',(-64.0931602527873,-52.368808230618,12.));
#8566=CARTESIAN_POINT('Origin',(-65.6183791242092,52.251760978951,14.));
#8567=CARTESIAN_POINT('',(-66.1328819402585,51.7060624795236,12.));
#8568=CARTESIAN_POINT('',(-66.1328819402585,51.7060624795236,14.));
#8569=CARTESIAN_POINT('',(-66.1328819402585,51.7060624795236,14.));
#8570=CARTESIAN_POINT('',(-64.88138407221,52.112698786646,12.));
#8571=CARTESIAN_POINT('Origin',(-65.6183791242092,52.251760978951,12.));
#8572=CARTESIAN_POINT('',(-64.88138407221,52.112698786646,14.));
#8573=CARTESIAN_POINT('',(-64.88138407221,52.112698786646,14.));
#8574=CARTESIAN_POINT('Origin',(-65.6183791242092,52.251760978951,14.));
#8575=CARTESIAN_POINT('Origin',(-65.6183791242092,52.251760978951,12.));
#8576=CARTESIAN_POINT('',(-66.9211057596813,51.4499530355532,12.));
#8577=CARTESIAN_POINT('Origin',(29.4171834742093,71.1473750044335,14.));
#8578=CARTESIAN_POINT('',(29.5126714658853,71.8912715318119,12.));
#8579=CARTESIAN_POINT('',(29.5126714658853,71.8912715318119,14.));
#8580=CARTESIAN_POINT('',(29.5126714658853,71.8912715318119,14.));
#8581=CARTESIAN_POINT('',(28.7392032465833,70.8266838587056,12.));
#8582=CARTESIAN_POINT('Origin',(29.4171834742093,71.1473750044335,12.));
#8583=CARTESIAN_POINT('',(28.7392032465833,70.8266838587056,14.));
#8584=CARTESIAN_POINT('',(28.7392032465833,70.8266838587056,14.));
#8585=CARTESIAN_POINT('Origin',(29.4171834742093,71.1473750044335,14.));
#8586=CARTESIAN_POINT('Origin',(29.4171834742093,71.1473750044335,12.));
#8587=CARTESIAN_POINT('',(29.9998205770309,72.5617747609662,12.));
#8588=CARTESIAN_POINT('Origin',(72.4023913,4.04190569902596E-15,14.));
#8589=CARTESIAN_POINT('',(72.7623913,-0.657951365983842,12.));
#8590=CARTESIAN_POINT('',(72.7623913,-0.657951365983842,14.));
#8591=CARTESIAN_POINT('',(72.7623913,-0.657951365983842,14.));
#8592=CARTESIAN_POINT('',(72.7623913,0.65795136598385,12.));
#8593=CARTESIAN_POINT('Origin',(72.4023913,4.04190569902596E-15,12.));
#8594=CARTESIAN_POINT('',(72.7623913,0.65795136598385,14.));
#8595=CARTESIAN_POINT('',(72.7623913,0.65795136598385,14.));
#8596=CARTESIAN_POINT('Origin',(72.4023913,4.04190569902596E-15,14.));
#8597=CARTESIAN_POINT('Origin',(72.4023913,4.02455846426619E-15,12.));
#8598=CARTESIAN_POINT('',(72.7623913,-1.48673893635173,12.));
#8599=CARTESIAN_POINT('Origin',(0.,0.,14.));
#8600=CARTESIAN_POINT('',(-95.,-1.16341445918999E-14,14.));
#8601=CARTESIAN_POINT('Origin',(0.,0.,14.));
#8602=CARTESIAN_POINT('',(59.0080656061657,41.5296844145613,14.));
#8603=CARTESIAN_POINT('',(41.2519967491834,47.2989809138625,14.));
#8604=CARTESIAN_POINT('',(57.1034411577904,45.2677203659846,14.));
#8605=CARTESIAN_POINT('Origin',(57.9672192768433,43.3535920105586,14.));
#8606=CARTESIAN_POINT('',(58.9411515479169,50.923611379773,14.));
#8607=CARTESIAN_POINT('',(47.725069842822,16.4040613643898,14.));
#8608=CARTESIAN_POINT('',(62.6791874993402,52.8282358281483,14.));
#8609=CARTESIAN_POINT('Origin',(60.7650591439142,51.9644577090953,14.));
#8610=CARTESIAN_POINT('',(68.3350785131287,50.9905254380217,14.));
#8611=CARTESIAN_POINT('',(42.0951731354638,59.5163875225128,14.));
#8612=CARTESIAN_POINT('',(70.239702961504,47.2524894865984,14.));
#8613=CARTESIAN_POINT('Origin',(69.375924842451,49.1666178420244,14.));
#8614=CARTESIAN_POINT('',(68.4019925713774,41.59659847281,14.));
#8615=CARTESIAN_POINT('',(59.9424764514723,15.5608849781094,14.));
#8616=CARTESIAN_POINT('',(64.6639566199541,39.6919740244347,14.));
#8617=CARTESIAN_POINT('Origin',(66.5780849753801,40.5557521434876,14.));
#8618=CARTESIAN_POINT('',(41.2519967491834,47.2989809138625,14.));
#8619=CARTESIAN_POINT('',(-17.7670490214667,75.9362723610784,14.));
#8620=CARTESIAN_POINT('',(1.60928843346722,49.267031803159,14.));
#8621=CARTESIAN_POINT('',(-18.4233378796147,71.792627588882,14.));
#8622=CARTESIAN_POINT('Origin',(-17.9970526389835,73.8489059974687,14.));
#8623=CARTESIAN_POINT('',(-23.2345261424446,68.2970947056958,14.));
#8624=CARTESIAN_POINT('',(-29.4639338578222,63.7711650761893,14.));
#8625=CARTESIAN_POINT('',(-27.3781709146411,68.9533835638438,14.));
#8626=CARTESIAN_POINT('Origin',(-25.3218925060543,68.5270983232127,14.));
#8627=CARTESIAN_POINT('',(-30.8737037978273,73.7645718266738,14.));
#8628=CARTESIAN_POINT('',(-6.2540670181141,39.8785488745094,14.));
#8629=CARTESIAN_POINT('',(-30.2174149396792,77.9082165988702,14.));
#8630=CARTESIAN_POINT('Origin',(-30.6437001803104,75.8519381902834,14.));
#8631=CARTESIAN_POINT('',(-25.4062266768493,81.4037494820564,14.));
#8632=CARTESIAN_POINT('',(-38.8524167864718,71.6345205277706,14.));
#8633=CARTESIAN_POINT('',(-21.2625819046529,80.7474606239084,14.));
#8634=CARTESIAN_POINT('Origin',(-23.3188603132396,81.1737458645395,14.));
#8635=CARTESIAN_POINT('',(1.60928843346722,49.267031803159,14.));
#8636=CARTESIAN_POINT('',(-84.6423913000001,2.97347787270349,14.));
#8637=CARTESIAN_POINT('',(-84.6423913000001,-1.48673893635172,14.));
#8638=CARTESIAN_POINT('',(-81.6758691727035,5.94000000000003,14.));
#8639=CARTESIAN_POINT('Origin',(-83.2293913000001,4.52700000000003,14.));
#8640=CARTESIAN_POINT('',(-75.7289134272966,5.94000000000003,14.));
#8641=CARTESIAN_POINT('',(-40.8379345863517,5.94000000000003,14.));
#8642=CARTESIAN_POINT('',(-72.7623913,2.97347787270348,14.));
#8643=CARTESIAN_POINT('Origin',(-74.1753913000001,4.52700000000002,14.));
#8644=CARTESIAN_POINT('',(-72.7623913,-2.97347787270345,14.));
#8645=CARTESIAN_POINT('',(-72.7623913,1.48673893635174,14.));
#8646=CARTESIAN_POINT('',(-75.7289134272966,-5.93999999999999,14.));
#8647=CARTESIAN_POINT('Origin',(-74.1753913000001,-4.52699999999999,14.));
#8648=CARTESIAN_POINT('',(-81.6758691727035,-5.93999999999999,14.));
#8649=CARTESIAN_POINT('',(-37.8644567136483,-5.93999999999998,14.));
#8650=CARTESIAN_POINT('',(-84.6423913000001,-2.97347787270345,14.));
#8651=CARTESIAN_POINT('Origin',(-83.2293913000001,-4.52699999999999,14.));
#8652=CARTESIAN_POINT('',(-84.6423913000001,-1.48673893635172,14.));
#8653=CARTESIAN_POINT('',(-21.2625819046524,-80.7474606239093,14.));
#8654=CARTESIAN_POINT('',(3.3570548750612,-46.8614376717443,14.));
#8655=CARTESIAN_POINT('',(-25.4062266768495,-81.4037494820574,14.));
#8656=CARTESIAN_POINT('Origin',(-23.3188603132395,-81.1737458645405,14.));
#8657=CARTESIAN_POINT('',(-30.2174149396803,-77.9082165988707,14.));
#8658=CARTESIAN_POINT('',(-36.4468226550572,-73.3822869693646,14.));
#8659=CARTESIAN_POINT('',(-30.8737037978284,-73.7645718266735,14.));
#8660=CARTESIAN_POINT('Origin',(-30.6437001803115,-75.8519381902836,14.));
#8661=CARTESIAN_POINT('',(-27.3781709146416,-68.9533835638427,14.));
#8662=CARTESIAN_POINT('',(-8.00183345970824,-42.2841430059239,14.));
#8663=CARTESIAN_POINT('',(-23.2345261424445,-68.2970947056946,14.));
#8664=CARTESIAN_POINT('Origin',(-25.3218925060545,-68.5270983232115,14.));
#8665=CARTESIAN_POINT('',(-18.4233378796137,-71.7926275888814,14.));
#8666=CARTESIAN_POINT('',(-31.8695279892368,-62.0233986345952,14.));
#8667=CARTESIAN_POINT('',(-17.7670490214656,-75.9362723610785,14.));
#8668=CARTESIAN_POINT('Origin',(-17.9970526389825,-73.8489059974685,14.));
#8669=CARTESIAN_POINT('',(3.3570548750612,-46.8614376717443,14.));
#8670=CARTESIAN_POINT('',(64.6639566199543,-39.6919740244327,14.));
#8671=CARTESIAN_POINT('',(38.4240512422881,-48.2178361089242,14.));
#8672=CARTESIAN_POINT('',(68.4019925713787,-41.5965984728085,14.));
#8673=CARTESIAN_POINT('Origin',(66.5780849753808,-40.5557521434859,14.));
#8674=CARTESIAN_POINT('',(70.2397029615058,-47.2524894865987,14.));
#8675=CARTESIAN_POINT('',(59.0236212564105,-12.7329394712142,14.));
#8676=CARTESIAN_POINT('',(68.33507851313,-50.9905254380232,14.));
#8677=CARTESIAN_POINT('Origin',(69.3759248424526,-49.1666178420253,14.));
#8678=CARTESIAN_POINT('',(62.6791874993398,-52.8282358281503,14.));
#8679=CARTESIAN_POINT('',(44.9231186423589,-58.5975323274511,14.));
#8680=CARTESIAN_POINT('',(58.9411515479154,-50.9236113797744,14.));
#8681=CARTESIAN_POINT('Origin',(60.7650591439132,-51.9644577090971,14.));
#8682=CARTESIAN_POINT('',(57.1034411577882,-45.2677203659842,14.));
#8683=CARTESIAN_POINT('',(48.6439250378836,-19.232006871285,14.));
#8684=CARTESIAN_POINT('',(59.0080656061641,-41.5296844145598,14.));
#8685=CARTESIAN_POINT('Origin',(57.9672192768414,-43.3535920105577,14.));
#8686=CARTESIAN_POINT('',(38.4240512422881,-48.2178361089242,14.));
#8687=CARTESIAN_POINT('',(50.9236113797729,-58.9411515479169,14.));
#8688=CARTESIAN_POINT('',(16.4040613643897,-47.725069842822,14.));
#8689=CARTESIAN_POINT('',(52.8282358281481,-62.6791874993401,14.));
#8690=CARTESIAN_POINT('Origin',(51.9644577090952,-60.7650591439141,14.));
#8691=CARTESIAN_POINT('',(50.9905254380216,-68.3350785131284,14.));
#8692=CARTESIAN_POINT('',(59.5163875225126,-42.0951731354637,14.));
#8693=CARTESIAN_POINT('',(47.2524894865984,-70.2397029615037,14.));
#8694=CARTESIAN_POINT('Origin',(49.1666178420243,-69.3759248424508,14.));
#8695=CARTESIAN_POINT('',(41.59659847281,-68.4019925713772,14.));
#8696=CARTESIAN_POINT('',(15.5608849781094,-59.9424764514721,14.));
#8697=CARTESIAN_POINT('',(39.6919740244348,-64.6639566199539,14.));
#8698=CARTESIAN_POINT('Origin',(40.5557521434877,-66.5780849753799,14.));
#8699=CARTESIAN_POINT('',(41.5296844145613,-59.0080656061656,14.));
#8700=CARTESIAN_POINT('',(47.2989809138625,-41.2519967491833,14.));
#8701=CARTESIAN_POINT('',(45.2677203659845,-57.1034411577903,14.));
#8702=CARTESIAN_POINT('Origin',(43.3535920105586,-57.9672192768433,14.));
#8703=CARTESIAN_POINT('',(16.4040613643897,-47.725069842822,14.));
#8704=CARTESIAN_POINT('',(-47.2524894865984,-70.2397029615039,14.));
#8705=CARTESIAN_POINT('',(-12.7329394712151,-59.023621256409,14.));
#8706=CARTESIAN_POINT('',(-50.9905254380217,-68.3350785131286,14.));
#8707=CARTESIAN_POINT('Origin',(-49.1666178420244,-69.375924842451,14.));
#8708=CARTESIAN_POINT('',(-52.8282358281484,-62.6791874993401,14.));
#8709=CARTESIAN_POINT('',(-58.5975323274495,-44.923118642358,14.));
#8710=CARTESIAN_POINT('',(-50.923611379773,-58.9411515479167,14.));
#8711=CARTESIAN_POINT('Origin',(-51.9644577090954,-60.765059143914,14.));
#8712=CARTESIAN_POINT('',(-45.2677203659845,-57.1034411577901,14.));
#8713=CARTESIAN_POINT('',(-19.232006871284,-48.643925037885,14.));
#8714=CARTESIAN_POINT('',(-41.5296844145611,-59.0080656061654,14.));
#8715=CARTESIAN_POINT('Origin',(-43.3535920105585,-57.9672192768431,14.));
#8716=CARTESIAN_POINT('',(-39.6919740244346,-64.663956619954,14.));
#8717=CARTESIAN_POINT('',(-48.2178361089257,-38.4240512422891,14.));
#8718=CARTESIAN_POINT('',(-41.5965984728098,-68.4019925713773,14.));
#8719=CARTESIAN_POINT('Origin',(-40.5557521434875,-66.57808497538,14.));
#8720=CARTESIAN_POINT('',(-12.7329394712151,-59.023621256409,14.));
#8721=CARTESIAN_POINT('',(-77.9082165988702,30.2174149396793,14.));
#8722=CARTESIAN_POINT('',(-73.3822869693637,36.4468226550569,14.));
#8723=CARTESIAN_POINT('',(-73.7645718266737,30.8737037978273,14.));
#8724=CARTESIAN_POINT('Origin',(-75.8519381902834,30.6437001803105,14.));
#8725=CARTESIAN_POINT('',(-68.9533835638438,27.3781709146412,14.));
#8726=CARTESIAN_POINT('',(-42.2841430059244,8.00183345970727,14.));
#8727=CARTESIAN_POINT('',(-68.2970947056958,23.2345261424447,14.));
#8728=CARTESIAN_POINT('Origin',(-68.5270983232126,25.3218925060544,14.));
#8729=CARTESIAN_POINT('',(-71.792627588882,18.4233378796148,14.));
#8730=CARTESIAN_POINT('',(-62.0233986345962,31.8695279892372,14.));
#8731=CARTESIAN_POINT('',(-75.9362723610784,17.7670490214668,14.));
#8732=CARTESIAN_POINT('Origin',(-73.8489059974687,17.9970526389836,14.));
#8733=CARTESIAN_POINT('',(-80.7474606239083,21.2625819046529,14.));
#8734=CARTESIAN_POINT('',(-46.861437671744,-3.35705487506022,14.));
#8735=CARTESIAN_POINT('',(-81.4037494820564,25.4062266768494,14.));
#8736=CARTESIAN_POINT('Origin',(-81.1737458645395,23.3188603132397,14.));
#8737=CARTESIAN_POINT('',(-73.3822869693637,36.4468226550569,14.));
#8738=CARTESIAN_POINT('',(5.94000000000006,75.7289134272966,14.));
#8739=CARTESIAN_POINT('',(5.94000000000006,40.8379345863518,14.));
#8740=CARTESIAN_POINT('',(2.9734778727035,72.7623913,14.));
#8741=CARTESIAN_POINT('Origin',(4.52700000000005,74.1753913000001,14.));
#8742=CARTESIAN_POINT('',(-2.97347787270344,72.7623913,14.));
#8743=CARTESIAN_POINT('',(1.48673893635174,72.7623913,14.));
#8744=CARTESIAN_POINT('',(-5.94000000000001,75.7289134272966,14.));
#8745=CARTESIAN_POINT('Origin',(-4.52699999999998,74.1753913000001,14.));
#8746=CARTESIAN_POINT('',(-5.94000000000001,81.6758691727036,14.));
#8747=CARTESIAN_POINT('',(-5.94000000000001,37.8644567136483,14.));
#8748=CARTESIAN_POINT('',(-2.97347787270344,84.6423913000001,14.));
#8749=CARTESIAN_POINT('Origin',(-4.52699999999998,83.2293913000001,14.));
#8750=CARTESIAN_POINT('',(2.9734778727035,84.6423913000001,14.));
#8751=CARTESIAN_POINT('',(-1.48673893635173,84.6423913000001,14.));
#8752=CARTESIAN_POINT('',(5.94000000000006,81.6758691727036,14.));
#8753=CARTESIAN_POINT('Origin',(4.52700000000005,83.2293913000001,14.));
#8754=CARTESIAN_POINT('',(5.94000000000006,40.8379345863518,14.));
#8755=CARTESIAN_POINT('',(68.2970947056956,23.2345261424446,14.));
#8756=CARTESIAN_POINT('',(63.7711650761891,29.4639338578221,14.));
#8757=CARTESIAN_POINT('',(68.9533835638436,27.3781709146412,14.));
#8758=CARTESIAN_POINT('Origin',(68.5270983232124,25.3218925060544,14.));
#8759=CARTESIAN_POINT('',(73.7645718266737,30.8737037978275,14.));
#8760=CARTESIAN_POINT('',(39.8785488745092,6.25406701811427,14.));
#8761=CARTESIAN_POINT('',(77.9082165988702,30.2174149396795,14.));
#8762=CARTESIAN_POINT('Origin',(75.8519381902834,30.6437001803106,14.));
#8763=CARTESIAN_POINT('',(81.4037494820565,25.4062266768494,14.));
#8764=CARTESIAN_POINT('',(71.6345205277707,38.852416786472,14.));
#8765=CARTESIAN_POINT('',(80.7474606239085,21.2625819046528,14.));
#8766=CARTESIAN_POINT('Origin',(81.1737458645397,23.3188603132396,14.));
#8767=CARTESIAN_POINT('',(75.9362723610784,17.7670490214665,14.));
#8768=CARTESIAN_POINT('',(49.2670318031591,-1.60928843346729,14.));
#8769=CARTESIAN_POINT('',(71.7926275888818,18.4233378796146,14.));
#8770=CARTESIAN_POINT('Origin',(73.8489059974686,17.9970526389834,14.));
#8771=CARTESIAN_POINT('',(63.7711650761891,29.4639338578221,14.));
#8772=CARTESIAN_POINT('',(45.2677203659847,57.1034411577906,14.));
#8773=CARTESIAN_POINT('',(19.2320068712838,48.6439250378855,14.));
#8774=CARTESIAN_POINT('',(41.5296844145615,59.0080656061658,14.));
#8775=CARTESIAN_POINT('Origin',(43.3535920105588,57.9672192768435,14.));
#8776=CARTESIAN_POINT('',(39.6919740244351,64.663956619954,14.));
#8777=CARTESIAN_POINT('',(48.2178361089261,38.4240512422894,14.));
#8778=CARTESIAN_POINT('',(41.5965984728103,68.4019925713771,14.));
#8779=CARTESIAN_POINT('Origin',(40.555752143488,66.5780849753799,14.));
#8780=CARTESIAN_POINT('',(47.2524894865984,70.2397029615036,14.));
#8781=CARTESIAN_POINT('',(12.7329394712154,59.0236212564087,14.));
#8782=CARTESIAN_POINT('',(50.9905254380215,68.3350785131284,14.));
#8783=CARTESIAN_POINT('Origin',(49.1666178420243,69.3759248424506,14.));
#8784=CARTESIAN_POINT('',(52.828235828148,62.6791874993402,14.));
#8785=CARTESIAN_POINT('',(58.5975323274493,44.9231186423578,14.));
#8786=CARTESIAN_POINT('',(50.9236113797728,58.9411515479171,14.));
#8787=CARTESIAN_POINT('Origin',(51.9644577090951,60.7650591439143,14.));
#8788=CARTESIAN_POINT('',(19.2320068712838,48.6439250378855,14.));
#8789=CARTESIAN_POINT('',(-41.5965984728102,68.4019925713771,14.));
#8790=CARTESIAN_POINT('',(-15.5608849781094,59.942476451472,14.));
#8791=CARTESIAN_POINT('',(-39.691974024435,64.663956619954,14.));
#8792=CARTESIAN_POINT('Origin',(-40.5557521434879,66.5780849753799,14.));
#8793=CARTESIAN_POINT('',(-41.5296844145615,59.0080656061658,14.));
#8794=CARTESIAN_POINT('',(-47.2989809138627,41.2519967491834,14.));
#8795=CARTESIAN_POINT('',(-45.2677203659846,57.1034411577906,14.));
#8796=CARTESIAN_POINT('Origin',(-43.3535920105587,57.9672192768435,14.));
#8797=CARTESIAN_POINT('',(-50.9236113797728,58.9411515479171,14.));
#8798=CARTESIAN_POINT('',(-16.4040613643897,47.7250698428222,14.));
#8799=CARTESIAN_POINT('',(-52.828235828148,62.6791874993402,14.));
#8800=CARTESIAN_POINT('Origin',(-51.9644577090951,60.7650591439143,14.));
#8801=CARTESIAN_POINT('',(-50.9905254380215,68.3350785131284,14.));
#8802=CARTESIAN_POINT('',(-59.5163875225125,42.0951731354637,14.));
#8803=CARTESIAN_POINT('',(-47.2524894865984,70.2397029615036,14.));
#8804=CARTESIAN_POINT('Origin',(-49.1666178420243,69.3759248424507,14.));
#8805=CARTESIAN_POINT('',(-15.5608849781094,59.942476451472,14.));
#8806=CARTESIAN_POINT('',(-81.4037494820563,-25.4062266768494,14.));
#8807=CARTESIAN_POINT('',(-71.6345205277706,-38.8524167864718,14.));
#8808=CARTESIAN_POINT('',(-80.7474606239083,-21.2625819046529,14.));
#8809=CARTESIAN_POINT('Origin',(-81.1737458645395,-23.3188603132396,14.));
#8810=CARTESIAN_POINT('',(-75.9362723610784,-17.7670490214667,14.));
#8811=CARTESIAN_POINT('',(-49.267031803159,1.60928843346717,14.));
#8812=CARTESIAN_POINT('',(-71.792627588882,-18.4233378796147,14.));
#8813=CARTESIAN_POINT('Origin',(-73.8489059974687,-17.9970526389836,14.));
#8814=CARTESIAN_POINT('',(-68.2970947056958,-23.2345261424447,14.));
#8815=CARTESIAN_POINT('',(-63.7711650761893,-29.4639338578222,14.));
#8816=CARTESIAN_POINT('',(-68.9533835638438,-27.3781709146411,14.));
#8817=CARTESIAN_POINT('Origin',(-68.5270983232126,-25.3218925060544,14.));
#8818=CARTESIAN_POINT('',(-73.7645718266737,-30.8737037978273,14.));
#8819=CARTESIAN_POINT('',(-39.8785488745094,-6.25406701811413,14.));
#8820=CARTESIAN_POINT('',(-77.9082165988702,-30.2174149396793,14.));
#8821=CARTESIAN_POINT('Origin',(-75.8519381902834,-30.6437001803104,14.));
#8822=CARTESIAN_POINT('',(-71.6345205277706,-38.8524167864718,14.));
#8823=CARTESIAN_POINT('',(5.94000000000005,-81.6758691727035,14.));
#8824=CARTESIAN_POINT('',(5.94000000000004,-37.8644567136483,14.));
#8825=CARTESIAN_POINT('',(2.97347787270346,-84.6423913000001,14.));
#8826=CARTESIAN_POINT('Origin',(4.52700000000004,-83.2293913000001,14.));
#8827=CARTESIAN_POINT('',(-2.97347787270351,-84.6423913000001,14.));
#8828=CARTESIAN_POINT('',(1.48673893635174,-84.6423913000001,14.));
#8829=CARTESIAN_POINT('',(-5.9400000000001,-81.6758691727035,14.));
#8830=CARTESIAN_POINT('Origin',(-4.52700000000007,-83.2293913000001,14.));
#8831=CARTESIAN_POINT('',(-5.9400000000001,-75.7289134272965,14.));
#8832=CARTESIAN_POINT('',(-5.94000000000011,-40.8379345863517,14.));
#8833=CARTESIAN_POINT('',(-2.97347787270351,-72.7623912999999,14.));
#8834=CARTESIAN_POINT('Origin',(-4.52700000000007,-74.1753913,14.));
#8835=CARTESIAN_POINT('',(2.97347787270347,-72.7623912999999,14.));
#8836=CARTESIAN_POINT('',(-1.48673893635174,-72.7623912999999,14.));
#8837=CARTESIAN_POINT('',(5.94000000000005,-75.7289134272965,14.));
#8838=CARTESIAN_POINT('Origin',(4.52700000000003,-74.1753913,14.));
#8839=CARTESIAN_POINT('',(5.94000000000004,-37.8644567136483,14.));
#8840=CARTESIAN_POINT('',(71.7926275888819,-18.4233378796148,14.));
#8841=CARTESIAN_POINT('',(62.0233986345961,-31.8695279892372,14.));
#8842=CARTESIAN_POINT('',(75.9362723610783,-17.7670490214668,14.));
#8843=CARTESIAN_POINT('Origin',(73.8489059974686,-17.9970526389836,14.));
#8844=CARTESIAN_POINT('',(80.7474606239083,-21.2625819046529,14.));
#8845=CARTESIAN_POINT('',(46.8614376717439,3.35705487506021,14.));
#8846=CARTESIAN_POINT('',(81.4037494820563,-25.4062266768494,14.));
#8847=CARTESIAN_POINT('Origin',(81.1737458645394,-23.3188603132397,14.));
#8848=CARTESIAN_POINT('',(77.9082165988701,-30.2174149396793,14.));
#8849=CARTESIAN_POINT('',(73.3822869693636,-36.4468226550568,14.));
#8850=CARTESIAN_POINT('',(73.7645718266737,-30.8737037978273,14.));
#8851=CARTESIAN_POINT('Origin',(75.8519381902834,-30.6437001803104,14.));
#8852=CARTESIAN_POINT('',(68.9533835638438,-27.3781709146412,14.));
#8853=CARTESIAN_POINT('',(42.2841430059243,-8.00183345970726,14.));
#8854=CARTESIAN_POINT('',(68.2970947056957,-23.2345261424447,14.));
#8855=CARTESIAN_POINT('Origin',(68.5270983232126,-25.3218925060544,14.));
#8856=CARTESIAN_POINT('',(62.0233986345961,-31.8695279892372,14.));
#8857=CARTESIAN_POINT('',(30.8737037978273,-73.7645718266737,14.));
#8858=CARTESIAN_POINT('',(6.25406701811416,-39.8785488745094,14.));
#8859=CARTESIAN_POINT('',(30.2174149396793,-77.9082165988702,14.));
#8860=CARTESIAN_POINT('Origin',(30.6437001803105,-75.8519381902834,14.));
#8861=CARTESIAN_POINT('',(25.4062266768493,-81.4037494820564,14.));
#8862=CARTESIAN_POINT('',(38.8524167864718,-71.6345205277706,14.));
#8863=CARTESIAN_POINT('',(21.2625819046529,-80.7474606239083,14.));
#8864=CARTESIAN_POINT('Origin',(23.3188603132396,-81.1737458645395,14.));
#8865=CARTESIAN_POINT('',(17.7670490214667,-75.9362723610784,14.));
#8866=CARTESIAN_POINT('',(-1.6092884334672,-49.267031803159,14.));
#8867=CARTESIAN_POINT('',(18.4233378796147,-71.7926275888819,14.));
#8868=CARTESIAN_POINT('Origin',(17.9970526389835,-73.8489059974687,14.));
#8869=CARTESIAN_POINT('',(23.2345261424447,-68.2970947056957,14.));
#8870=CARTESIAN_POINT('',(29.4639338578222,-63.7711650761892,14.));
#8871=CARTESIAN_POINT('',(27.3781709146411,-68.9533835638437,14.));
#8872=CARTESIAN_POINT('Origin',(25.3218925060544,-68.5270983232126,14.));
#8873=CARTESIAN_POINT('',(6.25406701811416,-39.8785488745094,14.));
#8874=CARTESIAN_POINT('',(-68.3350785131296,-50.9905254380227,14.));
#8875=CARTESIAN_POINT('',(-42.0951731354638,-59.5163875225141,14.));
#8876=CARTESIAN_POINT('',(-70.2397029615053,-47.2524894865986,14.));
#8877=CARTESIAN_POINT('Origin',(-69.3759248424522,-49.166617842025,14.));
#8878=CARTESIAN_POINT('',(-68.4019925713783,-41.5965984728089,14.));
#8879=CARTESIAN_POINT('',(-59.9424764514736,-15.5608849781093,14.));
#8880=CARTESIAN_POINT('',(-64.6639566199542,-39.6919740244332,14.));
#8881=CARTESIAN_POINT('Origin',(-66.5780849753806,-40.5557521434863,14.));
#8882=CARTESIAN_POINT('',(-59.0080656061645,-41.5296844145602,14.));
#8883=CARTESIAN_POINT('',(-41.2519967491833,-47.2989809138611,14.));
#8884=CARTESIAN_POINT('',(-57.1034411577888,-45.2677203659843,14.));
#8885=CARTESIAN_POINT('Origin',(-57.9672192768419,-43.3535920105579,14.));
#8886=CARTESIAN_POINT('',(-58.9411515479158,-50.923611379774,14.));
#8887=CARTESIAN_POINT('',(-47.7250698428206,-16.4040613643899,14.));
#8888=CARTESIAN_POINT('',(-62.6791874993399,-52.8282358281497,14.));
#8889=CARTESIAN_POINT('Origin',(-60.7650591439135,-51.9644577090966,14.));
#8890=CARTESIAN_POINT('',(-42.0951731354638,-59.5163875225141,14.));
#8891=CARTESIAN_POINT('',(-62.6791874993402,52.828235828148,14.));
#8892=CARTESIAN_POINT('',(-44.9231186423578,58.5975323274493,14.));
#8893=CARTESIAN_POINT('',(-58.941151547917,50.9236113797728,14.));
#8894=CARTESIAN_POINT('Origin',(-60.7650591439142,51.9644577090951,14.));
#8895=CARTESIAN_POINT('',(-57.1034411577905,45.2677203659846,14.));
#8896=CARTESIAN_POINT('',(-48.6439250378854,19.2320068712839,14.));
#8897=CARTESIAN_POINT('',(-59.0080656061657,41.5296844145614,14.));
#8898=CARTESIAN_POINT('Origin',(-57.9672192768434,43.3535920105587,14.));
#8899=CARTESIAN_POINT('',(-64.663956619954,39.6919740244349,14.));
#8900=CARTESIAN_POINT('',(-38.4240512422893,48.217836108926,14.));
#8901=CARTESIAN_POINT('',(-68.4019925713771,41.5965984728102,14.));
#8902=CARTESIAN_POINT('Origin',(-66.5780849753799,40.5557521434879,14.));
#8903=CARTESIAN_POINT('',(-70.2397029615036,47.2524894865984,14.));
#8904=CARTESIAN_POINT('',(-59.0236212564087,12.7329394712153,14.));
#8905=CARTESIAN_POINT('',(-68.3350785131284,50.9905254380215,14.));
#8906=CARTESIAN_POINT('Origin',(-69.3759248424507,49.1666178420243,14.));
#8907=CARTESIAN_POINT('',(-44.9231186423578,58.5975323274493,14.));
#8908=CARTESIAN_POINT('',(27.3781709146412,68.9533835638437,14.));
#8909=CARTESIAN_POINT('',(8.00183345970735,42.2841430059243,14.));
#8910=CARTESIAN_POINT('',(23.2345261424447,68.2970947056957,14.));
#8911=CARTESIAN_POINT('Origin',(25.3218925060545,68.5270983232126,14.));
#8912=CARTESIAN_POINT('',(18.4233378796148,71.7926275888819,14.));
#8913=CARTESIAN_POINT('',(31.8695279892372,62.0233986345961,14.));
#8914=CARTESIAN_POINT('',(17.7670490214667,75.9362723610784,14.));
#8915=CARTESIAN_POINT('Origin',(17.9970526389836,73.8489059974687,14.));
#8916=CARTESIAN_POINT('',(21.2625819046529,80.7474606239084,14.));
#8917=CARTESIAN_POINT('',(-3.35705487506027,46.861437671744,14.));
#8918=CARTESIAN_POINT('',(25.4062266768494,81.4037494820564,14.));
#8919=CARTESIAN_POINT('Origin',(23.3188603132397,81.1737458645396,14.));
#8920=CARTESIAN_POINT('',(30.2174149396794,77.9082165988702,14.));
#8921=CARTESIAN_POINT('',(36.4468226550569,73.3822869693637,14.));
#8922=CARTESIAN_POINT('',(30.8737037978274,73.7645718266737,14.));
#8923=CARTESIAN_POINT('Origin',(30.6437001803106,75.8519381902835,14.));
#8924=CARTESIAN_POINT('',(8.00183345970735,42.2841430059243,14.));
#8925=CARTESIAN_POINT('',(72.7623913,2.97347787270346,14.));
#8926=CARTESIAN_POINT('',(72.7623913,-1.48673893635173,14.));
#8927=CARTESIAN_POINT('',(75.7289134272966,5.94000000000003,14.));
#8928=CARTESIAN_POINT('Origin',(74.1753913,4.52700000000003,14.));
#8929=CARTESIAN_POINT('',(81.6758691727035,5.94000000000003,14.));
#8930=CARTESIAN_POINT('',(37.8644567136483,5.94000000000002,14.));
#8931=CARTESIAN_POINT('',(84.6423913000001,2.97347787270349,14.));
#8932=CARTESIAN_POINT('Origin',(83.2293913000001,4.52700000000002,14.));
#8933=CARTESIAN_POINT('',(84.6423913000001,-2.97347787270349,14.));
#8934=CARTESIAN_POINT('',(84.6423913000001,1.48673893635175,14.));
#8935=CARTESIAN_POINT('',(81.6758691727035,-5.94000000000003,14.));
#8936=CARTESIAN_POINT('Origin',(83.2293913000001,-4.52700000000002,14.));
#8937=CARTESIAN_POINT('',(75.7289134272966,-5.94000000000003,14.));
#8938=CARTESIAN_POINT('',(40.8379345863518,-5.94000000000005,14.));
#8939=CARTESIAN_POINT('',(72.7623913,-2.97347787270347,14.));
#8940=CARTESIAN_POINT('Origin',(74.1753913000001,-4.52700000000003,14.));
#8941=CARTESIAN_POINT('',(72.7623913,-1.48673893635173,14.));
#8942=CARTESIAN_POINT('',(60.,7.34788079488412E-15,14.));
#8943=CARTESIAN_POINT('Origin',(0.,0.,14.));
#8944=CARTESIAN_POINT('Origin',(62.6791874993402,52.8282358281483,14.));
#8945=CARTESIAN_POINT('',(62.6791874993402,52.8282358281483,2.));
#8946=CARTESIAN_POINT('',(62.6791874993402,52.8282358281483,14.));
#8947=CARTESIAN_POINT('',(68.3350785131287,50.9905254380217,2.));
#8948=CARTESIAN_POINT('',(71.1564087130279,50.0738196864977,2.));
#8949=CARTESIAN_POINT('',(68.3350785131287,50.9905254380217,14.));
#8950=CARTESIAN_POINT('Origin',(60.7650591439142,51.9644577090953,14.));
#8951=CARTESIAN_POINT('',(58.9411515479169,50.923611379773,2.));
#8952=CARTESIAN_POINT('',(58.9411515479169,50.923611379773,14.));
#8953=CARTESIAN_POINT('Origin',(60.7650591439142,51.9644577090953,2.));
#8954=CARTESIAN_POINT('Origin',(57.1034411577904,45.2677203659846,14.));
#8955=CARTESIAN_POINT('',(57.1034411577904,45.2677203659846,2.));
#8956=CARTESIAN_POINT('',(57.1034411577904,45.2677203659846,14.));
#8957=CARTESIAN_POINT('',(59.8578572994409,53.7449415796723,2.));
#8958=CARTESIAN_POINT('Origin',(57.9672192768433,43.3535920105586,14.));
#8959=CARTESIAN_POINT('',(59.0080656061657,41.5296844145613,2.));
#8960=CARTESIAN_POINT('',(59.0080656061657,41.5296844145613,14.));
#8961=CARTESIAN_POINT('Origin',(57.9672192768433,43.3535920105586,2.));
#8962=CARTESIAN_POINT('Origin',(64.6639566199541,39.6919740244347,14.));
#8963=CARTESIAN_POINT('',(64.6639566199541,39.6919740244347,2.));
#8964=CARTESIAN_POINT('',(64.6639566199541,39.6919740244347,14.));
#8965=CARTESIAN_POINT('',(56.1867354062664,42.4463901660853,2.));
#8966=CARTESIAN_POINT('Origin',(66.5780849753801,40.5557521434876,14.));
#8967=CARTESIAN_POINT('',(68.4019925713774,41.59659847281,2.));
#8968=CARTESIAN_POINT('',(68.4019925713774,41.59659847281,14.));
#8969=CARTESIAN_POINT('Origin',(66.5780849753801,40.5557521434876,2.));
#8970=CARTESIAN_POINT('Origin',(70.2397029615039,47.2524894865984,14.));
#8971=CARTESIAN_POINT('',(70.239702961504,47.2524894865984,2.));
#8972=CARTESIAN_POINT('',(70.239702961504,47.2524894865984,14.));
#8973=CARTESIAN_POINT('',(67.4852868198534,38.7752682729107,2.));
#8974=CARTESIAN_POINT('Origin',(69.375924842451,49.1666178420244,14.));
#8975=CARTESIAN_POINT('Origin',(69.375924842451,49.1666178420244,2.));
#8976=CARTESIAN_POINT('Origin',(63.6715720596471,46.2601049262915,2.));
#8977=CARTESIAN_POINT('Origin',(-21.2625819046529,80.7474606239084,14.));
#8978=CARTESIAN_POINT('',(-21.2625819046529,80.7474606239084,2.));
#8979=CARTESIAN_POINT('',(-21.2625819046529,80.7474606239084,14.));
#8980=CARTESIAN_POINT('',(-17.7670490214667,75.9362723610784,2.));
#8981=CARTESIAN_POINT('',(-16.0233710644425,73.5363055459062,2.));
#8982=CARTESIAN_POINT('',(-17.7670490214667,75.9362723610784,14.));
#8983=CARTESIAN_POINT('Origin',(-23.3188603132396,81.1737458645395,14.));
#8984=CARTESIAN_POINT('',(-25.4062266768493,81.4037494820564,2.));
#8985=CARTESIAN_POINT('',(-25.4062266768493,81.4037494820564,14.));
#8986=CARTESIAN_POINT('Origin',(-23.3188603132396,81.1737458645395,2.));
#8987=CARTESIAN_POINT('Origin',(-30.2174149396792,77.9082165988702,14.));
#8988=CARTESIAN_POINT('',(-30.2174149396792,77.9082165988702,2.));
#8989=CARTESIAN_POINT('',(-30.2174149396792,77.9082165988702,14.));
#8990=CARTESIAN_POINT('',(-23.0062598616771,83.1474274390806,2.));
#8991=CARTESIAN_POINT('Origin',(-30.6437001803104,75.8519381902834,14.));
#8992=CARTESIAN_POINT('',(-30.8737037978273,73.7645718266738,2.));
#8993=CARTESIAN_POINT('',(-30.8737037978273,73.7645718266738,14.));
#8994=CARTESIAN_POINT('Origin',(-30.6437001803104,75.8519381902834,2.));
#8995=CARTESIAN_POINT('Origin',(-27.3781709146411,68.9533835638438,14.));
#8996=CARTESIAN_POINT('',(-27.3781709146411,68.9533835638438,2.));
#8997=CARTESIAN_POINT('',(-27.3781709146411,68.9533835638438,14.));
#8998=CARTESIAN_POINT('',(-32.6173817548515,76.164538641846,2.));
#8999=CARTESIAN_POINT('Origin',(-25.3218925060543,68.5270983232127,14.));
#9000=CARTESIAN_POINT('',(-23.2345261424446,68.2970947056958,2.));
#9001=CARTESIAN_POINT('',(-23.2345261424446,68.2970947056958,14.));
#9002=CARTESIAN_POINT('Origin',(-25.3218925060543,68.5270983232127,2.));
#9003=CARTESIAN_POINT('Origin',(-18.4233378796147,71.792627588882,14.));
#9004=CARTESIAN_POINT('',(-18.4233378796147,71.792627588882,2.));
#9005=CARTESIAN_POINT('',(-18.4233378796147,71.792627588882,14.));
#9006=CARTESIAN_POINT('',(-25.6344929576169,66.5534167486716,2.));
#9007=CARTESIAN_POINT('Origin',(-17.9970526389835,73.8489059974687,14.));
#9008=CARTESIAN_POINT('Origin',(-17.9970526389835,73.8489059974687,2.));
#9009=CARTESIAN_POINT('Origin',(-24.320376409647,74.8504220938761,2.));
#9010=CARTESIAN_POINT('Origin',(-81.6758691727035,5.94000000000003,14.));
#9011=CARTESIAN_POINT('',(-81.6758691727035,5.94000000000003,2.));
#9012=CARTESIAN_POINT('',(-81.6758691727035,5.94000000000003,14.));
#9013=CARTESIAN_POINT('',(-75.7289134272966,5.94000000000003,2.));
#9014=CARTESIAN_POINT('',(-72.7623913,5.94000000000003,2.));
#9015=CARTESIAN_POINT('',(-75.7289134272966,5.94000000000003,14.));
#9016=CARTESIAN_POINT('Origin',(-83.2293913000001,4.52700000000003,14.));
#9017=CARTESIAN_POINT('',(-84.6423913000001,2.97347787270349,2.));
#9018=CARTESIAN_POINT('',(-84.6423913000001,2.97347787270349,14.));
#9019=CARTESIAN_POINT('Origin',(-83.2293913000001,4.52700000000003,2.));
#9020=CARTESIAN_POINT('Origin',(-84.6423913000001,-2.97347787270345,14.));
#9021=CARTESIAN_POINT('',(-84.6423913000001,-2.97347787270345,2.));
#9022=CARTESIAN_POINT('',(-84.6423913000001,-2.97347787270345,14.));
#9023=CARTESIAN_POINT('',(-84.6423913000001,5.94000000000003,2.));
#9024=CARTESIAN_POINT('Origin',(-83.2293913000001,-4.52699999999999,14.));
#9025=CARTESIAN_POINT('',(-81.6758691727035,-5.93999999999999,2.));
#9026=CARTESIAN_POINT('',(-81.6758691727035,-5.93999999999999,14.));
#9027=CARTESIAN_POINT('Origin',(-83.2293913000001,-4.52699999999999,2.));
#9028=CARTESIAN_POINT('Origin',(-75.7289134272966,-5.93999999999999,14.));
#9029=CARTESIAN_POINT('',(-75.7289134272966,-5.93999999999999,2.));
#9030=CARTESIAN_POINT('',(-75.7289134272966,-5.93999999999999,14.));
#9031=CARTESIAN_POINT('',(-84.6423913000001,-5.93999999999999,2.));
#9032=CARTESIAN_POINT('Origin',(-74.1753913000001,-4.52699999999999,14.));
#9033=CARTESIAN_POINT('',(-72.7623913,-2.97347787270345,2.));
#9034=CARTESIAN_POINT('',(-72.7623913,-2.97347787270345,14.));
#9035=CARTESIAN_POINT('Origin',(-74.1753913000001,-4.52699999999999,2.));
#9036=CARTESIAN_POINT('Origin',(-72.7623913,2.97347787270348,14.));
#9037=CARTESIAN_POINT('',(-72.7623913,2.97347787270348,2.));
#9038=CARTESIAN_POINT('',(-72.7623913,2.97347787270348,14.));
#9039=CARTESIAN_POINT('',(-72.7623913,-5.93999999999999,2.));
#9040=CARTESIAN_POINT('Origin',(-74.1753913000001,4.52700000000002,14.));
#9041=CARTESIAN_POINT('Origin',(-74.1753913000001,4.52700000000002,2.));
#9042=CARTESIAN_POINT('Origin',(-78.7023913,1.83186799063151E-14,2.));
#9043=CARTESIAN_POINT('Origin',(-30.8737037978284,-73.7645718266735,14.));
#9044=CARTESIAN_POINT('',(-30.8737037978284,-73.7645718266735,2.));
#9045=CARTESIAN_POINT('',(-30.8737037978284,-73.7645718266735,14.));
#9046=CARTESIAN_POINT('',(-27.3781709146416,-68.9533835638427,2.));
#9047=CARTESIAN_POINT('',(-25.6344929576171,-66.5534167486701,2.));
#9048=CARTESIAN_POINT('',(-27.3781709146416,-68.9533835638427,14.));
#9049=CARTESIAN_POINT('Origin',(-30.6437001803115,-75.8519381902836,14.));
#9050=CARTESIAN_POINT('',(-30.2174149396803,-77.9082165988707,2.));
#9051=CARTESIAN_POINT('',(-30.2174149396803,-77.9082165988707,14.));
#9052=CARTESIAN_POINT('Origin',(-30.6437001803115,-75.8519381902836,2.));
#9053=CARTESIAN_POINT('Origin',(-25.4062266768495,-81.4037494820574,14.));
#9054=CARTESIAN_POINT('',(-25.4062266768495,-81.4037494820574,2.));
#9055=CARTESIAN_POINT('',(-25.4062266768495,-81.4037494820574,14.));
#9056=CARTESIAN_POINT('',(-32.6173817548529,-76.1645386418461,2.));
#9057=CARTESIAN_POINT('Origin',(-23.3188603132395,-81.1737458645405,14.));
#9058=CARTESIAN_POINT('',(-21.2625819046524,-80.7474606239093,2.));
#9059=CARTESIAN_POINT('',(-21.2625819046524,-80.7474606239093,14.));
#9060=CARTESIAN_POINT('Origin',(-23.3188603132395,-81.1737458645405,2.));
#9061=CARTESIAN_POINT('Origin',(-17.7670490214656,-75.9362723610785,14.));
#9062=CARTESIAN_POINT('',(-17.7670490214656,-75.9362723610785,2.));
#9063=CARTESIAN_POINT('',(-17.7670490214656,-75.9362723610785,14.));
#9064=CARTESIAN_POINT('',(-23.0062598616769,-83.147427439082,2.));
#9065=CARTESIAN_POINT('Origin',(-17.9970526389825,-73.8489059974685,14.));
#9066=CARTESIAN_POINT('',(-18.4233378796137,-71.7926275888814,2.));
#9067=CARTESIAN_POINT('',(-18.4233378796137,-71.7926275888814,14.));
#9068=CARTESIAN_POINT('Origin',(-17.9970526389825,-73.8489059974685,2.));
#9069=CARTESIAN_POINT('Origin',(-23.2345261424445,-68.2970947056946,14.));
#9070=CARTESIAN_POINT('',(-23.2345261424445,-68.2970947056946,2.));
#9071=CARTESIAN_POINT('',(-23.2345261424445,-68.2970947056946,14.));
#9072=CARTESIAN_POINT('',(-16.0233710644411,-73.5363055459059,2.));
#9073=CARTESIAN_POINT('Origin',(-25.3218925060545,-68.5270983232115,14.));
#9074=CARTESIAN_POINT('Origin',(-25.3218925060545,-68.5270983232115,2.));
#9075=CARTESIAN_POINT('Origin',(-24.320376409647,-74.850422093876,2.));
#9076=CARTESIAN_POINT('Origin',(68.33507851313,-50.9905254380232,14.));
#9077=CARTESIAN_POINT('',(68.33507851313,-50.9905254380232,2.));
#9078=CARTESIAN_POINT('',(68.33507851313,-50.9905254380232,14.));
#9079=CARTESIAN_POINT('',(62.6791874993398,-52.8282358281503,2.));
#9080=CARTESIAN_POINT('',(59.8578572994396,-53.7449415796746,2.));
#9081=CARTESIAN_POINT('',(62.6791874993398,-52.8282358281503,14.));
#9082=CARTESIAN_POINT('Origin',(69.3759248424526,-49.1666178420253,14.));
#9083=CARTESIAN_POINT('',(70.2397029615058,-47.2524894865987,2.));
#9084=CARTESIAN_POINT('',(70.2397029615058,-47.2524894865987,14.));
#9085=CARTESIAN_POINT('Origin',(69.3759248424526,-49.1666178420253,2.));
#9086=CARTESIAN_POINT('Origin',(68.4019925713787,-41.5965984728085,14.));
#9087=CARTESIAN_POINT('',(68.4019925713787,-41.5965984728085,2.));
#9088=CARTESIAN_POINT('',(68.4019925713787,-41.5965984728085,14.));
#9089=CARTESIAN_POINT('',(71.1564087130301,-50.0738196864989,2.));
#9090=CARTESIAN_POINT('Origin',(66.5780849753808,-40.5557521434859,14.));
#9091=CARTESIAN_POINT('',(64.6639566199543,-39.6919740244327,2.));
#9092=CARTESIAN_POINT('',(64.6639566199543,-39.6919740244327,14.));
#9093=CARTESIAN_POINT('Origin',(66.5780849753808,-40.5557521434859,2.));
#9094=CARTESIAN_POINT('Origin',(59.0080656061641,-41.5296844145598,14.));
#9095=CARTESIAN_POINT('',(59.0080656061641,-41.5296844145598,2.));
#9096=CARTESIAN_POINT('',(59.0080656061641,-41.5296844145598,14.));
#9097=CARTESIAN_POINT('',(67.4852868198544,-38.7752682729084,2.));
#9098=CARTESIAN_POINT('Origin',(57.9672192768414,-43.3535920105577,14.));
#9099=CARTESIAN_POINT('',(57.1034411577882,-45.2677203659842,2.));
#9100=CARTESIAN_POINT('',(57.1034411577882,-45.2677203659842,14.));
#9101=CARTESIAN_POINT('Origin',(57.9672192768414,-43.3535920105577,2.));
#9102=CARTESIAN_POINT('Origin',(58.9411515479154,-50.9236113797744,14.));
#9103=CARTESIAN_POINT('',(58.9411515479154,-50.9236113797744,2.));
#9104=CARTESIAN_POINT('',(58.9411515479154,-50.9236113797744,14.));
#9105=CARTESIAN_POINT('',(56.1867354062639,-42.4463901660841,2.));
#9106=CARTESIAN_POINT('Origin',(60.7650591439132,-51.9644577090971,14.));
#9107=CARTESIAN_POINT('Origin',(60.7650591439132,-51.9644577090971,2.));
#9108=CARTESIAN_POINT('Origin',(63.671572059647,-46.2601049262915,2.));
#9109=CARTESIAN_POINT('Origin',(49.1666178420243,-69.3759248424508,14.));
#9110=CARTESIAN_POINT('',(50.9905254380216,-68.3350785131284,2.));
#9111=CARTESIAN_POINT('',(50.9905254380216,-68.3350785131284,14.));
#9112=CARTESIAN_POINT('',(47.2524894865984,-70.2397029615037,2.));
#9113=CARTESIAN_POINT('Origin',(49.1666178420243,-69.3759248424508,2.));
#9114=CARTESIAN_POINT('',(47.2524894865984,-70.2397029615037,14.));
#9115=CARTESIAN_POINT('Origin',(52.8282358281481,-62.6791874993401,14.));
#9116=CARTESIAN_POINT('',(52.8282358281481,-62.6791874993401,2.));
#9117=CARTESIAN_POINT('',(52.8282358281481,-62.6791874993401,14.));
#9118=CARTESIAN_POINT('',(50.0738196864976,-71.1564087130277,2.));
#9119=CARTESIAN_POINT('Origin',(51.9644577090952,-60.7650591439141,14.));
#9120=CARTESIAN_POINT('',(50.9236113797729,-58.9411515479169,2.));
#9121=CARTESIAN_POINT('',(50.9236113797729,-58.9411515479169,14.));
#9122=CARTESIAN_POINT('Origin',(51.9644577090952,-60.7650591439141,2.));
#9123=CARTESIAN_POINT('Origin',(45.2677203659845,-57.1034411577903,14.));
#9124=CARTESIAN_POINT('',(45.2677203659845,-57.1034411577903,2.));
#9125=CARTESIAN_POINT('',(45.2677203659845,-57.1034411577903,14.));
#9126=CARTESIAN_POINT('',(53.7449415796721,-59.8578572994409,2.));
#9127=CARTESIAN_POINT('Origin',(43.3535920105586,-57.9672192768433,14.));
#9128=CARTESIAN_POINT('',(41.5296844145613,-59.0080656061656,2.));
#9129=CARTESIAN_POINT('',(41.5296844145613,-59.0080656061656,14.));
#9130=CARTESIAN_POINT('Origin',(43.3535920105586,-57.9672192768433,2.));
#9131=CARTESIAN_POINT('Origin',(39.6919740244348,-64.6639566199539,14.));
#9132=CARTESIAN_POINT('',(39.6919740244348,-64.6639566199539,2.));
#9133=CARTESIAN_POINT('',(39.6919740244348,-64.6639566199539,14.));
#9134=CARTESIAN_POINT('',(42.4463901660853,-56.1867354062663,2.));
#9135=CARTESIAN_POINT('Origin',(40.5557521434877,-66.5780849753799,14.));
#9136=CARTESIAN_POINT('',(41.59659847281,-68.4019925713772,2.));
#9137=CARTESIAN_POINT('',(41.59659847281,-68.4019925713772,14.));
#9138=CARTESIAN_POINT('Origin',(40.5557521434877,-66.5780849753799,2.));
#9139=CARTESIAN_POINT('Origin',(47.2524894865984,-70.2397029615037,14.));
#9140=CARTESIAN_POINT('',(38.7752682729108,-67.4852868198532,2.));
#9141=CARTESIAN_POINT('Origin',(46.2601049262914,-63.671572059647,2.));
#9142=CARTESIAN_POINT('Origin',(-41.5965984728098,-68.4019925713773,14.));
#9143=CARTESIAN_POINT('',(-41.5965984728098,-68.4019925713773,2.));
#9144=CARTESIAN_POINT('',(-41.5965984728098,-68.4019925713773,14.));
#9145=CARTESIAN_POINT('',(-47.2524894865984,-70.2397029615039,2.));
#9146=CARTESIAN_POINT('',(-50.0738196864977,-71.1564087130279,2.));
#9147=CARTESIAN_POINT('',(-47.2524894865984,-70.2397029615039,14.));
#9148=CARTESIAN_POINT('Origin',(-40.5557521434875,-66.57808497538,14.));
#9149=CARTESIAN_POINT('',(-39.6919740244346,-64.663956619954,2.));
#9150=CARTESIAN_POINT('',(-39.6919740244346,-64.663956619954,14.));
#9151=CARTESIAN_POINT('Origin',(-40.5557521434875,-66.57808497538,2.));
#9152=CARTESIAN_POINT('Origin',(-41.5296844145611,-59.0080656061654,14.));
#9153=CARTESIAN_POINT('',(-41.5296844145611,-59.0080656061654,2.));
#9154=CARTESIAN_POINT('',(-41.5296844145611,-59.0080656061654,14.));
#9155=CARTESIAN_POINT('',(-38.7752682729105,-67.4852868198533,2.));
#9156=CARTESIAN_POINT('Origin',(-43.3535920105585,-57.9672192768431,14.));
#9157=CARTESIAN_POINT('',(-45.2677203659845,-57.1034411577901,2.));
#9158=CARTESIAN_POINT('',(-45.2677203659845,-57.1034411577901,14.));
#9159=CARTESIAN_POINT('Origin',(-43.3535920105585,-57.9672192768431,2.));
#9160=CARTESIAN_POINT('Origin',(-50.923611379773,-58.9411515479167,14.));
#9161=CARTESIAN_POINT('',(-50.923611379773,-58.9411515479167,2.));
#9162=CARTESIAN_POINT('',(-50.923611379773,-58.9411515479167,14.));
#9163=CARTESIAN_POINT('',(-42.4463901660852,-56.1867354062661,2.));
#9164=CARTESIAN_POINT('Origin',(-51.9644577090954,-60.765059143914,14.));
#9165=CARTESIAN_POINT('',(-52.8282358281484,-62.6791874993401,2.));
#9166=CARTESIAN_POINT('',(-52.8282358281484,-62.6791874993401,14.));
#9167=CARTESIAN_POINT('Origin',(-51.9644577090954,-60.765059143914,2.));
#9168=CARTESIAN_POINT('Origin',(-50.9905254380217,-68.3350785131286,14.));
#9169=CARTESIAN_POINT('',(-50.9905254380217,-68.3350785131286,2.));
#9170=CARTESIAN_POINT('',(-50.9905254380217,-68.3350785131286,14.));
#9171=CARTESIAN_POINT('',(-53.7449415796724,-59.8578572994407,2.));
#9172=CARTESIAN_POINT('Origin',(-49.1666178420244,-69.375924842451,14.));
#9173=CARTESIAN_POINT('Origin',(-49.1666178420244,-69.375924842451,2.));
#9174=CARTESIAN_POINT('Origin',(-46.2601049262914,-63.671572059647,2.));
#9175=CARTESIAN_POINT('Origin',(-73.7645718266737,30.8737037978273,14.));
#9176=CARTESIAN_POINT('',(-73.7645718266737,30.8737037978273,2.));
#9177=CARTESIAN_POINT('',(-73.7645718266737,30.8737037978273,14.));
#9178=CARTESIAN_POINT('',(-68.9533835638438,27.3781709146412,2.));
#9179=CARTESIAN_POINT('',(-66.5534167486716,25.6344929576169,2.));
#9180=CARTESIAN_POINT('',(-68.9533835638438,27.3781709146412,14.));
#9181=CARTESIAN_POINT('Origin',(-75.8519381902834,30.6437001803105,14.));
#9182=CARTESIAN_POINT('',(-77.9082165988702,30.2174149396793,2.));
#9183=CARTESIAN_POINT('',(-77.9082165988702,30.2174149396793,14.));
#9184=CARTESIAN_POINT('Origin',(-75.8519381902834,30.6437001803105,2.));
#9185=CARTESIAN_POINT('Origin',(-81.4037494820564,25.4062266768494,14.));
#9186=CARTESIAN_POINT('',(-81.4037494820564,25.4062266768494,2.));
#9187=CARTESIAN_POINT('',(-81.4037494820564,25.4062266768494,14.));
#9188=CARTESIAN_POINT('',(-76.164538641846,32.6173817548515,2.));
#9189=CARTESIAN_POINT('Origin',(-81.1737458645395,23.3188603132397,14.));
#9190=CARTESIAN_POINT('',(-80.7474606239083,21.2625819046529,2.));
#9191=CARTESIAN_POINT('',(-80.7474606239083,21.2625819046529,14.));
#9192=CARTESIAN_POINT('Origin',(-81.1737458645395,23.3188603132397,2.));
#9193=CARTESIAN_POINT('Origin',(-75.9362723610784,17.7670490214668,14.));
#9194=CARTESIAN_POINT('',(-75.9362723610784,17.7670490214668,2.));
#9195=CARTESIAN_POINT('',(-75.9362723610784,17.7670490214668,14.));
#9196=CARTESIAN_POINT('',(-83.1474274390806,23.0062598616771,2.));
#9197=CARTESIAN_POINT('Origin',(-73.8489059974687,17.9970526389836,14.));
#9198=CARTESIAN_POINT('',(-71.792627588882,18.4233378796148,2.));
#9199=CARTESIAN_POINT('',(-71.792627588882,18.4233378796148,14.));
#9200=CARTESIAN_POINT('Origin',(-73.8489059974687,17.9970526389836,2.));
#9201=CARTESIAN_POINT('Origin',(-68.2970947056958,23.2345261424447,14.));
#9202=CARTESIAN_POINT('',(-68.2970947056958,23.2345261424447,2.));
#9203=CARTESIAN_POINT('',(-68.2970947056958,23.2345261424447,14.));
#9204=CARTESIAN_POINT('',(-73.5363055459061,16.0233710644425,2.));
#9205=CARTESIAN_POINT('Origin',(-68.5270983232126,25.3218925060544,14.));
#9206=CARTESIAN_POINT('Origin',(-68.5270983232126,25.3218925060544,2.));
#9207=CARTESIAN_POINT('Origin',(-74.8504220938761,24.320376409647,2.));
#9208=CARTESIAN_POINT('Origin',(2.9734778727035,72.7623913,14.));
#9209=CARTESIAN_POINT('',(2.9734778727035,72.7623913,2.));
#9210=CARTESIAN_POINT('',(2.9734778727035,72.7623913,14.));
#9211=CARTESIAN_POINT('',(-2.97347787270344,72.7623913,2.));
#9212=CARTESIAN_POINT('',(-5.94000000000001,72.7623913,2.));
#9213=CARTESIAN_POINT('',(-2.97347787270344,72.7623913,14.));
#9214=CARTESIAN_POINT('Origin',(4.52700000000005,74.1753913000001,14.));
#9215=CARTESIAN_POINT('',(5.94000000000006,75.7289134272966,2.));
#9216=CARTESIAN_POINT('',(5.94000000000006,75.7289134272966,14.));
#9217=CARTESIAN_POINT('Origin',(4.52700000000005,74.1753913000001,2.));
#9218=CARTESIAN_POINT('Origin',(5.94000000000006,81.6758691727036,14.));
#9219=CARTESIAN_POINT('',(5.94000000000005,81.6758691727036,2.));
#9220=CARTESIAN_POINT('',(5.94000000000006,81.6758691727036,14.));
#9221=CARTESIAN_POINT('',(5.94000000000006,72.7623913000001,2.));
#9222=CARTESIAN_POINT('Origin',(4.52700000000005,83.2293913000001,14.));
#9223=CARTESIAN_POINT('',(2.9734778727035,84.6423913000001,2.));
#9224=CARTESIAN_POINT('',(2.9734778727035,84.6423913000001,14.));
#9225=CARTESIAN_POINT('Origin',(4.52700000000005,83.2293913000001,2.));
#9226=CARTESIAN_POINT('Origin',(-2.97347787270344,84.6423913000001,14.));
#9227=CARTESIAN_POINT('',(-2.97347787270344,84.6423913000001,2.));
#9228=CARTESIAN_POINT('',(-2.97347787270344,84.6423913000001,14.));
#9229=CARTESIAN_POINT('',(5.94000000000006,84.6423913000001,2.));
#9230=CARTESIAN_POINT('Origin',(-4.52699999999998,83.2293913000001,14.));
#9231=CARTESIAN_POINT('',(-5.94000000000001,81.6758691727036,2.));
#9232=CARTESIAN_POINT('',(-5.94000000000001,81.6758691727036,14.));
#9233=CARTESIAN_POINT('Origin',(-4.52699999999998,83.2293913000001,2.));
#9234=CARTESIAN_POINT('Origin',(-5.94000000000001,75.7289134272966,14.));
#9235=CARTESIAN_POINT('',(-5.94000000000001,75.7289134272966,2.));
#9236=CARTESIAN_POINT('',(-5.94000000000001,75.7289134272966,14.));
#9237=CARTESIAN_POINT('',(-5.94000000000001,84.6423913000001,2.));
#9238=CARTESIAN_POINT('Origin',(-4.52699999999998,74.1753913000001,14.));
#9239=CARTESIAN_POINT('Origin',(-4.52699999999998,74.1753913000001,2.));
#9240=CARTESIAN_POINT('Origin',(3.5527136788005E-14,78.7023913000001,2.));
#9241=CARTESIAN_POINT('Origin',(71.7926275888818,18.4233378796146,14.));
#9242=CARTESIAN_POINT('',(71.7926275888818,18.4233378796146,2.));
#9243=CARTESIAN_POINT('',(71.7926275888818,18.4233378796146,14.));
#9244=CARTESIAN_POINT('',(68.2970947056956,23.2345261424446,2.));
#9245=CARTESIAN_POINT('',(66.5534167486713,25.634492957617,2.));
#9246=CARTESIAN_POINT('',(68.2970947056956,23.2345261424446,14.));
#9247=CARTESIAN_POINT('Origin',(73.8489059974686,17.9970526389834,14.));
#9248=CARTESIAN_POINT('',(75.9362723610784,17.7670490214665,2.));
#9249=CARTESIAN_POINT('',(75.9362723610784,17.7670490214665,14.));
#9250=CARTESIAN_POINT('Origin',(73.8489059974686,17.9970526389834,2.));
#9251=CARTESIAN_POINT('Origin',(80.7474606239085,21.2625819046528,14.));
#9252=CARTESIAN_POINT('',(80.7474606239085,21.2625819046528,2.));
#9253=CARTESIAN_POINT('',(80.7474606239085,21.2625819046528,14.));
#9254=CARTESIAN_POINT('',(73.5363055459061,16.0233710644423,2.));
#9255=CARTESIAN_POINT('Origin',(81.1737458645397,23.3188603132396,14.));
#9256=CARTESIAN_POINT('',(81.4037494820565,25.4062266768494,2.));
#9257=CARTESIAN_POINT('',(81.4037494820565,25.4062266768494,14.));
#9258=CARTESIAN_POINT('Origin',(81.1737458645397,23.3188603132396,2.));
#9259=CARTESIAN_POINT('Origin',(77.9082165988702,30.2174149396795,14.));
#9260=CARTESIAN_POINT('',(77.9082165988702,30.2174149396795,2.));
#9261=CARTESIAN_POINT('',(77.9082165988702,30.2174149396795,14.));
#9262=CARTESIAN_POINT('',(83.1474274390808,23.0062598616771,2.));
#9263=CARTESIAN_POINT('Origin',(75.8519381902834,30.6437001803106,14.));
#9264=CARTESIAN_POINT('',(73.7645718266737,30.8737037978275,2.));
#9265=CARTESIAN_POINT('',(73.7645718266737,30.8737037978275,14.));
#9266=CARTESIAN_POINT('Origin',(75.8519381902834,30.6437001803106,2.));
#9267=CARTESIAN_POINT('Origin',(68.9533835638436,27.3781709146412,14.));
#9268=CARTESIAN_POINT('',(68.9533835638436,27.3781709146412,2.));
#9269=CARTESIAN_POINT('',(68.9533835638436,27.3781709146412,14.));
#9270=CARTESIAN_POINT('',(76.164538641846,32.6173817548518,2.));
#9271=CARTESIAN_POINT('Origin',(68.5270983232124,25.3218925060544,14.));
#9272=CARTESIAN_POINT('Origin',(68.5270983232124,25.3218925060544,2.));
#9273=CARTESIAN_POINT('Origin',(74.850422093876,24.320376409647,2.));
#9274=CARTESIAN_POINT('Origin',(50.9236113797728,58.9411515479171,14.));
#9275=CARTESIAN_POINT('',(50.9236113797728,58.9411515479171,2.));
#9276=CARTESIAN_POINT('',(50.9236113797728,58.9411515479171,14.));
#9277=CARTESIAN_POINT('',(45.2677203659847,57.1034411577906,2.));
#9278=CARTESIAN_POINT('',(42.4463901660855,56.1867354062667,2.));
#9279=CARTESIAN_POINT('',(45.2677203659847,57.1034411577906,14.));
#9280=CARTESIAN_POINT('Origin',(51.9644577090951,60.7650591439143,14.));
#9281=CARTESIAN_POINT('',(52.828235828148,62.6791874993402,2.));
#9282=CARTESIAN_POINT('',(52.828235828148,62.6791874993402,14.));
#9283=CARTESIAN_POINT('Origin',(51.9644577090951,60.7650591439143,2.));
#9284=CARTESIAN_POINT('Origin',(50.9905254380215,68.3350785131284,14.));
#9285=CARTESIAN_POINT('',(50.9905254380215,68.3350785131284,2.));
#9286=CARTESIAN_POINT('',(50.9905254380215,68.3350785131284,14.));
#9287=CARTESIAN_POINT('',(53.7449415796719,59.8578572994411,2.));
#9288=CARTESIAN_POINT('Origin',(49.1666178420243,69.3759248424506,14.));
#9289=CARTESIAN_POINT('',(47.2524894865984,70.2397029615036,2.));
#9290=CARTESIAN_POINT('',(47.2524894865984,70.2397029615036,14.));
#9291=CARTESIAN_POINT('Origin',(49.1666178420243,69.3759248424506,2.));
#9292=CARTESIAN_POINT('Origin',(41.5965984728103,68.4019925713771,14.));
#9293=CARTESIAN_POINT('',(41.5965984728103,68.4019925713771,2.));
#9294=CARTESIAN_POINT('',(41.5965984728103,68.4019925713771,14.));
#9295=CARTESIAN_POINT('',(50.0738196864976,71.1564087130275,2.));
#9296=CARTESIAN_POINT('Origin',(40.555752143488,66.5780849753799,14.));
#9297=CARTESIAN_POINT('',(39.6919740244351,64.663956619954,2.));
#9298=CARTESIAN_POINT('',(39.6919740244351,64.663956619954,14.));
#9299=CARTESIAN_POINT('Origin',(40.555752143488,66.5780849753799,2.));
#9300=CARTESIAN_POINT('Origin',(41.5296844145615,59.0080656061658,14.));
#9301=CARTESIAN_POINT('',(41.5296844145615,59.0080656061658,2.));
#9302=CARTESIAN_POINT('',(41.5296844145615,59.0080656061658,14.));
#9303=CARTESIAN_POINT('',(38.7752682729111,67.4852868198531,2.));
#9304=CARTESIAN_POINT('Origin',(43.3535920105588,57.9672192768435,14.));
#9305=CARTESIAN_POINT('Origin',(43.3535920105588,57.9672192768435,2.));
#9306=CARTESIAN_POINT('Origin',(46.2601049262915,63.6715720596471,2.));
#9307=CARTESIAN_POINT('Origin',(-40.5557521434879,66.5780849753799,14.));
#9308=CARTESIAN_POINT('',(-41.5965984728102,68.4019925713771,2.));
#9309=CARTESIAN_POINT('',(-41.5965984728102,68.4019925713771,14.));
#9310=CARTESIAN_POINT('',(-39.691974024435,64.663956619954,2.));
#9311=CARTESIAN_POINT('Origin',(-40.5557521434879,66.5780849753799,2.));
#9312=CARTESIAN_POINT('',(-39.691974024435,64.663956619954,14.));
#9313=CARTESIAN_POINT('Origin',(-47.2524894865984,70.2397029615036,14.));
#9314=CARTESIAN_POINT('',(-47.2524894865984,70.2397029615036,2.));
#9315=CARTESIAN_POINT('',(-47.2524894865984,70.2397029615036,14.));
#9316=CARTESIAN_POINT('',(-38.775268272911,67.4852868198531,2.));
#9317=CARTESIAN_POINT('Origin',(-49.1666178420243,69.3759248424507,14.));
#9318=CARTESIAN_POINT('',(-50.9905254380215,68.3350785131284,2.));
#9319=CARTESIAN_POINT('',(-50.9905254380215,68.3350785131284,14.));
#9320=CARTESIAN_POINT('Origin',(-49.1666178420243,69.3759248424507,2.));
#9321=CARTESIAN_POINT('Origin',(-52.828235828148,62.6791874993402,14.));
#9322=CARTESIAN_POINT('',(-52.828235828148,62.6791874993402,2.));
#9323=CARTESIAN_POINT('',(-52.828235828148,62.6791874993402,14.));
#9324=CARTESIAN_POINT('',(-50.0738196864975,71.1564087130275,2.));
#9325=CARTESIAN_POINT('Origin',(-51.9644577090951,60.7650591439143,14.));
#9326=CARTESIAN_POINT('',(-50.9236113797728,58.9411515479171,2.));
#9327=CARTESIAN_POINT('',(-50.9236113797728,58.9411515479171,14.));
#9328=CARTESIAN_POINT('Origin',(-51.9644577090951,60.7650591439143,2.));
#9329=CARTESIAN_POINT('Origin',(-45.2677203659846,57.1034411577906,14.));
#9330=CARTESIAN_POINT('',(-45.2677203659846,57.1034411577906,2.));
#9331=CARTESIAN_POINT('',(-45.2677203659846,57.1034411577906,14.));
#9332=CARTESIAN_POINT('',(-53.7449415796719,59.857857299441,2.));
#9333=CARTESIAN_POINT('Origin',(-43.3535920105587,57.9672192768435,14.));
#9334=CARTESIAN_POINT('',(-41.5296844145615,59.0080656061658,2.));
#9335=CARTESIAN_POINT('',(-41.5296844145615,59.0080656061658,14.));
#9336=CARTESIAN_POINT('Origin',(-43.3535920105587,57.9672192768435,2.));
#9337=CARTESIAN_POINT('Origin',(-39.691974024435,64.663956619954,14.));
#9338=CARTESIAN_POINT('',(-42.4463901660854,56.1867354062666,2.));
#9339=CARTESIAN_POINT('Origin',(-46.2601049262915,63.6715720596471,2.));
#9340=CARTESIAN_POINT('Origin',(-80.7474606239083,-21.2625819046529,14.));
#9341=CARTESIAN_POINT('',(-80.7474606239083,-21.2625819046529,2.));
#9342=CARTESIAN_POINT('',(-80.7474606239083,-21.2625819046529,14.));
#9343=CARTESIAN_POINT('',(-75.9362723610784,-17.7670490214667,2.));
#9344=CARTESIAN_POINT('',(-73.5363055459062,-16.0233710644425,2.));
#9345=CARTESIAN_POINT('',(-75.9362723610784,-17.7670490214667,14.));
#9346=CARTESIAN_POINT('Origin',(-81.1737458645395,-23.3188603132396,14.));
#9347=CARTESIAN_POINT('',(-81.4037494820563,-25.4062266768494,2.));
#9348=CARTESIAN_POINT('',(-81.4037494820563,-25.4062266768494,14.));
#9349=CARTESIAN_POINT('Origin',(-81.1737458645395,-23.3188603132396,2.));
#9350=CARTESIAN_POINT('Origin',(-77.9082165988702,-30.2174149396793,14.));
#9351=CARTESIAN_POINT('',(-77.9082165988702,-30.2174149396793,2.));
#9352=CARTESIAN_POINT('',(-77.9082165988702,-30.2174149396793,14.));
#9353=CARTESIAN_POINT('',(-83.1474274390806,-23.0062598616771,2.));
#9354=CARTESIAN_POINT('Origin',(-75.8519381902834,-30.6437001803104,14.));
#9355=CARTESIAN_POINT('',(-73.7645718266737,-30.8737037978273,2.));
#9356=CARTESIAN_POINT('',(-73.7645718266737,-30.8737037978273,14.));
#9357=CARTESIAN_POINT('Origin',(-75.8519381902834,-30.6437001803104,2.));
#9358=CARTESIAN_POINT('Origin',(-68.9533835638438,-27.3781709146411,14.));
#9359=CARTESIAN_POINT('',(-68.9533835638438,-27.3781709146411,2.));
#9360=CARTESIAN_POINT('',(-68.9533835638438,-27.3781709146411,14.));
#9361=CARTESIAN_POINT('',(-76.164538641846,-32.6173817548515,2.));
#9362=CARTESIAN_POINT('Origin',(-68.5270983232126,-25.3218925060544,14.));
#9363=CARTESIAN_POINT('',(-68.2970947056958,-23.2345261424447,2.));
#9364=CARTESIAN_POINT('',(-68.2970947056958,-23.2345261424447,14.));
#9365=CARTESIAN_POINT('Origin',(-68.5270983232126,-25.3218925060544,2.));
#9366=CARTESIAN_POINT('Origin',(-71.792627588882,-18.4233378796147,14.));
#9367=CARTESIAN_POINT('',(-71.792627588882,-18.4233378796147,2.));
#9368=CARTESIAN_POINT('',(-71.792627588882,-18.4233378796147,14.));
#9369=CARTESIAN_POINT('',(-66.5534167486716,-25.6344929576169,2.));
#9370=CARTESIAN_POINT('Origin',(-73.8489059974687,-17.9970526389836,14.));
#9371=CARTESIAN_POINT('Origin',(-73.8489059974687,-17.9970526389836,2.));
#9372=CARTESIAN_POINT('Origin',(-74.8504220938761,-24.320376409647,2.));
#9373=CARTESIAN_POINT('Origin',(-2.97347787270351,-72.7623912999999,14.));
#9374=CARTESIAN_POINT('',(-2.97347787270351,-72.7623912999999,2.));
#9375=CARTESIAN_POINT('',(-2.97347787270351,-72.7623912999999,14.));
#9376=CARTESIAN_POINT('',(2.97347787270347,-72.7623912999999,2.));
#9377=CARTESIAN_POINT('',(5.94000000000005,-72.7623912999999,2.));
#9378=CARTESIAN_POINT('',(2.97347787270347,-72.7623912999999,14.));
#9379=CARTESIAN_POINT('Origin',(-4.52700000000007,-74.1753913,14.));
#9380=CARTESIAN_POINT('',(-5.9400000000001,-75.7289134272965,2.));
#9381=CARTESIAN_POINT('',(-5.9400000000001,-75.7289134272965,14.));
#9382=CARTESIAN_POINT('Origin',(-4.52700000000007,-74.1753913,2.));
#9383=CARTESIAN_POINT('Origin',(-5.9400000000001,-81.6758691727035,14.));
#9384=CARTESIAN_POINT('',(-5.9400000000001,-81.6758691727035,2.));
#9385=CARTESIAN_POINT('',(-5.9400000000001,-81.6758691727035,14.));
#9386=CARTESIAN_POINT('',(-5.9400000000001,-72.7623912999999,2.));
#9387=CARTESIAN_POINT('Origin',(-4.52700000000007,-83.2293913000001,14.));
#9388=CARTESIAN_POINT('',(-2.97347787270351,-84.6423913000001,2.));
#9389=CARTESIAN_POINT('',(-2.97347787270351,-84.6423913000001,14.));
#9390=CARTESIAN_POINT('Origin',(-4.52700000000007,-83.2293913000001,2.));
#9391=CARTESIAN_POINT('Origin',(2.97347787270346,-84.6423913000001,14.));
#9392=CARTESIAN_POINT('',(2.97347787270346,-84.6423913000001,2.));
#9393=CARTESIAN_POINT('',(2.97347787270346,-84.6423913000001,14.));
#9394=CARTESIAN_POINT('',(-5.9400000000001,-84.6423913000001,2.));
#9395=CARTESIAN_POINT('Origin',(4.52700000000004,-83.2293913000001,14.));
#9396=CARTESIAN_POINT('',(5.94000000000005,-81.6758691727035,2.));
#9397=CARTESIAN_POINT('',(5.94000000000005,-81.6758691727035,14.));
#9398=CARTESIAN_POINT('Origin',(4.52700000000004,-83.2293913000001,2.));
#9399=CARTESIAN_POINT('Origin',(5.94000000000005,-75.7289134272965,14.));
#9400=CARTESIAN_POINT('',(5.94000000000005,-75.7289134272965,2.));
#9401=CARTESIAN_POINT('',(5.94000000000005,-75.7289134272965,14.));
#9402=CARTESIAN_POINT('',(5.94000000000005,-84.6423913000001,2.));
#9403=CARTESIAN_POINT('Origin',(4.52700000000003,-74.1753913,14.));
#9404=CARTESIAN_POINT('Origin',(4.52700000000003,-74.1753913,2.));
#9405=CARTESIAN_POINT('Origin',(-1.77635683940025E-14,-78.7023913,2.));
#9406=CARTESIAN_POINT('Origin',(81.4037494820563,-25.4062266768494,14.));
#9407=CARTESIAN_POINT('',(81.4037494820563,-25.4062266768494,2.));
#9408=CARTESIAN_POINT('',(81.4037494820563,-25.4062266768494,14.));
#9409=CARTESIAN_POINT('',(77.9082165988701,-30.2174149396793,2.));
#9410=CARTESIAN_POINT('',(76.1645386418459,-32.6173817548515,2.));
#9411=CARTESIAN_POINT('',(77.9082165988701,-30.2174149396793,14.));
#9412=CARTESIAN_POINT('Origin',(81.1737458645394,-23.3188603132397,14.));
#9413=CARTESIAN_POINT('',(80.7474606239083,-21.2625819046529,2.));
#9414=CARTESIAN_POINT('',(80.7474606239083,-21.2625819046529,14.));
#9415=CARTESIAN_POINT('Origin',(81.1737458645394,-23.3188603132397,2.));
#9416=CARTESIAN_POINT('Origin',(75.9362723610783,-17.7670490214668,14.));
#9417=CARTESIAN_POINT('',(75.9362723610783,-17.7670490214668,2.));
#9418=CARTESIAN_POINT('',(75.9362723610783,-17.7670490214668,14.));
#9419=CARTESIAN_POINT('',(83.1474274390805,-23.0062598616771,2.));
#9420=CARTESIAN_POINT('Origin',(73.8489059974686,-17.9970526389836,14.));
#9421=CARTESIAN_POINT('',(71.7926275888819,-18.4233378796148,2.));
#9422=CARTESIAN_POINT('',(71.7926275888819,-18.4233378796148,14.));
#9423=CARTESIAN_POINT('Origin',(73.8489059974686,-17.9970526389836,2.));
#9424=CARTESIAN_POINT('Origin',(68.2970947056957,-23.2345261424447,14.));
#9425=CARTESIAN_POINT('',(68.2970947056957,-23.2345261424447,2.));
#9426=CARTESIAN_POINT('',(68.2970947056957,-23.2345261424447,14.));
#9427=CARTESIAN_POINT('',(73.5363055459061,-16.0233710644426,2.));
#9428=CARTESIAN_POINT('Origin',(68.5270983232126,-25.3218925060544,14.));
#9429=CARTESIAN_POINT('',(68.9533835638438,-27.3781709146412,2.));
#9430=CARTESIAN_POINT('',(68.9533835638438,-27.3781709146412,14.));
#9431=CARTESIAN_POINT('Origin',(68.5270983232126,-25.3218925060544,2.));
#9432=CARTESIAN_POINT('Origin',(73.7645718266737,-30.8737037978273,14.));
#9433=CARTESIAN_POINT('',(73.7645718266737,-30.8737037978273,2.));
#9434=CARTESIAN_POINT('',(73.7645718266737,-30.8737037978273,14.));
#9435=CARTESIAN_POINT('',(66.5534167486715,-25.6344929576169,2.));
#9436=CARTESIAN_POINT('Origin',(75.8519381902834,-30.6437001803104,14.));
#9437=CARTESIAN_POINT('Origin',(75.8519381902834,-30.6437001803104,2.));
#9438=CARTESIAN_POINT('Origin',(74.850422093876,-24.320376409647,2.));
#9439=CARTESIAN_POINT('Origin',(30.2174149396793,-77.9082165988702,14.));
#9440=CARTESIAN_POINT('',(30.2174149396793,-77.9082165988702,2.));
#9441=CARTESIAN_POINT('',(30.2174149396793,-77.9082165988702,14.));
#9442=CARTESIAN_POINT('',(25.4062266768493,-81.4037494820564,2.));
#9443=CARTESIAN_POINT('',(23.0062598616771,-83.1474274390806,2.));
#9444=CARTESIAN_POINT('',(25.4062266768493,-81.4037494820564,14.));
#9445=CARTESIAN_POINT('Origin',(30.6437001803105,-75.8519381902834,14.));
#9446=CARTESIAN_POINT('',(30.8737037978273,-73.7645718266737,2.));
#9447=CARTESIAN_POINT('',(30.8737037978273,-73.7645718266737,14.));
#9448=CARTESIAN_POINT('Origin',(30.6437001803105,-75.8519381902834,2.));
#9449=CARTESIAN_POINT('Origin',(27.3781709146411,-68.9533835638437,14.));
#9450=CARTESIAN_POINT('',(27.3781709146411,-68.9533835638437,2.));
#9451=CARTESIAN_POINT('',(27.3781709146411,-68.9533835638437,14.));
#9452=CARTESIAN_POINT('',(32.6173817548516,-76.164538641846,2.));
#9453=CARTESIAN_POINT('Origin',(25.3218925060544,-68.5270983232126,14.));
#9454=CARTESIAN_POINT('',(23.2345261424447,-68.2970947056957,2.));
#9455=CARTESIAN_POINT('',(23.2345261424447,-68.2970947056957,14.));
#9456=CARTESIAN_POINT('Origin',(25.3218925060544,-68.5270983232126,2.));
#9457=CARTESIAN_POINT('Origin',(18.4233378796147,-71.7926275888819,14.));
#9458=CARTESIAN_POINT('',(18.4233378796147,-71.7926275888819,2.));
#9459=CARTESIAN_POINT('',(18.4233378796147,-71.7926275888819,14.));
#9460=CARTESIAN_POINT('',(25.6344929576169,-66.5534167486715,2.));
#9461=CARTESIAN_POINT('Origin',(17.9970526389835,-73.8489059974687,14.));
#9462=CARTESIAN_POINT('',(17.7670490214667,-75.9362723610784,2.));
#9463=CARTESIAN_POINT('',(17.7670490214667,-75.9362723610784,14.));
#9464=CARTESIAN_POINT('Origin',(17.9970526389835,-73.8489059974687,2.));
#9465=CARTESIAN_POINT('Origin',(21.2625819046529,-80.7474606239083,14.));
#9466=CARTESIAN_POINT('',(21.2625819046529,-80.7474606239083,2.));
#9467=CARTESIAN_POINT('',(21.2625819046529,-80.7474606239083,14.));
#9468=CARTESIAN_POINT('',(16.0233710644425,-73.5363055459061,2.));
#9469=CARTESIAN_POINT('Origin',(23.3188603132396,-81.1737458645395,14.));
#9470=CARTESIAN_POINT('Origin',(23.3188603132396,-81.1737458645395,2.));
#9471=CARTESIAN_POINT('Origin',(24.320376409647,-74.850422093876,2.));
#9472=CARTESIAN_POINT('Origin',(-64.6639566199542,-39.6919740244332,14.));
#9473=CARTESIAN_POINT('',(-64.6639566199542,-39.6919740244332,2.));
#9474=CARTESIAN_POINT('',(-64.6639566199542,-39.6919740244332,14.));
#9475=CARTESIAN_POINT('',(-59.0080656061645,-41.5296844145602,2.));
#9476=CARTESIAN_POINT('',(-56.1867354062646,-42.4463901660844,2.));
#9477=CARTESIAN_POINT('',(-59.0080656061645,-41.5296844145602,14.));
#9478=CARTESIAN_POINT('Origin',(-66.5780849753806,-40.5557521434863,14.));
#9479=CARTESIAN_POINT('',(-68.4019925713783,-41.5965984728089,2.));
#9480=CARTESIAN_POINT('',(-68.4019925713783,-41.5965984728089,14.));
#9481=CARTESIAN_POINT('Origin',(-66.5780849753806,-40.5557521434863,2.));
#9482=CARTESIAN_POINT('Origin',(-70.2397029615053,-47.2524894865986,14.));
#9483=CARTESIAN_POINT('',(-70.2397029615053,-47.2524894865986,2.));
#9484=CARTESIAN_POINT('',(-70.2397029615053,-47.2524894865986,14.));
#9485=CARTESIAN_POINT('',(-67.4852868198541,-38.775268272909,2.));
#9486=CARTESIAN_POINT('Origin',(-69.3759248424522,-49.166617842025,14.));
#9487=CARTESIAN_POINT('',(-68.3350785131296,-50.9905254380227,2.));
#9488=CARTESIAN_POINT('',(-68.3350785131296,-50.9905254380227,14.));
#9489=CARTESIAN_POINT('Origin',(-69.3759248424522,-49.166617842025,2.));
#9490=CARTESIAN_POINT('Origin',(-62.6791874993399,-52.8282358281497,14.));
#9491=CARTESIAN_POINT('',(-62.6791874993399,-52.8282358281497,2.));
#9492=CARTESIAN_POINT('',(-62.6791874993399,-52.8282358281497,14.));
#9493=CARTESIAN_POINT('',(-71.1564087130295,-50.0738196864985,2.));
#9494=CARTESIAN_POINT('Origin',(-60.7650591439135,-51.9644577090966,14.));
#9495=CARTESIAN_POINT('',(-58.9411515479158,-50.923611379774,2.));
#9496=CARTESIAN_POINT('',(-58.9411515479158,-50.923611379774,14.));
#9497=CARTESIAN_POINT('Origin',(-60.7650591439135,-51.9644577090966,2.));
#9498=CARTESIAN_POINT('Origin',(-57.1034411577888,-45.2677203659843,14.));
#9499=CARTESIAN_POINT('',(-57.1034411577888,-45.2677203659843,2.));
#9500=CARTESIAN_POINT('',(-57.1034411577888,-45.2677203659843,14.));
#9501=CARTESIAN_POINT('',(-59.85785729944,-53.7449415796739,2.));
#9502=CARTESIAN_POINT('Origin',(-57.9672192768419,-43.3535920105579,14.));
#9503=CARTESIAN_POINT('Origin',(-57.9672192768419,-43.3535920105579,2.));
#9504=CARTESIAN_POINT('Origin',(-63.6715720596471,-46.2601049262915,2.));
#9505=CARTESIAN_POINT('Origin',(-60.7650591439142,51.9644577090951,14.));
#9506=CARTESIAN_POINT('',(-62.6791874993402,52.828235828148,2.));
#9507=CARTESIAN_POINT('',(-62.6791874993402,52.828235828148,14.));
#9508=CARTESIAN_POINT('',(-58.941151547917,50.9236113797728,2.));
#9509=CARTESIAN_POINT('Origin',(-60.7650591439142,51.9644577090951,2.));
#9510=CARTESIAN_POINT('',(-58.941151547917,50.9236113797728,14.));
#9511=CARTESIAN_POINT('Origin',(-68.3350785131284,50.9905254380215,14.));
#9512=CARTESIAN_POINT('',(-68.3350785131284,50.9905254380215,2.));
#9513=CARTESIAN_POINT('',(-68.3350785131284,50.9905254380215,14.));
#9514=CARTESIAN_POINT('',(-59.857857299441,53.744941579672,2.));
#9515=CARTESIAN_POINT('Origin',(-69.3759248424507,49.1666178420243,14.));
#9516=CARTESIAN_POINT('',(-70.2397029615036,47.2524894865984,2.));
#9517=CARTESIAN_POINT('',(-70.2397029615036,47.2524894865984,14.));
#9518=CARTESIAN_POINT('Origin',(-69.3759248424507,49.1666178420243,2.));
#9519=CARTESIAN_POINT('Origin',(-68.4019925713771,41.5965984728102,14.));
#9520=CARTESIAN_POINT('',(-68.4019925713771,41.5965984728102,2.));
#9521=CARTESIAN_POINT('',(-68.4019925713771,41.5965984728102,14.));
#9522=CARTESIAN_POINT('',(-71.1564087130275,50.0738196864976,2.));
#9523=CARTESIAN_POINT('Origin',(-66.5780849753799,40.5557521434879,14.));
#9524=CARTESIAN_POINT('',(-64.663956619954,39.6919740244349,2.));
#9525=CARTESIAN_POINT('',(-64.663956619954,39.6919740244349,14.));
#9526=CARTESIAN_POINT('Origin',(-66.5780849753799,40.5557521434879,2.));
#9527=CARTESIAN_POINT('Origin',(-59.0080656061657,41.5296844145615,14.));
#9528=CARTESIAN_POINT('',(-59.0080656061657,41.5296844145614,2.));
#9529=CARTESIAN_POINT('',(-59.0080656061657,41.5296844145614,14.));
#9530=CARTESIAN_POINT('',(-67.4852868198531,38.775268272911,2.));
#9531=CARTESIAN_POINT('Origin',(-57.9672192768434,43.3535920105587,14.));
#9532=CARTESIAN_POINT('',(-57.1034411577905,45.2677203659846,2.));
#9533=CARTESIAN_POINT('',(-57.1034411577905,45.2677203659846,14.));
#9534=CARTESIAN_POINT('Origin',(-57.9672192768434,43.3535920105587,2.));
#9535=CARTESIAN_POINT('Origin',(-58.941151547917,50.9236113797728,14.));
#9536=CARTESIAN_POINT('',(-56.1867354062666,42.4463901660854,2.));
#9537=CARTESIAN_POINT('Origin',(-63.6715720596471,46.2601049262915,2.));
#9538=CARTESIAN_POINT('Origin',(23.2345261424447,68.2970947056957,14.));
#9539=CARTESIAN_POINT('',(23.2345261424447,68.2970947056957,2.));
#9540=CARTESIAN_POINT('',(23.2345261424447,68.2970947056957,14.));
#9541=CARTESIAN_POINT('',(18.4233378796148,71.7926275888819,2.));
#9542=CARTESIAN_POINT('',(16.0233710644425,73.5363055459062,2.));
#9543=CARTESIAN_POINT('',(18.4233378796148,71.7926275888819,14.));
#9544=CARTESIAN_POINT('Origin',(25.3218925060545,68.5270983232126,14.));
#9545=CARTESIAN_POINT('',(27.3781709146412,68.9533835638437,2.));
#9546=CARTESIAN_POINT('',(27.3781709146412,68.9533835638437,14.));
#9547=CARTESIAN_POINT('Origin',(25.3218925060545,68.5270983232126,2.));
#9548=CARTESIAN_POINT('Origin',(30.8737037978274,73.7645718266737,14.));
#9549=CARTESIAN_POINT('',(30.8737037978274,73.7645718266737,2.));
#9550=CARTESIAN_POINT('',(30.8737037978274,73.7645718266737,14.));
#9551=CARTESIAN_POINT('',(25.634492957617,66.5534167486715,2.));
#9552=CARTESIAN_POINT('Origin',(30.6437001803106,75.8519381902835,14.));
#9553=CARTESIAN_POINT('',(30.2174149396794,77.9082165988702,2.));
#9554=CARTESIAN_POINT('',(30.2174149396794,77.9082165988702,14.));
#9555=CARTESIAN_POINT('Origin',(30.6437001803106,75.8519381902835,2.));
#9556=CARTESIAN_POINT('Origin',(25.4062266768494,81.4037494820564,14.));
#9557=CARTESIAN_POINT('',(25.4062266768494,81.4037494820564,2.));
#9558=CARTESIAN_POINT('',(25.4062266768494,81.4037494820564,14.));
#9559=CARTESIAN_POINT('',(32.6173817548517,76.164538641846,2.));
#9560=CARTESIAN_POINT('Origin',(23.3188603132397,81.1737458645396,14.));
#9561=CARTESIAN_POINT('',(21.2625819046529,80.7474606239084,2.));
#9562=CARTESIAN_POINT('',(21.2625819046529,80.7474606239084,14.));
#9563=CARTESIAN_POINT('Origin',(23.3188603132397,81.1737458645396,2.));
#9564=CARTESIAN_POINT('Origin',(17.7670490214667,75.9362723610784,14.));
#9565=CARTESIAN_POINT('',(17.7670490214667,75.9362723610784,2.));
#9566=CARTESIAN_POINT('',(17.7670490214667,75.9362723610784,14.));
#9567=CARTESIAN_POINT('',(23.0062598616772,83.1474274390807,2.));
#9568=CARTESIAN_POINT('Origin',(17.9970526389836,73.8489059974687,14.));
#9569=CARTESIAN_POINT('Origin',(17.9970526389836,73.8489059974687,2.));
#9570=CARTESIAN_POINT('Origin',(24.3203764096471,74.8504220938761,2.));
#9571=CARTESIAN_POINT('Origin',(72.7623913,-2.97347787270347,14.));
#9572=CARTESIAN_POINT('',(72.7623913,-2.97347787270347,2.));
#9573=CARTESIAN_POINT('',(72.7623913,-2.97347787270347,14.));
#9574=CARTESIAN_POINT('',(72.7623913,2.97347787270346,2.));
#9575=CARTESIAN_POINT('',(72.7623913,5.94000000000003,2.));
#9576=CARTESIAN_POINT('',(72.7623913,2.97347787270346,14.));
#9577=CARTESIAN_POINT('Origin',(74.1753913000001,-4.52700000000003,14.));
#9578=CARTESIAN_POINT('',(75.7289134272966,-5.94000000000003,2.));
#9579=CARTESIAN_POINT('',(75.7289134272966,-5.94000000000003,14.));
#9580=CARTESIAN_POINT('Origin',(74.1753913000001,-4.52700000000003,2.));
#9581=CARTESIAN_POINT('Origin',(81.6758691727035,-5.94000000000003,14.));
#9582=CARTESIAN_POINT('',(81.6758691727035,-5.94000000000003,2.));
#9583=CARTESIAN_POINT('',(81.6758691727035,-5.94000000000003,14.));
#9584=CARTESIAN_POINT('',(72.7623913,-5.94000000000003,2.));
#9585=CARTESIAN_POINT('Origin',(83.2293913000001,-4.52700000000002,14.));
#9586=CARTESIAN_POINT('',(84.6423913000001,-2.97347787270349,2.));
#9587=CARTESIAN_POINT('',(84.6423913000001,-2.97347787270349,14.));
#9588=CARTESIAN_POINT('Origin',(83.2293913000001,-4.52700000000002,2.));
#9589=CARTESIAN_POINT('Origin',(84.6423913000001,2.97347787270348,14.));
#9590=CARTESIAN_POINT('',(84.6423913000001,2.97347787270349,2.));
#9591=CARTESIAN_POINT('',(84.6423913000001,2.97347787270349,14.));
#9592=CARTESIAN_POINT('',(84.6423913000001,-5.94000000000003,2.));
#9593=CARTESIAN_POINT('Origin',(83.2293913000001,4.52700000000002,14.));
#9594=CARTESIAN_POINT('',(81.6758691727035,5.94000000000003,2.));
#9595=CARTESIAN_POINT('',(81.6758691727035,5.94000000000003,14.));
#9596=CARTESIAN_POINT('Origin',(83.2293913000001,4.52700000000002,2.));
#9597=CARTESIAN_POINT('Origin',(75.7289134272966,5.94000000000003,14.));
#9598=CARTESIAN_POINT('',(75.7289134272966,5.94000000000003,2.));
#9599=CARTESIAN_POINT('',(75.7289134272966,5.94000000000003,14.));
#9600=CARTESIAN_POINT('',(84.6423913000001,5.94000000000003,2.));
#9601=CARTESIAN_POINT('Origin',(74.1753913,4.52700000000003,14.));
#9602=CARTESIAN_POINT('Origin',(74.1753913,4.52700000000003,2.));
#9603=CARTESIAN_POINT('Origin',(78.7023913000001,-5.55111512312578E-16,
2.));
#9604=CARTESIAN_POINT('Origin',(0.,0.,0.));
#9605=CARTESIAN_POINT('',(-95.,1.16341445918999E-14,12.));
#9606=CARTESIAN_POINT('',(-95.,-1.16341445918999E-14,0.));
#9607=CARTESIAN_POINT('Origin',(0.,0.,12.));
#9608=CARTESIAN_POINT('Origin',(0.,0.,0.));
#9609=CARTESIAN_POINT('',(60.,7.34788079488412E-15,0.));
#9610=CARTESIAN_POINT('Origin',(0.,0.,12.));
#9611=UNCERTAINTY_MEASURE_WITH_UNIT(LENGTH_MEASURE(0.01),#9615,
'DISTANCE_ACCURACY_VALUE',
'Maximum model space distance between geometric entities at asserted c
onnectivities');
#9612=UNCERTAINTY_MEASURE_WITH_UNIT(LENGTH_MEASURE(0.01),#9615,
'DISTANCE_ACCURACY_VALUE',
'Maximum model space distance between geometric entities at asserted c
onnectivities');
#9613=(
GEOMETRIC_REPRESENTATION_CONTEXT(3)
GLOBAL_UNCERTAINTY_ASSIGNED_CONTEXT((#9611))
GLOBAL_UNIT_ASSIGNED_CONTEXT((#9615,#9617,#9618))
REPRESENTATION_CONTEXT('','3D')
);
#9614=(
GEOMETRIC_REPRESENTATION_CONTEXT(3)
GLOBAL_UNCERTAINTY_ASSIGNED_CONTEXT((#9612))
GLOBAL_UNIT_ASSIGNED_CONTEXT((#9615,#9617,#9618))
REPRESENTATION_CONTEXT('','3D')
);
#9615=(
LENGTH_UNIT()
NAMED_UNIT(*)
SI_UNIT(.MILLI.,.METRE.)
);
#9616=(
LENGTH_UNIT()
NAMED_UNIT(*)
SI_UNIT(.CENTI.,.METRE.)
);
#9617=(
NAMED_UNIT(*)
PLANE_ANGLE_UNIT()
SI_UNIT($,.RADIAN.)
);
#9618=(
NAMED_UNIT(*)
SI_UNIT($,.STERADIAN.)
SOLID_ANGLE_UNIT()
);
#9619=SHAPE_DEFINITION_REPRESENTATION(#9620,#9621);
#9620=PRODUCT_DEFINITION_SHAPE('',$,#9623);
#9621=SHAPE_REPRESENTATION('',(#5647),#9613);
#9622=PRODUCT_DEFINITION_CONTEXT('part definition',#9627,'design');
#9623=PRODUCT_DEFINITION('Ring_842','Ring_842',#9624,#9622);
#9624=PRODUCT_DEFINITION_FORMATION('',$,#9629);
#9625=PRODUCT_RELATED_PRODUCT_CATEGORY('Ring_842','Ring_842',(#9629));
#9626=APPLICATION_PROTOCOL_DEFINITION('international standard',
'automotive_design',2009,#9627);
#9627=APPLICATION_CONTEXT(
'Core Data for Automotive Mechanical Design Process');
#9628=PRODUCT_CONTEXT('part definition',#9627,'mechanical');
#9629=PRODUCT('Ring_842','Ring_842',$,(#9628));
#9630=PRESENTATION_STYLE_ASSIGNMENT((#9631));
#9631=SURFACE_STYLE_USAGE(.BOTH.,#9634);
#9632=SURFACE_STYLE_RENDERING_WITH_PROPERTIES($,#9638,(#9633));
#9633=SURFACE_STYLE_TRANSPARENT(0.);
#9634=SURFACE_SIDE_STYLE('',(#9635,#9632));
#9635=SURFACE_STYLE_FILL_AREA(#9636);
#9636=FILL_AREA_STYLE('',(#9637));
#9637=FILL_AREA_STYLE_COLOUR('',#9638);
#9638=COLOUR_RGB('',0.749019607843137,0.749019607843137,0.749019607843137);
ENDSEC;
END-ISO-10303-21;
