ISO-10303-21;
HEADER;
/* Generated by software containing ST-Developer
 * from STEP Tools, Inc. (www.steptools.com) 
 */

FILE_DESCRIPTION(
/* description */ (''),
/* implementation_level */ '2;1');

FILE_NAME(
/* name */ 'Ring_1.stp',
/* time_stamp */ '2025-05-08T13:46:13+02:00',
/* author */ ('23661194'),
/* organization */ (''),
/* preprocessor_version */ 'ST-DEVELOPER v20',
/* originating_system */ 'Autodesk Inventor 2024',
/* authorisation */ '');

FILE_SCHEMA (('AUTOMOTIVE_DESIGN { 1 0 10303 214 3 1 1 }'));
ENDSEC;

DATA;
#10=MECHANICAL_DESIGN_GEOMETRIC_PRESENTATION_REPRESENTATION('',(#13),#12609);
#11=SHAPE_REPRESENTATION_RELATIONSHIP('SRR','None',#12616,#12);
#12=ADVANCED_BREP_SHAPE_REPRESENTATION('',(#14),#12608);
#13=STYLED_ITEM('',(#12625),#14);
#14=MANIFOLD_SOLID_BREP('Solid1',#7328);
#15=FACE_BOUND('',#1370,.T.);
#16=FACE_BOUND('',#1371,.T.);
#17=FACE_BOUND('',#1372,.T.);
#18=FACE_BOUND('',#1373,.T.);
#19=FACE_BOUND('',#1374,.T.);
#20=FACE_BOUND('',#1375,.T.);
#21=FACE_BOUND('',#1376,.T.);
#22=FACE_BOUND('',#1377,.T.);
#23=FACE_BOUND('',#1378,.T.);
#24=FACE_BOUND('',#1379,.T.);
#25=FACE_BOUND('',#1380,.T.);
#26=FACE_BOUND('',#1381,.T.);
#27=FACE_BOUND('',#1382,.T.);
#28=FACE_BOUND('',#1383,.T.);
#29=FACE_BOUND('',#1384,.T.);
#30=FACE_BOUND('',#1385,.T.);
#31=FACE_BOUND('',#1386,.T.);
#32=FACE_BOUND('',#1387,.T.);
#33=FACE_BOUND('',#1388,.T.);
#34=FACE_BOUND('',#1389,.T.);
#35=FACE_BOUND('',#1390,.T.);
#36=FACE_BOUND('',#1391,.T.);
#37=FACE_BOUND('',#1392,.T.);
#38=FACE_BOUND('',#1393,.T.);
#39=FACE_BOUND('',#1394,.T.);
#40=FACE_BOUND('',#1395,.T.);
#41=FACE_BOUND('',#1396,.T.);
#42=FACE_BOUND('',#1397,.T.);
#43=FACE_BOUND('',#1398,.T.);
#44=FACE_BOUND('',#1399,.T.);
#45=FACE_BOUND('',#1400,.T.);
#46=FACE_BOUND('',#1410,.T.);
#47=FACE_BOUND('',#1420,.T.);
#48=FACE_BOUND('',#1430,.T.);
#49=FACE_BOUND('',#1440,.T.);
#50=FACE_BOUND('',#1450,.T.);
#51=FACE_BOUND('',#1460,.T.);
#52=FACE_BOUND('',#1470,.T.);
#53=FACE_BOUND('',#1480,.T.);
#54=FACE_BOUND('',#1490,.T.);
#55=FACE_BOUND('',#1500,.T.);
#56=FACE_BOUND('',#1510,.T.);
#57=FACE_BOUND('',#1520,.T.);
#58=FACE_BOUND('',#1530,.T.);
#59=FACE_BOUND('',#1540,.T.);
#60=FACE_BOUND('',#1550,.T.);
#61=FACE_BOUND('',#1560,.T.);
#62=FACE_BOUND('',#1570,.T.);
#63=FACE_BOUND('',#1580,.T.);
#64=FACE_BOUND('',#1590,.T.);
#65=FACE_BOUND('',#1600,.T.);
#66=FACE_BOUND('',#1605,.T.);
#67=FACE_BOUND('',#1606,.T.);
#68=FACE_BOUND('',#1607,.T.);
#69=FACE_BOUND('',#1608,.T.);
#70=FACE_BOUND('',#1609,.T.);
#71=FACE_BOUND('',#1610,.T.);
#72=FACE_BOUND('',#1611,.T.);
#73=FACE_BOUND('',#1612,.T.);
#74=FACE_BOUND('',#1613,.T.);
#75=FACE_BOUND('',#1614,.T.);
#76=FACE_BOUND('',#1615,.T.);
#77=FACE_BOUND('',#1616,.T.);
#78=FACE_BOUND('',#1617,.T.);
#79=FACE_BOUND('',#1618,.T.);
#80=FACE_BOUND('',#1619,.T.);
#81=FACE_BOUND('',#1620,.T.);
#82=FACE_BOUND('',#1621,.T.);
#83=FACE_BOUND('',#1623,.T.);
#84=FACE_BOUND('',#1624,.T.);
#85=FACE_BOUND('',#1625,.T.);
#86=FACE_BOUND('',#1626,.T.);
#87=FACE_BOUND('',#1627,.T.);
#88=FACE_BOUND('',#1628,.T.);
#89=FACE_BOUND('',#1629,.T.);
#90=FACE_BOUND('',#1630,.T.);
#91=FACE_BOUND('',#1631,.T.);
#92=FACE_BOUND('',#1632,.T.);
#93=FACE_BOUND('',#1633,.T.);
#94=FACE_BOUND('',#1634,.T.);
#95=FACE_BOUND('',#1635,.T.);
#96=FACE_BOUND('',#1636,.T.);
#97=FACE_BOUND('',#1637,.T.);
#98=FACE_BOUND('',#1638,.T.);
#99=FACE_BOUND('',#1639,.T.);
#100=FACE_BOUND('',#1640,.T.);
#101=FACE_BOUND('',#1641,.T.);
#102=FACE_BOUND('',#1642,.T.);
#103=FACE_BOUND('',#1643,.T.);
#104=FACE_BOUND('',#1644,.T.);
#105=FACE_BOUND('',#1645,.T.);
#106=FACE_BOUND('',#1646,.T.);
#107=FACE_BOUND('',#1647,.T.);
#108=FACE_BOUND('',#1648,.T.);
#109=FACE_BOUND('',#1649,.T.);
#110=FACE_BOUND('',#1650,.T.);
#111=FACE_BOUND('',#1651,.T.);
#112=FACE_BOUND('',#1652,.T.);
#113=FACE_BOUND('',#1653,.T.);
#114=FACE_BOUND('',#1654,.T.);
#115=FACE_BOUND('',#1655,.T.);
#116=FACE_BOUND('',#1656,.T.);
#117=FACE_BOUND('',#1657,.T.);
#118=FACE_BOUND('',#1658,.T.);
#119=FACE_BOUND('',#1659,.T.);
#120=CIRCLE('',#7353,112.800000000097);
#121=CIRCLE('',#7354,112.800000000097);
#122=CIRCLE('',#7356,2.40000000000207);
#123=CIRCLE('',#7357,2.40000000000207);
#124=CIRCLE('',#7360,2.40000000000208);
#125=CIRCLE('',#7361,2.40000000000208);
#126=CIRCLE('',#7363,99.6000000000856);
#127=CIRCLE('',#7364,99.6000000000856);
#128=CIRCLE('',#7366,2.40332530730375);
#129=CIRCLE('',#7367,2.40332530730375);
#130=CIRCLE('',#7370,2.40000000000207);
#131=CIRCLE('',#7371,2.40000000000207);
#132=CIRCLE('',#7373,112.799999999831);
#133=CIRCLE('',#7374,112.799999999831);
#134=CIRCLE('',#7377,2.40000000000207);
#135=CIRCLE('',#7378,2.40000000000207);
#136=CIRCLE('',#7380,115.400000000099);
#137=CIRCLE('',#7381,115.400000000099);
#138=CIRCLE('',#7383,2.40000000000206);
#139=CIRCLE('',#7384,2.40000000000206);
#140=CIRCLE('',#7387,112.800000000097);
#141=CIRCLE('',#7388,112.800000000097);
#142=CIRCLE('',#7390,2.40000000000207);
#143=CIRCLE('',#7391,2.40000000000207);
#144=CIRCLE('',#7394,2.40000000000208);
#145=CIRCLE('',#7395,2.40000000000208);
#146=CIRCLE('',#7397,99.6000000000857);
#147=CIRCLE('',#7398,99.6000000000857);
#148=CIRCLE('',#7400,2.40332530730375);
#149=CIRCLE('',#7401,2.40332530730375);
#150=CIRCLE('',#7404,2.40000000000207);
#151=CIRCLE('',#7405,2.40000000000207);
#152=CIRCLE('',#7407,112.799999999831);
#153=CIRCLE('',#7408,112.799999999831);
#154=CIRCLE('',#7411,2.40000000000206);
#155=CIRCLE('',#7412,2.40000000000206);
#156=CIRCLE('',#7414,115.400000000099);
#157=CIRCLE('',#7415,115.400000000099);
#158=CIRCLE('',#7417,2.40000000000206);
#159=CIRCLE('',#7418,2.40000000000206);
#160=CIRCLE('',#7421,112.800000000097);
#161=CIRCLE('',#7422,112.800000000097);
#162=CIRCLE('',#7424,2.40000000000207);
#163=CIRCLE('',#7425,2.40000000000207);
#164=CIRCLE('',#7428,2.40000000000208);
#165=CIRCLE('',#7429,2.40000000000208);
#166=CIRCLE('',#7431,99.6000000000856);
#167=CIRCLE('',#7432,99.6000000000856);
#168=CIRCLE('',#7434,2.40332530730375);
#169=CIRCLE('',#7435,2.40332530730375);
#170=CIRCLE('',#7438,2.40000000000207);
#171=CIRCLE('',#7439,2.40000000000207);
#172=CIRCLE('',#7441,112.799999999831);
#173=CIRCLE('',#7442,112.799999999831);
#174=CIRCLE('',#7445,2.40000000000206);
#175=CIRCLE('',#7446,2.40000000000206);
#176=CIRCLE('',#7448,115.400000000099);
#177=CIRCLE('',#7449,115.400000000099);
#178=CIRCLE('',#7451,2.40000000000206);
#179=CIRCLE('',#7452,2.40000000000206);
#180=CIRCLE('',#7455,112.800000000097);
#181=CIRCLE('',#7456,112.800000000097);
#182=CIRCLE('',#7458,2.40000000000207);
#183=CIRCLE('',#7459,2.40000000000207);
#184=CIRCLE('',#7462,2.40000000000208);
#185=CIRCLE('',#7463,2.40000000000208);
#186=CIRCLE('',#7465,99.6000000000857);
#187=CIRCLE('',#7466,99.6000000000857);
#188=CIRCLE('',#7468,2.40332530730375);
#189=CIRCLE('',#7469,2.40332530730375);
#190=CIRCLE('',#7472,2.40000000000207);
#191=CIRCLE('',#7473,2.40000000000207);
#192=CIRCLE('',#7475,112.799999999831);
#193=CIRCLE('',#7476,112.799999999831);
#194=CIRCLE('',#7479,2.40000000000206);
#195=CIRCLE('',#7480,2.40000000000206);
#196=CIRCLE('',#7482,115.400000000099);
#197=CIRCLE('',#7483,115.400000000099);
#198=CIRCLE('',#7485,2.40000000000206);
#199=CIRCLE('',#7486,2.40000000000206);
#200=CIRCLE('',#7489,112.800000000097);
#201=CIRCLE('',#7490,112.800000000097);
#202=CIRCLE('',#7492,2.40000000000207);
#203=CIRCLE('',#7493,2.40000000000207);
#204=CIRCLE('',#7496,2.40000000000208);
#205=CIRCLE('',#7497,2.40000000000208);
#206=CIRCLE('',#7499,99.6000000000856);
#207=CIRCLE('',#7500,99.6000000000856);
#208=CIRCLE('',#7502,2.40332530730375);
#209=CIRCLE('',#7503,2.40332530730375);
#210=CIRCLE('',#7506,2.40000000000207);
#211=CIRCLE('',#7507,2.40000000000207);
#212=CIRCLE('',#7509,112.799999999831);
#213=CIRCLE('',#7510,112.799999999831);
#214=CIRCLE('',#7513,2.40000000000206);
#215=CIRCLE('',#7514,2.40000000000206);
#216=CIRCLE('',#7516,115.400000000099);
#217=CIRCLE('',#7517,115.400000000099);
#218=CIRCLE('',#7519,2.40000000000206);
#219=CIRCLE('',#7520,2.40000000000206);
#220=CIRCLE('',#7523,112.800000000097);
#221=CIRCLE('',#7524,112.800000000097);
#222=CIRCLE('',#7526,2.40000000000207);
#223=CIRCLE('',#7527,2.40000000000207);
#224=CIRCLE('',#7530,2.40000000000208);
#225=CIRCLE('',#7531,2.40000000000208);
#226=CIRCLE('',#7533,99.6000000000857);
#227=CIRCLE('',#7534,99.6000000000857);
#228=CIRCLE('',#7536,2.40332530730375);
#229=CIRCLE('',#7537,2.40332530730375);
#230=CIRCLE('',#7540,2.40000000000207);
#231=CIRCLE('',#7541,2.40000000000207);
#232=CIRCLE('',#7543,112.799999999831);
#233=CIRCLE('',#7544,112.799999999831);
#234=CIRCLE('',#7547,2.40000000000207);
#235=CIRCLE('',#7548,2.40000000000207);
#236=CIRCLE('',#7550,115.400000000099);
#237=CIRCLE('',#7551,115.400000000099);
#238=CIRCLE('',#7553,2.40000000000206);
#239=CIRCLE('',#7554,2.40000000000206);
#240=CIRCLE('',#7557,112.800000000097);
#241=CIRCLE('',#7558,112.800000000097);
#242=CIRCLE('',#7560,2.40000000000207);
#243=CIRCLE('',#7561,2.40000000000207);
#244=CIRCLE('',#7564,2.40000000000208);
#245=CIRCLE('',#7565,2.40000000000208);
#246=CIRCLE('',#7567,99.6000000000857);
#247=CIRCLE('',#7568,99.6000000000857);
#248=CIRCLE('',#7570,2.40332530730375);
#249=CIRCLE('',#7571,2.40332530730375);
#250=CIRCLE('',#7574,2.40000000000207);
#251=CIRCLE('',#7575,2.40000000000207);
#252=CIRCLE('',#7577,112.799999999831);
#253=CIRCLE('',#7578,112.799999999831);
#254=CIRCLE('',#7581,2.40000000000207);
#255=CIRCLE('',#7582,2.40000000000207);
#256=CIRCLE('',#7584,115.400000000099);
#257=CIRCLE('',#7585,115.400000000099);
#258=CIRCLE('',#7587,2.40000000000206);
#259=CIRCLE('',#7588,2.40000000000206);
#260=CIRCLE('',#7591,112.800000000097);
#261=CIRCLE('',#7592,112.800000000097);
#262=CIRCLE('',#7594,2.40000000000207);
#263=CIRCLE('',#7595,2.40000000000207);
#264=CIRCLE('',#7598,2.40000000000208);
#265=CIRCLE('',#7599,2.40000000000208);
#266=CIRCLE('',#7601,99.6000000000856);
#267=CIRCLE('',#7602,99.6000000000856);
#268=CIRCLE('',#7604,2.40332530730375);
#269=CIRCLE('',#7605,2.40332530730375);
#270=CIRCLE('',#7608,2.40000000000207);
#271=CIRCLE('',#7609,2.40000000000207);
#272=CIRCLE('',#7611,112.799999999831);
#273=CIRCLE('',#7612,112.799999999831);
#274=CIRCLE('',#7615,2.40000000000206);
#275=CIRCLE('',#7616,2.40000000000206);
#276=CIRCLE('',#7618,115.400000000099);
#277=CIRCLE('',#7619,115.400000000099);
#278=CIRCLE('',#7621,2.40000000000206);
#279=CIRCLE('',#7622,2.40000000000206);
#280=CIRCLE('',#7624,2.1);
#281=CIRCLE('',#7625,2.1);
#282=CIRCLE('',#7628,2.1);
#283=CIRCLE('',#7629,2.1);
#284=CIRCLE('',#7632,2.1);
#285=CIRCLE('',#7633,2.1);
#286=CIRCLE('',#7636,2.1);
#287=CIRCLE('',#7637,2.1);
#288=CIRCLE('',#7640,2.1);
#289=CIRCLE('',#7641,2.1);
#290=CIRCLE('',#7644,2.1);
#291=CIRCLE('',#7645,2.1);
#292=CIRCLE('',#7648,2.1);
#293=CIRCLE('',#7649,2.1);
#294=CIRCLE('',#7652,2.1);
#295=CIRCLE('',#7653,2.1);
#296=CIRCLE('',#7656,2.1);
#297=CIRCLE('',#7657,2.1);
#298=CIRCLE('',#7660,2.1);
#299=CIRCLE('',#7661,2.1);
#300=CIRCLE('',#7664,2.15);
#301=CIRCLE('',#7665,2.15);
#302=CIRCLE('',#7667,2.15);
#303=CIRCLE('',#7668,2.15);
#304=CIRCLE('',#7670,2.15);
#305=CIRCLE('',#7671,2.15);
#306=CIRCLE('',#7673,2.15);
#307=CIRCLE('',#7674,2.15);
#308=CIRCLE('',#7676,2.15);
#309=CIRCLE('',#7677,2.15);
#310=CIRCLE('',#7679,2.15);
#311=CIRCLE('',#7680,2.15);
#312=CIRCLE('',#7682,2.15);
#313=CIRCLE('',#7683,2.15);
#314=CIRCLE('',#7685,2.15);
#315=CIRCLE('',#7686,2.15);
#316=CIRCLE('',#7688,2.00000000000002);
#317=CIRCLE('',#7689,2.00000000000002);
#318=CIRCLE('',#7691,2.00000000000022);
#319=CIRCLE('',#7692,2.00000000000022);
#320=CIRCLE('',#7694,2.00000000000009);
#321=CIRCLE('',#7695,2.00000000000009);
#322=CIRCLE('',#7697,2.00000000000004);
#323=CIRCLE('',#7698,2.00000000000004);
#324=CIRCLE('',#7700,2.00000000000004);
#325=CIRCLE('',#7701,2.00000000000004);
#326=CIRCLE('',#7703,2.00000000000007);
#327=CIRCLE('',#7704,2.00000000000007);
#328=CIRCLE('',#7706,2.00000000000001);
#329=CIRCLE('',#7707,2.00000000000001);
#330=CIRCLE('',#7709,2.00000000000012);
#331=CIRCLE('',#7710,2.00000000000012);
#332=CIRCLE('',#7712,2.00000000000001);
#333=CIRCLE('',#7713,2.00000000000001);
#334=CIRCLE('',#7715,2.0000000000001);
#335=CIRCLE('',#7716,2.0000000000001);
#336=CIRCLE('',#7718,2.00000000000011);
#337=CIRCLE('',#7719,2.00000000000011);
#338=CIRCLE('',#7721,2.00000000000023);
#339=CIRCLE('',#7722,2.00000000000023);
#340=CIRCLE('',#7724,2.00000000000017);
#341=CIRCLE('',#7725,2.00000000000017);
#342=CIRCLE('',#7727,2.00000000000022);
#343=CIRCLE('',#7728,2.00000000000022);
#344=CIRCLE('',#7730,2.00000000000003);
#345=CIRCLE('',#7731,2.00000000000003);
#346=CIRCLE('',#7733,2.00000000000018);
#347=CIRCLE('',#7734,2.00000000000018);
#348=CIRCLE('',#7736,2.00000000000012);
#349=CIRCLE('',#7737,2.00000000000012);
#350=CIRCLE('',#7739,2.00000000000003);
#351=CIRCLE('',#7740,2.00000000000003);
#352=CIRCLE('',#7742,2.00000000000004);
#353=CIRCLE('',#7743,2.00000000000004);
#354=CIRCLE('',#7745,2.00000000000008);
#355=CIRCLE('',#7746,2.00000000000008);
#356=CIRCLE('',#7748,0.750000000000069);
#357=CIRCLE('',#7749,0.750000000000069);
#358=CIRCLE('',#7752,0.750000000000031);
#359=CIRCLE('',#7753,0.750000000000031);
#360=CIRCLE('',#7756,0.750000000000016);
#361=CIRCLE('',#7757,0.750000000000016);
#362=CIRCLE('',#7760,0.750000000000013);
#363=CIRCLE('',#7761,0.750000000000013);
#364=CIRCLE('',#7764,0.750000000000045);
#365=CIRCLE('',#7765,0.750000000000045);
#366=CIRCLE('',#7768,0.750000000000065);
#367=CIRCLE('',#7769,0.750000000000065);
#368=CIRCLE('',#7772,0.750000000000086);
#369=CIRCLE('',#7773,0.750000000000086);
#370=CIRCLE('',#7776,0.750000000000042);
#371=CIRCLE('',#7777,0.750000000000042);
#372=CIRCLE('',#7780,0.750000000000013);
#373=CIRCLE('',#7781,0.750000000000013);
#374=CIRCLE('',#7784,0.750000000000084);
#375=CIRCLE('',#7785,0.750000000000084);
#376=CIRCLE('',#7788,0.750000000000025);
#377=CIRCLE('',#7789,0.750000000000025);
#378=CIRCLE('',#7792,0.750000000000038);
#379=CIRCLE('',#7793,0.750000000000038);
#380=CIRCLE('',#7796,0.750000000000004);
#381=CIRCLE('',#7797,0.750000000000004);
#382=CIRCLE('',#7800,0.750000000000047);
#383=CIRCLE('',#7801,0.750000000000047);
#384=CIRCLE('',#7804,0.750000000000004);
#385=CIRCLE('',#7805,0.750000000000004);
#386=CIRCLE('',#7808,0.750000000000033);
#387=CIRCLE('',#7809,0.750000000000033);
#388=CIRCLE('',#7812,0.750000000000083);
#389=CIRCLE('',#7813,0.750000000000083);
#390=CIRCLE('',#7816,0.750000000000007);
#391=CIRCLE('',#7817,0.750000000000007);
#392=CIRCLE('',#7820,0.750000000000016);
#393=CIRCLE('',#7821,0.750000000000016);
#394=CIRCLE('',#7824,0.750000000000015);
#395=CIRCLE('',#7825,0.750000000000015);
#396=CIRCLE('',#7828,95.);
#397=CIRCLE('',#7829,2.10000000000019);
#398=CIRCLE('',#7830,2.10000000000019);
#399=CIRCLE('',#7831,2.10000000000019);
#400=CIRCLE('',#7832,2.10000000000019);
#401=CIRCLE('',#7833,2.10000000000009);
#402=CIRCLE('',#7834,2.10000000000009);
#403=CIRCLE('',#7835,2.10000000000009);
#404=CIRCLE('',#7836,2.10000000000009);
#405=CIRCLE('',#7837,2.10000000000004);
#406=CIRCLE('',#7838,2.10000000000004);
#407=CIRCLE('',#7839,2.10000000000004);
#408=CIRCLE('',#7840,2.10000000000004);
#409=CIRCLE('',#7841,2.10000000000004);
#410=CIRCLE('',#7842,2.10000000000004);
#411=CIRCLE('',#7843,2.10000000000004);
#412=CIRCLE('',#7844,2.10000000000004);
#413=CIRCLE('',#7845,2.10000000000012);
#414=CIRCLE('',#7846,2.10000000000012);
#415=CIRCLE('',#7847,2.10000000000012);
#416=CIRCLE('',#7848,2.10000000000012);
#417=CIRCLE('',#7849,2.10000000000018);
#418=CIRCLE('',#7850,2.10000000000018);
#419=CIRCLE('',#7851,2.10000000000018);
#420=CIRCLE('',#7852,2.10000000000018);
#421=CIRCLE('',#7853,2.10000000000024);
#422=CIRCLE('',#7854,2.10000000000024);
#423=CIRCLE('',#7855,2.10000000000024);
#424=CIRCLE('',#7856,2.10000000000024);
#425=CIRCLE('',#7857,2.10000000000012);
#426=CIRCLE('',#7858,2.10000000000012);
#427=CIRCLE('',#7859,2.10000000000012);
#428=CIRCLE('',#7860,2.10000000000012);
#429=CIRCLE('',#7861,2.10000000000004);
#430=CIRCLE('',#7862,2.10000000000004);
#431=CIRCLE('',#7863,2.10000000000004);
#432=CIRCLE('',#7864,2.10000000000004);
#433=CIRCLE('',#7865,2.10000000000023);
#434=CIRCLE('',#7866,2.10000000000023);
#435=CIRCLE('',#7867,2.10000000000023);
#436=CIRCLE('',#7868,2.10000000000023);
#437=CIRCLE('',#7869,2.10000000000007);
#438=CIRCLE('',#7870,2.10000000000007);
#439=CIRCLE('',#7871,2.10000000000007);
#440=CIRCLE('',#7872,2.10000000000007);
#441=CIRCLE('',#7873,2.1000000000001);
#442=CIRCLE('',#7874,2.1000000000001);
#443=CIRCLE('',#7875,2.1000000000001);
#444=CIRCLE('',#7876,2.1000000000001);
#445=CIRCLE('',#7877,2.10000000000001);
#446=CIRCLE('',#7878,2.10000000000001);
#447=CIRCLE('',#7879,2.10000000000001);
#448=CIRCLE('',#7880,2.10000000000001);
#449=CIRCLE('',#7881,2.10000000000013);
#450=CIRCLE('',#7882,2.10000000000013);
#451=CIRCLE('',#7883,2.10000000000013);
#452=CIRCLE('',#7884,2.10000000000013);
#453=CIRCLE('',#7885,2.10000000000001);
#454=CIRCLE('',#7886,2.10000000000001);
#455=CIRCLE('',#7887,2.10000000000001);
#456=CIRCLE('',#7888,2.10000000000001);
#457=CIRCLE('',#7889,2.10000000000009);
#458=CIRCLE('',#7890,2.10000000000009);
#459=CIRCLE('',#7891,2.10000000000009);
#460=CIRCLE('',#7892,2.10000000000009);
#461=CIRCLE('',#7893,2.10000000000023);
#462=CIRCLE('',#7894,2.10000000000023);
#463=CIRCLE('',#7895,2.10000000000023);
#464=CIRCLE('',#7896,2.10000000000023);
#465=CIRCLE('',#7897,2.10000000000002);
#466=CIRCLE('',#7898,2.10000000000002);
#467=CIRCLE('',#7899,2.10000000000002);
#468=CIRCLE('',#7900,2.10000000000002);
#469=CIRCLE('',#7901,2.10000000000004);
#470=CIRCLE('',#7902,2.10000000000004);
#471=CIRCLE('',#7903,2.10000000000004);
#472=CIRCLE('',#7904,2.10000000000004);
#473=CIRCLE('',#7905,2.10000000000004);
#474=CIRCLE('',#7906,2.10000000000004);
#475=CIRCLE('',#7907,2.10000000000004);
#476=CIRCLE('',#7908,2.10000000000004);
#477=CIRCLE('',#7909,60.);
#478=CIRCLE('',#7912,2.10000000000019);
#479=CIRCLE('',#7915,2.10000000000019);
#480=CIRCLE('',#7918,2.10000000000019);
#481=CIRCLE('',#7921,2.10000000000019);
#482=CIRCLE('',#7925,2.10000000000009);
#483=CIRCLE('',#7928,2.10000000000009);
#484=CIRCLE('',#7931,2.10000000000009);
#485=CIRCLE('',#7934,2.10000000000009);
#486=CIRCLE('',#7938,2.10000000000004);
#487=CIRCLE('',#7941,2.10000000000004);
#488=CIRCLE('',#7944,2.10000000000004);
#489=CIRCLE('',#7947,2.10000000000004);
#490=CIRCLE('',#7951,2.10000000000004);
#491=CIRCLE('',#7954,2.10000000000004);
#492=CIRCLE('',#7957,2.10000000000004);
#493=CIRCLE('',#7960,2.10000000000004);
#494=CIRCLE('',#7964,2.10000000000012);
#495=CIRCLE('',#7967,2.10000000000012);
#496=CIRCLE('',#7970,2.10000000000012);
#497=CIRCLE('',#7973,2.10000000000012);
#498=CIRCLE('',#7976,2.10000000000018);
#499=CIRCLE('',#7979,2.10000000000018);
#500=CIRCLE('',#7982,2.10000000000018);
#501=CIRCLE('',#7985,2.10000000000018);
#502=CIRCLE('',#7990,2.10000000000024);
#503=CIRCLE('',#7993,2.10000000000024);
#504=CIRCLE('',#7996,2.10000000000024);
#505=CIRCLE('',#7999,2.10000000000024);
#506=CIRCLE('',#8003,2.10000000000012);
#507=CIRCLE('',#8006,2.10000000000012);
#508=CIRCLE('',#8009,2.10000000000012);
#509=CIRCLE('',#8012,2.10000000000012);
#510=CIRCLE('',#8016,2.10000000000004);
#511=CIRCLE('',#8019,2.10000000000004);
#512=CIRCLE('',#8022,2.10000000000004);
#513=CIRCLE('',#8025,2.10000000000004);
#514=CIRCLE('',#8029,2.10000000000023);
#515=CIRCLE('',#8032,2.10000000000023);
#516=CIRCLE('',#8035,2.10000000000023);
#517=CIRCLE('',#8038,2.10000000000023);
#518=CIRCLE('',#8042,2.10000000000007);
#519=CIRCLE('',#8045,2.10000000000007);
#520=CIRCLE('',#8048,2.10000000000007);
#521=CIRCLE('',#8051,2.10000000000007);
#522=CIRCLE('',#8054,2.1000000000001);
#523=CIRCLE('',#8057,2.1000000000001);
#524=CIRCLE('',#8060,2.1000000000001);
#525=CIRCLE('',#8063,2.1000000000001);
#526=CIRCLE('',#8068,2.10000000000001);
#527=CIRCLE('',#8071,2.10000000000001);
#528=CIRCLE('',#8074,2.10000000000001);
#529=CIRCLE('',#8077,2.10000000000001);
#530=CIRCLE('',#8081,2.10000000000013);
#531=CIRCLE('',#8084,2.10000000000013);
#532=CIRCLE('',#8087,2.10000000000013);
#533=CIRCLE('',#8090,2.10000000000013);
#534=CIRCLE('',#8094,2.10000000000001);
#535=CIRCLE('',#8097,2.10000000000001);
#536=CIRCLE('',#8100,2.10000000000001);
#537=CIRCLE('',#8103,2.10000000000001);
#538=CIRCLE('',#8107,2.10000000000009);
#539=CIRCLE('',#8110,2.10000000000009);
#540=CIRCLE('',#8113,2.10000000000009);
#541=CIRCLE('',#8116,2.10000000000009);
#542=CIRCLE('',#8120,2.10000000000023);
#543=CIRCLE('',#8123,2.10000000000023);
#544=CIRCLE('',#8126,2.10000000000023);
#545=CIRCLE('',#8129,2.10000000000023);
#546=CIRCLE('',#8132,2.10000000000002);
#547=CIRCLE('',#8135,2.10000000000002);
#548=CIRCLE('',#8138,2.10000000000002);
#549=CIRCLE('',#8141,2.10000000000002);
#550=CIRCLE('',#8146,2.10000000000004);
#551=CIRCLE('',#8149,2.10000000000004);
#552=CIRCLE('',#8152,2.10000000000004);
#553=CIRCLE('',#8155,2.10000000000004);
#554=CIRCLE('',#8159,2.10000000000004);
#555=CIRCLE('',#8162,2.10000000000004);
#556=CIRCLE('',#8165,2.10000000000004);
#557=CIRCLE('',#8168,2.10000000000004);
#558=CIRCLE('',#8171,95.);
#559=CIRCLE('',#8173,60.);
#560=CIRCLE('',#8175,120.);
#561=CIRCLE('',#8176,120.);
#562=CYLINDRICAL_SURFACE('',#7352,112.800000000097);
#563=CYLINDRICAL_SURFACE('',#7355,2.40000000000207);
#564=CYLINDRICAL_SURFACE('',#7359,2.40000000000208);
#565=CYLINDRICAL_SURFACE('',#7362,99.6000000000856);
#566=CYLINDRICAL_SURFACE('',#7365,2.40332530730375);
#567=CYLINDRICAL_SURFACE('',#7369,2.40000000000207);
#568=CYLINDRICAL_SURFACE('',#7372,112.799999999831);
#569=CYLINDRICAL_SURFACE('',#7376,2.40000000000207);
#570=CYLINDRICAL_SURFACE('',#7379,115.400000000099);
#571=CYLINDRICAL_SURFACE('',#7382,2.40000000000206);
#572=CYLINDRICAL_SURFACE('',#7386,112.800000000097);
#573=CYLINDRICAL_SURFACE('',#7389,2.40000000000207);
#574=CYLINDRICAL_SURFACE('',#7393,2.40000000000208);
#575=CYLINDRICAL_SURFACE('',#7396,99.6000000000857);
#576=CYLINDRICAL_SURFACE('',#7399,2.40332530730375);
#577=CYLINDRICAL_SURFACE('',#7403,2.40000000000207);
#578=CYLINDRICAL_SURFACE('',#7406,112.799999999831);
#579=CYLINDRICAL_SURFACE('',#7410,2.40000000000206);
#580=CYLINDRICAL_SURFACE('',#7413,115.400000000099);
#581=CYLINDRICAL_SURFACE('',#7416,2.40000000000206);
#582=CYLINDRICAL_SURFACE('',#7420,112.800000000097);
#583=CYLINDRICAL_SURFACE('',#7423,2.40000000000207);
#584=CYLINDRICAL_SURFACE('',#7427,2.40000000000208);
#585=CYLINDRICAL_SURFACE('',#7430,99.6000000000856);
#586=CYLINDRICAL_SURFACE('',#7433,2.40332530730375);
#587=CYLINDRICAL_SURFACE('',#7437,2.40000000000207);
#588=CYLINDRICAL_SURFACE('',#7440,112.799999999831);
#589=CYLINDRICAL_SURFACE('',#7444,2.40000000000206);
#590=CYLINDRICAL_SURFACE('',#7447,115.400000000099);
#591=CYLINDRICAL_SURFACE('',#7450,2.40000000000206);
#592=CYLINDRICAL_SURFACE('',#7454,112.800000000097);
#593=CYLINDRICAL_SURFACE('',#7457,2.40000000000207);
#594=CYLINDRICAL_SURFACE('',#7461,2.40000000000208);
#595=CYLINDRICAL_SURFACE('',#7464,99.6000000000857);
#596=CYLINDRICAL_SURFACE('',#7467,2.40332530730375);
#597=CYLINDRICAL_SURFACE('',#7471,2.40000000000207);
#598=CYLINDRICAL_SURFACE('',#7474,112.799999999831);
#599=CYLINDRICAL_SURFACE('',#7478,2.40000000000206);
#600=CYLINDRICAL_SURFACE('',#7481,115.400000000099);
#601=CYLINDRICAL_SURFACE('',#7484,2.40000000000206);
#602=CYLINDRICAL_SURFACE('',#7488,112.800000000097);
#603=CYLINDRICAL_SURFACE('',#7491,2.40000000000207);
#604=CYLINDRICAL_SURFACE('',#7495,2.40000000000208);
#605=CYLINDRICAL_SURFACE('',#7498,99.6000000000856);
#606=CYLINDRICAL_SURFACE('',#7501,2.40332530730375);
#607=CYLINDRICAL_SURFACE('',#7505,2.40000000000207);
#608=CYLINDRICAL_SURFACE('',#7508,112.799999999831);
#609=CYLINDRICAL_SURFACE('',#7512,2.40000000000206);
#610=CYLINDRICAL_SURFACE('',#7515,115.400000000099);
#611=CYLINDRICAL_SURFACE('',#7518,2.40000000000206);
#612=CYLINDRICAL_SURFACE('',#7522,112.800000000097);
#613=CYLINDRICAL_SURFACE('',#7525,2.40000000000207);
#614=CYLINDRICAL_SURFACE('',#7529,2.40000000000208);
#615=CYLINDRICAL_SURFACE('',#7532,99.6000000000857);
#616=CYLINDRICAL_SURFACE('',#7535,2.40332530730375);
#617=CYLINDRICAL_SURFACE('',#7539,2.40000000000207);
#618=CYLINDRICAL_SURFACE('',#7542,112.799999999831);
#619=CYLINDRICAL_SURFACE('',#7546,2.40000000000207);
#620=CYLINDRICAL_SURFACE('',#7549,115.400000000099);
#621=CYLINDRICAL_SURFACE('',#7552,2.40000000000206);
#622=CYLINDRICAL_SURFACE('',#7556,112.800000000097);
#623=CYLINDRICAL_SURFACE('',#7559,2.40000000000207);
#624=CYLINDRICAL_SURFACE('',#7563,2.40000000000208);
#625=CYLINDRICAL_SURFACE('',#7566,99.6000000000857);
#626=CYLINDRICAL_SURFACE('',#7569,2.40332530730375);
#627=CYLINDRICAL_SURFACE('',#7573,2.40000000000207);
#628=CYLINDRICAL_SURFACE('',#7576,112.799999999831);
#629=CYLINDRICAL_SURFACE('',#7580,2.40000000000207);
#630=CYLINDRICAL_SURFACE('',#7583,115.400000000099);
#631=CYLINDRICAL_SURFACE('',#7586,2.40000000000206);
#632=CYLINDRICAL_SURFACE('',#7590,112.800000000097);
#633=CYLINDRICAL_SURFACE('',#7593,2.40000000000207);
#634=CYLINDRICAL_SURFACE('',#7597,2.40000000000208);
#635=CYLINDRICAL_SURFACE('',#7600,99.6000000000856);
#636=CYLINDRICAL_SURFACE('',#7603,2.40332530730375);
#637=CYLINDRICAL_SURFACE('',#7607,2.40000000000207);
#638=CYLINDRICAL_SURFACE('',#7610,112.799999999831);
#639=CYLINDRICAL_SURFACE('',#7614,2.40000000000206);
#640=CYLINDRICAL_SURFACE('',#7617,115.400000000099);
#641=CYLINDRICAL_SURFACE('',#7620,2.40000000000206);
#642=CYLINDRICAL_SURFACE('',#7623,2.1);
#643=CYLINDRICAL_SURFACE('',#7627,2.1);
#644=CYLINDRICAL_SURFACE('',#7631,2.1);
#645=CYLINDRICAL_SURFACE('',#7635,2.1);
#646=CYLINDRICAL_SURFACE('',#7639,2.1);
#647=CYLINDRICAL_SURFACE('',#7643,2.1);
#648=CYLINDRICAL_SURFACE('',#7647,2.1);
#649=CYLINDRICAL_SURFACE('',#7651,2.1);
#650=CYLINDRICAL_SURFACE('',#7655,2.1);
#651=CYLINDRICAL_SURFACE('',#7659,2.1);
#652=CYLINDRICAL_SURFACE('',#7663,2.15);
#653=CYLINDRICAL_SURFACE('',#7666,2.15);
#654=CYLINDRICAL_SURFACE('',#7669,2.15);
#655=CYLINDRICAL_SURFACE('',#7672,2.15);
#656=CYLINDRICAL_SURFACE('',#7675,2.15);
#657=CYLINDRICAL_SURFACE('',#7678,2.15);
#658=CYLINDRICAL_SURFACE('',#7681,2.15);
#659=CYLINDRICAL_SURFACE('',#7684,2.15);
#660=CYLINDRICAL_SURFACE('',#7687,2.00000000000002);
#661=CYLINDRICAL_SURFACE('',#7690,2.00000000000022);
#662=CYLINDRICAL_SURFACE('',#7693,2.00000000000009);
#663=CYLINDRICAL_SURFACE('',#7696,2.00000000000004);
#664=CYLINDRICAL_SURFACE('',#7699,2.00000000000004);
#665=CYLINDRICAL_SURFACE('',#7702,2.00000000000007);
#666=CYLINDRICAL_SURFACE('',#7705,2.00000000000001);
#667=CYLINDRICAL_SURFACE('',#7708,2.00000000000012);
#668=CYLINDRICAL_SURFACE('',#7711,2.00000000000001);
#669=CYLINDRICAL_SURFACE('',#7714,2.0000000000001);
#670=CYLINDRICAL_SURFACE('',#7717,2.00000000000011);
#671=CYLINDRICAL_SURFACE('',#7720,2.00000000000023);
#672=CYLINDRICAL_SURFACE('',#7723,2.00000000000017);
#673=CYLINDRICAL_SURFACE('',#7726,2.00000000000022);
#674=CYLINDRICAL_SURFACE('',#7729,2.00000000000003);
#675=CYLINDRICAL_SURFACE('',#7732,2.00000000000018);
#676=CYLINDRICAL_SURFACE('',#7735,2.00000000000012);
#677=CYLINDRICAL_SURFACE('',#7738,2.00000000000003);
#678=CYLINDRICAL_SURFACE('',#7741,2.00000000000004);
#679=CYLINDRICAL_SURFACE('',#7744,2.00000000000008);
#680=CYLINDRICAL_SURFACE('',#7747,0.750000000000069);
#681=CYLINDRICAL_SURFACE('',#7751,0.750000000000031);
#682=CYLINDRICAL_SURFACE('',#7755,0.750000000000016);
#683=CYLINDRICAL_SURFACE('',#7759,0.750000000000013);
#684=CYLINDRICAL_SURFACE('',#7763,0.750000000000045);
#685=CYLINDRICAL_SURFACE('',#7767,0.750000000000065);
#686=CYLINDRICAL_SURFACE('',#7771,0.750000000000086);
#687=CYLINDRICAL_SURFACE('',#7775,0.750000000000042);
#688=CYLINDRICAL_SURFACE('',#7779,0.750000000000013);
#689=CYLINDRICAL_SURFACE('',#7783,0.750000000000084);
#690=CYLINDRICAL_SURFACE('',#7787,0.750000000000025);
#691=CYLINDRICAL_SURFACE('',#7791,0.750000000000037);
#692=CYLINDRICAL_SURFACE('',#7795,0.750000000000004);
#693=CYLINDRICAL_SURFACE('',#7799,0.750000000000047);
#694=CYLINDRICAL_SURFACE('',#7803,0.750000000000004);
#695=CYLINDRICAL_SURFACE('',#7807,0.750000000000033);
#696=CYLINDRICAL_SURFACE('',#7811,0.750000000000083);
#697=CYLINDRICAL_SURFACE('',#7815,0.750000000000007);
#698=CYLINDRICAL_SURFACE('',#7819,0.750000000000016);
#699=CYLINDRICAL_SURFACE('',#7823,0.750000000000015);
#700=CYLINDRICAL_SURFACE('',#7911,2.10000000000019);
#701=CYLINDRICAL_SURFACE('',#7914,2.10000000000019);
#702=CYLINDRICAL_SURFACE('',#7917,2.10000000000019);
#703=CYLINDRICAL_SURFACE('',#7920,2.10000000000019);
#704=CYLINDRICAL_SURFACE('',#7924,2.10000000000009);
#705=CYLINDRICAL_SURFACE('',#7927,2.10000000000009);
#706=CYLINDRICAL_SURFACE('',#7930,2.10000000000009);
#707=CYLINDRICAL_SURFACE('',#7933,2.10000000000009);
#708=CYLINDRICAL_SURFACE('',#7937,2.10000000000004);
#709=CYLINDRICAL_SURFACE('',#7940,2.10000000000004);
#710=CYLINDRICAL_SURFACE('',#7943,2.10000000000004);
#711=CYLINDRICAL_SURFACE('',#7946,2.10000000000004);
#712=CYLINDRICAL_SURFACE('',#7950,2.10000000000004);
#713=CYLINDRICAL_SURFACE('',#7953,2.10000000000004);
#714=CYLINDRICAL_SURFACE('',#7956,2.10000000000004);
#715=CYLINDRICAL_SURFACE('',#7959,2.10000000000004);
#716=CYLINDRICAL_SURFACE('',#7963,2.10000000000012);
#717=CYLINDRICAL_SURFACE('',#7966,2.10000000000012);
#718=CYLINDRICAL_SURFACE('',#7969,2.10000000000012);
#719=CYLINDRICAL_SURFACE('',#7972,2.10000000000012);
#720=CYLINDRICAL_SURFACE('',#7975,2.10000000000018);
#721=CYLINDRICAL_SURFACE('',#7978,2.10000000000018);
#722=CYLINDRICAL_SURFACE('',#7981,2.10000000000018);
#723=CYLINDRICAL_SURFACE('',#7984,2.10000000000018);
#724=CYLINDRICAL_SURFACE('',#7989,2.10000000000024);
#725=CYLINDRICAL_SURFACE('',#7992,2.10000000000024);
#726=CYLINDRICAL_SURFACE('',#7995,2.10000000000024);
#727=CYLINDRICAL_SURFACE('',#7998,2.10000000000024);
#728=CYLINDRICAL_SURFACE('',#8002,2.10000000000011);
#729=CYLINDRICAL_SURFACE('',#8005,2.10000000000012);
#730=CYLINDRICAL_SURFACE('',#8008,2.10000000000012);
#731=CYLINDRICAL_SURFACE('',#8011,2.10000000000012);
#732=CYLINDRICAL_SURFACE('',#8015,2.10000000000004);
#733=CYLINDRICAL_SURFACE('',#8018,2.10000000000004);
#734=CYLINDRICAL_SURFACE('',#8021,2.10000000000004);
#735=CYLINDRICAL_SURFACE('',#8024,2.10000000000004);
#736=CYLINDRICAL_SURFACE('',#8028,2.10000000000023);
#737=CYLINDRICAL_SURFACE('',#8031,2.10000000000023);
#738=CYLINDRICAL_SURFACE('',#8034,2.10000000000023);
#739=CYLINDRICAL_SURFACE('',#8037,2.10000000000023);
#740=CYLINDRICAL_SURFACE('',#8041,2.10000000000007);
#741=CYLINDRICAL_SURFACE('',#8044,2.10000000000007);
#742=CYLINDRICAL_SURFACE('',#8047,2.10000000000007);
#743=CYLINDRICAL_SURFACE('',#8050,2.10000000000007);
#744=CYLINDRICAL_SURFACE('',#8053,2.1000000000001);
#745=CYLINDRICAL_SURFACE('',#8056,2.1000000000001);
#746=CYLINDRICAL_SURFACE('',#8059,2.1000000000001);
#747=CYLINDRICAL_SURFACE('',#8062,2.1000000000001);
#748=CYLINDRICAL_SURFACE('',#8067,2.10000000000001);
#749=CYLINDRICAL_SURFACE('',#8070,2.10000000000001);
#750=CYLINDRICAL_SURFACE('',#8073,2.10000000000001);
#751=CYLINDRICAL_SURFACE('',#8076,2.10000000000001);
#752=CYLINDRICAL_SURFACE('',#8080,2.10000000000013);
#753=CYLINDRICAL_SURFACE('',#8083,2.10000000000013);
#754=CYLINDRICAL_SURFACE('',#8086,2.10000000000013);
#755=CYLINDRICAL_SURFACE('',#8089,2.10000000000013);
#756=CYLINDRICAL_SURFACE('',#8093,2.10000000000001);
#757=CYLINDRICAL_SURFACE('',#8096,2.10000000000001);
#758=CYLINDRICAL_SURFACE('',#8099,2.10000000000001);
#759=CYLINDRICAL_SURFACE('',#8102,2.10000000000001);
#760=CYLINDRICAL_SURFACE('',#8106,2.10000000000009);
#761=CYLINDRICAL_SURFACE('',#8109,2.10000000000009);
#762=CYLINDRICAL_SURFACE('',#8112,2.10000000000009);
#763=CYLINDRICAL_SURFACE('',#8115,2.10000000000009);
#764=CYLINDRICAL_SURFACE('',#8119,2.10000000000023);
#765=CYLINDRICAL_SURFACE('',#8122,2.10000000000023);
#766=CYLINDRICAL_SURFACE('',#8125,2.10000000000023);
#767=CYLINDRICAL_SURFACE('',#8128,2.10000000000023);
#768=CYLINDRICAL_SURFACE('',#8131,2.10000000000002);
#769=CYLINDRICAL_SURFACE('',#8134,2.10000000000002);
#770=CYLINDRICAL_SURFACE('',#8137,2.10000000000002);
#771=CYLINDRICAL_SURFACE('',#8140,2.10000000000002);
#772=CYLINDRICAL_SURFACE('',#8145,2.10000000000004);
#773=CYLINDRICAL_SURFACE('',#8148,2.10000000000004);
#774=CYLINDRICAL_SURFACE('',#8151,2.10000000000004);
#775=CYLINDRICAL_SURFACE('',#8154,2.10000000000004);
#776=CYLINDRICAL_SURFACE('',#8158,2.10000000000004);
#777=CYLINDRICAL_SURFACE('',#8161,2.10000000000004);
#778=CYLINDRICAL_SURFACE('',#8164,2.10000000000004);
#779=CYLINDRICAL_SURFACE('',#8167,2.10000000000004);
#780=CYLINDRICAL_SURFACE('',#8170,95.);
#781=CYLINDRICAL_SURFACE('',#8172,60.);
#782=CYLINDRICAL_SURFACE('',#8174,120.);
#783=FACE_OUTER_BOUND('',#1169,.T.);
#784=FACE_OUTER_BOUND('',#1170,.T.);
#785=FACE_OUTER_BOUND('',#1171,.T.);
#786=FACE_OUTER_BOUND('',#1172,.T.);
#787=FACE_OUTER_BOUND('',#1173,.T.);
#788=FACE_OUTER_BOUND('',#1174,.T.);
#789=FACE_OUTER_BOUND('',#1175,.T.);
#790=FACE_OUTER_BOUND('',#1176,.T.);
#791=FACE_OUTER_BOUND('',#1177,.T.);
#792=FACE_OUTER_BOUND('',#1178,.T.);
#793=FACE_OUTER_BOUND('',#1179,.T.);
#794=FACE_OUTER_BOUND('',#1180,.T.);
#795=FACE_OUTER_BOUND('',#1181,.T.);
#796=FACE_OUTER_BOUND('',#1182,.T.);
#797=FACE_OUTER_BOUND('',#1183,.T.);
#798=FACE_OUTER_BOUND('',#1184,.T.);
#799=FACE_OUTER_BOUND('',#1185,.T.);
#800=FACE_OUTER_BOUND('',#1186,.T.);
#801=FACE_OUTER_BOUND('',#1187,.T.);
#802=FACE_OUTER_BOUND('',#1188,.T.);
#803=FACE_OUTER_BOUND('',#1189,.T.);
#804=FACE_OUTER_BOUND('',#1190,.T.);
#805=FACE_OUTER_BOUND('',#1191,.T.);
#806=FACE_OUTER_BOUND('',#1192,.T.);
#807=FACE_OUTER_BOUND('',#1193,.T.);
#808=FACE_OUTER_BOUND('',#1194,.T.);
#809=FACE_OUTER_BOUND('',#1195,.T.);
#810=FACE_OUTER_BOUND('',#1196,.T.);
#811=FACE_OUTER_BOUND('',#1197,.T.);
#812=FACE_OUTER_BOUND('',#1198,.T.);
#813=FACE_OUTER_BOUND('',#1199,.T.);
#814=FACE_OUTER_BOUND('',#1200,.T.);
#815=FACE_OUTER_BOUND('',#1201,.T.);
#816=FACE_OUTER_BOUND('',#1202,.T.);
#817=FACE_OUTER_BOUND('',#1203,.T.);
#818=FACE_OUTER_BOUND('',#1204,.T.);
#819=FACE_OUTER_BOUND('',#1205,.T.);
#820=FACE_OUTER_BOUND('',#1206,.T.);
#821=FACE_OUTER_BOUND('',#1207,.T.);
#822=FACE_OUTER_BOUND('',#1208,.T.);
#823=FACE_OUTER_BOUND('',#1209,.T.);
#824=FACE_OUTER_BOUND('',#1210,.T.);
#825=FACE_OUTER_BOUND('',#1211,.T.);
#826=FACE_OUTER_BOUND('',#1212,.T.);
#827=FACE_OUTER_BOUND('',#1213,.T.);
#828=FACE_OUTER_BOUND('',#1214,.T.);
#829=FACE_OUTER_BOUND('',#1215,.T.);
#830=FACE_OUTER_BOUND('',#1216,.T.);
#831=FACE_OUTER_BOUND('',#1217,.T.);
#832=FACE_OUTER_BOUND('',#1218,.T.);
#833=FACE_OUTER_BOUND('',#1219,.T.);
#834=FACE_OUTER_BOUND('',#1220,.T.);
#835=FACE_OUTER_BOUND('',#1221,.T.);
#836=FACE_OUTER_BOUND('',#1222,.T.);
#837=FACE_OUTER_BOUND('',#1223,.T.);
#838=FACE_OUTER_BOUND('',#1224,.T.);
#839=FACE_OUTER_BOUND('',#1225,.T.);
#840=FACE_OUTER_BOUND('',#1226,.T.);
#841=FACE_OUTER_BOUND('',#1227,.T.);
#842=FACE_OUTER_BOUND('',#1228,.T.);
#843=FACE_OUTER_BOUND('',#1229,.T.);
#844=FACE_OUTER_BOUND('',#1230,.T.);
#845=FACE_OUTER_BOUND('',#1231,.T.);
#846=FACE_OUTER_BOUND('',#1232,.T.);
#847=FACE_OUTER_BOUND('',#1233,.T.);
#848=FACE_OUTER_BOUND('',#1234,.T.);
#849=FACE_OUTER_BOUND('',#1235,.T.);
#850=FACE_OUTER_BOUND('',#1236,.T.);
#851=FACE_OUTER_BOUND('',#1237,.T.);
#852=FACE_OUTER_BOUND('',#1238,.T.);
#853=FACE_OUTER_BOUND('',#1239,.T.);
#854=FACE_OUTER_BOUND('',#1240,.T.);
#855=FACE_OUTER_BOUND('',#1241,.T.);
#856=FACE_OUTER_BOUND('',#1242,.T.);
#857=FACE_OUTER_BOUND('',#1243,.T.);
#858=FACE_OUTER_BOUND('',#1244,.T.);
#859=FACE_OUTER_BOUND('',#1245,.T.);
#860=FACE_OUTER_BOUND('',#1246,.T.);
#861=FACE_OUTER_BOUND('',#1247,.T.);
#862=FACE_OUTER_BOUND('',#1248,.T.);
#863=FACE_OUTER_BOUND('',#1249,.T.);
#864=FACE_OUTER_BOUND('',#1250,.T.);
#865=FACE_OUTER_BOUND('',#1251,.T.);
#866=FACE_OUTER_BOUND('',#1252,.T.);
#867=FACE_OUTER_BOUND('',#1253,.T.);
#868=FACE_OUTER_BOUND('',#1254,.T.);
#869=FACE_OUTER_BOUND('',#1255,.T.);
#870=FACE_OUTER_BOUND('',#1256,.T.);
#871=FACE_OUTER_BOUND('',#1257,.T.);
#872=FACE_OUTER_BOUND('',#1258,.T.);
#873=FACE_OUTER_BOUND('',#1259,.T.);
#874=FACE_OUTER_BOUND('',#1260,.T.);
#875=FACE_OUTER_BOUND('',#1261,.T.);
#876=FACE_OUTER_BOUND('',#1262,.T.);
#877=FACE_OUTER_BOUND('',#1263,.T.);
#878=FACE_OUTER_BOUND('',#1264,.T.);
#879=FACE_OUTER_BOUND('',#1265,.T.);
#880=FACE_OUTER_BOUND('',#1266,.T.);
#881=FACE_OUTER_BOUND('',#1267,.T.);
#882=FACE_OUTER_BOUND('',#1268,.T.);
#883=FACE_OUTER_BOUND('',#1269,.T.);
#884=FACE_OUTER_BOUND('',#1270,.T.);
#885=FACE_OUTER_BOUND('',#1271,.T.);
#886=FACE_OUTER_BOUND('',#1272,.T.);
#887=FACE_OUTER_BOUND('',#1273,.T.);
#888=FACE_OUTER_BOUND('',#1274,.T.);
#889=FACE_OUTER_BOUND('',#1275,.T.);
#890=FACE_OUTER_BOUND('',#1276,.T.);
#891=FACE_OUTER_BOUND('',#1277,.T.);
#892=FACE_OUTER_BOUND('',#1278,.T.);
#893=FACE_OUTER_BOUND('',#1279,.T.);
#894=FACE_OUTER_BOUND('',#1280,.T.);
#895=FACE_OUTER_BOUND('',#1281,.T.);
#896=FACE_OUTER_BOUND('',#1282,.T.);
#897=FACE_OUTER_BOUND('',#1283,.T.);
#898=FACE_OUTER_BOUND('',#1284,.T.);
#899=FACE_OUTER_BOUND('',#1285,.T.);
#900=FACE_OUTER_BOUND('',#1286,.T.);
#901=FACE_OUTER_BOUND('',#1287,.T.);
#902=FACE_OUTER_BOUND('',#1288,.T.);
#903=FACE_OUTER_BOUND('',#1289,.T.);
#904=FACE_OUTER_BOUND('',#1290,.T.);
#905=FACE_OUTER_BOUND('',#1291,.T.);
#906=FACE_OUTER_BOUND('',#1292,.T.);
#907=FACE_OUTER_BOUND('',#1293,.T.);
#908=FACE_OUTER_BOUND('',#1294,.T.);
#909=FACE_OUTER_BOUND('',#1295,.T.);
#910=FACE_OUTER_BOUND('',#1296,.T.);
#911=FACE_OUTER_BOUND('',#1297,.T.);
#912=FACE_OUTER_BOUND('',#1298,.T.);
#913=FACE_OUTER_BOUND('',#1299,.T.);
#914=FACE_OUTER_BOUND('',#1300,.T.);
#915=FACE_OUTER_BOUND('',#1301,.T.);
#916=FACE_OUTER_BOUND('',#1302,.T.);
#917=FACE_OUTER_BOUND('',#1303,.T.);
#918=FACE_OUTER_BOUND('',#1304,.T.);
#919=FACE_OUTER_BOUND('',#1305,.T.);
#920=FACE_OUTER_BOUND('',#1306,.T.);
#921=FACE_OUTER_BOUND('',#1307,.T.);
#922=FACE_OUTER_BOUND('',#1308,.T.);
#923=FACE_OUTER_BOUND('',#1309,.T.);
#924=FACE_OUTER_BOUND('',#1310,.T.);
#925=FACE_OUTER_BOUND('',#1311,.T.);
#926=FACE_OUTER_BOUND('',#1312,.T.);
#927=FACE_OUTER_BOUND('',#1313,.T.);
#928=FACE_OUTER_BOUND('',#1314,.T.);
#929=FACE_OUTER_BOUND('',#1315,.T.);
#930=FACE_OUTER_BOUND('',#1316,.T.);
#931=FACE_OUTER_BOUND('',#1317,.T.);
#932=FACE_OUTER_BOUND('',#1318,.T.);
#933=FACE_OUTER_BOUND('',#1319,.T.);
#934=FACE_OUTER_BOUND('',#1320,.T.);
#935=FACE_OUTER_BOUND('',#1321,.T.);
#936=FACE_OUTER_BOUND('',#1322,.T.);
#937=FACE_OUTER_BOUND('',#1323,.T.);
#938=FACE_OUTER_BOUND('',#1324,.T.);
#939=FACE_OUTER_BOUND('',#1325,.T.);
#940=FACE_OUTER_BOUND('',#1326,.T.);
#941=FACE_OUTER_BOUND('',#1327,.T.);
#942=FACE_OUTER_BOUND('',#1328,.T.);
#943=FACE_OUTER_BOUND('',#1329,.T.);
#944=FACE_OUTER_BOUND('',#1330,.T.);
#945=FACE_OUTER_BOUND('',#1331,.T.);
#946=FACE_OUTER_BOUND('',#1332,.T.);
#947=FACE_OUTER_BOUND('',#1333,.T.);
#948=FACE_OUTER_BOUND('',#1334,.T.);
#949=FACE_OUTER_BOUND('',#1335,.T.);
#950=FACE_OUTER_BOUND('',#1336,.T.);
#951=FACE_OUTER_BOUND('',#1337,.T.);
#952=FACE_OUTER_BOUND('',#1338,.T.);
#953=FACE_OUTER_BOUND('',#1339,.T.);
#954=FACE_OUTER_BOUND('',#1340,.T.);
#955=FACE_OUTER_BOUND('',#1341,.T.);
#956=FACE_OUTER_BOUND('',#1342,.T.);
#957=FACE_OUTER_BOUND('',#1343,.T.);
#958=FACE_OUTER_BOUND('',#1344,.T.);
#959=FACE_OUTER_BOUND('',#1345,.T.);
#960=FACE_OUTER_BOUND('',#1346,.T.);
#961=FACE_OUTER_BOUND('',#1347,.T.);
#962=FACE_OUTER_BOUND('',#1348,.T.);
#963=FACE_OUTER_BOUND('',#1349,.T.);
#964=FACE_OUTER_BOUND('',#1350,.T.);
#965=FACE_OUTER_BOUND('',#1351,.T.);
#966=FACE_OUTER_BOUND('',#1352,.T.);
#967=FACE_OUTER_BOUND('',#1353,.T.);
#968=FACE_OUTER_BOUND('',#1354,.T.);
#969=FACE_OUTER_BOUND('',#1355,.T.);
#970=FACE_OUTER_BOUND('',#1356,.T.);
#971=FACE_OUTER_BOUND('',#1357,.T.);
#972=FACE_OUTER_BOUND('',#1358,.T.);
#973=FACE_OUTER_BOUND('',#1359,.T.);
#974=FACE_OUTER_BOUND('',#1360,.T.);
#975=FACE_OUTER_BOUND('',#1361,.T.);
#976=FACE_OUTER_BOUND('',#1362,.T.);
#977=FACE_OUTER_BOUND('',#1363,.T.);
#978=FACE_OUTER_BOUND('',#1364,.T.);
#979=FACE_OUTER_BOUND('',#1365,.T.);
#980=FACE_OUTER_BOUND('',#1366,.T.);
#981=FACE_OUTER_BOUND('',#1367,.T.);
#982=FACE_OUTER_BOUND('',#1368,.T.);
#983=FACE_OUTER_BOUND('',#1369,.T.);
#984=FACE_OUTER_BOUND('',#1401,.T.);
#985=FACE_OUTER_BOUND('',#1402,.T.);
#986=FACE_OUTER_BOUND('',#1403,.T.);
#987=FACE_OUTER_BOUND('',#1404,.T.);
#988=FACE_OUTER_BOUND('',#1405,.T.);
#989=FACE_OUTER_BOUND('',#1406,.T.);
#990=FACE_OUTER_BOUND('',#1407,.T.);
#991=FACE_OUTER_BOUND('',#1408,.T.);
#992=FACE_OUTER_BOUND('',#1409,.T.);
#993=FACE_OUTER_BOUND('',#1411,.T.);
#994=FACE_OUTER_BOUND('',#1412,.T.);
#995=FACE_OUTER_BOUND('',#1413,.T.);
#996=FACE_OUTER_BOUND('',#1414,.T.);
#997=FACE_OUTER_BOUND('',#1415,.T.);
#998=FACE_OUTER_BOUND('',#1416,.T.);
#999=FACE_OUTER_BOUND('',#1417,.T.);
#1000=FACE_OUTER_BOUND('',#1418,.T.);
#1001=FACE_OUTER_BOUND('',#1419,.T.);
#1002=FACE_OUTER_BOUND('',#1421,.T.);
#1003=FACE_OUTER_BOUND('',#1422,.T.);
#1004=FACE_OUTER_BOUND('',#1423,.T.);
#1005=FACE_OUTER_BOUND('',#1424,.T.);
#1006=FACE_OUTER_BOUND('',#1425,.T.);
#1007=FACE_OUTER_BOUND('',#1426,.T.);
#1008=FACE_OUTER_BOUND('',#1427,.T.);
#1009=FACE_OUTER_BOUND('',#1428,.T.);
#1010=FACE_OUTER_BOUND('',#1429,.T.);
#1011=FACE_OUTER_BOUND('',#1431,.T.);
#1012=FACE_OUTER_BOUND('',#1432,.T.);
#1013=FACE_OUTER_BOUND('',#1433,.T.);
#1014=FACE_OUTER_BOUND('',#1434,.T.);
#1015=FACE_OUTER_BOUND('',#1435,.T.);
#1016=FACE_OUTER_BOUND('',#1436,.T.);
#1017=FACE_OUTER_BOUND('',#1437,.T.);
#1018=FACE_OUTER_BOUND('',#1438,.T.);
#1019=FACE_OUTER_BOUND('',#1439,.T.);
#1020=FACE_OUTER_BOUND('',#1441,.T.);
#1021=FACE_OUTER_BOUND('',#1442,.T.);
#1022=FACE_OUTER_BOUND('',#1443,.T.);
#1023=FACE_OUTER_BOUND('',#1444,.T.);
#1024=FACE_OUTER_BOUND('',#1445,.T.);
#1025=FACE_OUTER_BOUND('',#1446,.T.);
#1026=FACE_OUTER_BOUND('',#1447,.T.);
#1027=FACE_OUTER_BOUND('',#1448,.T.);
#1028=FACE_OUTER_BOUND('',#1449,.T.);
#1029=FACE_OUTER_BOUND('',#1451,.T.);
#1030=FACE_OUTER_BOUND('',#1452,.T.);
#1031=FACE_OUTER_BOUND('',#1453,.T.);
#1032=FACE_OUTER_BOUND('',#1454,.T.);
#1033=FACE_OUTER_BOUND('',#1455,.T.);
#1034=FACE_OUTER_BOUND('',#1456,.T.);
#1035=FACE_OUTER_BOUND('',#1457,.T.);
#1036=FACE_OUTER_BOUND('',#1458,.T.);
#1037=FACE_OUTER_BOUND('',#1459,.T.);
#1038=FACE_OUTER_BOUND('',#1461,.T.);
#1039=FACE_OUTER_BOUND('',#1462,.T.);
#1040=FACE_OUTER_BOUND('',#1463,.T.);
#1041=FACE_OUTER_BOUND('',#1464,.T.);
#1042=FACE_OUTER_BOUND('',#1465,.T.);
#1043=FACE_OUTER_BOUND('',#1466,.T.);
#1044=FACE_OUTER_BOUND('',#1467,.T.);
#1045=FACE_OUTER_BOUND('',#1468,.T.);
#1046=FACE_OUTER_BOUND('',#1469,.T.);
#1047=FACE_OUTER_BOUND('',#1471,.T.);
#1048=FACE_OUTER_BOUND('',#1472,.T.);
#1049=FACE_OUTER_BOUND('',#1473,.T.);
#1050=FACE_OUTER_BOUND('',#1474,.T.);
#1051=FACE_OUTER_BOUND('',#1475,.T.);
#1052=FACE_OUTER_BOUND('',#1476,.T.);
#1053=FACE_OUTER_BOUND('',#1477,.T.);
#1054=FACE_OUTER_BOUND('',#1478,.T.);
#1055=FACE_OUTER_BOUND('',#1479,.T.);
#1056=FACE_OUTER_BOUND('',#1481,.T.);
#1057=FACE_OUTER_BOUND('',#1482,.T.);
#1058=FACE_OUTER_BOUND('',#1483,.T.);
#1059=FACE_OUTER_BOUND('',#1484,.T.);
#1060=FACE_OUTER_BOUND('',#1485,.T.);
#1061=FACE_OUTER_BOUND('',#1486,.T.);
#1062=FACE_OUTER_BOUND('',#1487,.T.);
#1063=FACE_OUTER_BOUND('',#1488,.T.);
#1064=FACE_OUTER_BOUND('',#1489,.T.);
#1065=FACE_OUTER_BOUND('',#1491,.T.);
#1066=FACE_OUTER_BOUND('',#1492,.T.);
#1067=FACE_OUTER_BOUND('',#1493,.T.);
#1068=FACE_OUTER_BOUND('',#1494,.T.);
#1069=FACE_OUTER_BOUND('',#1495,.T.);
#1070=FACE_OUTER_BOUND('',#1496,.T.);
#1071=FACE_OUTER_BOUND('',#1497,.T.);
#1072=FACE_OUTER_BOUND('',#1498,.T.);
#1073=FACE_OUTER_BOUND('',#1499,.T.);
#1074=FACE_OUTER_BOUND('',#1501,.T.);
#1075=FACE_OUTER_BOUND('',#1502,.T.);
#1076=FACE_OUTER_BOUND('',#1503,.T.);
#1077=FACE_OUTER_BOUND('',#1504,.T.);
#1078=FACE_OUTER_BOUND('',#1505,.T.);
#1079=FACE_OUTER_BOUND('',#1506,.T.);
#1080=FACE_OUTER_BOUND('',#1507,.T.);
#1081=FACE_OUTER_BOUND('',#1508,.T.);
#1082=FACE_OUTER_BOUND('',#1509,.T.);
#1083=FACE_OUTER_BOUND('',#1511,.T.);
#1084=FACE_OUTER_BOUND('',#1512,.T.);
#1085=FACE_OUTER_BOUND('',#1513,.T.);
#1086=FACE_OUTER_BOUND('',#1514,.T.);
#1087=FACE_OUTER_BOUND('',#1515,.T.);
#1088=FACE_OUTER_BOUND('',#1516,.T.);
#1089=FACE_OUTER_BOUND('',#1517,.T.);
#1090=FACE_OUTER_BOUND('',#1518,.T.);
#1091=FACE_OUTER_BOUND('',#1519,.T.);
#1092=FACE_OUTER_BOUND('',#1521,.T.);
#1093=FACE_OUTER_BOUND('',#1522,.T.);
#1094=FACE_OUTER_BOUND('',#1523,.T.);
#1095=FACE_OUTER_BOUND('',#1524,.T.);
#1096=FACE_OUTER_BOUND('',#1525,.T.);
#1097=FACE_OUTER_BOUND('',#1526,.T.);
#1098=FACE_OUTER_BOUND('',#1527,.T.);
#1099=FACE_OUTER_BOUND('',#1528,.T.);
#1100=FACE_OUTER_BOUND('',#1529,.T.);
#1101=FACE_OUTER_BOUND('',#1531,.T.);
#1102=FACE_OUTER_BOUND('',#1532,.T.);
#1103=FACE_OUTER_BOUND('',#1533,.T.);
#1104=FACE_OUTER_BOUND('',#1534,.T.);
#1105=FACE_OUTER_BOUND('',#1535,.T.);
#1106=FACE_OUTER_BOUND('',#1536,.T.);
#1107=FACE_OUTER_BOUND('',#1537,.T.);
#1108=FACE_OUTER_BOUND('',#1538,.T.);
#1109=FACE_OUTER_BOUND('',#1539,.T.);
#1110=FACE_OUTER_BOUND('',#1541,.T.);
#1111=FACE_OUTER_BOUND('',#1542,.T.);
#1112=FACE_OUTER_BOUND('',#1543,.T.);
#1113=FACE_OUTER_BOUND('',#1544,.T.);
#1114=FACE_OUTER_BOUND('',#1545,.T.);
#1115=FACE_OUTER_BOUND('',#1546,.T.);
#1116=FACE_OUTER_BOUND('',#1547,.T.);
#1117=FACE_OUTER_BOUND('',#1548,.T.);
#1118=FACE_OUTER_BOUND('',#1549,.T.);
#1119=FACE_OUTER_BOUND('',#1551,.T.);
#1120=FACE_OUTER_BOUND('',#1552,.T.);
#1121=FACE_OUTER_BOUND('',#1553,.T.);
#1122=FACE_OUTER_BOUND('',#1554,.T.);
#1123=FACE_OUTER_BOUND('',#1555,.T.);
#1124=FACE_OUTER_BOUND('',#1556,.T.);
#1125=FACE_OUTER_BOUND('',#1557,.T.);
#1126=FACE_OUTER_BOUND('',#1558,.T.);
#1127=FACE_OUTER_BOUND('',#1559,.T.);
#1128=FACE_OUTER_BOUND('',#1561,.T.);
#1129=FACE_OUTER_BOUND('',#1562,.T.);
#1130=FACE_OUTER_BOUND('',#1563,.T.);
#1131=FACE_OUTER_BOUND('',#1564,.T.);
#1132=FACE_OUTER_BOUND('',#1565,.T.);
#1133=FACE_OUTER_BOUND('',#1566,.T.);
#1134=FACE_OUTER_BOUND('',#1567,.T.);
#1135=FACE_OUTER_BOUND('',#1568,.T.);
#1136=FACE_OUTER_BOUND('',#1569,.T.);
#1137=FACE_OUTER_BOUND('',#1571,.T.);
#1138=FACE_OUTER_BOUND('',#1572,.T.);
#1139=FACE_OUTER_BOUND('',#1573,.T.);
#1140=FACE_OUTER_BOUND('',#1574,.T.);
#1141=FACE_OUTER_BOUND('',#1575,.T.);
#1142=FACE_OUTER_BOUND('',#1576,.T.);
#1143=FACE_OUTER_BOUND('',#1577,.T.);
#1144=FACE_OUTER_BOUND('',#1578,.T.);
#1145=FACE_OUTER_BOUND('',#1579,.T.);
#1146=FACE_OUTER_BOUND('',#1581,.T.);
#1147=FACE_OUTER_BOUND('',#1582,.T.);
#1148=FACE_OUTER_BOUND('',#1583,.T.);
#1149=FACE_OUTER_BOUND('',#1584,.T.);
#1150=FACE_OUTER_BOUND('',#1585,.T.);
#1151=FACE_OUTER_BOUND('',#1586,.T.);
#1152=FACE_OUTER_BOUND('',#1587,.T.);
#1153=FACE_OUTER_BOUND('',#1588,.T.);
#1154=FACE_OUTER_BOUND('',#1589,.T.);
#1155=FACE_OUTER_BOUND('',#1591,.T.);
#1156=FACE_OUTER_BOUND('',#1592,.T.);
#1157=FACE_OUTER_BOUND('',#1593,.T.);
#1158=FACE_OUTER_BOUND('',#1594,.T.);
#1159=FACE_OUTER_BOUND('',#1595,.T.);
#1160=FACE_OUTER_BOUND('',#1596,.T.);
#1161=FACE_OUTER_BOUND('',#1597,.T.);
#1162=FACE_OUTER_BOUND('',#1598,.T.);
#1163=FACE_OUTER_BOUND('',#1599,.T.);
#1164=FACE_OUTER_BOUND('',#1601,.T.);
#1165=FACE_OUTER_BOUND('',#1602,.T.);
#1166=FACE_OUTER_BOUND('',#1603,.T.);
#1167=FACE_OUTER_BOUND('',#1604,.T.);
#1168=FACE_OUTER_BOUND('',#1622,.T.);
#1169=EDGE_LOOP('',(#4659,#4660,#4661,#4662));
#1170=EDGE_LOOP('',(#4663,#4664,#4665,#4666));
#1171=EDGE_LOOP('',(#4667,#4668,#4669,#4670));
#1172=EDGE_LOOP('',(#4671,#4672,#4673,#4674));
#1173=EDGE_LOOP('',(#4675,#4676,#4677,#4678));
#1174=EDGE_LOOP('',(#4679,#4680,#4681,#4682));
#1175=EDGE_LOOP('',(#4683,#4684,#4685,#4686));
#1176=EDGE_LOOP('',(#4687,#4688,#4689,#4690));
#1177=EDGE_LOOP('',(#4691,#4692,#4693,#4694));
#1178=EDGE_LOOP('',(#4695,#4696,#4697,#4698));
#1179=EDGE_LOOP('',(#4699,#4700,#4701,#4702));
#1180=EDGE_LOOP('',(#4703,#4704,#4705,#4706));
#1181=EDGE_LOOP('',(#4707,#4708,#4709,#4710));
#1182=EDGE_LOOP('',(#4711,#4712,#4713,#4714));
#1183=EDGE_LOOP('',(#4715,#4716,#4717,#4718));
#1184=EDGE_LOOP('',(#4719,#4720,#4721,#4722));
#1185=EDGE_LOOP('',(#4723,#4724,#4725,#4726));
#1186=EDGE_LOOP('',(#4727,#4728,#4729,#4730));
#1187=EDGE_LOOP('',(#4731,#4732,#4733,#4734));
#1188=EDGE_LOOP('',(#4735,#4736,#4737,#4738));
#1189=EDGE_LOOP('',(#4739,#4740,#4741,#4742));
#1190=EDGE_LOOP('',(#4743,#4744,#4745,#4746));
#1191=EDGE_LOOP('',(#4747,#4748,#4749,#4750));
#1192=EDGE_LOOP('',(#4751,#4752,#4753,#4754));
#1193=EDGE_LOOP('',(#4755,#4756,#4757,#4758));
#1194=EDGE_LOOP('',(#4759,#4760,#4761,#4762));
#1195=EDGE_LOOP('',(#4763,#4764,#4765,#4766));
#1196=EDGE_LOOP('',(#4767,#4768,#4769,#4770));
#1197=EDGE_LOOP('',(#4771,#4772,#4773,#4774));
#1198=EDGE_LOOP('',(#4775,#4776,#4777,#4778));
#1199=EDGE_LOOP('',(#4779,#4780,#4781,#4782));
#1200=EDGE_LOOP('',(#4783,#4784,#4785,#4786));
#1201=EDGE_LOOP('',(#4787,#4788,#4789,#4790));
#1202=EDGE_LOOP('',(#4791,#4792,#4793,#4794));
#1203=EDGE_LOOP('',(#4795,#4796,#4797,#4798));
#1204=EDGE_LOOP('',(#4799,#4800,#4801,#4802));
#1205=EDGE_LOOP('',(#4803,#4804,#4805,#4806));
#1206=EDGE_LOOP('',(#4807,#4808,#4809,#4810));
#1207=EDGE_LOOP('',(#4811,#4812,#4813,#4814));
#1208=EDGE_LOOP('',(#4815,#4816,#4817,#4818));
#1209=EDGE_LOOP('',(#4819,#4820,#4821,#4822));
#1210=EDGE_LOOP('',(#4823,#4824,#4825,#4826));
#1211=EDGE_LOOP('',(#4827,#4828,#4829,#4830));
#1212=EDGE_LOOP('',(#4831,#4832,#4833,#4834));
#1213=EDGE_LOOP('',(#4835,#4836,#4837,#4838));
#1214=EDGE_LOOP('',(#4839,#4840,#4841,#4842));
#1215=EDGE_LOOP('',(#4843,#4844,#4845,#4846));
#1216=EDGE_LOOP('',(#4847,#4848,#4849,#4850));
#1217=EDGE_LOOP('',(#4851,#4852,#4853,#4854));
#1218=EDGE_LOOP('',(#4855,#4856,#4857,#4858));
#1219=EDGE_LOOP('',(#4859,#4860,#4861,#4862));
#1220=EDGE_LOOP('',(#4863,#4864,#4865,#4866));
#1221=EDGE_LOOP('',(#4867,#4868,#4869,#4870));
#1222=EDGE_LOOP('',(#4871,#4872,#4873,#4874));
#1223=EDGE_LOOP('',(#4875,#4876,#4877,#4878));
#1224=EDGE_LOOP('',(#4879,#4880,#4881,#4882));
#1225=EDGE_LOOP('',(#4883,#4884,#4885,#4886));
#1226=EDGE_LOOP('',(#4887,#4888,#4889,#4890));
#1227=EDGE_LOOP('',(#4891,#4892,#4893,#4894));
#1228=EDGE_LOOP('',(#4895,#4896,#4897,#4898));
#1229=EDGE_LOOP('',(#4899,#4900,#4901,#4902));
#1230=EDGE_LOOP('',(#4903,#4904,#4905,#4906));
#1231=EDGE_LOOP('',(#4907,#4908,#4909,#4910));
#1232=EDGE_LOOP('',(#4911,#4912,#4913,#4914));
#1233=EDGE_LOOP('',(#4915,#4916,#4917,#4918));
#1234=EDGE_LOOP('',(#4919,#4920,#4921,#4922));
#1235=EDGE_LOOP('',(#4923,#4924,#4925,#4926));
#1236=EDGE_LOOP('',(#4927,#4928,#4929,#4930));
#1237=EDGE_LOOP('',(#4931,#4932,#4933,#4934));
#1238=EDGE_LOOP('',(#4935,#4936,#4937,#4938));
#1239=EDGE_LOOP('',(#4939,#4940,#4941,#4942));
#1240=EDGE_LOOP('',(#4943,#4944,#4945,#4946));
#1241=EDGE_LOOP('',(#4947,#4948,#4949,#4950));
#1242=EDGE_LOOP('',(#4951,#4952,#4953,#4954));
#1243=EDGE_LOOP('',(#4955,#4956,#4957,#4958));
#1244=EDGE_LOOP('',(#4959,#4960,#4961,#4962));
#1245=EDGE_LOOP('',(#4963,#4964,#4965,#4966));
#1246=EDGE_LOOP('',(#4967,#4968,#4969,#4970));
#1247=EDGE_LOOP('',(#4971,#4972,#4973,#4974));
#1248=EDGE_LOOP('',(#4975,#4976,#4977,#4978));
#1249=EDGE_LOOP('',(#4979,#4980,#4981,#4982));
#1250=EDGE_LOOP('',(#4983,#4984,#4985,#4986));
#1251=EDGE_LOOP('',(#4987,#4988,#4989,#4990));
#1252=EDGE_LOOP('',(#4991,#4992,#4993,#4994));
#1253=EDGE_LOOP('',(#4995,#4996,#4997,#4998));
#1254=EDGE_LOOP('',(#4999,#5000,#5001,#5002));
#1255=EDGE_LOOP('',(#5003,#5004,#5005,#5006));
#1256=EDGE_LOOP('',(#5007,#5008,#5009,#5010));
#1257=EDGE_LOOP('',(#5011,#5012,#5013,#5014));
#1258=EDGE_LOOP('',(#5015,#5016,#5017,#5018));
#1259=EDGE_LOOP('',(#5019,#5020,#5021,#5022));
#1260=EDGE_LOOP('',(#5023,#5024,#5025,#5026));
#1261=EDGE_LOOP('',(#5027,#5028,#5029,#5030));
#1262=EDGE_LOOP('',(#5031,#5032,#5033,#5034));
#1263=EDGE_LOOP('',(#5035,#5036,#5037,#5038));
#1264=EDGE_LOOP('',(#5039,#5040,#5041,#5042));
#1265=EDGE_LOOP('',(#5043,#5044,#5045,#5046));
#1266=EDGE_LOOP('',(#5047,#5048,#5049,#5050));
#1267=EDGE_LOOP('',(#5051,#5052,#5053,#5054));
#1268=EDGE_LOOP('',(#5055,#5056,#5057,#5058));
#1269=EDGE_LOOP('',(#5059,#5060,#5061,#5062));
#1270=EDGE_LOOP('',(#5063,#5064,#5065,#5066));
#1271=EDGE_LOOP('',(#5067,#5068,#5069,#5070));
#1272=EDGE_LOOP('',(#5071,#5072,#5073,#5074));
#1273=EDGE_LOOP('',(#5075,#5076,#5077,#5078));
#1274=EDGE_LOOP('',(#5079,#5080,#5081,#5082));
#1275=EDGE_LOOP('',(#5083,#5084,#5085,#5086));
#1276=EDGE_LOOP('',(#5087,#5088,#5089,#5090));
#1277=EDGE_LOOP('',(#5091,#5092,#5093,#5094));
#1278=EDGE_LOOP('',(#5095,#5096,#5097,#5098));
#1279=EDGE_LOOP('',(#5099,#5100,#5101,#5102));
#1280=EDGE_LOOP('',(#5103,#5104,#5105,#5106));
#1281=EDGE_LOOP('',(#5107,#5108,#5109,#5110));
#1282=EDGE_LOOP('',(#5111));
#1283=EDGE_LOOP('',(#5112,#5113,#5114,#5115));
#1284=EDGE_LOOP('',(#5116));
#1285=EDGE_LOOP('',(#5117,#5118,#5119,#5120));
#1286=EDGE_LOOP('',(#5121));
#1287=EDGE_LOOP('',(#5122,#5123,#5124,#5125));
#1288=EDGE_LOOP('',(#5126));
#1289=EDGE_LOOP('',(#5127,#5128,#5129,#5130));
#1290=EDGE_LOOP('',(#5131));
#1291=EDGE_LOOP('',(#5132,#5133,#5134,#5135));
#1292=EDGE_LOOP('',(#5136));
#1293=EDGE_LOOP('',(#5137,#5138,#5139,#5140));
#1294=EDGE_LOOP('',(#5141));
#1295=EDGE_LOOP('',(#5142,#5143,#5144,#5145));
#1296=EDGE_LOOP('',(#5146));
#1297=EDGE_LOOP('',(#5147,#5148,#5149,#5150));
#1298=EDGE_LOOP('',(#5151));
#1299=EDGE_LOOP('',(#5152,#5153,#5154,#5155));
#1300=EDGE_LOOP('',(#5156));
#1301=EDGE_LOOP('',(#5157,#5158,#5159,#5160));
#1302=EDGE_LOOP('',(#5161,#5162,#5163,#5164));
#1303=EDGE_LOOP('',(#5165,#5166,#5167,#5168));
#1304=EDGE_LOOP('',(#5169,#5170,#5171,#5172));
#1305=EDGE_LOOP('',(#5173,#5174,#5175,#5176));
#1306=EDGE_LOOP('',(#5177,#5178,#5179,#5180));
#1307=EDGE_LOOP('',(#5181,#5182,#5183,#5184));
#1308=EDGE_LOOP('',(#5185,#5186,#5187,#5188));
#1309=EDGE_LOOP('',(#5189,#5190,#5191,#5192));
#1310=EDGE_LOOP('',(#5193,#5194,#5195,#5196));
#1311=EDGE_LOOP('',(#5197,#5198,#5199,#5200));
#1312=EDGE_LOOP('',(#5201,#5202,#5203,#5204));
#1313=EDGE_LOOP('',(#5205,#5206,#5207,#5208));
#1314=EDGE_LOOP('',(#5209,#5210,#5211,#5212));
#1315=EDGE_LOOP('',(#5213,#5214,#5215,#5216));
#1316=EDGE_LOOP('',(#5217,#5218,#5219,#5220));
#1317=EDGE_LOOP('',(#5221,#5222,#5223,#5224));
#1318=EDGE_LOOP('',(#5225,#5226,#5227,#5228));
#1319=EDGE_LOOP('',(#5229,#5230,#5231,#5232));
#1320=EDGE_LOOP('',(#5233,#5234,#5235,#5236));
#1321=EDGE_LOOP('',(#5237,#5238,#5239,#5240));
#1322=EDGE_LOOP('',(#5241,#5242,#5243,#5244));
#1323=EDGE_LOOP('',(#5245,#5246,#5247,#5248));
#1324=EDGE_LOOP('',(#5249,#5250,#5251,#5252));
#1325=EDGE_LOOP('',(#5253,#5254,#5255,#5256));
#1326=EDGE_LOOP('',(#5257,#5258,#5259,#5260));
#1327=EDGE_LOOP('',(#5261,#5262,#5263,#5264));
#1328=EDGE_LOOP('',(#5265,#5266,#5267,#5268));
#1329=EDGE_LOOP('',(#5269,#5270,#5271,#5272));
#1330=EDGE_LOOP('',(#5273,#5274));
#1331=EDGE_LOOP('',(#5275,#5276,#5277,#5278));
#1332=EDGE_LOOP('',(#5279,#5280));
#1333=EDGE_LOOP('',(#5281,#5282,#5283,#5284));
#1334=EDGE_LOOP('',(#5285,#5286));
#1335=EDGE_LOOP('',(#5287,#5288,#5289,#5290));
#1336=EDGE_LOOP('',(#5291,#5292));
#1337=EDGE_LOOP('',(#5293,#5294,#5295,#5296));
#1338=EDGE_LOOP('',(#5297,#5298));
#1339=EDGE_LOOP('',(#5299,#5300,#5301,#5302));
#1340=EDGE_LOOP('',(#5303,#5304));
#1341=EDGE_LOOP('',(#5305,#5306,#5307,#5308));
#1342=EDGE_LOOP('',(#5309,#5310));
#1343=EDGE_LOOP('',(#5311,#5312,#5313,#5314));
#1344=EDGE_LOOP('',(#5315,#5316));
#1345=EDGE_LOOP('',(#5317,#5318,#5319,#5320));
#1346=EDGE_LOOP('',(#5321,#5322));
#1347=EDGE_LOOP('',(#5323,#5324,#5325,#5326));
#1348=EDGE_LOOP('',(#5327,#5328));
#1349=EDGE_LOOP('',(#5329,#5330,#5331,#5332));
#1350=EDGE_LOOP('',(#5333,#5334));
#1351=EDGE_LOOP('',(#5335,#5336,#5337,#5338));
#1352=EDGE_LOOP('',(#5339,#5340));
#1353=EDGE_LOOP('',(#5341,#5342,#5343,#5344));
#1354=EDGE_LOOP('',(#5345,#5346));
#1355=EDGE_LOOP('',(#5347,#5348,#5349,#5350));
#1356=EDGE_LOOP('',(#5351,#5352));
#1357=EDGE_LOOP('',(#5353,#5354,#5355,#5356));
#1358=EDGE_LOOP('',(#5357,#5358));
#1359=EDGE_LOOP('',(#5359,#5360,#5361,#5362));
#1360=EDGE_LOOP('',(#5363,#5364));
#1361=EDGE_LOOP('',(#5365,#5366,#5367,#5368));
#1362=EDGE_LOOP('',(#5369,#5370));
#1363=EDGE_LOOP('',(#5371,#5372,#5373,#5374));
#1364=EDGE_LOOP('',(#5375,#5376));
#1365=EDGE_LOOP('',(#5377,#5378,#5379,#5380));
#1366=EDGE_LOOP('',(#5381,#5382));
#1367=EDGE_LOOP('',(#5383,#5384,#5385,#5386));
#1368=EDGE_LOOP('',(#5387,#5388));
#1369=EDGE_LOOP('',(#5389));
#1370=EDGE_LOOP('',(#5390));
#1371=EDGE_LOOP('',(#5391));
#1372=EDGE_LOOP('',(#5392));
#1373=EDGE_LOOP('',(#5393));
#1374=EDGE_LOOP('',(#5394));
#1375=EDGE_LOOP('',(#5395));
#1376=EDGE_LOOP('',(#5396));
#1377=EDGE_LOOP('',(#5397));
#1378=EDGE_LOOP('',(#5398));
#1379=EDGE_LOOP('',(#5399));
#1380=EDGE_LOOP('',(#5400,#5401,#5402,#5403,#5404,#5405,#5406,#5407,#5408,
#5409));
#1381=EDGE_LOOP('',(#5410,#5411,#5412,#5413,#5414,#5415,#5416,#5417,#5418,
#5419));
#1382=EDGE_LOOP('',(#5420,#5421,#5422,#5423,#5424,#5425,#5426,#5427,#5428,
#5429));
#1383=EDGE_LOOP('',(#5430,#5431,#5432,#5433,#5434,#5435,#5436,#5437,#5438,
#5439));
#1384=EDGE_LOOP('',(#5440,#5441,#5442,#5443,#5444,#5445,#5446,#5447,#5448,
#5449));
#1385=EDGE_LOOP('',(#5450,#5451,#5452,#5453,#5454,#5455,#5456,#5457,#5458,
#5459));
#1386=EDGE_LOOP('',(#5460,#5461,#5462,#5463,#5464,#5465,#5466,#5467,#5468,
#5469));
#1387=EDGE_LOOP('',(#5470,#5471,#5472,#5473,#5474,#5475,#5476,#5477,#5478,
#5479));
#1388=EDGE_LOOP('',(#5480,#5481,#5482,#5483,#5484,#5485,#5486,#5487,#5488,
#5489));
#1389=EDGE_LOOP('',(#5490,#5491,#5492,#5493,#5494,#5495,#5496,#5497,#5498,
#5499));
#1390=EDGE_LOOP('',(#5500,#5501,#5502,#5503,#5504,#5505,#5506,#5507,#5508,
#5509));
#1391=EDGE_LOOP('',(#5510,#5511,#5512,#5513,#5514,#5515,#5516,#5517,#5518,
#5519));
#1392=EDGE_LOOP('',(#5520,#5521,#5522,#5523,#5524,#5525,#5526,#5527,#5528,
#5529));
#1393=EDGE_LOOP('',(#5530,#5531,#5532,#5533,#5534,#5535,#5536,#5537,#5538,
#5539));
#1394=EDGE_LOOP('',(#5540,#5541,#5542,#5543,#5544,#5545,#5546,#5547,#5548,
#5549));
#1395=EDGE_LOOP('',(#5550,#5551,#5552,#5553,#5554,#5555,#5556,#5557,#5558,
#5559));
#1396=EDGE_LOOP('',(#5560,#5561,#5562,#5563,#5564,#5565,#5566,#5567,#5568,
#5569));
#1397=EDGE_LOOP('',(#5570,#5571,#5572,#5573,#5574,#5575,#5576,#5577,#5578,
#5579));
#1398=EDGE_LOOP('',(#5580,#5581,#5582,#5583,#5584,#5585,#5586,#5587,#5588,
#5589));
#1399=EDGE_LOOP('',(#5590,#5591,#5592,#5593,#5594,#5595,#5596,#5597,#5598,
#5599));
#1400=EDGE_LOOP('',(#5600));
#1401=EDGE_LOOP('',(#5601,#5602,#5603,#5604));
#1402=EDGE_LOOP('',(#5605,#5606,#5607,#5608));
#1403=EDGE_LOOP('',(#5609,#5610,#5611,#5612));
#1404=EDGE_LOOP('',(#5613,#5614,#5615,#5616));
#1405=EDGE_LOOP('',(#5617,#5618,#5619,#5620,#5621,#5622,#5623,#5624));
#1406=EDGE_LOOP('',(#5625,#5626,#5627,#5628));
#1407=EDGE_LOOP('',(#5629,#5630,#5631,#5632));
#1408=EDGE_LOOP('',(#5633,#5634,#5635,#5636));
#1409=EDGE_LOOP('',(#5637,#5638,#5639,#5640,#5641,#5642,#5643,#5644));
#1410=EDGE_LOOP('',(#5645));
#1411=EDGE_LOOP('',(#5646,#5647,#5648,#5649,#5650,#5651,#5652,#5653));
#1412=EDGE_LOOP('',(#5654,#5655,#5656,#5657));
#1413=EDGE_LOOP('',(#5658,#5659,#5660,#5661));
#1414=EDGE_LOOP('',(#5662,#5663,#5664,#5665));
#1415=EDGE_LOOP('',(#5666,#5667,#5668,#5669));
#1416=EDGE_LOOP('',(#5670,#5671,#5672,#5673));
#1417=EDGE_LOOP('',(#5674,#5675,#5676,#5677));
#1418=EDGE_LOOP('',(#5678,#5679,#5680,#5681));
#1419=EDGE_LOOP('',(#5682,#5683,#5684,#5685,#5686,#5687,#5688,#5689));
#1420=EDGE_LOOP('',(#5690));
#1421=EDGE_LOOP('',(#5691,#5692,#5693,#5694));
#1422=EDGE_LOOP('',(#5695,#5696,#5697,#5698));
#1423=EDGE_LOOP('',(#5699,#5700,#5701,#5702,#5703,#5704,#5705,#5706));
#1424=EDGE_LOOP('',(#5707,#5708,#5709,#5710));
#1425=EDGE_LOOP('',(#5711,#5712,#5713,#5714));
#1426=EDGE_LOOP('',(#5715,#5716,#5717,#5718));
#1427=EDGE_LOOP('',(#5719,#5720,#5721,#5722));
#1428=EDGE_LOOP('',(#5723,#5724,#5725,#5726));
#1429=EDGE_LOOP('',(#5727,#5728,#5729,#5730,#5731,#5732,#5733,#5734));
#1430=EDGE_LOOP('',(#5735));
#1431=EDGE_LOOP('',(#5736,#5737,#5738,#5739));
#1432=EDGE_LOOP('',(#5740,#5741,#5742,#5743));
#1433=EDGE_LOOP('',(#5744,#5745,#5746,#5747));
#1434=EDGE_LOOP('',(#5748,#5749,#5750,#5751));
#1435=EDGE_LOOP('',(#5752,#5753,#5754,#5755,#5756,#5757,#5758,#5759));
#1436=EDGE_LOOP('',(#5760,#5761,#5762,#5763));
#1437=EDGE_LOOP('',(#5764,#5765,#5766,#5767));
#1438=EDGE_LOOP('',(#5768,#5769,#5770,#5771));
#1439=EDGE_LOOP('',(#5772,#5773,#5774,#5775,#5776,#5777,#5778,#5779));
#1440=EDGE_LOOP('',(#5780));
#1441=EDGE_LOOP('',(#5781,#5782,#5783,#5784));
#1442=EDGE_LOOP('',(#5785,#5786,#5787,#5788));
#1443=EDGE_LOOP('',(#5789,#5790,#5791,#5792));
#1444=EDGE_LOOP('',(#5793,#5794,#5795,#5796));
#1445=EDGE_LOOP('',(#5797,#5798,#5799,#5800,#5801,#5802,#5803,#5804));
#1446=EDGE_LOOP('',(#5805,#5806,#5807,#5808));
#1447=EDGE_LOOP('',(#5809,#5810,#5811,#5812));
#1448=EDGE_LOOP('',(#5813,#5814,#5815,#5816));
#1449=EDGE_LOOP('',(#5817,#5818,#5819,#5820,#5821,#5822,#5823,#5824));
#1450=EDGE_LOOP('',(#5825));
#1451=EDGE_LOOP('',(#5826,#5827,#5828,#5829));
#1452=EDGE_LOOP('',(#5830,#5831,#5832,#5833));
#1453=EDGE_LOOP('',(#5834,#5835,#5836,#5837));
#1454=EDGE_LOOP('',(#5838,#5839,#5840,#5841,#5842,#5843,#5844,#5845));
#1455=EDGE_LOOP('',(#5846,#5847,#5848,#5849));
#1456=EDGE_LOOP('',(#5850,#5851,#5852,#5853));
#1457=EDGE_LOOP('',(#5854,#5855,#5856,#5857));
#1458=EDGE_LOOP('',(#5858,#5859,#5860,#5861));
#1459=EDGE_LOOP('',(#5862,#5863,#5864,#5865,#5866,#5867,#5868,#5869));
#1460=EDGE_LOOP('',(#5870));
#1461=EDGE_LOOP('',(#5871,#5872,#5873,#5874,#5875,#5876,#5877,#5878));
#1462=EDGE_LOOP('',(#5879,#5880,#5881,#5882));
#1463=EDGE_LOOP('',(#5883,#5884,#5885,#5886));
#1464=EDGE_LOOP('',(#5887,#5888,#5889,#5890));
#1465=EDGE_LOOP('',(#5891,#5892,#5893,#5894));
#1466=EDGE_LOOP('',(#5895,#5896,#5897,#5898));
#1467=EDGE_LOOP('',(#5899,#5900,#5901,#5902));
#1468=EDGE_LOOP('',(#5903,#5904,#5905,#5906));
#1469=EDGE_LOOP('',(#5907,#5908,#5909,#5910,#5911,#5912,#5913,#5914));
#1470=EDGE_LOOP('',(#5915));
#1471=EDGE_LOOP('',(#5916,#5917,#5918,#5919));
#1472=EDGE_LOOP('',(#5920,#5921,#5922,#5923));
#1473=EDGE_LOOP('',(#5924,#5925,#5926,#5927,#5928,#5929,#5930,#5931));
#1474=EDGE_LOOP('',(#5932,#5933,#5934,#5935));
#1475=EDGE_LOOP('',(#5936,#5937,#5938,#5939));
#1476=EDGE_LOOP('',(#5940,#5941,#5942,#5943));
#1477=EDGE_LOOP('',(#5944,#5945,#5946,#5947));
#1478=EDGE_LOOP('',(#5948,#5949,#5950,#5951));
#1479=EDGE_LOOP('',(#5952,#5953,#5954,#5955,#5956,#5957,#5958,#5959));
#1480=EDGE_LOOP('',(#5960));
#1481=EDGE_LOOP('',(#5961,#5962,#5963,#5964));
#1482=EDGE_LOOP('',(#5965,#5966,#5967,#5968));
#1483=EDGE_LOOP('',(#5969,#5970,#5971,#5972,#5973,#5974,#5975,#5976));
#1484=EDGE_LOOP('',(#5977,#5978,#5979,#5980));
#1485=EDGE_LOOP('',(#5981,#5982,#5983,#5984));
#1486=EDGE_LOOP('',(#5985,#5986,#5987,#5988));
#1487=EDGE_LOOP('',(#5989,#5990,#5991,#5992));
#1488=EDGE_LOOP('',(#5993,#5994,#5995,#5996));
#1489=EDGE_LOOP('',(#5997,#5998,#5999,#6000,#6001,#6002,#6003,#6004));
#1490=EDGE_LOOP('',(#6005));
#1491=EDGE_LOOP('',(#6006,#6007,#6008,#6009,#6010,#6011,#6012,#6013));
#1492=EDGE_LOOP('',(#6014,#6015,#6016,#6017));
#1493=EDGE_LOOP('',(#6018,#6019,#6020,#6021));
#1494=EDGE_LOOP('',(#6022,#6023,#6024,#6025));
#1495=EDGE_LOOP('',(#6026,#6027,#6028,#6029));
#1496=EDGE_LOOP('',(#6030,#6031,#6032,#6033));
#1497=EDGE_LOOP('',(#6034,#6035,#6036,#6037));
#1498=EDGE_LOOP('',(#6038,#6039,#6040,#6041));
#1499=EDGE_LOOP('',(#6042,#6043,#6044,#6045,#6046,#6047,#6048,#6049));
#1500=EDGE_LOOP('',(#6050));
#1501=EDGE_LOOP('',(#6051,#6052,#6053,#6054,#6055,#6056,#6057,#6058));
#1502=EDGE_LOOP('',(#6059,#6060,#6061,#6062));
#1503=EDGE_LOOP('',(#6063,#6064,#6065,#6066));
#1504=EDGE_LOOP('',(#6067,#6068,#6069,#6070));
#1505=EDGE_LOOP('',(#6071,#6072,#6073,#6074));
#1506=EDGE_LOOP('',(#6075,#6076,#6077,#6078));
#1507=EDGE_LOOP('',(#6079,#6080,#6081,#6082));
#1508=EDGE_LOOP('',(#6083,#6084,#6085,#6086));
#1509=EDGE_LOOP('',(#6087,#6088,#6089,#6090,#6091,#6092,#6093,#6094));
#1510=EDGE_LOOP('',(#6095));
#1511=EDGE_LOOP('',(#6096,#6097,#6098,#6099));
#1512=EDGE_LOOP('',(#6100,#6101,#6102,#6103,#6104,#6105,#6106,#6107));
#1513=EDGE_LOOP('',(#6108,#6109,#6110,#6111));
#1514=EDGE_LOOP('',(#6112,#6113,#6114,#6115));
#1515=EDGE_LOOP('',(#6116,#6117,#6118,#6119));
#1516=EDGE_LOOP('',(#6120,#6121,#6122,#6123));
#1517=EDGE_LOOP('',(#6124,#6125,#6126,#6127));
#1518=EDGE_LOOP('',(#6128,#6129,#6130,#6131));
#1519=EDGE_LOOP('',(#6132,#6133,#6134,#6135,#6136,#6137,#6138,#6139));
#1520=EDGE_LOOP('',(#6140));
#1521=EDGE_LOOP('',(#6141,#6142,#6143,#6144));
#1522=EDGE_LOOP('',(#6145,#6146,#6147,#6148));
#1523=EDGE_LOOP('',(#6149,#6150,#6151,#6152,#6153,#6154,#6155,#6156));
#1524=EDGE_LOOP('',(#6157,#6158,#6159,#6160));
#1525=EDGE_LOOP('',(#6161,#6162,#6163,#6164));
#1526=EDGE_LOOP('',(#6165,#6166,#6167,#6168));
#1527=EDGE_LOOP('',(#6169,#6170,#6171,#6172));
#1528=EDGE_LOOP('',(#6173,#6174,#6175,#6176));
#1529=EDGE_LOOP('',(#6177,#6178,#6179,#6180,#6181,#6182,#6183,#6184));
#1530=EDGE_LOOP('',(#6185));
#1531=EDGE_LOOP('',(#6186,#6187,#6188,#6189));
#1532=EDGE_LOOP('',(#6190,#6191,#6192,#6193));
#1533=EDGE_LOOP('',(#6194,#6195,#6196,#6197));
#1534=EDGE_LOOP('',(#6198,#6199,#6200,#6201));
#1535=EDGE_LOOP('',(#6202,#6203,#6204,#6205));
#1536=EDGE_LOOP('',(#6206,#6207,#6208,#6209));
#1537=EDGE_LOOP('',(#6210,#6211,#6212,#6213,#6214,#6215,#6216,#6217));
#1538=EDGE_LOOP('',(#6218,#6219,#6220,#6221));
#1539=EDGE_LOOP('',(#6222,#6223,#6224,#6225,#6226,#6227,#6228,#6229));
#1540=EDGE_LOOP('',(#6230));
#1541=EDGE_LOOP('',(#6231,#6232,#6233,#6234));
#1542=EDGE_LOOP('',(#6235,#6236,#6237,#6238));
#1543=EDGE_LOOP('',(#6239,#6240,#6241,#6242));
#1544=EDGE_LOOP('',(#6243,#6244,#6245,#6246));
#1545=EDGE_LOOP('',(#6247,#6248,#6249,#6250,#6251,#6252,#6253,#6254));
#1546=EDGE_LOOP('',(#6255,#6256,#6257,#6258));
#1547=EDGE_LOOP('',(#6259,#6260,#6261,#6262));
#1548=EDGE_LOOP('',(#6263,#6264,#6265,#6266));
#1549=EDGE_LOOP('',(#6267,#6268,#6269,#6270,#6271,#6272,#6273,#6274));
#1550=EDGE_LOOP('',(#6275));
#1551=EDGE_LOOP('',(#6276,#6277,#6278,#6279));
#1552=EDGE_LOOP('',(#6280,#6281,#6282,#6283));
#1553=EDGE_LOOP('',(#6284,#6285,#6286,#6287,#6288,#6289,#6290,#6291));
#1554=EDGE_LOOP('',(#6292,#6293,#6294,#6295));
#1555=EDGE_LOOP('',(#6296,#6297,#6298,#6299));
#1556=EDGE_LOOP('',(#6300,#6301,#6302,#6303));
#1557=EDGE_LOOP('',(#6304,#6305,#6306,#6307));
#1558=EDGE_LOOP('',(#6308,#6309,#6310,#6311));
#1559=EDGE_LOOP('',(#6312,#6313,#6314,#6315,#6316,#6317,#6318,#6319));
#1560=EDGE_LOOP('',(#6320));
#1561=EDGE_LOOP('',(#6321,#6322,#6323,#6324));
#1562=EDGE_LOOP('',(#6325,#6326,#6327,#6328));
#1563=EDGE_LOOP('',(#6329,#6330,#6331,#6332));
#1564=EDGE_LOOP('',(#6333,#6334,#6335,#6336));
#1565=EDGE_LOOP('',(#6337,#6338,#6339,#6340,#6341,#6342,#6343,#6344));
#1566=EDGE_LOOP('',(#6345,#6346,#6347,#6348));
#1567=EDGE_LOOP('',(#6349,#6350,#6351,#6352));
#1568=EDGE_LOOP('',(#6353,#6354,#6355,#6356));
#1569=EDGE_LOOP('',(#6357,#6358,#6359,#6360,#6361,#6362,#6363,#6364));
#1570=EDGE_LOOP('',(#6365));
#1571=EDGE_LOOP('',(#6366,#6367,#6368,#6369));
#1572=EDGE_LOOP('',(#6370,#6371,#6372,#6373,#6374,#6375,#6376,#6377));
#1573=EDGE_LOOP('',(#6378,#6379,#6380,#6381));
#1574=EDGE_LOOP('',(#6382,#6383,#6384,#6385));
#1575=EDGE_LOOP('',(#6386,#6387,#6388,#6389));
#1576=EDGE_LOOP('',(#6390,#6391,#6392,#6393));
#1577=EDGE_LOOP('',(#6394,#6395,#6396,#6397));
#1578=EDGE_LOOP('',(#6398,#6399,#6400,#6401));
#1579=EDGE_LOOP('',(#6402,#6403,#6404,#6405,#6406,#6407,#6408,#6409));
#1580=EDGE_LOOP('',(#6410));
#1581=EDGE_LOOP('',(#6411,#6412,#6413,#6414));
#1582=EDGE_LOOP('',(#6415,#6416,#6417,#6418));
#1583=EDGE_LOOP('',(#6419,#6420,#6421,#6422,#6423,#6424,#6425,#6426));
#1584=EDGE_LOOP('',(#6427,#6428,#6429,#6430));
#1585=EDGE_LOOP('',(#6431,#6432,#6433,#6434));
#1586=EDGE_LOOP('',(#6435,#6436,#6437,#6438));
#1587=EDGE_LOOP('',(#6439,#6440,#6441,#6442));
#1588=EDGE_LOOP('',(#6443,#6444,#6445,#6446));
#1589=EDGE_LOOP('',(#6447,#6448,#6449,#6450,#6451,#6452,#6453,#6454));
#1590=EDGE_LOOP('',(#6455));
#1591=EDGE_LOOP('',(#6456,#6457,#6458,#6459,#6460,#6461,#6462,#6463));
#1592=EDGE_LOOP('',(#6464,#6465,#6466,#6467));
#1593=EDGE_LOOP('',(#6468,#6469,#6470,#6471));
#1594=EDGE_LOOP('',(#6472,#6473,#6474,#6475));
#1595=EDGE_LOOP('',(#6476,#6477,#6478,#6479));
#1596=EDGE_LOOP('',(#6480,#6481,#6482,#6483));
#1597=EDGE_LOOP('',(#6484,#6485,#6486,#6487));
#1598=EDGE_LOOP('',(#6488,#6489,#6490,#6491));
#1599=EDGE_LOOP('',(#6492,#6493,#6494,#6495,#6496,#6497,#6498,#6499));
#1600=EDGE_LOOP('',(#6500));
#1601=EDGE_LOOP('',(#6501,#6502,#6503,#6504));
#1602=EDGE_LOOP('',(#6505,#6506,#6507,#6508));
#1603=EDGE_LOOP('',(#6509,#6510,#6511,#6512));
#1604=EDGE_LOOP('',(#6513));
#1605=EDGE_LOOP('',(#6514,#6515,#6516,#6517,#6518,#6519,#6520,#6521,#6522,
#6523,#6524,#6525,#6526,#6527));
#1606=EDGE_LOOP('',(#6528,#6529,#6530,#6531,#6532,#6533,#6534,#6535,#6536,
#6537,#6538,#6539,#6540,#6541));
#1607=EDGE_LOOP('',(#6542,#6543,#6544,#6545,#6546,#6547,#6548,#6549,#6550,
#6551,#6552,#6553,#6554,#6555));
#1608=EDGE_LOOP('',(#6556,#6557,#6558,#6559,#6560,#6561,#6562,#6563,#6564,
#6565,#6566,#6567,#6568,#6569));
#1609=EDGE_LOOP('',(#6570,#6571,#6572,#6573,#6574,#6575,#6576,#6577,#6578,
#6579,#6580,#6581,#6582,#6583));
#1610=EDGE_LOOP('',(#6584,#6585,#6586,#6587,#6588,#6589,#6590,#6591,#6592,
#6593,#6594,#6595,#6596,#6597));
#1611=EDGE_LOOP('',(#6598,#6599,#6600,#6601,#6602,#6603,#6604,#6605,#6606,
#6607,#6608,#6609,#6610,#6611));
#1612=EDGE_LOOP('',(#6612,#6613,#6614,#6615,#6616,#6617,#6618,#6619,#6620,
#6621,#6622,#6623,#6624,#6625));
#1613=EDGE_LOOP('',(#6626));
#1614=EDGE_LOOP('',(#6627));
#1615=EDGE_LOOP('',(#6628));
#1616=EDGE_LOOP('',(#6629));
#1617=EDGE_LOOP('',(#6630));
#1618=EDGE_LOOP('',(#6631));
#1619=EDGE_LOOP('',(#6632));
#1620=EDGE_LOOP('',(#6633));
#1621=EDGE_LOOP('',(#6634));
#1622=EDGE_LOOP('',(#6635));
#1623=EDGE_LOOP('',(#6636,#6637,#6638,#6639,#6640,#6641,#6642,#6643,#6644,
#6645,#6646,#6647,#6648,#6649));
#1624=EDGE_LOOP('',(#6650,#6651,#6652,#6653,#6654,#6655,#6656,#6657,#6658,
#6659,#6660,#6661,#6662,#6663));
#1625=EDGE_LOOP('',(#6664,#6665,#6666,#6667,#6668,#6669,#6670,#6671,#6672,
#6673,#6674,#6675,#6676,#6677));
#1626=EDGE_LOOP('',(#6678,#6679,#6680,#6681,#6682,#6683,#6684,#6685,#6686,
#6687,#6688,#6689,#6690,#6691));
#1627=EDGE_LOOP('',(#6692,#6693,#6694,#6695,#6696,#6697,#6698,#6699,#6700,
#6701,#6702,#6703,#6704,#6705));
#1628=EDGE_LOOP('',(#6706,#6707,#6708,#6709,#6710,#6711,#6712,#6713,#6714,
#6715,#6716,#6717,#6718,#6719));
#1629=EDGE_LOOP('',(#6720,#6721,#6722,#6723,#6724,#6725,#6726,#6727,#6728,
#6729,#6730,#6731,#6732,#6733));
#1630=EDGE_LOOP('',(#6734,#6735,#6736,#6737,#6738,#6739,#6740,#6741,#6742,
#6743,#6744,#6745,#6746,#6747));
#1631=EDGE_LOOP('',(#6748));
#1632=EDGE_LOOP('',(#6749));
#1633=EDGE_LOOP('',(#6750));
#1634=EDGE_LOOP('',(#6751));
#1635=EDGE_LOOP('',(#6752));
#1636=EDGE_LOOP('',(#6753));
#1637=EDGE_LOOP('',(#6754));
#1638=EDGE_LOOP('',(#6755));
#1639=EDGE_LOOP('',(#6756));
#1640=EDGE_LOOP('',(#6757));
#1641=EDGE_LOOP('',(#6758));
#1642=EDGE_LOOP('',(#6759));
#1643=EDGE_LOOP('',(#6760));
#1644=EDGE_LOOP('',(#6761));
#1645=EDGE_LOOP('',(#6762));
#1646=EDGE_LOOP('',(#6763));
#1647=EDGE_LOOP('',(#6764));
#1648=EDGE_LOOP('',(#6765));
#1649=EDGE_LOOP('',(#6766));
#1650=EDGE_LOOP('',(#6767));
#1651=EDGE_LOOP('',(#6768));
#1652=EDGE_LOOP('',(#6769));
#1653=EDGE_LOOP('',(#6770));
#1654=EDGE_LOOP('',(#6771));
#1655=EDGE_LOOP('',(#6772));
#1656=EDGE_LOOP('',(#6773));
#1657=EDGE_LOOP('',(#6774));
#1658=EDGE_LOOP('',(#6775));
#1659=EDGE_LOOP('',(#6776));
#1660=LINE('',#10458,#2277);
#1661=LINE('',#10460,#2278);
#1662=LINE('',#10462,#2279);
#1663=LINE('',#10463,#2280);
#1664=LINE('',#10469,#2281);
#1665=LINE('',#10475,#2282);
#1666=LINE('',#10478,#2283);
#1667=LINE('',#10480,#2284);
#1668=LINE('',#10481,#2285);
#1669=LINE('',#10487,#2286);
#1670=LINE('',#10493,#2287);
#1671=LINE('',#10499,#2288);
#1672=LINE('',#10502,#2289);
#1673=LINE('',#10504,#2290);
#1674=LINE('',#10505,#2291);
#1675=LINE('',#10511,#2292);
#1676=LINE('',#10517,#2293);
#1677=LINE('',#10520,#2294);
#1678=LINE('',#10522,#2295);
#1679=LINE('',#10523,#2296);
#1680=LINE('',#10529,#2297);
#1681=LINE('',#10535,#2298);
#1682=LINE('',#10542,#2299);
#1683=LINE('',#10544,#2300);
#1684=LINE('',#10546,#2301);
#1685=LINE('',#10547,#2302);
#1686=LINE('',#10553,#2303);
#1687=LINE('',#10559,#2304);
#1688=LINE('',#10562,#2305);
#1689=LINE('',#10564,#2306);
#1690=LINE('',#10565,#2307);
#1691=LINE('',#10571,#2308);
#1692=LINE('',#10577,#2309);
#1693=LINE('',#10583,#2310);
#1694=LINE('',#10586,#2311);
#1695=LINE('',#10588,#2312);
#1696=LINE('',#10589,#2313);
#1697=LINE('',#10595,#2314);
#1698=LINE('',#10601,#2315);
#1699=LINE('',#10604,#2316);
#1700=LINE('',#10606,#2317);
#1701=LINE('',#10607,#2318);
#1702=LINE('',#10613,#2319);
#1703=LINE('',#10619,#2320);
#1704=LINE('',#10626,#2321);
#1705=LINE('',#10628,#2322);
#1706=LINE('',#10630,#2323);
#1707=LINE('',#10631,#2324);
#1708=LINE('',#10637,#2325);
#1709=LINE('',#10643,#2326);
#1710=LINE('',#10646,#2327);
#1711=LINE('',#10648,#2328);
#1712=LINE('',#10649,#2329);
#1713=LINE('',#10655,#2330);
#1714=LINE('',#10661,#2331);
#1715=LINE('',#10667,#2332);
#1716=LINE('',#10670,#2333);
#1717=LINE('',#10672,#2334);
#1718=LINE('',#10673,#2335);
#1719=LINE('',#10679,#2336);
#1720=LINE('',#10685,#2337);
#1721=LINE('',#10688,#2338);
#1722=LINE('',#10690,#2339);
#1723=LINE('',#10691,#2340);
#1724=LINE('',#10697,#2341);
#1725=LINE('',#10703,#2342);
#1726=LINE('',#10710,#2343);
#1727=LINE('',#10712,#2344);
#1728=LINE('',#10714,#2345);
#1729=LINE('',#10715,#2346);
#1730=LINE('',#10721,#2347);
#1731=LINE('',#10727,#2348);
#1732=LINE('',#10730,#2349);
#1733=LINE('',#10732,#2350);
#1734=LINE('',#10733,#2351);
#1735=LINE('',#10739,#2352);
#1736=LINE('',#10745,#2353);
#1737=LINE('',#10751,#2354);
#1738=LINE('',#10754,#2355);
#1739=LINE('',#10756,#2356);
#1740=LINE('',#10757,#2357);
#1741=LINE('',#10763,#2358);
#1742=LINE('',#10769,#2359);
#1743=LINE('',#10772,#2360);
#1744=LINE('',#10774,#2361);
#1745=LINE('',#10775,#2362);
#1746=LINE('',#10781,#2363);
#1747=LINE('',#10787,#2364);
#1748=LINE('',#10794,#2365);
#1749=LINE('',#10796,#2366);
#1750=LINE('',#10798,#2367);
#1751=LINE('',#10799,#2368);
#1752=LINE('',#10805,#2369);
#1753=LINE('',#10811,#2370);
#1754=LINE('',#10814,#2371);
#1755=LINE('',#10816,#2372);
#1756=LINE('',#10817,#2373);
#1757=LINE('',#10823,#2374);
#1758=LINE('',#10829,#2375);
#1759=LINE('',#10835,#2376);
#1760=LINE('',#10838,#2377);
#1761=LINE('',#10840,#2378);
#1762=LINE('',#10841,#2379);
#1763=LINE('',#10847,#2380);
#1764=LINE('',#10853,#2381);
#1765=LINE('',#10856,#2382);
#1766=LINE('',#10858,#2383);
#1767=LINE('',#10859,#2384);
#1768=LINE('',#10865,#2385);
#1769=LINE('',#10871,#2386);
#1770=LINE('',#10878,#2387);
#1771=LINE('',#10880,#2388);
#1772=LINE('',#10882,#2389);
#1773=LINE('',#10883,#2390);
#1774=LINE('',#10889,#2391);
#1775=LINE('',#10895,#2392);
#1776=LINE('',#10898,#2393);
#1777=LINE('',#10900,#2394);
#1778=LINE('',#10901,#2395);
#1779=LINE('',#10907,#2396);
#1780=LINE('',#10913,#2397);
#1781=LINE('',#10919,#2398);
#1782=LINE('',#10922,#2399);
#1783=LINE('',#10924,#2400);
#1784=LINE('',#10925,#2401);
#1785=LINE('',#10931,#2402);
#1786=LINE('',#10937,#2403);
#1787=LINE('',#10940,#2404);
#1788=LINE('',#10942,#2405);
#1789=LINE('',#10943,#2406);
#1790=LINE('',#10949,#2407);
#1791=LINE('',#10955,#2408);
#1792=LINE('',#10962,#2409);
#1793=LINE('',#10964,#2410);
#1794=LINE('',#10966,#2411);
#1795=LINE('',#10967,#2412);
#1796=LINE('',#10973,#2413);
#1797=LINE('',#10979,#2414);
#1798=LINE('',#10982,#2415);
#1799=LINE('',#10984,#2416);
#1800=LINE('',#10985,#2417);
#1801=LINE('',#10991,#2418);
#1802=LINE('',#10997,#2419);
#1803=LINE('',#11003,#2420);
#1804=LINE('',#11006,#2421);
#1805=LINE('',#11008,#2422);
#1806=LINE('',#11009,#2423);
#1807=LINE('',#11015,#2424);
#1808=LINE('',#11021,#2425);
#1809=LINE('',#11024,#2426);
#1810=LINE('',#11026,#2427);
#1811=LINE('',#11027,#2428);
#1812=LINE('',#11033,#2429);
#1813=LINE('',#11039,#2430);
#1814=LINE('',#11046,#2431);
#1815=LINE('',#11048,#2432);
#1816=LINE('',#11050,#2433);
#1817=LINE('',#11051,#2434);
#1818=LINE('',#11057,#2435);
#1819=LINE('',#11063,#2436);
#1820=LINE('',#11066,#2437);
#1821=LINE('',#11068,#2438);
#1822=LINE('',#11069,#2439);
#1823=LINE('',#11075,#2440);
#1824=LINE('',#11081,#2441);
#1825=LINE('',#11087,#2442);
#1826=LINE('',#11090,#2443);
#1827=LINE('',#11092,#2444);
#1828=LINE('',#11093,#2445);
#1829=LINE('',#11099,#2446);
#1830=LINE('',#11105,#2447);
#1831=LINE('',#11108,#2448);
#1832=LINE('',#11110,#2449);
#1833=LINE('',#11111,#2450);
#1834=LINE('',#11117,#2451);
#1835=LINE('',#11123,#2452);
#1836=LINE('',#11131,#2453);
#1837=LINE('',#11138,#2454);
#1838=LINE('',#11145,#2455);
#1839=LINE('',#11152,#2456);
#1840=LINE('',#11159,#2457);
#1841=LINE('',#11166,#2458);
#1842=LINE('',#11173,#2459);
#1843=LINE('',#11180,#2460);
#1844=LINE('',#11187,#2461);
#1845=LINE('',#11194,#2462);
#1846=LINE('',#11201,#2463);
#1847=LINE('',#11207,#2464);
#1848=LINE('',#11213,#2465);
#1849=LINE('',#11219,#2466);
#1850=LINE('',#11225,#2467);
#1851=LINE('',#11231,#2468);
#1852=LINE('',#11237,#2469);
#1853=LINE('',#11243,#2470);
#1854=LINE('',#11249,#2471);
#1855=LINE('',#11255,#2472);
#1856=LINE('',#11261,#2473);
#1857=LINE('',#11267,#2474);
#1858=LINE('',#11273,#2475);
#1859=LINE('',#11279,#2476);
#1860=LINE('',#11285,#2477);
#1861=LINE('',#11291,#2478);
#1862=LINE('',#11297,#2479);
#1863=LINE('',#11303,#2480);
#1864=LINE('',#11309,#2481);
#1865=LINE('',#11315,#2482);
#1866=LINE('',#11321,#2483);
#1867=LINE('',#11327,#2484);
#1868=LINE('',#11333,#2485);
#1869=LINE('',#11339,#2486);
#1870=LINE('',#11345,#2487);
#1871=LINE('',#11351,#2488);
#1872=LINE('',#11357,#2489);
#1873=LINE('',#11363,#2490);
#1874=LINE('',#11368,#2491);
#1875=LINE('',#11372,#2492);
#1876=LINE('',#11375,#2493);
#1877=LINE('',#11379,#2494);
#1878=LINE('',#11383,#2495);
#1879=LINE('',#11386,#2496);
#1880=LINE('',#11390,#2497);
#1881=LINE('',#11394,#2498);
#1882=LINE('',#11397,#2499);
#1883=LINE('',#11401,#2500);
#1884=LINE('',#11405,#2501);
#1885=LINE('',#11408,#2502);
#1886=LINE('',#11412,#2503);
#1887=LINE('',#11416,#2504);
#1888=LINE('',#11419,#2505);
#1889=LINE('',#11423,#2506);
#1890=LINE('',#11427,#2507);
#1891=LINE('',#11430,#2508);
#1892=LINE('',#11434,#2509);
#1893=LINE('',#11438,#2510);
#1894=LINE('',#11441,#2511);
#1895=LINE('',#11445,#2512);
#1896=LINE('',#11449,#2513);
#1897=LINE('',#11452,#2514);
#1898=LINE('',#11456,#2515);
#1899=LINE('',#11460,#2516);
#1900=LINE('',#11463,#2517);
#1901=LINE('',#11467,#2518);
#1902=LINE('',#11471,#2519);
#1903=LINE('',#11474,#2520);
#1904=LINE('',#11478,#2521);
#1905=LINE('',#11482,#2522);
#1906=LINE('',#11485,#2523);
#1907=LINE('',#11489,#2524);
#1908=LINE('',#11493,#2525);
#1909=LINE('',#11496,#2526);
#1910=LINE('',#11500,#2527);
#1911=LINE('',#11504,#2528);
#1912=LINE('',#11507,#2529);
#1913=LINE('',#11511,#2530);
#1914=LINE('',#11515,#2531);
#1915=LINE('',#11518,#2532);
#1916=LINE('',#11522,#2533);
#1917=LINE('',#11526,#2534);
#1918=LINE('',#11529,#2535);
#1919=LINE('',#11533,#2536);
#1920=LINE('',#11537,#2537);
#1921=LINE('',#11540,#2538);
#1922=LINE('',#11544,#2539);
#1923=LINE('',#11548,#2540);
#1924=LINE('',#11551,#2541);
#1925=LINE('',#11555,#2542);
#1926=LINE('',#11559,#2543);
#1927=LINE('',#11562,#2544);
#1928=LINE('',#11566,#2545);
#1929=LINE('',#11570,#2546);
#1930=LINE('',#11573,#2547);
#1931=LINE('',#11577,#2548);
#1932=LINE('',#11581,#2549);
#1933=LINE('',#11584,#2550);
#1934=LINE('',#11589,#2551);
#1935=LINE('',#11593,#2552);
#1936=LINE('',#11597,#2553);
#1937=LINE('',#11601,#2554);
#1938=LINE('',#11604,#2555);
#1939=LINE('',#11606,#2556);
#1940=LINE('',#11610,#2557);
#1941=LINE('',#11614,#2558);
#1942=LINE('',#11618,#2559);
#1943=LINE('',#11621,#2560);
#1944=LINE('',#11623,#2561);
#1945=LINE('',#11627,#2562);
#1946=LINE('',#11631,#2563);
#1947=LINE('',#11635,#2564);
#1948=LINE('',#11638,#2565);
#1949=LINE('',#11640,#2566);
#1950=LINE('',#11644,#2567);
#1951=LINE('',#11648,#2568);
#1952=LINE('',#11652,#2569);
#1953=LINE('',#11655,#2570);
#1954=LINE('',#11657,#2571);
#1955=LINE('',#11661,#2572);
#1956=LINE('',#11665,#2573);
#1957=LINE('',#11669,#2574);
#1958=LINE('',#11672,#2575);
#1959=LINE('',#11674,#2576);
#1960=LINE('',#11678,#2577);
#1961=LINE('',#11682,#2578);
#1962=LINE('',#11686,#2579);
#1963=LINE('',#11689,#2580);
#1964=LINE('',#11691,#2581);
#1965=LINE('',#11695,#2582);
#1966=LINE('',#11699,#2583);
#1967=LINE('',#11703,#2584);
#1968=LINE('',#11706,#2585);
#1969=LINE('',#11708,#2586);
#1970=LINE('',#11712,#2587);
#1971=LINE('',#11716,#2588);
#1972=LINE('',#11720,#2589);
#1973=LINE('',#11723,#2590);
#1974=LINE('',#11725,#2591);
#1975=LINE('',#11729,#2592);
#1976=LINE('',#11733,#2593);
#1977=LINE('',#11737,#2594);
#1978=LINE('',#11740,#2595);
#1979=LINE('',#11742,#2596);
#1980=LINE('',#11746,#2597);
#1981=LINE('',#11750,#2598);
#1982=LINE('',#11754,#2599);
#1983=LINE('',#11757,#2600);
#1984=LINE('',#11759,#2601);
#1985=LINE('',#11763,#2602);
#1986=LINE('',#11767,#2603);
#1987=LINE('',#11771,#2604);
#1988=LINE('',#11774,#2605);
#1989=LINE('',#11776,#2606);
#1990=LINE('',#11780,#2607);
#1991=LINE('',#11784,#2608);
#1992=LINE('',#11788,#2609);
#1993=LINE('',#11791,#2610);
#1994=LINE('',#11793,#2611);
#1995=LINE('',#11797,#2612);
#1996=LINE('',#11801,#2613);
#1997=LINE('',#11805,#2614);
#1998=LINE('',#11808,#2615);
#1999=LINE('',#11810,#2616);
#2000=LINE('',#11814,#2617);
#2001=LINE('',#11818,#2618);
#2002=LINE('',#11822,#2619);
#2003=LINE('',#11825,#2620);
#2004=LINE('',#11827,#2621);
#2005=LINE('',#11831,#2622);
#2006=LINE('',#11835,#2623);
#2007=LINE('',#11839,#2624);
#2008=LINE('',#11842,#2625);
#2009=LINE('',#11844,#2626);
#2010=LINE('',#11848,#2627);
#2011=LINE('',#11852,#2628);
#2012=LINE('',#11856,#2629);
#2013=LINE('',#11859,#2630);
#2014=LINE('',#11861,#2631);
#2015=LINE('',#11865,#2632);
#2016=LINE('',#11869,#2633);
#2017=LINE('',#11873,#2634);
#2018=LINE('',#11876,#2635);
#2019=LINE('',#11878,#2636);
#2020=LINE('',#11882,#2637);
#2021=LINE('',#11886,#2638);
#2022=LINE('',#11890,#2639);
#2023=LINE('',#11893,#2640);
#2024=LINE('',#11895,#2641);
#2025=LINE('',#11899,#2642);
#2026=LINE('',#11903,#2643);
#2027=LINE('',#11907,#2644);
#2028=LINE('',#11910,#2645);
#2029=LINE('',#11912,#2646);
#2030=LINE('',#11916,#2647);
#2031=LINE('',#11920,#2648);
#2032=LINE('',#11924,#2649);
#2033=LINE('',#11927,#2650);
#2034=LINE('',#11932,#2651);
#2035=LINE('',#11934,#2652);
#2036=LINE('',#11935,#2653);
#2037=LINE('',#11938,#2654);
#2038=LINE('',#11942,#2655);
#2039=LINE('',#11943,#2656);
#2040=LINE('',#11946,#2657);
#2041=LINE('',#11950,#2658);
#2042=LINE('',#11951,#2659);
#2043=LINE('',#11954,#2660);
#2044=LINE('',#11958,#2661);
#2045=LINE('',#11959,#2662);
#2046=LINE('',#11965,#2663);
#2047=LINE('',#11967,#2664);
#2048=LINE('',#11968,#2665);
#2049=LINE('',#11971,#2666);
#2050=LINE('',#11975,#2667);
#2051=LINE('',#11976,#2668);
#2052=LINE('',#11979,#2669);
#2053=LINE('',#11983,#2670);
#2054=LINE('',#11984,#2671);
#2055=LINE('',#11987,#2672);
#2056=LINE('',#11991,#2673);
#2057=LINE('',#11992,#2674);
#2058=LINE('',#11998,#2675);
#2059=LINE('',#12000,#2676);
#2060=LINE('',#12001,#2677);
#2061=LINE('',#12004,#2678);
#2062=LINE('',#12008,#2679);
#2063=LINE('',#12009,#2680);
#2064=LINE('',#12012,#2681);
#2065=LINE('',#12016,#2682);
#2066=LINE('',#12017,#2683);
#2067=LINE('',#12020,#2684);
#2068=LINE('',#12024,#2685);
#2069=LINE('',#12025,#2686);
#2070=LINE('',#12031,#2687);
#2071=LINE('',#12033,#2688);
#2072=LINE('',#12034,#2689);
#2073=LINE('',#12037,#2690);
#2074=LINE('',#12041,#2691);
#2075=LINE('',#12042,#2692);
#2076=LINE('',#12045,#2693);
#2077=LINE('',#12049,#2694);
#2078=LINE('',#12050,#2695);
#2079=LINE('',#12053,#2696);
#2080=LINE('',#12057,#2697);
#2081=LINE('',#12058,#2698);
#2082=LINE('',#12064,#2699);
#2083=LINE('',#12066,#2700);
#2084=LINE('',#12067,#2701);
#2085=LINE('',#12070,#2702);
#2086=LINE('',#12074,#2703);
#2087=LINE('',#12075,#2704);
#2088=LINE('',#12078,#2705);
#2089=LINE('',#12082,#2706);
#2090=LINE('',#12083,#2707);
#2091=LINE('',#12086,#2708);
#2092=LINE('',#12090,#2709);
#2093=LINE('',#12091,#2710);
#2094=LINE('',#12097,#2711);
#2095=LINE('',#12100,#2712);
#2096=LINE('',#12103,#2713);
#2097=LINE('',#12104,#2714);
#2098=LINE('',#12107,#2715);
#2099=LINE('',#12111,#2716);
#2100=LINE('',#12112,#2717);
#2101=LINE('',#12115,#2718);
#2102=LINE('',#12119,#2719);
#2103=LINE('',#12120,#2720);
#2104=LINE('',#12123,#2721);
#2105=LINE('',#12126,#2722);
#2106=LINE('',#12130,#2723);
#2107=LINE('',#12132,#2724);
#2108=LINE('',#12133,#2725);
#2109=LINE('',#12136,#2726);
#2110=LINE('',#12140,#2727);
#2111=LINE('',#12141,#2728);
#2112=LINE('',#12144,#2729);
#2113=LINE('',#12148,#2730);
#2114=LINE('',#12149,#2731);
#2115=LINE('',#12152,#2732);
#2116=LINE('',#12156,#2733);
#2117=LINE('',#12157,#2734);
#2118=LINE('',#12163,#2735);
#2119=LINE('',#12165,#2736);
#2120=LINE('',#12166,#2737);
#2121=LINE('',#12169,#2738);
#2122=LINE('',#12173,#2739);
#2123=LINE('',#12174,#2740);
#2124=LINE('',#12177,#2741);
#2125=LINE('',#12181,#2742);
#2126=LINE('',#12182,#2743);
#2127=LINE('',#12185,#2744);
#2128=LINE('',#12189,#2745);
#2129=LINE('',#12190,#2746);
#2130=LINE('',#12196,#2747);
#2131=LINE('',#12198,#2748);
#2132=LINE('',#12199,#2749);
#2133=LINE('',#12202,#2750);
#2134=LINE('',#12206,#2751);
#2135=LINE('',#12207,#2752);
#2136=LINE('',#12210,#2753);
#2137=LINE('',#12214,#2754);
#2138=LINE('',#12215,#2755);
#2139=LINE('',#12218,#2756);
#2140=LINE('',#12222,#2757);
#2141=LINE('',#12223,#2758);
#2142=LINE('',#12229,#2759);
#2143=LINE('',#12231,#2760);
#2144=LINE('',#12232,#2761);
#2145=LINE('',#12235,#2762);
#2146=LINE('',#12239,#2763);
#2147=LINE('',#12240,#2764);
#2148=LINE('',#12243,#2765);
#2149=LINE('',#12247,#2766);
#2150=LINE('',#12248,#2767);
#2151=LINE('',#12251,#2768);
#2152=LINE('',#12255,#2769);
#2153=LINE('',#12256,#2770);
#2154=LINE('',#12262,#2771);
#2155=LINE('',#12264,#2772);
#2156=LINE('',#12265,#2773);
#2157=LINE('',#12268,#2774);
#2158=LINE('',#12272,#2775);
#2159=LINE('',#12273,#2776);
#2160=LINE('',#12276,#2777);
#2161=LINE('',#12280,#2778);
#2162=LINE('',#12281,#2779);
#2163=LINE('',#12284,#2780);
#2164=LINE('',#12288,#2781);
#2165=LINE('',#12289,#2782);
#2166=LINE('',#12295,#2783);
#2167=LINE('',#12298,#2784);
#2168=LINE('',#12301,#2785);
#2169=LINE('',#12302,#2786);
#2170=LINE('',#12305,#2787);
#2171=LINE('',#12309,#2788);
#2172=LINE('',#12310,#2789);
#2173=LINE('',#12313,#2790);
#2174=LINE('',#12317,#2791);
#2175=LINE('',#12318,#2792);
#2176=LINE('',#12321,#2793);
#2177=LINE('',#12324,#2794);
#2178=LINE('',#12328,#2795);
#2179=LINE('',#12330,#2796);
#2180=LINE('',#12331,#2797);
#2181=LINE('',#12334,#2798);
#2182=LINE('',#12338,#2799);
#2183=LINE('',#12339,#2800);
#2184=LINE('',#12342,#2801);
#2185=LINE('',#12346,#2802);
#2186=LINE('',#12347,#2803);
#2187=LINE('',#12350,#2804);
#2188=LINE('',#12354,#2805);
#2189=LINE('',#12355,#2806);
#2190=LINE('',#12361,#2807);
#2191=LINE('',#12363,#2808);
#2192=LINE('',#12364,#2809);
#2193=LINE('',#12367,#2810);
#2194=LINE('',#12371,#2811);
#2195=LINE('',#12372,#2812);
#2196=LINE('',#12375,#2813);
#2197=LINE('',#12379,#2814);
#2198=LINE('',#12380,#2815);
#2199=LINE('',#12383,#2816);
#2200=LINE('',#12387,#2817);
#2201=LINE('',#12388,#2818);
#2202=LINE('',#12394,#2819);
#2203=LINE('',#12396,#2820);
#2204=LINE('',#12397,#2821);
#2205=LINE('',#12400,#2822);
#2206=LINE('',#12404,#2823);
#2207=LINE('',#12405,#2824);
#2208=LINE('',#12408,#2825);
#2209=LINE('',#12412,#2826);
#2210=LINE('',#12413,#2827);
#2211=LINE('',#12416,#2828);
#2212=LINE('',#12420,#2829);
#2213=LINE('',#12421,#2830);
#2214=LINE('',#12427,#2831);
#2215=LINE('',#12429,#2832);
#2216=LINE('',#12430,#2833);
#2217=LINE('',#12433,#2834);
#2218=LINE('',#12437,#2835);
#2219=LINE('',#12438,#2836);
#2220=LINE('',#12441,#2837);
#2221=LINE('',#12445,#2838);
#2222=LINE('',#12446,#2839);
#2223=LINE('',#12449,#2840);
#2224=LINE('',#12453,#2841);
#2225=LINE('',#12454,#2842);
#2226=LINE('',#12460,#2843);
#2227=LINE('',#12462,#2844);
#2228=LINE('',#12463,#2845);
#2229=LINE('',#12466,#2846);
#2230=LINE('',#12470,#2847);
#2231=LINE('',#12471,#2848);
#2232=LINE('',#12474,#2849);
#2233=LINE('',#12478,#2850);
#2234=LINE('',#12479,#2851);
#2235=LINE('',#12482,#2852);
#2236=LINE('',#12486,#2853);
#2237=LINE('',#12487,#2854);
#2238=LINE('',#12493,#2855);
#2239=LINE('',#12496,#2856);
#2240=LINE('',#12499,#2857);
#2241=LINE('',#12500,#2858);
#2242=LINE('',#12503,#2859);
#2243=LINE('',#12507,#2860);
#2244=LINE('',#12508,#2861);
#2245=LINE('',#12511,#2862);
#2246=LINE('',#12515,#2863);
#2247=LINE('',#12516,#2864);
#2248=LINE('',#12519,#2865);
#2249=LINE('',#12522,#2866);
#2250=LINE('',#12526,#2867);
#2251=LINE('',#12528,#2868);
#2252=LINE('',#12529,#2869);
#2253=LINE('',#12532,#2870);
#2254=LINE('',#12536,#2871);
#2255=LINE('',#12537,#2872);
#2256=LINE('',#12540,#2873);
#2257=LINE('',#12544,#2874);
#2258=LINE('',#12545,#2875);
#2259=LINE('',#12548,#2876);
#2260=LINE('',#12552,#2877);
#2261=LINE('',#12553,#2878);
#2262=LINE('',#12559,#2879);
#2263=LINE('',#12561,#2880);
#2264=LINE('',#12562,#2881);
#2265=LINE('',#12565,#2882);
#2266=LINE('',#12569,#2883);
#2267=LINE('',#12570,#2884);
#2268=LINE('',#12573,#2885);
#2269=LINE('',#12577,#2886);
#2270=LINE('',#12578,#2887);
#2271=LINE('',#12581,#2888);
#2272=LINE('',#12585,#2889);
#2273=LINE('',#12586,#2890);
#2274=LINE('',#12592,#2891);
#2275=LINE('',#12596,#2892);
#2276=LINE('',#12602,#2893);
#2277=VECTOR('',#8183,10.);
#2278=VECTOR('',#8184,10.);
#2279=VECTOR('',#8185,10.);
#2280=VECTOR('',#8186,10.);
#2281=VECTOR('',#8193,10.);
#2282=VECTOR('',#8200,10.);
#2283=VECTOR('',#8203,10.);
#2284=VECTOR('',#8204,10.);
#2285=VECTOR('',#8205,10.);
#2286=VECTOR('',#8212,10.);
#2287=VECTOR('',#8219,10.);
#2288=VECTOR('',#8226,10.);
#2289=VECTOR('',#8229,10.);
#2290=VECTOR('',#8230,10.);
#2291=VECTOR('',#8231,10.);
#2292=VECTOR('',#8238,10.);
#2293=VECTOR('',#8245,10.);
#2294=VECTOR('',#8248,10.);
#2295=VECTOR('',#8249,10.);
#2296=VECTOR('',#8250,10.);
#2297=VECTOR('',#8257,10.);
#2298=VECTOR('',#8264,10.);
#2299=VECTOR('',#8273,10.);
#2300=VECTOR('',#8274,10.);
#2301=VECTOR('',#8275,10.);
#2302=VECTOR('',#8276,10.);
#2303=VECTOR('',#8283,10.);
#2304=VECTOR('',#8290,10.);
#2305=VECTOR('',#8293,10.);
#2306=VECTOR('',#8294,10.);
#2307=VECTOR('',#8295,10.);
#2308=VECTOR('',#8302,10.);
#2309=VECTOR('',#8309,10.);
#2310=VECTOR('',#8316,10.);
#2311=VECTOR('',#8319,10.);
#2312=VECTOR('',#8320,10.);
#2313=VECTOR('',#8321,10.);
#2314=VECTOR('',#8328,10.);
#2315=VECTOR('',#8335,10.);
#2316=VECTOR('',#8338,10.);
#2317=VECTOR('',#8339,10.);
#2318=VECTOR('',#8340,10.);
#2319=VECTOR('',#8347,10.);
#2320=VECTOR('',#8354,10.);
#2321=VECTOR('',#8363,10.);
#2322=VECTOR('',#8364,10.);
#2323=VECTOR('',#8365,10.);
#2324=VECTOR('',#8366,10.);
#2325=VECTOR('',#8373,10.);
#2326=VECTOR('',#8380,10.);
#2327=VECTOR('',#8383,10.);
#2328=VECTOR('',#8384,10.);
#2329=VECTOR('',#8385,10.);
#2330=VECTOR('',#8392,10.);
#2331=VECTOR('',#8399,10.);
#2332=VECTOR('',#8406,10.);
#2333=VECTOR('',#8409,10.);
#2334=VECTOR('',#8410,10.);
#2335=VECTOR('',#8411,10.);
#2336=VECTOR('',#8418,10.);
#2337=VECTOR('',#8425,10.);
#2338=VECTOR('',#8428,10.);
#2339=VECTOR('',#8429,10.);
#2340=VECTOR('',#8430,10.);
#2341=VECTOR('',#8437,10.);
#2342=VECTOR('',#8444,10.);
#2343=VECTOR('',#8453,10.);
#2344=VECTOR('',#8454,10.);
#2345=VECTOR('',#8455,10.);
#2346=VECTOR('',#8456,10.);
#2347=VECTOR('',#8463,10.);
#2348=VECTOR('',#8470,10.);
#2349=VECTOR('',#8473,10.);
#2350=VECTOR('',#8474,10.);
#2351=VECTOR('',#8475,10.);
#2352=VECTOR('',#8482,10.);
#2353=VECTOR('',#8489,10.);
#2354=VECTOR('',#8496,10.);
#2355=VECTOR('',#8499,10.);
#2356=VECTOR('',#8500,10.);
#2357=VECTOR('',#8501,10.);
#2358=VECTOR('',#8508,10.);
#2359=VECTOR('',#8515,10.);
#2360=VECTOR('',#8518,10.);
#2361=VECTOR('',#8519,10.);
#2362=VECTOR('',#8520,10.);
#2363=VECTOR('',#8527,10.);
#2364=VECTOR('',#8534,10.);
#2365=VECTOR('',#8543,10.);
#2366=VECTOR('',#8544,10.);
#2367=VECTOR('',#8545,10.);
#2368=VECTOR('',#8546,10.);
#2369=VECTOR('',#8553,10.);
#2370=VECTOR('',#8560,10.);
#2371=VECTOR('',#8563,10.);
#2372=VECTOR('',#8564,10.);
#2373=VECTOR('',#8565,10.);
#2374=VECTOR('',#8572,10.);
#2375=VECTOR('',#8579,10.);
#2376=VECTOR('',#8586,10.);
#2377=VECTOR('',#8589,10.);
#2378=VECTOR('',#8590,10.);
#2379=VECTOR('',#8591,10.);
#2380=VECTOR('',#8598,10.);
#2381=VECTOR('',#8605,10.);
#2382=VECTOR('',#8608,10.);
#2383=VECTOR('',#8609,10.);
#2384=VECTOR('',#8610,10.);
#2385=VECTOR('',#8617,10.);
#2386=VECTOR('',#8624,10.);
#2387=VECTOR('',#8633,10.);
#2388=VECTOR('',#8634,10.);
#2389=VECTOR('',#8635,10.);
#2390=VECTOR('',#8636,10.);
#2391=VECTOR('',#8643,10.);
#2392=VECTOR('',#8650,10.);
#2393=VECTOR('',#8653,10.);
#2394=VECTOR('',#8654,10.);
#2395=VECTOR('',#8655,10.);
#2396=VECTOR('',#8662,10.);
#2397=VECTOR('',#8669,10.);
#2398=VECTOR('',#8676,10.);
#2399=VECTOR('',#8679,10.);
#2400=VECTOR('',#8680,10.);
#2401=VECTOR('',#8681,10.);
#2402=VECTOR('',#8688,10.);
#2403=VECTOR('',#8695,10.);
#2404=VECTOR('',#8698,10.);
#2405=VECTOR('',#8699,10.);
#2406=VECTOR('',#8700,10.);
#2407=VECTOR('',#8707,10.);
#2408=VECTOR('',#8714,10.);
#2409=VECTOR('',#8723,10.);
#2410=VECTOR('',#8724,10.);
#2411=VECTOR('',#8725,10.);
#2412=VECTOR('',#8726,10.);
#2413=VECTOR('',#8733,10.);
#2414=VECTOR('',#8740,10.);
#2415=VECTOR('',#8743,10.);
#2416=VECTOR('',#8744,10.);
#2417=VECTOR('',#8745,10.);
#2418=VECTOR('',#8752,10.);
#2419=VECTOR('',#8759,10.);
#2420=VECTOR('',#8766,10.);
#2421=VECTOR('',#8769,10.);
#2422=VECTOR('',#8770,10.);
#2423=VECTOR('',#8771,10.);
#2424=VECTOR('',#8778,10.);
#2425=VECTOR('',#8785,10.);
#2426=VECTOR('',#8788,10.);
#2427=VECTOR('',#8789,10.);
#2428=VECTOR('',#8790,10.);
#2429=VECTOR('',#8797,10.);
#2430=VECTOR('',#8804,10.);
#2431=VECTOR('',#8813,10.);
#2432=VECTOR('',#8814,10.);
#2433=VECTOR('',#8815,10.);
#2434=VECTOR('',#8816,10.);
#2435=VECTOR('',#8823,10.);
#2436=VECTOR('',#8830,10.);
#2437=VECTOR('',#8833,10.);
#2438=VECTOR('',#8834,10.);
#2439=VECTOR('',#8835,10.);
#2440=VECTOR('',#8842,10.);
#2441=VECTOR('',#8849,10.);
#2442=VECTOR('',#8856,10.);
#2443=VECTOR('',#8859,10.);
#2444=VECTOR('',#8860,10.);
#2445=VECTOR('',#8861,10.);
#2446=VECTOR('',#8868,10.);
#2447=VECTOR('',#8875,10.);
#2448=VECTOR('',#8878,10.);
#2449=VECTOR('',#8879,10.);
#2450=VECTOR('',#8880,10.);
#2451=VECTOR('',#8887,10.);
#2452=VECTOR('',#8894,10.);
#2453=VECTOR('',#8905,2.1);
#2454=VECTOR('',#8914,2.1);
#2455=VECTOR('',#8923,2.1);
#2456=VECTOR('',#8932,2.1);
#2457=VECTOR('',#8941,2.1);
#2458=VECTOR('',#8950,2.1);
#2459=VECTOR('',#8959,2.1);
#2460=VECTOR('',#8968,2.1);
#2461=VECTOR('',#8977,2.1);
#2462=VECTOR('',#8986,2.1);
#2463=VECTOR('',#8995,2.15);
#2464=VECTOR('',#9002,2.15);
#2465=VECTOR('',#9009,2.15);
#2466=VECTOR('',#9016,2.15);
#2467=VECTOR('',#9023,2.15);
#2468=VECTOR('',#9030,2.15);
#2469=VECTOR('',#9037,2.15);
#2470=VECTOR('',#9044,2.15);
#2471=VECTOR('',#9051,2.00000000000002);
#2472=VECTOR('',#9058,2.00000000000022);
#2473=VECTOR('',#9065,2.00000000000009);
#2474=VECTOR('',#9072,2.00000000000004);
#2475=VECTOR('',#9079,2.00000000000004);
#2476=VECTOR('',#9086,2.00000000000007);
#2477=VECTOR('',#9093,2.00000000000001);
#2478=VECTOR('',#9100,2.00000000000012);
#2479=VECTOR('',#9107,2.00000000000001);
#2480=VECTOR('',#9114,2.0000000000001);
#2481=VECTOR('',#9121,2.00000000000011);
#2482=VECTOR('',#9128,2.00000000000023);
#2483=VECTOR('',#9135,2.00000000000017);
#2484=VECTOR('',#9142,2.00000000000022);
#2485=VECTOR('',#9149,2.00000000000003);
#2486=VECTOR('',#9156,2.00000000000018);
#2487=VECTOR('',#9163,2.00000000000012);
#2488=VECTOR('',#9170,2.00000000000003);
#2489=VECTOR('',#9177,2.00000000000004);
#2490=VECTOR('',#9184,2.00000000000008);
#2491=VECTOR('',#9189,10.);
#2492=VECTOR('',#9192,10.);
#2493=VECTOR('',#9197,10.);
#2494=VECTOR('',#9200,10.);
#2495=VECTOR('',#9203,10.);
#2496=VECTOR('',#9208,10.);
#2497=VECTOR('',#9211,10.);
#2498=VECTOR('',#9214,10.);
#2499=VECTOR('',#9219,10.);
#2500=VECTOR('',#9222,10.);
#2501=VECTOR('',#9225,10.);
#2502=VECTOR('',#9230,10.);
#2503=VECTOR('',#9233,10.);
#2504=VECTOR('',#9236,10.);
#2505=VECTOR('',#9241,10.);
#2506=VECTOR('',#9244,10.);
#2507=VECTOR('',#9247,10.);
#2508=VECTOR('',#9252,10.);
#2509=VECTOR('',#9255,10.);
#2510=VECTOR('',#9258,10.);
#2511=VECTOR('',#9263,10.);
#2512=VECTOR('',#9266,10.);
#2513=VECTOR('',#9269,10.);
#2514=VECTOR('',#9274,10.);
#2515=VECTOR('',#9277,10.);
#2516=VECTOR('',#9280,10.);
#2517=VECTOR('',#9285,10.);
#2518=VECTOR('',#9288,10.);
#2519=VECTOR('',#9291,10.);
#2520=VECTOR('',#9296,10.);
#2521=VECTOR('',#9299,10.);
#2522=VECTOR('',#9302,10.);
#2523=VECTOR('',#9307,10.);
#2524=VECTOR('',#9310,10.);
#2525=VECTOR('',#9313,10.);
#2526=VECTOR('',#9318,10.);
#2527=VECTOR('',#9321,10.);
#2528=VECTOR('',#9324,10.);
#2529=VECTOR('',#9329,10.);
#2530=VECTOR('',#9332,10.);
#2531=VECTOR('',#9335,10.);
#2532=VECTOR('',#9340,10.);
#2533=VECTOR('',#9343,10.);
#2534=VECTOR('',#9346,10.);
#2535=VECTOR('',#9351,10.);
#2536=VECTOR('',#9354,10.);
#2537=VECTOR('',#9357,10.);
#2538=VECTOR('',#9362,10.);
#2539=VECTOR('',#9365,10.);
#2540=VECTOR('',#9368,10.);
#2541=VECTOR('',#9373,10.);
#2542=VECTOR('',#9376,10.);
#2543=VECTOR('',#9379,10.);
#2544=VECTOR('',#9384,10.);
#2545=VECTOR('',#9387,10.);
#2546=VECTOR('',#9390,10.);
#2547=VECTOR('',#9395,10.);
#2548=VECTOR('',#9398,10.);
#2549=VECTOR('',#9401,10.);
#2550=VECTOR('',#9406,10.);
#2551=VECTOR('',#9411,10.);
#2552=VECTOR('',#9414,10.);
#2553=VECTOR('',#9417,10.);
#2554=VECTOR('',#9420,10.);
#2555=VECTOR('',#9423,10.);
#2556=VECTOR('',#9424,10.);
#2557=VECTOR('',#9427,10.);
#2558=VECTOR('',#9430,10.);
#2559=VECTOR('',#9433,10.);
#2560=VECTOR('',#9436,10.);
#2561=VECTOR('',#9437,10.);
#2562=VECTOR('',#9440,10.);
#2563=VECTOR('',#9443,10.);
#2564=VECTOR('',#9446,10.);
#2565=VECTOR('',#9449,10.);
#2566=VECTOR('',#9450,10.);
#2567=VECTOR('',#9453,10.);
#2568=VECTOR('',#9456,10.);
#2569=VECTOR('',#9459,10.);
#2570=VECTOR('',#9462,10.);
#2571=VECTOR('',#9463,10.);
#2572=VECTOR('',#9466,10.);
#2573=VECTOR('',#9469,10.);
#2574=VECTOR('',#9472,10.);
#2575=VECTOR('',#9475,10.);
#2576=VECTOR('',#9476,10.);
#2577=VECTOR('',#9479,10.);
#2578=VECTOR('',#9482,10.);
#2579=VECTOR('',#9485,10.);
#2580=VECTOR('',#9488,10.);
#2581=VECTOR('',#9489,10.);
#2582=VECTOR('',#9492,10.);
#2583=VECTOR('',#9495,10.);
#2584=VECTOR('',#9498,10.);
#2585=VECTOR('',#9501,10.);
#2586=VECTOR('',#9502,10.);
#2587=VECTOR('',#9505,10.);
#2588=VECTOR('',#9508,10.);
#2589=VECTOR('',#9511,10.);
#2590=VECTOR('',#9514,10.);
#2591=VECTOR('',#9515,10.);
#2592=VECTOR('',#9518,10.);
#2593=VECTOR('',#9521,10.);
#2594=VECTOR('',#9524,10.);
#2595=VECTOR('',#9527,10.);
#2596=VECTOR('',#9528,10.);
#2597=VECTOR('',#9531,10.);
#2598=VECTOR('',#9534,10.);
#2599=VECTOR('',#9537,10.);
#2600=VECTOR('',#9540,10.);
#2601=VECTOR('',#9541,10.);
#2602=VECTOR('',#9544,10.);
#2603=VECTOR('',#9547,10.);
#2604=VECTOR('',#9550,10.);
#2605=VECTOR('',#9553,10.);
#2606=VECTOR('',#9554,10.);
#2607=VECTOR('',#9557,10.);
#2608=VECTOR('',#9560,10.);
#2609=VECTOR('',#9563,10.);
#2610=VECTOR('',#9566,10.);
#2611=VECTOR('',#9567,10.);
#2612=VECTOR('',#9570,10.);
#2613=VECTOR('',#9573,10.);
#2614=VECTOR('',#9576,10.);
#2615=VECTOR('',#9579,10.);
#2616=VECTOR('',#9580,10.);
#2617=VECTOR('',#9583,10.);
#2618=VECTOR('',#9586,10.);
#2619=VECTOR('',#9589,10.);
#2620=VECTOR('',#9592,10.);
#2621=VECTOR('',#9593,10.);
#2622=VECTOR('',#9596,10.);
#2623=VECTOR('',#9599,10.);
#2624=VECTOR('',#9602,10.);
#2625=VECTOR('',#9605,10.);
#2626=VECTOR('',#9606,10.);
#2627=VECTOR('',#9609,10.);
#2628=VECTOR('',#9612,10.);
#2629=VECTOR('',#9615,10.);
#2630=VECTOR('',#9618,10.);
#2631=VECTOR('',#9619,10.);
#2632=VECTOR('',#9622,10.);
#2633=VECTOR('',#9625,10.);
#2634=VECTOR('',#9628,10.);
#2635=VECTOR('',#9631,10.);
#2636=VECTOR('',#9632,10.);
#2637=VECTOR('',#9635,10.);
#2638=VECTOR('',#9638,10.);
#2639=VECTOR('',#9641,10.);
#2640=VECTOR('',#9644,10.);
#2641=VECTOR('',#9645,10.);
#2642=VECTOR('',#9648,10.);
#2643=VECTOR('',#9651,10.);
#2644=VECTOR('',#9654,10.);
#2645=VECTOR('',#9657,10.);
#2646=VECTOR('',#9658,10.);
#2647=VECTOR('',#9661,10.);
#2648=VECTOR('',#9664,10.);
#2649=VECTOR('',#9667,10.);
#2650=VECTOR('',#9670,10.);
#2651=VECTOR('',#9675,10.);
#2652=VECTOR('',#9676,10.);
#2653=VECTOR('',#9677,10.);
#2654=VECTOR('',#9680,10.);
#2655=VECTOR('',#9685,10.);
#2656=VECTOR('',#9686,10.);
#2657=VECTOR('',#9689,10.);
#2658=VECTOR('',#9694,10.);
#2659=VECTOR('',#9695,10.);
#2660=VECTOR('',#9698,10.);
#2661=VECTOR('',#9703,10.);
#2662=VECTOR('',#9704,10.);
#2663=VECTOR('',#9713,10.);
#2664=VECTOR('',#9714,10.);
#2665=VECTOR('',#9715,10.);
#2666=VECTOR('',#9718,10.);
#2667=VECTOR('',#9723,10.);
#2668=VECTOR('',#9724,10.);
#2669=VECTOR('',#9727,10.);
#2670=VECTOR('',#9732,10.);
#2671=VECTOR('',#9733,10.);
#2672=VECTOR('',#9736,10.);
#2673=VECTOR('',#9741,10.);
#2674=VECTOR('',#9742,10.);
#2675=VECTOR('',#9751,10.);
#2676=VECTOR('',#9752,10.);
#2677=VECTOR('',#9753,10.);
#2678=VECTOR('',#9756,10.);
#2679=VECTOR('',#9761,10.);
#2680=VECTOR('',#9762,10.);
#2681=VECTOR('',#9765,10.);
#2682=VECTOR('',#9770,10.);
#2683=VECTOR('',#9771,10.);
#2684=VECTOR('',#9774,10.);
#2685=VECTOR('',#9779,10.);
#2686=VECTOR('',#9780,10.);
#2687=VECTOR('',#9789,10.);
#2688=VECTOR('',#9790,10.);
#2689=VECTOR('',#9791,10.);
#2690=VECTOR('',#9794,10.);
#2691=VECTOR('',#9799,10.);
#2692=VECTOR('',#9800,10.);
#2693=VECTOR('',#9803,10.);
#2694=VECTOR('',#9808,10.);
#2695=VECTOR('',#9809,10.);
#2696=VECTOR('',#9812,10.);
#2697=VECTOR('',#9817,10.);
#2698=VECTOR('',#9818,10.);
#2699=VECTOR('',#9827,10.);
#2700=VECTOR('',#9828,10.);
#2701=VECTOR('',#9829,10.);
#2702=VECTOR('',#9832,10.);
#2703=VECTOR('',#9837,10.);
#2704=VECTOR('',#9838,10.);
#2705=VECTOR('',#9841,10.);
#2706=VECTOR('',#9846,10.);
#2707=VECTOR('',#9847,10.);
#2708=VECTOR('',#9850,10.);
#2709=VECTOR('',#9855,10.);
#2710=VECTOR('',#9856,10.);
#2711=VECTOR('',#9865,10.);
#2712=VECTOR('',#9868,10.);
#2713=VECTOR('',#9871,10.);
#2714=VECTOR('',#9872,10.);
#2715=VECTOR('',#9875,10.);
#2716=VECTOR('',#9880,10.);
#2717=VECTOR('',#9881,10.);
#2718=VECTOR('',#9884,10.);
#2719=VECTOR('',#9889,10.);
#2720=VECTOR('',#9890,10.);
#2721=VECTOR('',#9893,10.);
#2722=VECTOR('',#9898,10.);
#2723=VECTOR('',#9903,10.);
#2724=VECTOR('',#9904,10.);
#2725=VECTOR('',#9905,10.);
#2726=VECTOR('',#9908,10.);
#2727=VECTOR('',#9913,10.);
#2728=VECTOR('',#9914,10.);
#2729=VECTOR('',#9917,10.);
#2730=VECTOR('',#9922,10.);
#2731=VECTOR('',#9923,10.);
#2732=VECTOR('',#9926,10.);
#2733=VECTOR('',#9931,10.);
#2734=VECTOR('',#9932,10.);
#2735=VECTOR('',#9941,10.);
#2736=VECTOR('',#9942,10.);
#2737=VECTOR('',#9943,10.);
#2738=VECTOR('',#9946,10.);
#2739=VECTOR('',#9951,10.);
#2740=VECTOR('',#9952,10.);
#2741=VECTOR('',#9955,10.);
#2742=VECTOR('',#9960,10.);
#2743=VECTOR('',#9961,10.);
#2744=VECTOR('',#9964,10.);
#2745=VECTOR('',#9969,10.);
#2746=VECTOR('',#9970,10.);
#2747=VECTOR('',#9979,10.);
#2748=VECTOR('',#9980,10.);
#2749=VECTOR('',#9981,10.);
#2750=VECTOR('',#9984,10.);
#2751=VECTOR('',#9989,10.);
#2752=VECTOR('',#9990,10.);
#2753=VECTOR('',#9993,10.);
#2754=VECTOR('',#9998,10.);
#2755=VECTOR('',#9999,10.);
#2756=VECTOR('',#10002,10.);
#2757=VECTOR('',#10007,10.);
#2758=VECTOR('',#10008,10.);
#2759=VECTOR('',#10017,10.);
#2760=VECTOR('',#10018,10.);
#2761=VECTOR('',#10019,10.);
#2762=VECTOR('',#10022,10.);
#2763=VECTOR('',#10027,10.);
#2764=VECTOR('',#10028,10.);
#2765=VECTOR('',#10031,10.);
#2766=VECTOR('',#10036,10.);
#2767=VECTOR('',#10037,10.);
#2768=VECTOR('',#10040,10.);
#2769=VECTOR('',#10045,10.);
#2770=VECTOR('',#10046,10.);
#2771=VECTOR('',#10055,10.);
#2772=VECTOR('',#10056,10.);
#2773=VECTOR('',#10057,10.);
#2774=VECTOR('',#10060,10.);
#2775=VECTOR('',#10065,10.);
#2776=VECTOR('',#10066,10.);
#2777=VECTOR('',#10069,10.);
#2778=VECTOR('',#10074,10.);
#2779=VECTOR('',#10075,10.);
#2780=VECTOR('',#10078,10.);
#2781=VECTOR('',#10083,10.);
#2782=VECTOR('',#10084,10.);
#2783=VECTOR('',#10093,10.);
#2784=VECTOR('',#10096,10.);
#2785=VECTOR('',#10099,10.);
#2786=VECTOR('',#10100,10.);
#2787=VECTOR('',#10103,10.);
#2788=VECTOR('',#10108,10.);
#2789=VECTOR('',#10109,10.);
#2790=VECTOR('',#10112,10.);
#2791=VECTOR('',#10117,10.);
#2792=VECTOR('',#10118,10.);
#2793=VECTOR('',#10121,10.);
#2794=VECTOR('',#10126,10.);
#2795=VECTOR('',#10131,10.);
#2796=VECTOR('',#10132,10.);
#2797=VECTOR('',#10133,10.);
#2798=VECTOR('',#10136,10.);
#2799=VECTOR('',#10141,10.);
#2800=VECTOR('',#10142,10.);
#2801=VECTOR('',#10145,10.);
#2802=VECTOR('',#10150,10.);
#2803=VECTOR('',#10151,10.);
#2804=VECTOR('',#10154,10.);
#2805=VECTOR('',#10159,10.);
#2806=VECTOR('',#10160,10.);
#2807=VECTOR('',#10169,10.);
#2808=VECTOR('',#10170,10.);
#2809=VECTOR('',#10171,10.);
#2810=VECTOR('',#10174,10.);
#2811=VECTOR('',#10179,10.);
#2812=VECTOR('',#10180,10.);
#2813=VECTOR('',#10183,10.);
#2814=VECTOR('',#10188,10.);
#2815=VECTOR('',#10189,10.);
#2816=VECTOR('',#10192,10.);
#2817=VECTOR('',#10197,10.);
#2818=VECTOR('',#10198,10.);
#2819=VECTOR('',#10207,10.);
#2820=VECTOR('',#10208,10.);
#2821=VECTOR('',#10209,10.);
#2822=VECTOR('',#10212,10.);
#2823=VECTOR('',#10217,10.);
#2824=VECTOR('',#10218,10.);
#2825=VECTOR('',#10221,10.);
#2826=VECTOR('',#10226,10.);
#2827=VECTOR('',#10227,10.);
#2828=VECTOR('',#10230,10.);
#2829=VECTOR('',#10235,10.);
#2830=VECTOR('',#10236,10.);
#2831=VECTOR('',#10245,10.);
#2832=VECTOR('',#10246,10.);
#2833=VECTOR('',#10247,10.);
#2834=VECTOR('',#10250,10.);
#2835=VECTOR('',#10255,10.);
#2836=VECTOR('',#10256,10.);
#2837=VECTOR('',#10259,10.);
#2838=VECTOR('',#10264,10.);
#2839=VECTOR('',#10265,10.);
#2840=VECTOR('',#10268,10.);
#2841=VECTOR('',#10273,10.);
#2842=VECTOR('',#10274,10.);
#2843=VECTOR('',#10283,10.);
#2844=VECTOR('',#10284,10.);
#2845=VECTOR('',#10285,10.);
#2846=VECTOR('',#10288,10.);
#2847=VECTOR('',#10293,10.);
#2848=VECTOR('',#10294,10.);
#2849=VECTOR('',#10297,10.);
#2850=VECTOR('',#10302,10.);
#2851=VECTOR('',#10303,10.);
#2852=VECTOR('',#10306,10.);
#2853=VECTOR('',#10311,10.);
#2854=VECTOR('',#10312,10.);
#2855=VECTOR('',#10321,10.);
#2856=VECTOR('',#10324,10.);
#2857=VECTOR('',#10327,10.);
#2858=VECTOR('',#10328,10.);
#2859=VECTOR('',#10331,10.);
#2860=VECTOR('',#10336,10.);
#2861=VECTOR('',#10337,10.);
#2862=VECTOR('',#10340,10.);
#2863=VECTOR('',#10345,10.);
#2864=VECTOR('',#10346,10.);
#2865=VECTOR('',#10349,10.);
#2866=VECTOR('',#10354,10.);
#2867=VECTOR('',#10359,10.);
#2868=VECTOR('',#10360,10.);
#2869=VECTOR('',#10361,10.);
#2870=VECTOR('',#10364,10.);
#2871=VECTOR('',#10369,10.);
#2872=VECTOR('',#10370,10.);
#2873=VECTOR('',#10373,10.);
#2874=VECTOR('',#10378,10.);
#2875=VECTOR('',#10379,10.);
#2876=VECTOR('',#10382,10.);
#2877=VECTOR('',#10387,10.);
#2878=VECTOR('',#10388,10.);
#2879=VECTOR('',#10397,10.);
#2880=VECTOR('',#10398,10.);
#2881=VECTOR('',#10399,10.);
#2882=VECTOR('',#10402,10.);
#2883=VECTOR('',#10407,10.);
#2884=VECTOR('',#10408,10.);
#2885=VECTOR('',#10411,10.);
#2886=VECTOR('',#10416,10.);
#2887=VECTOR('',#10417,10.);
#2888=VECTOR('',#10420,10.);
#2889=VECTOR('',#10425,10.);
#2890=VECTOR('',#10426,10.);
#2891=VECTOR('',#10435,95.);
#2892=VECTOR('',#10440,60.);
#2893=VECTOR('',#10447,120.);
#2894=VERTEX_POINT('',#10456);
#2895=VERTEX_POINT('',#10457);
#2896=VERTEX_POINT('',#10459);
#2897=VERTEX_POINT('',#10461);
#2898=VERTEX_POINT('',#10465);
#2899=VERTEX_POINT('',#10467);
#2900=VERTEX_POINT('',#10471);
#2901=VERTEX_POINT('',#10473);
#2902=VERTEX_POINT('',#10477);
#2903=VERTEX_POINT('',#10479);
#2904=VERTEX_POINT('',#10483);
#2905=VERTEX_POINT('',#10485);
#2906=VERTEX_POINT('',#10489);
#2907=VERTEX_POINT('',#10491);
#2908=VERTEX_POINT('',#10495);
#2909=VERTEX_POINT('',#10497);
#2910=VERTEX_POINT('',#10501);
#2911=VERTEX_POINT('',#10503);
#2912=VERTEX_POINT('',#10507);
#2913=VERTEX_POINT('',#10509);
#2914=VERTEX_POINT('',#10513);
#2915=VERTEX_POINT('',#10515);
#2916=VERTEX_POINT('',#10519);
#2917=VERTEX_POINT('',#10521);
#2918=VERTEX_POINT('',#10525);
#2919=VERTEX_POINT('',#10527);
#2920=VERTEX_POINT('',#10531);
#2921=VERTEX_POINT('',#10533);
#2922=VERTEX_POINT('',#10540);
#2923=VERTEX_POINT('',#10541);
#2924=VERTEX_POINT('',#10543);
#2925=VERTEX_POINT('',#10545);
#2926=VERTEX_POINT('',#10549);
#2927=VERTEX_POINT('',#10551);
#2928=VERTEX_POINT('',#10555);
#2929=VERTEX_POINT('',#10557);
#2930=VERTEX_POINT('',#10561);
#2931=VERTEX_POINT('',#10563);
#2932=VERTEX_POINT('',#10567);
#2933=VERTEX_POINT('',#10569);
#2934=VERTEX_POINT('',#10573);
#2935=VERTEX_POINT('',#10575);
#2936=VERTEX_POINT('',#10579);
#2937=VERTEX_POINT('',#10581);
#2938=VERTEX_POINT('',#10585);
#2939=VERTEX_POINT('',#10587);
#2940=VERTEX_POINT('',#10591);
#2941=VERTEX_POINT('',#10593);
#2942=VERTEX_POINT('',#10597);
#2943=VERTEX_POINT('',#10599);
#2944=VERTEX_POINT('',#10603);
#2945=VERTEX_POINT('',#10605);
#2946=VERTEX_POINT('',#10609);
#2947=VERTEX_POINT('',#10611);
#2948=VERTEX_POINT('',#10615);
#2949=VERTEX_POINT('',#10617);
#2950=VERTEX_POINT('',#10624);
#2951=VERTEX_POINT('',#10625);
#2952=VERTEX_POINT('',#10627);
#2953=VERTEX_POINT('',#10629);
#2954=VERTEX_POINT('',#10633);
#2955=VERTEX_POINT('',#10635);
#2956=VERTEX_POINT('',#10639);
#2957=VERTEX_POINT('',#10641);
#2958=VERTEX_POINT('',#10645);
#2959=VERTEX_POINT('',#10647);
#2960=VERTEX_POINT('',#10651);
#2961=VERTEX_POINT('',#10653);
#2962=VERTEX_POINT('',#10657);
#2963=VERTEX_POINT('',#10659);
#2964=VERTEX_POINT('',#10663);
#2965=VERTEX_POINT('',#10665);
#2966=VERTEX_POINT('',#10669);
#2967=VERTEX_POINT('',#10671);
#2968=VERTEX_POINT('',#10675);
#2969=VERTEX_POINT('',#10677);
#2970=VERTEX_POINT('',#10681);
#2971=VERTEX_POINT('',#10683);
#2972=VERTEX_POINT('',#10687);
#2973=VERTEX_POINT('',#10689);
#2974=VERTEX_POINT('',#10693);
#2975=VERTEX_POINT('',#10695);
#2976=VERTEX_POINT('',#10699);
#2977=VERTEX_POINT('',#10701);
#2978=VERTEX_POINT('',#10708);
#2979=VERTEX_POINT('',#10709);
#2980=VERTEX_POINT('',#10711);
#2981=VERTEX_POINT('',#10713);
#2982=VERTEX_POINT('',#10717);
#2983=VERTEX_POINT('',#10719);
#2984=VERTEX_POINT('',#10723);
#2985=VERTEX_POINT('',#10725);
#2986=VERTEX_POINT('',#10729);
#2987=VERTEX_POINT('',#10731);
#2988=VERTEX_POINT('',#10735);
#2989=VERTEX_POINT('',#10737);
#2990=VERTEX_POINT('',#10741);
#2991=VERTEX_POINT('',#10743);
#2992=VERTEX_POINT('',#10747);
#2993=VERTEX_POINT('',#10749);
#2994=VERTEX_POINT('',#10753);
#2995=VERTEX_POINT('',#10755);
#2996=VERTEX_POINT('',#10759);
#2997=VERTEX_POINT('',#10761);
#2998=VERTEX_POINT('',#10765);
#2999=VERTEX_POINT('',#10767);
#3000=VERTEX_POINT('',#10771);
#3001=VERTEX_POINT('',#10773);
#3002=VERTEX_POINT('',#10777);
#3003=VERTEX_POINT('',#10779);
#3004=VERTEX_POINT('',#10783);
#3005=VERTEX_POINT('',#10785);
#3006=VERTEX_POINT('',#10792);
#3007=VERTEX_POINT('',#10793);
#3008=VERTEX_POINT('',#10795);
#3009=VERTEX_POINT('',#10797);
#3010=VERTEX_POINT('',#10801);
#3011=VERTEX_POINT('',#10803);
#3012=VERTEX_POINT('',#10807);
#3013=VERTEX_POINT('',#10809);
#3014=VERTEX_POINT('',#10813);
#3015=VERTEX_POINT('',#10815);
#3016=VERTEX_POINT('',#10819);
#3017=VERTEX_POINT('',#10821);
#3018=VERTEX_POINT('',#10825);
#3019=VERTEX_POINT('',#10827);
#3020=VERTEX_POINT('',#10831);
#3021=VERTEX_POINT('',#10833);
#3022=VERTEX_POINT('',#10837);
#3023=VERTEX_POINT('',#10839);
#3024=VERTEX_POINT('',#10843);
#3025=VERTEX_POINT('',#10845);
#3026=VERTEX_POINT('',#10849);
#3027=VERTEX_POINT('',#10851);
#3028=VERTEX_POINT('',#10855);
#3029=VERTEX_POINT('',#10857);
#3030=VERTEX_POINT('',#10861);
#3031=VERTEX_POINT('',#10863);
#3032=VERTEX_POINT('',#10867);
#3033=VERTEX_POINT('',#10869);
#3034=VERTEX_POINT('',#10876);
#3035=VERTEX_POINT('',#10877);
#3036=VERTEX_POINT('',#10879);
#3037=VERTEX_POINT('',#10881);
#3038=VERTEX_POINT('',#10885);
#3039=VERTEX_POINT('',#10887);
#3040=VERTEX_POINT('',#10891);
#3041=VERTEX_POINT('',#10893);
#3042=VERTEX_POINT('',#10897);
#3043=VERTEX_POINT('',#10899);
#3044=VERTEX_POINT('',#10903);
#3045=VERTEX_POINT('',#10905);
#3046=VERTEX_POINT('',#10909);
#3047=VERTEX_POINT('',#10911);
#3048=VERTEX_POINT('',#10915);
#3049=VERTEX_POINT('',#10917);
#3050=VERTEX_POINT('',#10921);
#3051=VERTEX_POINT('',#10923);
#3052=VERTEX_POINT('',#10927);
#3053=VERTEX_POINT('',#10929);
#3054=VERTEX_POINT('',#10933);
#3055=VERTEX_POINT('',#10935);
#3056=VERTEX_POINT('',#10939);
#3057=VERTEX_POINT('',#10941);
#3058=VERTEX_POINT('',#10945);
#3059=VERTEX_POINT('',#10947);
#3060=VERTEX_POINT('',#10951);
#3061=VERTEX_POINT('',#10953);
#3062=VERTEX_POINT('',#10960);
#3063=VERTEX_POINT('',#10961);
#3064=VERTEX_POINT('',#10963);
#3065=VERTEX_POINT('',#10965);
#3066=VERTEX_POINT('',#10969);
#3067=VERTEX_POINT('',#10971);
#3068=VERTEX_POINT('',#10975);
#3069=VERTEX_POINT('',#10977);
#3070=VERTEX_POINT('',#10981);
#3071=VERTEX_POINT('',#10983);
#3072=VERTEX_POINT('',#10987);
#3073=VERTEX_POINT('',#10989);
#3074=VERTEX_POINT('',#10993);
#3075=VERTEX_POINT('',#10995);
#3076=VERTEX_POINT('',#10999);
#3077=VERTEX_POINT('',#11001);
#3078=VERTEX_POINT('',#11005);
#3079=VERTEX_POINT('',#11007);
#3080=VERTEX_POINT('',#11011);
#3081=VERTEX_POINT('',#11013);
#3082=VERTEX_POINT('',#11017);
#3083=VERTEX_POINT('',#11019);
#3084=VERTEX_POINT('',#11023);
#3085=VERTEX_POINT('',#11025);
#3086=VERTEX_POINT('',#11029);
#3087=VERTEX_POINT('',#11031);
#3088=VERTEX_POINT('',#11035);
#3089=VERTEX_POINT('',#11037);
#3090=VERTEX_POINT('',#11044);
#3091=VERTEX_POINT('',#11045);
#3092=VERTEX_POINT('',#11047);
#3093=VERTEX_POINT('',#11049);
#3094=VERTEX_POINT('',#11053);
#3095=VERTEX_POINT('',#11055);
#3096=VERTEX_POINT('',#11059);
#3097=VERTEX_POINT('',#11061);
#3098=VERTEX_POINT('',#11065);
#3099=VERTEX_POINT('',#11067);
#3100=VERTEX_POINT('',#11071);
#3101=VERTEX_POINT('',#11073);
#3102=VERTEX_POINT('',#11077);
#3103=VERTEX_POINT('',#11079);
#3104=VERTEX_POINT('',#11083);
#3105=VERTEX_POINT('',#11085);
#3106=VERTEX_POINT('',#11089);
#3107=VERTEX_POINT('',#11091);
#3108=VERTEX_POINT('',#11095);
#3109=VERTEX_POINT('',#11097);
#3110=VERTEX_POINT('',#11101);
#3111=VERTEX_POINT('',#11103);
#3112=VERTEX_POINT('',#11107);
#3113=VERTEX_POINT('',#11109);
#3114=VERTEX_POINT('',#11113);
#3115=VERTEX_POINT('',#11115);
#3116=VERTEX_POINT('',#11119);
#3117=VERTEX_POINT('',#11121);
#3118=VERTEX_POINT('',#11128);
#3119=VERTEX_POINT('',#11130);
#3120=VERTEX_POINT('',#11135);
#3121=VERTEX_POINT('',#11137);
#3122=VERTEX_POINT('',#11142);
#3123=VERTEX_POINT('',#11144);
#3124=VERTEX_POINT('',#11149);
#3125=VERTEX_POINT('',#11151);
#3126=VERTEX_POINT('',#11156);
#3127=VERTEX_POINT('',#11158);
#3128=VERTEX_POINT('',#11163);
#3129=VERTEX_POINT('',#11165);
#3130=VERTEX_POINT('',#11170);
#3131=VERTEX_POINT('',#11172);
#3132=VERTEX_POINT('',#11177);
#3133=VERTEX_POINT('',#11179);
#3134=VERTEX_POINT('',#11184);
#3135=VERTEX_POINT('',#11186);
#3136=VERTEX_POINT('',#11191);
#3137=VERTEX_POINT('',#11193);
#3138=VERTEX_POINT('',#11198);
#3139=VERTEX_POINT('',#11200);
#3140=VERTEX_POINT('',#11204);
#3141=VERTEX_POINT('',#11206);
#3142=VERTEX_POINT('',#11210);
#3143=VERTEX_POINT('',#11212);
#3144=VERTEX_POINT('',#11216);
#3145=VERTEX_POINT('',#11218);
#3146=VERTEX_POINT('',#11222);
#3147=VERTEX_POINT('',#11224);
#3148=VERTEX_POINT('',#11228);
#3149=VERTEX_POINT('',#11230);
#3150=VERTEX_POINT('',#11234);
#3151=VERTEX_POINT('',#11236);
#3152=VERTEX_POINT('',#11240);
#3153=VERTEX_POINT('',#11242);
#3154=VERTEX_POINT('',#11246);
#3155=VERTEX_POINT('',#11248);
#3156=VERTEX_POINT('',#11252);
#3157=VERTEX_POINT('',#11254);
#3158=VERTEX_POINT('',#11258);
#3159=VERTEX_POINT('',#11260);
#3160=VERTEX_POINT('',#11264);
#3161=VERTEX_POINT('',#11266);
#3162=VERTEX_POINT('',#11270);
#3163=VERTEX_POINT('',#11272);
#3164=VERTEX_POINT('',#11276);
#3165=VERTEX_POINT('',#11278);
#3166=VERTEX_POINT('',#11282);
#3167=VERTEX_POINT('',#11284);
#3168=VERTEX_POINT('',#11288);
#3169=VERTEX_POINT('',#11290);
#3170=VERTEX_POINT('',#11294);
#3171=VERTEX_POINT('',#11296);
#3172=VERTEX_POINT('',#11300);
#3173=VERTEX_POINT('',#11302);
#3174=VERTEX_POINT('',#11306);
#3175=VERTEX_POINT('',#11308);
#3176=VERTEX_POINT('',#11312);
#3177=VERTEX_POINT('',#11314);
#3178=VERTEX_POINT('',#11318);
#3179=VERTEX_POINT('',#11320);
#3180=VERTEX_POINT('',#11324);
#3181=VERTEX_POINT('',#11326);
#3182=VERTEX_POINT('',#11330);
#3183=VERTEX_POINT('',#11332);
#3184=VERTEX_POINT('',#11336);
#3185=VERTEX_POINT('',#11338);
#3186=VERTEX_POINT('',#11342);
#3187=VERTEX_POINT('',#11344);
#3188=VERTEX_POINT('',#11348);
#3189=VERTEX_POINT('',#11350);
#3190=VERTEX_POINT('',#11354);
#3191=VERTEX_POINT('',#11356);
#3192=VERTEX_POINT('',#11360);
#3193=VERTEX_POINT('',#11362);
#3194=VERTEX_POINT('',#11366);
#3195=VERTEX_POINT('',#11367);
#3196=VERTEX_POINT('',#11369);
#3197=VERTEX_POINT('',#11371);
#3198=VERTEX_POINT('',#11377);
#3199=VERTEX_POINT('',#11378);
#3200=VERTEX_POINT('',#11380);
#3201=VERTEX_POINT('',#11382);
#3202=VERTEX_POINT('',#11388);
#3203=VERTEX_POINT('',#11389);
#3204=VERTEX_POINT('',#11391);
#3205=VERTEX_POINT('',#11393);
#3206=VERTEX_POINT('',#11399);
#3207=VERTEX_POINT('',#11400);
#3208=VERTEX_POINT('',#11402);
#3209=VERTEX_POINT('',#11404);
#3210=VERTEX_POINT('',#11410);
#3211=VERTEX_POINT('',#11411);
#3212=VERTEX_POINT('',#11413);
#3213=VERTEX_POINT('',#11415);
#3214=VERTEX_POINT('',#11421);
#3215=VERTEX_POINT('',#11422);
#3216=VERTEX_POINT('',#11424);
#3217=VERTEX_POINT('',#11426);
#3218=VERTEX_POINT('',#11432);
#3219=VERTEX_POINT('',#11433);
#3220=VERTEX_POINT('',#11435);
#3221=VERTEX_POINT('',#11437);
#3222=VERTEX_POINT('',#11443);
#3223=VERTEX_POINT('',#11444);
#3224=VERTEX_POINT('',#11446);
#3225=VERTEX_POINT('',#11448);
#3226=VERTEX_POINT('',#11454);
#3227=VERTEX_POINT('',#11455);
#3228=VERTEX_POINT('',#11457);
#3229=VERTEX_POINT('',#11459);
#3230=VERTEX_POINT('',#11465);
#3231=VERTEX_POINT('',#11466);
#3232=VERTEX_POINT('',#11468);
#3233=VERTEX_POINT('',#11470);
#3234=VERTEX_POINT('',#11476);
#3235=VERTEX_POINT('',#11477);
#3236=VERTEX_POINT('',#11479);
#3237=VERTEX_POINT('',#11481);
#3238=VERTEX_POINT('',#11487);
#3239=VERTEX_POINT('',#11488);
#3240=VERTEX_POINT('',#11490);
#3241=VERTEX_POINT('',#11492);
#3242=VERTEX_POINT('',#11498);
#3243=VERTEX_POINT('',#11499);
#3244=VERTEX_POINT('',#11501);
#3245=VERTEX_POINT('',#11503);
#3246=VERTEX_POINT('',#11509);
#3247=VERTEX_POINT('',#11510);
#3248=VERTEX_POINT('',#11512);
#3249=VERTEX_POINT('',#11514);
#3250=VERTEX_POINT('',#11520);
#3251=VERTEX_POINT('',#11521);
#3252=VERTEX_POINT('',#11523);
#3253=VERTEX_POINT('',#11525);
#3254=VERTEX_POINT('',#11531);
#3255=VERTEX_POINT('',#11532);
#3256=VERTEX_POINT('',#11534);
#3257=VERTEX_POINT('',#11536);
#3258=VERTEX_POINT('',#11542);
#3259=VERTEX_POINT('',#11543);
#3260=VERTEX_POINT('',#11545);
#3261=VERTEX_POINT('',#11547);
#3262=VERTEX_POINT('',#11553);
#3263=VERTEX_POINT('',#11554);
#3264=VERTEX_POINT('',#11556);
#3265=VERTEX_POINT('',#11558);
#3266=VERTEX_POINT('',#11564);
#3267=VERTEX_POINT('',#11565);
#3268=VERTEX_POINT('',#11567);
#3269=VERTEX_POINT('',#11569);
#3270=VERTEX_POINT('',#11575);
#3271=VERTEX_POINT('',#11576);
#3272=VERTEX_POINT('',#11578);
#3273=VERTEX_POINT('',#11580);
#3274=VERTEX_POINT('',#11586);
#3275=VERTEX_POINT('',#11588);
#3276=VERTEX_POINT('',#11590);
#3277=VERTEX_POINT('',#11592);
#3278=VERTEX_POINT('',#11594);
#3279=VERTEX_POINT('',#11596);
#3280=VERTEX_POINT('',#11598);
#3281=VERTEX_POINT('',#11600);
#3282=VERTEX_POINT('',#11602);
#3283=VERTEX_POINT('',#11605);
#3284=VERTEX_POINT('',#11607);
#3285=VERTEX_POINT('',#11609);
#3286=VERTEX_POINT('',#11611);
#3287=VERTEX_POINT('',#11613);
#3288=VERTEX_POINT('',#11615);
#3289=VERTEX_POINT('',#11617);
#3290=VERTEX_POINT('',#11619);
#3291=VERTEX_POINT('',#11622);
#3292=VERTEX_POINT('',#11624);
#3293=VERTEX_POINT('',#11626);
#3294=VERTEX_POINT('',#11628);
#3295=VERTEX_POINT('',#11630);
#3296=VERTEX_POINT('',#11632);
#3297=VERTEX_POINT('',#11634);
#3298=VERTEX_POINT('',#11636);
#3299=VERTEX_POINT('',#11639);
#3300=VERTEX_POINT('',#11641);
#3301=VERTEX_POINT('',#11643);
#3302=VERTEX_POINT('',#11645);
#3303=VERTEX_POINT('',#11647);
#3304=VERTEX_POINT('',#11649);
#3305=VERTEX_POINT('',#11651);
#3306=VERTEX_POINT('',#11653);
#3307=VERTEX_POINT('',#11656);
#3308=VERTEX_POINT('',#11658);
#3309=VERTEX_POINT('',#11660);
#3310=VERTEX_POINT('',#11662);
#3311=VERTEX_POINT('',#11664);
#3312=VERTEX_POINT('',#11666);
#3313=VERTEX_POINT('',#11668);
#3314=VERTEX_POINT('',#11670);
#3315=VERTEX_POINT('',#11673);
#3316=VERTEX_POINT('',#11675);
#3317=VERTEX_POINT('',#11677);
#3318=VERTEX_POINT('',#11679);
#3319=VERTEX_POINT('',#11681);
#3320=VERTEX_POINT('',#11683);
#3321=VERTEX_POINT('',#11685);
#3322=VERTEX_POINT('',#11687);
#3323=VERTEX_POINT('',#11690);
#3324=VERTEX_POINT('',#11692);
#3325=VERTEX_POINT('',#11694);
#3326=VERTEX_POINT('',#11696);
#3327=VERTEX_POINT('',#11698);
#3328=VERTEX_POINT('',#11700);
#3329=VERTEX_POINT('',#11702);
#3330=VERTEX_POINT('',#11704);
#3331=VERTEX_POINT('',#11707);
#3332=VERTEX_POINT('',#11709);
#3333=VERTEX_POINT('',#11711);
#3334=VERTEX_POINT('',#11713);
#3335=VERTEX_POINT('',#11715);
#3336=VERTEX_POINT('',#11717);
#3337=VERTEX_POINT('',#11719);
#3338=VERTEX_POINT('',#11721);
#3339=VERTEX_POINT('',#11724);
#3340=VERTEX_POINT('',#11726);
#3341=VERTEX_POINT('',#11728);
#3342=VERTEX_POINT('',#11730);
#3343=VERTEX_POINT('',#11732);
#3344=VERTEX_POINT('',#11734);
#3345=VERTEX_POINT('',#11736);
#3346=VERTEX_POINT('',#11738);
#3347=VERTEX_POINT('',#11741);
#3348=VERTEX_POINT('',#11743);
#3349=VERTEX_POINT('',#11745);
#3350=VERTEX_POINT('',#11747);
#3351=VERTEX_POINT('',#11749);
#3352=VERTEX_POINT('',#11751);
#3353=VERTEX_POINT('',#11753);
#3354=VERTEX_POINT('',#11755);
#3355=VERTEX_POINT('',#11758);
#3356=VERTEX_POINT('',#11760);
#3357=VERTEX_POINT('',#11762);
#3358=VERTEX_POINT('',#11764);
#3359=VERTEX_POINT('',#11766);
#3360=VERTEX_POINT('',#11768);
#3361=VERTEX_POINT('',#11770);
#3362=VERTEX_POINT('',#11772);
#3363=VERTEX_POINT('',#11775);
#3364=VERTEX_POINT('',#11777);
#3365=VERTEX_POINT('',#11779);
#3366=VERTEX_POINT('',#11781);
#3367=VERTEX_POINT('',#11783);
#3368=VERTEX_POINT('',#11785);
#3369=VERTEX_POINT('',#11787);
#3370=VERTEX_POINT('',#11789);
#3371=VERTEX_POINT('',#11792);
#3372=VERTEX_POINT('',#11794);
#3373=VERTEX_POINT('',#11796);
#3374=VERTEX_POINT('',#11798);
#3375=VERTEX_POINT('',#11800);
#3376=VERTEX_POINT('',#11802);
#3377=VERTEX_POINT('',#11804);
#3378=VERTEX_POINT('',#11806);
#3379=VERTEX_POINT('',#11809);
#3380=VERTEX_POINT('',#11811);
#3381=VERTEX_POINT('',#11813);
#3382=VERTEX_POINT('',#11815);
#3383=VERTEX_POINT('',#11817);
#3384=VERTEX_POINT('',#11819);
#3385=VERTEX_POINT('',#11821);
#3386=VERTEX_POINT('',#11823);
#3387=VERTEX_POINT('',#11826);
#3388=VERTEX_POINT('',#11828);
#3389=VERTEX_POINT('',#11830);
#3390=VERTEX_POINT('',#11832);
#3391=VERTEX_POINT('',#11834);
#3392=VERTEX_POINT('',#11836);
#3393=VERTEX_POINT('',#11838);
#3394=VERTEX_POINT('',#11840);
#3395=VERTEX_POINT('',#11843);
#3396=VERTEX_POINT('',#11845);
#3397=VERTEX_POINT('',#11847);
#3398=VERTEX_POINT('',#11849);
#3399=VERTEX_POINT('',#11851);
#3400=VERTEX_POINT('',#11853);
#3401=VERTEX_POINT('',#11855);
#3402=VERTEX_POINT('',#11857);
#3403=VERTEX_POINT('',#11860);
#3404=VERTEX_POINT('',#11862);
#3405=VERTEX_POINT('',#11864);
#3406=VERTEX_POINT('',#11866);
#3407=VERTEX_POINT('',#11868);
#3408=VERTEX_POINT('',#11870);
#3409=VERTEX_POINT('',#11872);
#3410=VERTEX_POINT('',#11874);
#3411=VERTEX_POINT('',#11877);
#3412=VERTEX_POINT('',#11879);
#3413=VERTEX_POINT('',#11881);
#3414=VERTEX_POINT('',#11883);
#3415=VERTEX_POINT('',#11885);
#3416=VERTEX_POINT('',#11887);
#3417=VERTEX_POINT('',#11889);
#3418=VERTEX_POINT('',#11891);
#3419=VERTEX_POINT('',#11894);
#3420=VERTEX_POINT('',#11896);
#3421=VERTEX_POINT('',#11898);
#3422=VERTEX_POINT('',#11900);
#3423=VERTEX_POINT('',#11902);
#3424=VERTEX_POINT('',#11904);
#3425=VERTEX_POINT('',#11906);
#3426=VERTEX_POINT('',#11908);
#3427=VERTEX_POINT('',#11911);
#3428=VERTEX_POINT('',#11913);
#3429=VERTEX_POINT('',#11915);
#3430=VERTEX_POINT('',#11917);
#3431=VERTEX_POINT('',#11919);
#3432=VERTEX_POINT('',#11921);
#3433=VERTEX_POINT('',#11923);
#3434=VERTEX_POINT('',#11925);
#3435=VERTEX_POINT('',#11928);
#3436=VERTEX_POINT('',#11931);
#3437=VERTEX_POINT('',#11933);
#3438=VERTEX_POINT('',#11937);
#3439=VERTEX_POINT('',#11941);
#3440=VERTEX_POINT('',#11945);
#3441=VERTEX_POINT('',#11949);
#3442=VERTEX_POINT('',#11953);
#3443=VERTEX_POINT('',#11957);
#3444=VERTEX_POINT('',#11964);
#3445=VERTEX_POINT('',#11966);
#3446=VERTEX_POINT('',#11970);
#3447=VERTEX_POINT('',#11974);
#3448=VERTEX_POINT('',#11978);
#3449=VERTEX_POINT('',#11982);
#3450=VERTEX_POINT('',#11986);
#3451=VERTEX_POINT('',#11990);
#3452=VERTEX_POINT('',#11997);
#3453=VERTEX_POINT('',#11999);
#3454=VERTEX_POINT('',#12003);
#3455=VERTEX_POINT('',#12007);
#3456=VERTEX_POINT('',#12011);
#3457=VERTEX_POINT('',#12015);
#3458=VERTEX_POINT('',#12019);
#3459=VERTEX_POINT('',#12023);
#3460=VERTEX_POINT('',#12030);
#3461=VERTEX_POINT('',#12032);
#3462=VERTEX_POINT('',#12036);
#3463=VERTEX_POINT('',#12040);
#3464=VERTEX_POINT('',#12044);
#3465=VERTEX_POINT('',#12048);
#3466=VERTEX_POINT('',#12052);
#3467=VERTEX_POINT('',#12056);
#3468=VERTEX_POINT('',#12063);
#3469=VERTEX_POINT('',#12065);
#3470=VERTEX_POINT('',#12069);
#3471=VERTEX_POINT('',#12073);
#3472=VERTEX_POINT('',#12077);
#3473=VERTEX_POINT('',#12081);
#3474=VERTEX_POINT('',#12085);
#3475=VERTEX_POINT('',#12089);
#3476=VERTEX_POINT('',#12096);
#3477=VERTEX_POINT('',#12098);
#3478=VERTEX_POINT('',#12102);
#3479=VERTEX_POINT('',#12106);
#3480=VERTEX_POINT('',#12110);
#3481=VERTEX_POINT('',#12114);
#3482=VERTEX_POINT('',#12118);
#3483=VERTEX_POINT('',#12122);
#3484=VERTEX_POINT('',#12129);
#3485=VERTEX_POINT('',#12131);
#3486=VERTEX_POINT('',#12135);
#3487=VERTEX_POINT('',#12139);
#3488=VERTEX_POINT('',#12143);
#3489=VERTEX_POINT('',#12147);
#3490=VERTEX_POINT('',#12151);
#3491=VERTEX_POINT('',#12155);
#3492=VERTEX_POINT('',#12162);
#3493=VERTEX_POINT('',#12164);
#3494=VERTEX_POINT('',#12168);
#3495=VERTEX_POINT('',#12172);
#3496=VERTEX_POINT('',#12176);
#3497=VERTEX_POINT('',#12180);
#3498=VERTEX_POINT('',#12184);
#3499=VERTEX_POINT('',#12188);
#3500=VERTEX_POINT('',#12195);
#3501=VERTEX_POINT('',#12197);
#3502=VERTEX_POINT('',#12201);
#3503=VERTEX_POINT('',#12205);
#3504=VERTEX_POINT('',#12209);
#3505=VERTEX_POINT('',#12213);
#3506=VERTEX_POINT('',#12217);
#3507=VERTEX_POINT('',#12221);
#3508=VERTEX_POINT('',#12228);
#3509=VERTEX_POINT('',#12230);
#3510=VERTEX_POINT('',#12234);
#3511=VERTEX_POINT('',#12238);
#3512=VERTEX_POINT('',#12242);
#3513=VERTEX_POINT('',#12246);
#3514=VERTEX_POINT('',#12250);
#3515=VERTEX_POINT('',#12254);
#3516=VERTEX_POINT('',#12261);
#3517=VERTEX_POINT('',#12263);
#3518=VERTEX_POINT('',#12267);
#3519=VERTEX_POINT('',#12271);
#3520=VERTEX_POINT('',#12275);
#3521=VERTEX_POINT('',#12279);
#3522=VERTEX_POINT('',#12283);
#3523=VERTEX_POINT('',#12287);
#3524=VERTEX_POINT('',#12294);
#3525=VERTEX_POINT('',#12296);
#3526=VERTEX_POINT('',#12300);
#3527=VERTEX_POINT('',#12304);
#3528=VERTEX_POINT('',#12308);
#3529=VERTEX_POINT('',#12312);
#3530=VERTEX_POINT('',#12316);
#3531=VERTEX_POINT('',#12320);
#3532=VERTEX_POINT('',#12327);
#3533=VERTEX_POINT('',#12329);
#3534=VERTEX_POINT('',#12333);
#3535=VERTEX_POINT('',#12337);
#3536=VERTEX_POINT('',#12341);
#3537=VERTEX_POINT('',#12345);
#3538=VERTEX_POINT('',#12349);
#3539=VERTEX_POINT('',#12353);
#3540=VERTEX_POINT('',#12360);
#3541=VERTEX_POINT('',#12362);
#3542=VERTEX_POINT('',#12366);
#3543=VERTEX_POINT('',#12370);
#3544=VERTEX_POINT('',#12374);
#3545=VERTEX_POINT('',#12378);
#3546=VERTEX_POINT('',#12382);
#3547=VERTEX_POINT('',#12386);
#3548=VERTEX_POINT('',#12393);
#3549=VERTEX_POINT('',#12395);
#3550=VERTEX_POINT('',#12399);
#3551=VERTEX_POINT('',#12403);
#3552=VERTEX_POINT('',#12407);
#3553=VERTEX_POINT('',#12411);
#3554=VERTEX_POINT('',#12415);
#3555=VERTEX_POINT('',#12419);
#3556=VERTEX_POINT('',#12426);
#3557=VERTEX_POINT('',#12428);
#3558=VERTEX_POINT('',#12432);
#3559=VERTEX_POINT('',#12436);
#3560=VERTEX_POINT('',#12440);
#3561=VERTEX_POINT('',#12444);
#3562=VERTEX_POINT('',#12448);
#3563=VERTEX_POINT('',#12452);
#3564=VERTEX_POINT('',#12459);
#3565=VERTEX_POINT('',#12461);
#3566=VERTEX_POINT('',#12465);
#3567=VERTEX_POINT('',#12469);
#3568=VERTEX_POINT('',#12473);
#3569=VERTEX_POINT('',#12477);
#3570=VERTEX_POINT('',#12481);
#3571=VERTEX_POINT('',#12485);
#3572=VERTEX_POINT('',#12492);
#3573=VERTEX_POINT('',#12494);
#3574=VERTEX_POINT('',#12498);
#3575=VERTEX_POINT('',#12502);
#3576=VERTEX_POINT('',#12506);
#3577=VERTEX_POINT('',#12510);
#3578=VERTEX_POINT('',#12514);
#3579=VERTEX_POINT('',#12518);
#3580=VERTEX_POINT('',#12525);
#3581=VERTEX_POINT('',#12527);
#3582=VERTEX_POINT('',#12531);
#3583=VERTEX_POINT('',#12535);
#3584=VERTEX_POINT('',#12539);
#3585=VERTEX_POINT('',#12543);
#3586=VERTEX_POINT('',#12547);
#3587=VERTEX_POINT('',#12551);
#3588=VERTEX_POINT('',#12558);
#3589=VERTEX_POINT('',#12560);
#3590=VERTEX_POINT('',#12564);
#3591=VERTEX_POINT('',#12568);
#3592=VERTEX_POINT('',#12572);
#3593=VERTEX_POINT('',#12576);
#3594=VERTEX_POINT('',#12580);
#3595=VERTEX_POINT('',#12584);
#3596=VERTEX_POINT('',#12591);
#3597=VERTEX_POINT('',#12595);
#3598=VERTEX_POINT('',#12599);
#3599=VERTEX_POINT('',#12601);
#3600=EDGE_CURVE('',#2894,#2895,#1660,.T.);
#3601=EDGE_CURVE('',#2896,#2894,#1661,.T.);
#3602=EDGE_CURVE('',#2897,#2896,#1662,.T.);
#3603=EDGE_CURVE('',#2897,#2895,#1663,.T.);
#3604=EDGE_CURVE('',#2895,#2898,#120,.T.);
#3605=EDGE_CURVE('',#2899,#2897,#121,.T.);
#3606=EDGE_CURVE('',#2899,#2898,#1664,.T.);
#3607=EDGE_CURVE('',#2898,#2900,#122,.T.);
#3608=EDGE_CURVE('',#2901,#2899,#123,.T.);
#3609=EDGE_CURVE('',#2901,#2900,#1665,.T.);
#3610=EDGE_CURVE('',#2900,#2902,#1666,.T.);
#3611=EDGE_CURVE('',#2903,#2901,#1667,.T.);
#3612=EDGE_CURVE('',#2903,#2902,#1668,.T.);
#3613=EDGE_CURVE('',#2902,#2904,#124,.T.);
#3614=EDGE_CURVE('',#2905,#2903,#125,.T.);
#3615=EDGE_CURVE('',#2905,#2904,#1669,.T.);
#3616=EDGE_CURVE('',#2904,#2906,#126,.T.);
#3617=EDGE_CURVE('',#2907,#2905,#127,.T.);
#3618=EDGE_CURVE('',#2907,#2906,#1670,.T.);
#3619=EDGE_CURVE('',#2906,#2908,#128,.T.);
#3620=EDGE_CURVE('',#2909,#2907,#129,.T.);
#3621=EDGE_CURVE('',#2909,#2908,#1671,.T.);
#3622=EDGE_CURVE('',#2908,#2910,#1672,.T.);
#3623=EDGE_CURVE('',#2911,#2909,#1673,.T.);
#3624=EDGE_CURVE('',#2911,#2910,#1674,.T.);
#3625=EDGE_CURVE('',#2910,#2912,#130,.T.);
#3626=EDGE_CURVE('',#2913,#2911,#131,.T.);
#3627=EDGE_CURVE('',#2913,#2912,#1675,.T.);
#3628=EDGE_CURVE('',#2912,#2914,#132,.T.);
#3629=EDGE_CURVE('',#2915,#2913,#133,.T.);
#3630=EDGE_CURVE('',#2915,#2914,#1676,.T.);
#3631=EDGE_CURVE('',#2914,#2916,#1677,.T.);
#3632=EDGE_CURVE('',#2917,#2915,#1678,.T.);
#3633=EDGE_CURVE('',#2917,#2916,#1679,.T.);
#3634=EDGE_CURVE('',#2916,#2918,#134,.T.);
#3635=EDGE_CURVE('',#2919,#2917,#135,.T.);
#3636=EDGE_CURVE('',#2919,#2918,#1680,.T.);
#3637=EDGE_CURVE('',#2918,#2920,#136,.T.);
#3638=EDGE_CURVE('',#2921,#2919,#137,.T.);
#3639=EDGE_CURVE('',#2921,#2920,#1681,.T.);
#3640=EDGE_CURVE('',#2920,#2894,#138,.T.);
#3641=EDGE_CURVE('',#2896,#2921,#139,.T.);
#3642=EDGE_CURVE('',#2922,#2923,#1682,.T.);
#3643=EDGE_CURVE('',#2924,#2922,#1683,.T.);
#3644=EDGE_CURVE('',#2925,#2924,#1684,.T.);
#3645=EDGE_CURVE('',#2925,#2923,#1685,.T.);
#3646=EDGE_CURVE('',#2923,#2926,#140,.T.);
#3647=EDGE_CURVE('',#2927,#2925,#141,.T.);
#3648=EDGE_CURVE('',#2927,#2926,#1686,.T.);
#3649=EDGE_CURVE('',#2926,#2928,#142,.T.);
#3650=EDGE_CURVE('',#2929,#2927,#143,.T.);
#3651=EDGE_CURVE('',#2929,#2928,#1687,.T.);
#3652=EDGE_CURVE('',#2928,#2930,#1688,.T.);
#3653=EDGE_CURVE('',#2931,#2929,#1689,.T.);
#3654=EDGE_CURVE('',#2931,#2930,#1690,.T.);
#3655=EDGE_CURVE('',#2930,#2932,#144,.T.);
#3656=EDGE_CURVE('',#2933,#2931,#145,.T.);
#3657=EDGE_CURVE('',#2933,#2932,#1691,.T.);
#3658=EDGE_CURVE('',#2932,#2934,#146,.T.);
#3659=EDGE_CURVE('',#2935,#2933,#147,.T.);
#3660=EDGE_CURVE('',#2935,#2934,#1692,.T.);
#3661=EDGE_CURVE('',#2934,#2936,#148,.T.);
#3662=EDGE_CURVE('',#2937,#2935,#149,.T.);
#3663=EDGE_CURVE('',#2937,#2936,#1693,.T.);
#3664=EDGE_CURVE('',#2936,#2938,#1694,.T.);
#3665=EDGE_CURVE('',#2939,#2937,#1695,.T.);
#3666=EDGE_CURVE('',#2939,#2938,#1696,.T.);
#3667=EDGE_CURVE('',#2938,#2940,#150,.T.);
#3668=EDGE_CURVE('',#2941,#2939,#151,.T.);
#3669=EDGE_CURVE('',#2941,#2940,#1697,.T.);
#3670=EDGE_CURVE('',#2940,#2942,#152,.T.);
#3671=EDGE_CURVE('',#2943,#2941,#153,.T.);
#3672=EDGE_CURVE('',#2943,#2942,#1698,.T.);
#3673=EDGE_CURVE('',#2942,#2944,#1699,.T.);
#3674=EDGE_CURVE('',#2945,#2943,#1700,.T.);
#3675=EDGE_CURVE('',#2945,#2944,#1701,.T.);
#3676=EDGE_CURVE('',#2944,#2946,#154,.T.);
#3677=EDGE_CURVE('',#2947,#2945,#155,.T.);
#3678=EDGE_CURVE('',#2947,#2946,#1702,.T.);
#3679=EDGE_CURVE('',#2946,#2948,#156,.T.);
#3680=EDGE_CURVE('',#2949,#2947,#157,.T.);
#3681=EDGE_CURVE('',#2949,#2948,#1703,.T.);
#3682=EDGE_CURVE('',#2948,#2922,#158,.T.);
#3683=EDGE_CURVE('',#2924,#2949,#159,.T.);
#3684=EDGE_CURVE('',#2950,#2951,#1704,.T.);
#3685=EDGE_CURVE('',#2952,#2950,#1705,.T.);
#3686=EDGE_CURVE('',#2953,#2952,#1706,.T.);
#3687=EDGE_CURVE('',#2953,#2951,#1707,.T.);
#3688=EDGE_CURVE('',#2951,#2954,#160,.T.);
#3689=EDGE_CURVE('',#2955,#2953,#161,.T.);
#3690=EDGE_CURVE('',#2955,#2954,#1708,.T.);
#3691=EDGE_CURVE('',#2954,#2956,#162,.T.);
#3692=EDGE_CURVE('',#2957,#2955,#163,.T.);
#3693=EDGE_CURVE('',#2957,#2956,#1709,.T.);
#3694=EDGE_CURVE('',#2956,#2958,#1710,.T.);
#3695=EDGE_CURVE('',#2959,#2957,#1711,.T.);
#3696=EDGE_CURVE('',#2959,#2958,#1712,.T.);
#3697=EDGE_CURVE('',#2958,#2960,#164,.T.);
#3698=EDGE_CURVE('',#2961,#2959,#165,.T.);
#3699=EDGE_CURVE('',#2961,#2960,#1713,.T.);
#3700=EDGE_CURVE('',#2960,#2962,#166,.T.);
#3701=EDGE_CURVE('',#2963,#2961,#167,.T.);
#3702=EDGE_CURVE('',#2963,#2962,#1714,.T.);
#3703=EDGE_CURVE('',#2962,#2964,#168,.T.);
#3704=EDGE_CURVE('',#2965,#2963,#169,.T.);
#3705=EDGE_CURVE('',#2965,#2964,#1715,.T.);
#3706=EDGE_CURVE('',#2964,#2966,#1716,.T.);
#3707=EDGE_CURVE('',#2967,#2965,#1717,.T.);
#3708=EDGE_CURVE('',#2967,#2966,#1718,.T.);
#3709=EDGE_CURVE('',#2966,#2968,#170,.T.);
#3710=EDGE_CURVE('',#2969,#2967,#171,.T.);
#3711=EDGE_CURVE('',#2969,#2968,#1719,.T.);
#3712=EDGE_CURVE('',#2968,#2970,#172,.T.);
#3713=EDGE_CURVE('',#2971,#2969,#173,.T.);
#3714=EDGE_CURVE('',#2971,#2970,#1720,.T.);
#3715=EDGE_CURVE('',#2970,#2972,#1721,.T.);
#3716=EDGE_CURVE('',#2973,#2971,#1722,.T.);
#3717=EDGE_CURVE('',#2973,#2972,#1723,.T.);
#3718=EDGE_CURVE('',#2972,#2974,#174,.T.);
#3719=EDGE_CURVE('',#2975,#2973,#175,.T.);
#3720=EDGE_CURVE('',#2975,#2974,#1724,.T.);
#3721=EDGE_CURVE('',#2974,#2976,#176,.T.);
#3722=EDGE_CURVE('',#2977,#2975,#177,.T.);
#3723=EDGE_CURVE('',#2977,#2976,#1725,.T.);
#3724=EDGE_CURVE('',#2976,#2950,#178,.T.);
#3725=EDGE_CURVE('',#2952,#2977,#179,.T.);
#3726=EDGE_CURVE('',#2978,#2979,#1726,.T.);
#3727=EDGE_CURVE('',#2980,#2978,#1727,.T.);
#3728=EDGE_CURVE('',#2981,#2980,#1728,.T.);
#3729=EDGE_CURVE('',#2981,#2979,#1729,.T.);
#3730=EDGE_CURVE('',#2979,#2982,#180,.T.);
#3731=EDGE_CURVE('',#2983,#2981,#181,.T.);
#3732=EDGE_CURVE('',#2983,#2982,#1730,.T.);
#3733=EDGE_CURVE('',#2982,#2984,#182,.T.);
#3734=EDGE_CURVE('',#2985,#2983,#183,.T.);
#3735=EDGE_CURVE('',#2985,#2984,#1731,.T.);
#3736=EDGE_CURVE('',#2984,#2986,#1732,.T.);
#3737=EDGE_CURVE('',#2987,#2985,#1733,.T.);
#3738=EDGE_CURVE('',#2987,#2986,#1734,.T.);
#3739=EDGE_CURVE('',#2986,#2988,#184,.T.);
#3740=EDGE_CURVE('',#2989,#2987,#185,.T.);
#3741=EDGE_CURVE('',#2989,#2988,#1735,.T.);
#3742=EDGE_CURVE('',#2988,#2990,#186,.T.);
#3743=EDGE_CURVE('',#2991,#2989,#187,.T.);
#3744=EDGE_CURVE('',#2991,#2990,#1736,.T.);
#3745=EDGE_CURVE('',#2990,#2992,#188,.T.);
#3746=EDGE_CURVE('',#2993,#2991,#189,.T.);
#3747=EDGE_CURVE('',#2993,#2992,#1737,.T.);
#3748=EDGE_CURVE('',#2992,#2994,#1738,.T.);
#3749=EDGE_CURVE('',#2995,#2993,#1739,.T.);
#3750=EDGE_CURVE('',#2995,#2994,#1740,.T.);
#3751=EDGE_CURVE('',#2994,#2996,#190,.T.);
#3752=EDGE_CURVE('',#2997,#2995,#191,.T.);
#3753=EDGE_CURVE('',#2997,#2996,#1741,.T.);
#3754=EDGE_CURVE('',#2996,#2998,#192,.T.);
#3755=EDGE_CURVE('',#2999,#2997,#193,.T.);
#3756=EDGE_CURVE('',#2999,#2998,#1742,.T.);
#3757=EDGE_CURVE('',#2998,#3000,#1743,.T.);
#3758=EDGE_CURVE('',#3001,#2999,#1744,.T.);
#3759=EDGE_CURVE('',#3001,#3000,#1745,.T.);
#3760=EDGE_CURVE('',#3000,#3002,#194,.T.);
#3761=EDGE_CURVE('',#3003,#3001,#195,.T.);
#3762=EDGE_CURVE('',#3003,#3002,#1746,.T.);
#3763=EDGE_CURVE('',#3002,#3004,#196,.T.);
#3764=EDGE_CURVE('',#3005,#3003,#197,.T.);
#3765=EDGE_CURVE('',#3005,#3004,#1747,.T.);
#3766=EDGE_CURVE('',#3004,#2978,#198,.T.);
#3767=EDGE_CURVE('',#2980,#3005,#199,.T.);
#3768=EDGE_CURVE('',#3006,#3007,#1748,.T.);
#3769=EDGE_CURVE('',#3008,#3006,#1749,.T.);
#3770=EDGE_CURVE('',#3009,#3008,#1750,.T.);
#3771=EDGE_CURVE('',#3009,#3007,#1751,.T.);
#3772=EDGE_CURVE('',#3007,#3010,#200,.T.);
#3773=EDGE_CURVE('',#3011,#3009,#201,.T.);
#3774=EDGE_CURVE('',#3011,#3010,#1752,.T.);
#3775=EDGE_CURVE('',#3010,#3012,#202,.T.);
#3776=EDGE_CURVE('',#3013,#3011,#203,.T.);
#3777=EDGE_CURVE('',#3013,#3012,#1753,.T.);
#3778=EDGE_CURVE('',#3012,#3014,#1754,.T.);
#3779=EDGE_CURVE('',#3015,#3013,#1755,.T.);
#3780=EDGE_CURVE('',#3015,#3014,#1756,.T.);
#3781=EDGE_CURVE('',#3014,#3016,#204,.T.);
#3782=EDGE_CURVE('',#3017,#3015,#205,.T.);
#3783=EDGE_CURVE('',#3017,#3016,#1757,.T.);
#3784=EDGE_CURVE('',#3016,#3018,#206,.T.);
#3785=EDGE_CURVE('',#3019,#3017,#207,.T.);
#3786=EDGE_CURVE('',#3019,#3018,#1758,.T.);
#3787=EDGE_CURVE('',#3018,#3020,#208,.T.);
#3788=EDGE_CURVE('',#3021,#3019,#209,.T.);
#3789=EDGE_CURVE('',#3021,#3020,#1759,.T.);
#3790=EDGE_CURVE('',#3020,#3022,#1760,.T.);
#3791=EDGE_CURVE('',#3023,#3021,#1761,.T.);
#3792=EDGE_CURVE('',#3023,#3022,#1762,.T.);
#3793=EDGE_CURVE('',#3022,#3024,#210,.T.);
#3794=EDGE_CURVE('',#3025,#3023,#211,.T.);
#3795=EDGE_CURVE('',#3025,#3024,#1763,.T.);
#3796=EDGE_CURVE('',#3024,#3026,#212,.T.);
#3797=EDGE_CURVE('',#3027,#3025,#213,.T.);
#3798=EDGE_CURVE('',#3027,#3026,#1764,.T.);
#3799=EDGE_CURVE('',#3026,#3028,#1765,.T.);
#3800=EDGE_CURVE('',#3029,#3027,#1766,.T.);
#3801=EDGE_CURVE('',#3029,#3028,#1767,.T.);
#3802=EDGE_CURVE('',#3028,#3030,#214,.T.);
#3803=EDGE_CURVE('',#3031,#3029,#215,.T.);
#3804=EDGE_CURVE('',#3031,#3030,#1768,.T.);
#3805=EDGE_CURVE('',#3030,#3032,#216,.T.);
#3806=EDGE_CURVE('',#3033,#3031,#217,.T.);
#3807=EDGE_CURVE('',#3033,#3032,#1769,.T.);
#3808=EDGE_CURVE('',#3032,#3006,#218,.T.);
#3809=EDGE_CURVE('',#3008,#3033,#219,.T.);
#3810=EDGE_CURVE('',#3034,#3035,#1770,.T.);
#3811=EDGE_CURVE('',#3036,#3034,#1771,.T.);
#3812=EDGE_CURVE('',#3037,#3036,#1772,.T.);
#3813=EDGE_CURVE('',#3037,#3035,#1773,.T.);
#3814=EDGE_CURVE('',#3035,#3038,#220,.T.);
#3815=EDGE_CURVE('',#3039,#3037,#221,.T.);
#3816=EDGE_CURVE('',#3039,#3038,#1774,.T.);
#3817=EDGE_CURVE('',#3038,#3040,#222,.T.);
#3818=EDGE_CURVE('',#3041,#3039,#223,.T.);
#3819=EDGE_CURVE('',#3041,#3040,#1775,.T.);
#3820=EDGE_CURVE('',#3040,#3042,#1776,.T.);
#3821=EDGE_CURVE('',#3043,#3041,#1777,.T.);
#3822=EDGE_CURVE('',#3043,#3042,#1778,.T.);
#3823=EDGE_CURVE('',#3042,#3044,#224,.T.);
#3824=EDGE_CURVE('',#3045,#3043,#225,.T.);
#3825=EDGE_CURVE('',#3045,#3044,#1779,.T.);
#3826=EDGE_CURVE('',#3044,#3046,#226,.T.);
#3827=EDGE_CURVE('',#3047,#3045,#227,.T.);
#3828=EDGE_CURVE('',#3047,#3046,#1780,.T.);
#3829=EDGE_CURVE('',#3046,#3048,#228,.T.);
#3830=EDGE_CURVE('',#3049,#3047,#229,.T.);
#3831=EDGE_CURVE('',#3049,#3048,#1781,.T.);
#3832=EDGE_CURVE('',#3048,#3050,#1782,.T.);
#3833=EDGE_CURVE('',#3051,#3049,#1783,.T.);
#3834=EDGE_CURVE('',#3051,#3050,#1784,.T.);
#3835=EDGE_CURVE('',#3050,#3052,#230,.T.);
#3836=EDGE_CURVE('',#3053,#3051,#231,.T.);
#3837=EDGE_CURVE('',#3053,#3052,#1785,.T.);
#3838=EDGE_CURVE('',#3052,#3054,#232,.T.);
#3839=EDGE_CURVE('',#3055,#3053,#233,.T.);
#3840=EDGE_CURVE('',#3055,#3054,#1786,.T.);
#3841=EDGE_CURVE('',#3054,#3056,#1787,.T.);
#3842=EDGE_CURVE('',#3057,#3055,#1788,.T.);
#3843=EDGE_CURVE('',#3057,#3056,#1789,.T.);
#3844=EDGE_CURVE('',#3056,#3058,#234,.T.);
#3845=EDGE_CURVE('',#3059,#3057,#235,.T.);
#3846=EDGE_CURVE('',#3059,#3058,#1790,.T.);
#3847=EDGE_CURVE('',#3058,#3060,#236,.T.);
#3848=EDGE_CURVE('',#3061,#3059,#237,.T.);
#3849=EDGE_CURVE('',#3061,#3060,#1791,.T.);
#3850=EDGE_CURVE('',#3060,#3034,#238,.T.);
#3851=EDGE_CURVE('',#3036,#3061,#239,.T.);
#3852=EDGE_CURVE('',#3062,#3063,#1792,.T.);
#3853=EDGE_CURVE('',#3064,#3062,#1793,.T.);
#3854=EDGE_CURVE('',#3065,#3064,#1794,.T.);
#3855=EDGE_CURVE('',#3065,#3063,#1795,.T.);
#3856=EDGE_CURVE('',#3063,#3066,#240,.T.);
#3857=EDGE_CURVE('',#3067,#3065,#241,.T.);
#3858=EDGE_CURVE('',#3067,#3066,#1796,.T.);
#3859=EDGE_CURVE('',#3066,#3068,#242,.T.);
#3860=EDGE_CURVE('',#3069,#3067,#243,.T.);
#3861=EDGE_CURVE('',#3069,#3068,#1797,.T.);
#3862=EDGE_CURVE('',#3068,#3070,#1798,.T.);
#3863=EDGE_CURVE('',#3071,#3069,#1799,.T.);
#3864=EDGE_CURVE('',#3071,#3070,#1800,.T.);
#3865=EDGE_CURVE('',#3070,#3072,#244,.T.);
#3866=EDGE_CURVE('',#3073,#3071,#245,.T.);
#3867=EDGE_CURVE('',#3073,#3072,#1801,.T.);
#3868=EDGE_CURVE('',#3072,#3074,#246,.T.);
#3869=EDGE_CURVE('',#3075,#3073,#247,.T.);
#3870=EDGE_CURVE('',#3075,#3074,#1802,.T.);
#3871=EDGE_CURVE('',#3074,#3076,#248,.T.);
#3872=EDGE_CURVE('',#3077,#3075,#249,.T.);
#3873=EDGE_CURVE('',#3077,#3076,#1803,.T.);
#3874=EDGE_CURVE('',#3076,#3078,#1804,.T.);
#3875=EDGE_CURVE('',#3079,#3077,#1805,.T.);
#3876=EDGE_CURVE('',#3079,#3078,#1806,.T.);
#3877=EDGE_CURVE('',#3078,#3080,#250,.T.);
#3878=EDGE_CURVE('',#3081,#3079,#251,.T.);
#3879=EDGE_CURVE('',#3081,#3080,#1807,.T.);
#3880=EDGE_CURVE('',#3080,#3082,#252,.T.);
#3881=EDGE_CURVE('',#3083,#3081,#253,.T.);
#3882=EDGE_CURVE('',#3083,#3082,#1808,.T.);
#3883=EDGE_CURVE('',#3082,#3084,#1809,.T.);
#3884=EDGE_CURVE('',#3085,#3083,#1810,.T.);
#3885=EDGE_CURVE('',#3085,#3084,#1811,.T.);
#3886=EDGE_CURVE('',#3084,#3086,#254,.T.);
#3887=EDGE_CURVE('',#3087,#3085,#255,.T.);
#3888=EDGE_CURVE('',#3087,#3086,#1812,.T.);
#3889=EDGE_CURVE('',#3086,#3088,#256,.T.);
#3890=EDGE_CURVE('',#3089,#3087,#257,.T.);
#3891=EDGE_CURVE('',#3089,#3088,#1813,.T.);
#3892=EDGE_CURVE('',#3088,#3062,#258,.T.);
#3893=EDGE_CURVE('',#3064,#3089,#259,.T.);
#3894=EDGE_CURVE('',#3090,#3091,#1814,.T.);
#3895=EDGE_CURVE('',#3092,#3090,#1815,.T.);
#3896=EDGE_CURVE('',#3093,#3092,#1816,.T.);
#3897=EDGE_CURVE('',#3093,#3091,#1817,.T.);
#3898=EDGE_CURVE('',#3091,#3094,#260,.T.);
#3899=EDGE_CURVE('',#3095,#3093,#261,.T.);
#3900=EDGE_CURVE('',#3095,#3094,#1818,.T.);
#3901=EDGE_CURVE('',#3094,#3096,#262,.T.);
#3902=EDGE_CURVE('',#3097,#3095,#263,.T.);
#3903=EDGE_CURVE('',#3097,#3096,#1819,.T.);
#3904=EDGE_CURVE('',#3096,#3098,#1820,.T.);
#3905=EDGE_CURVE('',#3099,#3097,#1821,.T.);
#3906=EDGE_CURVE('',#3099,#3098,#1822,.T.);
#3907=EDGE_CURVE('',#3098,#3100,#264,.T.);
#3908=EDGE_CURVE('',#3101,#3099,#265,.T.);
#3909=EDGE_CURVE('',#3101,#3100,#1823,.T.);
#3910=EDGE_CURVE('',#3100,#3102,#266,.T.);
#3911=EDGE_CURVE('',#3103,#3101,#267,.T.);
#3912=EDGE_CURVE('',#3103,#3102,#1824,.T.);
#3913=EDGE_CURVE('',#3102,#3104,#268,.T.);
#3914=EDGE_CURVE('',#3105,#3103,#269,.T.);
#3915=EDGE_CURVE('',#3105,#3104,#1825,.T.);
#3916=EDGE_CURVE('',#3104,#3106,#1826,.T.);
#3917=EDGE_CURVE('',#3107,#3105,#1827,.T.);
#3918=EDGE_CURVE('',#3107,#3106,#1828,.T.);
#3919=EDGE_CURVE('',#3106,#3108,#270,.T.);
#3920=EDGE_CURVE('',#3109,#3107,#271,.T.);
#3921=EDGE_CURVE('',#3109,#3108,#1829,.T.);
#3922=EDGE_CURVE('',#3108,#3110,#272,.T.);
#3923=EDGE_CURVE('',#3111,#3109,#273,.T.);
#3924=EDGE_CURVE('',#3111,#3110,#1830,.T.);
#3925=EDGE_CURVE('',#3110,#3112,#1831,.T.);
#3926=EDGE_CURVE('',#3113,#3111,#1832,.T.);
#3927=EDGE_CURVE('',#3113,#3112,#1833,.T.);
#3928=EDGE_CURVE('',#3112,#3114,#274,.T.);
#3929=EDGE_CURVE('',#3115,#3113,#275,.T.);
#3930=EDGE_CURVE('',#3115,#3114,#1834,.T.);
#3931=EDGE_CURVE('',#3114,#3116,#276,.T.);
#3932=EDGE_CURVE('',#3117,#3115,#277,.T.);
#3933=EDGE_CURVE('',#3117,#3116,#1835,.T.);
#3934=EDGE_CURVE('',#3116,#3090,#278,.T.);
#3935=EDGE_CURVE('',#3092,#3117,#279,.T.);
#3936=EDGE_CURVE('',#3118,#3118,#280,.T.);
#3937=EDGE_CURVE('',#3118,#3119,#1836,.T.);
#3938=EDGE_CURVE('',#3119,#3119,#281,.T.);
#3939=EDGE_CURVE('',#3120,#3120,#282,.T.);
#3940=EDGE_CURVE('',#3120,#3121,#1837,.T.);
#3941=EDGE_CURVE('',#3121,#3121,#283,.T.);
#3942=EDGE_CURVE('',#3122,#3122,#284,.T.);
#3943=EDGE_CURVE('',#3122,#3123,#1838,.T.);
#3944=EDGE_CURVE('',#3123,#3123,#285,.T.);
#3945=EDGE_CURVE('',#3124,#3124,#286,.T.);
#3946=EDGE_CURVE('',#3124,#3125,#1839,.T.);
#3947=EDGE_CURVE('',#3125,#3125,#287,.T.);
#3948=EDGE_CURVE('',#3126,#3126,#288,.T.);
#3949=EDGE_CURVE('',#3126,#3127,#1840,.T.);
#3950=EDGE_CURVE('',#3127,#3127,#289,.T.);
#3951=EDGE_CURVE('',#3128,#3128,#290,.T.);
#3952=EDGE_CURVE('',#3128,#3129,#1841,.T.);
#3953=EDGE_CURVE('',#3129,#3129,#291,.T.);
#3954=EDGE_CURVE('',#3130,#3130,#292,.T.);
#3955=EDGE_CURVE('',#3130,#3131,#1842,.T.);
#3956=EDGE_CURVE('',#3131,#3131,#293,.T.);
#3957=EDGE_CURVE('',#3132,#3132,#294,.T.);
#3958=EDGE_CURVE('',#3132,#3133,#1843,.T.);
#3959=EDGE_CURVE('',#3133,#3133,#295,.T.);
#3960=EDGE_CURVE('',#3134,#3134,#296,.T.);
#3961=EDGE_CURVE('',#3134,#3135,#1844,.T.);
#3962=EDGE_CURVE('',#3135,#3135,#297,.T.);
#3963=EDGE_CURVE('',#3136,#3136,#298,.T.);
#3964=EDGE_CURVE('',#3136,#3137,#1845,.T.);
#3965=EDGE_CURVE('',#3137,#3137,#299,.T.);
#3966=EDGE_CURVE('',#3138,#3138,#300,.T.);
#3967=EDGE_CURVE('',#3138,#3139,#1846,.T.);
#3968=EDGE_CURVE('',#3139,#3139,#301,.T.);
#3969=EDGE_CURVE('',#3140,#3140,#302,.T.);
#3970=EDGE_CURVE('',#3140,#3141,#1847,.T.);
#3971=EDGE_CURVE('',#3141,#3141,#303,.T.);
#3972=EDGE_CURVE('',#3142,#3142,#304,.T.);
#3973=EDGE_CURVE('',#3142,#3143,#1848,.T.);
#3974=EDGE_CURVE('',#3143,#3143,#305,.T.);
#3975=EDGE_CURVE('',#3144,#3144,#306,.T.);
#3976=EDGE_CURVE('',#3144,#3145,#1849,.T.);
#3977=EDGE_CURVE('',#3145,#3145,#307,.T.);
#3978=EDGE_CURVE('',#3146,#3146,#308,.T.);
#3979=EDGE_CURVE('',#3146,#3147,#1850,.T.);
#3980=EDGE_CURVE('',#3147,#3147,#309,.T.);
#3981=EDGE_CURVE('',#3148,#3148,#310,.T.);
#3982=EDGE_CURVE('',#3148,#3149,#1851,.T.);
#3983=EDGE_CURVE('',#3149,#3149,#311,.T.);
#3984=EDGE_CURVE('',#3150,#3150,#312,.T.);
#3985=EDGE_CURVE('',#3150,#3151,#1852,.T.);
#3986=EDGE_CURVE('',#3151,#3151,#313,.T.);
#3987=EDGE_CURVE('',#3152,#3152,#314,.T.);
#3988=EDGE_CURVE('',#3152,#3153,#1853,.T.);
#3989=EDGE_CURVE('',#3153,#3153,#315,.T.);
#3990=EDGE_CURVE('',#3154,#3154,#316,.T.);
#3991=EDGE_CURVE('',#3154,#3155,#1854,.T.);
#3992=EDGE_CURVE('',#3155,#3155,#317,.T.);
#3993=EDGE_CURVE('',#3156,#3156,#318,.T.);
#3994=EDGE_CURVE('',#3156,#3157,#1855,.T.);
#3995=EDGE_CURVE('',#3157,#3157,#319,.T.);
#3996=EDGE_CURVE('',#3158,#3158,#320,.T.);
#3997=EDGE_CURVE('',#3158,#3159,#1856,.T.);
#3998=EDGE_CURVE('',#3159,#3159,#321,.T.);
#3999=EDGE_CURVE('',#3160,#3160,#322,.T.);
#4000=EDGE_CURVE('',#3160,#3161,#1857,.T.);
#4001=EDGE_CURVE('',#3161,#3161,#323,.T.);
#4002=EDGE_CURVE('',#3162,#3162,#324,.T.);
#4003=EDGE_CURVE('',#3162,#3163,#1858,.T.);
#4004=EDGE_CURVE('',#3163,#3163,#325,.T.);
#4005=EDGE_CURVE('',#3164,#3164,#326,.T.);
#4006=EDGE_CURVE('',#3164,#3165,#1859,.T.);
#4007=EDGE_CURVE('',#3165,#3165,#327,.T.);
#4008=EDGE_CURVE('',#3166,#3166,#328,.T.);
#4009=EDGE_CURVE('',#3166,#3167,#1860,.T.);
#4010=EDGE_CURVE('',#3167,#3167,#329,.T.);
#4011=EDGE_CURVE('',#3168,#3168,#330,.T.);
#4012=EDGE_CURVE('',#3168,#3169,#1861,.T.);
#4013=EDGE_CURVE('',#3169,#3169,#331,.T.);
#4014=EDGE_CURVE('',#3170,#3170,#332,.T.);
#4015=EDGE_CURVE('',#3170,#3171,#1862,.T.);
#4016=EDGE_CURVE('',#3171,#3171,#333,.T.);
#4017=EDGE_CURVE('',#3172,#3172,#334,.T.);
#4018=EDGE_CURVE('',#3172,#3173,#1863,.T.);
#4019=EDGE_CURVE('',#3173,#3173,#335,.T.);
#4020=EDGE_CURVE('',#3174,#3174,#336,.T.);
#4021=EDGE_CURVE('',#3174,#3175,#1864,.T.);
#4022=EDGE_CURVE('',#3175,#3175,#337,.T.);
#4023=EDGE_CURVE('',#3176,#3176,#338,.T.);
#4024=EDGE_CURVE('',#3176,#3177,#1865,.T.);
#4025=EDGE_CURVE('',#3177,#3177,#339,.T.);
#4026=EDGE_CURVE('',#3178,#3178,#340,.T.);
#4027=EDGE_CURVE('',#3178,#3179,#1866,.T.);
#4028=EDGE_CURVE('',#3179,#3179,#341,.T.);
#4029=EDGE_CURVE('',#3180,#3180,#342,.T.);
#4030=EDGE_CURVE('',#3180,#3181,#1867,.T.);
#4031=EDGE_CURVE('',#3181,#3181,#343,.T.);
#4032=EDGE_CURVE('',#3182,#3182,#344,.T.);
#4033=EDGE_CURVE('',#3182,#3183,#1868,.T.);
#4034=EDGE_CURVE('',#3183,#3183,#345,.T.);
#4035=EDGE_CURVE('',#3184,#3184,#346,.T.);
#4036=EDGE_CURVE('',#3184,#3185,#1869,.T.);
#4037=EDGE_CURVE('',#3185,#3185,#347,.T.);
#4038=EDGE_CURVE('',#3186,#3186,#348,.T.);
#4039=EDGE_CURVE('',#3186,#3187,#1870,.T.);
#4040=EDGE_CURVE('',#3187,#3187,#349,.T.);
#4041=EDGE_CURVE('',#3188,#3188,#350,.T.);
#4042=EDGE_CURVE('',#3188,#3189,#1871,.T.);
#4043=EDGE_CURVE('',#3189,#3189,#351,.T.);
#4044=EDGE_CURVE('',#3190,#3190,#352,.T.);
#4045=EDGE_CURVE('',#3190,#3191,#1872,.T.);
#4046=EDGE_CURVE('',#3191,#3191,#353,.T.);
#4047=EDGE_CURVE('',#3192,#3192,#354,.T.);
#4048=EDGE_CURVE('',#3192,#3193,#1873,.T.);
#4049=EDGE_CURVE('',#3193,#3193,#355,.T.);
#4050=EDGE_CURVE('',#3194,#3195,#1874,.T.);
#4051=EDGE_CURVE('',#3194,#3196,#356,.T.);
#4052=EDGE_CURVE('',#3197,#3196,#1875,.T.);
#4053=EDGE_CURVE('',#3195,#3197,#357,.T.);
#4054=EDGE_CURVE('',#3196,#3194,#1876,.T.);
#4055=EDGE_CURVE('',#3198,#3199,#1877,.T.);
#4056=EDGE_CURVE('',#3198,#3200,#358,.T.);
#4057=EDGE_CURVE('',#3201,#3200,#1878,.T.);
#4058=EDGE_CURVE('',#3199,#3201,#359,.T.);
#4059=EDGE_CURVE('',#3200,#3198,#1879,.T.);
#4060=EDGE_CURVE('',#3202,#3203,#1880,.T.);
#4061=EDGE_CURVE('',#3202,#3204,#360,.T.);
#4062=EDGE_CURVE('',#3205,#3204,#1881,.T.);
#4063=EDGE_CURVE('',#3203,#3205,#361,.T.);
#4064=EDGE_CURVE('',#3204,#3202,#1882,.T.);
#4065=EDGE_CURVE('',#3206,#3207,#1883,.T.);
#4066=EDGE_CURVE('',#3206,#3208,#362,.T.);
#4067=EDGE_CURVE('',#3209,#3208,#1884,.T.);
#4068=EDGE_CURVE('',#3207,#3209,#363,.T.);
#4069=EDGE_CURVE('',#3208,#3206,#1885,.T.);
#4070=EDGE_CURVE('',#3210,#3211,#1886,.T.);
#4071=EDGE_CURVE('',#3210,#3212,#364,.T.);
#4072=EDGE_CURVE('',#3213,#3212,#1887,.T.);
#4073=EDGE_CURVE('',#3211,#3213,#365,.T.);
#4074=EDGE_CURVE('',#3212,#3210,#1888,.T.);
#4075=EDGE_CURVE('',#3214,#3215,#1889,.T.);
#4076=EDGE_CURVE('',#3214,#3216,#366,.T.);
#4077=EDGE_CURVE('',#3217,#3216,#1890,.T.);
#4078=EDGE_CURVE('',#3215,#3217,#367,.T.);
#4079=EDGE_CURVE('',#3216,#3214,#1891,.T.);
#4080=EDGE_CURVE('',#3218,#3219,#1892,.T.);
#4081=EDGE_CURVE('',#3218,#3220,#368,.T.);
#4082=EDGE_CURVE('',#3221,#3220,#1893,.T.);
#4083=EDGE_CURVE('',#3219,#3221,#369,.T.);
#4084=EDGE_CURVE('',#3220,#3218,#1894,.T.);
#4085=EDGE_CURVE('',#3222,#3223,#1895,.T.);
#4086=EDGE_CURVE('',#3222,#3224,#370,.T.);
#4087=EDGE_CURVE('',#3225,#3224,#1896,.T.);
#4088=EDGE_CURVE('',#3223,#3225,#371,.T.);
#4089=EDGE_CURVE('',#3224,#3222,#1897,.T.);
#4090=EDGE_CURVE('',#3226,#3227,#1898,.T.);
#4091=EDGE_CURVE('',#3226,#3228,#372,.T.);
#4092=EDGE_CURVE('',#3229,#3228,#1899,.T.);
#4093=EDGE_CURVE('',#3227,#3229,#373,.T.);
#4094=EDGE_CURVE('',#3228,#3226,#1900,.T.);
#4095=EDGE_CURVE('',#3230,#3231,#1901,.T.);
#4096=EDGE_CURVE('',#3230,#3232,#374,.T.);
#4097=EDGE_CURVE('',#3233,#3232,#1902,.T.);
#4098=EDGE_CURVE('',#3231,#3233,#375,.T.);
#4099=EDGE_CURVE('',#3232,#3230,#1903,.T.);
#4100=EDGE_CURVE('',#3234,#3235,#1904,.T.);
#4101=EDGE_CURVE('',#3234,#3236,#376,.T.);
#4102=EDGE_CURVE('',#3237,#3236,#1905,.T.);
#4103=EDGE_CURVE('',#3235,#3237,#377,.T.);
#4104=EDGE_CURVE('',#3236,#3234,#1906,.T.);
#4105=EDGE_CURVE('',#3238,#3239,#1907,.T.);
#4106=EDGE_CURVE('',#3238,#3240,#378,.T.);
#4107=EDGE_CURVE('',#3241,#3240,#1908,.T.);
#4108=EDGE_CURVE('',#3239,#3241,#379,.T.);
#4109=EDGE_CURVE('',#3240,#3238,#1909,.T.);
#4110=EDGE_CURVE('',#3242,#3243,#1910,.T.);
#4111=EDGE_CURVE('',#3242,#3244,#380,.T.);
#4112=EDGE_CURVE('',#3245,#3244,#1911,.T.);
#4113=EDGE_CURVE('',#3243,#3245,#381,.T.);
#4114=EDGE_CURVE('',#3244,#3242,#1912,.T.);
#4115=EDGE_CURVE('',#3246,#3247,#1913,.T.);
#4116=EDGE_CURVE('',#3246,#3248,#382,.T.);
#4117=EDGE_CURVE('',#3249,#3248,#1914,.T.);
#4118=EDGE_CURVE('',#3247,#3249,#383,.T.);
#4119=EDGE_CURVE('',#3248,#3246,#1915,.T.);
#4120=EDGE_CURVE('',#3250,#3251,#1916,.T.);
#4121=EDGE_CURVE('',#3250,#3252,#384,.T.);
#4122=EDGE_CURVE('',#3253,#3252,#1917,.T.);
#4123=EDGE_CURVE('',#3251,#3253,#385,.T.);
#4124=EDGE_CURVE('',#3252,#3250,#1918,.T.);
#4125=EDGE_CURVE('',#3254,#3255,#1919,.T.);
#4126=EDGE_CURVE('',#3254,#3256,#386,.T.);
#4127=EDGE_CURVE('',#3257,#3256,#1920,.T.);
#4128=EDGE_CURVE('',#3255,#3257,#387,.T.);
#4129=EDGE_CURVE('',#3256,#3254,#1921,.T.);
#4130=EDGE_CURVE('',#3258,#3259,#1922,.T.);
#4131=EDGE_CURVE('',#3258,#3260,#388,.T.);
#4132=EDGE_CURVE('',#3261,#3260,#1923,.T.);
#4133=EDGE_CURVE('',#3259,#3261,#389,.T.);
#4134=EDGE_CURVE('',#3260,#3258,#1924,.T.);
#4135=EDGE_CURVE('',#3262,#3263,#1925,.T.);
#4136=EDGE_CURVE('',#3262,#3264,#390,.T.);
#4137=EDGE_CURVE('',#3265,#3264,#1926,.T.);
#4138=EDGE_CURVE('',#3263,#3265,#391,.T.);
#4139=EDGE_CURVE('',#3264,#3262,#1927,.T.);
#4140=EDGE_CURVE('',#3266,#3267,#1928,.T.);
#4141=EDGE_CURVE('',#3266,#3268,#392,.T.);
#4142=EDGE_CURVE('',#3269,#3268,#1929,.T.);
#4143=EDGE_CURVE('',#3267,#3269,#393,.T.);
#4144=EDGE_CURVE('',#3268,#3266,#1930,.T.);
#4145=EDGE_CURVE('',#3270,#3271,#1931,.T.);
#4146=EDGE_CURVE('',#3270,#3272,#394,.T.);
#4147=EDGE_CURVE('',#3273,#3272,#1932,.T.);
#4148=EDGE_CURVE('',#3271,#3273,#395,.T.);
#4149=EDGE_CURVE('',#3272,#3270,#1933,.T.);
#4150=EDGE_CURVE('',#3274,#3274,#396,.T.);
#4151=EDGE_CURVE('',#3197,#3275,#1934,.T.);
#4152=EDGE_CURVE('',#3275,#3276,#397,.T.);
#4153=EDGE_CURVE('',#3276,#3277,#1935,.T.);
#4154=EDGE_CURVE('',#3277,#3278,#398,.T.);
#4155=EDGE_CURVE('',#3278,#3279,#1936,.T.);
#4156=EDGE_CURVE('',#3279,#3280,#399,.T.);
#4157=EDGE_CURVE('',#3280,#3281,#1937,.T.);
#4158=EDGE_CURVE('',#3281,#3282,#400,.T.);
#4159=EDGE_CURVE('',#3282,#3195,#1938,.T.);
#4160=EDGE_CURVE('',#3201,#3283,#1939,.T.);
#4161=EDGE_CURVE('',#3283,#3284,#401,.T.);
#4162=EDGE_CURVE('',#3284,#3285,#1940,.T.);
#4163=EDGE_CURVE('',#3285,#3286,#402,.T.);
#4164=EDGE_CURVE('',#3286,#3287,#1941,.T.);
#4165=EDGE_CURVE('',#3287,#3288,#403,.T.);
#4166=EDGE_CURVE('',#3288,#3289,#1942,.T.);
#4167=EDGE_CURVE('',#3289,#3290,#404,.T.);
#4168=EDGE_CURVE('',#3290,#3199,#1943,.T.);
#4169=EDGE_CURVE('',#3205,#3291,#1944,.T.);
#4170=EDGE_CURVE('',#3291,#3292,#405,.T.);
#4171=EDGE_CURVE('',#3292,#3293,#1945,.T.);
#4172=EDGE_CURVE('',#3293,#3294,#406,.T.);
#4173=EDGE_CURVE('',#3294,#3295,#1946,.T.);
#4174=EDGE_CURVE('',#3295,#3296,#407,.T.);
#4175=EDGE_CURVE('',#3296,#3297,#1947,.T.);
#4176=EDGE_CURVE('',#3297,#3298,#408,.T.);
#4177=EDGE_CURVE('',#3298,#3203,#1948,.T.);
#4178=EDGE_CURVE('',#3209,#3299,#1949,.T.);
#4179=EDGE_CURVE('',#3299,#3300,#409,.T.);
#4180=EDGE_CURVE('',#3300,#3301,#1950,.T.);
#4181=EDGE_CURVE('',#3301,#3302,#410,.T.);
#4182=EDGE_CURVE('',#3302,#3303,#1951,.T.);
#4183=EDGE_CURVE('',#3303,#3304,#411,.T.);
#4184=EDGE_CURVE('',#3304,#3305,#1952,.T.);
#4185=EDGE_CURVE('',#3305,#3306,#412,.T.);
#4186=EDGE_CURVE('',#3306,#3207,#1953,.T.);
#4187=EDGE_CURVE('',#3213,#3307,#1954,.T.);
#4188=EDGE_CURVE('',#3307,#3308,#413,.T.);
#4189=EDGE_CURVE('',#3308,#3309,#1955,.T.);
#4190=EDGE_CURVE('',#3309,#3310,#414,.T.);
#4191=EDGE_CURVE('',#3310,#3311,#1956,.T.);
#4192=EDGE_CURVE('',#3311,#3312,#415,.T.);
#4193=EDGE_CURVE('',#3312,#3313,#1957,.T.);
#4194=EDGE_CURVE('',#3313,#3314,#416,.T.);
#4195=EDGE_CURVE('',#3314,#3211,#1958,.T.);
#4196=EDGE_CURVE('',#3217,#3315,#1959,.T.);
#4197=EDGE_CURVE('',#3315,#3316,#417,.T.);
#4198=EDGE_CURVE('',#3316,#3317,#1960,.T.);
#4199=EDGE_CURVE('',#3317,#3318,#418,.T.);
#4200=EDGE_CURVE('',#3318,#3319,#1961,.T.);
#4201=EDGE_CURVE('',#3319,#3320,#419,.T.);
#4202=EDGE_CURVE('',#3320,#3321,#1962,.T.);
#4203=EDGE_CURVE('',#3321,#3322,#420,.T.);
#4204=EDGE_CURVE('',#3322,#3215,#1963,.T.);
#4205=EDGE_CURVE('',#3221,#3323,#1964,.T.);
#4206=EDGE_CURVE('',#3323,#3324,#421,.T.);
#4207=EDGE_CURVE('',#3324,#3325,#1965,.T.);
#4208=EDGE_CURVE('',#3325,#3326,#422,.T.);
#4209=EDGE_CURVE('',#3326,#3327,#1966,.T.);
#4210=EDGE_CURVE('',#3327,#3328,#423,.T.);
#4211=EDGE_CURVE('',#3328,#3329,#1967,.T.);
#4212=EDGE_CURVE('',#3329,#3330,#424,.T.);
#4213=EDGE_CURVE('',#3330,#3219,#1968,.T.);
#4214=EDGE_CURVE('',#3225,#3331,#1969,.T.);
#4215=EDGE_CURVE('',#3331,#3332,#425,.T.);
#4216=EDGE_CURVE('',#3332,#3333,#1970,.T.);
#4217=EDGE_CURVE('',#3333,#3334,#426,.T.);
#4218=EDGE_CURVE('',#3334,#3335,#1971,.T.);
#4219=EDGE_CURVE('',#3335,#3336,#427,.T.);
#4220=EDGE_CURVE('',#3336,#3337,#1972,.T.);
#4221=EDGE_CURVE('',#3337,#3338,#428,.T.);
#4222=EDGE_CURVE('',#3338,#3223,#1973,.T.);
#4223=EDGE_CURVE('',#3229,#3339,#1974,.T.);
#4224=EDGE_CURVE('',#3339,#3340,#429,.T.);
#4225=EDGE_CURVE('',#3340,#3341,#1975,.T.);
#4226=EDGE_CURVE('',#3341,#3342,#430,.T.);
#4227=EDGE_CURVE('',#3342,#3343,#1976,.T.);
#4228=EDGE_CURVE('',#3343,#3344,#431,.T.);
#4229=EDGE_CURVE('',#3344,#3345,#1977,.T.);
#4230=EDGE_CURVE('',#3345,#3346,#432,.T.);
#4231=EDGE_CURVE('',#3346,#3227,#1978,.T.);
#4232=EDGE_CURVE('',#3233,#3347,#1979,.T.);
#4233=EDGE_CURVE('',#3347,#3348,#433,.T.);
#4234=EDGE_CURVE('',#3348,#3349,#1980,.T.);
#4235=EDGE_CURVE('',#3349,#3350,#434,.T.);
#4236=EDGE_CURVE('',#3350,#3351,#1981,.T.);
#4237=EDGE_CURVE('',#3351,#3352,#435,.T.);
#4238=EDGE_CURVE('',#3352,#3353,#1982,.T.);
#4239=EDGE_CURVE('',#3353,#3354,#436,.T.);
#4240=EDGE_CURVE('',#3354,#3231,#1983,.T.);
#4241=EDGE_CURVE('',#3237,#3355,#1984,.T.);
#4242=EDGE_CURVE('',#3355,#3356,#437,.T.);
#4243=EDGE_CURVE('',#3356,#3357,#1985,.T.);
#4244=EDGE_CURVE('',#3357,#3358,#438,.T.);
#4245=EDGE_CURVE('',#3358,#3359,#1986,.T.);
#4246=EDGE_CURVE('',#3359,#3360,#439,.T.);
#4247=EDGE_CURVE('',#3360,#3361,#1987,.T.);
#4248=EDGE_CURVE('',#3361,#3362,#440,.T.);
#4249=EDGE_CURVE('',#3362,#3235,#1988,.T.);
#4250=EDGE_CURVE('',#3241,#3363,#1989,.T.);
#4251=EDGE_CURVE('',#3363,#3364,#441,.T.);
#4252=EDGE_CURVE('',#3364,#3365,#1990,.T.);
#4253=EDGE_CURVE('',#3365,#3366,#442,.T.);
#4254=EDGE_CURVE('',#3366,#3367,#1991,.T.);
#4255=EDGE_CURVE('',#3367,#3368,#443,.T.);
#4256=EDGE_CURVE('',#3368,#3369,#1992,.T.);
#4257=EDGE_CURVE('',#3369,#3370,#444,.T.);
#4258=EDGE_CURVE('',#3370,#3239,#1993,.T.);
#4259=EDGE_CURVE('',#3245,#3371,#1994,.T.);
#4260=EDGE_CURVE('',#3371,#3372,#445,.T.);
#4261=EDGE_CURVE('',#3372,#3373,#1995,.T.);
#4262=EDGE_CURVE('',#3373,#3374,#446,.T.);
#4263=EDGE_CURVE('',#3374,#3375,#1996,.T.);
#4264=EDGE_CURVE('',#3375,#3376,#447,.T.);
#4265=EDGE_CURVE('',#3376,#3377,#1997,.T.);
#4266=EDGE_CURVE('',#3377,#3378,#448,.T.);
#4267=EDGE_CURVE('',#3378,#3243,#1998,.T.);
#4268=EDGE_CURVE('',#3249,#3379,#1999,.T.);
#4269=EDGE_CURVE('',#3379,#3380,#449,.T.);
#4270=EDGE_CURVE('',#3380,#3381,#2000,.T.);
#4271=EDGE_CURVE('',#3381,#3382,#450,.T.);
#4272=EDGE_CURVE('',#3382,#3383,#2001,.T.);
#4273=EDGE_CURVE('',#3383,#3384,#451,.T.);
#4274=EDGE_CURVE('',#3384,#3385,#2002,.T.);
#4275=EDGE_CURVE('',#3385,#3386,#452,.T.);
#4276=EDGE_CURVE('',#3386,#3247,#2003,.T.);
#4277=EDGE_CURVE('',#3253,#3387,#2004,.T.);
#4278=EDGE_CURVE('',#3387,#3388,#453,.T.);
#4279=EDGE_CURVE('',#3388,#3389,#2005,.T.);
#4280=EDGE_CURVE('',#3389,#3390,#454,.T.);
#4281=EDGE_CURVE('',#3390,#3391,#2006,.T.);
#4282=EDGE_CURVE('',#3391,#3392,#455,.T.);
#4283=EDGE_CURVE('',#3392,#3393,#2007,.T.);
#4284=EDGE_CURVE('',#3393,#3394,#456,.T.);
#4285=EDGE_CURVE('',#3394,#3251,#2008,.T.);
#4286=EDGE_CURVE('',#3257,#3395,#2009,.T.);
#4287=EDGE_CURVE('',#3395,#3396,#457,.T.);
#4288=EDGE_CURVE('',#3396,#3397,#2010,.T.);
#4289=EDGE_CURVE('',#3397,#3398,#458,.T.);
#4290=EDGE_CURVE('',#3398,#3399,#2011,.T.);
#4291=EDGE_CURVE('',#3399,#3400,#459,.T.);
#4292=EDGE_CURVE('',#3400,#3401,#2012,.T.);
#4293=EDGE_CURVE('',#3401,#3402,#460,.T.);
#4294=EDGE_CURVE('',#3402,#3255,#2013,.T.);
#4295=EDGE_CURVE('',#3261,#3403,#2014,.T.);
#4296=EDGE_CURVE('',#3403,#3404,#461,.T.);
#4297=EDGE_CURVE('',#3404,#3405,#2015,.T.);
#4298=EDGE_CURVE('',#3405,#3406,#462,.T.);
#4299=EDGE_CURVE('',#3406,#3407,#2016,.T.);
#4300=EDGE_CURVE('',#3407,#3408,#463,.T.);
#4301=EDGE_CURVE('',#3408,#3409,#2017,.T.);
#4302=EDGE_CURVE('',#3409,#3410,#464,.T.);
#4303=EDGE_CURVE('',#3410,#3259,#2018,.T.);
#4304=EDGE_CURVE('',#3265,#3411,#2019,.T.);
#4305=EDGE_CURVE('',#3411,#3412,#465,.T.);
#4306=EDGE_CURVE('',#3412,#3413,#2020,.T.);
#4307=EDGE_CURVE('',#3413,#3414,#466,.T.);
#4308=EDGE_CURVE('',#3414,#3415,#2021,.T.);
#4309=EDGE_CURVE('',#3415,#3416,#467,.T.);
#4310=EDGE_CURVE('',#3416,#3417,#2022,.T.);
#4311=EDGE_CURVE('',#3417,#3418,#468,.T.);
#4312=EDGE_CURVE('',#3418,#3263,#2023,.T.);
#4313=EDGE_CURVE('',#3269,#3419,#2024,.T.);
#4314=EDGE_CURVE('',#3419,#3420,#469,.T.);
#4315=EDGE_CURVE('',#3420,#3421,#2025,.T.);
#4316=EDGE_CURVE('',#3421,#3422,#470,.T.);
#4317=EDGE_CURVE('',#3422,#3423,#2026,.T.);
#4318=EDGE_CURVE('',#3423,#3424,#471,.T.);
#4319=EDGE_CURVE('',#3424,#3425,#2027,.T.);
#4320=EDGE_CURVE('',#3425,#3426,#472,.T.);
#4321=EDGE_CURVE('',#3426,#3267,#2028,.T.);
#4322=EDGE_CURVE('',#3273,#3427,#2029,.T.);
#4323=EDGE_CURVE('',#3427,#3428,#473,.T.);
#4324=EDGE_CURVE('',#3428,#3429,#2030,.T.);
#4325=EDGE_CURVE('',#3429,#3430,#474,.T.);
#4326=EDGE_CURVE('',#3430,#3431,#2031,.T.);
#4327=EDGE_CURVE('',#3431,#3432,#475,.T.);
#4328=EDGE_CURVE('',#3432,#3433,#2032,.T.);
#4329=EDGE_CURVE('',#3433,#3434,#476,.T.);
#4330=EDGE_CURVE('',#3434,#3271,#2033,.T.);
#4331=EDGE_CURVE('',#3435,#3435,#477,.T.);
#4332=EDGE_CURVE('',#3278,#3436,#2034,.T.);
#4333=EDGE_CURVE('',#3436,#3437,#2035,.T.);
#4334=EDGE_CURVE('',#3279,#3437,#2036,.T.);
#4335=EDGE_CURVE('',#3277,#3438,#2037,.T.);
#4336=EDGE_CURVE('',#3438,#3436,#478,.T.);
#4337=EDGE_CURVE('',#3276,#3439,#2038,.T.);
#4338=EDGE_CURVE('',#3439,#3438,#2039,.T.);
#4339=EDGE_CURVE('',#3275,#3440,#2040,.T.);
#4340=EDGE_CURVE('',#3440,#3439,#479,.T.);
#4341=EDGE_CURVE('',#3282,#3441,#2041,.T.);
#4342=EDGE_CURVE('',#3441,#3440,#2042,.T.);
#4343=EDGE_CURVE('',#3281,#3442,#2043,.T.);
#4344=EDGE_CURVE('',#3442,#3441,#480,.T.);
#4345=EDGE_CURVE('',#3280,#3443,#2044,.T.);
#4346=EDGE_CURVE('',#3443,#3442,#2045,.T.);
#4347=EDGE_CURVE('',#3437,#3443,#481,.T.);
#4348=EDGE_CURVE('',#3290,#3444,#2046,.T.);
#4349=EDGE_CURVE('',#3444,#3445,#2047,.T.);
#4350=EDGE_CURVE('',#3283,#3445,#2048,.T.);
#4351=EDGE_CURVE('',#3289,#3446,#2049,.T.);
#4352=EDGE_CURVE('',#3446,#3444,#482,.T.);
#4353=EDGE_CURVE('',#3288,#3447,#2050,.T.);
#4354=EDGE_CURVE('',#3447,#3446,#2051,.T.);
#4355=EDGE_CURVE('',#3287,#3448,#2052,.T.);
#4356=EDGE_CURVE('',#3448,#3447,#483,.T.);
#4357=EDGE_CURVE('',#3286,#3449,#2053,.T.);
#4358=EDGE_CURVE('',#3449,#3448,#2054,.T.);
#4359=EDGE_CURVE('',#3285,#3450,#2055,.T.);
#4360=EDGE_CURVE('',#3450,#3449,#484,.T.);
#4361=EDGE_CURVE('',#3284,#3451,#2056,.T.);
#4362=EDGE_CURVE('',#3451,#3450,#2057,.T.);
#4363=EDGE_CURVE('',#3445,#3451,#485,.T.);
#4364=EDGE_CURVE('',#3292,#3452,#2058,.T.);
#4365=EDGE_CURVE('',#3452,#3453,#2059,.T.);
#4366=EDGE_CURVE('',#3293,#3453,#2060,.T.);
#4367=EDGE_CURVE('',#3291,#3454,#2061,.T.);
#4368=EDGE_CURVE('',#3454,#3452,#486,.T.);
#4369=EDGE_CURVE('',#3298,#3455,#2062,.T.);
#4370=EDGE_CURVE('',#3455,#3454,#2063,.T.);
#4371=EDGE_CURVE('',#3297,#3456,#2064,.T.);
#4372=EDGE_CURVE('',#3456,#3455,#487,.T.);
#4373=EDGE_CURVE('',#3296,#3457,#2065,.T.);
#4374=EDGE_CURVE('',#3457,#3456,#2066,.T.);
#4375=EDGE_CURVE('',#3295,#3458,#2067,.T.);
#4376=EDGE_CURVE('',#3458,#3457,#488,.T.);
#4377=EDGE_CURVE('',#3294,#3459,#2068,.T.);
#4378=EDGE_CURVE('',#3459,#3458,#2069,.T.);
#4379=EDGE_CURVE('',#3453,#3459,#489,.T.);
#4380=EDGE_CURVE('',#3302,#3460,#2070,.T.);
#4381=EDGE_CURVE('',#3460,#3461,#2071,.T.);
#4382=EDGE_CURVE('',#3303,#3461,#2072,.T.);
#4383=EDGE_CURVE('',#3301,#3462,#2073,.T.);
#4384=EDGE_CURVE('',#3462,#3460,#490,.T.);
#4385=EDGE_CURVE('',#3300,#3463,#2074,.T.);
#4386=EDGE_CURVE('',#3463,#3462,#2075,.T.);
#4387=EDGE_CURVE('',#3299,#3464,#2076,.T.);
#4388=EDGE_CURVE('',#3464,#3463,#491,.T.);
#4389=EDGE_CURVE('',#3306,#3465,#2077,.T.);
#4390=EDGE_CURVE('',#3465,#3464,#2078,.T.);
#4391=EDGE_CURVE('',#3305,#3466,#2079,.T.);
#4392=EDGE_CURVE('',#3466,#3465,#492,.T.);
#4393=EDGE_CURVE('',#3304,#3467,#2080,.T.);
#4394=EDGE_CURVE('',#3467,#3466,#2081,.T.);
#4395=EDGE_CURVE('',#3461,#3467,#493,.T.);
#4396=EDGE_CURVE('',#3310,#3468,#2082,.T.);
#4397=EDGE_CURVE('',#3468,#3469,#2083,.T.);
#4398=EDGE_CURVE('',#3311,#3469,#2084,.T.);
#4399=EDGE_CURVE('',#3309,#3470,#2085,.T.);
#4400=EDGE_CURVE('',#3470,#3468,#494,.T.);
#4401=EDGE_CURVE('',#3308,#3471,#2086,.T.);
#4402=EDGE_CURVE('',#3471,#3470,#2087,.T.);
#4403=EDGE_CURVE('',#3307,#3472,#2088,.T.);
#4404=EDGE_CURVE('',#3472,#3471,#495,.T.);
#4405=EDGE_CURVE('',#3314,#3473,#2089,.T.);
#4406=EDGE_CURVE('',#3473,#3472,#2090,.T.);
#4407=EDGE_CURVE('',#3313,#3474,#2091,.T.);
#4408=EDGE_CURVE('',#3474,#3473,#496,.T.);
#4409=EDGE_CURVE('',#3312,#3475,#2092,.T.);
#4410=EDGE_CURVE('',#3475,#3474,#2093,.T.);
#4411=EDGE_CURVE('',#3469,#3475,#497,.T.);
#4412=EDGE_CURVE('',#3317,#3476,#2094,.T.);
#4413=EDGE_CURVE('',#3476,#3477,#498,.T.);
#4414=EDGE_CURVE('',#3318,#3477,#2095,.T.);
#4415=EDGE_CURVE('',#3316,#3478,#2096,.T.);
#4416=EDGE_CURVE('',#3478,#3476,#2097,.T.);
#4417=EDGE_CURVE('',#3315,#3479,#2098,.T.);
#4418=EDGE_CURVE('',#3479,#3478,#499,.T.);
#4419=EDGE_CURVE('',#3322,#3480,#2099,.T.);
#4420=EDGE_CURVE('',#3480,#3479,#2100,.T.);
#4421=EDGE_CURVE('',#3321,#3481,#2101,.T.);
#4422=EDGE_CURVE('',#3481,#3480,#500,.T.);
#4423=EDGE_CURVE('',#3320,#3482,#2102,.T.);
#4424=EDGE_CURVE('',#3482,#3481,#2103,.T.);
#4425=EDGE_CURVE('',#3319,#3483,#2104,.T.);
#4426=EDGE_CURVE('',#3483,#3482,#501,.T.);
#4427=EDGE_CURVE('',#3477,#3483,#2105,.T.);
#4428=EDGE_CURVE('',#3330,#3484,#2106,.T.);
#4429=EDGE_CURVE('',#3484,#3485,#2107,.T.);
#4430=EDGE_CURVE('',#3323,#3485,#2108,.T.);
#4431=EDGE_CURVE('',#3329,#3486,#2109,.T.);
#4432=EDGE_CURVE('',#3486,#3484,#502,.T.);
#4433=EDGE_CURVE('',#3328,#3487,#2110,.T.);
#4434=EDGE_CURVE('',#3487,#3486,#2111,.T.);
#4435=EDGE_CURVE('',#3327,#3488,#2112,.T.);
#4436=EDGE_CURVE('',#3488,#3487,#503,.T.);
#4437=EDGE_CURVE('',#3326,#3489,#2113,.T.);
#4438=EDGE_CURVE('',#3489,#3488,#2114,.T.);
#4439=EDGE_CURVE('',#3325,#3490,#2115,.T.);
#4440=EDGE_CURVE('',#3490,#3489,#504,.T.);
#4441=EDGE_CURVE('',#3324,#3491,#2116,.T.);
#4442=EDGE_CURVE('',#3491,#3490,#2117,.T.);
#4443=EDGE_CURVE('',#3485,#3491,#505,.T.);
#4444=EDGE_CURVE('',#3332,#3492,#2118,.T.);
#4445=EDGE_CURVE('',#3492,#3493,#2119,.T.);
#4446=EDGE_CURVE('',#3333,#3493,#2120,.T.);
#4447=EDGE_CURVE('',#3331,#3494,#2121,.T.);
#4448=EDGE_CURVE('',#3494,#3492,#506,.T.);
#4449=EDGE_CURVE('',#3338,#3495,#2122,.T.);
#4450=EDGE_CURVE('',#3495,#3494,#2123,.T.);
#4451=EDGE_CURVE('',#3337,#3496,#2124,.T.);
#4452=EDGE_CURVE('',#3496,#3495,#507,.T.);
#4453=EDGE_CURVE('',#3336,#3497,#2125,.T.);
#4454=EDGE_CURVE('',#3497,#3496,#2126,.T.);
#4455=EDGE_CURVE('',#3335,#3498,#2127,.T.);
#4456=EDGE_CURVE('',#3498,#3497,#508,.T.);
#4457=EDGE_CURVE('',#3334,#3499,#2128,.T.);
#4458=EDGE_CURVE('',#3499,#3498,#2129,.T.);
#4459=EDGE_CURVE('',#3493,#3499,#509,.T.);
#4460=EDGE_CURVE('',#3340,#3500,#2130,.T.);
#4461=EDGE_CURVE('',#3500,#3501,#2131,.T.);
#4462=EDGE_CURVE('',#3341,#3501,#2132,.T.);
#4463=EDGE_CURVE('',#3339,#3502,#2133,.T.);
#4464=EDGE_CURVE('',#3502,#3500,#510,.T.);
#4465=EDGE_CURVE('',#3346,#3503,#2134,.T.);
#4466=EDGE_CURVE('',#3503,#3502,#2135,.T.);
#4467=EDGE_CURVE('',#3345,#3504,#2136,.T.);
#4468=EDGE_CURVE('',#3504,#3503,#511,.T.);
#4469=EDGE_CURVE('',#3344,#3505,#2137,.T.);
#4470=EDGE_CURVE('',#3505,#3504,#2138,.T.);
#4471=EDGE_CURVE('',#3343,#3506,#2139,.T.);
#4472=EDGE_CURVE('',#3506,#3505,#512,.T.);
#4473=EDGE_CURVE('',#3342,#3507,#2140,.T.);
#4474=EDGE_CURVE('',#3507,#3506,#2141,.T.);
#4475=EDGE_CURVE('',#3501,#3507,#513,.T.);
#4476=EDGE_CURVE('',#3354,#3508,#2142,.T.);
#4477=EDGE_CURVE('',#3508,#3509,#2143,.T.);
#4478=EDGE_CURVE('',#3347,#3509,#2144,.T.);
#4479=EDGE_CURVE('',#3353,#3510,#2145,.T.);
#4480=EDGE_CURVE('',#3510,#3508,#514,.T.);
#4481=EDGE_CURVE('',#3352,#3511,#2146,.T.);
#4482=EDGE_CURVE('',#3511,#3510,#2147,.T.);
#4483=EDGE_CURVE('',#3351,#3512,#2148,.T.);
#4484=EDGE_CURVE('',#3512,#3511,#515,.T.);
#4485=EDGE_CURVE('',#3350,#3513,#2149,.T.);
#4486=EDGE_CURVE('',#3513,#3512,#2150,.T.);
#4487=EDGE_CURVE('',#3349,#3514,#2151,.T.);
#4488=EDGE_CURVE('',#3514,#3513,#516,.T.);
#4489=EDGE_CURVE('',#3348,#3515,#2152,.T.);
#4490=EDGE_CURVE('',#3515,#3514,#2153,.T.);
#4491=EDGE_CURVE('',#3509,#3515,#517,.T.);
#4492=EDGE_CURVE('',#3362,#3516,#2154,.T.);
#4493=EDGE_CURVE('',#3516,#3517,#2155,.T.);
#4494=EDGE_CURVE('',#3355,#3517,#2156,.T.);
#4495=EDGE_CURVE('',#3361,#3518,#2157,.T.);
#4496=EDGE_CURVE('',#3518,#3516,#518,.T.);
#4497=EDGE_CURVE('',#3360,#3519,#2158,.T.);
#4498=EDGE_CURVE('',#3519,#3518,#2159,.T.);
#4499=EDGE_CURVE('',#3359,#3520,#2160,.T.);
#4500=EDGE_CURVE('',#3520,#3519,#519,.T.);
#4501=EDGE_CURVE('',#3358,#3521,#2161,.T.);
#4502=EDGE_CURVE('',#3521,#3520,#2162,.T.);
#4503=EDGE_CURVE('',#3357,#3522,#2163,.T.);
#4504=EDGE_CURVE('',#3522,#3521,#520,.T.);
#4505=EDGE_CURVE('',#3356,#3523,#2164,.T.);
#4506=EDGE_CURVE('',#3523,#3522,#2165,.T.);
#4507=EDGE_CURVE('',#3517,#3523,#521,.T.);
#4508=EDGE_CURVE('',#3363,#3524,#2166,.T.);
#4509=EDGE_CURVE('',#3524,#3525,#522,.T.);
#4510=EDGE_CURVE('',#3364,#3525,#2167,.T.);
#4511=EDGE_CURVE('',#3370,#3526,#2168,.T.);
#4512=EDGE_CURVE('',#3526,#3524,#2169,.T.);
#4513=EDGE_CURVE('',#3369,#3527,#2170,.T.);
#4514=EDGE_CURVE('',#3527,#3526,#523,.T.);
#4515=EDGE_CURVE('',#3368,#3528,#2171,.T.);
#4516=EDGE_CURVE('',#3528,#3527,#2172,.T.);
#4517=EDGE_CURVE('',#3367,#3529,#2173,.T.);
#4518=EDGE_CURVE('',#3529,#3528,#524,.T.);
#4519=EDGE_CURVE('',#3366,#3530,#2174,.T.);
#4520=EDGE_CURVE('',#3530,#3529,#2175,.T.);
#4521=EDGE_CURVE('',#3365,#3531,#2176,.T.);
#4522=EDGE_CURVE('',#3531,#3530,#525,.T.);
#4523=EDGE_CURVE('',#3525,#3531,#2177,.T.);
#4524=EDGE_CURVE('',#3372,#3532,#2178,.T.);
#4525=EDGE_CURVE('',#3532,#3533,#2179,.T.);
#4526=EDGE_CURVE('',#3373,#3533,#2180,.T.);
#4527=EDGE_CURVE('',#3371,#3534,#2181,.T.);
#4528=EDGE_CURVE('',#3534,#3532,#526,.T.);
#4529=EDGE_CURVE('',#3378,#3535,#2182,.T.);
#4530=EDGE_CURVE('',#3535,#3534,#2183,.T.);
#4531=EDGE_CURVE('',#3377,#3536,#2184,.T.);
#4532=EDGE_CURVE('',#3536,#3535,#527,.T.);
#4533=EDGE_CURVE('',#3376,#3537,#2185,.T.);
#4534=EDGE_CURVE('',#3537,#3536,#2186,.T.);
#4535=EDGE_CURVE('',#3375,#3538,#2187,.T.);
#4536=EDGE_CURVE('',#3538,#3537,#528,.T.);
#4537=EDGE_CURVE('',#3374,#3539,#2188,.T.);
#4538=EDGE_CURVE('',#3539,#3538,#2189,.T.);
#4539=EDGE_CURVE('',#3533,#3539,#529,.T.);
#4540=EDGE_CURVE('',#3384,#3540,#2190,.T.);
#4541=EDGE_CURVE('',#3540,#3541,#2191,.T.);
#4542=EDGE_CURVE('',#3385,#3541,#2192,.T.);
#4543=EDGE_CURVE('',#3383,#3542,#2193,.T.);
#4544=EDGE_CURVE('',#3542,#3540,#530,.T.);
#4545=EDGE_CURVE('',#3382,#3543,#2194,.T.);
#4546=EDGE_CURVE('',#3543,#3542,#2195,.T.);
#4547=EDGE_CURVE('',#3381,#3544,#2196,.T.);
#4548=EDGE_CURVE('',#3544,#3543,#531,.T.);
#4549=EDGE_CURVE('',#3380,#3545,#2197,.T.);
#4550=EDGE_CURVE('',#3545,#3544,#2198,.T.);
#4551=EDGE_CURVE('',#3379,#3546,#2199,.T.);
#4552=EDGE_CURVE('',#3546,#3545,#532,.T.);
#4553=EDGE_CURVE('',#3386,#3547,#2200,.T.);
#4554=EDGE_CURVE('',#3547,#3546,#2201,.T.);
#4555=EDGE_CURVE('',#3541,#3547,#533,.T.);
#4556=EDGE_CURVE('',#3390,#3548,#2202,.T.);
#4557=EDGE_CURVE('',#3548,#3549,#2203,.T.);
#4558=EDGE_CURVE('',#3391,#3549,#2204,.T.);
#4559=EDGE_CURVE('',#3389,#3550,#2205,.T.);
#4560=EDGE_CURVE('',#3550,#3548,#534,.T.);
#4561=EDGE_CURVE('',#3388,#3551,#2206,.T.);
#4562=EDGE_CURVE('',#3551,#3550,#2207,.T.);
#4563=EDGE_CURVE('',#3387,#3552,#2208,.T.);
#4564=EDGE_CURVE('',#3552,#3551,#535,.T.);
#4565=EDGE_CURVE('',#3394,#3553,#2209,.T.);
#4566=EDGE_CURVE('',#3553,#3552,#2210,.T.);
#4567=EDGE_CURVE('',#3393,#3554,#2211,.T.);
#4568=EDGE_CURVE('',#3554,#3553,#536,.T.);
#4569=EDGE_CURVE('',#3392,#3555,#2212,.T.);
#4570=EDGE_CURVE('',#3555,#3554,#2213,.T.);
#4571=EDGE_CURVE('',#3549,#3555,#537,.T.);
#4572=EDGE_CURVE('',#3396,#3556,#2214,.T.);
#4573=EDGE_CURVE('',#3556,#3557,#2215,.T.);
#4574=EDGE_CURVE('',#3397,#3557,#2216,.T.);
#4575=EDGE_CURVE('',#3395,#3558,#2217,.T.);
#4576=EDGE_CURVE('',#3558,#3556,#538,.T.);
#4577=EDGE_CURVE('',#3402,#3559,#2218,.T.);
#4578=EDGE_CURVE('',#3559,#3558,#2219,.T.);
#4579=EDGE_CURVE('',#3401,#3560,#2220,.T.);
#4580=EDGE_CURVE('',#3560,#3559,#539,.T.);
#4581=EDGE_CURVE('',#3400,#3561,#2221,.T.);
#4582=EDGE_CURVE('',#3561,#3560,#2222,.T.);
#4583=EDGE_CURVE('',#3399,#3562,#2223,.T.);
#4584=EDGE_CURVE('',#3562,#3561,#540,.T.);
#4585=EDGE_CURVE('',#3398,#3563,#2224,.T.);
#4586=EDGE_CURVE('',#3563,#3562,#2225,.T.);
#4587=EDGE_CURVE('',#3557,#3563,#541,.T.);
#4588=EDGE_CURVE('',#3406,#3564,#2226,.T.);
#4589=EDGE_CURVE('',#3564,#3565,#2227,.T.);
#4590=EDGE_CURVE('',#3407,#3565,#2228,.T.);
#4591=EDGE_CURVE('',#3405,#3566,#2229,.T.);
#4592=EDGE_CURVE('',#3566,#3564,#542,.T.);
#4593=EDGE_CURVE('',#3404,#3567,#2230,.T.);
#4594=EDGE_CURVE('',#3567,#3566,#2231,.T.);
#4595=EDGE_CURVE('',#3403,#3568,#2232,.T.);
#4596=EDGE_CURVE('',#3568,#3567,#543,.T.);
#4597=EDGE_CURVE('',#3410,#3569,#2233,.T.);
#4598=EDGE_CURVE('',#3569,#3568,#2234,.T.);
#4599=EDGE_CURVE('',#3409,#3570,#2235,.T.);
#4600=EDGE_CURVE('',#3570,#3569,#544,.T.);
#4601=EDGE_CURVE('',#3408,#3571,#2236,.T.);
#4602=EDGE_CURVE('',#3571,#3570,#2237,.T.);
#4603=EDGE_CURVE('',#3565,#3571,#545,.T.);
#4604=EDGE_CURVE('',#3411,#3572,#2238,.T.);
#4605=EDGE_CURVE('',#3572,#3573,#546,.T.);
#4606=EDGE_CURVE('',#3412,#3573,#2239,.T.);
#4607=EDGE_CURVE('',#3418,#3574,#2240,.T.);
#4608=EDGE_CURVE('',#3574,#3572,#2241,.T.);
#4609=EDGE_CURVE('',#3417,#3575,#2242,.T.);
#4610=EDGE_CURVE('',#3575,#3574,#547,.T.);
#4611=EDGE_CURVE('',#3416,#3576,#2243,.T.);
#4612=EDGE_CURVE('',#3576,#3575,#2244,.T.);
#4613=EDGE_CURVE('',#3415,#3577,#2245,.T.);
#4614=EDGE_CURVE('',#3577,#3576,#548,.T.);
#4615=EDGE_CURVE('',#3414,#3578,#2246,.T.);
#4616=EDGE_CURVE('',#3578,#3577,#2247,.T.);
#4617=EDGE_CURVE('',#3413,#3579,#2248,.T.);
#4618=EDGE_CURVE('',#3579,#3578,#549,.T.);
#4619=EDGE_CURVE('',#3573,#3579,#2249,.T.);
#4620=EDGE_CURVE('',#3420,#3580,#2250,.T.);
#4621=EDGE_CURVE('',#3580,#3581,#2251,.T.);
#4622=EDGE_CURVE('',#3421,#3581,#2252,.T.);
#4623=EDGE_CURVE('',#3419,#3582,#2253,.T.);
#4624=EDGE_CURVE('',#3582,#3580,#550,.T.);
#4625=EDGE_CURVE('',#3426,#3583,#2254,.T.);
#4626=EDGE_CURVE('',#3583,#3582,#2255,.T.);
#4627=EDGE_CURVE('',#3425,#3584,#2256,.T.);
#4628=EDGE_CURVE('',#3584,#3583,#551,.T.);
#4629=EDGE_CURVE('',#3424,#3585,#2257,.T.);
#4630=EDGE_CURVE('',#3585,#3584,#2258,.T.);
#4631=EDGE_CURVE('',#3423,#3586,#2259,.T.);
#4632=EDGE_CURVE('',#3586,#3585,#552,.T.);
#4633=EDGE_CURVE('',#3422,#3587,#2260,.T.);
#4634=EDGE_CURVE('',#3587,#3586,#2261,.T.);
#4635=EDGE_CURVE('',#3581,#3587,#553,.T.);
#4636=EDGE_CURVE('',#3434,#3588,#2262,.T.);
#4637=EDGE_CURVE('',#3588,#3589,#2263,.T.);
#4638=EDGE_CURVE('',#3427,#3589,#2264,.T.);
#4639=EDGE_CURVE('',#3433,#3590,#2265,.T.);
#4640=EDGE_CURVE('',#3590,#3588,#554,.T.);
#4641=EDGE_CURVE('',#3432,#3591,#2266,.T.);
#4642=EDGE_CURVE('',#3591,#3590,#2267,.T.);
#4643=EDGE_CURVE('',#3431,#3592,#2268,.T.);
#4644=EDGE_CURVE('',#3592,#3591,#555,.T.);
#4645=EDGE_CURVE('',#3430,#3593,#2269,.T.);
#4646=EDGE_CURVE('',#3593,#3592,#2270,.T.);
#4647=EDGE_CURVE('',#3429,#3594,#2271,.T.);
#4648=EDGE_CURVE('',#3594,#3593,#556,.T.);
#4649=EDGE_CURVE('',#3428,#3595,#2272,.T.);
#4650=EDGE_CURVE('',#3595,#3594,#2273,.T.);
#4651=EDGE_CURVE('',#3589,#3595,#557,.T.);
#4652=EDGE_CURVE('',#3274,#3596,#2274,.T.);
#4653=EDGE_CURVE('',#3596,#3596,#558,.T.);
#4654=EDGE_CURVE('',#3435,#3597,#2275,.T.);
#4655=EDGE_CURVE('',#3597,#3597,#559,.T.);
#4656=EDGE_CURVE('',#3598,#3598,#560,.T.);
#4657=EDGE_CURVE('',#3598,#3599,#2276,.T.);
#4658=EDGE_CURVE('',#3599,#3599,#561,.T.);
#4659=ORIENTED_EDGE('',*,*,#3600,.F.);
#4660=ORIENTED_EDGE('',*,*,#3601,.F.);
#4661=ORIENTED_EDGE('',*,*,#3602,.F.);
#4662=ORIENTED_EDGE('',*,*,#3603,.T.);
#4663=ORIENTED_EDGE('',*,*,#3604,.F.);
#4664=ORIENTED_EDGE('',*,*,#3603,.F.);
#4665=ORIENTED_EDGE('',*,*,#3605,.F.);
#4666=ORIENTED_EDGE('',*,*,#3606,.T.);
#4667=ORIENTED_EDGE('',*,*,#3607,.F.);
#4668=ORIENTED_EDGE('',*,*,#3606,.F.);
#4669=ORIENTED_EDGE('',*,*,#3608,.F.);
#4670=ORIENTED_EDGE('',*,*,#3609,.T.);
#4671=ORIENTED_EDGE('',*,*,#3610,.F.);
#4672=ORIENTED_EDGE('',*,*,#3609,.F.);
#4673=ORIENTED_EDGE('',*,*,#3611,.F.);
#4674=ORIENTED_EDGE('',*,*,#3612,.T.);
#4675=ORIENTED_EDGE('',*,*,#3613,.F.);
#4676=ORIENTED_EDGE('',*,*,#3612,.F.);
#4677=ORIENTED_EDGE('',*,*,#3614,.F.);
#4678=ORIENTED_EDGE('',*,*,#3615,.T.);
#4679=ORIENTED_EDGE('',*,*,#3616,.F.);
#4680=ORIENTED_EDGE('',*,*,#3615,.F.);
#4681=ORIENTED_EDGE('',*,*,#3617,.F.);
#4682=ORIENTED_EDGE('',*,*,#3618,.T.);
#4683=ORIENTED_EDGE('',*,*,#3619,.F.);
#4684=ORIENTED_EDGE('',*,*,#3618,.F.);
#4685=ORIENTED_EDGE('',*,*,#3620,.F.);
#4686=ORIENTED_EDGE('',*,*,#3621,.T.);
#4687=ORIENTED_EDGE('',*,*,#3622,.F.);
#4688=ORIENTED_EDGE('',*,*,#3621,.F.);
#4689=ORIENTED_EDGE('',*,*,#3623,.F.);
#4690=ORIENTED_EDGE('',*,*,#3624,.T.);
#4691=ORIENTED_EDGE('',*,*,#3625,.F.);
#4692=ORIENTED_EDGE('',*,*,#3624,.F.);
#4693=ORIENTED_EDGE('',*,*,#3626,.F.);
#4694=ORIENTED_EDGE('',*,*,#3627,.T.);
#4695=ORIENTED_EDGE('',*,*,#3628,.F.);
#4696=ORIENTED_EDGE('',*,*,#3627,.F.);
#4697=ORIENTED_EDGE('',*,*,#3629,.F.);
#4698=ORIENTED_EDGE('',*,*,#3630,.T.);
#4699=ORIENTED_EDGE('',*,*,#3631,.F.);
#4700=ORIENTED_EDGE('',*,*,#3630,.F.);
#4701=ORIENTED_EDGE('',*,*,#3632,.F.);
#4702=ORIENTED_EDGE('',*,*,#3633,.T.);
#4703=ORIENTED_EDGE('',*,*,#3634,.F.);
#4704=ORIENTED_EDGE('',*,*,#3633,.F.);
#4705=ORIENTED_EDGE('',*,*,#3635,.F.);
#4706=ORIENTED_EDGE('',*,*,#3636,.T.);
#4707=ORIENTED_EDGE('',*,*,#3637,.F.);
#4708=ORIENTED_EDGE('',*,*,#3636,.F.);
#4709=ORIENTED_EDGE('',*,*,#3638,.F.);
#4710=ORIENTED_EDGE('',*,*,#3639,.T.);
#4711=ORIENTED_EDGE('',*,*,#3640,.F.);
#4712=ORIENTED_EDGE('',*,*,#3639,.F.);
#4713=ORIENTED_EDGE('',*,*,#3641,.F.);
#4714=ORIENTED_EDGE('',*,*,#3601,.T.);
#4715=ORIENTED_EDGE('',*,*,#3642,.F.);
#4716=ORIENTED_EDGE('',*,*,#3643,.F.);
#4717=ORIENTED_EDGE('',*,*,#3644,.F.);
#4718=ORIENTED_EDGE('',*,*,#3645,.T.);
#4719=ORIENTED_EDGE('',*,*,#3646,.F.);
#4720=ORIENTED_EDGE('',*,*,#3645,.F.);
#4721=ORIENTED_EDGE('',*,*,#3647,.F.);
#4722=ORIENTED_EDGE('',*,*,#3648,.T.);
#4723=ORIENTED_EDGE('',*,*,#3649,.F.);
#4724=ORIENTED_EDGE('',*,*,#3648,.F.);
#4725=ORIENTED_EDGE('',*,*,#3650,.F.);
#4726=ORIENTED_EDGE('',*,*,#3651,.T.);
#4727=ORIENTED_EDGE('',*,*,#3652,.F.);
#4728=ORIENTED_EDGE('',*,*,#3651,.F.);
#4729=ORIENTED_EDGE('',*,*,#3653,.F.);
#4730=ORIENTED_EDGE('',*,*,#3654,.T.);
#4731=ORIENTED_EDGE('',*,*,#3655,.F.);
#4732=ORIENTED_EDGE('',*,*,#3654,.F.);
#4733=ORIENTED_EDGE('',*,*,#3656,.F.);
#4734=ORIENTED_EDGE('',*,*,#3657,.T.);
#4735=ORIENTED_EDGE('',*,*,#3658,.F.);
#4736=ORIENTED_EDGE('',*,*,#3657,.F.);
#4737=ORIENTED_EDGE('',*,*,#3659,.F.);
#4738=ORIENTED_EDGE('',*,*,#3660,.T.);
#4739=ORIENTED_EDGE('',*,*,#3661,.F.);
#4740=ORIENTED_EDGE('',*,*,#3660,.F.);
#4741=ORIENTED_EDGE('',*,*,#3662,.F.);
#4742=ORIENTED_EDGE('',*,*,#3663,.T.);
#4743=ORIENTED_EDGE('',*,*,#3664,.F.);
#4744=ORIENTED_EDGE('',*,*,#3663,.F.);
#4745=ORIENTED_EDGE('',*,*,#3665,.F.);
#4746=ORIENTED_EDGE('',*,*,#3666,.T.);
#4747=ORIENTED_EDGE('',*,*,#3667,.F.);
#4748=ORIENTED_EDGE('',*,*,#3666,.F.);
#4749=ORIENTED_EDGE('',*,*,#3668,.F.);
#4750=ORIENTED_EDGE('',*,*,#3669,.T.);
#4751=ORIENTED_EDGE('',*,*,#3670,.F.);
#4752=ORIENTED_EDGE('',*,*,#3669,.F.);
#4753=ORIENTED_EDGE('',*,*,#3671,.F.);
#4754=ORIENTED_EDGE('',*,*,#3672,.T.);
#4755=ORIENTED_EDGE('',*,*,#3673,.F.);
#4756=ORIENTED_EDGE('',*,*,#3672,.F.);
#4757=ORIENTED_EDGE('',*,*,#3674,.F.);
#4758=ORIENTED_EDGE('',*,*,#3675,.T.);
#4759=ORIENTED_EDGE('',*,*,#3676,.F.);
#4760=ORIENTED_EDGE('',*,*,#3675,.F.);
#4761=ORIENTED_EDGE('',*,*,#3677,.F.);
#4762=ORIENTED_EDGE('',*,*,#3678,.T.);
#4763=ORIENTED_EDGE('',*,*,#3679,.F.);
#4764=ORIENTED_EDGE('',*,*,#3678,.F.);
#4765=ORIENTED_EDGE('',*,*,#3680,.F.);
#4766=ORIENTED_EDGE('',*,*,#3681,.T.);
#4767=ORIENTED_EDGE('',*,*,#3682,.F.);
#4768=ORIENTED_EDGE('',*,*,#3681,.F.);
#4769=ORIENTED_EDGE('',*,*,#3683,.F.);
#4770=ORIENTED_EDGE('',*,*,#3643,.T.);
#4771=ORIENTED_EDGE('',*,*,#3684,.F.);
#4772=ORIENTED_EDGE('',*,*,#3685,.F.);
#4773=ORIENTED_EDGE('',*,*,#3686,.F.);
#4774=ORIENTED_EDGE('',*,*,#3687,.T.);
#4775=ORIENTED_EDGE('',*,*,#3688,.F.);
#4776=ORIENTED_EDGE('',*,*,#3687,.F.);
#4777=ORIENTED_EDGE('',*,*,#3689,.F.);
#4778=ORIENTED_EDGE('',*,*,#3690,.T.);
#4779=ORIENTED_EDGE('',*,*,#3691,.F.);
#4780=ORIENTED_EDGE('',*,*,#3690,.F.);
#4781=ORIENTED_EDGE('',*,*,#3692,.F.);
#4782=ORIENTED_EDGE('',*,*,#3693,.T.);
#4783=ORIENTED_EDGE('',*,*,#3694,.F.);
#4784=ORIENTED_EDGE('',*,*,#3693,.F.);
#4785=ORIENTED_EDGE('',*,*,#3695,.F.);
#4786=ORIENTED_EDGE('',*,*,#3696,.T.);
#4787=ORIENTED_EDGE('',*,*,#3697,.F.);
#4788=ORIENTED_EDGE('',*,*,#3696,.F.);
#4789=ORIENTED_EDGE('',*,*,#3698,.F.);
#4790=ORIENTED_EDGE('',*,*,#3699,.T.);
#4791=ORIENTED_EDGE('',*,*,#3700,.F.);
#4792=ORIENTED_EDGE('',*,*,#3699,.F.);
#4793=ORIENTED_EDGE('',*,*,#3701,.F.);
#4794=ORIENTED_EDGE('',*,*,#3702,.T.);
#4795=ORIENTED_EDGE('',*,*,#3703,.F.);
#4796=ORIENTED_EDGE('',*,*,#3702,.F.);
#4797=ORIENTED_EDGE('',*,*,#3704,.F.);
#4798=ORIENTED_EDGE('',*,*,#3705,.T.);
#4799=ORIENTED_EDGE('',*,*,#3706,.F.);
#4800=ORIENTED_EDGE('',*,*,#3705,.F.);
#4801=ORIENTED_EDGE('',*,*,#3707,.F.);
#4802=ORIENTED_EDGE('',*,*,#3708,.T.);
#4803=ORIENTED_EDGE('',*,*,#3709,.F.);
#4804=ORIENTED_EDGE('',*,*,#3708,.F.);
#4805=ORIENTED_EDGE('',*,*,#3710,.F.);
#4806=ORIENTED_EDGE('',*,*,#3711,.T.);
#4807=ORIENTED_EDGE('',*,*,#3712,.F.);
#4808=ORIENTED_EDGE('',*,*,#3711,.F.);
#4809=ORIENTED_EDGE('',*,*,#3713,.F.);
#4810=ORIENTED_EDGE('',*,*,#3714,.T.);
#4811=ORIENTED_EDGE('',*,*,#3715,.F.);
#4812=ORIENTED_EDGE('',*,*,#3714,.F.);
#4813=ORIENTED_EDGE('',*,*,#3716,.F.);
#4814=ORIENTED_EDGE('',*,*,#3717,.T.);
#4815=ORIENTED_EDGE('',*,*,#3718,.F.);
#4816=ORIENTED_EDGE('',*,*,#3717,.F.);
#4817=ORIENTED_EDGE('',*,*,#3719,.F.);
#4818=ORIENTED_EDGE('',*,*,#3720,.T.);
#4819=ORIENTED_EDGE('',*,*,#3721,.F.);
#4820=ORIENTED_EDGE('',*,*,#3720,.F.);
#4821=ORIENTED_EDGE('',*,*,#3722,.F.);
#4822=ORIENTED_EDGE('',*,*,#3723,.T.);
#4823=ORIENTED_EDGE('',*,*,#3724,.F.);
#4824=ORIENTED_EDGE('',*,*,#3723,.F.);
#4825=ORIENTED_EDGE('',*,*,#3725,.F.);
#4826=ORIENTED_EDGE('',*,*,#3685,.T.);
#4827=ORIENTED_EDGE('',*,*,#3726,.F.);
#4828=ORIENTED_EDGE('',*,*,#3727,.F.);
#4829=ORIENTED_EDGE('',*,*,#3728,.F.);
#4830=ORIENTED_EDGE('',*,*,#3729,.T.);
#4831=ORIENTED_EDGE('',*,*,#3730,.F.);
#4832=ORIENTED_EDGE('',*,*,#3729,.F.);
#4833=ORIENTED_EDGE('',*,*,#3731,.F.);
#4834=ORIENTED_EDGE('',*,*,#3732,.T.);
#4835=ORIENTED_EDGE('',*,*,#3733,.F.);
#4836=ORIENTED_EDGE('',*,*,#3732,.F.);
#4837=ORIENTED_EDGE('',*,*,#3734,.F.);
#4838=ORIENTED_EDGE('',*,*,#3735,.T.);
#4839=ORIENTED_EDGE('',*,*,#3736,.F.);
#4840=ORIENTED_EDGE('',*,*,#3735,.F.);
#4841=ORIENTED_EDGE('',*,*,#3737,.F.);
#4842=ORIENTED_EDGE('',*,*,#3738,.T.);
#4843=ORIENTED_EDGE('',*,*,#3739,.F.);
#4844=ORIENTED_EDGE('',*,*,#3738,.F.);
#4845=ORIENTED_EDGE('',*,*,#3740,.F.);
#4846=ORIENTED_EDGE('',*,*,#3741,.T.);
#4847=ORIENTED_EDGE('',*,*,#3742,.F.);
#4848=ORIENTED_EDGE('',*,*,#3741,.F.);
#4849=ORIENTED_EDGE('',*,*,#3743,.F.);
#4850=ORIENTED_EDGE('',*,*,#3744,.T.);
#4851=ORIENTED_EDGE('',*,*,#3745,.F.);
#4852=ORIENTED_EDGE('',*,*,#3744,.F.);
#4853=ORIENTED_EDGE('',*,*,#3746,.F.);
#4854=ORIENTED_EDGE('',*,*,#3747,.T.);
#4855=ORIENTED_EDGE('',*,*,#3748,.F.);
#4856=ORIENTED_EDGE('',*,*,#3747,.F.);
#4857=ORIENTED_EDGE('',*,*,#3749,.F.);
#4858=ORIENTED_EDGE('',*,*,#3750,.T.);
#4859=ORIENTED_EDGE('',*,*,#3751,.F.);
#4860=ORIENTED_EDGE('',*,*,#3750,.F.);
#4861=ORIENTED_EDGE('',*,*,#3752,.F.);
#4862=ORIENTED_EDGE('',*,*,#3753,.T.);
#4863=ORIENTED_EDGE('',*,*,#3754,.F.);
#4864=ORIENTED_EDGE('',*,*,#3753,.F.);
#4865=ORIENTED_EDGE('',*,*,#3755,.F.);
#4866=ORIENTED_EDGE('',*,*,#3756,.T.);
#4867=ORIENTED_EDGE('',*,*,#3757,.F.);
#4868=ORIENTED_EDGE('',*,*,#3756,.F.);
#4869=ORIENTED_EDGE('',*,*,#3758,.F.);
#4870=ORIENTED_EDGE('',*,*,#3759,.T.);
#4871=ORIENTED_EDGE('',*,*,#3760,.F.);
#4872=ORIENTED_EDGE('',*,*,#3759,.F.);
#4873=ORIENTED_EDGE('',*,*,#3761,.F.);
#4874=ORIENTED_EDGE('',*,*,#3762,.T.);
#4875=ORIENTED_EDGE('',*,*,#3763,.F.);
#4876=ORIENTED_EDGE('',*,*,#3762,.F.);
#4877=ORIENTED_EDGE('',*,*,#3764,.F.);
#4878=ORIENTED_EDGE('',*,*,#3765,.T.);
#4879=ORIENTED_EDGE('',*,*,#3766,.F.);
#4880=ORIENTED_EDGE('',*,*,#3765,.F.);
#4881=ORIENTED_EDGE('',*,*,#3767,.F.);
#4882=ORIENTED_EDGE('',*,*,#3727,.T.);
#4883=ORIENTED_EDGE('',*,*,#3768,.F.);
#4884=ORIENTED_EDGE('',*,*,#3769,.F.);
#4885=ORIENTED_EDGE('',*,*,#3770,.F.);
#4886=ORIENTED_EDGE('',*,*,#3771,.T.);
#4887=ORIENTED_EDGE('',*,*,#3772,.F.);
#4888=ORIENTED_EDGE('',*,*,#3771,.F.);
#4889=ORIENTED_EDGE('',*,*,#3773,.F.);
#4890=ORIENTED_EDGE('',*,*,#3774,.T.);
#4891=ORIENTED_EDGE('',*,*,#3775,.F.);
#4892=ORIENTED_EDGE('',*,*,#3774,.F.);
#4893=ORIENTED_EDGE('',*,*,#3776,.F.);
#4894=ORIENTED_EDGE('',*,*,#3777,.T.);
#4895=ORIENTED_EDGE('',*,*,#3778,.F.);
#4896=ORIENTED_EDGE('',*,*,#3777,.F.);
#4897=ORIENTED_EDGE('',*,*,#3779,.F.);
#4898=ORIENTED_EDGE('',*,*,#3780,.T.);
#4899=ORIENTED_EDGE('',*,*,#3781,.F.);
#4900=ORIENTED_EDGE('',*,*,#3780,.F.);
#4901=ORIENTED_EDGE('',*,*,#3782,.F.);
#4902=ORIENTED_EDGE('',*,*,#3783,.T.);
#4903=ORIENTED_EDGE('',*,*,#3784,.F.);
#4904=ORIENTED_EDGE('',*,*,#3783,.F.);
#4905=ORIENTED_EDGE('',*,*,#3785,.F.);
#4906=ORIENTED_EDGE('',*,*,#3786,.T.);
#4907=ORIENTED_EDGE('',*,*,#3787,.F.);
#4908=ORIENTED_EDGE('',*,*,#3786,.F.);
#4909=ORIENTED_EDGE('',*,*,#3788,.F.);
#4910=ORIENTED_EDGE('',*,*,#3789,.T.);
#4911=ORIENTED_EDGE('',*,*,#3790,.F.);
#4912=ORIENTED_EDGE('',*,*,#3789,.F.);
#4913=ORIENTED_EDGE('',*,*,#3791,.F.);
#4914=ORIENTED_EDGE('',*,*,#3792,.T.);
#4915=ORIENTED_EDGE('',*,*,#3793,.F.);
#4916=ORIENTED_EDGE('',*,*,#3792,.F.);
#4917=ORIENTED_EDGE('',*,*,#3794,.F.);
#4918=ORIENTED_EDGE('',*,*,#3795,.T.);
#4919=ORIENTED_EDGE('',*,*,#3796,.F.);
#4920=ORIENTED_EDGE('',*,*,#3795,.F.);
#4921=ORIENTED_EDGE('',*,*,#3797,.F.);
#4922=ORIENTED_EDGE('',*,*,#3798,.T.);
#4923=ORIENTED_EDGE('',*,*,#3799,.F.);
#4924=ORIENTED_EDGE('',*,*,#3798,.F.);
#4925=ORIENTED_EDGE('',*,*,#3800,.F.);
#4926=ORIENTED_EDGE('',*,*,#3801,.T.);
#4927=ORIENTED_EDGE('',*,*,#3802,.F.);
#4928=ORIENTED_EDGE('',*,*,#3801,.F.);
#4929=ORIENTED_EDGE('',*,*,#3803,.F.);
#4930=ORIENTED_EDGE('',*,*,#3804,.T.);
#4931=ORIENTED_EDGE('',*,*,#3805,.F.);
#4932=ORIENTED_EDGE('',*,*,#3804,.F.);
#4933=ORIENTED_EDGE('',*,*,#3806,.F.);
#4934=ORIENTED_EDGE('',*,*,#3807,.T.);
#4935=ORIENTED_EDGE('',*,*,#3808,.F.);
#4936=ORIENTED_EDGE('',*,*,#3807,.F.);
#4937=ORIENTED_EDGE('',*,*,#3809,.F.);
#4938=ORIENTED_EDGE('',*,*,#3769,.T.);
#4939=ORIENTED_EDGE('',*,*,#3810,.F.);
#4940=ORIENTED_EDGE('',*,*,#3811,.F.);
#4941=ORIENTED_EDGE('',*,*,#3812,.F.);
#4942=ORIENTED_EDGE('',*,*,#3813,.T.);
#4943=ORIENTED_EDGE('',*,*,#3814,.F.);
#4944=ORIENTED_EDGE('',*,*,#3813,.F.);
#4945=ORIENTED_EDGE('',*,*,#3815,.F.);
#4946=ORIENTED_EDGE('',*,*,#3816,.T.);
#4947=ORIENTED_EDGE('',*,*,#3817,.F.);
#4948=ORIENTED_EDGE('',*,*,#3816,.F.);
#4949=ORIENTED_EDGE('',*,*,#3818,.F.);
#4950=ORIENTED_EDGE('',*,*,#3819,.T.);
#4951=ORIENTED_EDGE('',*,*,#3820,.F.);
#4952=ORIENTED_EDGE('',*,*,#3819,.F.);
#4953=ORIENTED_EDGE('',*,*,#3821,.F.);
#4954=ORIENTED_EDGE('',*,*,#3822,.T.);
#4955=ORIENTED_EDGE('',*,*,#3823,.F.);
#4956=ORIENTED_EDGE('',*,*,#3822,.F.);
#4957=ORIENTED_EDGE('',*,*,#3824,.F.);
#4958=ORIENTED_EDGE('',*,*,#3825,.T.);
#4959=ORIENTED_EDGE('',*,*,#3826,.F.);
#4960=ORIENTED_EDGE('',*,*,#3825,.F.);
#4961=ORIENTED_EDGE('',*,*,#3827,.F.);
#4962=ORIENTED_EDGE('',*,*,#3828,.T.);
#4963=ORIENTED_EDGE('',*,*,#3829,.F.);
#4964=ORIENTED_EDGE('',*,*,#3828,.F.);
#4965=ORIENTED_EDGE('',*,*,#3830,.F.);
#4966=ORIENTED_EDGE('',*,*,#3831,.T.);
#4967=ORIENTED_EDGE('',*,*,#3832,.F.);
#4968=ORIENTED_EDGE('',*,*,#3831,.F.);
#4969=ORIENTED_EDGE('',*,*,#3833,.F.);
#4970=ORIENTED_EDGE('',*,*,#3834,.T.);
#4971=ORIENTED_EDGE('',*,*,#3835,.F.);
#4972=ORIENTED_EDGE('',*,*,#3834,.F.);
#4973=ORIENTED_EDGE('',*,*,#3836,.F.);
#4974=ORIENTED_EDGE('',*,*,#3837,.T.);
#4975=ORIENTED_EDGE('',*,*,#3838,.F.);
#4976=ORIENTED_EDGE('',*,*,#3837,.F.);
#4977=ORIENTED_EDGE('',*,*,#3839,.F.);
#4978=ORIENTED_EDGE('',*,*,#3840,.T.);
#4979=ORIENTED_EDGE('',*,*,#3841,.F.);
#4980=ORIENTED_EDGE('',*,*,#3840,.F.);
#4981=ORIENTED_EDGE('',*,*,#3842,.F.);
#4982=ORIENTED_EDGE('',*,*,#3843,.T.);
#4983=ORIENTED_EDGE('',*,*,#3844,.F.);
#4984=ORIENTED_EDGE('',*,*,#3843,.F.);
#4985=ORIENTED_EDGE('',*,*,#3845,.F.);
#4986=ORIENTED_EDGE('',*,*,#3846,.T.);
#4987=ORIENTED_EDGE('',*,*,#3847,.F.);
#4988=ORIENTED_EDGE('',*,*,#3846,.F.);
#4989=ORIENTED_EDGE('',*,*,#3848,.F.);
#4990=ORIENTED_EDGE('',*,*,#3849,.T.);
#4991=ORIENTED_EDGE('',*,*,#3850,.F.);
#4992=ORIENTED_EDGE('',*,*,#3849,.F.);
#4993=ORIENTED_EDGE('',*,*,#3851,.F.);
#4994=ORIENTED_EDGE('',*,*,#3811,.T.);
#4995=ORIENTED_EDGE('',*,*,#3852,.F.);
#4996=ORIENTED_EDGE('',*,*,#3853,.F.);
#4997=ORIENTED_EDGE('',*,*,#3854,.F.);
#4998=ORIENTED_EDGE('',*,*,#3855,.T.);
#4999=ORIENTED_EDGE('',*,*,#3856,.F.);
#5000=ORIENTED_EDGE('',*,*,#3855,.F.);
#5001=ORIENTED_EDGE('',*,*,#3857,.F.);
#5002=ORIENTED_EDGE('',*,*,#3858,.T.);
#5003=ORIENTED_EDGE('',*,*,#3859,.F.);
#5004=ORIENTED_EDGE('',*,*,#3858,.F.);
#5005=ORIENTED_EDGE('',*,*,#3860,.F.);
#5006=ORIENTED_EDGE('',*,*,#3861,.T.);
#5007=ORIENTED_EDGE('',*,*,#3862,.F.);
#5008=ORIENTED_EDGE('',*,*,#3861,.F.);
#5009=ORIENTED_EDGE('',*,*,#3863,.F.);
#5010=ORIENTED_EDGE('',*,*,#3864,.T.);
#5011=ORIENTED_EDGE('',*,*,#3865,.F.);
#5012=ORIENTED_EDGE('',*,*,#3864,.F.);
#5013=ORIENTED_EDGE('',*,*,#3866,.F.);
#5014=ORIENTED_EDGE('',*,*,#3867,.T.);
#5015=ORIENTED_EDGE('',*,*,#3868,.F.);
#5016=ORIENTED_EDGE('',*,*,#3867,.F.);
#5017=ORIENTED_EDGE('',*,*,#3869,.F.);
#5018=ORIENTED_EDGE('',*,*,#3870,.T.);
#5019=ORIENTED_EDGE('',*,*,#3871,.F.);
#5020=ORIENTED_EDGE('',*,*,#3870,.F.);
#5021=ORIENTED_EDGE('',*,*,#3872,.F.);
#5022=ORIENTED_EDGE('',*,*,#3873,.T.);
#5023=ORIENTED_EDGE('',*,*,#3874,.F.);
#5024=ORIENTED_EDGE('',*,*,#3873,.F.);
#5025=ORIENTED_EDGE('',*,*,#3875,.F.);
#5026=ORIENTED_EDGE('',*,*,#3876,.T.);
#5027=ORIENTED_EDGE('',*,*,#3877,.F.);
#5028=ORIENTED_EDGE('',*,*,#3876,.F.);
#5029=ORIENTED_EDGE('',*,*,#3878,.F.);
#5030=ORIENTED_EDGE('',*,*,#3879,.T.);
#5031=ORIENTED_EDGE('',*,*,#3880,.F.);
#5032=ORIENTED_EDGE('',*,*,#3879,.F.);
#5033=ORIENTED_EDGE('',*,*,#3881,.F.);
#5034=ORIENTED_EDGE('',*,*,#3882,.T.);
#5035=ORIENTED_EDGE('',*,*,#3883,.F.);
#5036=ORIENTED_EDGE('',*,*,#3882,.F.);
#5037=ORIENTED_EDGE('',*,*,#3884,.F.);
#5038=ORIENTED_EDGE('',*,*,#3885,.T.);
#5039=ORIENTED_EDGE('',*,*,#3886,.F.);
#5040=ORIENTED_EDGE('',*,*,#3885,.F.);
#5041=ORIENTED_EDGE('',*,*,#3887,.F.);
#5042=ORIENTED_EDGE('',*,*,#3888,.T.);
#5043=ORIENTED_EDGE('',*,*,#3889,.F.);
#5044=ORIENTED_EDGE('',*,*,#3888,.F.);
#5045=ORIENTED_EDGE('',*,*,#3890,.F.);
#5046=ORIENTED_EDGE('',*,*,#3891,.T.);
#5047=ORIENTED_EDGE('',*,*,#3892,.F.);
#5048=ORIENTED_EDGE('',*,*,#3891,.F.);
#5049=ORIENTED_EDGE('',*,*,#3893,.F.);
#5050=ORIENTED_EDGE('',*,*,#3853,.T.);
#5051=ORIENTED_EDGE('',*,*,#3894,.F.);
#5052=ORIENTED_EDGE('',*,*,#3895,.F.);
#5053=ORIENTED_EDGE('',*,*,#3896,.F.);
#5054=ORIENTED_EDGE('',*,*,#3897,.T.);
#5055=ORIENTED_EDGE('',*,*,#3898,.F.);
#5056=ORIENTED_EDGE('',*,*,#3897,.F.);
#5057=ORIENTED_EDGE('',*,*,#3899,.F.);
#5058=ORIENTED_EDGE('',*,*,#3900,.T.);
#5059=ORIENTED_EDGE('',*,*,#3901,.F.);
#5060=ORIENTED_EDGE('',*,*,#3900,.F.);
#5061=ORIENTED_EDGE('',*,*,#3902,.F.);
#5062=ORIENTED_EDGE('',*,*,#3903,.T.);
#5063=ORIENTED_EDGE('',*,*,#3904,.F.);
#5064=ORIENTED_EDGE('',*,*,#3903,.F.);
#5065=ORIENTED_EDGE('',*,*,#3905,.F.);
#5066=ORIENTED_EDGE('',*,*,#3906,.T.);
#5067=ORIENTED_EDGE('',*,*,#3907,.F.);
#5068=ORIENTED_EDGE('',*,*,#3906,.F.);
#5069=ORIENTED_EDGE('',*,*,#3908,.F.);
#5070=ORIENTED_EDGE('',*,*,#3909,.T.);
#5071=ORIENTED_EDGE('',*,*,#3910,.F.);
#5072=ORIENTED_EDGE('',*,*,#3909,.F.);
#5073=ORIENTED_EDGE('',*,*,#3911,.F.);
#5074=ORIENTED_EDGE('',*,*,#3912,.T.);
#5075=ORIENTED_EDGE('',*,*,#3913,.F.);
#5076=ORIENTED_EDGE('',*,*,#3912,.F.);
#5077=ORIENTED_EDGE('',*,*,#3914,.F.);
#5078=ORIENTED_EDGE('',*,*,#3915,.T.);
#5079=ORIENTED_EDGE('',*,*,#3916,.F.);
#5080=ORIENTED_EDGE('',*,*,#3915,.F.);
#5081=ORIENTED_EDGE('',*,*,#3917,.F.);
#5082=ORIENTED_EDGE('',*,*,#3918,.T.);
#5083=ORIENTED_EDGE('',*,*,#3919,.F.);
#5084=ORIENTED_EDGE('',*,*,#3918,.F.);
#5085=ORIENTED_EDGE('',*,*,#3920,.F.);
#5086=ORIENTED_EDGE('',*,*,#3921,.T.);
#5087=ORIENTED_EDGE('',*,*,#3922,.F.);
#5088=ORIENTED_EDGE('',*,*,#3921,.F.);
#5089=ORIENTED_EDGE('',*,*,#3923,.F.);
#5090=ORIENTED_EDGE('',*,*,#3924,.T.);
#5091=ORIENTED_EDGE('',*,*,#3925,.F.);
#5092=ORIENTED_EDGE('',*,*,#3924,.F.);
#5093=ORIENTED_EDGE('',*,*,#3926,.F.);
#5094=ORIENTED_EDGE('',*,*,#3927,.T.);
#5095=ORIENTED_EDGE('',*,*,#3928,.F.);
#5096=ORIENTED_EDGE('',*,*,#3927,.F.);
#5097=ORIENTED_EDGE('',*,*,#3929,.F.);
#5098=ORIENTED_EDGE('',*,*,#3930,.T.);
#5099=ORIENTED_EDGE('',*,*,#3931,.F.);
#5100=ORIENTED_EDGE('',*,*,#3930,.F.);
#5101=ORIENTED_EDGE('',*,*,#3932,.F.);
#5102=ORIENTED_EDGE('',*,*,#3933,.T.);
#5103=ORIENTED_EDGE('',*,*,#3934,.F.);
#5104=ORIENTED_EDGE('',*,*,#3933,.F.);
#5105=ORIENTED_EDGE('',*,*,#3935,.F.);
#5106=ORIENTED_EDGE('',*,*,#3895,.T.);
#5107=ORIENTED_EDGE('',*,*,#3936,.F.);
#5108=ORIENTED_EDGE('',*,*,#3937,.T.);
#5109=ORIENTED_EDGE('',*,*,#3938,.T.);
#5110=ORIENTED_EDGE('',*,*,#3937,.F.);
#5111=ORIENTED_EDGE('',*,*,#3938,.F.);
#5112=ORIENTED_EDGE('',*,*,#3939,.F.);
#5113=ORIENTED_EDGE('',*,*,#3940,.T.);
#5114=ORIENTED_EDGE('',*,*,#3941,.T.);
#5115=ORIENTED_EDGE('',*,*,#3940,.F.);
#5116=ORIENTED_EDGE('',*,*,#3941,.F.);
#5117=ORIENTED_EDGE('',*,*,#3942,.F.);
#5118=ORIENTED_EDGE('',*,*,#3943,.T.);
#5119=ORIENTED_EDGE('',*,*,#3944,.T.);
#5120=ORIENTED_EDGE('',*,*,#3943,.F.);
#5121=ORIENTED_EDGE('',*,*,#3944,.F.);
#5122=ORIENTED_EDGE('',*,*,#3945,.F.);
#5123=ORIENTED_EDGE('',*,*,#3946,.T.);
#5124=ORIENTED_EDGE('',*,*,#3947,.T.);
#5125=ORIENTED_EDGE('',*,*,#3946,.F.);
#5126=ORIENTED_EDGE('',*,*,#3947,.F.);
#5127=ORIENTED_EDGE('',*,*,#3948,.F.);
#5128=ORIENTED_EDGE('',*,*,#3949,.T.);
#5129=ORIENTED_EDGE('',*,*,#3950,.T.);
#5130=ORIENTED_EDGE('',*,*,#3949,.F.);
#5131=ORIENTED_EDGE('',*,*,#3950,.F.);
#5132=ORIENTED_EDGE('',*,*,#3951,.F.);
#5133=ORIENTED_EDGE('',*,*,#3952,.T.);
#5134=ORIENTED_EDGE('',*,*,#3953,.T.);
#5135=ORIENTED_EDGE('',*,*,#3952,.F.);
#5136=ORIENTED_EDGE('',*,*,#3953,.F.);
#5137=ORIENTED_EDGE('',*,*,#3954,.F.);
#5138=ORIENTED_EDGE('',*,*,#3955,.T.);
#5139=ORIENTED_EDGE('',*,*,#3956,.T.);
#5140=ORIENTED_EDGE('',*,*,#3955,.F.);
#5141=ORIENTED_EDGE('',*,*,#3956,.F.);
#5142=ORIENTED_EDGE('',*,*,#3957,.F.);
#5143=ORIENTED_EDGE('',*,*,#3958,.T.);
#5144=ORIENTED_EDGE('',*,*,#3959,.T.);
#5145=ORIENTED_EDGE('',*,*,#3958,.F.);
#5146=ORIENTED_EDGE('',*,*,#3959,.F.);
#5147=ORIENTED_EDGE('',*,*,#3960,.F.);
#5148=ORIENTED_EDGE('',*,*,#3961,.T.);
#5149=ORIENTED_EDGE('',*,*,#3962,.T.);
#5150=ORIENTED_EDGE('',*,*,#3961,.F.);
#5151=ORIENTED_EDGE('',*,*,#3962,.F.);
#5152=ORIENTED_EDGE('',*,*,#3963,.F.);
#5153=ORIENTED_EDGE('',*,*,#3964,.T.);
#5154=ORIENTED_EDGE('',*,*,#3965,.T.);
#5155=ORIENTED_EDGE('',*,*,#3964,.F.);
#5156=ORIENTED_EDGE('',*,*,#3965,.F.);
#5157=ORIENTED_EDGE('',*,*,#3966,.F.);
#5158=ORIENTED_EDGE('',*,*,#3967,.T.);
#5159=ORIENTED_EDGE('',*,*,#3968,.F.);
#5160=ORIENTED_EDGE('',*,*,#3967,.F.);
#5161=ORIENTED_EDGE('',*,*,#3969,.F.);
#5162=ORIENTED_EDGE('',*,*,#3970,.T.);
#5163=ORIENTED_EDGE('',*,*,#3971,.F.);
#5164=ORIENTED_EDGE('',*,*,#3970,.F.);
#5165=ORIENTED_EDGE('',*,*,#3972,.F.);
#5166=ORIENTED_EDGE('',*,*,#3973,.T.);
#5167=ORIENTED_EDGE('',*,*,#3974,.F.);
#5168=ORIENTED_EDGE('',*,*,#3973,.F.);
#5169=ORIENTED_EDGE('',*,*,#3975,.F.);
#5170=ORIENTED_EDGE('',*,*,#3976,.T.);
#5171=ORIENTED_EDGE('',*,*,#3977,.F.);
#5172=ORIENTED_EDGE('',*,*,#3976,.F.);
#5173=ORIENTED_EDGE('',*,*,#3978,.F.);
#5174=ORIENTED_EDGE('',*,*,#3979,.T.);
#5175=ORIENTED_EDGE('',*,*,#3980,.F.);
#5176=ORIENTED_EDGE('',*,*,#3979,.F.);
#5177=ORIENTED_EDGE('',*,*,#3981,.F.);
#5178=ORIENTED_EDGE('',*,*,#3982,.T.);
#5179=ORIENTED_EDGE('',*,*,#3983,.F.);
#5180=ORIENTED_EDGE('',*,*,#3982,.F.);
#5181=ORIENTED_EDGE('',*,*,#3984,.F.);
#5182=ORIENTED_EDGE('',*,*,#3985,.T.);
#5183=ORIENTED_EDGE('',*,*,#3986,.F.);
#5184=ORIENTED_EDGE('',*,*,#3985,.F.);
#5185=ORIENTED_EDGE('',*,*,#3987,.F.);
#5186=ORIENTED_EDGE('',*,*,#3988,.T.);
#5187=ORIENTED_EDGE('',*,*,#3989,.F.);
#5188=ORIENTED_EDGE('',*,*,#3988,.F.);
#5189=ORIENTED_EDGE('',*,*,#3990,.F.);
#5190=ORIENTED_EDGE('',*,*,#3991,.T.);
#5191=ORIENTED_EDGE('',*,*,#3992,.F.);
#5192=ORIENTED_EDGE('',*,*,#3991,.F.);
#5193=ORIENTED_EDGE('',*,*,#3993,.F.);
#5194=ORIENTED_EDGE('',*,*,#3994,.T.);
#5195=ORIENTED_EDGE('',*,*,#3995,.F.);
#5196=ORIENTED_EDGE('',*,*,#3994,.F.);
#5197=ORIENTED_EDGE('',*,*,#3996,.F.);
#5198=ORIENTED_EDGE('',*,*,#3997,.T.);
#5199=ORIENTED_EDGE('',*,*,#3998,.F.);
#5200=ORIENTED_EDGE('',*,*,#3997,.F.);
#5201=ORIENTED_EDGE('',*,*,#3999,.F.);
#5202=ORIENTED_EDGE('',*,*,#4000,.T.);
#5203=ORIENTED_EDGE('',*,*,#4001,.F.);
#5204=ORIENTED_EDGE('',*,*,#4000,.F.);
#5205=ORIENTED_EDGE('',*,*,#4002,.F.);
#5206=ORIENTED_EDGE('',*,*,#4003,.T.);
#5207=ORIENTED_EDGE('',*,*,#4004,.F.);
#5208=ORIENTED_EDGE('',*,*,#4003,.F.);
#5209=ORIENTED_EDGE('',*,*,#4005,.F.);
#5210=ORIENTED_EDGE('',*,*,#4006,.T.);
#5211=ORIENTED_EDGE('',*,*,#4007,.F.);
#5212=ORIENTED_EDGE('',*,*,#4006,.F.);
#5213=ORIENTED_EDGE('',*,*,#4008,.F.);
#5214=ORIENTED_EDGE('',*,*,#4009,.T.);
#5215=ORIENTED_EDGE('',*,*,#4010,.F.);
#5216=ORIENTED_EDGE('',*,*,#4009,.F.);
#5217=ORIENTED_EDGE('',*,*,#4011,.F.);
#5218=ORIENTED_EDGE('',*,*,#4012,.T.);
#5219=ORIENTED_EDGE('',*,*,#4013,.F.);
#5220=ORIENTED_EDGE('',*,*,#4012,.F.);
#5221=ORIENTED_EDGE('',*,*,#4014,.F.);
#5222=ORIENTED_EDGE('',*,*,#4015,.T.);
#5223=ORIENTED_EDGE('',*,*,#4016,.F.);
#5224=ORIENTED_EDGE('',*,*,#4015,.F.);
#5225=ORIENTED_EDGE('',*,*,#4017,.F.);
#5226=ORIENTED_EDGE('',*,*,#4018,.T.);
#5227=ORIENTED_EDGE('',*,*,#4019,.F.);
#5228=ORIENTED_EDGE('',*,*,#4018,.F.);
#5229=ORIENTED_EDGE('',*,*,#4020,.F.);
#5230=ORIENTED_EDGE('',*,*,#4021,.T.);
#5231=ORIENTED_EDGE('',*,*,#4022,.F.);
#5232=ORIENTED_EDGE('',*,*,#4021,.F.);
#5233=ORIENTED_EDGE('',*,*,#4023,.F.);
#5234=ORIENTED_EDGE('',*,*,#4024,.T.);
#5235=ORIENTED_EDGE('',*,*,#4025,.F.);
#5236=ORIENTED_EDGE('',*,*,#4024,.F.);
#5237=ORIENTED_EDGE('',*,*,#4026,.F.);
#5238=ORIENTED_EDGE('',*,*,#4027,.T.);
#5239=ORIENTED_EDGE('',*,*,#4028,.F.);
#5240=ORIENTED_EDGE('',*,*,#4027,.F.);
#5241=ORIENTED_EDGE('',*,*,#4029,.F.);
#5242=ORIENTED_EDGE('',*,*,#4030,.T.);
#5243=ORIENTED_EDGE('',*,*,#4031,.F.);
#5244=ORIENTED_EDGE('',*,*,#4030,.F.);
#5245=ORIENTED_EDGE('',*,*,#4032,.F.);
#5246=ORIENTED_EDGE('',*,*,#4033,.T.);
#5247=ORIENTED_EDGE('',*,*,#4034,.F.);
#5248=ORIENTED_EDGE('',*,*,#4033,.F.);
#5249=ORIENTED_EDGE('',*,*,#4035,.F.);
#5250=ORIENTED_EDGE('',*,*,#4036,.T.);
#5251=ORIENTED_EDGE('',*,*,#4037,.F.);
#5252=ORIENTED_EDGE('',*,*,#4036,.F.);
#5253=ORIENTED_EDGE('',*,*,#4038,.F.);
#5254=ORIENTED_EDGE('',*,*,#4039,.T.);
#5255=ORIENTED_EDGE('',*,*,#4040,.F.);
#5256=ORIENTED_EDGE('',*,*,#4039,.F.);
#5257=ORIENTED_EDGE('',*,*,#4041,.F.);
#5258=ORIENTED_EDGE('',*,*,#4042,.T.);
#5259=ORIENTED_EDGE('',*,*,#4043,.F.);
#5260=ORIENTED_EDGE('',*,*,#4042,.F.);
#5261=ORIENTED_EDGE('',*,*,#4044,.F.);
#5262=ORIENTED_EDGE('',*,*,#4045,.T.);
#5263=ORIENTED_EDGE('',*,*,#4046,.F.);
#5264=ORIENTED_EDGE('',*,*,#4045,.F.);
#5265=ORIENTED_EDGE('',*,*,#4047,.F.);
#5266=ORIENTED_EDGE('',*,*,#4048,.T.);
#5267=ORIENTED_EDGE('',*,*,#4049,.F.);
#5268=ORIENTED_EDGE('',*,*,#4048,.F.);
#5269=ORIENTED_EDGE('',*,*,#4050,.F.);
#5270=ORIENTED_EDGE('',*,*,#4051,.T.);
#5271=ORIENTED_EDGE('',*,*,#4052,.F.);
#5272=ORIENTED_EDGE('',*,*,#4053,.F.);
#5273=ORIENTED_EDGE('',*,*,#4054,.F.);
#5274=ORIENTED_EDGE('',*,*,#4051,.F.);
#5275=ORIENTED_EDGE('',*,*,#4055,.F.);
#5276=ORIENTED_EDGE('',*,*,#4056,.T.);
#5277=ORIENTED_EDGE('',*,*,#4057,.F.);
#5278=ORIENTED_EDGE('',*,*,#4058,.F.);
#5279=ORIENTED_EDGE('',*,*,#4059,.F.);
#5280=ORIENTED_EDGE('',*,*,#4056,.F.);
#5281=ORIENTED_EDGE('',*,*,#4060,.F.);
#5282=ORIENTED_EDGE('',*,*,#4061,.T.);
#5283=ORIENTED_EDGE('',*,*,#4062,.F.);
#5284=ORIENTED_EDGE('',*,*,#4063,.F.);
#5285=ORIENTED_EDGE('',*,*,#4064,.F.);
#5286=ORIENTED_EDGE('',*,*,#4061,.F.);
#5287=ORIENTED_EDGE('',*,*,#4065,.F.);
#5288=ORIENTED_EDGE('',*,*,#4066,.T.);
#5289=ORIENTED_EDGE('',*,*,#4067,.F.);
#5290=ORIENTED_EDGE('',*,*,#4068,.F.);
#5291=ORIENTED_EDGE('',*,*,#4069,.F.);
#5292=ORIENTED_EDGE('',*,*,#4066,.F.);
#5293=ORIENTED_EDGE('',*,*,#4070,.F.);
#5294=ORIENTED_EDGE('',*,*,#4071,.T.);
#5295=ORIENTED_EDGE('',*,*,#4072,.F.);
#5296=ORIENTED_EDGE('',*,*,#4073,.F.);
#5297=ORIENTED_EDGE('',*,*,#4074,.F.);
#5298=ORIENTED_EDGE('',*,*,#4071,.F.);
#5299=ORIENTED_EDGE('',*,*,#4075,.F.);
#5300=ORIENTED_EDGE('',*,*,#4076,.T.);
#5301=ORIENTED_EDGE('',*,*,#4077,.F.);
#5302=ORIENTED_EDGE('',*,*,#4078,.F.);
#5303=ORIENTED_EDGE('',*,*,#4079,.F.);
#5304=ORIENTED_EDGE('',*,*,#4076,.F.);
#5305=ORIENTED_EDGE('',*,*,#4080,.F.);
#5306=ORIENTED_EDGE('',*,*,#4081,.T.);
#5307=ORIENTED_EDGE('',*,*,#4082,.F.);
#5308=ORIENTED_EDGE('',*,*,#4083,.F.);
#5309=ORIENTED_EDGE('',*,*,#4084,.F.);
#5310=ORIENTED_EDGE('',*,*,#4081,.F.);
#5311=ORIENTED_EDGE('',*,*,#4085,.F.);
#5312=ORIENTED_EDGE('',*,*,#4086,.T.);
#5313=ORIENTED_EDGE('',*,*,#4087,.F.);
#5314=ORIENTED_EDGE('',*,*,#4088,.F.);
#5315=ORIENTED_EDGE('',*,*,#4089,.F.);
#5316=ORIENTED_EDGE('',*,*,#4086,.F.);
#5317=ORIENTED_EDGE('',*,*,#4090,.F.);
#5318=ORIENTED_EDGE('',*,*,#4091,.T.);
#5319=ORIENTED_EDGE('',*,*,#4092,.F.);
#5320=ORIENTED_EDGE('',*,*,#4093,.F.);
#5321=ORIENTED_EDGE('',*,*,#4094,.F.);
#5322=ORIENTED_EDGE('',*,*,#4091,.F.);
#5323=ORIENTED_EDGE('',*,*,#4095,.F.);
#5324=ORIENTED_EDGE('',*,*,#4096,.T.);
#5325=ORIENTED_EDGE('',*,*,#4097,.F.);
#5326=ORIENTED_EDGE('',*,*,#4098,.F.);
#5327=ORIENTED_EDGE('',*,*,#4099,.F.);
#5328=ORIENTED_EDGE('',*,*,#4096,.F.);
#5329=ORIENTED_EDGE('',*,*,#4100,.F.);
#5330=ORIENTED_EDGE('',*,*,#4101,.T.);
#5331=ORIENTED_EDGE('',*,*,#4102,.F.);
#5332=ORIENTED_EDGE('',*,*,#4103,.F.);
#5333=ORIENTED_EDGE('',*,*,#4104,.F.);
#5334=ORIENTED_EDGE('',*,*,#4101,.F.);
#5335=ORIENTED_EDGE('',*,*,#4105,.F.);
#5336=ORIENTED_EDGE('',*,*,#4106,.T.);
#5337=ORIENTED_EDGE('',*,*,#4107,.F.);
#5338=ORIENTED_EDGE('',*,*,#4108,.F.);
#5339=ORIENTED_EDGE('',*,*,#4109,.F.);
#5340=ORIENTED_EDGE('',*,*,#4106,.F.);
#5341=ORIENTED_EDGE('',*,*,#4110,.F.);
#5342=ORIENTED_EDGE('',*,*,#4111,.T.);
#5343=ORIENTED_EDGE('',*,*,#4112,.F.);
#5344=ORIENTED_EDGE('',*,*,#4113,.F.);
#5345=ORIENTED_EDGE('',*,*,#4114,.F.);
#5346=ORIENTED_EDGE('',*,*,#4111,.F.);
#5347=ORIENTED_EDGE('',*,*,#4115,.F.);
#5348=ORIENTED_EDGE('',*,*,#4116,.T.);
#5349=ORIENTED_EDGE('',*,*,#4117,.F.);
#5350=ORIENTED_EDGE('',*,*,#4118,.F.);
#5351=ORIENTED_EDGE('',*,*,#4119,.F.);
#5352=ORIENTED_EDGE('',*,*,#4116,.F.);
#5353=ORIENTED_EDGE('',*,*,#4120,.F.);
#5354=ORIENTED_EDGE('',*,*,#4121,.T.);
#5355=ORIENTED_EDGE('',*,*,#4122,.F.);
#5356=ORIENTED_EDGE('',*,*,#4123,.F.);
#5357=ORIENTED_EDGE('',*,*,#4124,.F.);
#5358=ORIENTED_EDGE('',*,*,#4121,.F.);
#5359=ORIENTED_EDGE('',*,*,#4125,.F.);
#5360=ORIENTED_EDGE('',*,*,#4126,.T.);
#5361=ORIENTED_EDGE('',*,*,#4127,.F.);
#5362=ORIENTED_EDGE('',*,*,#4128,.F.);
#5363=ORIENTED_EDGE('',*,*,#4129,.F.);
#5364=ORIENTED_EDGE('',*,*,#4126,.F.);
#5365=ORIENTED_EDGE('',*,*,#4130,.F.);
#5366=ORIENTED_EDGE('',*,*,#4131,.T.);
#5367=ORIENTED_EDGE('',*,*,#4132,.F.);
#5368=ORIENTED_EDGE('',*,*,#4133,.F.);
#5369=ORIENTED_EDGE('',*,*,#4134,.F.);
#5370=ORIENTED_EDGE('',*,*,#4131,.F.);
#5371=ORIENTED_EDGE('',*,*,#4135,.F.);
#5372=ORIENTED_EDGE('',*,*,#4136,.T.);
#5373=ORIENTED_EDGE('',*,*,#4137,.F.);
#5374=ORIENTED_EDGE('',*,*,#4138,.F.);
#5375=ORIENTED_EDGE('',*,*,#4139,.F.);
#5376=ORIENTED_EDGE('',*,*,#4136,.F.);
#5377=ORIENTED_EDGE('',*,*,#4140,.F.);
#5378=ORIENTED_EDGE('',*,*,#4141,.T.);
#5379=ORIENTED_EDGE('',*,*,#4142,.F.);
#5380=ORIENTED_EDGE('',*,*,#4143,.F.);
#5381=ORIENTED_EDGE('',*,*,#4144,.F.);
#5382=ORIENTED_EDGE('',*,*,#4141,.F.);
#5383=ORIENTED_EDGE('',*,*,#4145,.F.);
#5384=ORIENTED_EDGE('',*,*,#4146,.T.);
#5385=ORIENTED_EDGE('',*,*,#4147,.F.);
#5386=ORIENTED_EDGE('',*,*,#4148,.F.);
#5387=ORIENTED_EDGE('',*,*,#4149,.F.);
#5388=ORIENTED_EDGE('',*,*,#4146,.F.);
#5389=ORIENTED_EDGE('',*,*,#4150,.T.);
#5390=ORIENTED_EDGE('',*,*,#3936,.T.);
#5391=ORIENTED_EDGE('',*,*,#3939,.T.);
#5392=ORIENTED_EDGE('',*,*,#3942,.T.);
#5393=ORIENTED_EDGE('',*,*,#3945,.T.);
#5394=ORIENTED_EDGE('',*,*,#3948,.T.);
#5395=ORIENTED_EDGE('',*,*,#3951,.T.);
#5396=ORIENTED_EDGE('',*,*,#3954,.T.);
#5397=ORIENTED_EDGE('',*,*,#3957,.T.);
#5398=ORIENTED_EDGE('',*,*,#3960,.T.);
#5399=ORIENTED_EDGE('',*,*,#3963,.T.);
#5400=ORIENTED_EDGE('',*,*,#4053,.T.);
#5401=ORIENTED_EDGE('',*,*,#4151,.T.);
#5402=ORIENTED_EDGE('',*,*,#4152,.T.);
#5403=ORIENTED_EDGE('',*,*,#4153,.T.);
#5404=ORIENTED_EDGE('',*,*,#4154,.T.);
#5405=ORIENTED_EDGE('',*,*,#4155,.T.);
#5406=ORIENTED_EDGE('',*,*,#4156,.T.);
#5407=ORIENTED_EDGE('',*,*,#4157,.T.);
#5408=ORIENTED_EDGE('',*,*,#4158,.T.);
#5409=ORIENTED_EDGE('',*,*,#4159,.T.);
#5410=ORIENTED_EDGE('',*,*,#4058,.T.);
#5411=ORIENTED_EDGE('',*,*,#4160,.T.);
#5412=ORIENTED_EDGE('',*,*,#4161,.T.);
#5413=ORIENTED_EDGE('',*,*,#4162,.T.);
#5414=ORIENTED_EDGE('',*,*,#4163,.T.);
#5415=ORIENTED_EDGE('',*,*,#4164,.T.);
#5416=ORIENTED_EDGE('',*,*,#4165,.T.);
#5417=ORIENTED_EDGE('',*,*,#4166,.T.);
#5418=ORIENTED_EDGE('',*,*,#4167,.T.);
#5419=ORIENTED_EDGE('',*,*,#4168,.T.);
#5420=ORIENTED_EDGE('',*,*,#4063,.T.);
#5421=ORIENTED_EDGE('',*,*,#4169,.T.);
#5422=ORIENTED_EDGE('',*,*,#4170,.T.);
#5423=ORIENTED_EDGE('',*,*,#4171,.T.);
#5424=ORIENTED_EDGE('',*,*,#4172,.T.);
#5425=ORIENTED_EDGE('',*,*,#4173,.T.);
#5426=ORIENTED_EDGE('',*,*,#4174,.T.);
#5427=ORIENTED_EDGE('',*,*,#4175,.T.);
#5428=ORIENTED_EDGE('',*,*,#4176,.T.);
#5429=ORIENTED_EDGE('',*,*,#4177,.T.);
#5430=ORIENTED_EDGE('',*,*,#4068,.T.);
#5431=ORIENTED_EDGE('',*,*,#4178,.T.);
#5432=ORIENTED_EDGE('',*,*,#4179,.T.);
#5433=ORIENTED_EDGE('',*,*,#4180,.T.);
#5434=ORIENTED_EDGE('',*,*,#4181,.T.);
#5435=ORIENTED_EDGE('',*,*,#4182,.T.);
#5436=ORIENTED_EDGE('',*,*,#4183,.T.);
#5437=ORIENTED_EDGE('',*,*,#4184,.T.);
#5438=ORIENTED_EDGE('',*,*,#4185,.T.);
#5439=ORIENTED_EDGE('',*,*,#4186,.T.);
#5440=ORIENTED_EDGE('',*,*,#4073,.T.);
#5441=ORIENTED_EDGE('',*,*,#4187,.T.);
#5442=ORIENTED_EDGE('',*,*,#4188,.T.);
#5443=ORIENTED_EDGE('',*,*,#4189,.T.);
#5444=ORIENTED_EDGE('',*,*,#4190,.T.);
#5445=ORIENTED_EDGE('',*,*,#4191,.T.);
#5446=ORIENTED_EDGE('',*,*,#4192,.T.);
#5447=ORIENTED_EDGE('',*,*,#4193,.T.);
#5448=ORIENTED_EDGE('',*,*,#4194,.T.);
#5449=ORIENTED_EDGE('',*,*,#4195,.T.);
#5450=ORIENTED_EDGE('',*,*,#4078,.T.);
#5451=ORIENTED_EDGE('',*,*,#4196,.T.);
#5452=ORIENTED_EDGE('',*,*,#4197,.T.);
#5453=ORIENTED_EDGE('',*,*,#4198,.T.);
#5454=ORIENTED_EDGE('',*,*,#4199,.T.);
#5455=ORIENTED_EDGE('',*,*,#4200,.T.);
#5456=ORIENTED_EDGE('',*,*,#4201,.T.);
#5457=ORIENTED_EDGE('',*,*,#4202,.T.);
#5458=ORIENTED_EDGE('',*,*,#4203,.T.);
#5459=ORIENTED_EDGE('',*,*,#4204,.T.);
#5460=ORIENTED_EDGE('',*,*,#4083,.T.);
#5461=ORIENTED_EDGE('',*,*,#4205,.T.);
#5462=ORIENTED_EDGE('',*,*,#4206,.T.);
#5463=ORIENTED_EDGE('',*,*,#4207,.T.);
#5464=ORIENTED_EDGE('',*,*,#4208,.T.);
#5465=ORIENTED_EDGE('',*,*,#4209,.T.);
#5466=ORIENTED_EDGE('',*,*,#4210,.T.);
#5467=ORIENTED_EDGE('',*,*,#4211,.T.);
#5468=ORIENTED_EDGE('',*,*,#4212,.T.);
#5469=ORIENTED_EDGE('',*,*,#4213,.T.);
#5470=ORIENTED_EDGE('',*,*,#4088,.T.);
#5471=ORIENTED_EDGE('',*,*,#4214,.T.);
#5472=ORIENTED_EDGE('',*,*,#4215,.T.);
#5473=ORIENTED_EDGE('',*,*,#4216,.T.);
#5474=ORIENTED_EDGE('',*,*,#4217,.T.);
#5475=ORIENTED_EDGE('',*,*,#4218,.T.);
#5476=ORIENTED_EDGE('',*,*,#4219,.T.);
#5477=ORIENTED_EDGE('',*,*,#4220,.T.);
#5478=ORIENTED_EDGE('',*,*,#4221,.T.);
#5479=ORIENTED_EDGE('',*,*,#4222,.T.);
#5480=ORIENTED_EDGE('',*,*,#4093,.T.);
#5481=ORIENTED_EDGE('',*,*,#4223,.T.);
#5482=ORIENTED_EDGE('',*,*,#4224,.T.);
#5483=ORIENTED_EDGE('',*,*,#4225,.T.);
#5484=ORIENTED_EDGE('',*,*,#4226,.T.);
#5485=ORIENTED_EDGE('',*,*,#4227,.T.);
#5486=ORIENTED_EDGE('',*,*,#4228,.T.);
#5487=ORIENTED_EDGE('',*,*,#4229,.T.);
#5488=ORIENTED_EDGE('',*,*,#4230,.T.);
#5489=ORIENTED_EDGE('',*,*,#4231,.T.);
#5490=ORIENTED_EDGE('',*,*,#4098,.T.);
#5491=ORIENTED_EDGE('',*,*,#4232,.T.);
#5492=ORIENTED_EDGE('',*,*,#4233,.T.);
#5493=ORIENTED_EDGE('',*,*,#4234,.T.);
#5494=ORIENTED_EDGE('',*,*,#4235,.T.);
#5495=ORIENTED_EDGE('',*,*,#4236,.T.);
#5496=ORIENTED_EDGE('',*,*,#4237,.T.);
#5497=ORIENTED_EDGE('',*,*,#4238,.T.);
#5498=ORIENTED_EDGE('',*,*,#4239,.T.);
#5499=ORIENTED_EDGE('',*,*,#4240,.T.);
#5500=ORIENTED_EDGE('',*,*,#4103,.T.);
#5501=ORIENTED_EDGE('',*,*,#4241,.T.);
#5502=ORIENTED_EDGE('',*,*,#4242,.T.);
#5503=ORIENTED_EDGE('',*,*,#4243,.T.);
#5504=ORIENTED_EDGE('',*,*,#4244,.T.);
#5505=ORIENTED_EDGE('',*,*,#4245,.T.);
#5506=ORIENTED_EDGE('',*,*,#4246,.T.);
#5507=ORIENTED_EDGE('',*,*,#4247,.T.);
#5508=ORIENTED_EDGE('',*,*,#4248,.T.);
#5509=ORIENTED_EDGE('',*,*,#4249,.T.);
#5510=ORIENTED_EDGE('',*,*,#4108,.T.);
#5511=ORIENTED_EDGE('',*,*,#4250,.T.);
#5512=ORIENTED_EDGE('',*,*,#4251,.T.);
#5513=ORIENTED_EDGE('',*,*,#4252,.T.);
#5514=ORIENTED_EDGE('',*,*,#4253,.T.);
#5515=ORIENTED_EDGE('',*,*,#4254,.T.);
#5516=ORIENTED_EDGE('',*,*,#4255,.T.);
#5517=ORIENTED_EDGE('',*,*,#4256,.T.);
#5518=ORIENTED_EDGE('',*,*,#4257,.T.);
#5519=ORIENTED_EDGE('',*,*,#4258,.T.);
#5520=ORIENTED_EDGE('',*,*,#4113,.T.);
#5521=ORIENTED_EDGE('',*,*,#4259,.T.);
#5522=ORIENTED_EDGE('',*,*,#4260,.T.);
#5523=ORIENTED_EDGE('',*,*,#4261,.T.);
#5524=ORIENTED_EDGE('',*,*,#4262,.T.);
#5525=ORIENTED_EDGE('',*,*,#4263,.T.);
#5526=ORIENTED_EDGE('',*,*,#4264,.T.);
#5527=ORIENTED_EDGE('',*,*,#4265,.T.);
#5528=ORIENTED_EDGE('',*,*,#4266,.T.);
#5529=ORIENTED_EDGE('',*,*,#4267,.T.);
#5530=ORIENTED_EDGE('',*,*,#4118,.T.);
#5531=ORIENTED_EDGE('',*,*,#4268,.T.);
#5532=ORIENTED_EDGE('',*,*,#4269,.T.);
#5533=ORIENTED_EDGE('',*,*,#4270,.T.);
#5534=ORIENTED_EDGE('',*,*,#4271,.T.);
#5535=ORIENTED_EDGE('',*,*,#4272,.T.);
#5536=ORIENTED_EDGE('',*,*,#4273,.T.);
#5537=ORIENTED_EDGE('',*,*,#4274,.T.);
#5538=ORIENTED_EDGE('',*,*,#4275,.T.);
#5539=ORIENTED_EDGE('',*,*,#4276,.T.);
#5540=ORIENTED_EDGE('',*,*,#4123,.T.);
#5541=ORIENTED_EDGE('',*,*,#4277,.T.);
#5542=ORIENTED_EDGE('',*,*,#4278,.T.);
#5543=ORIENTED_EDGE('',*,*,#4279,.T.);
#5544=ORIENTED_EDGE('',*,*,#4280,.T.);
#5545=ORIENTED_EDGE('',*,*,#4281,.T.);
#5546=ORIENTED_EDGE('',*,*,#4282,.T.);
#5547=ORIENTED_EDGE('',*,*,#4283,.T.);
#5548=ORIENTED_EDGE('',*,*,#4284,.T.);
#5549=ORIENTED_EDGE('',*,*,#4285,.T.);
#5550=ORIENTED_EDGE('',*,*,#4128,.T.);
#5551=ORIENTED_EDGE('',*,*,#4286,.T.);
#5552=ORIENTED_EDGE('',*,*,#4287,.T.);
#5553=ORIENTED_EDGE('',*,*,#4288,.T.);
#5554=ORIENTED_EDGE('',*,*,#4289,.T.);
#5555=ORIENTED_EDGE('',*,*,#4290,.T.);
#5556=ORIENTED_EDGE('',*,*,#4291,.T.);
#5557=ORIENTED_EDGE('',*,*,#4292,.T.);
#5558=ORIENTED_EDGE('',*,*,#4293,.T.);
#5559=ORIENTED_EDGE('',*,*,#4294,.T.);
#5560=ORIENTED_EDGE('',*,*,#4133,.T.);
#5561=ORIENTED_EDGE('',*,*,#4295,.T.);
#5562=ORIENTED_EDGE('',*,*,#4296,.T.);
#5563=ORIENTED_EDGE('',*,*,#4297,.T.);
#5564=ORIENTED_EDGE('',*,*,#4298,.T.);
#5565=ORIENTED_EDGE('',*,*,#4299,.T.);
#5566=ORIENTED_EDGE('',*,*,#4300,.T.);
#5567=ORIENTED_EDGE('',*,*,#4301,.T.);
#5568=ORIENTED_EDGE('',*,*,#4302,.T.);
#5569=ORIENTED_EDGE('',*,*,#4303,.T.);
#5570=ORIENTED_EDGE('',*,*,#4138,.T.);
#5571=ORIENTED_EDGE('',*,*,#4304,.T.);
#5572=ORIENTED_EDGE('',*,*,#4305,.T.);
#5573=ORIENTED_EDGE('',*,*,#4306,.T.);
#5574=ORIENTED_EDGE('',*,*,#4307,.T.);
#5575=ORIENTED_EDGE('',*,*,#4308,.T.);
#5576=ORIENTED_EDGE('',*,*,#4309,.T.);
#5577=ORIENTED_EDGE('',*,*,#4310,.T.);
#5578=ORIENTED_EDGE('',*,*,#4311,.T.);
#5579=ORIENTED_EDGE('',*,*,#4312,.T.);
#5580=ORIENTED_EDGE('',*,*,#4143,.T.);
#5581=ORIENTED_EDGE('',*,*,#4313,.T.);
#5582=ORIENTED_EDGE('',*,*,#4314,.T.);
#5583=ORIENTED_EDGE('',*,*,#4315,.T.);
#5584=ORIENTED_EDGE('',*,*,#4316,.T.);
#5585=ORIENTED_EDGE('',*,*,#4317,.T.);
#5586=ORIENTED_EDGE('',*,*,#4318,.T.);
#5587=ORIENTED_EDGE('',*,*,#4319,.T.);
#5588=ORIENTED_EDGE('',*,*,#4320,.T.);
#5589=ORIENTED_EDGE('',*,*,#4321,.T.);
#5590=ORIENTED_EDGE('',*,*,#4148,.T.);
#5591=ORIENTED_EDGE('',*,*,#4322,.T.);
#5592=ORIENTED_EDGE('',*,*,#4323,.T.);
#5593=ORIENTED_EDGE('',*,*,#4324,.T.);
#5594=ORIENTED_EDGE('',*,*,#4325,.T.);
#5595=ORIENTED_EDGE('',*,*,#4326,.T.);
#5596=ORIENTED_EDGE('',*,*,#4327,.T.);
#5597=ORIENTED_EDGE('',*,*,#4328,.T.);
#5598=ORIENTED_EDGE('',*,*,#4329,.T.);
#5599=ORIENTED_EDGE('',*,*,#4330,.T.);
#5600=ORIENTED_EDGE('',*,*,#4331,.T.);
#5601=ORIENTED_EDGE('',*,*,#4155,.F.);
#5602=ORIENTED_EDGE('',*,*,#4332,.T.);
#5603=ORIENTED_EDGE('',*,*,#4333,.T.);
#5604=ORIENTED_EDGE('',*,*,#4334,.F.);
#5605=ORIENTED_EDGE('',*,*,#4154,.F.);
#5606=ORIENTED_EDGE('',*,*,#4335,.T.);
#5607=ORIENTED_EDGE('',*,*,#4336,.T.);
#5608=ORIENTED_EDGE('',*,*,#4332,.F.);
#5609=ORIENTED_EDGE('',*,*,#4153,.F.);
#5610=ORIENTED_EDGE('',*,*,#4337,.T.);
#5611=ORIENTED_EDGE('',*,*,#4338,.T.);
#5612=ORIENTED_EDGE('',*,*,#4335,.F.);
#5613=ORIENTED_EDGE('',*,*,#4152,.F.);
#5614=ORIENTED_EDGE('',*,*,#4339,.T.);
#5615=ORIENTED_EDGE('',*,*,#4340,.T.);
#5616=ORIENTED_EDGE('',*,*,#4337,.F.);
#5617=ORIENTED_EDGE('',*,*,#4050,.T.);
#5618=ORIENTED_EDGE('',*,*,#4159,.F.);
#5619=ORIENTED_EDGE('',*,*,#4341,.T.);
#5620=ORIENTED_EDGE('',*,*,#4342,.T.);
#5621=ORIENTED_EDGE('',*,*,#4339,.F.);
#5622=ORIENTED_EDGE('',*,*,#4151,.F.);
#5623=ORIENTED_EDGE('',*,*,#4052,.T.);
#5624=ORIENTED_EDGE('',*,*,#4054,.T.);
#5625=ORIENTED_EDGE('',*,*,#4158,.F.);
#5626=ORIENTED_EDGE('',*,*,#4343,.T.);
#5627=ORIENTED_EDGE('',*,*,#4344,.T.);
#5628=ORIENTED_EDGE('',*,*,#4341,.F.);
#5629=ORIENTED_EDGE('',*,*,#4157,.F.);
#5630=ORIENTED_EDGE('',*,*,#4345,.T.);
#5631=ORIENTED_EDGE('',*,*,#4346,.T.);
#5632=ORIENTED_EDGE('',*,*,#4343,.F.);
#5633=ORIENTED_EDGE('',*,*,#4156,.F.);
#5634=ORIENTED_EDGE('',*,*,#4334,.T.);
#5635=ORIENTED_EDGE('',*,*,#4347,.T.);
#5636=ORIENTED_EDGE('',*,*,#4345,.F.);
#5637=ORIENTED_EDGE('',*,*,#4347,.F.);
#5638=ORIENTED_EDGE('',*,*,#4333,.F.);
#5639=ORIENTED_EDGE('',*,*,#4336,.F.);
#5640=ORIENTED_EDGE('',*,*,#4338,.F.);
#5641=ORIENTED_EDGE('',*,*,#4340,.F.);
#5642=ORIENTED_EDGE('',*,*,#4342,.F.);
#5643=ORIENTED_EDGE('',*,*,#4344,.F.);
#5644=ORIENTED_EDGE('',*,*,#4346,.F.);
#5645=ORIENTED_EDGE('',*,*,#4035,.T.);
#5646=ORIENTED_EDGE('',*,*,#4055,.T.);
#5647=ORIENTED_EDGE('',*,*,#4168,.F.);
#5648=ORIENTED_EDGE('',*,*,#4348,.T.);
#5649=ORIENTED_EDGE('',*,*,#4349,.T.);
#5650=ORIENTED_EDGE('',*,*,#4350,.F.);
#5651=ORIENTED_EDGE('',*,*,#4160,.F.);
#5652=ORIENTED_EDGE('',*,*,#4057,.T.);
#5653=ORIENTED_EDGE('',*,*,#4059,.T.);
#5654=ORIENTED_EDGE('',*,*,#4167,.F.);
#5655=ORIENTED_EDGE('',*,*,#4351,.T.);
#5656=ORIENTED_EDGE('',*,*,#4352,.T.);
#5657=ORIENTED_EDGE('',*,*,#4348,.F.);
#5658=ORIENTED_EDGE('',*,*,#4166,.F.);
#5659=ORIENTED_EDGE('',*,*,#4353,.T.);
#5660=ORIENTED_EDGE('',*,*,#4354,.T.);
#5661=ORIENTED_EDGE('',*,*,#4351,.F.);
#5662=ORIENTED_EDGE('',*,*,#4165,.F.);
#5663=ORIENTED_EDGE('',*,*,#4355,.T.);
#5664=ORIENTED_EDGE('',*,*,#4356,.T.);
#5665=ORIENTED_EDGE('',*,*,#4353,.F.);
#5666=ORIENTED_EDGE('',*,*,#4164,.F.);
#5667=ORIENTED_EDGE('',*,*,#4357,.T.);
#5668=ORIENTED_EDGE('',*,*,#4358,.T.);
#5669=ORIENTED_EDGE('',*,*,#4355,.F.);
#5670=ORIENTED_EDGE('',*,*,#4163,.F.);
#5671=ORIENTED_EDGE('',*,*,#4359,.T.);
#5672=ORIENTED_EDGE('',*,*,#4360,.T.);
#5673=ORIENTED_EDGE('',*,*,#4357,.F.);
#5674=ORIENTED_EDGE('',*,*,#4162,.F.);
#5675=ORIENTED_EDGE('',*,*,#4361,.T.);
#5676=ORIENTED_EDGE('',*,*,#4362,.T.);
#5677=ORIENTED_EDGE('',*,*,#4359,.F.);
#5678=ORIENTED_EDGE('',*,*,#4161,.F.);
#5679=ORIENTED_EDGE('',*,*,#4350,.T.);
#5680=ORIENTED_EDGE('',*,*,#4363,.T.);
#5681=ORIENTED_EDGE('',*,*,#4361,.F.);
#5682=ORIENTED_EDGE('',*,*,#4363,.F.);
#5683=ORIENTED_EDGE('',*,*,#4349,.F.);
#5684=ORIENTED_EDGE('',*,*,#4352,.F.);
#5685=ORIENTED_EDGE('',*,*,#4354,.F.);
#5686=ORIENTED_EDGE('',*,*,#4356,.F.);
#5687=ORIENTED_EDGE('',*,*,#4358,.F.);
#5688=ORIENTED_EDGE('',*,*,#4360,.F.);
#5689=ORIENTED_EDGE('',*,*,#4362,.F.);
#5690=ORIENTED_EDGE('',*,*,#4047,.T.);
#5691=ORIENTED_EDGE('',*,*,#4171,.F.);
#5692=ORIENTED_EDGE('',*,*,#4364,.T.);
#5693=ORIENTED_EDGE('',*,*,#4365,.T.);
#5694=ORIENTED_EDGE('',*,*,#4366,.F.);
#5695=ORIENTED_EDGE('',*,*,#4170,.F.);
#5696=ORIENTED_EDGE('',*,*,#4367,.T.);
#5697=ORIENTED_EDGE('',*,*,#4368,.T.);
#5698=ORIENTED_EDGE('',*,*,#4364,.F.);
#5699=ORIENTED_EDGE('',*,*,#4060,.T.);
#5700=ORIENTED_EDGE('',*,*,#4177,.F.);
#5701=ORIENTED_EDGE('',*,*,#4369,.T.);
#5702=ORIENTED_EDGE('',*,*,#4370,.T.);
#5703=ORIENTED_EDGE('',*,*,#4367,.F.);
#5704=ORIENTED_EDGE('',*,*,#4169,.F.);
#5705=ORIENTED_EDGE('',*,*,#4062,.T.);
#5706=ORIENTED_EDGE('',*,*,#4064,.T.);
#5707=ORIENTED_EDGE('',*,*,#4176,.F.);
#5708=ORIENTED_EDGE('',*,*,#4371,.T.);
#5709=ORIENTED_EDGE('',*,*,#4372,.T.);
#5710=ORIENTED_EDGE('',*,*,#4369,.F.);
#5711=ORIENTED_EDGE('',*,*,#4175,.F.);
#5712=ORIENTED_EDGE('',*,*,#4373,.T.);
#5713=ORIENTED_EDGE('',*,*,#4374,.T.);
#5714=ORIENTED_EDGE('',*,*,#4371,.F.);
#5715=ORIENTED_EDGE('',*,*,#4174,.F.);
#5716=ORIENTED_EDGE('',*,*,#4375,.T.);
#5717=ORIENTED_EDGE('',*,*,#4376,.T.);
#5718=ORIENTED_EDGE('',*,*,#4373,.F.);
#5719=ORIENTED_EDGE('',*,*,#4173,.F.);
#5720=ORIENTED_EDGE('',*,*,#4377,.T.);
#5721=ORIENTED_EDGE('',*,*,#4378,.T.);
#5722=ORIENTED_EDGE('',*,*,#4375,.F.);
#5723=ORIENTED_EDGE('',*,*,#4172,.F.);
#5724=ORIENTED_EDGE('',*,*,#4366,.T.);
#5725=ORIENTED_EDGE('',*,*,#4379,.T.);
#5726=ORIENTED_EDGE('',*,*,#4377,.F.);
#5727=ORIENTED_EDGE('',*,*,#4379,.F.);
#5728=ORIENTED_EDGE('',*,*,#4365,.F.);
#5729=ORIENTED_EDGE('',*,*,#4368,.F.);
#5730=ORIENTED_EDGE('',*,*,#4370,.F.);
#5731=ORIENTED_EDGE('',*,*,#4372,.F.);
#5732=ORIENTED_EDGE('',*,*,#4374,.F.);
#5733=ORIENTED_EDGE('',*,*,#4376,.F.);
#5734=ORIENTED_EDGE('',*,*,#4378,.F.);
#5735=ORIENTED_EDGE('',*,*,#4044,.T.);
#5736=ORIENTED_EDGE('',*,*,#4182,.F.);
#5737=ORIENTED_EDGE('',*,*,#4380,.T.);
#5738=ORIENTED_EDGE('',*,*,#4381,.T.);
#5739=ORIENTED_EDGE('',*,*,#4382,.F.);
#5740=ORIENTED_EDGE('',*,*,#4181,.F.);
#5741=ORIENTED_EDGE('',*,*,#4383,.T.);
#5742=ORIENTED_EDGE('',*,*,#4384,.T.);
#5743=ORIENTED_EDGE('',*,*,#4380,.F.);
#5744=ORIENTED_EDGE('',*,*,#4180,.F.);
#5745=ORIENTED_EDGE('',*,*,#4385,.T.);
#5746=ORIENTED_EDGE('',*,*,#4386,.T.);
#5747=ORIENTED_EDGE('',*,*,#4383,.F.);
#5748=ORIENTED_EDGE('',*,*,#4179,.F.);
#5749=ORIENTED_EDGE('',*,*,#4387,.T.);
#5750=ORIENTED_EDGE('',*,*,#4388,.T.);
#5751=ORIENTED_EDGE('',*,*,#4385,.F.);
#5752=ORIENTED_EDGE('',*,*,#4065,.T.);
#5753=ORIENTED_EDGE('',*,*,#4186,.F.);
#5754=ORIENTED_EDGE('',*,*,#4389,.T.);
#5755=ORIENTED_EDGE('',*,*,#4390,.T.);
#5756=ORIENTED_EDGE('',*,*,#4387,.F.);
#5757=ORIENTED_EDGE('',*,*,#4178,.F.);
#5758=ORIENTED_EDGE('',*,*,#4067,.T.);
#5759=ORIENTED_EDGE('',*,*,#4069,.T.);
#5760=ORIENTED_EDGE('',*,*,#4185,.F.);
#5761=ORIENTED_EDGE('',*,*,#4391,.T.);
#5762=ORIENTED_EDGE('',*,*,#4392,.T.);
#5763=ORIENTED_EDGE('',*,*,#4389,.F.);
#5764=ORIENTED_EDGE('',*,*,#4184,.F.);
#5765=ORIENTED_EDGE('',*,*,#4393,.T.);
#5766=ORIENTED_EDGE('',*,*,#4394,.T.);
#5767=ORIENTED_EDGE('',*,*,#4391,.F.);
#5768=ORIENTED_EDGE('',*,*,#4183,.F.);
#5769=ORIENTED_EDGE('',*,*,#4382,.T.);
#5770=ORIENTED_EDGE('',*,*,#4395,.T.);
#5771=ORIENTED_EDGE('',*,*,#4393,.F.);
#5772=ORIENTED_EDGE('',*,*,#4395,.F.);
#5773=ORIENTED_EDGE('',*,*,#4381,.F.);
#5774=ORIENTED_EDGE('',*,*,#4384,.F.);
#5775=ORIENTED_EDGE('',*,*,#4386,.F.);
#5776=ORIENTED_EDGE('',*,*,#4388,.F.);
#5777=ORIENTED_EDGE('',*,*,#4390,.F.);
#5778=ORIENTED_EDGE('',*,*,#4392,.F.);
#5779=ORIENTED_EDGE('',*,*,#4394,.F.);
#5780=ORIENTED_EDGE('',*,*,#4041,.T.);
#5781=ORIENTED_EDGE('',*,*,#4191,.F.);
#5782=ORIENTED_EDGE('',*,*,#4396,.T.);
#5783=ORIENTED_EDGE('',*,*,#4397,.T.);
#5784=ORIENTED_EDGE('',*,*,#4398,.F.);
#5785=ORIENTED_EDGE('',*,*,#4190,.F.);
#5786=ORIENTED_EDGE('',*,*,#4399,.T.);
#5787=ORIENTED_EDGE('',*,*,#4400,.T.);
#5788=ORIENTED_EDGE('',*,*,#4396,.F.);
#5789=ORIENTED_EDGE('',*,*,#4189,.F.);
#5790=ORIENTED_EDGE('',*,*,#4401,.T.);
#5791=ORIENTED_EDGE('',*,*,#4402,.T.);
#5792=ORIENTED_EDGE('',*,*,#4399,.F.);
#5793=ORIENTED_EDGE('',*,*,#4188,.F.);
#5794=ORIENTED_EDGE('',*,*,#4403,.T.);
#5795=ORIENTED_EDGE('',*,*,#4404,.T.);
#5796=ORIENTED_EDGE('',*,*,#4401,.F.);
#5797=ORIENTED_EDGE('',*,*,#4070,.T.);
#5798=ORIENTED_EDGE('',*,*,#4195,.F.);
#5799=ORIENTED_EDGE('',*,*,#4405,.T.);
#5800=ORIENTED_EDGE('',*,*,#4406,.T.);
#5801=ORIENTED_EDGE('',*,*,#4403,.F.);
#5802=ORIENTED_EDGE('',*,*,#4187,.F.);
#5803=ORIENTED_EDGE('',*,*,#4072,.T.);
#5804=ORIENTED_EDGE('',*,*,#4074,.T.);
#5805=ORIENTED_EDGE('',*,*,#4194,.F.);
#5806=ORIENTED_EDGE('',*,*,#4407,.T.);
#5807=ORIENTED_EDGE('',*,*,#4408,.T.);
#5808=ORIENTED_EDGE('',*,*,#4405,.F.);
#5809=ORIENTED_EDGE('',*,*,#4193,.F.);
#5810=ORIENTED_EDGE('',*,*,#4409,.T.);
#5811=ORIENTED_EDGE('',*,*,#4410,.T.);
#5812=ORIENTED_EDGE('',*,*,#4407,.F.);
#5813=ORIENTED_EDGE('',*,*,#4192,.F.);
#5814=ORIENTED_EDGE('',*,*,#4398,.T.);
#5815=ORIENTED_EDGE('',*,*,#4411,.T.);
#5816=ORIENTED_EDGE('',*,*,#4409,.F.);
#5817=ORIENTED_EDGE('',*,*,#4411,.F.);
#5818=ORIENTED_EDGE('',*,*,#4397,.F.);
#5819=ORIENTED_EDGE('',*,*,#4400,.F.);
#5820=ORIENTED_EDGE('',*,*,#4402,.F.);
#5821=ORIENTED_EDGE('',*,*,#4404,.F.);
#5822=ORIENTED_EDGE('',*,*,#4406,.F.);
#5823=ORIENTED_EDGE('',*,*,#4408,.F.);
#5824=ORIENTED_EDGE('',*,*,#4410,.F.);
#5825=ORIENTED_EDGE('',*,*,#4038,.T.);
#5826=ORIENTED_EDGE('',*,*,#4199,.F.);
#5827=ORIENTED_EDGE('',*,*,#4412,.T.);
#5828=ORIENTED_EDGE('',*,*,#4413,.T.);
#5829=ORIENTED_EDGE('',*,*,#4414,.F.);
#5830=ORIENTED_EDGE('',*,*,#4198,.F.);
#5831=ORIENTED_EDGE('',*,*,#4415,.T.);
#5832=ORIENTED_EDGE('',*,*,#4416,.T.);
#5833=ORIENTED_EDGE('',*,*,#4412,.F.);
#5834=ORIENTED_EDGE('',*,*,#4197,.F.);
#5835=ORIENTED_EDGE('',*,*,#4417,.T.);
#5836=ORIENTED_EDGE('',*,*,#4418,.T.);
#5837=ORIENTED_EDGE('',*,*,#4415,.F.);
#5838=ORIENTED_EDGE('',*,*,#4075,.T.);
#5839=ORIENTED_EDGE('',*,*,#4204,.F.);
#5840=ORIENTED_EDGE('',*,*,#4419,.T.);
#5841=ORIENTED_EDGE('',*,*,#4420,.T.);
#5842=ORIENTED_EDGE('',*,*,#4417,.F.);
#5843=ORIENTED_EDGE('',*,*,#4196,.F.);
#5844=ORIENTED_EDGE('',*,*,#4077,.T.);
#5845=ORIENTED_EDGE('',*,*,#4079,.T.);
#5846=ORIENTED_EDGE('',*,*,#4203,.F.);
#5847=ORIENTED_EDGE('',*,*,#4421,.T.);
#5848=ORIENTED_EDGE('',*,*,#4422,.T.);
#5849=ORIENTED_EDGE('',*,*,#4419,.F.);
#5850=ORIENTED_EDGE('',*,*,#4202,.F.);
#5851=ORIENTED_EDGE('',*,*,#4423,.T.);
#5852=ORIENTED_EDGE('',*,*,#4424,.T.);
#5853=ORIENTED_EDGE('',*,*,#4421,.F.);
#5854=ORIENTED_EDGE('',*,*,#4201,.F.);
#5855=ORIENTED_EDGE('',*,*,#4425,.T.);
#5856=ORIENTED_EDGE('',*,*,#4426,.T.);
#5857=ORIENTED_EDGE('',*,*,#4423,.F.);
#5858=ORIENTED_EDGE('',*,*,#4200,.F.);
#5859=ORIENTED_EDGE('',*,*,#4414,.T.);
#5860=ORIENTED_EDGE('',*,*,#4427,.T.);
#5861=ORIENTED_EDGE('',*,*,#4425,.F.);
#5862=ORIENTED_EDGE('',*,*,#4427,.F.);
#5863=ORIENTED_EDGE('',*,*,#4413,.F.);
#5864=ORIENTED_EDGE('',*,*,#4416,.F.);
#5865=ORIENTED_EDGE('',*,*,#4418,.F.);
#5866=ORIENTED_EDGE('',*,*,#4420,.F.);
#5867=ORIENTED_EDGE('',*,*,#4422,.F.);
#5868=ORIENTED_EDGE('',*,*,#4424,.F.);
#5869=ORIENTED_EDGE('',*,*,#4426,.F.);
#5870=ORIENTED_EDGE('',*,*,#4026,.T.);
#5871=ORIENTED_EDGE('',*,*,#4080,.T.);
#5872=ORIENTED_EDGE('',*,*,#4213,.F.);
#5873=ORIENTED_EDGE('',*,*,#4428,.T.);
#5874=ORIENTED_EDGE('',*,*,#4429,.T.);
#5875=ORIENTED_EDGE('',*,*,#4430,.F.);
#5876=ORIENTED_EDGE('',*,*,#4205,.F.);
#5877=ORIENTED_EDGE('',*,*,#4082,.T.);
#5878=ORIENTED_EDGE('',*,*,#4084,.T.);
#5879=ORIENTED_EDGE('',*,*,#4212,.F.);
#5880=ORIENTED_EDGE('',*,*,#4431,.T.);
#5881=ORIENTED_EDGE('',*,*,#4432,.T.);
#5882=ORIENTED_EDGE('',*,*,#4428,.F.);
#5883=ORIENTED_EDGE('',*,*,#4211,.F.);
#5884=ORIENTED_EDGE('',*,*,#4433,.T.);
#5885=ORIENTED_EDGE('',*,*,#4434,.T.);
#5886=ORIENTED_EDGE('',*,*,#4431,.F.);
#5887=ORIENTED_EDGE('',*,*,#4210,.F.);
#5888=ORIENTED_EDGE('',*,*,#4435,.T.);
#5889=ORIENTED_EDGE('',*,*,#4436,.T.);
#5890=ORIENTED_EDGE('',*,*,#4433,.F.);
#5891=ORIENTED_EDGE('',*,*,#4209,.F.);
#5892=ORIENTED_EDGE('',*,*,#4437,.T.);
#5893=ORIENTED_EDGE('',*,*,#4438,.T.);
#5894=ORIENTED_EDGE('',*,*,#4435,.F.);
#5895=ORIENTED_EDGE('',*,*,#4208,.F.);
#5896=ORIENTED_EDGE('',*,*,#4439,.T.);
#5897=ORIENTED_EDGE('',*,*,#4440,.T.);
#5898=ORIENTED_EDGE('',*,*,#4437,.F.);
#5899=ORIENTED_EDGE('',*,*,#4207,.F.);
#5900=ORIENTED_EDGE('',*,*,#4441,.T.);
#5901=ORIENTED_EDGE('',*,*,#4442,.T.);
#5902=ORIENTED_EDGE('',*,*,#4439,.F.);
#5903=ORIENTED_EDGE('',*,*,#4206,.F.);
#5904=ORIENTED_EDGE('',*,*,#4430,.T.);
#5905=ORIENTED_EDGE('',*,*,#4443,.T.);
#5906=ORIENTED_EDGE('',*,*,#4441,.F.);
#5907=ORIENTED_EDGE('',*,*,#4443,.F.);
#5908=ORIENTED_EDGE('',*,*,#4429,.F.);
#5909=ORIENTED_EDGE('',*,*,#4432,.F.);
#5910=ORIENTED_EDGE('',*,*,#4434,.F.);
#5911=ORIENTED_EDGE('',*,*,#4436,.F.);
#5912=ORIENTED_EDGE('',*,*,#4438,.F.);
#5913=ORIENTED_EDGE('',*,*,#4440,.F.);
#5914=ORIENTED_EDGE('',*,*,#4442,.F.);
#5915=ORIENTED_EDGE('',*,*,#4023,.T.);
#5916=ORIENTED_EDGE('',*,*,#4216,.F.);
#5917=ORIENTED_EDGE('',*,*,#4444,.T.);
#5918=ORIENTED_EDGE('',*,*,#4445,.T.);
#5919=ORIENTED_EDGE('',*,*,#4446,.F.);
#5920=ORIENTED_EDGE('',*,*,#4215,.F.);
#5921=ORIENTED_EDGE('',*,*,#4447,.T.);
#5922=ORIENTED_EDGE('',*,*,#4448,.T.);
#5923=ORIENTED_EDGE('',*,*,#4444,.F.);
#5924=ORIENTED_EDGE('',*,*,#4085,.T.);
#5925=ORIENTED_EDGE('',*,*,#4222,.F.);
#5926=ORIENTED_EDGE('',*,*,#4449,.T.);
#5927=ORIENTED_EDGE('',*,*,#4450,.T.);
#5928=ORIENTED_EDGE('',*,*,#4447,.F.);
#5929=ORIENTED_EDGE('',*,*,#4214,.F.);
#5930=ORIENTED_EDGE('',*,*,#4087,.T.);
#5931=ORIENTED_EDGE('',*,*,#4089,.T.);
#5932=ORIENTED_EDGE('',*,*,#4221,.F.);
#5933=ORIENTED_EDGE('',*,*,#4451,.T.);
#5934=ORIENTED_EDGE('',*,*,#4452,.T.);
#5935=ORIENTED_EDGE('',*,*,#4449,.F.);
#5936=ORIENTED_EDGE('',*,*,#4220,.F.);
#5937=ORIENTED_EDGE('',*,*,#4453,.T.);
#5938=ORIENTED_EDGE('',*,*,#4454,.T.);
#5939=ORIENTED_EDGE('',*,*,#4451,.F.);
#5940=ORIENTED_EDGE('',*,*,#4219,.F.);
#5941=ORIENTED_EDGE('',*,*,#4455,.T.);
#5942=ORIENTED_EDGE('',*,*,#4456,.T.);
#5943=ORIENTED_EDGE('',*,*,#4453,.F.);
#5944=ORIENTED_EDGE('',*,*,#4218,.F.);
#5945=ORIENTED_EDGE('',*,*,#4457,.T.);
#5946=ORIENTED_EDGE('',*,*,#4458,.T.);
#5947=ORIENTED_EDGE('',*,*,#4455,.F.);
#5948=ORIENTED_EDGE('',*,*,#4217,.F.);
#5949=ORIENTED_EDGE('',*,*,#4446,.T.);
#5950=ORIENTED_EDGE('',*,*,#4459,.T.);
#5951=ORIENTED_EDGE('',*,*,#4457,.F.);
#5952=ORIENTED_EDGE('',*,*,#4459,.F.);
#5953=ORIENTED_EDGE('',*,*,#4445,.F.);
#5954=ORIENTED_EDGE('',*,*,#4448,.F.);
#5955=ORIENTED_EDGE('',*,*,#4450,.F.);
#5956=ORIENTED_EDGE('',*,*,#4452,.F.);
#5957=ORIENTED_EDGE('',*,*,#4454,.F.);
#5958=ORIENTED_EDGE('',*,*,#4456,.F.);
#5959=ORIENTED_EDGE('',*,*,#4458,.F.);
#5960=ORIENTED_EDGE('',*,*,#4020,.T.);
#5961=ORIENTED_EDGE('',*,*,#4225,.F.);
#5962=ORIENTED_EDGE('',*,*,#4460,.T.);
#5963=ORIENTED_EDGE('',*,*,#4461,.T.);
#5964=ORIENTED_EDGE('',*,*,#4462,.F.);
#5965=ORIENTED_EDGE('',*,*,#4224,.F.);
#5966=ORIENTED_EDGE('',*,*,#4463,.T.);
#5967=ORIENTED_EDGE('',*,*,#4464,.T.);
#5968=ORIENTED_EDGE('',*,*,#4460,.F.);
#5969=ORIENTED_EDGE('',*,*,#4090,.T.);
#5970=ORIENTED_EDGE('',*,*,#4231,.F.);
#5971=ORIENTED_EDGE('',*,*,#4465,.T.);
#5972=ORIENTED_EDGE('',*,*,#4466,.T.);
#5973=ORIENTED_EDGE('',*,*,#4463,.F.);
#5974=ORIENTED_EDGE('',*,*,#4223,.F.);
#5975=ORIENTED_EDGE('',*,*,#4092,.T.);
#5976=ORIENTED_EDGE('',*,*,#4094,.T.);
#5977=ORIENTED_EDGE('',*,*,#4230,.F.);
#5978=ORIENTED_EDGE('',*,*,#4467,.T.);
#5979=ORIENTED_EDGE('',*,*,#4468,.T.);
#5980=ORIENTED_EDGE('',*,*,#4465,.F.);
#5981=ORIENTED_EDGE('',*,*,#4229,.F.);
#5982=ORIENTED_EDGE('',*,*,#4469,.T.);
#5983=ORIENTED_EDGE('',*,*,#4470,.T.);
#5984=ORIENTED_EDGE('',*,*,#4467,.F.);
#5985=ORIENTED_EDGE('',*,*,#4228,.F.);
#5986=ORIENTED_EDGE('',*,*,#4471,.T.);
#5987=ORIENTED_EDGE('',*,*,#4472,.T.);
#5988=ORIENTED_EDGE('',*,*,#4469,.F.);
#5989=ORIENTED_EDGE('',*,*,#4227,.F.);
#5990=ORIENTED_EDGE('',*,*,#4473,.T.);
#5991=ORIENTED_EDGE('',*,*,#4474,.T.);
#5992=ORIENTED_EDGE('',*,*,#4471,.F.);
#5993=ORIENTED_EDGE('',*,*,#4226,.F.);
#5994=ORIENTED_EDGE('',*,*,#4462,.T.);
#5995=ORIENTED_EDGE('',*,*,#4475,.T.);
#5996=ORIENTED_EDGE('',*,*,#4473,.F.);
#5997=ORIENTED_EDGE('',*,*,#4475,.F.);
#5998=ORIENTED_EDGE('',*,*,#4461,.F.);
#5999=ORIENTED_EDGE('',*,*,#4464,.F.);
#6000=ORIENTED_EDGE('',*,*,#4466,.F.);
#6001=ORIENTED_EDGE('',*,*,#4468,.F.);
#6002=ORIENTED_EDGE('',*,*,#4470,.F.);
#6003=ORIENTED_EDGE('',*,*,#4472,.F.);
#6004=ORIENTED_EDGE('',*,*,#4474,.F.);
#6005=ORIENTED_EDGE('',*,*,#4032,.T.);
#6006=ORIENTED_EDGE('',*,*,#4095,.T.);
#6007=ORIENTED_EDGE('',*,*,#4240,.F.);
#6008=ORIENTED_EDGE('',*,*,#4476,.T.);
#6009=ORIENTED_EDGE('',*,*,#4477,.T.);
#6010=ORIENTED_EDGE('',*,*,#4478,.F.);
#6011=ORIENTED_EDGE('',*,*,#4232,.F.);
#6012=ORIENTED_EDGE('',*,*,#4097,.T.);
#6013=ORIENTED_EDGE('',*,*,#4099,.T.);
#6014=ORIENTED_EDGE('',*,*,#4239,.F.);
#6015=ORIENTED_EDGE('',*,*,#4479,.T.);
#6016=ORIENTED_EDGE('',*,*,#4480,.T.);
#6017=ORIENTED_EDGE('',*,*,#4476,.F.);
#6018=ORIENTED_EDGE('',*,*,#4238,.F.);
#6019=ORIENTED_EDGE('',*,*,#4481,.T.);
#6020=ORIENTED_EDGE('',*,*,#4482,.T.);
#6021=ORIENTED_EDGE('',*,*,#4479,.F.);
#6022=ORIENTED_EDGE('',*,*,#4237,.F.);
#6023=ORIENTED_EDGE('',*,*,#4483,.T.);
#6024=ORIENTED_EDGE('',*,*,#4484,.T.);
#6025=ORIENTED_EDGE('',*,*,#4481,.F.);
#6026=ORIENTED_EDGE('',*,*,#4236,.F.);
#6027=ORIENTED_EDGE('',*,*,#4485,.T.);
#6028=ORIENTED_EDGE('',*,*,#4486,.T.);
#6029=ORIENTED_EDGE('',*,*,#4483,.F.);
#6030=ORIENTED_EDGE('',*,*,#4235,.F.);
#6031=ORIENTED_EDGE('',*,*,#4487,.T.);
#6032=ORIENTED_EDGE('',*,*,#4488,.T.);
#6033=ORIENTED_EDGE('',*,*,#4485,.F.);
#6034=ORIENTED_EDGE('',*,*,#4234,.F.);
#6035=ORIENTED_EDGE('',*,*,#4489,.T.);
#6036=ORIENTED_EDGE('',*,*,#4490,.T.);
#6037=ORIENTED_EDGE('',*,*,#4487,.F.);
#6038=ORIENTED_EDGE('',*,*,#4233,.F.);
#6039=ORIENTED_EDGE('',*,*,#4478,.T.);
#6040=ORIENTED_EDGE('',*,*,#4491,.T.);
#6041=ORIENTED_EDGE('',*,*,#4489,.F.);
#6042=ORIENTED_EDGE('',*,*,#4491,.F.);
#6043=ORIENTED_EDGE('',*,*,#4477,.F.);
#6044=ORIENTED_EDGE('',*,*,#4480,.F.);
#6045=ORIENTED_EDGE('',*,*,#4482,.F.);
#6046=ORIENTED_EDGE('',*,*,#4484,.F.);
#6047=ORIENTED_EDGE('',*,*,#4486,.F.);
#6048=ORIENTED_EDGE('',*,*,#4488,.F.);
#6049=ORIENTED_EDGE('',*,*,#4490,.F.);
#6050=ORIENTED_EDGE('',*,*,#4029,.T.);
#6051=ORIENTED_EDGE('',*,*,#4100,.T.);
#6052=ORIENTED_EDGE('',*,*,#4249,.F.);
#6053=ORIENTED_EDGE('',*,*,#4492,.T.);
#6054=ORIENTED_EDGE('',*,*,#4493,.T.);
#6055=ORIENTED_EDGE('',*,*,#4494,.F.);
#6056=ORIENTED_EDGE('',*,*,#4241,.F.);
#6057=ORIENTED_EDGE('',*,*,#4102,.T.);
#6058=ORIENTED_EDGE('',*,*,#4104,.T.);
#6059=ORIENTED_EDGE('',*,*,#4248,.F.);
#6060=ORIENTED_EDGE('',*,*,#4495,.T.);
#6061=ORIENTED_EDGE('',*,*,#4496,.T.);
#6062=ORIENTED_EDGE('',*,*,#4492,.F.);
#6063=ORIENTED_EDGE('',*,*,#4247,.F.);
#6064=ORIENTED_EDGE('',*,*,#4497,.T.);
#6065=ORIENTED_EDGE('',*,*,#4498,.T.);
#6066=ORIENTED_EDGE('',*,*,#4495,.F.);
#6067=ORIENTED_EDGE('',*,*,#4246,.F.);
#6068=ORIENTED_EDGE('',*,*,#4499,.T.);
#6069=ORIENTED_EDGE('',*,*,#4500,.T.);
#6070=ORIENTED_EDGE('',*,*,#4497,.F.);
#6071=ORIENTED_EDGE('',*,*,#4245,.F.);
#6072=ORIENTED_EDGE('',*,*,#4501,.T.);
#6073=ORIENTED_EDGE('',*,*,#4502,.T.);
#6074=ORIENTED_EDGE('',*,*,#4499,.F.);
#6075=ORIENTED_EDGE('',*,*,#4244,.F.);
#6076=ORIENTED_EDGE('',*,*,#4503,.T.);
#6077=ORIENTED_EDGE('',*,*,#4504,.T.);
#6078=ORIENTED_EDGE('',*,*,#4501,.F.);
#6079=ORIENTED_EDGE('',*,*,#4243,.F.);
#6080=ORIENTED_EDGE('',*,*,#4505,.T.);
#6081=ORIENTED_EDGE('',*,*,#4506,.T.);
#6082=ORIENTED_EDGE('',*,*,#4503,.F.);
#6083=ORIENTED_EDGE('',*,*,#4242,.F.);
#6084=ORIENTED_EDGE('',*,*,#4494,.T.);
#6085=ORIENTED_EDGE('',*,*,#4507,.T.);
#6086=ORIENTED_EDGE('',*,*,#4505,.F.);
#6087=ORIENTED_EDGE('',*,*,#4507,.F.);
#6088=ORIENTED_EDGE('',*,*,#4493,.F.);
#6089=ORIENTED_EDGE('',*,*,#4496,.F.);
#6090=ORIENTED_EDGE('',*,*,#4498,.F.);
#6091=ORIENTED_EDGE('',*,*,#4500,.F.);
#6092=ORIENTED_EDGE('',*,*,#4502,.F.);
#6093=ORIENTED_EDGE('',*,*,#4504,.F.);
#6094=ORIENTED_EDGE('',*,*,#4506,.F.);
#6095=ORIENTED_EDGE('',*,*,#4005,.T.);
#6096=ORIENTED_EDGE('',*,*,#4251,.F.);
#6097=ORIENTED_EDGE('',*,*,#4508,.T.);
#6098=ORIENTED_EDGE('',*,*,#4509,.T.);
#6099=ORIENTED_EDGE('',*,*,#4510,.F.);
#6100=ORIENTED_EDGE('',*,*,#4105,.T.);
#6101=ORIENTED_EDGE('',*,*,#4258,.F.);
#6102=ORIENTED_EDGE('',*,*,#4511,.T.);
#6103=ORIENTED_EDGE('',*,*,#4512,.T.);
#6104=ORIENTED_EDGE('',*,*,#4508,.F.);
#6105=ORIENTED_EDGE('',*,*,#4250,.F.);
#6106=ORIENTED_EDGE('',*,*,#4107,.T.);
#6107=ORIENTED_EDGE('',*,*,#4109,.T.);
#6108=ORIENTED_EDGE('',*,*,#4257,.F.);
#6109=ORIENTED_EDGE('',*,*,#4513,.T.);
#6110=ORIENTED_EDGE('',*,*,#4514,.T.);
#6111=ORIENTED_EDGE('',*,*,#4511,.F.);
#6112=ORIENTED_EDGE('',*,*,#4256,.F.);
#6113=ORIENTED_EDGE('',*,*,#4515,.T.);
#6114=ORIENTED_EDGE('',*,*,#4516,.T.);
#6115=ORIENTED_EDGE('',*,*,#4513,.F.);
#6116=ORIENTED_EDGE('',*,*,#4255,.F.);
#6117=ORIENTED_EDGE('',*,*,#4517,.T.);
#6118=ORIENTED_EDGE('',*,*,#4518,.T.);
#6119=ORIENTED_EDGE('',*,*,#4515,.F.);
#6120=ORIENTED_EDGE('',*,*,#4254,.F.);
#6121=ORIENTED_EDGE('',*,*,#4519,.T.);
#6122=ORIENTED_EDGE('',*,*,#4520,.T.);
#6123=ORIENTED_EDGE('',*,*,#4517,.F.);
#6124=ORIENTED_EDGE('',*,*,#4253,.F.);
#6125=ORIENTED_EDGE('',*,*,#4521,.T.);
#6126=ORIENTED_EDGE('',*,*,#4522,.T.);
#6127=ORIENTED_EDGE('',*,*,#4519,.F.);
#6128=ORIENTED_EDGE('',*,*,#4252,.F.);
#6129=ORIENTED_EDGE('',*,*,#4510,.T.);
#6130=ORIENTED_EDGE('',*,*,#4523,.T.);
#6131=ORIENTED_EDGE('',*,*,#4521,.F.);
#6132=ORIENTED_EDGE('',*,*,#4523,.F.);
#6133=ORIENTED_EDGE('',*,*,#4509,.F.);
#6134=ORIENTED_EDGE('',*,*,#4512,.F.);
#6135=ORIENTED_EDGE('',*,*,#4514,.F.);
#6136=ORIENTED_EDGE('',*,*,#4516,.F.);
#6137=ORIENTED_EDGE('',*,*,#4518,.F.);
#6138=ORIENTED_EDGE('',*,*,#4520,.F.);
#6139=ORIENTED_EDGE('',*,*,#4522,.F.);
#6140=ORIENTED_EDGE('',*,*,#4017,.T.);
#6141=ORIENTED_EDGE('',*,*,#4261,.F.);
#6142=ORIENTED_EDGE('',*,*,#4524,.T.);
#6143=ORIENTED_EDGE('',*,*,#4525,.T.);
#6144=ORIENTED_EDGE('',*,*,#4526,.F.);
#6145=ORIENTED_EDGE('',*,*,#4260,.F.);
#6146=ORIENTED_EDGE('',*,*,#4527,.T.);
#6147=ORIENTED_EDGE('',*,*,#4528,.T.);
#6148=ORIENTED_EDGE('',*,*,#4524,.F.);
#6149=ORIENTED_EDGE('',*,*,#4110,.T.);
#6150=ORIENTED_EDGE('',*,*,#4267,.F.);
#6151=ORIENTED_EDGE('',*,*,#4529,.T.);
#6152=ORIENTED_EDGE('',*,*,#4530,.T.);
#6153=ORIENTED_EDGE('',*,*,#4527,.F.);
#6154=ORIENTED_EDGE('',*,*,#4259,.F.);
#6155=ORIENTED_EDGE('',*,*,#4112,.T.);
#6156=ORIENTED_EDGE('',*,*,#4114,.T.);
#6157=ORIENTED_EDGE('',*,*,#4266,.F.);
#6158=ORIENTED_EDGE('',*,*,#4531,.T.);
#6159=ORIENTED_EDGE('',*,*,#4532,.T.);
#6160=ORIENTED_EDGE('',*,*,#4529,.F.);
#6161=ORIENTED_EDGE('',*,*,#4265,.F.);
#6162=ORIENTED_EDGE('',*,*,#4533,.T.);
#6163=ORIENTED_EDGE('',*,*,#4534,.T.);
#6164=ORIENTED_EDGE('',*,*,#4531,.F.);
#6165=ORIENTED_EDGE('',*,*,#4264,.F.);
#6166=ORIENTED_EDGE('',*,*,#4535,.T.);
#6167=ORIENTED_EDGE('',*,*,#4536,.T.);
#6168=ORIENTED_EDGE('',*,*,#4533,.F.);
#6169=ORIENTED_EDGE('',*,*,#4263,.F.);
#6170=ORIENTED_EDGE('',*,*,#4537,.T.);
#6171=ORIENTED_EDGE('',*,*,#4538,.T.);
#6172=ORIENTED_EDGE('',*,*,#4535,.F.);
#6173=ORIENTED_EDGE('',*,*,#4262,.F.);
#6174=ORIENTED_EDGE('',*,*,#4526,.T.);
#6175=ORIENTED_EDGE('',*,*,#4539,.T.);
#6176=ORIENTED_EDGE('',*,*,#4537,.F.);
#6177=ORIENTED_EDGE('',*,*,#4539,.F.);
#6178=ORIENTED_EDGE('',*,*,#4525,.F.);
#6179=ORIENTED_EDGE('',*,*,#4528,.F.);
#6180=ORIENTED_EDGE('',*,*,#4530,.F.);
#6181=ORIENTED_EDGE('',*,*,#4532,.F.);
#6182=ORIENTED_EDGE('',*,*,#4534,.F.);
#6183=ORIENTED_EDGE('',*,*,#4536,.F.);
#6184=ORIENTED_EDGE('',*,*,#4538,.F.);
#6185=ORIENTED_EDGE('',*,*,#4014,.T.);
#6186=ORIENTED_EDGE('',*,*,#4274,.F.);
#6187=ORIENTED_EDGE('',*,*,#4540,.T.);
#6188=ORIENTED_EDGE('',*,*,#4541,.T.);
#6189=ORIENTED_EDGE('',*,*,#4542,.F.);
#6190=ORIENTED_EDGE('',*,*,#4273,.F.);
#6191=ORIENTED_EDGE('',*,*,#4543,.T.);
#6192=ORIENTED_EDGE('',*,*,#4544,.T.);
#6193=ORIENTED_EDGE('',*,*,#4540,.F.);
#6194=ORIENTED_EDGE('',*,*,#4272,.F.);
#6195=ORIENTED_EDGE('',*,*,#4545,.T.);
#6196=ORIENTED_EDGE('',*,*,#4546,.T.);
#6197=ORIENTED_EDGE('',*,*,#4543,.F.);
#6198=ORIENTED_EDGE('',*,*,#4271,.F.);
#6199=ORIENTED_EDGE('',*,*,#4547,.T.);
#6200=ORIENTED_EDGE('',*,*,#4548,.T.);
#6201=ORIENTED_EDGE('',*,*,#4545,.F.);
#6202=ORIENTED_EDGE('',*,*,#4270,.F.);
#6203=ORIENTED_EDGE('',*,*,#4549,.T.);
#6204=ORIENTED_EDGE('',*,*,#4550,.T.);
#6205=ORIENTED_EDGE('',*,*,#4547,.F.);
#6206=ORIENTED_EDGE('',*,*,#4269,.F.);
#6207=ORIENTED_EDGE('',*,*,#4551,.T.);
#6208=ORIENTED_EDGE('',*,*,#4552,.T.);
#6209=ORIENTED_EDGE('',*,*,#4549,.F.);
#6210=ORIENTED_EDGE('',*,*,#4115,.T.);
#6211=ORIENTED_EDGE('',*,*,#4276,.F.);
#6212=ORIENTED_EDGE('',*,*,#4553,.T.);
#6213=ORIENTED_EDGE('',*,*,#4554,.T.);
#6214=ORIENTED_EDGE('',*,*,#4551,.F.);
#6215=ORIENTED_EDGE('',*,*,#4268,.F.);
#6216=ORIENTED_EDGE('',*,*,#4117,.T.);
#6217=ORIENTED_EDGE('',*,*,#4119,.T.);
#6218=ORIENTED_EDGE('',*,*,#4275,.F.);
#6219=ORIENTED_EDGE('',*,*,#4542,.T.);
#6220=ORIENTED_EDGE('',*,*,#4555,.T.);
#6221=ORIENTED_EDGE('',*,*,#4553,.F.);
#6222=ORIENTED_EDGE('',*,*,#4555,.F.);
#6223=ORIENTED_EDGE('',*,*,#4541,.F.);
#6224=ORIENTED_EDGE('',*,*,#4544,.F.);
#6225=ORIENTED_EDGE('',*,*,#4546,.F.);
#6226=ORIENTED_EDGE('',*,*,#4548,.F.);
#6227=ORIENTED_EDGE('',*,*,#4550,.F.);
#6228=ORIENTED_EDGE('',*,*,#4552,.F.);
#6229=ORIENTED_EDGE('',*,*,#4554,.F.);
#6230=ORIENTED_EDGE('',*,*,#4011,.T.);
#6231=ORIENTED_EDGE('',*,*,#4281,.F.);
#6232=ORIENTED_EDGE('',*,*,#4556,.T.);
#6233=ORIENTED_EDGE('',*,*,#4557,.T.);
#6234=ORIENTED_EDGE('',*,*,#4558,.F.);
#6235=ORIENTED_EDGE('',*,*,#4280,.F.);
#6236=ORIENTED_EDGE('',*,*,#4559,.T.);
#6237=ORIENTED_EDGE('',*,*,#4560,.T.);
#6238=ORIENTED_EDGE('',*,*,#4556,.F.);
#6239=ORIENTED_EDGE('',*,*,#4279,.F.);
#6240=ORIENTED_EDGE('',*,*,#4561,.T.);
#6241=ORIENTED_EDGE('',*,*,#4562,.T.);
#6242=ORIENTED_EDGE('',*,*,#4559,.F.);
#6243=ORIENTED_EDGE('',*,*,#4278,.F.);
#6244=ORIENTED_EDGE('',*,*,#4563,.T.);
#6245=ORIENTED_EDGE('',*,*,#4564,.T.);
#6246=ORIENTED_EDGE('',*,*,#4561,.F.);
#6247=ORIENTED_EDGE('',*,*,#4120,.T.);
#6248=ORIENTED_EDGE('',*,*,#4285,.F.);
#6249=ORIENTED_EDGE('',*,*,#4565,.T.);
#6250=ORIENTED_EDGE('',*,*,#4566,.T.);
#6251=ORIENTED_EDGE('',*,*,#4563,.F.);
#6252=ORIENTED_EDGE('',*,*,#4277,.F.);
#6253=ORIENTED_EDGE('',*,*,#4122,.T.);
#6254=ORIENTED_EDGE('',*,*,#4124,.T.);
#6255=ORIENTED_EDGE('',*,*,#4284,.F.);
#6256=ORIENTED_EDGE('',*,*,#4567,.T.);
#6257=ORIENTED_EDGE('',*,*,#4568,.T.);
#6258=ORIENTED_EDGE('',*,*,#4565,.F.);
#6259=ORIENTED_EDGE('',*,*,#4283,.F.);
#6260=ORIENTED_EDGE('',*,*,#4569,.T.);
#6261=ORIENTED_EDGE('',*,*,#4570,.T.);
#6262=ORIENTED_EDGE('',*,*,#4567,.F.);
#6263=ORIENTED_EDGE('',*,*,#4282,.F.);
#6264=ORIENTED_EDGE('',*,*,#4558,.T.);
#6265=ORIENTED_EDGE('',*,*,#4571,.T.);
#6266=ORIENTED_EDGE('',*,*,#4569,.F.);
#6267=ORIENTED_EDGE('',*,*,#4571,.F.);
#6268=ORIENTED_EDGE('',*,*,#4557,.F.);
#6269=ORIENTED_EDGE('',*,*,#4560,.F.);
#6270=ORIENTED_EDGE('',*,*,#4562,.F.);
#6271=ORIENTED_EDGE('',*,*,#4564,.F.);
#6272=ORIENTED_EDGE('',*,*,#4566,.F.);
#6273=ORIENTED_EDGE('',*,*,#4568,.F.);
#6274=ORIENTED_EDGE('',*,*,#4570,.F.);
#6275=ORIENTED_EDGE('',*,*,#4008,.T.);
#6276=ORIENTED_EDGE('',*,*,#4288,.F.);
#6277=ORIENTED_EDGE('',*,*,#4572,.T.);
#6278=ORIENTED_EDGE('',*,*,#4573,.T.);
#6279=ORIENTED_EDGE('',*,*,#4574,.F.);
#6280=ORIENTED_EDGE('',*,*,#4287,.F.);
#6281=ORIENTED_EDGE('',*,*,#4575,.T.);
#6282=ORIENTED_EDGE('',*,*,#4576,.T.);
#6283=ORIENTED_EDGE('',*,*,#4572,.F.);
#6284=ORIENTED_EDGE('',*,*,#4125,.T.);
#6285=ORIENTED_EDGE('',*,*,#4294,.F.);
#6286=ORIENTED_EDGE('',*,*,#4577,.T.);
#6287=ORIENTED_EDGE('',*,*,#4578,.T.);
#6288=ORIENTED_EDGE('',*,*,#4575,.F.);
#6289=ORIENTED_EDGE('',*,*,#4286,.F.);
#6290=ORIENTED_EDGE('',*,*,#4127,.T.);
#6291=ORIENTED_EDGE('',*,*,#4129,.T.);
#6292=ORIENTED_EDGE('',*,*,#4293,.F.);
#6293=ORIENTED_EDGE('',*,*,#4579,.T.);
#6294=ORIENTED_EDGE('',*,*,#4580,.T.);
#6295=ORIENTED_EDGE('',*,*,#4577,.F.);
#6296=ORIENTED_EDGE('',*,*,#4292,.F.);
#6297=ORIENTED_EDGE('',*,*,#4581,.T.);
#6298=ORIENTED_EDGE('',*,*,#4582,.T.);
#6299=ORIENTED_EDGE('',*,*,#4579,.F.);
#6300=ORIENTED_EDGE('',*,*,#4291,.F.);
#6301=ORIENTED_EDGE('',*,*,#4583,.T.);
#6302=ORIENTED_EDGE('',*,*,#4584,.T.);
#6303=ORIENTED_EDGE('',*,*,#4581,.F.);
#6304=ORIENTED_EDGE('',*,*,#4290,.F.);
#6305=ORIENTED_EDGE('',*,*,#4585,.T.);
#6306=ORIENTED_EDGE('',*,*,#4586,.T.);
#6307=ORIENTED_EDGE('',*,*,#4583,.F.);
#6308=ORIENTED_EDGE('',*,*,#4289,.F.);
#6309=ORIENTED_EDGE('',*,*,#4574,.T.);
#6310=ORIENTED_EDGE('',*,*,#4587,.T.);
#6311=ORIENTED_EDGE('',*,*,#4585,.F.);
#6312=ORIENTED_EDGE('',*,*,#4587,.F.);
#6313=ORIENTED_EDGE('',*,*,#4573,.F.);
#6314=ORIENTED_EDGE('',*,*,#4576,.F.);
#6315=ORIENTED_EDGE('',*,*,#4578,.F.);
#6316=ORIENTED_EDGE('',*,*,#4580,.F.);
#6317=ORIENTED_EDGE('',*,*,#4582,.F.);
#6318=ORIENTED_EDGE('',*,*,#4584,.F.);
#6319=ORIENTED_EDGE('',*,*,#4586,.F.);
#6320=ORIENTED_EDGE('',*,*,#3996,.T.);
#6321=ORIENTED_EDGE('',*,*,#4299,.F.);
#6322=ORIENTED_EDGE('',*,*,#4588,.T.);
#6323=ORIENTED_EDGE('',*,*,#4589,.T.);
#6324=ORIENTED_EDGE('',*,*,#4590,.F.);
#6325=ORIENTED_EDGE('',*,*,#4298,.F.);
#6326=ORIENTED_EDGE('',*,*,#4591,.T.);
#6327=ORIENTED_EDGE('',*,*,#4592,.T.);
#6328=ORIENTED_EDGE('',*,*,#4588,.F.);
#6329=ORIENTED_EDGE('',*,*,#4297,.F.);
#6330=ORIENTED_EDGE('',*,*,#4593,.T.);
#6331=ORIENTED_EDGE('',*,*,#4594,.T.);
#6332=ORIENTED_EDGE('',*,*,#4591,.F.);
#6333=ORIENTED_EDGE('',*,*,#4296,.F.);
#6334=ORIENTED_EDGE('',*,*,#4595,.T.);
#6335=ORIENTED_EDGE('',*,*,#4596,.T.);
#6336=ORIENTED_EDGE('',*,*,#4593,.F.);
#6337=ORIENTED_EDGE('',*,*,#4130,.T.);
#6338=ORIENTED_EDGE('',*,*,#4303,.F.);
#6339=ORIENTED_EDGE('',*,*,#4597,.T.);
#6340=ORIENTED_EDGE('',*,*,#4598,.T.);
#6341=ORIENTED_EDGE('',*,*,#4595,.F.);
#6342=ORIENTED_EDGE('',*,*,#4295,.F.);
#6343=ORIENTED_EDGE('',*,*,#4132,.T.);
#6344=ORIENTED_EDGE('',*,*,#4134,.T.);
#6345=ORIENTED_EDGE('',*,*,#4302,.F.);
#6346=ORIENTED_EDGE('',*,*,#4599,.T.);
#6347=ORIENTED_EDGE('',*,*,#4600,.T.);
#6348=ORIENTED_EDGE('',*,*,#4597,.F.);
#6349=ORIENTED_EDGE('',*,*,#4301,.F.);
#6350=ORIENTED_EDGE('',*,*,#4601,.T.);
#6351=ORIENTED_EDGE('',*,*,#4602,.T.);
#6352=ORIENTED_EDGE('',*,*,#4599,.F.);
#6353=ORIENTED_EDGE('',*,*,#4300,.F.);
#6354=ORIENTED_EDGE('',*,*,#4590,.T.);
#6355=ORIENTED_EDGE('',*,*,#4603,.T.);
#6356=ORIENTED_EDGE('',*,*,#4601,.F.);
#6357=ORIENTED_EDGE('',*,*,#4603,.F.);
#6358=ORIENTED_EDGE('',*,*,#4589,.F.);
#6359=ORIENTED_EDGE('',*,*,#4592,.F.);
#6360=ORIENTED_EDGE('',*,*,#4594,.F.);
#6361=ORIENTED_EDGE('',*,*,#4596,.F.);
#6362=ORIENTED_EDGE('',*,*,#4598,.F.);
#6363=ORIENTED_EDGE('',*,*,#4600,.F.);
#6364=ORIENTED_EDGE('',*,*,#4602,.F.);
#6365=ORIENTED_EDGE('',*,*,#3993,.T.);
#6366=ORIENTED_EDGE('',*,*,#4305,.F.);
#6367=ORIENTED_EDGE('',*,*,#4604,.T.);
#6368=ORIENTED_EDGE('',*,*,#4605,.T.);
#6369=ORIENTED_EDGE('',*,*,#4606,.F.);
#6370=ORIENTED_EDGE('',*,*,#4135,.T.);
#6371=ORIENTED_EDGE('',*,*,#4312,.F.);
#6372=ORIENTED_EDGE('',*,*,#4607,.T.);
#6373=ORIENTED_EDGE('',*,*,#4608,.T.);
#6374=ORIENTED_EDGE('',*,*,#4604,.F.);
#6375=ORIENTED_EDGE('',*,*,#4304,.F.);
#6376=ORIENTED_EDGE('',*,*,#4137,.T.);
#6377=ORIENTED_EDGE('',*,*,#4139,.T.);
#6378=ORIENTED_EDGE('',*,*,#4311,.F.);
#6379=ORIENTED_EDGE('',*,*,#4609,.T.);
#6380=ORIENTED_EDGE('',*,*,#4610,.T.);
#6381=ORIENTED_EDGE('',*,*,#4607,.F.);
#6382=ORIENTED_EDGE('',*,*,#4310,.F.);
#6383=ORIENTED_EDGE('',*,*,#4611,.T.);
#6384=ORIENTED_EDGE('',*,*,#4612,.T.);
#6385=ORIENTED_EDGE('',*,*,#4609,.F.);
#6386=ORIENTED_EDGE('',*,*,#4309,.F.);
#6387=ORIENTED_EDGE('',*,*,#4613,.T.);
#6388=ORIENTED_EDGE('',*,*,#4614,.T.);
#6389=ORIENTED_EDGE('',*,*,#4611,.F.);
#6390=ORIENTED_EDGE('',*,*,#4308,.F.);
#6391=ORIENTED_EDGE('',*,*,#4615,.T.);
#6392=ORIENTED_EDGE('',*,*,#4616,.T.);
#6393=ORIENTED_EDGE('',*,*,#4613,.F.);
#6394=ORIENTED_EDGE('',*,*,#4307,.F.);
#6395=ORIENTED_EDGE('',*,*,#4617,.T.);
#6396=ORIENTED_EDGE('',*,*,#4618,.T.);
#6397=ORIENTED_EDGE('',*,*,#4615,.F.);
#6398=ORIENTED_EDGE('',*,*,#4306,.F.);
#6399=ORIENTED_EDGE('',*,*,#4606,.T.);
#6400=ORIENTED_EDGE('',*,*,#4619,.T.);
#6401=ORIENTED_EDGE('',*,*,#4617,.F.);
#6402=ORIENTED_EDGE('',*,*,#4619,.F.);
#6403=ORIENTED_EDGE('',*,*,#4605,.F.);
#6404=ORIENTED_EDGE('',*,*,#4608,.F.);
#6405=ORIENTED_EDGE('',*,*,#4610,.F.);
#6406=ORIENTED_EDGE('',*,*,#4612,.F.);
#6407=ORIENTED_EDGE('',*,*,#4614,.F.);
#6408=ORIENTED_EDGE('',*,*,#4616,.F.);
#6409=ORIENTED_EDGE('',*,*,#4618,.F.);
#6410=ORIENTED_EDGE('',*,*,#3990,.T.);
#6411=ORIENTED_EDGE('',*,*,#4315,.F.);
#6412=ORIENTED_EDGE('',*,*,#4620,.T.);
#6413=ORIENTED_EDGE('',*,*,#4621,.T.);
#6414=ORIENTED_EDGE('',*,*,#4622,.F.);
#6415=ORIENTED_EDGE('',*,*,#4314,.F.);
#6416=ORIENTED_EDGE('',*,*,#4623,.T.);
#6417=ORIENTED_EDGE('',*,*,#4624,.T.);
#6418=ORIENTED_EDGE('',*,*,#4620,.F.);
#6419=ORIENTED_EDGE('',*,*,#4140,.T.);
#6420=ORIENTED_EDGE('',*,*,#4321,.F.);
#6421=ORIENTED_EDGE('',*,*,#4625,.T.);
#6422=ORIENTED_EDGE('',*,*,#4626,.T.);
#6423=ORIENTED_EDGE('',*,*,#4623,.F.);
#6424=ORIENTED_EDGE('',*,*,#4313,.F.);
#6425=ORIENTED_EDGE('',*,*,#4142,.T.);
#6426=ORIENTED_EDGE('',*,*,#4144,.T.);
#6427=ORIENTED_EDGE('',*,*,#4320,.F.);
#6428=ORIENTED_EDGE('',*,*,#4627,.T.);
#6429=ORIENTED_EDGE('',*,*,#4628,.T.);
#6430=ORIENTED_EDGE('',*,*,#4625,.F.);
#6431=ORIENTED_EDGE('',*,*,#4319,.F.);
#6432=ORIENTED_EDGE('',*,*,#4629,.T.);
#6433=ORIENTED_EDGE('',*,*,#4630,.T.);
#6434=ORIENTED_EDGE('',*,*,#4627,.F.);
#6435=ORIENTED_EDGE('',*,*,#4318,.F.);
#6436=ORIENTED_EDGE('',*,*,#4631,.T.);
#6437=ORIENTED_EDGE('',*,*,#4632,.T.);
#6438=ORIENTED_EDGE('',*,*,#4629,.F.);
#6439=ORIENTED_EDGE('',*,*,#4317,.F.);
#6440=ORIENTED_EDGE('',*,*,#4633,.T.);
#6441=ORIENTED_EDGE('',*,*,#4634,.T.);
#6442=ORIENTED_EDGE('',*,*,#4631,.F.);
#6443=ORIENTED_EDGE('',*,*,#4316,.F.);
#6444=ORIENTED_EDGE('',*,*,#4622,.T.);
#6445=ORIENTED_EDGE('',*,*,#4635,.T.);
#6446=ORIENTED_EDGE('',*,*,#4633,.F.);
#6447=ORIENTED_EDGE('',*,*,#4635,.F.);
#6448=ORIENTED_EDGE('',*,*,#4621,.F.);
#6449=ORIENTED_EDGE('',*,*,#4624,.F.);
#6450=ORIENTED_EDGE('',*,*,#4626,.F.);
#6451=ORIENTED_EDGE('',*,*,#4628,.F.);
#6452=ORIENTED_EDGE('',*,*,#4630,.F.);
#6453=ORIENTED_EDGE('',*,*,#4632,.F.);
#6454=ORIENTED_EDGE('',*,*,#4634,.F.);
#6455=ORIENTED_EDGE('',*,*,#4002,.T.);
#6456=ORIENTED_EDGE('',*,*,#4145,.T.);
#6457=ORIENTED_EDGE('',*,*,#4330,.F.);
#6458=ORIENTED_EDGE('',*,*,#4636,.T.);
#6459=ORIENTED_EDGE('',*,*,#4637,.T.);
#6460=ORIENTED_EDGE('',*,*,#4638,.F.);
#6461=ORIENTED_EDGE('',*,*,#4322,.F.);
#6462=ORIENTED_EDGE('',*,*,#4147,.T.);
#6463=ORIENTED_EDGE('',*,*,#4149,.T.);
#6464=ORIENTED_EDGE('',*,*,#4329,.F.);
#6465=ORIENTED_EDGE('',*,*,#4639,.T.);
#6466=ORIENTED_EDGE('',*,*,#4640,.T.);
#6467=ORIENTED_EDGE('',*,*,#4636,.F.);
#6468=ORIENTED_EDGE('',*,*,#4328,.F.);
#6469=ORIENTED_EDGE('',*,*,#4641,.T.);
#6470=ORIENTED_EDGE('',*,*,#4642,.T.);
#6471=ORIENTED_EDGE('',*,*,#4639,.F.);
#6472=ORIENTED_EDGE('',*,*,#4327,.F.);
#6473=ORIENTED_EDGE('',*,*,#4643,.T.);
#6474=ORIENTED_EDGE('',*,*,#4644,.T.);
#6475=ORIENTED_EDGE('',*,*,#4641,.F.);
#6476=ORIENTED_EDGE('',*,*,#4326,.F.);
#6477=ORIENTED_EDGE('',*,*,#4645,.T.);
#6478=ORIENTED_EDGE('',*,*,#4646,.T.);
#6479=ORIENTED_EDGE('',*,*,#4643,.F.);
#6480=ORIENTED_EDGE('',*,*,#4325,.F.);
#6481=ORIENTED_EDGE('',*,*,#4647,.T.);
#6482=ORIENTED_EDGE('',*,*,#4648,.T.);
#6483=ORIENTED_EDGE('',*,*,#4645,.F.);
#6484=ORIENTED_EDGE('',*,*,#4324,.F.);
#6485=ORIENTED_EDGE('',*,*,#4649,.T.);
#6486=ORIENTED_EDGE('',*,*,#4650,.T.);
#6487=ORIENTED_EDGE('',*,*,#4647,.F.);
#6488=ORIENTED_EDGE('',*,*,#4323,.F.);
#6489=ORIENTED_EDGE('',*,*,#4638,.T.);
#6490=ORIENTED_EDGE('',*,*,#4651,.T.);
#6491=ORIENTED_EDGE('',*,*,#4649,.F.);
#6492=ORIENTED_EDGE('',*,*,#4651,.F.);
#6493=ORIENTED_EDGE('',*,*,#4637,.F.);
#6494=ORIENTED_EDGE('',*,*,#4640,.F.);
#6495=ORIENTED_EDGE('',*,*,#4642,.F.);
#6496=ORIENTED_EDGE('',*,*,#4644,.F.);
#6497=ORIENTED_EDGE('',*,*,#4646,.F.);
#6498=ORIENTED_EDGE('',*,*,#4648,.F.);
#6499=ORIENTED_EDGE('',*,*,#4650,.F.);
#6500=ORIENTED_EDGE('',*,*,#3999,.T.);
#6501=ORIENTED_EDGE('',*,*,#4150,.F.);
#6502=ORIENTED_EDGE('',*,*,#4652,.T.);
#6503=ORIENTED_EDGE('',*,*,#4653,.F.);
#6504=ORIENTED_EDGE('',*,*,#4652,.F.);
#6505=ORIENTED_EDGE('',*,*,#4331,.F.);
#6506=ORIENTED_EDGE('',*,*,#4654,.T.);
#6507=ORIENTED_EDGE('',*,*,#4655,.T.);
#6508=ORIENTED_EDGE('',*,*,#4654,.F.);
#6509=ORIENTED_EDGE('',*,*,#4656,.F.);
#6510=ORIENTED_EDGE('',*,*,#4657,.T.);
#6511=ORIENTED_EDGE('',*,*,#4658,.T.);
#6512=ORIENTED_EDGE('',*,*,#4657,.F.);
#6513=ORIENTED_EDGE('',*,*,#4656,.T.);
#6514=ORIENTED_EDGE('',*,*,#3602,.T.);
#6515=ORIENTED_EDGE('',*,*,#3641,.T.);
#6516=ORIENTED_EDGE('',*,*,#3638,.T.);
#6517=ORIENTED_EDGE('',*,*,#3635,.T.);
#6518=ORIENTED_EDGE('',*,*,#3632,.T.);
#6519=ORIENTED_EDGE('',*,*,#3629,.T.);
#6520=ORIENTED_EDGE('',*,*,#3626,.T.);
#6521=ORIENTED_EDGE('',*,*,#3623,.T.);
#6522=ORIENTED_EDGE('',*,*,#3620,.T.);
#6523=ORIENTED_EDGE('',*,*,#3617,.T.);
#6524=ORIENTED_EDGE('',*,*,#3614,.T.);
#6525=ORIENTED_EDGE('',*,*,#3611,.T.);
#6526=ORIENTED_EDGE('',*,*,#3608,.T.);
#6527=ORIENTED_EDGE('',*,*,#3605,.T.);
#6528=ORIENTED_EDGE('',*,*,#3644,.T.);
#6529=ORIENTED_EDGE('',*,*,#3683,.T.);
#6530=ORIENTED_EDGE('',*,*,#3680,.T.);
#6531=ORIENTED_EDGE('',*,*,#3677,.T.);
#6532=ORIENTED_EDGE('',*,*,#3674,.T.);
#6533=ORIENTED_EDGE('',*,*,#3671,.T.);
#6534=ORIENTED_EDGE('',*,*,#3668,.T.);
#6535=ORIENTED_EDGE('',*,*,#3665,.T.);
#6536=ORIENTED_EDGE('',*,*,#3662,.T.);
#6537=ORIENTED_EDGE('',*,*,#3659,.T.);
#6538=ORIENTED_EDGE('',*,*,#3656,.T.);
#6539=ORIENTED_EDGE('',*,*,#3653,.T.);
#6540=ORIENTED_EDGE('',*,*,#3650,.T.);
#6541=ORIENTED_EDGE('',*,*,#3647,.T.);
#6542=ORIENTED_EDGE('',*,*,#3686,.T.);
#6543=ORIENTED_EDGE('',*,*,#3725,.T.);
#6544=ORIENTED_EDGE('',*,*,#3722,.T.);
#6545=ORIENTED_EDGE('',*,*,#3719,.T.);
#6546=ORIENTED_EDGE('',*,*,#3716,.T.);
#6547=ORIENTED_EDGE('',*,*,#3713,.T.);
#6548=ORIENTED_EDGE('',*,*,#3710,.T.);
#6549=ORIENTED_EDGE('',*,*,#3707,.T.);
#6550=ORIENTED_EDGE('',*,*,#3704,.T.);
#6551=ORIENTED_EDGE('',*,*,#3701,.T.);
#6552=ORIENTED_EDGE('',*,*,#3698,.T.);
#6553=ORIENTED_EDGE('',*,*,#3695,.T.);
#6554=ORIENTED_EDGE('',*,*,#3692,.T.);
#6555=ORIENTED_EDGE('',*,*,#3689,.T.);
#6556=ORIENTED_EDGE('',*,*,#3728,.T.);
#6557=ORIENTED_EDGE('',*,*,#3767,.T.);
#6558=ORIENTED_EDGE('',*,*,#3764,.T.);
#6559=ORIENTED_EDGE('',*,*,#3761,.T.);
#6560=ORIENTED_EDGE('',*,*,#3758,.T.);
#6561=ORIENTED_EDGE('',*,*,#3755,.T.);
#6562=ORIENTED_EDGE('',*,*,#3752,.T.);
#6563=ORIENTED_EDGE('',*,*,#3749,.T.);
#6564=ORIENTED_EDGE('',*,*,#3746,.T.);
#6565=ORIENTED_EDGE('',*,*,#3743,.T.);
#6566=ORIENTED_EDGE('',*,*,#3740,.T.);
#6567=ORIENTED_EDGE('',*,*,#3737,.T.);
#6568=ORIENTED_EDGE('',*,*,#3734,.T.);
#6569=ORIENTED_EDGE('',*,*,#3731,.T.);
#6570=ORIENTED_EDGE('',*,*,#3770,.T.);
#6571=ORIENTED_EDGE('',*,*,#3809,.T.);
#6572=ORIENTED_EDGE('',*,*,#3806,.T.);
#6573=ORIENTED_EDGE('',*,*,#3803,.T.);
#6574=ORIENTED_EDGE('',*,*,#3800,.T.);
#6575=ORIENTED_EDGE('',*,*,#3797,.T.);
#6576=ORIENTED_EDGE('',*,*,#3794,.T.);
#6577=ORIENTED_EDGE('',*,*,#3791,.T.);
#6578=ORIENTED_EDGE('',*,*,#3788,.T.);
#6579=ORIENTED_EDGE('',*,*,#3785,.T.);
#6580=ORIENTED_EDGE('',*,*,#3782,.T.);
#6581=ORIENTED_EDGE('',*,*,#3779,.T.);
#6582=ORIENTED_EDGE('',*,*,#3776,.T.);
#6583=ORIENTED_EDGE('',*,*,#3773,.T.);
#6584=ORIENTED_EDGE('',*,*,#3812,.T.);
#6585=ORIENTED_EDGE('',*,*,#3851,.T.);
#6586=ORIENTED_EDGE('',*,*,#3848,.T.);
#6587=ORIENTED_EDGE('',*,*,#3845,.T.);
#6588=ORIENTED_EDGE('',*,*,#3842,.T.);
#6589=ORIENTED_EDGE('',*,*,#3839,.T.);
#6590=ORIENTED_EDGE('',*,*,#3836,.T.);
#6591=ORIENTED_EDGE('',*,*,#3833,.T.);
#6592=ORIENTED_EDGE('',*,*,#3830,.T.);
#6593=ORIENTED_EDGE('',*,*,#3827,.T.);
#6594=ORIENTED_EDGE('',*,*,#3824,.T.);
#6595=ORIENTED_EDGE('',*,*,#3821,.T.);
#6596=ORIENTED_EDGE('',*,*,#3818,.T.);
#6597=ORIENTED_EDGE('',*,*,#3815,.T.);
#6598=ORIENTED_EDGE('',*,*,#3854,.T.);
#6599=ORIENTED_EDGE('',*,*,#3893,.T.);
#6600=ORIENTED_EDGE('',*,*,#3890,.T.);
#6601=ORIENTED_EDGE('',*,*,#3887,.T.);
#6602=ORIENTED_EDGE('',*,*,#3884,.T.);
#6603=ORIENTED_EDGE('',*,*,#3881,.T.);
#6604=ORIENTED_EDGE('',*,*,#3878,.T.);
#6605=ORIENTED_EDGE('',*,*,#3875,.T.);
#6606=ORIENTED_EDGE('',*,*,#3872,.T.);
#6607=ORIENTED_EDGE('',*,*,#3869,.T.);
#6608=ORIENTED_EDGE('',*,*,#3866,.T.);
#6609=ORIENTED_EDGE('',*,*,#3863,.T.);
#6610=ORIENTED_EDGE('',*,*,#3860,.T.);
#6611=ORIENTED_EDGE('',*,*,#3857,.T.);
#6612=ORIENTED_EDGE('',*,*,#3917,.T.);
#6613=ORIENTED_EDGE('',*,*,#3914,.T.);
#6614=ORIENTED_EDGE('',*,*,#3911,.T.);
#6615=ORIENTED_EDGE('',*,*,#3908,.T.);
#6616=ORIENTED_EDGE('',*,*,#3905,.T.);
#6617=ORIENTED_EDGE('',*,*,#3902,.T.);
#6618=ORIENTED_EDGE('',*,*,#3899,.T.);
#6619=ORIENTED_EDGE('',*,*,#3896,.T.);
#6620=ORIENTED_EDGE('',*,*,#3935,.T.);
#6621=ORIENTED_EDGE('',*,*,#3932,.T.);
#6622=ORIENTED_EDGE('',*,*,#3929,.T.);
#6623=ORIENTED_EDGE('',*,*,#3926,.T.);
#6624=ORIENTED_EDGE('',*,*,#3923,.T.);
#6625=ORIENTED_EDGE('',*,*,#3920,.T.);
#6626=ORIENTED_EDGE('',*,*,#3966,.T.);
#6627=ORIENTED_EDGE('',*,*,#3969,.T.);
#6628=ORIENTED_EDGE('',*,*,#3972,.T.);
#6629=ORIENTED_EDGE('',*,*,#3975,.T.);
#6630=ORIENTED_EDGE('',*,*,#3978,.T.);
#6631=ORIENTED_EDGE('',*,*,#3981,.T.);
#6632=ORIENTED_EDGE('',*,*,#3984,.T.);
#6633=ORIENTED_EDGE('',*,*,#3987,.T.);
#6634=ORIENTED_EDGE('',*,*,#4653,.T.);
#6635=ORIENTED_EDGE('',*,*,#4658,.F.);
#6636=ORIENTED_EDGE('',*,*,#3600,.T.);
#6637=ORIENTED_EDGE('',*,*,#3604,.T.);
#6638=ORIENTED_EDGE('',*,*,#3607,.T.);
#6639=ORIENTED_EDGE('',*,*,#3610,.T.);
#6640=ORIENTED_EDGE('',*,*,#3613,.T.);
#6641=ORIENTED_EDGE('',*,*,#3616,.T.);
#6642=ORIENTED_EDGE('',*,*,#3619,.T.);
#6643=ORIENTED_EDGE('',*,*,#3622,.T.);
#6644=ORIENTED_EDGE('',*,*,#3625,.T.);
#6645=ORIENTED_EDGE('',*,*,#3628,.T.);
#6646=ORIENTED_EDGE('',*,*,#3631,.T.);
#6647=ORIENTED_EDGE('',*,*,#3634,.T.);
#6648=ORIENTED_EDGE('',*,*,#3637,.T.);
#6649=ORIENTED_EDGE('',*,*,#3640,.T.);
#6650=ORIENTED_EDGE('',*,*,#3642,.T.);
#6651=ORIENTED_EDGE('',*,*,#3646,.T.);
#6652=ORIENTED_EDGE('',*,*,#3649,.T.);
#6653=ORIENTED_EDGE('',*,*,#3652,.T.);
#6654=ORIENTED_EDGE('',*,*,#3655,.T.);
#6655=ORIENTED_EDGE('',*,*,#3658,.T.);
#6656=ORIENTED_EDGE('',*,*,#3661,.T.);
#6657=ORIENTED_EDGE('',*,*,#3664,.T.);
#6658=ORIENTED_EDGE('',*,*,#3667,.T.);
#6659=ORIENTED_EDGE('',*,*,#3670,.T.);
#6660=ORIENTED_EDGE('',*,*,#3673,.T.);
#6661=ORIENTED_EDGE('',*,*,#3676,.T.);
#6662=ORIENTED_EDGE('',*,*,#3679,.T.);
#6663=ORIENTED_EDGE('',*,*,#3682,.T.);
#6664=ORIENTED_EDGE('',*,*,#3684,.T.);
#6665=ORIENTED_EDGE('',*,*,#3688,.T.);
#6666=ORIENTED_EDGE('',*,*,#3691,.T.);
#6667=ORIENTED_EDGE('',*,*,#3694,.T.);
#6668=ORIENTED_EDGE('',*,*,#3697,.T.);
#6669=ORIENTED_EDGE('',*,*,#3700,.T.);
#6670=ORIENTED_EDGE('',*,*,#3703,.T.);
#6671=ORIENTED_EDGE('',*,*,#3706,.T.);
#6672=ORIENTED_EDGE('',*,*,#3709,.T.);
#6673=ORIENTED_EDGE('',*,*,#3712,.T.);
#6674=ORIENTED_EDGE('',*,*,#3715,.T.);
#6675=ORIENTED_EDGE('',*,*,#3718,.T.);
#6676=ORIENTED_EDGE('',*,*,#3721,.T.);
#6677=ORIENTED_EDGE('',*,*,#3724,.T.);
#6678=ORIENTED_EDGE('',*,*,#3726,.T.);
#6679=ORIENTED_EDGE('',*,*,#3730,.T.);
#6680=ORIENTED_EDGE('',*,*,#3733,.T.);
#6681=ORIENTED_EDGE('',*,*,#3736,.T.);
#6682=ORIENTED_EDGE('',*,*,#3739,.T.);
#6683=ORIENTED_EDGE('',*,*,#3742,.T.);
#6684=ORIENTED_EDGE('',*,*,#3745,.T.);
#6685=ORIENTED_EDGE('',*,*,#3748,.T.);
#6686=ORIENTED_EDGE('',*,*,#3751,.T.);
#6687=ORIENTED_EDGE('',*,*,#3754,.T.);
#6688=ORIENTED_EDGE('',*,*,#3757,.T.);
#6689=ORIENTED_EDGE('',*,*,#3760,.T.);
#6690=ORIENTED_EDGE('',*,*,#3763,.T.);
#6691=ORIENTED_EDGE('',*,*,#3766,.T.);
#6692=ORIENTED_EDGE('',*,*,#3768,.T.);
#6693=ORIENTED_EDGE('',*,*,#3772,.T.);
#6694=ORIENTED_EDGE('',*,*,#3775,.T.);
#6695=ORIENTED_EDGE('',*,*,#3778,.T.);
#6696=ORIENTED_EDGE('',*,*,#3781,.T.);
#6697=ORIENTED_EDGE('',*,*,#3784,.T.);
#6698=ORIENTED_EDGE('',*,*,#3787,.T.);
#6699=ORIENTED_EDGE('',*,*,#3790,.T.);
#6700=ORIENTED_EDGE('',*,*,#3793,.T.);
#6701=ORIENTED_EDGE('',*,*,#3796,.T.);
#6702=ORIENTED_EDGE('',*,*,#3799,.T.);
#6703=ORIENTED_EDGE('',*,*,#3802,.T.);
#6704=ORIENTED_EDGE('',*,*,#3805,.T.);
#6705=ORIENTED_EDGE('',*,*,#3808,.T.);
#6706=ORIENTED_EDGE('',*,*,#3810,.T.);
#6707=ORIENTED_EDGE('',*,*,#3814,.T.);
#6708=ORIENTED_EDGE('',*,*,#3817,.T.);
#6709=ORIENTED_EDGE('',*,*,#3820,.T.);
#6710=ORIENTED_EDGE('',*,*,#3823,.T.);
#6711=ORIENTED_EDGE('',*,*,#3826,.T.);
#6712=ORIENTED_EDGE('',*,*,#3829,.T.);
#6713=ORIENTED_EDGE('',*,*,#3832,.T.);
#6714=ORIENTED_EDGE('',*,*,#3835,.T.);
#6715=ORIENTED_EDGE('',*,*,#3838,.T.);
#6716=ORIENTED_EDGE('',*,*,#3841,.T.);
#6717=ORIENTED_EDGE('',*,*,#3844,.T.);
#6718=ORIENTED_EDGE('',*,*,#3847,.T.);
#6719=ORIENTED_EDGE('',*,*,#3850,.T.);
#6720=ORIENTED_EDGE('',*,*,#3852,.T.);
#6721=ORIENTED_EDGE('',*,*,#3856,.T.);
#6722=ORIENTED_EDGE('',*,*,#3859,.T.);
#6723=ORIENTED_EDGE('',*,*,#3862,.T.);
#6724=ORIENTED_EDGE('',*,*,#3865,.T.);
#6725=ORIENTED_EDGE('',*,*,#3868,.T.);
#6726=ORIENTED_EDGE('',*,*,#3871,.T.);
#6727=ORIENTED_EDGE('',*,*,#3874,.T.);
#6728=ORIENTED_EDGE('',*,*,#3877,.T.);
#6729=ORIENTED_EDGE('',*,*,#3880,.T.);
#6730=ORIENTED_EDGE('',*,*,#3883,.T.);
#6731=ORIENTED_EDGE('',*,*,#3886,.T.);
#6732=ORIENTED_EDGE('',*,*,#3889,.T.);
#6733=ORIENTED_EDGE('',*,*,#3892,.T.);
#6734=ORIENTED_EDGE('',*,*,#3916,.T.);
#6735=ORIENTED_EDGE('',*,*,#3919,.T.);
#6736=ORIENTED_EDGE('',*,*,#3922,.T.);
#6737=ORIENTED_EDGE('',*,*,#3925,.T.);
#6738=ORIENTED_EDGE('',*,*,#3928,.T.);
#6739=ORIENTED_EDGE('',*,*,#3931,.T.);
#6740=ORIENTED_EDGE('',*,*,#3934,.T.);
#6741=ORIENTED_EDGE('',*,*,#3894,.T.);
#6742=ORIENTED_EDGE('',*,*,#3898,.T.);
#6743=ORIENTED_EDGE('',*,*,#3901,.T.);
#6744=ORIENTED_EDGE('',*,*,#3904,.T.);
#6745=ORIENTED_EDGE('',*,*,#3907,.T.);
#6746=ORIENTED_EDGE('',*,*,#3910,.T.);
#6747=ORIENTED_EDGE('',*,*,#3913,.T.);
#6748=ORIENTED_EDGE('',*,*,#3968,.T.);
#6749=ORIENTED_EDGE('',*,*,#3971,.T.);
#6750=ORIENTED_EDGE('',*,*,#3974,.T.);
#6751=ORIENTED_EDGE('',*,*,#3977,.T.);
#6752=ORIENTED_EDGE('',*,*,#3980,.T.);
#6753=ORIENTED_EDGE('',*,*,#3983,.T.);
#6754=ORIENTED_EDGE('',*,*,#3986,.T.);
#6755=ORIENTED_EDGE('',*,*,#3989,.T.);
#6756=ORIENTED_EDGE('',*,*,#3992,.T.);
#6757=ORIENTED_EDGE('',*,*,#3995,.T.);
#6758=ORIENTED_EDGE('',*,*,#3998,.T.);
#6759=ORIENTED_EDGE('',*,*,#4001,.T.);
#6760=ORIENTED_EDGE('',*,*,#4004,.T.);
#6761=ORIENTED_EDGE('',*,*,#4007,.T.);
#6762=ORIENTED_EDGE('',*,*,#4010,.T.);
#6763=ORIENTED_EDGE('',*,*,#4013,.T.);
#6764=ORIENTED_EDGE('',*,*,#4016,.T.);
#6765=ORIENTED_EDGE('',*,*,#4019,.T.);
#6766=ORIENTED_EDGE('',*,*,#4022,.T.);
#6767=ORIENTED_EDGE('',*,*,#4025,.T.);
#6768=ORIENTED_EDGE('',*,*,#4028,.T.);
#6769=ORIENTED_EDGE('',*,*,#4031,.T.);
#6770=ORIENTED_EDGE('',*,*,#4034,.T.);
#6771=ORIENTED_EDGE('',*,*,#4037,.T.);
#6772=ORIENTED_EDGE('',*,*,#4040,.T.);
#6773=ORIENTED_EDGE('',*,*,#4043,.T.);
#6774=ORIENTED_EDGE('',*,*,#4046,.T.);
#6775=ORIENTED_EDGE('',*,*,#4049,.T.);
#6776=ORIENTED_EDGE('',*,*,#4655,.F.);
#6777=PLANE('',#7351);
#6778=PLANE('',#7358);
#6779=PLANE('',#7368);
#6780=PLANE('',#7375);
#6781=PLANE('',#7385);
#6782=PLANE('',#7392);
#6783=PLANE('',#7402);
#6784=PLANE('',#7409);
#6785=PLANE('',#7419);
#6786=PLANE('',#7426);
#6787=PLANE('',#7436);
#6788=PLANE('',#7443);
#6789=PLANE('',#7453);
#6790=PLANE('',#7460);
#6791=PLANE('',#7470);
#6792=PLANE('',#7477);
#6793=PLANE('',#7487);
#6794=PLANE('',#7494);
#6795=PLANE('',#7504);
#6796=PLANE('',#7511);
#6797=PLANE('',#7521);
#6798=PLANE('',#7528);
#6799=PLANE('',#7538);
#6800=PLANE('',#7545);
#6801=PLANE('',#7555);
#6802=PLANE('',#7562);
#6803=PLANE('',#7572);
#6804=PLANE('',#7579);
#6805=PLANE('',#7589);
#6806=PLANE('',#7596);
#6807=PLANE('',#7606);
#6808=PLANE('',#7613);
#6809=PLANE('',#7626);
#6810=PLANE('',#7630);
#6811=PLANE('',#7634);
#6812=PLANE('',#7638);
#6813=PLANE('',#7642);
#6814=PLANE('',#7646);
#6815=PLANE('',#7650);
#6816=PLANE('',#7654);
#6817=PLANE('',#7658);
#6818=PLANE('',#7662);
#6819=PLANE('',#7750);
#6820=PLANE('',#7754);
#6821=PLANE('',#7758);
#6822=PLANE('',#7762);
#6823=PLANE('',#7766);
#6824=PLANE('',#7770);
#6825=PLANE('',#7774);
#6826=PLANE('',#7778);
#6827=PLANE('',#7782);
#6828=PLANE('',#7786);
#6829=PLANE('',#7790);
#6830=PLANE('',#7794);
#6831=PLANE('',#7798);
#6832=PLANE('',#7802);
#6833=PLANE('',#7806);
#6834=PLANE('',#7810);
#6835=PLANE('',#7814);
#6836=PLANE('',#7818);
#6837=PLANE('',#7822);
#6838=PLANE('',#7826);
#6839=PLANE('',#7827);
#6840=PLANE('',#7910);
#6841=PLANE('',#7913);
#6842=PLANE('',#7916);
#6843=PLANE('',#7919);
#6844=PLANE('',#7922);
#6845=PLANE('',#7923);
#6846=PLANE('',#7926);
#6847=PLANE('',#7929);
#6848=PLANE('',#7932);
#6849=PLANE('',#7935);
#6850=PLANE('',#7936);
#6851=PLANE('',#7939);
#6852=PLANE('',#7942);
#6853=PLANE('',#7945);
#6854=PLANE('',#7948);
#6855=PLANE('',#7949);
#6856=PLANE('',#7952);
#6857=PLANE('',#7955);
#6858=PLANE('',#7958);
#6859=PLANE('',#7961);
#6860=PLANE('',#7962);
#6861=PLANE('',#7965);
#6862=PLANE('',#7968);
#6863=PLANE('',#7971);
#6864=PLANE('',#7974);
#6865=PLANE('',#7977);
#6866=PLANE('',#7980);
#6867=PLANE('',#7983);
#6868=PLANE('',#7986);
#6869=PLANE('',#7987);
#6870=PLANE('',#7988);
#6871=PLANE('',#7991);
#6872=PLANE('',#7994);
#6873=PLANE('',#7997);
#6874=PLANE('',#8000);
#6875=PLANE('',#8001);
#6876=PLANE('',#8004);
#6877=PLANE('',#8007);
#6878=PLANE('',#8010);
#6879=PLANE('',#8013);
#6880=PLANE('',#8014);
#6881=PLANE('',#8017);
#6882=PLANE('',#8020);
#6883=PLANE('',#8023);
#6884=PLANE('',#8026);
#6885=PLANE('',#8027);
#6886=PLANE('',#8030);
#6887=PLANE('',#8033);
#6888=PLANE('',#8036);
#6889=PLANE('',#8039);
#6890=PLANE('',#8040);
#6891=PLANE('',#8043);
#6892=PLANE('',#8046);
#6893=PLANE('',#8049);
#6894=PLANE('',#8052);
#6895=PLANE('',#8055);
#6896=PLANE('',#8058);
#6897=PLANE('',#8061);
#6898=PLANE('',#8064);
#6899=PLANE('',#8065);
#6900=PLANE('',#8066);
#6901=PLANE('',#8069);
#6902=PLANE('',#8072);
#6903=PLANE('',#8075);
#6904=PLANE('',#8078);
#6905=PLANE('',#8079);
#6906=PLANE('',#8082);
#6907=PLANE('',#8085);
#6908=PLANE('',#8088);
#6909=PLANE('',#8091);
#6910=PLANE('',#8092);
#6911=PLANE('',#8095);
#6912=PLANE('',#8098);
#6913=PLANE('',#8101);
#6914=PLANE('',#8104);
#6915=PLANE('',#8105);
#6916=PLANE('',#8108);
#6917=PLANE('',#8111);
#6918=PLANE('',#8114);
#6919=PLANE('',#8117);
#6920=PLANE('',#8118);
#6921=PLANE('',#8121);
#6922=PLANE('',#8124);
#6923=PLANE('',#8127);
#6924=PLANE('',#8130);
#6925=PLANE('',#8133);
#6926=PLANE('',#8136);
#6927=PLANE('',#8139);
#6928=PLANE('',#8142);
#6929=PLANE('',#8143);
#6930=PLANE('',#8144);
#6931=PLANE('',#8147);
#6932=PLANE('',#8150);
#6933=PLANE('',#8153);
#6934=PLANE('',#8156);
#6935=PLANE('',#8157);
#6936=PLANE('',#8160);
#6937=PLANE('',#8163);
#6938=PLANE('',#8166);
#6939=PLANE('',#8169);
#6940=PLANE('',#8177);
#6941=PLANE('',#8178);
#6942=ADVANCED_FACE('',(#783),#6777,.F.);
#6943=ADVANCED_FACE('',(#784),#562,.F.);
#6944=ADVANCED_FACE('',(#785),#563,.F.);
#6945=ADVANCED_FACE('',(#786),#6778,.F.);
#6946=ADVANCED_FACE('',(#787),#564,.F.);
#6947=ADVANCED_FACE('',(#788),#565,.T.);
#6948=ADVANCED_FACE('',(#789),#566,.F.);
#6949=ADVANCED_FACE('',(#790),#6779,.F.);
#6950=ADVANCED_FACE('',(#791),#567,.F.);
#6951=ADVANCED_FACE('',(#792),#568,.F.);
#6952=ADVANCED_FACE('',(#793),#6780,.F.);
#6953=ADVANCED_FACE('',(#794),#569,.F.);
#6954=ADVANCED_FACE('',(#795),#570,.F.);
#6955=ADVANCED_FACE('',(#796),#571,.F.);
#6956=ADVANCED_FACE('',(#797),#6781,.F.);
#6957=ADVANCED_FACE('',(#798),#572,.F.);
#6958=ADVANCED_FACE('',(#799),#573,.F.);
#6959=ADVANCED_FACE('',(#800),#6782,.F.);
#6960=ADVANCED_FACE('',(#801),#574,.F.);
#6961=ADVANCED_FACE('',(#802),#575,.T.);
#6962=ADVANCED_FACE('',(#803),#576,.F.);
#6963=ADVANCED_FACE('',(#804),#6783,.F.);
#6964=ADVANCED_FACE('',(#805),#577,.F.);
#6965=ADVANCED_FACE('',(#806),#578,.F.);
#6966=ADVANCED_FACE('',(#807),#6784,.F.);
#6967=ADVANCED_FACE('',(#808),#579,.F.);
#6968=ADVANCED_FACE('',(#809),#580,.F.);
#6969=ADVANCED_FACE('',(#810),#581,.F.);
#6970=ADVANCED_FACE('',(#811),#6785,.F.);
#6971=ADVANCED_FACE('',(#812),#582,.F.);
#6972=ADVANCED_FACE('',(#813),#583,.F.);
#6973=ADVANCED_FACE('',(#814),#6786,.F.);
#6974=ADVANCED_FACE('',(#815),#584,.F.);
#6975=ADVANCED_FACE('',(#816),#585,.T.);
#6976=ADVANCED_FACE('',(#817),#586,.F.);
#6977=ADVANCED_FACE('',(#818),#6787,.F.);
#6978=ADVANCED_FACE('',(#819),#587,.F.);
#6979=ADVANCED_FACE('',(#820),#588,.F.);
#6980=ADVANCED_FACE('',(#821),#6788,.F.);
#6981=ADVANCED_FACE('',(#822),#589,.F.);
#6982=ADVANCED_FACE('',(#823),#590,.F.);
#6983=ADVANCED_FACE('',(#824),#591,.F.);
#6984=ADVANCED_FACE('',(#825),#6789,.F.);
#6985=ADVANCED_FACE('',(#826),#592,.F.);
#6986=ADVANCED_FACE('',(#827),#593,.F.);
#6987=ADVANCED_FACE('',(#828),#6790,.F.);
#6988=ADVANCED_FACE('',(#829),#594,.F.);
#6989=ADVANCED_FACE('',(#830),#595,.T.);
#6990=ADVANCED_FACE('',(#831),#596,.F.);
#6991=ADVANCED_FACE('',(#832),#6791,.F.);
#6992=ADVANCED_FACE('',(#833),#597,.F.);
#6993=ADVANCED_FACE('',(#834),#598,.F.);
#6994=ADVANCED_FACE('',(#835),#6792,.F.);
#6995=ADVANCED_FACE('',(#836),#599,.F.);
#6996=ADVANCED_FACE('',(#837),#600,.F.);
#6997=ADVANCED_FACE('',(#838),#601,.F.);
#6998=ADVANCED_FACE('',(#839),#6793,.F.);
#6999=ADVANCED_FACE('',(#840),#602,.F.);
#7000=ADVANCED_FACE('',(#841),#603,.F.);
#7001=ADVANCED_FACE('',(#842),#6794,.F.);
#7002=ADVANCED_FACE('',(#843),#604,.F.);
#7003=ADVANCED_FACE('',(#844),#605,.T.);
#7004=ADVANCED_FACE('',(#845),#606,.F.);
#7005=ADVANCED_FACE('',(#846),#6795,.F.);
#7006=ADVANCED_FACE('',(#847),#607,.F.);
#7007=ADVANCED_FACE('',(#848),#608,.F.);
#7008=ADVANCED_FACE('',(#849),#6796,.F.);
#7009=ADVANCED_FACE('',(#850),#609,.F.);
#7010=ADVANCED_FACE('',(#851),#610,.F.);
#7011=ADVANCED_FACE('',(#852),#611,.F.);
#7012=ADVANCED_FACE('',(#853),#6797,.F.);
#7013=ADVANCED_FACE('',(#854),#612,.F.);
#7014=ADVANCED_FACE('',(#855),#613,.F.);
#7015=ADVANCED_FACE('',(#856),#6798,.F.);
#7016=ADVANCED_FACE('',(#857),#614,.F.);
#7017=ADVANCED_FACE('',(#858),#615,.T.);
#7018=ADVANCED_FACE('',(#859),#616,.F.);
#7019=ADVANCED_FACE('',(#860),#6799,.F.);
#7020=ADVANCED_FACE('',(#861),#617,.F.);
#7021=ADVANCED_FACE('',(#862),#618,.F.);
#7022=ADVANCED_FACE('',(#863),#6800,.F.);
#7023=ADVANCED_FACE('',(#864),#619,.F.);
#7024=ADVANCED_FACE('',(#865),#620,.F.);
#7025=ADVANCED_FACE('',(#866),#621,.F.);
#7026=ADVANCED_FACE('',(#867),#6801,.F.);
#7027=ADVANCED_FACE('',(#868),#622,.F.);
#7028=ADVANCED_FACE('',(#869),#623,.F.);
#7029=ADVANCED_FACE('',(#870),#6802,.F.);
#7030=ADVANCED_FACE('',(#871),#624,.F.);
#7031=ADVANCED_FACE('',(#872),#625,.T.);
#7032=ADVANCED_FACE('',(#873),#626,.F.);
#7033=ADVANCED_FACE('',(#874),#6803,.F.);
#7034=ADVANCED_FACE('',(#875),#627,.F.);
#7035=ADVANCED_FACE('',(#876),#628,.F.);
#7036=ADVANCED_FACE('',(#877),#6804,.F.);
#7037=ADVANCED_FACE('',(#878),#629,.F.);
#7038=ADVANCED_FACE('',(#879),#630,.F.);
#7039=ADVANCED_FACE('',(#880),#631,.F.);
#7040=ADVANCED_FACE('',(#881),#6805,.F.);
#7041=ADVANCED_FACE('',(#882),#632,.F.);
#7042=ADVANCED_FACE('',(#883),#633,.F.);
#7043=ADVANCED_FACE('',(#884),#6806,.F.);
#7044=ADVANCED_FACE('',(#885),#634,.F.);
#7045=ADVANCED_FACE('',(#886),#635,.T.);
#7046=ADVANCED_FACE('',(#887),#636,.F.);
#7047=ADVANCED_FACE('',(#888),#6807,.F.);
#7048=ADVANCED_FACE('',(#889),#637,.F.);
#7049=ADVANCED_FACE('',(#890),#638,.F.);
#7050=ADVANCED_FACE('',(#891),#6808,.F.);
#7051=ADVANCED_FACE('',(#892),#639,.F.);
#7052=ADVANCED_FACE('',(#893),#640,.F.);
#7053=ADVANCED_FACE('',(#894),#641,.F.);
#7054=ADVANCED_FACE('',(#895),#642,.F.);
#7055=ADVANCED_FACE('',(#896),#6809,.T.);
#7056=ADVANCED_FACE('',(#897),#643,.F.);
#7057=ADVANCED_FACE('',(#898),#6810,.T.);
#7058=ADVANCED_FACE('',(#899),#644,.F.);
#7059=ADVANCED_FACE('',(#900),#6811,.T.);
#7060=ADVANCED_FACE('',(#901),#645,.F.);
#7061=ADVANCED_FACE('',(#902),#6812,.T.);
#7062=ADVANCED_FACE('',(#903),#646,.F.);
#7063=ADVANCED_FACE('',(#904),#6813,.T.);
#7064=ADVANCED_FACE('',(#905),#647,.F.);
#7065=ADVANCED_FACE('',(#906),#6814,.T.);
#7066=ADVANCED_FACE('',(#907),#648,.F.);
#7067=ADVANCED_FACE('',(#908),#6815,.T.);
#7068=ADVANCED_FACE('',(#909),#649,.F.);
#7069=ADVANCED_FACE('',(#910),#6816,.T.);
#7070=ADVANCED_FACE('',(#911),#650,.F.);
#7071=ADVANCED_FACE('',(#912),#6817,.T.);
#7072=ADVANCED_FACE('',(#913),#651,.F.);
#7073=ADVANCED_FACE('',(#914),#6818,.T.);
#7074=ADVANCED_FACE('',(#915),#652,.F.);
#7075=ADVANCED_FACE('',(#916),#653,.F.);
#7076=ADVANCED_FACE('',(#917),#654,.F.);
#7077=ADVANCED_FACE('',(#918),#655,.F.);
#7078=ADVANCED_FACE('',(#919),#656,.F.);
#7079=ADVANCED_FACE('',(#920),#657,.F.);
#7080=ADVANCED_FACE('',(#921),#658,.F.);
#7081=ADVANCED_FACE('',(#922),#659,.F.);
#7082=ADVANCED_FACE('',(#923),#660,.F.);
#7083=ADVANCED_FACE('',(#924),#661,.F.);
#7084=ADVANCED_FACE('',(#925),#662,.F.);
#7085=ADVANCED_FACE('',(#926),#663,.F.);
#7086=ADVANCED_FACE('',(#927),#664,.F.);
#7087=ADVANCED_FACE('',(#928),#665,.F.);
#7088=ADVANCED_FACE('',(#929),#666,.F.);
#7089=ADVANCED_FACE('',(#930),#667,.F.);
#7090=ADVANCED_FACE('',(#931),#668,.F.);
#7091=ADVANCED_FACE('',(#932),#669,.F.);
#7092=ADVANCED_FACE('',(#933),#670,.F.);
#7093=ADVANCED_FACE('',(#934),#671,.F.);
#7094=ADVANCED_FACE('',(#935),#672,.F.);
#7095=ADVANCED_FACE('',(#936),#673,.F.);
#7096=ADVANCED_FACE('',(#937),#674,.F.);
#7097=ADVANCED_FACE('',(#938),#675,.F.);
#7098=ADVANCED_FACE('',(#939),#676,.F.);
#7099=ADVANCED_FACE('',(#940),#677,.F.);
#7100=ADVANCED_FACE('',(#941),#678,.F.);
#7101=ADVANCED_FACE('',(#942),#679,.F.);
#7102=ADVANCED_FACE('',(#943),#680,.F.);
#7103=ADVANCED_FACE('',(#944),#6819,.T.);
#7104=ADVANCED_FACE('',(#945),#681,.F.);
#7105=ADVANCED_FACE('',(#946),#6820,.T.);
#7106=ADVANCED_FACE('',(#947),#682,.F.);
#7107=ADVANCED_FACE('',(#948),#6821,.T.);
#7108=ADVANCED_FACE('',(#949),#683,.F.);
#7109=ADVANCED_FACE('',(#950),#6822,.T.);
#7110=ADVANCED_FACE('',(#951),#684,.F.);
#7111=ADVANCED_FACE('',(#952),#6823,.T.);
#7112=ADVANCED_FACE('',(#953),#685,.F.);
#7113=ADVANCED_FACE('',(#954),#6824,.T.);
#7114=ADVANCED_FACE('',(#955),#686,.F.);
#7115=ADVANCED_FACE('',(#956),#6825,.T.);
#7116=ADVANCED_FACE('',(#957),#687,.F.);
#7117=ADVANCED_FACE('',(#958),#6826,.T.);
#7118=ADVANCED_FACE('',(#959),#688,.F.);
#7119=ADVANCED_FACE('',(#960),#6827,.T.);
#7120=ADVANCED_FACE('',(#961),#689,.F.);
#7121=ADVANCED_FACE('',(#962),#6828,.T.);
#7122=ADVANCED_FACE('',(#963),#690,.F.);
#7123=ADVANCED_FACE('',(#964),#6829,.T.);
#7124=ADVANCED_FACE('',(#965),#691,.F.);
#7125=ADVANCED_FACE('',(#966),#6830,.T.);
#7126=ADVANCED_FACE('',(#967),#692,.F.);
#7127=ADVANCED_FACE('',(#968),#6831,.T.);
#7128=ADVANCED_FACE('',(#969),#693,.F.);
#7129=ADVANCED_FACE('',(#970),#6832,.T.);
#7130=ADVANCED_FACE('',(#971),#694,.F.);
#7131=ADVANCED_FACE('',(#972),#6833,.T.);
#7132=ADVANCED_FACE('',(#973),#695,.F.);
#7133=ADVANCED_FACE('',(#974),#6834,.T.);
#7134=ADVANCED_FACE('',(#975),#696,.F.);
#7135=ADVANCED_FACE('',(#976),#6835,.T.);
#7136=ADVANCED_FACE('',(#977),#697,.F.);
#7137=ADVANCED_FACE('',(#978),#6836,.T.);
#7138=ADVANCED_FACE('',(#979),#698,.F.);
#7139=ADVANCED_FACE('',(#980),#6837,.T.);
#7140=ADVANCED_FACE('',(#981),#699,.F.);
#7141=ADVANCED_FACE('',(#982),#6838,.T.);
#7142=ADVANCED_FACE('',(#983,#15,#16,#17,#18,#19,#20,#21,#22,#23,#24,#25,
#26,#27,#28,#29,#30,#31,#32,#33,#34,#35,#36,#37,#38,#39,#40,#41,#42,#43,
#44,#45),#6839,.T.);
#7143=ADVANCED_FACE('',(#984),#6840,.F.);
#7144=ADVANCED_FACE('',(#985),#700,.F.);
#7145=ADVANCED_FACE('',(#986),#6841,.F.);
#7146=ADVANCED_FACE('',(#987),#701,.F.);
#7147=ADVANCED_FACE('',(#988),#6842,.F.);
#7148=ADVANCED_FACE('',(#989),#702,.F.);
#7149=ADVANCED_FACE('',(#990),#6843,.F.);
#7150=ADVANCED_FACE('',(#991),#703,.F.);
#7151=ADVANCED_FACE('',(#992,#46),#6844,.T.);
#7152=ADVANCED_FACE('',(#993),#6845,.F.);
#7153=ADVANCED_FACE('',(#994),#704,.F.);
#7154=ADVANCED_FACE('',(#995),#6846,.F.);
#7155=ADVANCED_FACE('',(#996),#705,.F.);
#7156=ADVANCED_FACE('',(#997),#6847,.F.);
#7157=ADVANCED_FACE('',(#998),#706,.F.);
#7158=ADVANCED_FACE('',(#999),#6848,.F.);
#7159=ADVANCED_FACE('',(#1000),#707,.F.);
#7160=ADVANCED_FACE('',(#1001,#47),#6849,.T.);
#7161=ADVANCED_FACE('',(#1002),#6850,.F.);
#7162=ADVANCED_FACE('',(#1003),#708,.F.);
#7163=ADVANCED_FACE('',(#1004),#6851,.F.);
#7164=ADVANCED_FACE('',(#1005),#709,.F.);
#7165=ADVANCED_FACE('',(#1006),#6852,.F.);
#7166=ADVANCED_FACE('',(#1007),#710,.F.);
#7167=ADVANCED_FACE('',(#1008),#6853,.F.);
#7168=ADVANCED_FACE('',(#1009),#711,.F.);
#7169=ADVANCED_FACE('',(#1010,#48),#6854,.T.);
#7170=ADVANCED_FACE('',(#1011),#6855,.F.);
#7171=ADVANCED_FACE('',(#1012),#712,.F.);
#7172=ADVANCED_FACE('',(#1013),#6856,.F.);
#7173=ADVANCED_FACE('',(#1014),#713,.F.);
#7174=ADVANCED_FACE('',(#1015),#6857,.F.);
#7175=ADVANCED_FACE('',(#1016),#714,.F.);
#7176=ADVANCED_FACE('',(#1017),#6858,.F.);
#7177=ADVANCED_FACE('',(#1018),#715,.F.);
#7178=ADVANCED_FACE('',(#1019,#49),#6859,.T.);
#7179=ADVANCED_FACE('',(#1020),#6860,.F.);
#7180=ADVANCED_FACE('',(#1021),#716,.F.);
#7181=ADVANCED_FACE('',(#1022),#6861,.F.);
#7182=ADVANCED_FACE('',(#1023),#717,.F.);
#7183=ADVANCED_FACE('',(#1024),#6862,.F.);
#7184=ADVANCED_FACE('',(#1025),#718,.F.);
#7185=ADVANCED_FACE('',(#1026),#6863,.F.);
#7186=ADVANCED_FACE('',(#1027),#719,.F.);
#7187=ADVANCED_FACE('',(#1028,#50),#6864,.T.);
#7188=ADVANCED_FACE('',(#1029),#720,.F.);
#7189=ADVANCED_FACE('',(#1030),#6865,.F.);
#7190=ADVANCED_FACE('',(#1031),#721,.F.);
#7191=ADVANCED_FACE('',(#1032),#6866,.F.);
#7192=ADVANCED_FACE('',(#1033),#722,.F.);
#7193=ADVANCED_FACE('',(#1034),#6867,.F.);
#7194=ADVANCED_FACE('',(#1035),#723,.F.);
#7195=ADVANCED_FACE('',(#1036),#6868,.F.);
#7196=ADVANCED_FACE('',(#1037,#51),#6869,.T.);
#7197=ADVANCED_FACE('',(#1038),#6870,.F.);
#7198=ADVANCED_FACE('',(#1039),#724,.F.);
#7199=ADVANCED_FACE('',(#1040),#6871,.F.);
#7200=ADVANCED_FACE('',(#1041),#725,.F.);
#7201=ADVANCED_FACE('',(#1042),#6872,.F.);
#7202=ADVANCED_FACE('',(#1043),#726,.F.);
#7203=ADVANCED_FACE('',(#1044),#6873,.F.);
#7204=ADVANCED_FACE('',(#1045),#727,.F.);
#7205=ADVANCED_FACE('',(#1046,#52),#6874,.T.);
#7206=ADVANCED_FACE('',(#1047),#6875,.F.);
#7207=ADVANCED_FACE('',(#1048),#728,.F.);
#7208=ADVANCED_FACE('',(#1049),#6876,.F.);
#7209=ADVANCED_FACE('',(#1050),#729,.F.);
#7210=ADVANCED_FACE('',(#1051),#6877,.F.);
#7211=ADVANCED_FACE('',(#1052),#730,.F.);
#7212=ADVANCED_FACE('',(#1053),#6878,.F.);
#7213=ADVANCED_FACE('',(#1054),#731,.F.);
#7214=ADVANCED_FACE('',(#1055,#53),#6879,.T.);
#7215=ADVANCED_FACE('',(#1056),#6880,.F.);
#7216=ADVANCED_FACE('',(#1057),#732,.F.);
#7217=ADVANCED_FACE('',(#1058),#6881,.F.);
#7218=ADVANCED_FACE('',(#1059),#733,.F.);
#7219=ADVANCED_FACE('',(#1060),#6882,.F.);
#7220=ADVANCED_FACE('',(#1061),#734,.F.);
#7221=ADVANCED_FACE('',(#1062),#6883,.F.);
#7222=ADVANCED_FACE('',(#1063),#735,.F.);
#7223=ADVANCED_FACE('',(#1064,#54),#6884,.T.);
#7224=ADVANCED_FACE('',(#1065),#6885,.F.);
#7225=ADVANCED_FACE('',(#1066),#736,.F.);
#7226=ADVANCED_FACE('',(#1067),#6886,.F.);
#7227=ADVANCED_FACE('',(#1068),#737,.F.);
#7228=ADVANCED_FACE('',(#1069),#6887,.F.);
#7229=ADVANCED_FACE('',(#1070),#738,.F.);
#7230=ADVANCED_FACE('',(#1071),#6888,.F.);
#7231=ADVANCED_FACE('',(#1072),#739,.F.);
#7232=ADVANCED_FACE('',(#1073,#55),#6889,.T.);
#7233=ADVANCED_FACE('',(#1074),#6890,.F.);
#7234=ADVANCED_FACE('',(#1075),#740,.F.);
#7235=ADVANCED_FACE('',(#1076),#6891,.F.);
#7236=ADVANCED_FACE('',(#1077),#741,.F.);
#7237=ADVANCED_FACE('',(#1078),#6892,.F.);
#7238=ADVANCED_FACE('',(#1079),#742,.F.);
#7239=ADVANCED_FACE('',(#1080),#6893,.F.);
#7240=ADVANCED_FACE('',(#1081),#743,.F.);
#7241=ADVANCED_FACE('',(#1082,#56),#6894,.T.);
#7242=ADVANCED_FACE('',(#1083),#744,.F.);
#7243=ADVANCED_FACE('',(#1084),#6895,.F.);
#7244=ADVANCED_FACE('',(#1085),#745,.F.);
#7245=ADVANCED_FACE('',(#1086),#6896,.F.);
#7246=ADVANCED_FACE('',(#1087),#746,.F.);
#7247=ADVANCED_FACE('',(#1088),#6897,.F.);
#7248=ADVANCED_FACE('',(#1089),#747,.F.);
#7249=ADVANCED_FACE('',(#1090),#6898,.F.);
#7250=ADVANCED_FACE('',(#1091,#57),#6899,.T.);
#7251=ADVANCED_FACE('',(#1092),#6900,.F.);
#7252=ADVANCED_FACE('',(#1093),#748,.F.);
#7253=ADVANCED_FACE('',(#1094),#6901,.F.);
#7254=ADVANCED_FACE('',(#1095),#749,.F.);
#7255=ADVANCED_FACE('',(#1096),#6902,.F.);
#7256=ADVANCED_FACE('',(#1097),#750,.F.);
#7257=ADVANCED_FACE('',(#1098),#6903,.F.);
#7258=ADVANCED_FACE('',(#1099),#751,.F.);
#7259=ADVANCED_FACE('',(#1100,#58),#6904,.T.);
#7260=ADVANCED_FACE('',(#1101),#6905,.F.);
#7261=ADVANCED_FACE('',(#1102),#752,.F.);
#7262=ADVANCED_FACE('',(#1103),#6906,.F.);
#7263=ADVANCED_FACE('',(#1104),#753,.F.);
#7264=ADVANCED_FACE('',(#1105),#6907,.F.);
#7265=ADVANCED_FACE('',(#1106),#754,.F.);
#7266=ADVANCED_FACE('',(#1107),#6908,.F.);
#7267=ADVANCED_FACE('',(#1108),#755,.F.);
#7268=ADVANCED_FACE('',(#1109,#59),#6909,.T.);
#7269=ADVANCED_FACE('',(#1110),#6910,.F.);
#7270=ADVANCED_FACE('',(#1111),#756,.F.);
#7271=ADVANCED_FACE('',(#1112),#6911,.F.);
#7272=ADVANCED_FACE('',(#1113),#757,.F.);
#7273=ADVANCED_FACE('',(#1114),#6912,.F.);
#7274=ADVANCED_FACE('',(#1115),#758,.F.);
#7275=ADVANCED_FACE('',(#1116),#6913,.F.);
#7276=ADVANCED_FACE('',(#1117),#759,.F.);
#7277=ADVANCED_FACE('',(#1118,#60),#6914,.T.);
#7278=ADVANCED_FACE('',(#1119),#6915,.F.);
#7279=ADVANCED_FACE('',(#1120),#760,.F.);
#7280=ADVANCED_FACE('',(#1121),#6916,.F.);
#7281=ADVANCED_FACE('',(#1122),#761,.F.);
#7282=ADVANCED_FACE('',(#1123),#6917,.F.);
#7283=ADVANCED_FACE('',(#1124),#762,.F.);
#7284=ADVANCED_FACE('',(#1125),#6918,.F.);
#7285=ADVANCED_FACE('',(#1126),#763,.F.);
#7286=ADVANCED_FACE('',(#1127,#61),#6919,.T.);
#7287=ADVANCED_FACE('',(#1128),#6920,.F.);
#7288=ADVANCED_FACE('',(#1129),#764,.F.);
#7289=ADVANCED_FACE('',(#1130),#6921,.F.);
#7290=ADVANCED_FACE('',(#1131),#765,.F.);
#7291=ADVANCED_FACE('',(#1132),#6922,.F.);
#7292=ADVANCED_FACE('',(#1133),#766,.F.);
#7293=ADVANCED_FACE('',(#1134),#6923,.F.);
#7294=ADVANCED_FACE('',(#1135),#767,.F.);
#7295=ADVANCED_FACE('',(#1136,#62),#6924,.T.);
#7296=ADVANCED_FACE('',(#1137),#768,.F.);
#7297=ADVANCED_FACE('',(#1138),#6925,.F.);
#7298=ADVANCED_FACE('',(#1139),#769,.F.);
#7299=ADVANCED_FACE('',(#1140),#6926,.F.);
#7300=ADVANCED_FACE('',(#1141),#770,.F.);
#7301=ADVANCED_FACE('',(#1142),#6927,.F.);
#7302=ADVANCED_FACE('',(#1143),#771,.F.);
#7303=ADVANCED_FACE('',(#1144),#6928,.F.);
#7304=ADVANCED_FACE('',(#1145,#63),#6929,.T.);
#7305=ADVANCED_FACE('',(#1146),#6930,.F.);
#7306=ADVANCED_FACE('',(#1147),#772,.F.);
#7307=ADVANCED_FACE('',(#1148),#6931,.F.);
#7308=ADVANCED_FACE('',(#1149),#773,.F.);
#7309=ADVANCED_FACE('',(#1150),#6932,.F.);
#7310=ADVANCED_FACE('',(#1151),#774,.F.);
#7311=ADVANCED_FACE('',(#1152),#6933,.F.);
#7312=ADVANCED_FACE('',(#1153),#775,.F.);
#7313=ADVANCED_FACE('',(#1154,#64),#6934,.T.);
#7314=ADVANCED_FACE('',(#1155),#6935,.F.);
#7315=ADVANCED_FACE('',(#1156),#776,.F.);
#7316=ADVANCED_FACE('',(#1157),#6936,.F.);
#7317=ADVANCED_FACE('',(#1158),#777,.F.);
#7318=ADVANCED_FACE('',(#1159),#6937,.F.);
#7319=ADVANCED_FACE('',(#1160),#778,.F.);
#7320=ADVANCED_FACE('',(#1161),#6938,.F.);
#7321=ADVANCED_FACE('',(#1162),#779,.F.);
#7322=ADVANCED_FACE('',(#1163,#65),#6939,.T.);
#7323=ADVANCED_FACE('',(#1164),#780,.T.);
#7324=ADVANCED_FACE('',(#1165),#781,.F.);
#7325=ADVANCED_FACE('',(#1166),#782,.T.);
#7326=ADVANCED_FACE('',(#1167,#66,#67,#68,#69,#70,#71,#72,#73,#74,#75,#76,
#77,#78,#79,#80,#81,#82),#6940,.T.);
#7327=ADVANCED_FACE('',(#1168,#83,#84,#85,#86,#87,#88,#89,#90,#91,#92,#93,
#94,#95,#96,#97,#98,#99,#100,#101,#102,#103,#104,#105,#106,#107,#108,#109,
#110,#111,#112,#113,#114,#115,#116,#117,#118,#119),#6941,.F.);
#7328=CLOSED_SHELL('',(#6942,#6943,#6944,#6945,#6946,#6947,#6948,#6949,
#6950,#6951,#6952,#6953,#6954,#6955,#6956,#6957,#6958,#6959,#6960,#6961,
#6962,#6963,#6964,#6965,#6966,#6967,#6968,#6969,#6970,#6971,#6972,#6973,
#6974,#6975,#6976,#6977,#6978,#6979,#6980,#6981,#6982,#6983,#6984,#6985,
#6986,#6987,#6988,#6989,#6990,#6991,#6992,#6993,#6994,#6995,#6996,#6997,
#6998,#6999,#7000,#7001,#7002,#7003,#7004,#7005,#7006,#7007,#7008,#7009,
#7010,#7011,#7012,#7013,#7014,#7015,#7016,#7017,#7018,#7019,#7020,#7021,
#7022,#7023,#7024,#7025,#7026,#7027,#7028,#7029,#7030,#7031,#7032,#7033,
#7034,#7035,#7036,#7037,#7038,#7039,#7040,#7041,#7042,#7043,#7044,#7045,
#7046,#7047,#7048,#7049,#7050,#7051,#7052,#7053,#7054,#7055,#7056,#7057,
#7058,#7059,#7060,#7061,#7062,#7063,#7064,#7065,#7066,#7067,#7068,#7069,
#7070,#7071,#7072,#7073,#7074,#7075,#7076,#7077,#7078,#7079,#7080,#7081,
#7082,#7083,#7084,#7085,#7086,#7087,#7088,#7089,#7090,#7091,#7092,#7093,
#7094,#7095,#7096,#7097,#7098,#7099,#7100,#7101,#7102,#7103,#7104,#7105,
#7106,#7107,#7108,#7109,#7110,#7111,#7112,#7113,#7114,#7115,#7116,#7117,
#7118,#7119,#7120,#7121,#7122,#7123,#7124,#7125,#7126,#7127,#7128,#7129,
#7130,#7131,#7132,#7133,#7134,#7135,#7136,#7137,#7138,#7139,#7140,#7141,
#7142,#7143,#7144,#7145,#7146,#7147,#7148,#7149,#7150,#7151,#7152,#7153,
#7154,#7155,#7156,#7157,#7158,#7159,#7160,#7161,#7162,#7163,#7164,#7165,
#7166,#7167,#7168,#7169,#7170,#7171,#7172,#7173,#7174,#7175,#7176,#7177,
#7178,#7179,#7180,#7181,#7182,#7183,#7184,#7185,#7186,#7187,#7188,#7189,
#7190,#7191,#7192,#7193,#7194,#7195,#7196,#7197,#7198,#7199,#7200,#7201,
#7202,#7203,#7204,#7205,#7206,#7207,#7208,#7209,#7210,#7211,#7212,#7213,
#7214,#7215,#7216,#7217,#7218,#7219,#7220,#7221,#7222,#7223,#7224,#7225,
#7226,#7227,#7228,#7229,#7230,#7231,#7232,#7233,#7234,#7235,#7236,#7237,
#7238,#7239,#7240,#7241,#7242,#7243,#7244,#7245,#7246,#7247,#7248,#7249,
#7250,#7251,#7252,#7253,#7254,#7255,#7256,#7257,#7258,#7259,#7260,#7261,
#7262,#7263,#7264,#7265,#7266,#7267,#7268,#7269,#7270,#7271,#7272,#7273,
#7274,#7275,#7276,#7277,#7278,#7279,#7280,#7281,#7282,#7283,#7284,#7285,
#7286,#7287,#7288,#7289,#7290,#7291,#7292,#7293,#7294,#7295,#7296,#7297,
#7298,#7299,#7300,#7301,#7302,#7303,#7304,#7305,#7306,#7307,#7308,#7309,
#7310,#7311,#7312,#7313,#7314,#7315,#7316,#7317,#7318,#7319,#7320,#7321,
#7322,#7323,#7324,#7325,#7326,#7327));
#7329=DERIVED_UNIT_ELEMENT(#7332,1.);
#7330=DERIVED_UNIT_ELEMENT(#12611,-3.);
#7331=DIMENSIONAL_EXPONENTS(0.,1.,0.,0.,0.,0.,0.);
#7332=(
CONVERSION_BASED_UNIT('gram',#7334)
MASS_UNIT()
NAMED_UNIT(#7331)
);
#7333=(
MASS_UNIT()
NAMED_UNIT(*)
SI_UNIT(.KILO.,.GRAM.)
);
#7334=MASS_MEASURE_WITH_UNIT(MASS_MEASURE(0.001),#7333);
#7335=DERIVED_UNIT((#7329,#7330));
#7336=MEASURE_REPRESENTATION_ITEM('density measure',
POSITIVE_RATIO_MEASURE(1.),#7335);
#7337=PROPERTY_DEFINITION_REPRESENTATION(#7342,#7339);
#7338=PROPERTY_DEFINITION_REPRESENTATION(#7343,#7340);
#7339=REPRESENTATION('material name',(#7341),#12608);
#7340=REPRESENTATION('density',(#7336),#12608);
#7341=DESCRIPTIVE_REPRESENTATION_ITEM('Generic','Generic');
#7342=PROPERTY_DEFINITION('material property','material name',#12618);
#7343=PROPERTY_DEFINITION('material property','density of part',#12618);
#7344=DATE_TIME_ROLE('creation_date');
#7345=APPLIED_DATE_AND_TIME_ASSIGNMENT(#7346,#7344,(#12618));
#7346=DATE_AND_TIME(#7347,#7348);
#7347=CALENDAR_DATE(2025,23,4);
#7348=LOCAL_TIME(0,0,0.,#7349);
#7349=COORDINATED_UNIVERSAL_TIME_OFFSET(0,0,.BEHIND.);
#7350=AXIS2_PLACEMENT_3D('',#10454,#8179,#8180);
#7351=AXIS2_PLACEMENT_3D('',#10455,#8181,#8182);
#7352=AXIS2_PLACEMENT_3D('',#10464,#8187,#8188);
#7353=AXIS2_PLACEMENT_3D('',#10466,#8189,#8190);
#7354=AXIS2_PLACEMENT_3D('',#10468,#8191,#8192);
#7355=AXIS2_PLACEMENT_3D('',#10470,#8194,#8195);
#7356=AXIS2_PLACEMENT_3D('',#10472,#8196,#8197);
#7357=AXIS2_PLACEMENT_3D('',#10474,#8198,#8199);
#7358=AXIS2_PLACEMENT_3D('',#10476,#8201,#8202);
#7359=AXIS2_PLACEMENT_3D('',#10482,#8206,#8207);
#7360=AXIS2_PLACEMENT_3D('',#10484,#8208,#8209);
#7361=AXIS2_PLACEMENT_3D('',#10486,#8210,#8211);
#7362=AXIS2_PLACEMENT_3D('',#10488,#8213,#8214);
#7363=AXIS2_PLACEMENT_3D('',#10490,#8215,#8216);
#7364=AXIS2_PLACEMENT_3D('',#10492,#8217,#8218);
#7365=AXIS2_PLACEMENT_3D('',#10494,#8220,#8221);
#7366=AXIS2_PLACEMENT_3D('',#10496,#8222,#8223);
#7367=AXIS2_PLACEMENT_3D('',#10498,#8224,#8225);
#7368=AXIS2_PLACEMENT_3D('',#10500,#8227,#8228);
#7369=AXIS2_PLACEMENT_3D('',#10506,#8232,#8233);
#7370=AXIS2_PLACEMENT_3D('',#10508,#8234,#8235);
#7371=AXIS2_PLACEMENT_3D('',#10510,#8236,#8237);
#7372=AXIS2_PLACEMENT_3D('',#10512,#8239,#8240);
#7373=AXIS2_PLACEMENT_3D('',#10514,#8241,#8242);
#7374=AXIS2_PLACEMENT_3D('',#10516,#8243,#8244);
#7375=AXIS2_PLACEMENT_3D('',#10518,#8246,#8247);
#7376=AXIS2_PLACEMENT_3D('',#10524,#8251,#8252);
#7377=AXIS2_PLACEMENT_3D('',#10526,#8253,#8254);
#7378=AXIS2_PLACEMENT_3D('',#10528,#8255,#8256);
#7379=AXIS2_PLACEMENT_3D('',#10530,#8258,#8259);
#7380=AXIS2_PLACEMENT_3D('',#10532,#8260,#8261);
#7381=AXIS2_PLACEMENT_3D('',#10534,#8262,#8263);
#7382=AXIS2_PLACEMENT_3D('',#10536,#8265,#8266);
#7383=AXIS2_PLACEMENT_3D('',#10537,#8267,#8268);
#7384=AXIS2_PLACEMENT_3D('',#10538,#8269,#8270);
#7385=AXIS2_PLACEMENT_3D('',#10539,#8271,#8272);
#7386=AXIS2_PLACEMENT_3D('',#10548,#8277,#8278);
#7387=AXIS2_PLACEMENT_3D('',#10550,#8279,#8280);
#7388=AXIS2_PLACEMENT_3D('',#10552,#8281,#8282);
#7389=AXIS2_PLACEMENT_3D('',#10554,#8284,#8285);
#7390=AXIS2_PLACEMENT_3D('',#10556,#8286,#8287);
#7391=AXIS2_PLACEMENT_3D('',#10558,#8288,#8289);
#7392=AXIS2_PLACEMENT_3D('',#10560,#8291,#8292);
#7393=AXIS2_PLACEMENT_3D('',#10566,#8296,#8297);
#7394=AXIS2_PLACEMENT_3D('',#10568,#8298,#8299);
#7395=AXIS2_PLACEMENT_3D('',#10570,#8300,#8301);
#7396=AXIS2_PLACEMENT_3D('',#10572,#8303,#8304);
#7397=AXIS2_PLACEMENT_3D('',#10574,#8305,#8306);
#7398=AXIS2_PLACEMENT_3D('',#10576,#8307,#8308);
#7399=AXIS2_PLACEMENT_3D('',#10578,#8310,#8311);
#7400=AXIS2_PLACEMENT_3D('',#10580,#8312,#8313);
#7401=AXIS2_PLACEMENT_3D('',#10582,#8314,#8315);
#7402=AXIS2_PLACEMENT_3D('',#10584,#8317,#8318);
#7403=AXIS2_PLACEMENT_3D('',#10590,#8322,#8323);
#7404=AXIS2_PLACEMENT_3D('',#10592,#8324,#8325);
#7405=AXIS2_PLACEMENT_3D('',#10594,#8326,#8327);
#7406=AXIS2_PLACEMENT_3D('',#10596,#8329,#8330);
#7407=AXIS2_PLACEMENT_3D('',#10598,#8331,#8332);
#7408=AXIS2_PLACEMENT_3D('',#10600,#8333,#8334);
#7409=AXIS2_PLACEMENT_3D('',#10602,#8336,#8337);
#7410=AXIS2_PLACEMENT_3D('',#10608,#8341,#8342);
#7411=AXIS2_PLACEMENT_3D('',#10610,#8343,#8344);
#7412=AXIS2_PLACEMENT_3D('',#10612,#8345,#8346);
#7413=AXIS2_PLACEMENT_3D('',#10614,#8348,#8349);
#7414=AXIS2_PLACEMENT_3D('',#10616,#8350,#8351);
#7415=AXIS2_PLACEMENT_3D('',#10618,#8352,#8353);
#7416=AXIS2_PLACEMENT_3D('',#10620,#8355,#8356);
#7417=AXIS2_PLACEMENT_3D('',#10621,#8357,#8358);
#7418=AXIS2_PLACEMENT_3D('',#10622,#8359,#8360);
#7419=AXIS2_PLACEMENT_3D('',#10623,#8361,#8362);
#7420=AXIS2_PLACEMENT_3D('',#10632,#8367,#8368);
#7421=AXIS2_PLACEMENT_3D('',#10634,#8369,#8370);
#7422=AXIS2_PLACEMENT_3D('',#10636,#8371,#8372);
#7423=AXIS2_PLACEMENT_3D('',#10638,#8374,#8375);
#7424=AXIS2_PLACEMENT_3D('',#10640,#8376,#8377);
#7425=AXIS2_PLACEMENT_3D('',#10642,#8378,#8379);
#7426=AXIS2_PLACEMENT_3D('',#10644,#8381,#8382);
#7427=AXIS2_PLACEMENT_3D('',#10650,#8386,#8387);
#7428=AXIS2_PLACEMENT_3D('',#10652,#8388,#8389);
#7429=AXIS2_PLACEMENT_3D('',#10654,#8390,#8391);
#7430=AXIS2_PLACEMENT_3D('',#10656,#8393,#8394);
#7431=AXIS2_PLACEMENT_3D('',#10658,#8395,#8396);
#7432=AXIS2_PLACEMENT_3D('',#10660,#8397,#8398);
#7433=AXIS2_PLACEMENT_3D('',#10662,#8400,#8401);
#7434=AXIS2_PLACEMENT_3D('',#10664,#8402,#8403);
#7435=AXIS2_PLACEMENT_3D('',#10666,#8404,#8405);
#7436=AXIS2_PLACEMENT_3D('',#10668,#8407,#8408);
#7437=AXIS2_PLACEMENT_3D('',#10674,#8412,#8413);
#7438=AXIS2_PLACEMENT_3D('',#10676,#8414,#8415);
#7439=AXIS2_PLACEMENT_3D('',#10678,#8416,#8417);
#7440=AXIS2_PLACEMENT_3D('',#10680,#8419,#8420);
#7441=AXIS2_PLACEMENT_3D('',#10682,#8421,#8422);
#7442=AXIS2_PLACEMENT_3D('',#10684,#8423,#8424);
#7443=AXIS2_PLACEMENT_3D('',#10686,#8426,#8427);
#7444=AXIS2_PLACEMENT_3D('',#10692,#8431,#8432);
#7445=AXIS2_PLACEMENT_3D('',#10694,#8433,#8434);
#7446=AXIS2_PLACEMENT_3D('',#10696,#8435,#8436);
#7447=AXIS2_PLACEMENT_3D('',#10698,#8438,#8439);
#7448=AXIS2_PLACEMENT_3D('',#10700,#8440,#8441);
#7449=AXIS2_PLACEMENT_3D('',#10702,#8442,#8443);
#7450=AXIS2_PLACEMENT_3D('',#10704,#8445,#8446);
#7451=AXIS2_PLACEMENT_3D('',#10705,#8447,#8448);
#7452=AXIS2_PLACEMENT_3D('',#10706,#8449,#8450);
#7453=AXIS2_PLACEMENT_3D('',#10707,#8451,#8452);
#7454=AXIS2_PLACEMENT_3D('',#10716,#8457,#8458);
#7455=AXIS2_PLACEMENT_3D('',#10718,#8459,#8460);
#7456=AXIS2_PLACEMENT_3D('',#10720,#8461,#8462);
#7457=AXIS2_PLACEMENT_3D('',#10722,#8464,#8465);
#7458=AXIS2_PLACEMENT_3D('',#10724,#8466,#8467);
#7459=AXIS2_PLACEMENT_3D('',#10726,#8468,#8469);
#7460=AXIS2_PLACEMENT_3D('',#10728,#8471,#8472);
#7461=AXIS2_PLACEMENT_3D('',#10734,#8476,#8477);
#7462=AXIS2_PLACEMENT_3D('',#10736,#8478,#8479);
#7463=AXIS2_PLACEMENT_3D('',#10738,#8480,#8481);
#7464=AXIS2_PLACEMENT_3D('',#10740,#8483,#8484);
#7465=AXIS2_PLACEMENT_3D('',#10742,#8485,#8486);
#7466=AXIS2_PLACEMENT_3D('',#10744,#8487,#8488);
#7467=AXIS2_PLACEMENT_3D('',#10746,#8490,#8491);
#7468=AXIS2_PLACEMENT_3D('',#10748,#8492,#8493);
#7469=AXIS2_PLACEMENT_3D('',#10750,#8494,#8495);
#7470=AXIS2_PLACEMENT_3D('',#10752,#8497,#8498);
#7471=AXIS2_PLACEMENT_3D('',#10758,#8502,#8503);
#7472=AXIS2_PLACEMENT_3D('',#10760,#8504,#8505);
#7473=AXIS2_PLACEMENT_3D('',#10762,#8506,#8507);
#7474=AXIS2_PLACEMENT_3D('',#10764,#8509,#8510);
#7475=AXIS2_PLACEMENT_3D('',#10766,#8511,#8512);
#7476=AXIS2_PLACEMENT_3D('',#10768,#8513,#8514);
#7477=AXIS2_PLACEMENT_3D('',#10770,#8516,#8517);
#7478=AXIS2_PLACEMENT_3D('',#10776,#8521,#8522);
#7479=AXIS2_PLACEMENT_3D('',#10778,#8523,#8524);
#7480=AXIS2_PLACEMENT_3D('',#10780,#8525,#8526);
#7481=AXIS2_PLACEMENT_3D('',#10782,#8528,#8529);
#7482=AXIS2_PLACEMENT_3D('',#10784,#8530,#8531);
#7483=AXIS2_PLACEMENT_3D('',#10786,#8532,#8533);
#7484=AXIS2_PLACEMENT_3D('',#10788,#8535,#8536);
#7485=AXIS2_PLACEMENT_3D('',#10789,#8537,#8538);
#7486=AXIS2_PLACEMENT_3D('',#10790,#8539,#8540);
#7487=AXIS2_PLACEMENT_3D('',#10791,#8541,#8542);
#7488=AXIS2_PLACEMENT_3D('',#10800,#8547,#8548);
#7489=AXIS2_PLACEMENT_3D('',#10802,#8549,#8550);
#7490=AXIS2_PLACEMENT_3D('',#10804,#8551,#8552);
#7491=AXIS2_PLACEMENT_3D('',#10806,#8554,#8555);
#7492=AXIS2_PLACEMENT_3D('',#10808,#8556,#8557);
#7493=AXIS2_PLACEMENT_3D('',#10810,#8558,#8559);
#7494=AXIS2_PLACEMENT_3D('',#10812,#8561,#8562);
#7495=AXIS2_PLACEMENT_3D('',#10818,#8566,#8567);
#7496=AXIS2_PLACEMENT_3D('',#10820,#8568,#8569);
#7497=AXIS2_PLACEMENT_3D('',#10822,#8570,#8571);
#7498=AXIS2_PLACEMENT_3D('',#10824,#8573,#8574);
#7499=AXIS2_PLACEMENT_3D('',#10826,#8575,#8576);
#7500=AXIS2_PLACEMENT_3D('',#10828,#8577,#8578);
#7501=AXIS2_PLACEMENT_3D('',#10830,#8580,#8581);
#7502=AXIS2_PLACEMENT_3D('',#10832,#8582,#8583);
#7503=AXIS2_PLACEMENT_3D('',#10834,#8584,#8585);
#7504=AXIS2_PLACEMENT_3D('',#10836,#8587,#8588);
#7505=AXIS2_PLACEMENT_3D('',#10842,#8592,#8593);
#7506=AXIS2_PLACEMENT_3D('',#10844,#8594,#8595);
#7507=AXIS2_PLACEMENT_3D('',#10846,#8596,#8597);
#7508=AXIS2_PLACEMENT_3D('',#10848,#8599,#8600);
#7509=AXIS2_PLACEMENT_3D('',#10850,#8601,#8602);
#7510=AXIS2_PLACEMENT_3D('',#10852,#8603,#8604);
#7511=AXIS2_PLACEMENT_3D('',#10854,#8606,#8607);
#7512=AXIS2_PLACEMENT_3D('',#10860,#8611,#8612);
#7513=AXIS2_PLACEMENT_3D('',#10862,#8613,#8614);
#7514=AXIS2_PLACEMENT_3D('',#10864,#8615,#8616);
#7515=AXIS2_PLACEMENT_3D('',#10866,#8618,#8619);
#7516=AXIS2_PLACEMENT_3D('',#10868,#8620,#8621);
#7517=AXIS2_PLACEMENT_3D('',#10870,#8622,#8623);
#7518=AXIS2_PLACEMENT_3D('',#10872,#8625,#8626);
#7519=AXIS2_PLACEMENT_3D('',#10873,#8627,#8628);
#7520=AXIS2_PLACEMENT_3D('',#10874,#8629,#8630);
#7521=AXIS2_PLACEMENT_3D('',#10875,#8631,#8632);
#7522=AXIS2_PLACEMENT_3D('',#10884,#8637,#8638);
#7523=AXIS2_PLACEMENT_3D('',#10886,#8639,#8640);
#7524=AXIS2_PLACEMENT_3D('',#10888,#8641,#8642);
#7525=AXIS2_PLACEMENT_3D('',#10890,#8644,#8645);
#7526=AXIS2_PLACEMENT_3D('',#10892,#8646,#8647);
#7527=AXIS2_PLACEMENT_3D('',#10894,#8648,#8649);
#7528=AXIS2_PLACEMENT_3D('',#10896,#8651,#8652);
#7529=AXIS2_PLACEMENT_3D('',#10902,#8656,#8657);
#7530=AXIS2_PLACEMENT_3D('',#10904,#8658,#8659);
#7531=AXIS2_PLACEMENT_3D('',#10906,#8660,#8661);
#7532=AXIS2_PLACEMENT_3D('',#10908,#8663,#8664);
#7533=AXIS2_PLACEMENT_3D('',#10910,#8665,#8666);
#7534=AXIS2_PLACEMENT_3D('',#10912,#8667,#8668);
#7535=AXIS2_PLACEMENT_3D('',#10914,#8670,#8671);
#7536=AXIS2_PLACEMENT_3D('',#10916,#8672,#8673);
#7537=AXIS2_PLACEMENT_3D('',#10918,#8674,#8675);
#7538=AXIS2_PLACEMENT_3D('',#10920,#8677,#8678);
#7539=AXIS2_PLACEMENT_3D('',#10926,#8682,#8683);
#7540=AXIS2_PLACEMENT_3D('',#10928,#8684,#8685);
#7541=AXIS2_PLACEMENT_3D('',#10930,#8686,#8687);
#7542=AXIS2_PLACEMENT_3D('',#10932,#8689,#8690);
#7543=AXIS2_PLACEMENT_3D('',#10934,#8691,#8692);
#7544=AXIS2_PLACEMENT_3D('',#10936,#8693,#8694);
#7545=AXIS2_PLACEMENT_3D('',#10938,#8696,#8697);
#7546=AXIS2_PLACEMENT_3D('',#10944,#8701,#8702);
#7547=AXIS2_PLACEMENT_3D('',#10946,#8703,#8704);
#7548=AXIS2_PLACEMENT_3D('',#10948,#8705,#8706);
#7549=AXIS2_PLACEMENT_3D('',#10950,#8708,#8709);
#7550=AXIS2_PLACEMENT_3D('',#10952,#8710,#8711);
#7551=AXIS2_PLACEMENT_3D('',#10954,#8712,#8713);
#7552=AXIS2_PLACEMENT_3D('',#10956,#8715,#8716);
#7553=AXIS2_PLACEMENT_3D('',#10957,#8717,#8718);
#7554=AXIS2_PLACEMENT_3D('',#10958,#8719,#8720);
#7555=AXIS2_PLACEMENT_3D('',#10959,#8721,#8722);
#7556=AXIS2_PLACEMENT_3D('',#10968,#8727,#8728);
#7557=AXIS2_PLACEMENT_3D('',#10970,#8729,#8730);
#7558=AXIS2_PLACEMENT_3D('',#10972,#8731,#8732);
#7559=AXIS2_PLACEMENT_3D('',#10974,#8734,#8735);
#7560=AXIS2_PLACEMENT_3D('',#10976,#8736,#8737);
#7561=AXIS2_PLACEMENT_3D('',#10978,#8738,#8739);
#7562=AXIS2_PLACEMENT_3D('',#10980,#8741,#8742);
#7563=AXIS2_PLACEMENT_3D('',#10986,#8746,#8747);
#7564=AXIS2_PLACEMENT_3D('',#10988,#8748,#8749);
#7565=AXIS2_PLACEMENT_3D('',#10990,#8750,#8751);
#7566=AXIS2_PLACEMENT_3D('',#10992,#8753,#8754);
#7567=AXIS2_PLACEMENT_3D('',#10994,#8755,#8756);
#7568=AXIS2_PLACEMENT_3D('',#10996,#8757,#8758);
#7569=AXIS2_PLACEMENT_3D('',#10998,#8760,#8761);
#7570=AXIS2_PLACEMENT_3D('',#11000,#8762,#8763);
#7571=AXIS2_PLACEMENT_3D('',#11002,#8764,#8765);
#7572=AXIS2_PLACEMENT_3D('',#11004,#8767,#8768);
#7573=AXIS2_PLACEMENT_3D('',#11010,#8772,#8773);
#7574=AXIS2_PLACEMENT_3D('',#11012,#8774,#8775);
#7575=AXIS2_PLACEMENT_3D('',#11014,#8776,#8777);
#7576=AXIS2_PLACEMENT_3D('',#11016,#8779,#8780);
#7577=AXIS2_PLACEMENT_3D('',#11018,#8781,#8782);
#7578=AXIS2_PLACEMENT_3D('',#11020,#8783,#8784);
#7579=AXIS2_PLACEMENT_3D('',#11022,#8786,#8787);
#7580=AXIS2_PLACEMENT_3D('',#11028,#8791,#8792);
#7581=AXIS2_PLACEMENT_3D('',#11030,#8793,#8794);
#7582=AXIS2_PLACEMENT_3D('',#11032,#8795,#8796);
#7583=AXIS2_PLACEMENT_3D('',#11034,#8798,#8799);
#7584=AXIS2_PLACEMENT_3D('',#11036,#8800,#8801);
#7585=AXIS2_PLACEMENT_3D('',#11038,#8802,#8803);
#7586=AXIS2_PLACEMENT_3D('',#11040,#8805,#8806);
#7587=AXIS2_PLACEMENT_3D('',#11041,#8807,#8808);
#7588=AXIS2_PLACEMENT_3D('',#11042,#8809,#8810);
#7589=AXIS2_PLACEMENT_3D('',#11043,#8811,#8812);
#7590=AXIS2_PLACEMENT_3D('',#11052,#8817,#8818);
#7591=AXIS2_PLACEMENT_3D('',#11054,#8819,#8820);
#7592=AXIS2_PLACEMENT_3D('',#11056,#8821,#8822);
#7593=AXIS2_PLACEMENT_3D('',#11058,#8824,#8825);
#7594=AXIS2_PLACEMENT_3D('',#11060,#8826,#8827);
#7595=AXIS2_PLACEMENT_3D('',#11062,#8828,#8829);
#7596=AXIS2_PLACEMENT_3D('',#11064,#8831,#8832);
#7597=AXIS2_PLACEMENT_3D('',#11070,#8836,#8837);
#7598=AXIS2_PLACEMENT_3D('',#11072,#8838,#8839);
#7599=AXIS2_PLACEMENT_3D('',#11074,#8840,#8841);
#7600=AXIS2_PLACEMENT_3D('',#11076,#8843,#8844);
#7601=AXIS2_PLACEMENT_3D('',#11078,#8845,#8846);
#7602=AXIS2_PLACEMENT_3D('',#11080,#8847,#8848);
#7603=AXIS2_PLACEMENT_3D('',#11082,#8850,#8851);
#7604=AXIS2_PLACEMENT_3D('',#11084,#8852,#8853);
#7605=AXIS2_PLACEMENT_3D('',#11086,#8854,#8855);
#7606=AXIS2_PLACEMENT_3D('',#11088,#8857,#8858);
#7607=AXIS2_PLACEMENT_3D('',#11094,#8862,#8863);
#7608=AXIS2_PLACEMENT_3D('',#11096,#8864,#8865);
#7609=AXIS2_PLACEMENT_3D('',#11098,#8866,#8867);
#7610=AXIS2_PLACEMENT_3D('',#11100,#8869,#8870);
#7611=AXIS2_PLACEMENT_3D('',#11102,#8871,#8872);
#7612=AXIS2_PLACEMENT_3D('',#11104,#8873,#8874);
#7613=AXIS2_PLACEMENT_3D('',#11106,#8876,#8877);
#7614=AXIS2_PLACEMENT_3D('',#11112,#8881,#8882);
#7615=AXIS2_PLACEMENT_3D('',#11114,#8883,#8884);
#7616=AXIS2_PLACEMENT_3D('',#11116,#8885,#8886);
#7617=AXIS2_PLACEMENT_3D('',#11118,#8888,#8889);
#7618=AXIS2_PLACEMENT_3D('',#11120,#8890,#8891);
#7619=AXIS2_PLACEMENT_3D('',#11122,#8892,#8893);
#7620=AXIS2_PLACEMENT_3D('',#11124,#8895,#8896);
#7621=AXIS2_PLACEMENT_3D('',#11125,#8897,#8898);
#7622=AXIS2_PLACEMENT_3D('',#11126,#8899,#8900);
#7623=AXIS2_PLACEMENT_3D('',#11127,#8901,#8902);
#7624=AXIS2_PLACEMENT_3D('',#11129,#8903,#8904);
#7625=AXIS2_PLACEMENT_3D('',#11132,#8906,#8907);
#7626=AXIS2_PLACEMENT_3D('',#11133,#8908,#8909);
#7627=AXIS2_PLACEMENT_3D('',#11134,#8910,#8911);
#7628=AXIS2_PLACEMENT_3D('',#11136,#8912,#8913);
#7629=AXIS2_PLACEMENT_3D('',#11139,#8915,#8916);
#7630=AXIS2_PLACEMENT_3D('',#11140,#8917,#8918);
#7631=AXIS2_PLACEMENT_3D('',#11141,#8919,#8920);
#7632=AXIS2_PLACEMENT_3D('',#11143,#8921,#8922);
#7633=AXIS2_PLACEMENT_3D('',#11146,#8924,#8925);
#7634=AXIS2_PLACEMENT_3D('',#11147,#8926,#8927);
#7635=AXIS2_PLACEMENT_3D('',#11148,#8928,#8929);
#7636=AXIS2_PLACEMENT_3D('',#11150,#8930,#8931);
#7637=AXIS2_PLACEMENT_3D('',#11153,#8933,#8934);
#7638=AXIS2_PLACEMENT_3D('',#11154,#8935,#8936);
#7639=AXIS2_PLACEMENT_3D('',#11155,#8937,#8938);
#7640=AXIS2_PLACEMENT_3D('',#11157,#8939,#8940);
#7641=AXIS2_PLACEMENT_3D('',#11160,#8942,#8943);
#7642=AXIS2_PLACEMENT_3D('',#11161,#8944,#8945);
#7643=AXIS2_PLACEMENT_3D('',#11162,#8946,#8947);
#7644=AXIS2_PLACEMENT_3D('',#11164,#8948,#8949);
#7645=AXIS2_PLACEMENT_3D('',#11167,#8951,#8952);
#7646=AXIS2_PLACEMENT_3D('',#11168,#8953,#8954);
#7647=AXIS2_PLACEMENT_3D('',#11169,#8955,#8956);
#7648=AXIS2_PLACEMENT_3D('',#11171,#8957,#8958);
#7649=AXIS2_PLACEMENT_3D('',#11174,#8960,#8961);
#7650=AXIS2_PLACEMENT_3D('',#11175,#8962,#8963);
#7651=AXIS2_PLACEMENT_3D('',#11176,#8964,#8965);
#7652=AXIS2_PLACEMENT_3D('',#11178,#8966,#8967);
#7653=AXIS2_PLACEMENT_3D('',#11181,#8969,#8970);
#7654=AXIS2_PLACEMENT_3D('',#11182,#8971,#8972);
#7655=AXIS2_PLACEMENT_3D('',#11183,#8973,#8974);
#7656=AXIS2_PLACEMENT_3D('',#11185,#8975,#8976);
#7657=AXIS2_PLACEMENT_3D('',#11188,#8978,#8979);
#7658=AXIS2_PLACEMENT_3D('',#11189,#8980,#8981);
#7659=AXIS2_PLACEMENT_3D('',#11190,#8982,#8983);
#7660=AXIS2_PLACEMENT_3D('',#11192,#8984,#8985);
#7661=AXIS2_PLACEMENT_3D('',#11195,#8987,#8988);
#7662=AXIS2_PLACEMENT_3D('',#11196,#8989,#8990);
#7663=AXIS2_PLACEMENT_3D('',#11197,#8991,#8992);
#7664=AXIS2_PLACEMENT_3D('',#11199,#8993,#8994);
#7665=AXIS2_PLACEMENT_3D('',#11202,#8996,#8997);
#7666=AXIS2_PLACEMENT_3D('',#11203,#8998,#8999);
#7667=AXIS2_PLACEMENT_3D('',#11205,#9000,#9001);
#7668=AXIS2_PLACEMENT_3D('',#11208,#9003,#9004);
#7669=AXIS2_PLACEMENT_3D('',#11209,#9005,#9006);
#7670=AXIS2_PLACEMENT_3D('',#11211,#9007,#9008);
#7671=AXIS2_PLACEMENT_3D('',#11214,#9010,#9011);
#7672=AXIS2_PLACEMENT_3D('',#11215,#9012,#9013);
#7673=AXIS2_PLACEMENT_3D('',#11217,#9014,#9015);
#7674=AXIS2_PLACEMENT_3D('',#11220,#9017,#9018);
#7675=AXIS2_PLACEMENT_3D('',#11221,#9019,#9020);
#7676=AXIS2_PLACEMENT_3D('',#11223,#9021,#9022);
#7677=AXIS2_PLACEMENT_3D('',#11226,#9024,#9025);
#7678=AXIS2_PLACEMENT_3D('',#11227,#9026,#9027);
#7679=AXIS2_PLACEMENT_3D('',#11229,#9028,#9029);
#7680=AXIS2_PLACEMENT_3D('',#11232,#9031,#9032);
#7681=AXIS2_PLACEMENT_3D('',#11233,#9033,#9034);
#7682=AXIS2_PLACEMENT_3D('',#11235,#9035,#9036);
#7683=AXIS2_PLACEMENT_3D('',#11238,#9038,#9039);
#7684=AXIS2_PLACEMENT_3D('',#11239,#9040,#9041);
#7685=AXIS2_PLACEMENT_3D('',#11241,#9042,#9043);
#7686=AXIS2_PLACEMENT_3D('',#11244,#9045,#9046);
#7687=AXIS2_PLACEMENT_3D('',#11245,#9047,#9048);
#7688=AXIS2_PLACEMENT_3D('',#11247,#9049,#9050);
#7689=AXIS2_PLACEMENT_3D('',#11250,#9052,#9053);
#7690=AXIS2_PLACEMENT_3D('',#11251,#9054,#9055);
#7691=AXIS2_PLACEMENT_3D('',#11253,#9056,#9057);
#7692=AXIS2_PLACEMENT_3D('',#11256,#9059,#9060);
#7693=AXIS2_PLACEMENT_3D('',#11257,#9061,#9062);
#7694=AXIS2_PLACEMENT_3D('',#11259,#9063,#9064);
#7695=AXIS2_PLACEMENT_3D('',#11262,#9066,#9067);
#7696=AXIS2_PLACEMENT_3D('',#11263,#9068,#9069);
#7697=AXIS2_PLACEMENT_3D('',#11265,#9070,#9071);
#7698=AXIS2_PLACEMENT_3D('',#11268,#9073,#9074);
#7699=AXIS2_PLACEMENT_3D('',#11269,#9075,#9076);
#7700=AXIS2_PLACEMENT_3D('',#11271,#9077,#9078);
#7701=AXIS2_PLACEMENT_3D('',#11274,#9080,#9081);
#7702=AXIS2_PLACEMENT_3D('',#11275,#9082,#9083);
#7703=AXIS2_PLACEMENT_3D('',#11277,#9084,#9085);
#7704=AXIS2_PLACEMENT_3D('',#11280,#9087,#9088);
#7705=AXIS2_PLACEMENT_3D('',#11281,#9089,#9090);
#7706=AXIS2_PLACEMENT_3D('',#11283,#9091,#9092);
#7707=AXIS2_PLACEMENT_3D('',#11286,#9094,#9095);
#7708=AXIS2_PLACEMENT_3D('',#11287,#9096,#9097);
#7709=AXIS2_PLACEMENT_3D('',#11289,#9098,#9099);
#7710=AXIS2_PLACEMENT_3D('',#11292,#9101,#9102);
#7711=AXIS2_PLACEMENT_3D('',#11293,#9103,#9104);
#7712=AXIS2_PLACEMENT_3D('',#11295,#9105,#9106);
#7713=AXIS2_PLACEMENT_3D('',#11298,#9108,#9109);
#7714=AXIS2_PLACEMENT_3D('',#11299,#9110,#9111);
#7715=AXIS2_PLACEMENT_3D('',#11301,#9112,#9113);
#7716=AXIS2_PLACEMENT_3D('',#11304,#9115,#9116);
#7717=AXIS2_PLACEMENT_3D('',#11305,#9117,#9118);
#7718=AXIS2_PLACEMENT_3D('',#11307,#9119,#9120);
#7719=AXIS2_PLACEMENT_3D('',#11310,#9122,#9123);
#7720=AXIS2_PLACEMENT_3D('',#11311,#9124,#9125);
#7721=AXIS2_PLACEMENT_3D('',#11313,#9126,#9127);
#7722=AXIS2_PLACEMENT_3D('',#11316,#9129,#9130);
#7723=AXIS2_PLACEMENT_3D('',#11317,#9131,#9132);
#7724=AXIS2_PLACEMENT_3D('',#11319,#9133,#9134);
#7725=AXIS2_PLACEMENT_3D('',#11322,#9136,#9137);
#7726=AXIS2_PLACEMENT_3D('',#11323,#9138,#9139);
#7727=AXIS2_PLACEMENT_3D('',#11325,#9140,#9141);
#7728=AXIS2_PLACEMENT_3D('',#11328,#9143,#9144);
#7729=AXIS2_PLACEMENT_3D('',#11329,#9145,#9146);
#7730=AXIS2_PLACEMENT_3D('',#11331,#9147,#9148);
#7731=AXIS2_PLACEMENT_3D('',#11334,#9150,#9151);
#7732=AXIS2_PLACEMENT_3D('',#11335,#9152,#9153);
#7733=AXIS2_PLACEMENT_3D('',#11337,#9154,#9155);
#7734=AXIS2_PLACEMENT_3D('',#11340,#9157,#9158);
#7735=AXIS2_PLACEMENT_3D('',#11341,#9159,#9160);
#7736=AXIS2_PLACEMENT_3D('',#11343,#9161,#9162);
#7737=AXIS2_PLACEMENT_3D('',#11346,#9164,#9165);
#7738=AXIS2_PLACEMENT_3D('',#11347,#9166,#9167);
#7739=AXIS2_PLACEMENT_3D('',#11349,#9168,#9169);
#7740=AXIS2_PLACEMENT_3D('',#11352,#9171,#9172);
#7741=AXIS2_PLACEMENT_3D('',#11353,#9173,#9174);
#7742=AXIS2_PLACEMENT_3D('',#11355,#9175,#9176);
#7743=AXIS2_PLACEMENT_3D('',#11358,#9178,#9179);
#7744=AXIS2_PLACEMENT_3D('',#11359,#9180,#9181);
#7745=AXIS2_PLACEMENT_3D('',#11361,#9182,#9183);
#7746=AXIS2_PLACEMENT_3D('',#11364,#9185,#9186);
#7747=AXIS2_PLACEMENT_3D('',#11365,#9187,#9188);
#7748=AXIS2_PLACEMENT_3D('',#11370,#9190,#9191);
#7749=AXIS2_PLACEMENT_3D('',#11373,#9193,#9194);
#7750=AXIS2_PLACEMENT_3D('',#11374,#9195,#9196);
#7751=AXIS2_PLACEMENT_3D('',#11376,#9198,#9199);
#7752=AXIS2_PLACEMENT_3D('',#11381,#9201,#9202);
#7753=AXIS2_PLACEMENT_3D('',#11384,#9204,#9205);
#7754=AXIS2_PLACEMENT_3D('',#11385,#9206,#9207);
#7755=AXIS2_PLACEMENT_3D('',#11387,#9209,#9210);
#7756=AXIS2_PLACEMENT_3D('',#11392,#9212,#9213);
#7757=AXIS2_PLACEMENT_3D('',#11395,#9215,#9216);
#7758=AXIS2_PLACEMENT_3D('',#11396,#9217,#9218);
#7759=AXIS2_PLACEMENT_3D('',#11398,#9220,#9221);
#7760=AXIS2_PLACEMENT_3D('',#11403,#9223,#9224);
#7761=AXIS2_PLACEMENT_3D('',#11406,#9226,#9227);
#7762=AXIS2_PLACEMENT_3D('',#11407,#9228,#9229);
#7763=AXIS2_PLACEMENT_3D('',#11409,#9231,#9232);
#7764=AXIS2_PLACEMENT_3D('',#11414,#9234,#9235);
#7765=AXIS2_PLACEMENT_3D('',#11417,#9237,#9238);
#7766=AXIS2_PLACEMENT_3D('',#11418,#9239,#9240);
#7767=AXIS2_PLACEMENT_3D('',#11420,#9242,#9243);
#7768=AXIS2_PLACEMENT_3D('',#11425,#9245,#9246);
#7769=AXIS2_PLACEMENT_3D('',#11428,#9248,#9249);
#7770=AXIS2_PLACEMENT_3D('',#11429,#9250,#9251);
#7771=AXIS2_PLACEMENT_3D('',#11431,#9253,#9254);
#7772=AXIS2_PLACEMENT_3D('',#11436,#9256,#9257);
#7773=AXIS2_PLACEMENT_3D('',#11439,#9259,#9260);
#7774=AXIS2_PLACEMENT_3D('',#11440,#9261,#9262);
#7775=AXIS2_PLACEMENT_3D('',#11442,#9264,#9265);
#7776=AXIS2_PLACEMENT_3D('',#11447,#9267,#9268);
#7777=AXIS2_PLACEMENT_3D('',#11450,#9270,#9271);
#7778=AXIS2_PLACEMENT_3D('',#11451,#9272,#9273);
#7779=AXIS2_PLACEMENT_3D('',#11453,#9275,#9276);
#7780=AXIS2_PLACEMENT_3D('',#11458,#9278,#9279);
#7781=AXIS2_PLACEMENT_3D('',#11461,#9281,#9282);
#7782=AXIS2_PLACEMENT_3D('',#11462,#9283,#9284);
#7783=AXIS2_PLACEMENT_3D('',#11464,#9286,#9287);
#7784=AXIS2_PLACEMENT_3D('',#11469,#9289,#9290);
#7785=AXIS2_PLACEMENT_3D('',#11472,#9292,#9293);
#7786=AXIS2_PLACEMENT_3D('',#11473,#9294,#9295);
#7787=AXIS2_PLACEMENT_3D('',#11475,#9297,#9298);
#7788=AXIS2_PLACEMENT_3D('',#11480,#9300,#9301);
#7789=AXIS2_PLACEMENT_3D('',#11483,#9303,#9304);
#7790=AXIS2_PLACEMENT_3D('',#11484,#9305,#9306);
#7791=AXIS2_PLACEMENT_3D('',#11486,#9308,#9309);
#7792=AXIS2_PLACEMENT_3D('',#11491,#9311,#9312);
#7793=AXIS2_PLACEMENT_3D('',#11494,#9314,#9315);
#7794=AXIS2_PLACEMENT_3D('',#11495,#9316,#9317);
#7795=AXIS2_PLACEMENT_3D('',#11497,#9319,#9320);
#7796=AXIS2_PLACEMENT_3D('',#11502,#9322,#9323);
#7797=AXIS2_PLACEMENT_3D('',#11505,#9325,#9326);
#7798=AXIS2_PLACEMENT_3D('',#11506,#9327,#9328);
#7799=AXIS2_PLACEMENT_3D('',#11508,#9330,#9331);
#7800=AXIS2_PLACEMENT_3D('',#11513,#9333,#9334);
#7801=AXIS2_PLACEMENT_3D('',#11516,#9336,#9337);
#7802=AXIS2_PLACEMENT_3D('',#11517,#9338,#9339);
#7803=AXIS2_PLACEMENT_3D('',#11519,#9341,#9342);
#7804=AXIS2_PLACEMENT_3D('',#11524,#9344,#9345);
#7805=AXIS2_PLACEMENT_3D('',#11527,#9347,#9348);
#7806=AXIS2_PLACEMENT_3D('',#11528,#9349,#9350);
#7807=AXIS2_PLACEMENT_3D('',#11530,#9352,#9353);
#7808=AXIS2_PLACEMENT_3D('',#11535,#9355,#9356);
#7809=AXIS2_PLACEMENT_3D('',#11538,#9358,#9359);
#7810=AXIS2_PLACEMENT_3D('',#11539,#9360,#9361);
#7811=AXIS2_PLACEMENT_3D('',#11541,#9363,#9364);
#7812=AXIS2_PLACEMENT_3D('',#11546,#9366,#9367);
#7813=AXIS2_PLACEMENT_3D('',#11549,#9369,#9370);
#7814=AXIS2_PLACEMENT_3D('',#11550,#9371,#9372);
#7815=AXIS2_PLACEMENT_3D('',#11552,#9374,#9375);
#7816=AXIS2_PLACEMENT_3D('',#11557,#9377,#9378);
#7817=AXIS2_PLACEMENT_3D('',#11560,#9380,#9381);
#7818=AXIS2_PLACEMENT_3D('',#11561,#9382,#9383);
#7819=AXIS2_PLACEMENT_3D('',#11563,#9385,#9386);
#7820=AXIS2_PLACEMENT_3D('',#11568,#9388,#9389);
#7821=AXIS2_PLACEMENT_3D('',#11571,#9391,#9392);
#7822=AXIS2_PLACEMENT_3D('',#11572,#9393,#9394);
#7823=AXIS2_PLACEMENT_3D('',#11574,#9396,#9397);
#7824=AXIS2_PLACEMENT_3D('',#11579,#9399,#9400);
#7825=AXIS2_PLACEMENT_3D('',#11582,#9402,#9403);
#7826=AXIS2_PLACEMENT_3D('',#11583,#9404,#9405);
#7827=AXIS2_PLACEMENT_3D('',#11585,#9407,#9408);
#7828=AXIS2_PLACEMENT_3D('',#11587,#9409,#9410);
#7829=AXIS2_PLACEMENT_3D('',#11591,#9412,#9413);
#7830=AXIS2_PLACEMENT_3D('',#11595,#9415,#9416);
#7831=AXIS2_PLACEMENT_3D('',#11599,#9418,#9419);
#7832=AXIS2_PLACEMENT_3D('',#11603,#9421,#9422);
#7833=AXIS2_PLACEMENT_3D('',#11608,#9425,#9426);
#7834=AXIS2_PLACEMENT_3D('',#11612,#9428,#9429);
#7835=AXIS2_PLACEMENT_3D('',#11616,#9431,#9432);
#7836=AXIS2_PLACEMENT_3D('',#11620,#9434,#9435);
#7837=AXIS2_PLACEMENT_3D('',#11625,#9438,#9439);
#7838=AXIS2_PLACEMENT_3D('',#11629,#9441,#9442);
#7839=AXIS2_PLACEMENT_3D('',#11633,#9444,#9445);
#7840=AXIS2_PLACEMENT_3D('',#11637,#9447,#9448);
#7841=AXIS2_PLACEMENT_3D('',#11642,#9451,#9452);
#7842=AXIS2_PLACEMENT_3D('',#11646,#9454,#9455);
#7843=AXIS2_PLACEMENT_3D('',#11650,#9457,#9458);
#7844=AXIS2_PLACEMENT_3D('',#11654,#9460,#9461);
#7845=AXIS2_PLACEMENT_3D('',#11659,#9464,#9465);
#7846=AXIS2_PLACEMENT_3D('',#11663,#9467,#9468);
#7847=AXIS2_PLACEMENT_3D('',#11667,#9470,#9471);
#7848=AXIS2_PLACEMENT_3D('',#11671,#9473,#9474);
#7849=AXIS2_PLACEMENT_3D('',#11676,#9477,#9478);
#7850=AXIS2_PLACEMENT_3D('',#11680,#9480,#9481);
#7851=AXIS2_PLACEMENT_3D('',#11684,#9483,#9484);
#7852=AXIS2_PLACEMENT_3D('',#11688,#9486,#9487);
#7853=AXIS2_PLACEMENT_3D('',#11693,#9490,#9491);
#7854=AXIS2_PLACEMENT_3D('',#11697,#9493,#9494);
#7855=AXIS2_PLACEMENT_3D('',#11701,#9496,#9497);
#7856=AXIS2_PLACEMENT_3D('',#11705,#9499,#9500);
#7857=AXIS2_PLACEMENT_3D('',#11710,#9503,#9504);
#7858=AXIS2_PLACEMENT_3D('',#11714,#9506,#9507);
#7859=AXIS2_PLACEMENT_3D('',#11718,#9509,#9510);
#7860=AXIS2_PLACEMENT_3D('',#11722,#9512,#9513);
#7861=AXIS2_PLACEMENT_3D('',#11727,#9516,#9517);
#7862=AXIS2_PLACEMENT_3D('',#11731,#9519,#9520);
#7863=AXIS2_PLACEMENT_3D('',#11735,#9522,#9523);
#7864=AXIS2_PLACEMENT_3D('',#11739,#9525,#9526);
#7865=AXIS2_PLACEMENT_3D('',#11744,#9529,#9530);
#7866=AXIS2_PLACEMENT_3D('',#11748,#9532,#9533);
#7867=AXIS2_PLACEMENT_3D('',#11752,#9535,#9536);
#7868=AXIS2_PLACEMENT_3D('',#11756,#9538,#9539);
#7869=AXIS2_PLACEMENT_3D('',#11761,#9542,#9543);
#7870=AXIS2_PLACEMENT_3D('',#11765,#9545,#9546);
#7871=AXIS2_PLACEMENT_3D('',#11769,#9548,#9549);
#7872=AXIS2_PLACEMENT_3D('',#11773,#9551,#9552);
#7873=AXIS2_PLACEMENT_3D('',#11778,#9555,#9556);
#7874=AXIS2_PLACEMENT_3D('',#11782,#9558,#9559);
#7875=AXIS2_PLACEMENT_3D('',#11786,#9561,#9562);
#7876=AXIS2_PLACEMENT_3D('',#11790,#9564,#9565);
#7877=AXIS2_PLACEMENT_3D('',#11795,#9568,#9569);
#7878=AXIS2_PLACEMENT_3D('',#11799,#9571,#9572);
#7879=AXIS2_PLACEMENT_3D('',#11803,#9574,#9575);
#7880=AXIS2_PLACEMENT_3D('',#11807,#9577,#9578);
#7881=AXIS2_PLACEMENT_3D('',#11812,#9581,#9582);
#7882=AXIS2_PLACEMENT_3D('',#11816,#9584,#9585);
#7883=AXIS2_PLACEMENT_3D('',#11820,#9587,#9588);
#7884=AXIS2_PLACEMENT_3D('',#11824,#9590,#9591);
#7885=AXIS2_PLACEMENT_3D('',#11829,#9594,#9595);
#7886=AXIS2_PLACEMENT_3D('',#11833,#9597,#9598);
#7887=AXIS2_PLACEMENT_3D('',#11837,#9600,#9601);
#7888=AXIS2_PLACEMENT_3D('',#11841,#9603,#9604);
#7889=AXIS2_PLACEMENT_3D('',#11846,#9607,#9608);
#7890=AXIS2_PLACEMENT_3D('',#11850,#9610,#9611);
#7891=AXIS2_PLACEMENT_3D('',#11854,#9613,#9614);
#7892=AXIS2_PLACEMENT_3D('',#11858,#9616,#9617);
#7893=AXIS2_PLACEMENT_3D('',#11863,#9620,#9621);
#7894=AXIS2_PLACEMENT_3D('',#11867,#9623,#9624);
#7895=AXIS2_PLACEMENT_3D('',#11871,#9626,#9627);
#7896=AXIS2_PLACEMENT_3D('',#11875,#9629,#9630);
#7897=AXIS2_PLACEMENT_3D('',#11880,#9633,#9634);
#7898=AXIS2_PLACEMENT_3D('',#11884,#9636,#9637);
#7899=AXIS2_PLACEMENT_3D('',#11888,#9639,#9640);
#7900=AXIS2_PLACEMENT_3D('',#11892,#9642,#9643);
#7901=AXIS2_PLACEMENT_3D('',#11897,#9646,#9647);
#7902=AXIS2_PLACEMENT_3D('',#11901,#9649,#9650);
#7903=AXIS2_PLACEMENT_3D('',#11905,#9652,#9653);
#7904=AXIS2_PLACEMENT_3D('',#11909,#9655,#9656);
#7905=AXIS2_PLACEMENT_3D('',#11914,#9659,#9660);
#7906=AXIS2_PLACEMENT_3D('',#11918,#9662,#9663);
#7907=AXIS2_PLACEMENT_3D('',#11922,#9665,#9666);
#7908=AXIS2_PLACEMENT_3D('',#11926,#9668,#9669);
#7909=AXIS2_PLACEMENT_3D('',#11929,#9671,#9672);
#7910=AXIS2_PLACEMENT_3D('',#11930,#9673,#9674);
#7911=AXIS2_PLACEMENT_3D('',#11936,#9678,#9679);
#7912=AXIS2_PLACEMENT_3D('',#11939,#9681,#9682);
#7913=AXIS2_PLACEMENT_3D('',#11940,#9683,#9684);
#7914=AXIS2_PLACEMENT_3D('',#11944,#9687,#9688);
#7915=AXIS2_PLACEMENT_3D('',#11947,#9690,#9691);
#7916=AXIS2_PLACEMENT_3D('',#11948,#9692,#9693);
#7917=AXIS2_PLACEMENT_3D('',#11952,#9696,#9697);
#7918=AXIS2_PLACEMENT_3D('',#11955,#9699,#9700);
#7919=AXIS2_PLACEMENT_3D('',#11956,#9701,#9702);
#7920=AXIS2_PLACEMENT_3D('',#11960,#9705,#9706);
#7921=AXIS2_PLACEMENT_3D('',#11961,#9707,#9708);
#7922=AXIS2_PLACEMENT_3D('',#11962,#9709,#9710);
#7923=AXIS2_PLACEMENT_3D('',#11963,#9711,#9712);
#7924=AXIS2_PLACEMENT_3D('',#11969,#9716,#9717);
#7925=AXIS2_PLACEMENT_3D('',#11972,#9719,#9720);
#7926=AXIS2_PLACEMENT_3D('',#11973,#9721,#9722);
#7927=AXIS2_PLACEMENT_3D('',#11977,#9725,#9726);
#7928=AXIS2_PLACEMENT_3D('',#11980,#9728,#9729);
#7929=AXIS2_PLACEMENT_3D('',#11981,#9730,#9731);
#7930=AXIS2_PLACEMENT_3D('',#11985,#9734,#9735);
#7931=AXIS2_PLACEMENT_3D('',#11988,#9737,#9738);
#7932=AXIS2_PLACEMENT_3D('',#11989,#9739,#9740);
#7933=AXIS2_PLACEMENT_3D('',#11993,#9743,#9744);
#7934=AXIS2_PLACEMENT_3D('',#11994,#9745,#9746);
#7935=AXIS2_PLACEMENT_3D('',#11995,#9747,#9748);
#7936=AXIS2_PLACEMENT_3D('',#11996,#9749,#9750);
#7937=AXIS2_PLACEMENT_3D('',#12002,#9754,#9755);
#7938=AXIS2_PLACEMENT_3D('',#12005,#9757,#9758);
#7939=AXIS2_PLACEMENT_3D('',#12006,#9759,#9760);
#7940=AXIS2_PLACEMENT_3D('',#12010,#9763,#9764);
#7941=AXIS2_PLACEMENT_3D('',#12013,#9766,#9767);
#7942=AXIS2_PLACEMENT_3D('',#12014,#9768,#9769);
#7943=AXIS2_PLACEMENT_3D('',#12018,#9772,#9773);
#7944=AXIS2_PLACEMENT_3D('',#12021,#9775,#9776);
#7945=AXIS2_PLACEMENT_3D('',#12022,#9777,#9778);
#7946=AXIS2_PLACEMENT_3D('',#12026,#9781,#9782);
#7947=AXIS2_PLACEMENT_3D('',#12027,#9783,#9784);
#7948=AXIS2_PLACEMENT_3D('',#12028,#9785,#9786);
#7949=AXIS2_PLACEMENT_3D('',#12029,#9787,#9788);
#7950=AXIS2_PLACEMENT_3D('',#12035,#9792,#9793);
#7951=AXIS2_PLACEMENT_3D('',#12038,#9795,#9796);
#7952=AXIS2_PLACEMENT_3D('',#12039,#9797,#9798);
#7953=AXIS2_PLACEMENT_3D('',#12043,#9801,#9802);
#7954=AXIS2_PLACEMENT_3D('',#12046,#9804,#9805);
#7955=AXIS2_PLACEMENT_3D('',#12047,#9806,#9807);
#7956=AXIS2_PLACEMENT_3D('',#12051,#9810,#9811);
#7957=AXIS2_PLACEMENT_3D('',#12054,#9813,#9814);
#7958=AXIS2_PLACEMENT_3D('',#12055,#9815,#9816);
#7959=AXIS2_PLACEMENT_3D('',#12059,#9819,#9820);
#7960=AXIS2_PLACEMENT_3D('',#12060,#9821,#9822);
#7961=AXIS2_PLACEMENT_3D('',#12061,#9823,#9824);
#7962=AXIS2_PLACEMENT_3D('',#12062,#9825,#9826);
#7963=AXIS2_PLACEMENT_3D('',#12068,#9830,#9831);
#7964=AXIS2_PLACEMENT_3D('',#12071,#9833,#9834);
#7965=AXIS2_PLACEMENT_3D('',#12072,#9835,#9836);
#7966=AXIS2_PLACEMENT_3D('',#12076,#9839,#9840);
#7967=AXIS2_PLACEMENT_3D('',#12079,#9842,#9843);
#7968=AXIS2_PLACEMENT_3D('',#12080,#9844,#9845);
#7969=AXIS2_PLACEMENT_3D('',#12084,#9848,#9849);
#7970=AXIS2_PLACEMENT_3D('',#12087,#9851,#9852);
#7971=AXIS2_PLACEMENT_3D('',#12088,#9853,#9854);
#7972=AXIS2_PLACEMENT_3D('',#12092,#9857,#9858);
#7973=AXIS2_PLACEMENT_3D('',#12093,#9859,#9860);
#7974=AXIS2_PLACEMENT_3D('',#12094,#9861,#9862);
#7975=AXIS2_PLACEMENT_3D('',#12095,#9863,#9864);
#7976=AXIS2_PLACEMENT_3D('',#12099,#9866,#9867);
#7977=AXIS2_PLACEMENT_3D('',#12101,#9869,#9870);
#7978=AXIS2_PLACEMENT_3D('',#12105,#9873,#9874);
#7979=AXIS2_PLACEMENT_3D('',#12108,#9876,#9877);
#7980=AXIS2_PLACEMENT_3D('',#12109,#9878,#9879);
#7981=AXIS2_PLACEMENT_3D('',#12113,#9882,#9883);
#7982=AXIS2_PLACEMENT_3D('',#12116,#9885,#9886);
#7983=AXIS2_PLACEMENT_3D('',#12117,#9887,#9888);
#7984=AXIS2_PLACEMENT_3D('',#12121,#9891,#9892);
#7985=AXIS2_PLACEMENT_3D('',#12124,#9894,#9895);
#7986=AXIS2_PLACEMENT_3D('',#12125,#9896,#9897);
#7987=AXIS2_PLACEMENT_3D('',#12127,#9899,#9900);
#7988=AXIS2_PLACEMENT_3D('',#12128,#9901,#9902);
#7989=AXIS2_PLACEMENT_3D('',#12134,#9906,#9907);
#7990=AXIS2_PLACEMENT_3D('',#12137,#9909,#9910);
#7991=AXIS2_PLACEMENT_3D('',#12138,#9911,#9912);
#7992=AXIS2_PLACEMENT_3D('',#12142,#9915,#9916);
#7993=AXIS2_PLACEMENT_3D('',#12145,#9918,#9919);
#7994=AXIS2_PLACEMENT_3D('',#12146,#9920,#9921);
#7995=AXIS2_PLACEMENT_3D('',#12150,#9924,#9925);
#7996=AXIS2_PLACEMENT_3D('',#12153,#9927,#9928);
#7997=AXIS2_PLACEMENT_3D('',#12154,#9929,#9930);
#7998=AXIS2_PLACEMENT_3D('',#12158,#9933,#9934);
#7999=AXIS2_PLACEMENT_3D('',#12159,#9935,#9936);
#8000=AXIS2_PLACEMENT_3D('',#12160,#9937,#9938);
#8001=AXIS2_PLACEMENT_3D('',#12161,#9939,#9940);
#8002=AXIS2_PLACEMENT_3D('',#12167,#9944,#9945);
#8003=AXIS2_PLACEMENT_3D('',#12170,#9947,#9948);
#8004=AXIS2_PLACEMENT_3D('',#12171,#9949,#9950);
#8005=AXIS2_PLACEMENT_3D('',#12175,#9953,#9954);
#8006=AXIS2_PLACEMENT_3D('',#12178,#9956,#9957);
#8007=AXIS2_PLACEMENT_3D('',#12179,#9958,#9959);
#8008=AXIS2_PLACEMENT_3D('',#12183,#9962,#9963);
#8009=AXIS2_PLACEMENT_3D('',#12186,#9965,#9966);
#8010=AXIS2_PLACEMENT_3D('',#12187,#9967,#9968);
#8011=AXIS2_PLACEMENT_3D('',#12191,#9971,#9972);
#8012=AXIS2_PLACEMENT_3D('',#12192,#9973,#9974);
#8013=AXIS2_PLACEMENT_3D('',#12193,#9975,#9976);
#8014=AXIS2_PLACEMENT_3D('',#12194,#9977,#9978);
#8015=AXIS2_PLACEMENT_3D('',#12200,#9982,#9983);
#8016=AXIS2_PLACEMENT_3D('',#12203,#9985,#9986);
#8017=AXIS2_PLACEMENT_3D('',#12204,#9987,#9988);
#8018=AXIS2_PLACEMENT_3D('',#12208,#9991,#9992);
#8019=AXIS2_PLACEMENT_3D('',#12211,#9994,#9995);
#8020=AXIS2_PLACEMENT_3D('',#12212,#9996,#9997);
#8021=AXIS2_PLACEMENT_3D('',#12216,#10000,#10001);
#8022=AXIS2_PLACEMENT_3D('',#12219,#10003,#10004);
#8023=AXIS2_PLACEMENT_3D('',#12220,#10005,#10006);
#8024=AXIS2_PLACEMENT_3D('',#12224,#10009,#10010);
#8025=AXIS2_PLACEMENT_3D('',#12225,#10011,#10012);
#8026=AXIS2_PLACEMENT_3D('',#12226,#10013,#10014);
#8027=AXIS2_PLACEMENT_3D('',#12227,#10015,#10016);
#8028=AXIS2_PLACEMENT_3D('',#12233,#10020,#10021);
#8029=AXIS2_PLACEMENT_3D('',#12236,#10023,#10024);
#8030=AXIS2_PLACEMENT_3D('',#12237,#10025,#10026);
#8031=AXIS2_PLACEMENT_3D('',#12241,#10029,#10030);
#8032=AXIS2_PLACEMENT_3D('',#12244,#10032,#10033);
#8033=AXIS2_PLACEMENT_3D('',#12245,#10034,#10035);
#8034=AXIS2_PLACEMENT_3D('',#12249,#10038,#10039);
#8035=AXIS2_PLACEMENT_3D('',#12252,#10041,#10042);
#8036=AXIS2_PLACEMENT_3D('',#12253,#10043,#10044);
#8037=AXIS2_PLACEMENT_3D('',#12257,#10047,#10048);
#8038=AXIS2_PLACEMENT_3D('',#12258,#10049,#10050);
#8039=AXIS2_PLACEMENT_3D('',#12259,#10051,#10052);
#8040=AXIS2_PLACEMENT_3D('',#12260,#10053,#10054);
#8041=AXIS2_PLACEMENT_3D('',#12266,#10058,#10059);
#8042=AXIS2_PLACEMENT_3D('',#12269,#10061,#10062);
#8043=AXIS2_PLACEMENT_3D('',#12270,#10063,#10064);
#8044=AXIS2_PLACEMENT_3D('',#12274,#10067,#10068);
#8045=AXIS2_PLACEMENT_3D('',#12277,#10070,#10071);
#8046=AXIS2_PLACEMENT_3D('',#12278,#10072,#10073);
#8047=AXIS2_PLACEMENT_3D('',#12282,#10076,#10077);
#8048=AXIS2_PLACEMENT_3D('',#12285,#10079,#10080);
#8049=AXIS2_PLACEMENT_3D('',#12286,#10081,#10082);
#8050=AXIS2_PLACEMENT_3D('',#12290,#10085,#10086);
#8051=AXIS2_PLACEMENT_3D('',#12291,#10087,#10088);
#8052=AXIS2_PLACEMENT_3D('',#12292,#10089,#10090);
#8053=AXIS2_PLACEMENT_3D('',#12293,#10091,#10092);
#8054=AXIS2_PLACEMENT_3D('',#12297,#10094,#10095);
#8055=AXIS2_PLACEMENT_3D('',#12299,#10097,#10098);
#8056=AXIS2_PLACEMENT_3D('',#12303,#10101,#10102);
#8057=AXIS2_PLACEMENT_3D('',#12306,#10104,#10105);
#8058=AXIS2_PLACEMENT_3D('',#12307,#10106,#10107);
#8059=AXIS2_PLACEMENT_3D('',#12311,#10110,#10111);
#8060=AXIS2_PLACEMENT_3D('',#12314,#10113,#10114);
#8061=AXIS2_PLACEMENT_3D('',#12315,#10115,#10116);
#8062=AXIS2_PLACEMENT_3D('',#12319,#10119,#10120);
#8063=AXIS2_PLACEMENT_3D('',#12322,#10122,#10123);
#8064=AXIS2_PLACEMENT_3D('',#12323,#10124,#10125);
#8065=AXIS2_PLACEMENT_3D('',#12325,#10127,#10128);
#8066=AXIS2_PLACEMENT_3D('',#12326,#10129,#10130);
#8067=AXIS2_PLACEMENT_3D('',#12332,#10134,#10135);
#8068=AXIS2_PLACEMENT_3D('',#12335,#10137,#10138);
#8069=AXIS2_PLACEMENT_3D('',#12336,#10139,#10140);
#8070=AXIS2_PLACEMENT_3D('',#12340,#10143,#10144);
#8071=AXIS2_PLACEMENT_3D('',#12343,#10146,#10147);
#8072=AXIS2_PLACEMENT_3D('',#12344,#10148,#10149);
#8073=AXIS2_PLACEMENT_3D('',#12348,#10152,#10153);
#8074=AXIS2_PLACEMENT_3D('',#12351,#10155,#10156);
#8075=AXIS2_PLACEMENT_3D('',#12352,#10157,#10158);
#8076=AXIS2_PLACEMENT_3D('',#12356,#10161,#10162);
#8077=AXIS2_PLACEMENT_3D('',#12357,#10163,#10164);
#8078=AXIS2_PLACEMENT_3D('',#12358,#10165,#10166);
#8079=AXIS2_PLACEMENT_3D('',#12359,#10167,#10168);
#8080=AXIS2_PLACEMENT_3D('',#12365,#10172,#10173);
#8081=AXIS2_PLACEMENT_3D('',#12368,#10175,#10176);
#8082=AXIS2_PLACEMENT_3D('',#12369,#10177,#10178);
#8083=AXIS2_PLACEMENT_3D('',#12373,#10181,#10182);
#8084=AXIS2_PLACEMENT_3D('',#12376,#10184,#10185);
#8085=AXIS2_PLACEMENT_3D('',#12377,#10186,#10187);
#8086=AXIS2_PLACEMENT_3D('',#12381,#10190,#10191);
#8087=AXIS2_PLACEMENT_3D('',#12384,#10193,#10194);
#8088=AXIS2_PLACEMENT_3D('',#12385,#10195,#10196);
#8089=AXIS2_PLACEMENT_3D('',#12389,#10199,#10200);
#8090=AXIS2_PLACEMENT_3D('',#12390,#10201,#10202);
#8091=AXIS2_PLACEMENT_3D('',#12391,#10203,#10204);
#8092=AXIS2_PLACEMENT_3D('',#12392,#10205,#10206);
#8093=AXIS2_PLACEMENT_3D('',#12398,#10210,#10211);
#8094=AXIS2_PLACEMENT_3D('',#12401,#10213,#10214);
#8095=AXIS2_PLACEMENT_3D('',#12402,#10215,#10216);
#8096=AXIS2_PLACEMENT_3D('',#12406,#10219,#10220);
#8097=AXIS2_PLACEMENT_3D('',#12409,#10222,#10223);
#8098=AXIS2_PLACEMENT_3D('',#12410,#10224,#10225);
#8099=AXIS2_PLACEMENT_3D('',#12414,#10228,#10229);
#8100=AXIS2_PLACEMENT_3D('',#12417,#10231,#10232);
#8101=AXIS2_PLACEMENT_3D('',#12418,#10233,#10234);
#8102=AXIS2_PLACEMENT_3D('',#12422,#10237,#10238);
#8103=AXIS2_PLACEMENT_3D('',#12423,#10239,#10240);
#8104=AXIS2_PLACEMENT_3D('',#12424,#10241,#10242);
#8105=AXIS2_PLACEMENT_3D('',#12425,#10243,#10244);
#8106=AXIS2_PLACEMENT_3D('',#12431,#10248,#10249);
#8107=AXIS2_PLACEMENT_3D('',#12434,#10251,#10252);
#8108=AXIS2_PLACEMENT_3D('',#12435,#10253,#10254);
#8109=AXIS2_PLACEMENT_3D('',#12439,#10257,#10258);
#8110=AXIS2_PLACEMENT_3D('',#12442,#10260,#10261);
#8111=AXIS2_PLACEMENT_3D('',#12443,#10262,#10263);
#8112=AXIS2_PLACEMENT_3D('',#12447,#10266,#10267);
#8113=AXIS2_PLACEMENT_3D('',#12450,#10269,#10270);
#8114=AXIS2_PLACEMENT_3D('',#12451,#10271,#10272);
#8115=AXIS2_PLACEMENT_3D('',#12455,#10275,#10276);
#8116=AXIS2_PLACEMENT_3D('',#12456,#10277,#10278);
#8117=AXIS2_PLACEMENT_3D('',#12457,#10279,#10280);
#8118=AXIS2_PLACEMENT_3D('',#12458,#10281,#10282);
#8119=AXIS2_PLACEMENT_3D('',#12464,#10286,#10287);
#8120=AXIS2_PLACEMENT_3D('',#12467,#10289,#10290);
#8121=AXIS2_PLACEMENT_3D('',#12468,#10291,#10292);
#8122=AXIS2_PLACEMENT_3D('',#12472,#10295,#10296);
#8123=AXIS2_PLACEMENT_3D('',#12475,#10298,#10299);
#8124=AXIS2_PLACEMENT_3D('',#12476,#10300,#10301);
#8125=AXIS2_PLACEMENT_3D('',#12480,#10304,#10305);
#8126=AXIS2_PLACEMENT_3D('',#12483,#10307,#10308);
#8127=AXIS2_PLACEMENT_3D('',#12484,#10309,#10310);
#8128=AXIS2_PLACEMENT_3D('',#12488,#10313,#10314);
#8129=AXIS2_PLACEMENT_3D('',#12489,#10315,#10316);
#8130=AXIS2_PLACEMENT_3D('',#12490,#10317,#10318);
#8131=AXIS2_PLACEMENT_3D('',#12491,#10319,#10320);
#8132=AXIS2_PLACEMENT_3D('',#12495,#10322,#10323);
#8133=AXIS2_PLACEMENT_3D('',#12497,#10325,#10326);
#8134=AXIS2_PLACEMENT_3D('',#12501,#10329,#10330);
#8135=AXIS2_PLACEMENT_3D('',#12504,#10332,#10333);
#8136=AXIS2_PLACEMENT_3D('',#12505,#10334,#10335);
#8137=AXIS2_PLACEMENT_3D('',#12509,#10338,#10339);
#8138=AXIS2_PLACEMENT_3D('',#12512,#10341,#10342);
#8139=AXIS2_PLACEMENT_3D('',#12513,#10343,#10344);
#8140=AXIS2_PLACEMENT_3D('',#12517,#10347,#10348);
#8141=AXIS2_PLACEMENT_3D('',#12520,#10350,#10351);
#8142=AXIS2_PLACEMENT_3D('',#12521,#10352,#10353);
#8143=AXIS2_PLACEMENT_3D('',#12523,#10355,#10356);
#8144=AXIS2_PLACEMENT_3D('',#12524,#10357,#10358);
#8145=AXIS2_PLACEMENT_3D('',#12530,#10362,#10363);
#8146=AXIS2_PLACEMENT_3D('',#12533,#10365,#10366);
#8147=AXIS2_PLACEMENT_3D('',#12534,#10367,#10368);
#8148=AXIS2_PLACEMENT_3D('',#12538,#10371,#10372);
#8149=AXIS2_PLACEMENT_3D('',#12541,#10374,#10375);
#8150=AXIS2_PLACEMENT_3D('',#12542,#10376,#10377);
#8151=AXIS2_PLACEMENT_3D('',#12546,#10380,#10381);
#8152=AXIS2_PLACEMENT_3D('',#12549,#10383,#10384);
#8153=AXIS2_PLACEMENT_3D('',#12550,#10385,#10386);
#8154=AXIS2_PLACEMENT_3D('',#12554,#10389,#10390);
#8155=AXIS2_PLACEMENT_3D('',#12555,#10391,#10392);
#8156=AXIS2_PLACEMENT_3D('',#12556,#10393,#10394);
#8157=AXIS2_PLACEMENT_3D('',#12557,#10395,#10396);
#8158=AXIS2_PLACEMENT_3D('',#12563,#10400,#10401);
#8159=AXIS2_PLACEMENT_3D('',#12566,#10403,#10404);
#8160=AXIS2_PLACEMENT_3D('',#12567,#10405,#10406);
#8161=AXIS2_PLACEMENT_3D('',#12571,#10409,#10410);
#8162=AXIS2_PLACEMENT_3D('',#12574,#10412,#10413);
#8163=AXIS2_PLACEMENT_3D('',#12575,#10414,#10415);
#8164=AXIS2_PLACEMENT_3D('',#12579,#10418,#10419);
#8165=AXIS2_PLACEMENT_3D('',#12582,#10421,#10422);
#8166=AXIS2_PLACEMENT_3D('',#12583,#10423,#10424);
#8167=AXIS2_PLACEMENT_3D('',#12587,#10427,#10428);
#8168=AXIS2_PLACEMENT_3D('',#12588,#10429,#10430);
#8169=AXIS2_PLACEMENT_3D('',#12589,#10431,#10432);
#8170=AXIS2_PLACEMENT_3D('',#12590,#10433,#10434);
#8171=AXIS2_PLACEMENT_3D('',#12593,#10436,#10437);
#8172=AXIS2_PLACEMENT_3D('',#12594,#10438,#10439);
#8173=AXIS2_PLACEMENT_3D('',#12597,#10441,#10442);
#8174=AXIS2_PLACEMENT_3D('',#12598,#10443,#10444);
#8175=AXIS2_PLACEMENT_3D('',#12600,#10445,#10446);
#8176=AXIS2_PLACEMENT_3D('',#12603,#10448,#10449);
#8177=AXIS2_PLACEMENT_3D('',#12604,#10450,#10451);
#8178=AXIS2_PLACEMENT_3D('',#12605,#10452,#10453);
#8179=DIRECTION('axis',(0.,0.,1.));
#8180=DIRECTION('refdir',(1.,0.,0.));
#8181=DIRECTION('center_axis',(-0.566406236983117,0.824126188581958,0.));
#8182=DIRECTION('ref_axis',(0.824126188581958,0.566406236983117,0.));
#8183=DIRECTION('',(-0.824126188581958,-0.566406236983117,0.));
#8184=DIRECTION('',(0.,0.,-1.));
#8185=DIRECTION('',(0.824126188581958,0.566406236983117,0.));
#8186=DIRECTION('',(0.,0.,-1.));
#8187=DIRECTION('center_axis',(0.,0.,-1.));
#8188=DIRECTION('ref_axis',(0.786474344111571,0.617622948127961,0.));
#8189=DIRECTION('center_axis',(0.,0.,1.));
#8190=DIRECTION('ref_axis',(0.786474344111571,0.617622948127961,0.));
#8191=DIRECTION('center_axis',(0.,0.,-1.));
#8192=DIRECTION('ref_axis',(0.786474344111571,0.617622948127961,0.));
#8193=DIRECTION('',(0.,0.,-1.));
#8194=DIRECTION('center_axis',(0.,0.,-1.));
#8195=DIRECTION('ref_axis',(0.775526839689343,0.63131459742466,0.));
#8196=DIRECTION('center_axis',(0.,0.,1.));
#8197=DIRECTION('ref_axis',(0.775526839689343,0.63131459742466,0.));
#8198=DIRECTION('center_axis',(0.,0.,-1.));
#8199=DIRECTION('ref_axis',(0.775526839689343,0.63131459742466,0.));
#8200=DIRECTION('',(0.,0.,-1.));
#8201=DIRECTION('center_axis',(-0.580702955712692,0.814115518355069,0.));
#8202=DIRECTION('ref_axis',(0.814115518355069,0.580702955712692,0.));
#8203=DIRECTION('',(-0.814115518355069,-0.580702955712692,0.));
#8204=DIRECTION('',(0.814115518355069,0.580702955712692,0.));
#8205=DIRECTION('',(0.,0.,-1.));
#8206=DIRECTION('center_axis',(0.,0.,-1.));
#8207=DIRECTION('ref_axis',(-0.580702955623959,0.814115518418362,0.));
#8208=DIRECTION('center_axis',(0.,0.,1.));
#8209=DIRECTION('ref_axis',(-0.580702955623959,0.814115518418362,0.));
#8210=DIRECTION('center_axis',(0.,0.,-1.));
#8211=DIRECTION('ref_axis',(-0.580702955623959,0.814115518418362,0.));
#8212=DIRECTION('',(0.,0.,-1.));
#8213=DIRECTION('center_axis',(0.,0.,-1.));
#8214=DIRECTION('ref_axis',(-0.995305407869603,-0.0967840124479379,0.));
#8215=DIRECTION('center_axis',(0.,0.,-1.));
#8216=DIRECTION('ref_axis',(-0.995305407869603,-0.0967840124479379,0.));
#8217=DIRECTION('center_axis',(0.,0.,1.));
#8218=DIRECTION('ref_axis',(-0.995305407869603,-0.0967840124479379,0.));
#8219=DIRECTION('',(0.,0.,-1.));
#8220=DIRECTION('center_axis',(0.,0.,-1.));
#8221=DIRECTION('ref_axis',(-0.995305407869703,-0.0967840124469107,0.));
#8222=DIRECTION('center_axis',(0.,0.,1.));
#8223=DIRECTION('ref_axis',(-0.995305407869703,-0.0967840124469107,0.));
#8224=DIRECTION('center_axis',(0.,0.,-1.));
#8225=DIRECTION('ref_axis',(-0.995305407869703,-0.0967840124469107,0.));
#8226=DIRECTION('',(0.,0.,-1.));
#8227=DIRECTION('center_axis',(0.165047605863337,-0.986285601536786,0.));
#8228=DIRECTION('ref_axis',(-0.986285601536786,-0.165047605863336,0.));
#8229=DIRECTION('',(0.986285601536786,0.165047605863337,0.));
#8230=DIRECTION('',(-0.986285601536786,-0.165047605863337,0.));
#8231=DIRECTION('',(0.,0.,-1.));
#8232=DIRECTION('center_axis',(0.,0.,-1.));
#8233=DIRECTION('ref_axis',(0.165047605907693,-0.986285601529364,0.));
#8234=DIRECTION('center_axis',(0.,0.,1.));
#8235=DIRECTION('ref_axis',(0.165047605907693,-0.986285601529364,0.));
#8236=DIRECTION('center_axis',(0.,0.,-1.));
#8237=DIRECTION('ref_axis',(0.165047605907693,-0.986285601529364,0.));
#8238=DIRECTION('',(0.,0.,-1.));
#8239=DIRECTION('center_axis',(0.,0.,-1.));
#8240=DIRECTION('ref_axis',(0.994787120298862,0.101973453837251,0.));
#8241=DIRECTION('center_axis',(0.,0.,1.));
#8242=DIRECTION('ref_axis',(0.994787120298862,0.101973453837251,0.));
#8243=DIRECTION('center_axis',(0.,0.,-1.));
#8244=DIRECTION('ref_axis',(0.994787120298862,0.101973453837251,0.));
#8245=DIRECTION('',(0.,0.,-1.));
#8246=DIRECTION('center_axis',(0.18223552542261,-0.983254907576843,0.));
#8247=DIRECTION('ref_axis',(-0.983254907576843,-0.18223552542261,0.));
#8248=DIRECTION('',(0.983254907576843,0.18223552542261,0.));
#8249=DIRECTION('',(-0.983254907576843,-0.18223552542261,0.));
#8250=DIRECTION('',(0.,0.,-1.));
#8251=DIRECTION('center_axis',(0.,0.,-1.));
#8252=DIRECTION('ref_axis',(0.182235525393594,-0.98325490758222,0.));
#8253=DIRECTION('center_axis',(0.,0.,1.));
#8254=DIRECTION('ref_axis',(0.182235525393594,-0.98325490758222,0.));
#8255=DIRECTION('center_axis',(0.,0.,-1.));
#8256=DIRECTION('ref_axis',(0.182235525393594,-0.98325490758222,0.));
#8257=DIRECTION('',(0.,0.,-1.));
#8258=DIRECTION('center_axis',(0.,0.,-1.));
#8259=DIRECTION('ref_axis',(0.990067078855766,0.140595801381159,0.));
#8260=DIRECTION('center_axis',(0.,0.,1.));
#8261=DIRECTION('ref_axis',(0.990067078855766,0.140595801381159,0.));
#8262=DIRECTION('center_axis',(0.,0.,-1.));
#8263=DIRECTION('ref_axis',(0.990067078855766,0.140595801381159,0.));
#8264=DIRECTION('',(0.,0.,-1.));
#8265=DIRECTION('center_axis',(0.,0.,-1.));
#8266=DIRECTION('ref_axis',(0.799499389851443,0.600666900725494,0.));
#8267=DIRECTION('center_axis',(0.,0.,1.));
#8268=DIRECTION('ref_axis',(0.799499389851443,0.600666900725494,0.));
#8269=DIRECTION('center_axis',(0.,0.,-1.));
#8270=DIRECTION('ref_axis',(0.799499389851443,0.600666900725494,0.));
#8271=DIRECTION('center_axis',(0.18223552542261,0.983254907576843,0.));
#8272=DIRECTION('ref_axis',(0.983254907576843,-0.18223552542261,0.));
#8273=DIRECTION('',(-0.983254907576843,0.18223552542261,0.));
#8274=DIRECTION('',(0.,0.,-1.));
#8275=DIRECTION('',(0.983254907576843,-0.18223552542261,0.));
#8276=DIRECTION('',(0.,0.,-1.));
#8277=DIRECTION('center_axis',(0.,0.,-1.));
#8278=DIRECTION('ref_axis',(0.992846716788243,-0.119395967112826,0.));
#8279=DIRECTION('center_axis',(0.,0.,1.));
#8280=DIRECTION('ref_axis',(0.992846716788243,-0.119395967112826,0.));
#8281=DIRECTION('center_axis',(0.,0.,-1.));
#8282=DIRECTION('ref_axis',(0.992846716788243,-0.119395967112826,0.));
#8283=DIRECTION('',(0.,0.,-1.));
#8284=DIRECTION('center_axis',(0.,0.,-1.));
#8285=DIRECTION('ref_axis',(0.994787120237539,-0.101973454435475,0.));
#8286=DIRECTION('center_axis',(0.,0.,1.));
#8287=DIRECTION('ref_axis',(0.994787120237539,-0.101973454435475,0.));
#8288=DIRECTION('center_axis',(0.,0.,-1.));
#8289=DIRECTION('ref_axis',(0.994787120237539,-0.101973454435475,0.));
#8290=DIRECTION('',(0.,0.,-1.));
#8291=DIRECTION('center_axis',(0.165047605858555,0.986285601537587,0.));
#8292=DIRECTION('ref_axis',(0.986285601537587,-0.165047605858555,0.));
#8293=DIRECTION('',(-0.986285601537587,0.165047605858555,0.));
#8294=DIRECTION('',(0.986285601537587,-0.165047605858555,0.));
#8295=DIRECTION('',(0.,0.,-1.));
#8296=DIRECTION('center_axis',(0.,0.,-1.));
#8297=DIRECTION('ref_axis',(0.165047605966053,0.986285601519598,0.));
#8298=DIRECTION('center_axis',(0.,0.,1.));
#8299=DIRECTION('ref_axis',(0.165047605966053,0.986285601519598,0.));
#8300=DIRECTION('center_axis',(0.,0.,-1.));
#8301=DIRECTION('ref_axis',(0.165047605966053,0.986285601519598,0.));
#8302=DIRECTION('',(0.,0.,-1.));
#8303=DIRECTION('center_axis',(0.,0.,-1.));
#8304=DIRECTION('ref_axis',(-0.772223834768619,0.635350571743859,0.));
#8305=DIRECTION('center_axis',(0.,0.,-1.));
#8306=DIRECTION('ref_axis',(-0.772223834768619,0.635350571743859,0.));
#8307=DIRECTION('center_axis',(0.,0.,1.));
#8308=DIRECTION('ref_axis',(-0.772223834768619,0.635350571743859,0.));
#8309=DIRECTION('',(0.,0.,-1.));
#8310=DIRECTION('center_axis',(0.,0.,-1.));
#8311=DIRECTION('ref_axis',(-0.772223834767963,0.635350571744656,0.));
#8312=DIRECTION('center_axis',(0.,0.,1.));
#8313=DIRECTION('ref_axis',(-0.772223834767963,0.635350571744656,0.));
#8314=DIRECTION('center_axis',(0.,0.,-1.));
#8315=DIRECTION('ref_axis',(-0.772223834767963,0.635350571744656,0.));
#8316=DIRECTION('',(0.,0.,-1.));
#8317=DIRECTION('center_axis',(-0.580702955708745,-0.814115518357885,0.));
#8318=DIRECTION('ref_axis',(-0.814115518357885,0.580702955708745,0.));
#8319=DIRECTION('',(0.814115518357885,-0.580702955708745,0.));
#8320=DIRECTION('',(-0.814115518357885,0.580702955708745,0.));
#8321=DIRECTION('',(0.,0.,-1.));
#8322=DIRECTION('center_axis',(0.,0.,-1.));
#8323=DIRECTION('ref_axis',(-0.580702955672131,-0.814115518384001,0.));
#8324=DIRECTION('center_axis',(0.,0.,1.));
#8325=DIRECTION('ref_axis',(-0.580702955672131,-0.814115518384001,0.));
#8326=DIRECTION('center_axis',(0.,0.,-1.));
#8327=DIRECTION('ref_axis',(-0.580702955672131,-0.814115518384001,0.));
#8328=DIRECTION('',(0.,0.,-1.));
#8329=DIRECTION('center_axis',(0.,0.,-1.));
#8330=DIRECTION('ref_axis',(0.775526839309697,-0.631314597891029,0.));
#8331=DIRECTION('center_axis',(0.,0.,1.));
#8332=DIRECTION('ref_axis',(0.775526839309697,-0.631314597891029,0.));
#8333=DIRECTION('center_axis',(0.,0.,-1.));
#8334=DIRECTION('ref_axis',(0.775526839309697,-0.631314597891029,0.));
#8335=DIRECTION('',(0.,0.,-1.));
#8336=DIRECTION('center_axis',(-0.566406236983117,-0.824126188581958,0.));
#8337=DIRECTION('ref_axis',(-0.824126188581958,0.566406236983117,0.));
#8338=DIRECTION('',(0.824126188581958,-0.566406236983117,0.));
#8339=DIRECTION('',(-0.824126188581958,0.566406236983117,0.));
#8340=DIRECTION('',(0.,0.,-1.));
#8341=DIRECTION('center_axis',(0.,0.,-1.));
#8342=DIRECTION('ref_axis',(-0.566406237007436,-0.824126188565244,0.));
#8343=DIRECTION('center_axis',(0.,0.,1.));
#8344=DIRECTION('ref_axis',(-0.566406237007436,-0.824126188565244,0.));
#8345=DIRECTION('center_axis',(0.,0.,-1.));
#8346=DIRECTION('ref_axis',(-0.566406237007436,-0.824126188565244,0.));
#8347=DIRECTION('',(0.,0.,-1.));
#8348=DIRECTION('center_axis',(0.,0.,-1.));
#8349=DIRECTION('ref_axis',(0.799499389851443,-0.600666900725494,0.));
#8350=DIRECTION('center_axis',(0.,0.,1.));
#8351=DIRECTION('ref_axis',(0.799499389851443,-0.600666900725494,0.));
#8352=DIRECTION('center_axis',(0.,0.,-1.));
#8353=DIRECTION('ref_axis',(0.799499389851443,-0.600666900725494,0.));
#8354=DIRECTION('',(0.,0.,-1.));
#8355=DIRECTION('center_axis',(0.,0.,-1.));
#8356=DIRECTION('ref_axis',(0.990067078855766,-0.140595801381159,0.));
#8357=DIRECTION('center_axis',(0.,0.,1.));
#8358=DIRECTION('ref_axis',(0.990067078855766,-0.140595801381159,0.));
#8359=DIRECTION('center_axis',(0.,0.,-1.));
#8360=DIRECTION('ref_axis',(0.990067078855766,-0.140595801381159,0.));
#8361=DIRECTION('center_axis',(0.824126188581958,0.566406236983117,0.));
#8362=DIRECTION('ref_axis',(0.566406236983117,-0.824126188581958,0.));
#8363=DIRECTION('',(-0.566406236983117,0.824126188581958,0.));
#8364=DIRECTION('',(0.,0.,-1.));
#8365=DIRECTION('',(0.566406236983117,-0.824126188581958,0.));
#8366=DIRECTION('',(0.,0.,-1.));
#8367=DIRECTION('center_axis',(0.,0.,-1.));
#8368=DIRECTION('ref_axis',(0.617622948127961,-0.786474344111571,0.));
#8369=DIRECTION('center_axis',(0.,0.,1.));
#8370=DIRECTION('ref_axis',(0.617622948127961,-0.786474344111571,0.));
#8371=DIRECTION('center_axis',(0.,0.,-1.));
#8372=DIRECTION('ref_axis',(0.617622948127961,-0.786474344111571,0.));
#8373=DIRECTION('',(0.,0.,-1.));
#8374=DIRECTION('center_axis',(0.,0.,-1.));
#8375=DIRECTION('ref_axis',(0.63131459742466,-0.775526839689343,0.));
#8376=DIRECTION('center_axis',(0.,0.,1.));
#8377=DIRECTION('ref_axis',(0.63131459742466,-0.775526839689343,0.));
#8378=DIRECTION('center_axis',(0.,0.,-1.));
#8379=DIRECTION('ref_axis',(0.63131459742466,-0.775526839689343,0.));
#8380=DIRECTION('',(0.,0.,-1.));
#8381=DIRECTION('center_axis',(0.814115518355069,0.580702955712692,0.));
#8382=DIRECTION('ref_axis',(0.580702955712692,-0.814115518355069,0.));
#8383=DIRECTION('',(-0.580702955712692,0.814115518355069,0.));
#8384=DIRECTION('',(0.580702955712692,-0.814115518355069,0.));
#8385=DIRECTION('',(0.,0.,-1.));
#8386=DIRECTION('center_axis',(0.,0.,-1.));
#8387=DIRECTION('ref_axis',(0.814115518418362,0.580702955623959,0.));
#8388=DIRECTION('center_axis',(0.,0.,1.));
#8389=DIRECTION('ref_axis',(0.814115518418362,0.580702955623959,0.));
#8390=DIRECTION('center_axis',(0.,0.,-1.));
#8391=DIRECTION('ref_axis',(0.814115518418362,0.580702955623959,0.));
#8392=DIRECTION('',(0.,0.,-1.));
#8393=DIRECTION('center_axis',(0.,0.,-1.));
#8394=DIRECTION('ref_axis',(-0.0967840124479379,0.995305407869603,0.));
#8395=DIRECTION('center_axis',(0.,0.,-1.));
#8396=DIRECTION('ref_axis',(-0.0967840124479379,0.995305407869603,0.));
#8397=DIRECTION('center_axis',(0.,0.,1.));
#8398=DIRECTION('ref_axis',(-0.0967840124479379,0.995305407869603,0.));
#8399=DIRECTION('',(0.,0.,-1.));
#8400=DIRECTION('center_axis',(0.,0.,-1.));
#8401=DIRECTION('ref_axis',(-0.0967840124469107,0.995305407869703,0.));
#8402=DIRECTION('center_axis',(0.,0.,1.));
#8403=DIRECTION('ref_axis',(-0.0967840124469107,0.995305407869703,0.));
#8404=DIRECTION('center_axis',(0.,0.,-1.));
#8405=DIRECTION('ref_axis',(-0.0967840124469107,0.995305407869703,0.));
#8406=DIRECTION('',(0.,0.,-1.));
#8407=DIRECTION('center_axis',(-0.986285601536787,-0.165047605863337,0.));
#8408=DIRECTION('ref_axis',(-0.165047605863337,0.986285601536786,0.));
#8409=DIRECTION('',(0.165047605863337,-0.986285601536786,0.));
#8410=DIRECTION('',(-0.165047605863337,0.986285601536786,0.));
#8411=DIRECTION('',(0.,0.,-1.));
#8412=DIRECTION('center_axis',(0.,0.,-1.));
#8413=DIRECTION('ref_axis',(-0.986285601529364,-0.165047605907693,0.));
#8414=DIRECTION('center_axis',(0.,0.,1.));
#8415=DIRECTION('ref_axis',(-0.986285601529364,-0.165047605907693,0.));
#8416=DIRECTION('center_axis',(0.,0.,-1.));
#8417=DIRECTION('ref_axis',(-0.986285601529364,-0.165047605907693,0.));
#8418=DIRECTION('',(0.,0.,-1.));
#8419=DIRECTION('center_axis',(0.,0.,-1.));
#8420=DIRECTION('ref_axis',(0.101973453837252,-0.994787120298862,0.));
#8421=DIRECTION('center_axis',(0.,0.,1.));
#8422=DIRECTION('ref_axis',(0.101973453837252,-0.994787120298862,0.));
#8423=DIRECTION('center_axis',(0.,0.,-1.));
#8424=DIRECTION('ref_axis',(0.101973453837252,-0.994787120298862,0.));
#8425=DIRECTION('',(0.,0.,-1.));
#8426=DIRECTION('center_axis',(-0.983254907576843,-0.18223552542261,0.));
#8427=DIRECTION('ref_axis',(-0.18223552542261,0.983254907576843,0.));
#8428=DIRECTION('',(0.18223552542261,-0.983254907576843,0.));
#8429=DIRECTION('',(-0.18223552542261,0.983254907576843,0.));
#8430=DIRECTION('',(0.,0.,-1.));
#8431=DIRECTION('center_axis',(0.,0.,-1.));
#8432=DIRECTION('ref_axis',(-0.98325490758222,-0.182235525393595,0.));
#8433=DIRECTION('center_axis',(0.,0.,1.));
#8434=DIRECTION('ref_axis',(-0.98325490758222,-0.182235525393595,0.));
#8435=DIRECTION('center_axis',(0.,0.,-1.));
#8436=DIRECTION('ref_axis',(-0.98325490758222,-0.182235525393595,0.));
#8437=DIRECTION('',(0.,0.,-1.));
#8438=DIRECTION('center_axis',(0.,0.,-1.));
#8439=DIRECTION('ref_axis',(0.140595801381159,-0.990067078855766,0.));
#8440=DIRECTION('center_axis',(0.,0.,1.));
#8441=DIRECTION('ref_axis',(0.140595801381159,-0.990067078855766,0.));
#8442=DIRECTION('center_axis',(0.,0.,-1.));
#8443=DIRECTION('ref_axis',(0.140595801381159,-0.990067078855766,0.));
#8444=DIRECTION('',(0.,0.,-1.));
#8445=DIRECTION('center_axis',(0.,0.,-1.));
#8446=DIRECTION('ref_axis',(0.600666900725494,-0.799499389851443,0.));
#8447=DIRECTION('center_axis',(0.,0.,1.));
#8448=DIRECTION('ref_axis',(0.600666900725494,-0.799499389851443,0.));
#8449=DIRECTION('center_axis',(0.,0.,-1.));
#8450=DIRECTION('ref_axis',(0.600666900725494,-0.799499389851443,0.));
#8451=DIRECTION('center_axis',(0.983254907576843,-0.18223552542261,0.));
#8452=DIRECTION('ref_axis',(-0.18223552542261,-0.983254907576843,0.));
#8453=DIRECTION('',(0.18223552542261,0.983254907576843,0.));
#8454=DIRECTION('',(0.,0.,-1.));
#8455=DIRECTION('',(-0.18223552542261,-0.983254907576843,0.));
#8456=DIRECTION('',(0.,0.,-1.));
#8457=DIRECTION('center_axis',(0.,0.,-1.));
#8458=DIRECTION('ref_axis',(-0.119395967112826,-0.992846716788243,0.));
#8459=DIRECTION('center_axis',(0.,0.,1.));
#8460=DIRECTION('ref_axis',(-0.119395967112826,-0.992846716788243,0.));
#8461=DIRECTION('center_axis',(0.,0.,-1.));
#8462=DIRECTION('ref_axis',(-0.119395967112826,-0.992846716788243,0.));
#8463=DIRECTION('',(0.,0.,-1.));
#8464=DIRECTION('center_axis',(0.,0.,-1.));
#8465=DIRECTION('ref_axis',(-0.101973454435475,-0.994787120237539,0.));
#8466=DIRECTION('center_axis',(0.,0.,1.));
#8467=DIRECTION('ref_axis',(-0.101973454435475,-0.994787120237539,0.));
#8468=DIRECTION('center_axis',(0.,0.,-1.));
#8469=DIRECTION('ref_axis',(-0.101973454435475,-0.994787120237539,0.));
#8470=DIRECTION('',(0.,0.,-1.));
#8471=DIRECTION('center_axis',(0.986285601537587,-0.165047605858555,0.));
#8472=DIRECTION('ref_axis',(-0.165047605858555,-0.986285601537587,0.));
#8473=DIRECTION('',(0.165047605858555,0.986285601537587,0.));
#8474=DIRECTION('',(-0.165047605858555,-0.986285601537587,0.));
#8475=DIRECTION('',(0.,0.,-1.));
#8476=DIRECTION('center_axis',(0.,0.,-1.));
#8477=DIRECTION('ref_axis',(0.986285601519598,-0.165047605966053,0.));
#8478=DIRECTION('center_axis',(0.,0.,1.));
#8479=DIRECTION('ref_axis',(0.986285601519598,-0.165047605966053,0.));
#8480=DIRECTION('center_axis',(0.,0.,-1.));
#8481=DIRECTION('ref_axis',(0.986285601519598,-0.165047605966053,0.));
#8482=DIRECTION('',(0.,0.,-1.));
#8483=DIRECTION('center_axis',(0.,0.,-1.));
#8484=DIRECTION('ref_axis',(0.635350571743859,0.772223834768619,0.));
#8485=DIRECTION('center_axis',(0.,0.,-1.));
#8486=DIRECTION('ref_axis',(0.635350571743859,0.772223834768619,0.));
#8487=DIRECTION('center_axis',(0.,0.,1.));
#8488=DIRECTION('ref_axis',(0.635350571743859,0.772223834768619,0.));
#8489=DIRECTION('',(0.,0.,-1.));
#8490=DIRECTION('center_axis',(0.,0.,-1.));
#8491=DIRECTION('ref_axis',(0.635350571744656,0.772223834767963,0.));
#8492=DIRECTION('center_axis',(0.,0.,1.));
#8493=DIRECTION('ref_axis',(0.635350571744656,0.772223834767963,0.));
#8494=DIRECTION('center_axis',(0.,0.,-1.));
#8495=DIRECTION('ref_axis',(0.635350571744656,0.772223834767963,0.));
#8496=DIRECTION('',(0.,0.,-1.));
#8497=DIRECTION('center_axis',(-0.814115518357885,0.580702955708745,0.));
#8498=DIRECTION('ref_axis',(0.580702955708745,0.814115518357885,0.));
#8499=DIRECTION('',(-0.580702955708745,-0.814115518357885,0.));
#8500=DIRECTION('',(0.580702955708745,0.814115518357885,0.));
#8501=DIRECTION('',(0.,0.,-1.));
#8502=DIRECTION('center_axis',(0.,0.,-1.));
#8503=DIRECTION('ref_axis',(-0.814115518384001,0.580702955672131,0.));
#8504=DIRECTION('center_axis',(0.,0.,1.));
#8505=DIRECTION('ref_axis',(-0.814115518384001,0.580702955672131,0.));
#8506=DIRECTION('center_axis',(0.,0.,-1.));
#8507=DIRECTION('ref_axis',(-0.814115518384001,0.580702955672131,0.));
#8508=DIRECTION('',(0.,0.,-1.));
#8509=DIRECTION('center_axis',(0.,0.,-1.));
#8510=DIRECTION('ref_axis',(-0.631314597891029,-0.775526839309697,0.));
#8511=DIRECTION('center_axis',(0.,0.,1.));
#8512=DIRECTION('ref_axis',(-0.631314597891029,-0.775526839309697,0.));
#8513=DIRECTION('center_axis',(0.,0.,-1.));
#8514=DIRECTION('ref_axis',(-0.631314597891029,-0.775526839309697,0.));
#8515=DIRECTION('',(0.,0.,-1.));
#8516=DIRECTION('center_axis',(-0.824126188581958,0.566406236983117,0.));
#8517=DIRECTION('ref_axis',(0.566406236983117,0.824126188581958,0.));
#8518=DIRECTION('',(-0.566406236983117,-0.824126188581958,0.));
#8519=DIRECTION('',(0.566406236983117,0.824126188581958,0.));
#8520=DIRECTION('',(0.,0.,-1.));
#8521=DIRECTION('center_axis',(0.,0.,-1.));
#8522=DIRECTION('ref_axis',(-0.824126188565244,0.566406237007436,0.));
#8523=DIRECTION('center_axis',(0.,0.,1.));
#8524=DIRECTION('ref_axis',(-0.824126188565244,0.566406237007436,0.));
#8525=DIRECTION('center_axis',(0.,0.,-1.));
#8526=DIRECTION('ref_axis',(-0.824126188565244,0.566406237007436,0.));
#8527=DIRECTION('',(0.,0.,-1.));
#8528=DIRECTION('center_axis',(0.,0.,-1.));
#8529=DIRECTION('ref_axis',(-0.600666900725494,-0.799499389851443,0.));
#8530=DIRECTION('center_axis',(0.,0.,1.));
#8531=DIRECTION('ref_axis',(-0.600666900725494,-0.799499389851443,0.));
#8532=DIRECTION('center_axis',(0.,0.,-1.));
#8533=DIRECTION('ref_axis',(-0.600666900725494,-0.799499389851443,0.));
#8534=DIRECTION('',(0.,0.,-1.));
#8535=DIRECTION('center_axis',(0.,0.,-1.));
#8536=DIRECTION('ref_axis',(-0.140595801381159,-0.990067078855766,0.));
#8537=DIRECTION('center_axis',(0.,0.,1.));
#8538=DIRECTION('ref_axis',(-0.140595801381159,-0.990067078855766,0.));
#8539=DIRECTION('center_axis',(0.,0.,-1.));
#8540=DIRECTION('ref_axis',(-0.140595801381159,-0.990067078855766,0.));
#8541=DIRECTION('center_axis',(0.566406236983117,-0.824126188581958,0.));
#8542=DIRECTION('ref_axis',(-0.824126188581958,-0.566406236983117,0.));
#8543=DIRECTION('',(0.824126188581958,0.566406236983117,0.));
#8544=DIRECTION('',(0.,0.,-1.));
#8545=DIRECTION('',(-0.824126188581958,-0.566406236983117,0.));
#8546=DIRECTION('',(0.,0.,-1.));
#8547=DIRECTION('center_axis',(0.,0.,-1.));
#8548=DIRECTION('ref_axis',(-0.786474344111571,-0.617622948127961,0.));
#8549=DIRECTION('center_axis',(0.,0.,1.));
#8550=DIRECTION('ref_axis',(-0.786474344111571,-0.617622948127961,0.));
#8551=DIRECTION('center_axis',(0.,0.,-1.));
#8552=DIRECTION('ref_axis',(-0.786474344111571,-0.617622948127961,0.));
#8553=DIRECTION('',(0.,0.,-1.));
#8554=DIRECTION('center_axis',(0.,0.,-1.));
#8555=DIRECTION('ref_axis',(-0.775526839689343,-0.63131459742466,0.));
#8556=DIRECTION('center_axis',(0.,0.,1.));
#8557=DIRECTION('ref_axis',(-0.775526839689343,-0.63131459742466,0.));
#8558=DIRECTION('center_axis',(0.,0.,-1.));
#8559=DIRECTION('ref_axis',(-0.775526839689343,-0.63131459742466,0.));
#8560=DIRECTION('',(0.,0.,-1.));
#8561=DIRECTION('center_axis',(0.580702955712692,-0.814115518355069,0.));
#8562=DIRECTION('ref_axis',(-0.814115518355069,-0.580702955712692,0.));
#8563=DIRECTION('',(0.814115518355069,0.580702955712692,0.));
#8564=DIRECTION('',(-0.814115518355069,-0.580702955712692,0.));
#8565=DIRECTION('',(0.,0.,-1.));
#8566=DIRECTION('center_axis',(0.,0.,-1.));
#8567=DIRECTION('ref_axis',(0.580702955623959,-0.814115518418362,0.));
#8568=DIRECTION('center_axis',(0.,0.,1.));
#8569=DIRECTION('ref_axis',(0.580702955623959,-0.814115518418362,0.));
#8570=DIRECTION('center_axis',(0.,0.,-1.));
#8571=DIRECTION('ref_axis',(0.580702955623959,-0.814115518418362,0.));
#8572=DIRECTION('',(0.,0.,-1.));
#8573=DIRECTION('center_axis',(0.,0.,-1.));
#8574=DIRECTION('ref_axis',(0.995305407869603,0.0967840124479379,0.));
#8575=DIRECTION('center_axis',(0.,0.,-1.));
#8576=DIRECTION('ref_axis',(0.995305407869603,0.0967840124479379,0.));
#8577=DIRECTION('center_axis',(0.,0.,1.));
#8578=DIRECTION('ref_axis',(0.995305407869603,0.0967840124479379,0.));
#8579=DIRECTION('',(0.,0.,-1.));
#8580=DIRECTION('center_axis',(0.,0.,-1.));
#8581=DIRECTION('ref_axis',(0.995305407869703,0.0967840124469107,0.));
#8582=DIRECTION('center_axis',(0.,0.,1.));
#8583=DIRECTION('ref_axis',(0.995305407869703,0.0967840124469107,0.));
#8584=DIRECTION('center_axis',(0.,0.,-1.));
#8585=DIRECTION('ref_axis',(0.995305407869703,0.0967840124469107,0.));
#8586=DIRECTION('',(0.,0.,-1.));
#8587=DIRECTION('center_axis',(-0.165047605863337,0.986285601536787,0.));
#8588=DIRECTION('ref_axis',(0.986285601536786,0.165047605863337,0.));
#8589=DIRECTION('',(-0.986285601536786,-0.165047605863337,0.));
#8590=DIRECTION('',(0.986285601536786,0.165047605863337,0.));
#8591=DIRECTION('',(0.,0.,-1.));
#8592=DIRECTION('center_axis',(0.,0.,-1.));
#8593=DIRECTION('ref_axis',(-0.165047605907693,0.986285601529364,0.));
#8594=DIRECTION('center_axis',(0.,0.,1.));
#8595=DIRECTION('ref_axis',(-0.165047605907693,0.986285601529364,0.));
#8596=DIRECTION('center_axis',(0.,0.,-1.));
#8597=DIRECTION('ref_axis',(-0.165047605907693,0.986285601529364,0.));
#8598=DIRECTION('',(0.,0.,-1.));
#8599=DIRECTION('center_axis',(0.,0.,-1.));
#8600=DIRECTION('ref_axis',(-0.994787120298862,-0.101973453837252,0.));
#8601=DIRECTION('center_axis',(0.,0.,1.));
#8602=DIRECTION('ref_axis',(-0.994787120298862,-0.101973453837252,0.));
#8603=DIRECTION('center_axis',(0.,0.,-1.));
#8604=DIRECTION('ref_axis',(-0.994787120298862,-0.101973453837252,0.));
#8605=DIRECTION('',(0.,0.,-1.));
#8606=DIRECTION('center_axis',(-0.18223552542261,0.983254907576843,0.));
#8607=DIRECTION('ref_axis',(0.983254907576843,0.18223552542261,0.));
#8608=DIRECTION('',(-0.983254907576843,-0.18223552542261,0.));
#8609=DIRECTION('',(0.983254907576843,0.18223552542261,0.));
#8610=DIRECTION('',(0.,0.,-1.));
#8611=DIRECTION('center_axis',(0.,0.,-1.));
#8612=DIRECTION('ref_axis',(-0.182235525393595,0.98325490758222,0.));
#8613=DIRECTION('center_axis',(0.,0.,1.));
#8614=DIRECTION('ref_axis',(-0.182235525393595,0.98325490758222,0.));
#8615=DIRECTION('center_axis',(0.,0.,-1.));
#8616=DIRECTION('ref_axis',(-0.182235525393595,0.98325490758222,0.));
#8617=DIRECTION('',(0.,0.,-1.));
#8618=DIRECTION('center_axis',(0.,0.,-1.));
#8619=DIRECTION('ref_axis',(-0.990067078855766,-0.140595801381159,0.));
#8620=DIRECTION('center_axis',(0.,0.,1.));
#8621=DIRECTION('ref_axis',(-0.990067078855766,-0.140595801381159,0.));
#8622=DIRECTION('center_axis',(0.,0.,-1.));
#8623=DIRECTION('ref_axis',(-0.990067078855766,-0.140595801381159,0.));
#8624=DIRECTION('',(0.,0.,-1.));
#8625=DIRECTION('center_axis',(0.,0.,-1.));
#8626=DIRECTION('ref_axis',(-0.799499389851443,-0.600666900725494,0.));
#8627=DIRECTION('center_axis',(0.,0.,1.));
#8628=DIRECTION('ref_axis',(-0.799499389851443,-0.600666900725494,0.));
#8629=DIRECTION('center_axis',(0.,0.,-1.));
#8630=DIRECTION('ref_axis',(-0.799499389851443,-0.600666900725494,0.));
#8631=DIRECTION('center_axis',(-0.18223552542261,-0.983254907576843,0.));
#8632=DIRECTION('ref_axis',(-0.983254907576843,0.182235525422609,0.));
#8633=DIRECTION('',(0.983254907576843,-0.182235525422609,0.));
#8634=DIRECTION('',(0.,0.,-1.));
#8635=DIRECTION('',(-0.983254907576843,0.182235525422609,0.));
#8636=DIRECTION('',(0.,0.,-1.));
#8637=DIRECTION('center_axis',(0.,0.,-1.));
#8638=DIRECTION('ref_axis',(-0.992846716788243,0.119395967112826,0.));
#8639=DIRECTION('center_axis',(0.,0.,1.));
#8640=DIRECTION('ref_axis',(-0.992846716788243,0.119395967112826,0.));
#8641=DIRECTION('center_axis',(0.,0.,-1.));
#8642=DIRECTION('ref_axis',(-0.992846716788243,0.119395967112826,0.));
#8643=DIRECTION('',(0.,0.,-1.));
#8644=DIRECTION('center_axis',(0.,0.,-1.));
#8645=DIRECTION('ref_axis',(-0.994787120237539,0.101973454435474,0.));
#8646=DIRECTION('center_axis',(0.,0.,1.));
#8647=DIRECTION('ref_axis',(-0.994787120237539,0.101973454435474,0.));
#8648=DIRECTION('center_axis',(0.,0.,-1.));
#8649=DIRECTION('ref_axis',(-0.994787120237539,0.101973454435474,0.));
#8650=DIRECTION('',(0.,0.,-1.));
#8651=DIRECTION('center_axis',(-0.165047605858555,-0.986285601537587,0.));
#8652=DIRECTION('ref_axis',(-0.986285601537587,0.165047605858555,0.));
#8653=DIRECTION('',(0.986285601537587,-0.165047605858555,0.));
#8654=DIRECTION('',(-0.986285601537587,0.165047605858555,0.));
#8655=DIRECTION('',(0.,0.,-1.));
#8656=DIRECTION('center_axis',(0.,0.,-1.));
#8657=DIRECTION('ref_axis',(-0.165047605966053,-0.986285601519598,0.));
#8658=DIRECTION('center_axis',(0.,0.,1.));
#8659=DIRECTION('ref_axis',(-0.165047605966053,-0.986285601519598,0.));
#8660=DIRECTION('center_axis',(0.,0.,-1.));
#8661=DIRECTION('ref_axis',(-0.165047605966053,-0.986285601519598,0.));
#8662=DIRECTION('',(0.,0.,-1.));
#8663=DIRECTION('center_axis',(0.,0.,-1.));
#8664=DIRECTION('ref_axis',(0.772223834768619,-0.635350571743859,0.));
#8665=DIRECTION('center_axis',(0.,0.,-1.));
#8666=DIRECTION('ref_axis',(0.772223834768619,-0.635350571743859,0.));
#8667=DIRECTION('center_axis',(0.,0.,1.));
#8668=DIRECTION('ref_axis',(0.772223834768619,-0.635350571743859,0.));
#8669=DIRECTION('',(0.,0.,-1.));
#8670=DIRECTION('center_axis',(0.,0.,-1.));
#8671=DIRECTION('ref_axis',(0.772223834767964,-0.635350571744656,0.));
#8672=DIRECTION('center_axis',(0.,0.,1.));
#8673=DIRECTION('ref_axis',(0.772223834767964,-0.635350571744656,0.));
#8674=DIRECTION('center_axis',(0.,0.,-1.));
#8675=DIRECTION('ref_axis',(0.772223834767964,-0.635350571744656,0.));
#8676=DIRECTION('',(0.,0.,-1.));
#8677=DIRECTION('center_axis',(0.580702955708745,0.814115518357885,0.));
#8678=DIRECTION('ref_axis',(0.814115518357885,-0.580702955708745,0.));
#8679=DIRECTION('',(-0.814115518357885,0.580702955708745,0.));
#8680=DIRECTION('',(0.814115518357885,-0.580702955708745,0.));
#8681=DIRECTION('',(0.,0.,-1.));
#8682=DIRECTION('center_axis',(0.,0.,-1.));
#8683=DIRECTION('ref_axis',(0.580702955672131,0.814115518384001,0.));
#8684=DIRECTION('center_axis',(0.,0.,1.));
#8685=DIRECTION('ref_axis',(0.580702955672131,0.814115518384001,0.));
#8686=DIRECTION('center_axis',(0.,0.,-1.));
#8687=DIRECTION('ref_axis',(0.580702955672131,0.814115518384001,0.));
#8688=DIRECTION('',(0.,0.,-1.));
#8689=DIRECTION('center_axis',(0.,0.,-1.));
#8690=DIRECTION('ref_axis',(-0.775526839309697,0.631314597891029,0.));
#8691=DIRECTION('center_axis',(0.,0.,1.));
#8692=DIRECTION('ref_axis',(-0.775526839309697,0.631314597891029,0.));
#8693=DIRECTION('center_axis',(0.,0.,-1.));
#8694=DIRECTION('ref_axis',(-0.775526839309697,0.631314597891029,0.));
#8695=DIRECTION('',(0.,0.,-1.));
#8696=DIRECTION('center_axis',(0.566406236983117,0.824126188581958,0.));
#8697=DIRECTION('ref_axis',(0.824126188581958,-0.566406236983117,0.));
#8698=DIRECTION('',(-0.824126188581958,0.566406236983117,0.));
#8699=DIRECTION('',(0.824126188581958,-0.566406236983117,0.));
#8700=DIRECTION('',(0.,0.,-1.));
#8701=DIRECTION('center_axis',(0.,0.,-1.));
#8702=DIRECTION('ref_axis',(0.566406237007436,0.824126188565244,0.));
#8703=DIRECTION('center_axis',(0.,0.,1.));
#8704=DIRECTION('ref_axis',(0.566406237007436,0.824126188565244,0.));
#8705=DIRECTION('center_axis',(0.,0.,-1.));
#8706=DIRECTION('ref_axis',(0.566406237007436,0.824126188565244,0.));
#8707=DIRECTION('',(0.,0.,-1.));
#8708=DIRECTION('center_axis',(0.,0.,-1.));
#8709=DIRECTION('ref_axis',(-0.799499389851443,0.600666900725494,0.));
#8710=DIRECTION('center_axis',(0.,0.,1.));
#8711=DIRECTION('ref_axis',(-0.799499389851443,0.600666900725494,0.));
#8712=DIRECTION('center_axis',(0.,0.,-1.));
#8713=DIRECTION('ref_axis',(-0.799499389851443,0.600666900725494,0.));
#8714=DIRECTION('',(0.,0.,-1.));
#8715=DIRECTION('center_axis',(0.,0.,-1.));
#8716=DIRECTION('ref_axis',(-0.990067078855766,0.140595801381158,0.));
#8717=DIRECTION('center_axis',(0.,0.,1.));
#8718=DIRECTION('ref_axis',(-0.990067078855766,0.140595801381158,0.));
#8719=DIRECTION('center_axis',(0.,0.,-1.));
#8720=DIRECTION('ref_axis',(-0.990067078855766,0.140595801381158,0.));
#8721=DIRECTION('center_axis',(-0.824126188581958,-0.566406236983117,0.));
#8722=DIRECTION('ref_axis',(-0.566406236983117,0.824126188581958,0.));
#8723=DIRECTION('',(0.566406236983117,-0.824126188581958,0.));
#8724=DIRECTION('',(0.,0.,-1.));
#8725=DIRECTION('',(-0.566406236983117,0.824126188581958,0.));
#8726=DIRECTION('',(0.,0.,-1.));
#8727=DIRECTION('center_axis',(0.,0.,-1.));
#8728=DIRECTION('ref_axis',(-0.617622948127961,0.786474344111571,0.));
#8729=DIRECTION('center_axis',(0.,0.,1.));
#8730=DIRECTION('ref_axis',(-0.617622948127961,0.786474344111571,0.));
#8731=DIRECTION('center_axis',(0.,0.,-1.));
#8732=DIRECTION('ref_axis',(-0.617622948127961,0.786474344111571,0.));
#8733=DIRECTION('',(0.,0.,-1.));
#8734=DIRECTION('center_axis',(0.,0.,-1.));
#8735=DIRECTION('ref_axis',(-0.63131459742466,0.775526839689343,0.));
#8736=DIRECTION('center_axis',(0.,0.,1.));
#8737=DIRECTION('ref_axis',(-0.63131459742466,0.775526839689343,0.));
#8738=DIRECTION('center_axis',(0.,0.,-1.));
#8739=DIRECTION('ref_axis',(-0.63131459742466,0.775526839689343,0.));
#8740=DIRECTION('',(0.,0.,-1.));
#8741=DIRECTION('center_axis',(-0.814115518355069,-0.580702955712692,0.));
#8742=DIRECTION('ref_axis',(-0.580702955712692,0.814115518355069,0.));
#8743=DIRECTION('',(0.580702955712692,-0.814115518355069,0.));
#8744=DIRECTION('',(-0.580702955712692,0.814115518355069,0.));
#8745=DIRECTION('',(0.,0.,-1.));
#8746=DIRECTION('center_axis',(0.,0.,-1.));
#8747=DIRECTION('ref_axis',(-0.814115518418362,-0.580702955623959,0.));
#8748=DIRECTION('center_axis',(0.,0.,1.));
#8749=DIRECTION('ref_axis',(-0.814115518418362,-0.580702955623959,0.));
#8750=DIRECTION('center_axis',(0.,0.,-1.));
#8751=DIRECTION('ref_axis',(-0.814115518418362,-0.580702955623959,0.));
#8752=DIRECTION('',(0.,0.,-1.));
#8753=DIRECTION('center_axis',(0.,0.,-1.));
#8754=DIRECTION('ref_axis',(0.0967840124479381,-0.995305407869603,0.));
#8755=DIRECTION('center_axis',(0.,0.,-1.));
#8756=DIRECTION('ref_axis',(0.0967840124479381,-0.995305407869603,0.));
#8757=DIRECTION('center_axis',(0.,0.,1.));
#8758=DIRECTION('ref_axis',(0.0967840124479381,-0.995305407869603,0.));
#8759=DIRECTION('',(0.,0.,-1.));
#8760=DIRECTION('center_axis',(0.,0.,-1.));
#8761=DIRECTION('ref_axis',(0.0967840124469109,-0.995305407869703,0.));
#8762=DIRECTION('center_axis',(0.,0.,1.));
#8763=DIRECTION('ref_axis',(0.0967840124469109,-0.995305407869703,0.));
#8764=DIRECTION('center_axis',(0.,0.,-1.));
#8765=DIRECTION('ref_axis',(0.0967840124469109,-0.995305407869703,0.));
#8766=DIRECTION('',(0.,0.,-1.));
#8767=DIRECTION('center_axis',(0.986285601536786,0.165047605863337,0.));
#8768=DIRECTION('ref_axis',(0.165047605863337,-0.986285601536786,0.));
#8769=DIRECTION('',(-0.165047605863337,0.986285601536786,0.));
#8770=DIRECTION('',(0.165047605863337,-0.986285601536786,0.));
#8771=DIRECTION('',(0.,0.,-1.));
#8772=DIRECTION('center_axis',(0.,0.,-1.));
#8773=DIRECTION('ref_axis',(0.986285601529364,0.165047605907694,0.));
#8774=DIRECTION('center_axis',(0.,0.,1.));
#8775=DIRECTION('ref_axis',(0.986285601529364,0.165047605907694,0.));
#8776=DIRECTION('center_axis',(0.,0.,-1.));
#8777=DIRECTION('ref_axis',(0.986285601529364,0.165047605907694,0.));
#8778=DIRECTION('',(0.,0.,-1.));
#8779=DIRECTION('center_axis',(0.,0.,-1.));
#8780=DIRECTION('ref_axis',(-0.101973453837252,0.994787120298862,0.));
#8781=DIRECTION('center_axis',(0.,0.,1.));
#8782=DIRECTION('ref_axis',(-0.101973453837252,0.994787120298862,0.));
#8783=DIRECTION('center_axis',(0.,0.,-1.));
#8784=DIRECTION('ref_axis',(-0.101973453837252,0.994787120298862,0.));
#8785=DIRECTION('',(0.,0.,-1.));
#8786=DIRECTION('center_axis',(0.983254907576843,0.18223552542261,0.));
#8787=DIRECTION('ref_axis',(0.18223552542261,-0.983254907576843,0.));
#8788=DIRECTION('',(-0.18223552542261,0.983254907576843,0.));
#8789=DIRECTION('',(0.18223552542261,-0.983254907576843,0.));
#8790=DIRECTION('',(0.,0.,-1.));
#8791=DIRECTION('center_axis',(0.,0.,-1.));
#8792=DIRECTION('ref_axis',(0.98325490758222,0.182235525393595,0.));
#8793=DIRECTION('center_axis',(0.,0.,1.));
#8794=DIRECTION('ref_axis',(0.98325490758222,0.182235525393595,0.));
#8795=DIRECTION('center_axis',(0.,0.,-1.));
#8796=DIRECTION('ref_axis',(0.98325490758222,0.182235525393595,0.));
#8797=DIRECTION('',(0.,0.,-1.));
#8798=DIRECTION('center_axis',(0.,0.,-1.));
#8799=DIRECTION('ref_axis',(-0.140595801381159,0.990067078855766,0.));
#8800=DIRECTION('center_axis',(0.,0.,1.));
#8801=DIRECTION('ref_axis',(-0.140595801381159,0.990067078855766,0.));
#8802=DIRECTION('center_axis',(0.,0.,-1.));
#8803=DIRECTION('ref_axis',(-0.140595801381159,0.990067078855766,0.));
#8804=DIRECTION('',(0.,0.,-1.));
#8805=DIRECTION('center_axis',(0.,0.,-1.));
#8806=DIRECTION('ref_axis',(-0.600666900725494,0.799499389851443,0.));
#8807=DIRECTION('center_axis',(0.,0.,1.));
#8808=DIRECTION('ref_axis',(-0.600666900725494,0.799499389851443,0.));
#8809=DIRECTION('center_axis',(0.,0.,-1.));
#8810=DIRECTION('ref_axis',(-0.600666900725494,0.799499389851443,0.));
#8811=DIRECTION('center_axis',(-0.983254907576843,0.182235525422609,0.));
#8812=DIRECTION('ref_axis',(0.182235525422609,0.983254907576843,0.));
#8813=DIRECTION('',(-0.182235525422609,-0.983254907576843,0.));
#8814=DIRECTION('',(0.,0.,-1.));
#8815=DIRECTION('',(0.182235525422609,0.983254907576843,0.));
#8816=DIRECTION('',(0.,0.,-1.));
#8817=DIRECTION('center_axis',(0.,0.,-1.));
#8818=DIRECTION('ref_axis',(0.119395967112826,0.992846716788243,0.));
#8819=DIRECTION('center_axis',(0.,0.,1.));
#8820=DIRECTION('ref_axis',(0.119395967112826,0.992846716788243,0.));
#8821=DIRECTION('center_axis',(0.,0.,-1.));
#8822=DIRECTION('ref_axis',(0.119395967112826,0.992846716788243,0.));
#8823=DIRECTION('',(0.,0.,-1.));
#8824=DIRECTION('center_axis',(0.,0.,-1.));
#8825=DIRECTION('ref_axis',(0.101973454435474,0.994787120237539,0.));
#8826=DIRECTION('center_axis',(0.,0.,1.));
#8827=DIRECTION('ref_axis',(0.101973454435474,0.994787120237539,0.));
#8828=DIRECTION('center_axis',(0.,0.,-1.));
#8829=DIRECTION('ref_axis',(0.101973454435474,0.994787120237539,0.));
#8830=DIRECTION('',(0.,0.,-1.));
#8831=DIRECTION('center_axis',(-0.986285601537587,0.165047605858555,0.));
#8832=DIRECTION('ref_axis',(0.165047605858555,0.986285601537587,0.));
#8833=DIRECTION('',(-0.165047605858555,-0.986285601537587,0.));
#8834=DIRECTION('',(0.165047605858555,0.986285601537587,0.));
#8835=DIRECTION('',(0.,0.,-1.));
#8836=DIRECTION('center_axis',(0.,0.,-1.));
#8837=DIRECTION('ref_axis',(-0.986285601519598,0.165047605966053,0.));
#8838=DIRECTION('center_axis',(0.,0.,1.));
#8839=DIRECTION('ref_axis',(-0.986285601519598,0.165047605966053,0.));
#8840=DIRECTION('center_axis',(0.,0.,-1.));
#8841=DIRECTION('ref_axis',(-0.986285601519598,0.165047605966053,0.));
#8842=DIRECTION('',(0.,0.,-1.));
#8843=DIRECTION('center_axis',(0.,0.,-1.));
#8844=DIRECTION('ref_axis',(-0.635350571743859,-0.772223834768619,0.));
#8845=DIRECTION('center_axis',(0.,0.,-1.));
#8846=DIRECTION('ref_axis',(-0.635350571743859,-0.772223834768619,0.));
#8847=DIRECTION('center_axis',(0.,0.,1.));
#8848=DIRECTION('ref_axis',(-0.635350571743859,-0.772223834768619,0.));
#8849=DIRECTION('',(0.,0.,-1.));
#8850=DIRECTION('center_axis',(0.,0.,-1.));
#8851=DIRECTION('ref_axis',(-0.635350571744656,-0.772223834767964,0.));
#8852=DIRECTION('center_axis',(0.,0.,1.));
#8853=DIRECTION('ref_axis',(-0.635350571744656,-0.772223834767964,0.));
#8854=DIRECTION('center_axis',(0.,0.,-1.));
#8855=DIRECTION('ref_axis',(-0.635350571744656,-0.772223834767964,0.));
#8856=DIRECTION('',(0.,0.,-1.));
#8857=DIRECTION('center_axis',(0.814115518357885,-0.580702955708745,0.));
#8858=DIRECTION('ref_axis',(-0.580702955708745,-0.814115518357885,0.));
#8859=DIRECTION('',(0.580702955708745,0.814115518357885,0.));
#8860=DIRECTION('',(-0.580702955708745,-0.814115518357885,0.));
#8861=DIRECTION('',(0.,0.,-1.));
#8862=DIRECTION('center_axis',(0.,0.,-1.));
#8863=DIRECTION('ref_axis',(0.814115518384001,-0.580702955672131,0.));
#8864=DIRECTION('center_axis',(0.,0.,1.));
#8865=DIRECTION('ref_axis',(0.814115518384001,-0.580702955672131,0.));
#8866=DIRECTION('center_axis',(0.,0.,-1.));
#8867=DIRECTION('ref_axis',(0.814115518384001,-0.580702955672131,0.));
#8868=DIRECTION('',(0.,0.,-1.));
#8869=DIRECTION('center_axis',(0.,0.,-1.));
#8870=DIRECTION('ref_axis',(0.631314597891029,0.775526839309697,0.));
#8871=DIRECTION('center_axis',(0.,0.,1.));
#8872=DIRECTION('ref_axis',(0.631314597891029,0.775526839309697,0.));
#8873=DIRECTION('center_axis',(0.,0.,-1.));
#8874=DIRECTION('ref_axis',(0.631314597891029,0.775526839309697,0.));
#8875=DIRECTION('',(0.,0.,-1.));
#8876=DIRECTION('center_axis',(0.824126188581958,-0.566406236983117,0.));
#8877=DIRECTION('ref_axis',(-0.566406236983117,-0.824126188581958,0.));
#8878=DIRECTION('',(0.566406236983117,0.824126188581958,0.));
#8879=DIRECTION('',(-0.566406236983117,-0.824126188581958,0.));
#8880=DIRECTION('',(0.,0.,-1.));
#8881=DIRECTION('center_axis',(0.,0.,-1.));
#8882=DIRECTION('ref_axis',(0.824126188565244,-0.566406237007436,0.));
#8883=DIRECTION('center_axis',(0.,0.,1.));
#8884=DIRECTION('ref_axis',(0.824126188565244,-0.566406237007436,0.));
#8885=DIRECTION('center_axis',(0.,0.,-1.));
#8886=DIRECTION('ref_axis',(0.824126188565244,-0.566406237007436,0.));
#8887=DIRECTION('',(0.,0.,-1.));
#8888=DIRECTION('center_axis',(0.,0.,-1.));
#8889=DIRECTION('ref_axis',(0.600666900725494,0.799499389851443,0.));
#8890=DIRECTION('center_axis',(0.,0.,1.));
#8891=DIRECTION('ref_axis',(0.600666900725494,0.799499389851443,0.));
#8892=DIRECTION('center_axis',(0.,0.,-1.));
#8893=DIRECTION('ref_axis',(0.600666900725494,0.799499389851443,0.));
#8894=DIRECTION('',(0.,0.,-1.));
#8895=DIRECTION('center_axis',(0.,0.,-1.));
#8896=DIRECTION('ref_axis',(0.140595801381158,0.990067078855766,0.));
#8897=DIRECTION('center_axis',(0.,0.,1.));
#8898=DIRECTION('ref_axis',(0.140595801381158,0.990067078855766,0.));
#8899=DIRECTION('center_axis',(0.,0.,-1.));
#8900=DIRECTION('ref_axis',(0.140595801381158,0.990067078855766,0.));
#8901=DIRECTION('center_axis',(0.,0.,-1.));
#8902=DIRECTION('ref_axis',(1.,0.,0.));
#8903=DIRECTION('center_axis',(0.,0.,-1.));
#8904=DIRECTION('ref_axis',(1.,0.,0.));
#8905=DIRECTION('',(0.,0.,-1.));
#8906=DIRECTION('center_axis',(0.,0.,-1.));
#8907=DIRECTION('ref_axis',(1.,0.,0.));
#8908=DIRECTION('center_axis',(0.,0.,1.));
#8909=DIRECTION('ref_axis',(1.,0.,0.));
#8910=DIRECTION('center_axis',(0.,0.,-1.));
#8911=DIRECTION('ref_axis',(1.,0.,0.));
#8912=DIRECTION('center_axis',(0.,0.,-1.));
#8913=DIRECTION('ref_axis',(1.,0.,0.));
#8914=DIRECTION('',(0.,0.,-1.));
#8915=DIRECTION('center_axis',(0.,0.,-1.));
#8916=DIRECTION('ref_axis',(1.,0.,0.));
#8917=DIRECTION('center_axis',(0.,0.,1.));
#8918=DIRECTION('ref_axis',(1.,0.,0.));
#8919=DIRECTION('center_axis',(0.,0.,-1.));
#8920=DIRECTION('ref_axis',(1.,0.,0.));
#8921=DIRECTION('center_axis',(0.,0.,-1.));
#8922=DIRECTION('ref_axis',(1.,0.,0.));
#8923=DIRECTION('',(0.,0.,-1.));
#8924=DIRECTION('center_axis',(0.,0.,-1.));
#8925=DIRECTION('ref_axis',(1.,0.,0.));
#8926=DIRECTION('center_axis',(0.,0.,1.));
#8927=DIRECTION('ref_axis',(1.,0.,0.));
#8928=DIRECTION('center_axis',(0.,0.,-1.));
#8929=DIRECTION('ref_axis',(1.,0.,0.));
#8930=DIRECTION('center_axis',(0.,0.,-1.));
#8931=DIRECTION('ref_axis',(1.,0.,0.));
#8932=DIRECTION('',(0.,0.,-1.));
#8933=DIRECTION('center_axis',(0.,0.,-1.));
#8934=DIRECTION('ref_axis',(1.,0.,0.));
#8935=DIRECTION('center_axis',(0.,0.,1.));
#8936=DIRECTION('ref_axis',(1.,0.,0.));
#8937=DIRECTION('center_axis',(0.,0.,-1.));
#8938=DIRECTION('ref_axis',(1.,0.,0.));
#8939=DIRECTION('center_axis',(0.,0.,-1.));
#8940=DIRECTION('ref_axis',(1.,0.,0.));
#8941=DIRECTION('',(0.,0.,-1.));
#8942=DIRECTION('center_axis',(0.,0.,-1.));
#8943=DIRECTION('ref_axis',(1.,0.,0.));
#8944=DIRECTION('center_axis',(0.,0.,1.));
#8945=DIRECTION('ref_axis',(1.,0.,0.));
#8946=DIRECTION('center_axis',(0.,0.,-1.));
#8947=DIRECTION('ref_axis',(1.,0.,0.));
#8948=DIRECTION('center_axis',(0.,0.,-1.));
#8949=DIRECTION('ref_axis',(1.,0.,0.));
#8950=DIRECTION('',(0.,0.,-1.));
#8951=DIRECTION('center_axis',(0.,0.,-1.));
#8952=DIRECTION('ref_axis',(1.,0.,0.));
#8953=DIRECTION('center_axis',(0.,0.,1.));
#8954=DIRECTION('ref_axis',(1.,0.,0.));
#8955=DIRECTION('center_axis',(0.,0.,-1.));
#8956=DIRECTION('ref_axis',(1.,0.,0.));
#8957=DIRECTION('center_axis',(0.,0.,-1.));
#8958=DIRECTION('ref_axis',(1.,0.,0.));
#8959=DIRECTION('',(0.,0.,-1.));
#8960=DIRECTION('center_axis',(0.,0.,-1.));
#8961=DIRECTION('ref_axis',(1.,0.,0.));
#8962=DIRECTION('center_axis',(0.,0.,1.));
#8963=DIRECTION('ref_axis',(1.,0.,0.));
#8964=DIRECTION('center_axis',(0.,0.,-1.));
#8965=DIRECTION('ref_axis',(1.,0.,0.));
#8966=DIRECTION('center_axis',(0.,0.,-1.));
#8967=DIRECTION('ref_axis',(1.,0.,0.));
#8968=DIRECTION('',(0.,0.,-1.));
#8969=DIRECTION('center_axis',(0.,0.,-1.));
#8970=DIRECTION('ref_axis',(1.,0.,0.));
#8971=DIRECTION('center_axis',(0.,0.,1.));
#8972=DIRECTION('ref_axis',(1.,0.,0.));
#8973=DIRECTION('center_axis',(0.,0.,-1.));
#8974=DIRECTION('ref_axis',(1.,0.,0.));
#8975=DIRECTION('center_axis',(0.,0.,-1.));
#8976=DIRECTION('ref_axis',(1.,0.,0.));
#8977=DIRECTION('',(0.,0.,-1.));
#8978=DIRECTION('center_axis',(0.,0.,-1.));
#8979=DIRECTION('ref_axis',(1.,0.,0.));
#8980=DIRECTION('center_axis',(0.,0.,1.));
#8981=DIRECTION('ref_axis',(1.,0.,0.));
#8982=DIRECTION('center_axis',(0.,0.,-1.));
#8983=DIRECTION('ref_axis',(1.,0.,0.));
#8984=DIRECTION('center_axis',(0.,0.,-1.));
#8985=DIRECTION('ref_axis',(1.,0.,0.));
#8986=DIRECTION('',(0.,0.,-1.));
#8987=DIRECTION('center_axis',(0.,0.,-1.));
#8988=DIRECTION('ref_axis',(1.,0.,0.));
#8989=DIRECTION('center_axis',(0.,0.,1.));
#8990=DIRECTION('ref_axis',(1.,0.,0.));
#8991=DIRECTION('center_axis',(0.,0.,-1.));
#8992=DIRECTION('ref_axis',(1.,0.,0.));
#8993=DIRECTION('center_axis',(0.,0.,-1.));
#8994=DIRECTION('ref_axis',(1.,0.,0.));
#8995=DIRECTION('',(0.,0.,-1.));
#8996=DIRECTION('center_axis',(0.,0.,1.));
#8997=DIRECTION('ref_axis',(1.,0.,0.));
#8998=DIRECTION('center_axis',(0.,0.,-1.));
#8999=DIRECTION('ref_axis',(1.,0.,0.));
#9000=DIRECTION('center_axis',(0.,0.,-1.));
#9001=DIRECTION('ref_axis',(1.,0.,0.));
#9002=DIRECTION('',(0.,0.,-1.));
#9003=DIRECTION('center_axis',(0.,0.,1.));
#9004=DIRECTION('ref_axis',(1.,0.,0.));
#9005=DIRECTION('center_axis',(0.,0.,-1.));
#9006=DIRECTION('ref_axis',(1.,0.,0.));
#9007=DIRECTION('center_axis',(0.,0.,-1.));
#9008=DIRECTION('ref_axis',(1.,0.,0.));
#9009=DIRECTION('',(0.,0.,-1.));
#9010=DIRECTION('center_axis',(0.,0.,1.));
#9011=DIRECTION('ref_axis',(1.,0.,0.));
#9012=DIRECTION('center_axis',(0.,0.,-1.));
#9013=DIRECTION('ref_axis',(1.,0.,0.));
#9014=DIRECTION('center_axis',(0.,0.,-1.));
#9015=DIRECTION('ref_axis',(1.,0.,0.));
#9016=DIRECTION('',(0.,0.,-1.));
#9017=DIRECTION('center_axis',(0.,0.,1.));
#9018=DIRECTION('ref_axis',(1.,0.,0.));
#9019=DIRECTION('center_axis',(0.,0.,-1.));
#9020=DIRECTION('ref_axis',(1.,0.,0.));
#9021=DIRECTION('center_axis',(0.,0.,-1.));
#9022=DIRECTION('ref_axis',(1.,0.,0.));
#9023=DIRECTION('',(0.,0.,-1.));
#9024=DIRECTION('center_axis',(0.,0.,1.));
#9025=DIRECTION('ref_axis',(1.,0.,0.));
#9026=DIRECTION('center_axis',(0.,0.,-1.));
#9027=DIRECTION('ref_axis',(1.,0.,0.));
#9028=DIRECTION('center_axis',(0.,0.,-1.));
#9029=DIRECTION('ref_axis',(1.,0.,0.));
#9030=DIRECTION('',(0.,0.,-1.));
#9031=DIRECTION('center_axis',(0.,0.,1.));
#9032=DIRECTION('ref_axis',(1.,0.,0.));
#9033=DIRECTION('center_axis',(0.,0.,-1.));
#9034=DIRECTION('ref_axis',(1.,0.,0.));
#9035=DIRECTION('center_axis',(0.,0.,-1.));
#9036=DIRECTION('ref_axis',(1.,0.,0.));
#9037=DIRECTION('',(0.,0.,-1.));
#9038=DIRECTION('center_axis',(0.,0.,1.));
#9039=DIRECTION('ref_axis',(1.,0.,0.));
#9040=DIRECTION('center_axis',(0.,0.,-1.));
#9041=DIRECTION('ref_axis',(1.,0.,0.));
#9042=DIRECTION('center_axis',(0.,0.,-1.));
#9043=DIRECTION('ref_axis',(1.,0.,0.));
#9044=DIRECTION('',(0.,0.,-1.));
#9045=DIRECTION('center_axis',(0.,0.,1.));
#9046=DIRECTION('ref_axis',(1.,0.,0.));
#9047=DIRECTION('center_axis',(0.,0.,-1.));
#9048=DIRECTION('ref_axis',(0.309016994374948,-0.951056516295154,0.));
#9049=DIRECTION('center_axis',(0.,0.,-1.));
#9050=DIRECTION('ref_axis',(0.309016994374948,-0.951056516295154,0.));
#9051=DIRECTION('',(0.,0.,-1.));
#9052=DIRECTION('center_axis',(0.,0.,1.));
#9053=DIRECTION('ref_axis',(0.309016994374948,-0.951056516295154,0.));
#9054=DIRECTION('center_axis',(0.,0.,-1.));
#9055=DIRECTION('ref_axis',(0.309016994374947,0.951056516295154,0.));
#9056=DIRECTION('center_axis',(0.,0.,-1.));
#9057=DIRECTION('ref_axis',(0.309016994374947,0.951056516295154,0.));
#9058=DIRECTION('',(0.,0.,-1.));
#9059=DIRECTION('center_axis',(0.,0.,1.));
#9060=DIRECTION('ref_axis',(0.309016994374947,0.951056516295154,0.));
#9061=DIRECTION('center_axis',(0.,0.,-1.));
#9062=DIRECTION('ref_axis',(-0.809016994374947,-0.587785252292473,0.));
#9063=DIRECTION('center_axis',(0.,0.,-1.));
#9064=DIRECTION('ref_axis',(-0.809016994374947,-0.587785252292473,0.));
#9065=DIRECTION('',(0.,0.,-1.));
#9066=DIRECTION('center_axis',(0.,0.,1.));
#9067=DIRECTION('ref_axis',(-0.809016994374947,-0.587785252292473,0.));
#9068=DIRECTION('center_axis',(0.,0.,-1.));
#9069=DIRECTION('ref_axis',(1.,1.11022302462513E-16,0.));
#9070=DIRECTION('center_axis',(0.,0.,-1.));
#9071=DIRECTION('ref_axis',(1.,1.11022302462513E-16,0.));
#9072=DIRECTION('',(0.,0.,-1.));
#9073=DIRECTION('center_axis',(0.,0.,1.));
#9074=DIRECTION('ref_axis',(1.,1.11022302462513E-16,0.));
#9075=DIRECTION('center_axis',(0.,0.,-1.));
#9076=DIRECTION('ref_axis',(-0.809016994374948,0.587785252292473,0.));
#9077=DIRECTION('center_axis',(0.,0.,-1.));
#9078=DIRECTION('ref_axis',(-0.809016994374948,0.587785252292473,0.));
#9079=DIRECTION('',(0.,0.,-1.));
#9080=DIRECTION('center_axis',(0.,0.,1.));
#9081=DIRECTION('ref_axis',(-0.809016994374948,0.587785252292473,0.));
#9082=DIRECTION('center_axis',(0.,0.,-1.));
#9083=DIRECTION('ref_axis',(-0.309016994374947,0.951056516295154,0.));
#9084=DIRECTION('center_axis',(0.,0.,-1.));
#9085=DIRECTION('ref_axis',(-0.309016994374947,0.951056516295154,0.));
#9086=DIRECTION('',(0.,0.,-1.));
#9087=DIRECTION('center_axis',(0.,0.,1.));
#9088=DIRECTION('ref_axis',(-0.309016994374947,0.951056516295154,0.));
#9089=DIRECTION('center_axis',(0.,0.,-1.));
#9090=DIRECTION('ref_axis',(0.809016994374947,-0.587785252292473,0.));
#9091=DIRECTION('center_axis',(0.,0.,-1.));
#9092=DIRECTION('ref_axis',(0.809016994374947,-0.587785252292473,0.));
#9093=DIRECTION('',(0.,0.,-1.));
#9094=DIRECTION('center_axis',(0.,0.,1.));
#9095=DIRECTION('ref_axis',(0.809016994374947,-0.587785252292473,0.));
#9096=DIRECTION('center_axis',(0.,0.,-1.));
#9097=DIRECTION('ref_axis',(-1.,-8.32667268468816E-17,0.));
#9098=DIRECTION('center_axis',(0.,0.,-1.));
#9099=DIRECTION('ref_axis',(-1.,-8.32667268468816E-17,0.));
#9100=DIRECTION('',(0.,0.,-1.));
#9101=DIRECTION('center_axis',(0.,0.,1.));
#9102=DIRECTION('ref_axis',(-1.,-8.32667268468816E-17,0.));
#9103=DIRECTION('center_axis',(0.,0.,-1.));
#9104=DIRECTION('ref_axis',(0.809016994374947,0.587785252292473,0.));
#9105=DIRECTION('center_axis',(0.,0.,-1.));
#9106=DIRECTION('ref_axis',(0.809016994374947,0.587785252292473,0.));
#9107=DIRECTION('',(0.,0.,-1.));
#9108=DIRECTION('center_axis',(0.,0.,1.));
#9109=DIRECTION('ref_axis',(0.809016994374947,0.587785252292473,0.));
#9110=DIRECTION('center_axis',(0.,0.,-1.));
#9111=DIRECTION('ref_axis',(-0.309016994374947,-0.951056516295154,0.));
#9112=DIRECTION('center_axis',(0.,0.,-1.));
#9113=DIRECTION('ref_axis',(-0.309016994374947,-0.951056516295154,0.));
#9114=DIRECTION('',(0.,0.,-1.));
#9115=DIRECTION('center_axis',(0.,0.,1.));
#9116=DIRECTION('ref_axis',(-0.309016994374947,-0.951056516295154,0.));
#9117=DIRECTION('center_axis',(0.,0.,-1.));
#9118=DIRECTION('ref_axis',(0.809016994374947,-0.587785252292473,0.));
#9119=DIRECTION('center_axis',(0.,0.,-1.));
#9120=DIRECTION('ref_axis',(0.809016994374947,-0.587785252292473,0.));
#9121=DIRECTION('',(0.,0.,-1.));
#9122=DIRECTION('center_axis',(0.,0.,1.));
#9123=DIRECTION('ref_axis',(0.809016994374947,-0.587785252292473,0.));
#9124=DIRECTION('center_axis',(0.,0.,-1.));
#9125=DIRECTION('ref_axis',(-0.309016994374948,0.951056516295154,0.));
#9126=DIRECTION('center_axis',(0.,0.,-1.));
#9127=DIRECTION('ref_axis',(-0.309016994374948,0.951056516295154,0.));
#9128=DIRECTION('',(0.,0.,-1.));
#9129=DIRECTION('center_axis',(0.,0.,1.));
#9130=DIRECTION('ref_axis',(-0.309016994374948,0.951056516295154,0.));
#9131=DIRECTION('center_axis',(0.,0.,-1.));
#9132=DIRECTION('ref_axis',(-0.309016994374947,-0.951056516295154,0.));
#9133=DIRECTION('center_axis',(0.,0.,-1.));
#9134=DIRECTION('ref_axis',(-0.309016994374947,-0.951056516295154,0.));
#9135=DIRECTION('',(0.,0.,-1.));
#9136=DIRECTION('center_axis',(0.,0.,1.));
#9137=DIRECTION('ref_axis',(-0.309016994374947,-0.951056516295154,0.));
#9138=DIRECTION('center_axis',(0.,0.,-1.));
#9139=DIRECTION('ref_axis',(0.809016994374947,0.587785252292474,0.));
#9140=DIRECTION('center_axis',(0.,0.,-1.));
#9141=DIRECTION('ref_axis',(0.809016994374947,0.587785252292474,0.));
#9142=DIRECTION('',(0.,0.,-1.));
#9143=DIRECTION('center_axis',(0.,0.,1.));
#9144=DIRECTION('ref_axis',(0.809016994374947,0.587785252292474,0.));
#9145=DIRECTION('center_axis',(0.,0.,-1.));
#9146=DIRECTION('ref_axis',(-1.,-1.31838984174235E-16,0.));
#9147=DIRECTION('center_axis',(0.,0.,-1.));
#9148=DIRECTION('ref_axis',(-1.,-1.31838984174235E-16,0.));
#9149=DIRECTION('',(0.,0.,-1.));
#9150=DIRECTION('center_axis',(0.,0.,1.));
#9151=DIRECTION('ref_axis',(-1.,-1.31838984174235E-16,0.));
#9152=DIRECTION('center_axis',(0.,0.,-1.));
#9153=DIRECTION('ref_axis',(0.309016994374947,0.951056516295154,0.));
#9154=DIRECTION('center_axis',(0.,0.,-1.));
#9155=DIRECTION('ref_axis',(0.309016994374947,0.951056516295154,0.));
#9156=DIRECTION('',(0.,0.,-1.));
#9157=DIRECTION('center_axis',(0.,0.,1.));
#9158=DIRECTION('ref_axis',(0.309016994374947,0.951056516295154,0.));
#9159=DIRECTION('center_axis',(0.,0.,-1.));
#9160=DIRECTION('ref_axis',(0.309016994374948,-0.951056516295154,0.));
#9161=DIRECTION('center_axis',(0.,0.,-1.));
#9162=DIRECTION('ref_axis',(0.309016994374948,-0.951056516295154,0.));
#9163=DIRECTION('',(0.,0.,-1.));
#9164=DIRECTION('center_axis',(0.,0.,1.));
#9165=DIRECTION('ref_axis',(0.309016994374948,-0.951056516295154,0.));
#9166=DIRECTION('center_axis',(0.,0.,-1.));
#9167=DIRECTION('ref_axis',(-0.809016994374947,0.587785252292473,0.));
#9168=DIRECTION('center_axis',(0.,0.,-1.));
#9169=DIRECTION('ref_axis',(-0.809016994374947,0.587785252292473,0.));
#9170=DIRECTION('',(0.,0.,-1.));
#9171=DIRECTION('center_axis',(0.,0.,1.));
#9172=DIRECTION('ref_axis',(-0.809016994374947,0.587785252292473,0.));
#9173=DIRECTION('center_axis',(0.,0.,-1.));
#9174=DIRECTION('ref_axis',(1.,1.38777878078142E-17,0.));
#9175=DIRECTION('center_axis',(0.,0.,-1.));
#9176=DIRECTION('ref_axis',(1.,1.38777878078142E-17,0.));
#9177=DIRECTION('',(0.,0.,-1.));
#9178=DIRECTION('center_axis',(0.,0.,1.));
#9179=DIRECTION('ref_axis',(1.,1.38777878078142E-17,0.));
#9180=DIRECTION('center_axis',(0.,0.,-1.));
#9181=DIRECTION('ref_axis',(-0.809016994374947,-0.587785252292473,0.));
#9182=DIRECTION('center_axis',(0.,0.,-1.));
#9183=DIRECTION('ref_axis',(-0.809016994374947,-0.587785252292473,0.));
#9184=DIRECTION('',(0.,0.,-1.));
#9185=DIRECTION('center_axis',(0.,0.,1.));
#9186=DIRECTION('ref_axis',(-0.809016994374947,-0.587785252292473,0.));
#9187=DIRECTION('center_axis',(0.,0.,-1.));
#9188=DIRECTION('ref_axis',(-0.309016994374945,-0.951056516295154,0.));
#9189=DIRECTION('',(0.,0.,1.));
#9190=DIRECTION('center_axis',(0.,0.,-1.));
#9191=DIRECTION('ref_axis',(0.309016994374947,0.951056516295154,0.));
#9192=DIRECTION('',(0.,0.,-1.));
#9193=DIRECTION('center_axis',(0.,0.,-1.));
#9194=DIRECTION('ref_axis',(0.309016994374947,0.951056516295154,0.));
#9195=DIRECTION('center_axis',(0.,0.,1.));
#9196=DIRECTION('ref_axis',(1.,0.,0.));
#9197=DIRECTION('',(0.951056516295154,-0.309016994374947,0.));
#9198=DIRECTION('center_axis',(0.,0.,-1.));
#9199=DIRECTION('ref_axis',(0.809016994374948,0.587785252292472,0.));
#9200=DIRECTION('',(0.,0.,1.));
#9201=DIRECTION('center_axis',(0.,0.,-1.));
#9202=DIRECTION('ref_axis',(-0.809016994374947,-0.587785252292473,0.));
#9203=DIRECTION('',(0.,0.,-1.));
#9204=DIRECTION('center_axis',(0.,0.,-1.));
#9205=DIRECTION('ref_axis',(-0.809016994374947,-0.587785252292473,0.));
#9206=DIRECTION('center_axis',(0.,0.,1.));
#9207=DIRECTION('ref_axis',(1.,0.,0.));
#9208=DIRECTION('',(-0.587785252292473,0.809016994374947,0.));
#9209=DIRECTION('center_axis',(0.,0.,-1.));
#9210=DIRECTION('ref_axis',(-1.,-1.36342467722549E-16,0.));
#9211=DIRECTION('',(0.,0.,1.));
#9212=DIRECTION('center_axis',(0.,0.,-1.));
#9213=DIRECTION('ref_axis',(1.,1.38777878078142E-17,0.));
#9214=DIRECTION('',(0.,0.,-1.));
#9215=DIRECTION('center_axis',(0.,0.,-1.));
#9216=DIRECTION('ref_axis',(1.,1.38777878078142E-17,0.));
#9217=DIRECTION('center_axis',(0.,0.,1.));
#9218=DIRECTION('ref_axis',(1.,0.,0.));
#9219=DIRECTION('',(1.38777878078142E-17,-1.,0.));
#9220=DIRECTION('center_axis',(0.,0.,-1.));
#9221=DIRECTION('ref_axis',(0.809016994374949,-0.587785252292471,0.));
#9222=DIRECTION('',(0.,0.,1.));
#9223=DIRECTION('center_axis',(0.,0.,-1.));
#9224=DIRECTION('ref_axis',(-0.809016994374947,0.587785252292473,0.));
#9225=DIRECTION('',(0.,0.,-1.));
#9226=DIRECTION('center_axis',(0.,0.,-1.));
#9227=DIRECTION('ref_axis',(-0.809016994374947,0.587785252292473,0.));
#9228=DIRECTION('center_axis',(0.,0.,1.));
#9229=DIRECTION('ref_axis',(1.,0.,0.));
#9230=DIRECTION('',(0.587785252292473,0.809016994374947,0.));
#9231=DIRECTION('center_axis',(0.,0.,-1.));
#9232=DIRECTION('ref_axis',(-0.309016994374952,0.951056516295152,0.));
#9233=DIRECTION('',(0.,0.,1.));
#9234=DIRECTION('center_axis',(0.,0.,-1.));
#9235=DIRECTION('ref_axis',(0.309016994374948,-0.951056516295154,0.));
#9236=DIRECTION('',(0.,0.,-1.));
#9237=DIRECTION('center_axis',(0.,0.,-1.));
#9238=DIRECTION('ref_axis',(0.309016994374948,-0.951056516295154,0.));
#9239=DIRECTION('center_axis',(0.,0.,1.));
#9240=DIRECTION('ref_axis',(1.,0.,0.));
#9241=DIRECTION('',(-0.951056516295153,-0.309016994374948,0.));
#9242=DIRECTION('center_axis',(0.,0.,-1.));
#9243=DIRECTION('ref_axis',(0.309016994374955,0.951056516295151,0.));
#9244=DIRECTION('',(0.,0.,1.));
#9245=DIRECTION('center_axis',(0.,0.,-1.));
#9246=DIRECTION('ref_axis',(-0.309016994374947,-0.951056516295153,0.));
#9247=DIRECTION('',(0.,0.,-1.));
#9248=DIRECTION('center_axis',(0.,0.,-1.));
#9249=DIRECTION('ref_axis',(-0.309016994374947,-0.951056516295153,0.));
#9250=DIRECTION('center_axis',(0.,0.,1.));
#9251=DIRECTION('ref_axis',(1.,0.,0.));
#9252=DIRECTION('',(-0.951056516295153,0.309016994374948,0.));
#9253=DIRECTION('center_axis',(0.,0.,-1.));
#9254=DIRECTION('ref_axis',(0.309016994374943,-0.951056516295155,0.));
#9255=DIRECTION('',(0.,0.,1.));
#9256=DIRECTION('center_axis',(0.,0.,-1.));
#9257=DIRECTION('ref_axis',(-0.309016994374947,0.951056516295153,0.));
#9258=DIRECTION('',(0.,0.,-1.));
#9259=DIRECTION('center_axis',(0.,0.,-1.));
#9260=DIRECTION('ref_axis',(-0.309016994374947,0.951056516295153,0.));
#9261=DIRECTION('center_axis',(0.,0.,1.));
#9262=DIRECTION('ref_axis',(1.,0.,0.));
#9263=DIRECTION('',(0.951056516295153,0.309016994374948,0.));
#9264=DIRECTION('center_axis',(0.,0.,-1.));
#9265=DIRECTION('ref_axis',(-0.809016994374948,0.587785252292473,0.));
#9266=DIRECTION('',(0.,0.,1.));
#9267=DIRECTION('center_axis',(0.,0.,-1.));
#9268=DIRECTION('ref_axis',(0.809016994374947,-0.587785252292473,0.));
#9269=DIRECTION('',(0.,0.,-1.));
#9270=DIRECTION('center_axis',(0.,0.,-1.));
#9271=DIRECTION('ref_axis',(0.809016994374947,-0.587785252292473,0.));
#9272=DIRECTION('center_axis',(0.,0.,1.));
#9273=DIRECTION('ref_axis',(1.,0.,0.));
#9274=DIRECTION('',(-0.587785252292473,-0.809016994374947,0.));
#9275=DIRECTION('center_axis',(0.,0.,-1.));
#9276=DIRECTION('ref_axis',(1.,2.5430366408897E-16,0.));
#9277=DIRECTION('',(0.,0.,1.));
#9278=DIRECTION('center_axis',(0.,0.,-1.));
#9279=DIRECTION('ref_axis',(-1.,-1.31838984174235E-16,0.));
#9280=DIRECTION('',(0.,0.,-1.));
#9281=DIRECTION('center_axis',(0.,0.,-1.));
#9282=DIRECTION('ref_axis',(-1.,-1.31838984174235E-16,0.));
#9283=DIRECTION('center_axis',(0.,0.,1.));
#9284=DIRECTION('ref_axis',(1.,0.,0.));
#9285=DIRECTION('',(-1.31838984174235E-16,1.,0.));
#9286=DIRECTION('center_axis',(0.,0.,-1.));
#9287=DIRECTION('ref_axis',(-0.809016994374945,-0.587785252292476,0.));
#9288=DIRECTION('',(0.,0.,1.));
#9289=DIRECTION('center_axis',(0.,0.,-1.));
#9290=DIRECTION('ref_axis',(0.809016994374947,0.587785252292473,0.));
#9291=DIRECTION('',(0.,0.,-1.));
#9292=DIRECTION('center_axis',(0.,0.,-1.));
#9293=DIRECTION('ref_axis',(0.809016994374947,0.587785252292473,0.));
#9294=DIRECTION('center_axis',(0.,0.,1.));
#9295=DIRECTION('ref_axis',(1.,0.,0.));
#9296=DIRECTION('',(0.587785252292473,-0.809016994374947,0.));
#9297=DIRECTION('center_axis',(0.,0.,-1.));
#9298=DIRECTION('ref_axis',(0.309016994374952,-0.951056516295152,0.));
#9299=DIRECTION('',(0.,0.,1.));
#9300=DIRECTION('center_axis',(0.,0.,-1.));
#9301=DIRECTION('ref_axis',(-0.309016994374947,0.951056516295154,0.));
#9302=DIRECTION('',(0.,0.,-1.));
#9303=DIRECTION('center_axis',(0.,0.,-1.));
#9304=DIRECTION('ref_axis',(-0.309016994374947,0.951056516295154,0.));
#9305=DIRECTION('center_axis',(0.,0.,1.));
#9306=DIRECTION('ref_axis',(1.,0.,0.));
#9307=DIRECTION('',(0.951056516295153,0.309016994374948,0.));
#9308=DIRECTION('center_axis',(0.,0.,-1.));
#9309=DIRECTION('ref_axis',(0.309016994374946,0.951056516295154,0.));
#9310=DIRECTION('',(0.,0.,1.));
#9311=DIRECTION('center_axis',(0.,0.,-1.));
#9312=DIRECTION('ref_axis',(-0.309016994374947,-0.951056516295154,0.));
#9313=DIRECTION('',(0.,0.,-1.));
#9314=DIRECTION('center_axis',(0.,0.,-1.));
#9315=DIRECTION('ref_axis',(-0.309016994374947,-0.951056516295154,0.));
#9316=DIRECTION('center_axis',(0.,0.,1.));
#9317=DIRECTION('ref_axis',(1.,0.,0.));
#9318=DIRECTION('',(-0.951056516295154,0.309016994374947,0.));
#9319=DIRECTION('center_axis',(0.,0.,-1.));
#9320=DIRECTION('ref_axis',(-0.809016994374946,-0.587785252292476,0.));
#9321=DIRECTION('',(0.,0.,1.));
#9322=DIRECTION('center_axis',(0.,0.,-1.));
#9323=DIRECTION('ref_axis',(0.809016994374947,0.587785252292473,0.));
#9324=DIRECTION('',(0.,0.,-1.));
#9325=DIRECTION('center_axis',(0.,0.,-1.));
#9326=DIRECTION('ref_axis',(0.809016994374947,0.587785252292473,0.));
#9327=DIRECTION('center_axis',(0.,0.,1.));
#9328=DIRECTION('ref_axis',(1.,0.,0.));
#9329=DIRECTION('',(0.587785252292473,-0.809016994374947,0.));
#9330=DIRECTION('center_axis',(0.,0.,-1.));
#9331=DIRECTION('ref_axis',(1.,2.05731406761617E-16,0.));
#9332=DIRECTION('',(0.,0.,1.));
#9333=DIRECTION('center_axis',(0.,0.,-1.));
#9334=DIRECTION('ref_axis',(-1.,-8.32667268468816E-17,0.));
#9335=DIRECTION('',(0.,0.,-1.));
#9336=DIRECTION('center_axis',(0.,0.,-1.));
#9337=DIRECTION('ref_axis',(-1.,-8.32667268468816E-17,0.));
#9338=DIRECTION('center_axis',(0.,0.,1.));
#9339=DIRECTION('ref_axis',(1.,0.,0.));
#9340=DIRECTION('',(-8.32667268468816E-17,1.,0.));
#9341=DIRECTION('center_axis',(0.,0.,-1.));
#9342=DIRECTION('ref_axis',(-0.809016994374948,0.587785252292473,0.));
#9343=DIRECTION('',(0.,0.,1.));
#9344=DIRECTION('center_axis',(0.,0.,-1.));
#9345=DIRECTION('ref_axis',(0.809016994374948,-0.587785252292473,0.));
#9346=DIRECTION('',(0.,0.,-1.));
#9347=DIRECTION('center_axis',(0.,0.,-1.));
#9348=DIRECTION('ref_axis',(0.809016994374948,-0.587785252292473,0.));
#9349=DIRECTION('center_axis',(0.,0.,1.));
#9350=DIRECTION('ref_axis',(1.,0.,0.));
#9351=DIRECTION('',(-0.587785252292473,-0.809016994374947,0.));
#9352=DIRECTION('center_axis',(0.,0.,-1.));
#9353=DIRECTION('ref_axis',(0.809016994374949,0.587785252292471,0.));
#9354=DIRECTION('',(0.,0.,1.));
#9355=DIRECTION('center_axis',(0.,0.,-1.));
#9356=DIRECTION('ref_axis',(-0.809016994374947,-0.587785252292473,0.));
#9357=DIRECTION('',(0.,0.,-1.));
#9358=DIRECTION('center_axis',(0.,0.,-1.));
#9359=DIRECTION('ref_axis',(-0.809016994374947,-0.587785252292473,0.));
#9360=DIRECTION('center_axis',(0.,0.,1.));
#9361=DIRECTION('ref_axis',(1.,0.,0.));
#9362=DIRECTION('',(-0.587785252292473,0.809016994374947,0.));
#9363=DIRECTION('center_axis',(0.,0.,-1.));
#9364=DIRECTION('ref_axis',(-0.309016994374954,-0.951056516295152,0.));
#9365=DIRECTION('',(0.,0.,1.));
#9366=DIRECTION('center_axis',(0.,0.,-1.));
#9367=DIRECTION('ref_axis',(0.309016994374947,0.951056516295154,0.));
#9368=DIRECTION('',(0.,0.,-1.));
#9369=DIRECTION('center_axis',(0.,0.,-1.));
#9370=DIRECTION('ref_axis',(0.309016994374947,0.951056516295154,0.));
#9371=DIRECTION('center_axis',(0.,0.,1.));
#9372=DIRECTION('ref_axis',(1.,0.,0.));
#9373=DIRECTION('',(0.951056516295154,-0.309016994374947,0.));
#9374=DIRECTION('center_axis',(0.,0.,-1.));
#9375=DIRECTION('ref_axis',(-0.309016994374946,0.951056516295154,0.));
#9376=DIRECTION('',(0.,0.,1.));
#9377=DIRECTION('center_axis',(0.,0.,-1.));
#9378=DIRECTION('ref_axis',(0.309016994374948,-0.951056516295154,0.));
#9379=DIRECTION('',(0.,0.,-1.));
#9380=DIRECTION('center_axis',(0.,0.,-1.));
#9381=DIRECTION('ref_axis',(0.309016994374948,-0.951056516295154,0.));
#9382=DIRECTION('center_axis',(0.,0.,1.));
#9383=DIRECTION('ref_axis',(1.,0.,0.));
#9384=DIRECTION('',(-0.951056516295153,-0.309016994374948,0.));
#9385=DIRECTION('center_axis',(0.,0.,-1.));
#9386=DIRECTION('ref_axis',(0.809016994374949,-0.587785252292471,0.));
#9387=DIRECTION('',(0.,0.,1.));
#9388=DIRECTION('center_axis',(0.,0.,-1.));
#9389=DIRECTION('ref_axis',(-0.809016994374948,0.587785252292473,0.));
#9390=DIRECTION('',(0.,0.,-1.));
#9391=DIRECTION('center_axis',(0.,0.,-1.));
#9392=DIRECTION('ref_axis',(-0.809016994374948,0.587785252292473,0.));
#9393=DIRECTION('center_axis',(0.,0.,1.));
#9394=DIRECTION('ref_axis',(1.,0.,0.));
#9395=DIRECTION('',(0.587785252292473,0.809016994374947,0.));
#9396=DIRECTION('center_axis',(0.,0.,-1.));
#9397=DIRECTION('ref_axis',(-1.,-2.33486982377249E-16,0.));
#9398=DIRECTION('',(0.,0.,1.));
#9399=DIRECTION('center_axis',(0.,0.,-1.));
#9400=DIRECTION('ref_axis',(1.,1.11022302462513E-16,0.));
#9401=DIRECTION('',(0.,0.,-1.));
#9402=DIRECTION('center_axis',(0.,0.,-1.));
#9403=DIRECTION('ref_axis',(1.,1.11022302462513E-16,0.));
#9404=DIRECTION('center_axis',(0.,0.,1.));
#9405=DIRECTION('ref_axis',(1.,0.,0.));
#9406=DIRECTION('',(1.11022302462513E-16,-1.,0.));
#9407=DIRECTION('center_axis',(0.,0.,1.));
#9408=DIRECTION('ref_axis',(1.,0.,0.));
#9409=DIRECTION('center_axis',(0.,0.,1.));
#9410=DIRECTION('ref_axis',(1.,0.,0.));
#9411=DIRECTION('',(-0.951056516295154,0.309016994374947,0.));
#9412=DIRECTION('center_axis',(0.,0.,-1.));
#9413=DIRECTION('ref_axis',(0.309016994374947,0.951056516295154,0.));
#9414=DIRECTION('',(0.309016994374947,0.951056516295154,0.));
#9415=DIRECTION('center_axis',(0.,0.,-1.));
#9416=DIRECTION('ref_axis',(0.309016994374947,0.951056516295154,0.));
#9417=DIRECTION('',(0.951056516295154,-0.309016994374947,0.));
#9418=DIRECTION('center_axis',(0.,0.,-1.));
#9419=DIRECTION('ref_axis',(0.309016994374947,0.951056516295154,0.));
#9420=DIRECTION('',(-0.309016994374947,-0.951056516295154,0.));
#9421=DIRECTION('center_axis',(0.,0.,-1.));
#9422=DIRECTION('ref_axis',(0.309016994374947,0.951056516295154,0.));
#9423=DIRECTION('',(-0.951056516295154,0.309016994374947,0.));
#9424=DIRECTION('',(0.587785252292473,-0.809016994374947,0.));
#9425=DIRECTION('center_axis',(0.,0.,-1.));
#9426=DIRECTION('ref_axis',(-0.809016994374947,-0.587785252292473,0.));
#9427=DIRECTION('',(-0.809016994374947,-0.587785252292473,0.));
#9428=DIRECTION('center_axis',(0.,0.,-1.));
#9429=DIRECTION('ref_axis',(-0.809016994374947,-0.587785252292473,0.));
#9430=DIRECTION('',(-0.587785252292473,0.809016994374947,0.));
#9431=DIRECTION('center_axis',(0.,0.,-1.));
#9432=DIRECTION('ref_axis',(-0.809016994374947,-0.587785252292473,0.));
#9433=DIRECTION('',(0.809016994374947,0.587785252292473,0.));
#9434=DIRECTION('center_axis',(0.,0.,-1.));
#9435=DIRECTION('ref_axis',(-0.809016994374947,-0.587785252292473,0.));
#9436=DIRECTION('',(0.587785252292473,-0.809016994374947,0.));
#9437=DIRECTION('',(-1.38777878078142E-17,1.,0.));
#9438=DIRECTION('center_axis',(0.,0.,-1.));
#9439=DIRECTION('ref_axis',(1.,1.38777878078142E-17,0.));
#9440=DIRECTION('',(1.,1.07330904358753E-16,0.));
#9441=DIRECTION('center_axis',(0.,0.,-1.));
#9442=DIRECTION('ref_axis',(1.,1.38777878078142E-17,0.));
#9443=DIRECTION('',(1.38777878078142E-17,-1.,0.));
#9444=DIRECTION('center_axis',(0.,0.,-1.));
#9445=DIRECTION('ref_axis',(1.,1.38777878078142E-17,0.));
#9446=DIRECTION('',(-1.,-2.94237137460631E-16,0.));
#9447=DIRECTION('center_axis',(0.,0.,-1.));
#9448=DIRECTION('ref_axis',(1.,1.38777878078142E-17,0.));
#9449=DIRECTION('',(-1.38777878078142E-17,1.,0.));
#9450=DIRECTION('',(-0.587785252292473,-0.809016994374947,0.));
#9451=DIRECTION('center_axis',(0.,0.,-1.));
#9452=DIRECTION('ref_axis',(-0.809016994374947,0.587785252292473,0.));
#9453=DIRECTION('',(-0.809016994374947,0.587785252292473,0.));
#9454=DIRECTION('center_axis',(0.,0.,-1.));
#9455=DIRECTION('ref_axis',(-0.809016994374947,0.587785252292473,0.));
#9456=DIRECTION('',(0.587785252292473,0.809016994374947,0.));
#9457=DIRECTION('center_axis',(0.,0.,-1.));
#9458=DIRECTION('ref_axis',(-0.809016994374947,0.587785252292473,0.));
#9459=DIRECTION('',(0.809016994374948,-0.587785252292473,0.));
#9460=DIRECTION('center_axis',(0.,0.,-1.));
#9461=DIRECTION('ref_axis',(-0.809016994374947,0.587785252292473,0.));
#9462=DIRECTION('',(-0.587785252292473,-0.809016994374947,0.));
#9463=DIRECTION('',(0.951056516295153,0.309016994374948,0.));
#9464=DIRECTION('center_axis',(0.,0.,-1.));
#9465=DIRECTION('ref_axis',(0.309016994374948,-0.951056516295154,0.));
#9466=DIRECTION('',(0.309016994374948,-0.951056516295153,0.));
#9467=DIRECTION('center_axis',(0.,0.,-1.));
#9468=DIRECTION('ref_axis',(0.309016994374948,-0.951056516295154,0.));
#9469=DIRECTION('',(-0.951056516295153,-0.309016994374948,0.));
#9470=DIRECTION('center_axis',(0.,0.,-1.));
#9471=DIRECTION('ref_axis',(0.309016994374948,-0.951056516295154,0.));
#9472=DIRECTION('',(-0.309016994374948,0.951056516295153,0.));
#9473=DIRECTION('center_axis',(0.,0.,-1.));
#9474=DIRECTION('ref_axis',(0.309016994374948,-0.951056516295154,0.));
#9475=DIRECTION('',(0.951056516295153,0.309016994374948,0.));
#9476=DIRECTION('',(0.951056516295153,-0.309016994374948,0.));
#9477=DIRECTION('center_axis',(0.,0.,-1.));
#9478=DIRECTION('ref_axis',(-0.309016994374948,-0.951056516295154,0.));
#9479=DIRECTION('',(-0.309016994374947,-0.951056516295154,0.));
#9480=DIRECTION('center_axis',(0.,0.,-1.));
#9481=DIRECTION('ref_axis',(-0.309016994374948,-0.951056516295154,0.));
#9482=DIRECTION('',(-0.951056516295154,0.309016994374948,0.));
#9483=DIRECTION('center_axis',(0.,0.,-1.));
#9484=DIRECTION('ref_axis',(-0.309016994374948,-0.951056516295154,0.));
#9485=DIRECTION('',(0.309016994374947,0.951056516295154,0.));
#9486=DIRECTION('center_axis',(0.,0.,-1.));
#9487=DIRECTION('ref_axis',(-0.309016994374948,-0.951056516295154,0.));
#9488=DIRECTION('',(0.951056516295153,-0.309016994374948,0.));
#9489=DIRECTION('',(-0.951056516295153,-0.309016994374948,0.));
#9490=DIRECTION('center_axis',(0.,0.,-1.));
#9491=DIRECTION('ref_axis',(-0.309016994374948,0.951056516295153,0.));
#9492=DIRECTION('',(-0.309016994374948,0.951056516295153,0.));
#9493=DIRECTION('center_axis',(0.,0.,-1.));
#9494=DIRECTION('ref_axis',(-0.309016994374948,0.951056516295153,0.));
#9495=DIRECTION('',(0.951056516295153,0.309016994374948,0.));
#9496=DIRECTION('center_axis',(0.,0.,-1.));
#9497=DIRECTION('ref_axis',(-0.309016994374948,0.951056516295153,0.));
#9498=DIRECTION('',(0.309016994374948,-0.951056516295153,0.));
#9499=DIRECTION('center_axis',(0.,0.,-1.));
#9500=DIRECTION('ref_axis',(-0.309016994374948,0.951056516295153,0.));
#9501=DIRECTION('',(-0.951056516295153,-0.309016994374948,0.));
#9502=DIRECTION('',(0.587785252292473,0.809016994374947,0.));
#9503=DIRECTION('center_axis',(0.,0.,-1.));
#9504=DIRECTION('ref_axis',(0.809016994374947,-0.587785252292473,0.));
#9505=DIRECTION('',(0.809016994374947,-0.587785252292473,0.));
#9506=DIRECTION('center_axis',(0.,0.,-1.));
#9507=DIRECTION('ref_axis',(0.809016994374947,-0.587785252292473,0.));
#9508=DIRECTION('',(-0.587785252292473,-0.809016994374947,0.));
#9509=DIRECTION('center_axis',(0.,0.,-1.));
#9510=DIRECTION('ref_axis',(0.809016994374947,-0.587785252292473,0.));
#9511=DIRECTION('',(-0.809016994374947,0.587785252292473,0.));
#9512=DIRECTION('center_axis',(0.,0.,-1.));
#9513=DIRECTION('ref_axis',(0.809016994374947,-0.587785252292473,0.));
#9514=DIRECTION('',(0.587785252292473,0.809016994374947,0.));
#9515=DIRECTION('',(1.31838984174235E-16,-1.,0.));
#9516=DIRECTION('center_axis',(0.,0.,-1.));
#9517=DIRECTION('ref_axis',(-1.,-1.31838984174235E-16,0.));
#9518=DIRECTION('',(-1.,-2.25292100725174E-16,0.));
#9519=DIRECTION('center_axis',(0.,0.,-1.));
#9520=DIRECTION('ref_axis',(-1.,-1.31838984174235E-16,0.));
#9521=DIRECTION('',(-1.31838984174235E-16,1.,0.));
#9522=DIRECTION('center_axis',(0.,0.,-1.));
#9523=DIRECTION('ref_axis',(-1.,-1.31838984174235E-16,0.));
#9524=DIRECTION('',(1.,4.12198333827052E-16,0.));
#9525=DIRECTION('center_axis',(0.,0.,-1.));
#9526=DIRECTION('ref_axis',(-1.,-1.31838984174235E-16,0.));
#9527=DIRECTION('',(1.31838984174235E-16,-1.,0.));
#9528=DIRECTION('',(-0.587785252292473,0.809016994374947,0.));
#9529=DIRECTION('center_axis',(0.,0.,-1.));
#9530=DIRECTION('ref_axis',(0.809016994374947,0.587785252292473,0.));
#9531=DIRECTION('',(0.809016994374947,0.587785252292473,0.));
#9532=DIRECTION('center_axis',(0.,0.,-1.));
#9533=DIRECTION('ref_axis',(0.809016994374947,0.587785252292473,0.));
#9534=DIRECTION('',(0.587785252292473,-0.809016994374947,0.));
#9535=DIRECTION('center_axis',(0.,0.,-1.));
#9536=DIRECTION('ref_axis',(0.809016994374947,0.587785252292473,0.));
#9537=DIRECTION('',(-0.809016994374947,-0.587785252292474,0.));
#9538=DIRECTION('center_axis',(0.,0.,-1.));
#9539=DIRECTION('ref_axis',(0.809016994374947,0.587785252292473,0.));
#9540=DIRECTION('',(-0.587785252292473,0.809016994374947,0.));
#9541=DIRECTION('',(-0.951056516295153,-0.309016994374948,0.));
#9542=DIRECTION('center_axis',(0.,0.,-1.));
#9543=DIRECTION('ref_axis',(-0.309016994374947,0.951056516295154,0.));
#9544=DIRECTION('',(-0.309016994374948,0.951056516295154,0.));
#9545=DIRECTION('center_axis',(0.,0.,-1.));
#9546=DIRECTION('ref_axis',(-0.309016994374947,0.951056516295154,0.));
#9547=DIRECTION('',(0.951056516295153,0.309016994374948,0.));
#9548=DIRECTION('center_axis',(0.,0.,-1.));
#9549=DIRECTION('ref_axis',(-0.309016994374947,0.951056516295154,0.));
#9550=DIRECTION('',(0.309016994374948,-0.951056516295153,0.));
#9551=DIRECTION('center_axis',(0.,0.,-1.));
#9552=DIRECTION('ref_axis',(-0.309016994374947,0.951056516295154,0.));
#9553=DIRECTION('',(-0.951056516295153,-0.309016994374948,0.));
#9554=DIRECTION('',(0.951056516295154,-0.309016994374947,0.));
#9555=DIRECTION('center_axis',(0.,0.,-1.));
#9556=DIRECTION('ref_axis',(-0.309016994374947,-0.951056516295154,0.));
#9557=DIRECTION('',(-0.309016994374947,-0.951056516295154,0.));
#9558=DIRECTION('center_axis',(0.,0.,-1.));
#9559=DIRECTION('ref_axis',(-0.309016994374947,-0.951056516295154,0.));
#9560=DIRECTION('',(-0.951056516295154,0.309016994374947,0.));
#9561=DIRECTION('center_axis',(0.,0.,-1.));
#9562=DIRECTION('ref_axis',(-0.309016994374947,-0.951056516295154,0.));
#9563=DIRECTION('',(0.309016994374947,0.951056516295154,0.));
#9564=DIRECTION('center_axis',(0.,0.,-1.));
#9565=DIRECTION('ref_axis',(-0.309016994374947,-0.951056516295154,0.));
#9566=DIRECTION('',(0.951056516295154,-0.309016994374947,0.));
#9567=DIRECTION('',(-0.587785252292473,0.809016994374947,0.));
#9568=DIRECTION('center_axis',(0.,0.,-1.));
#9569=DIRECTION('ref_axis',(0.809016994374947,0.587785252292473,0.));
#9570=DIRECTION('',(0.809016994374947,0.587785252292473,0.));
#9571=DIRECTION('center_axis',(0.,0.,-1.));
#9572=DIRECTION('ref_axis',(0.809016994374947,0.587785252292473,0.));
#9573=DIRECTION('',(0.587785252292473,-0.809016994374947,0.));
#9574=DIRECTION('center_axis',(0.,0.,-1.));
#9575=DIRECTION('ref_axis',(0.809016994374947,0.587785252292473,0.));
#9576=DIRECTION('',(-0.809016994374947,-0.587785252292474,0.));
#9577=DIRECTION('center_axis',(0.,0.,-1.));
#9578=DIRECTION('ref_axis',(0.809016994374947,0.587785252292473,0.));
#9579=DIRECTION('',(-0.587785252292473,0.809016994374947,0.));
#9580=DIRECTION('',(8.32667268468816E-17,-1.,0.));
#9581=DIRECTION('center_axis',(0.,0.,-1.));
#9582=DIRECTION('ref_axis',(-1.,-8.32667268468816E-17,0.));
#9583=DIRECTION('',(-1.,-1.76719843397821E-16,0.));
#9584=DIRECTION('center_axis',(0.,0.,-1.));
#9585=DIRECTION('ref_axis',(-1.,-8.32667268468816E-17,0.));
#9586=DIRECTION('',(-8.32667268468816E-17,1.,0.));
#9587=DIRECTION('center_axis',(0.,0.,-1.));
#9588=DIRECTION('ref_axis',(-1.,-8.32667268468816E-17,0.));
#9589=DIRECTION('',(1.,3.63626076499699E-16,0.));
#9590=DIRECTION('center_axis',(0.,0.,-1.));
#9591=DIRECTION('ref_axis',(-1.,-8.32667268468816E-17,0.));
#9592=DIRECTION('',(8.32667268468816E-17,-1.,0.));
#9593=DIRECTION('',(0.587785252292473,0.809016994374947,0.));
#9594=DIRECTION('center_axis',(0.,0.,-1.));
#9595=DIRECTION('ref_axis',(0.809016994374947,-0.587785252292473,0.));
#9596=DIRECTION('',(0.809016994374947,-0.587785252292473,0.));
#9597=DIRECTION('center_axis',(0.,0.,-1.));
#9598=DIRECTION('ref_axis',(0.809016994374947,-0.587785252292473,0.));
#9599=DIRECTION('',(-0.587785252292473,-0.809016994374947,0.));
#9600=DIRECTION('center_axis',(0.,0.,-1.));
#9601=DIRECTION('ref_axis',(0.809016994374947,-0.587785252292473,0.));
#9602=DIRECTION('',(-0.809016994374948,0.587785252292473,0.));
#9603=DIRECTION('center_axis',(0.,0.,-1.));
#9604=DIRECTION('ref_axis',(0.809016994374947,-0.587785252292473,0.));
#9605=DIRECTION('',(0.587785252292473,0.809016994374947,0.));
#9606=DIRECTION('',(0.587785252292473,-0.809016994374947,0.));
#9607=DIRECTION('center_axis',(0.,0.,-1.));
#9608=DIRECTION('ref_axis',(-0.809016994374947,-0.587785252292473,0.));
#9609=DIRECTION('',(-0.809016994374947,-0.587785252292473,0.));
#9610=DIRECTION('center_axis',(0.,0.,-1.));
#9611=DIRECTION('ref_axis',(-0.809016994374947,-0.587785252292473,0.));
#9612=DIRECTION('',(-0.587785252292473,0.809016994374947,0.));
#9613=DIRECTION('center_axis',(0.,0.,-1.));
#9614=DIRECTION('ref_axis',(-0.809016994374947,-0.587785252292473,0.));
#9615=DIRECTION('',(0.809016994374947,0.587785252292474,0.));
#9616=DIRECTION('center_axis',(0.,0.,-1.));
#9617=DIRECTION('ref_axis',(-0.809016994374947,-0.587785252292473,0.));
#9618=DIRECTION('',(0.587785252292473,-0.809016994374947,0.));
#9619=DIRECTION('',(-0.951056516295154,0.309016994374947,0.));
#9620=DIRECTION('center_axis',(0.,0.,-1.));
#9621=DIRECTION('ref_axis',(0.309016994374947,0.951056516295154,0.));
#9622=DIRECTION('',(0.309016994374947,0.951056516295154,0.));
#9623=DIRECTION('center_axis',(0.,0.,-1.));
#9624=DIRECTION('ref_axis',(0.309016994374947,0.951056516295154,0.));
#9625=DIRECTION('',(0.951056516295154,-0.309016994374947,0.));
#9626=DIRECTION('center_axis',(0.,0.,-1.));
#9627=DIRECTION('ref_axis',(0.309016994374947,0.951056516295154,0.));
#9628=DIRECTION('',(-0.309016994374947,-0.951056516295154,0.));
#9629=DIRECTION('center_axis',(0.,0.,-1.));
#9630=DIRECTION('ref_axis',(0.309016994374947,0.951056516295154,0.));
#9631=DIRECTION('',(-0.951056516295154,0.309016994374947,0.));
#9632=DIRECTION('',(0.951056516295153,0.309016994374948,0.));
#9633=DIRECTION('center_axis',(0.,0.,-1.));
#9634=DIRECTION('ref_axis',(0.309016994374948,-0.951056516295154,0.));
#9635=DIRECTION('',(0.309016994374948,-0.951056516295153,0.));
#9636=DIRECTION('center_axis',(0.,0.,-1.));
#9637=DIRECTION('ref_axis',(0.309016994374948,-0.951056516295154,0.));
#9638=DIRECTION('',(-0.951056516295153,-0.309016994374948,0.));
#9639=DIRECTION('center_axis',(0.,0.,-1.));
#9640=DIRECTION('ref_axis',(0.309016994374948,-0.951056516295154,0.));
#9641=DIRECTION('',(-0.309016994374948,0.951056516295153,0.));
#9642=DIRECTION('center_axis',(0.,0.,-1.));
#9643=DIRECTION('ref_axis',(0.309016994374948,-0.951056516295154,0.));
#9644=DIRECTION('',(0.951056516295153,0.309016994374948,0.));
#9645=DIRECTION('',(-0.587785252292473,-0.809016994374947,0.));
#9646=DIRECTION('center_axis',(0.,0.,-1.));
#9647=DIRECTION('ref_axis',(-0.809016994374948,0.587785252292473,0.));
#9648=DIRECTION('',(-0.809016994374948,0.587785252292473,0.));
#9649=DIRECTION('center_axis',(0.,0.,-1.));
#9650=DIRECTION('ref_axis',(-0.809016994374948,0.587785252292473,0.));
#9651=DIRECTION('',(0.587785252292473,0.809016994374948,0.));
#9652=DIRECTION('center_axis',(0.,0.,-1.));
#9653=DIRECTION('ref_axis',(-0.809016994374948,0.587785252292473,0.));
#9654=DIRECTION('',(0.809016994374948,-0.587785252292473,0.));
#9655=DIRECTION('center_axis',(0.,0.,-1.));
#9656=DIRECTION('ref_axis',(-0.809016994374948,0.587785252292473,0.));
#9657=DIRECTION('',(-0.587785252292473,-0.809016994374947,0.));
#9658=DIRECTION('',(-1.11022302462513E-16,1.,0.));
#9659=DIRECTION('center_axis',(0.,0.,-1.));
#9660=DIRECTION('ref_axis',(1.,1.11022302462513E-16,0.));
#9661=DIRECTION('',(1.,2.04475419013452E-16,0.));
#9662=DIRECTION('center_axis',(0.,0.,-1.));
#9663=DIRECTION('ref_axis',(1.,1.11022302462513E-16,0.));
#9664=DIRECTION('',(1.11022302462513E-16,-1.,0.));
#9665=DIRECTION('center_axis',(0.,0.,-1.));
#9666=DIRECTION('ref_axis',(1.,1.11022302462513E-16,0.));
#9667=DIRECTION('',(-1.,-3.91381652115331E-16,0.));
#9668=DIRECTION('center_axis',(0.,0.,-1.));
#9669=DIRECTION('ref_axis',(1.,1.11022302462513E-16,0.));
#9670=DIRECTION('',(-1.11022302462513E-16,1.,0.));
#9671=DIRECTION('center_axis',(0.,0.,-1.));
#9672=DIRECTION('ref_axis',(-1.,0.,0.));
#9673=DIRECTION('center_axis',(0.309016994374947,0.951056516295154,0.));
#9674=DIRECTION('ref_axis',(0.951056516295154,-0.309016994374947,0.));
#9675=DIRECTION('',(0.,0.,-1.));
#9676=DIRECTION('',(0.951056516295154,-0.309016994374947,0.));
#9677=DIRECTION('',(0.,0.,-1.));
#9678=DIRECTION('center_axis',(0.,0.,-1.));
#9679=DIRECTION('ref_axis',(0.309016994374947,0.951056516295154,0.));
#9680=DIRECTION('',(0.,0.,-1.));
#9681=DIRECTION('center_axis',(0.,0.,-1.));
#9682=DIRECTION('ref_axis',(0.309016994374947,0.951056516295154,0.));
#9683=DIRECTION('center_axis',(-0.951056516295154,0.309016994374947,0.));
#9684=DIRECTION('ref_axis',(0.309016994374947,0.951056516295154,0.));
#9685=DIRECTION('',(0.,0.,-1.));
#9686=DIRECTION('',(0.309016994374947,0.951056516295154,0.));
#9687=DIRECTION('center_axis',(0.,0.,-1.));
#9688=DIRECTION('ref_axis',(-0.891006524188367,-0.453990499739548,0.));
#9689=DIRECTION('',(0.,0.,-1.));
#9690=DIRECTION('center_axis',(0.,0.,-1.));
#9691=DIRECTION('ref_axis',(0.309016994374947,0.951056516295154,0.));
#9692=DIRECTION('center_axis',(-0.309016994374947,-0.951056516295154,0.));
#9693=DIRECTION('ref_axis',(-0.951056516295154,0.309016994374947,0.));
#9694=DIRECTION('',(0.,0.,-1.));
#9695=DIRECTION('',(-0.951056516295154,0.309016994374947,0.));
#9696=DIRECTION('center_axis',(0.,0.,-1.));
#9697=DIRECTION('ref_axis',(0.453990499739546,-0.891006524188368,0.));
#9698=DIRECTION('',(0.,0.,-1.));
#9699=DIRECTION('center_axis',(0.,0.,-1.));
#9700=DIRECTION('ref_axis',(0.309016994374947,0.951056516295154,0.));
#9701=DIRECTION('center_axis',(0.951056516295154,-0.309016994374947,0.));
#9702=DIRECTION('ref_axis',(-0.309016994374947,-0.951056516295154,0.));
#9703=DIRECTION('',(0.,0.,-1.));
#9704=DIRECTION('',(-0.309016994374947,-0.951056516295154,0.));
#9705=DIRECTION('center_axis',(0.,0.,-1.));
#9706=DIRECTION('ref_axis',(0.309016994374947,0.951056516295154,0.));
#9707=DIRECTION('center_axis',(0.,0.,-1.));
#9708=DIRECTION('ref_axis',(0.309016994374947,0.951056516295154,0.));
#9709=DIRECTION('center_axis',(0.,0.,1.));
#9710=DIRECTION('ref_axis',(1.,0.,0.));
#9711=DIRECTION('center_axis',(0.809016994374947,0.587785252292473,0.));
#9712=DIRECTION('ref_axis',(0.587785252292473,-0.809016994374947,0.));
#9713=DIRECTION('',(0.,0.,-1.));
#9714=DIRECTION('',(0.587785252292473,-0.809016994374947,0.));
#9715=DIRECTION('',(0.,0.,-1.));
#9716=DIRECTION('center_axis',(0.,0.,-1.));
#9717=DIRECTION('ref_axis',(0.15643446504023,0.987688340595138,0.));
#9718=DIRECTION('',(0.,0.,-1.));
#9719=DIRECTION('center_axis',(0.,0.,-1.));
#9720=DIRECTION('ref_axis',(-0.809016994374947,-0.587785252292473,0.));
#9721=DIRECTION('center_axis',(-0.587785252292473,0.809016994374947,0.));
#9722=DIRECTION('ref_axis',(0.809016994374947,0.587785252292473,0.));
#9723=DIRECTION('',(0.,0.,-1.));
#9724=DIRECTION('',(0.809016994374947,0.587785252292473,0.));
#9725=DIRECTION('center_axis',(0.,0.,-1.));
#9726=DIRECTION('ref_axis',(-0.809016994374947,-0.587785252292473,0.));
#9727=DIRECTION('',(0.,0.,-1.));
#9728=DIRECTION('center_axis',(0.,0.,-1.));
#9729=DIRECTION('ref_axis',(-0.809016994374947,-0.587785252292473,0.));
#9730=DIRECTION('center_axis',(-0.809016994374947,-0.587785252292473,0.));
#9731=DIRECTION('ref_axis',(-0.587785252292473,0.809016994374947,0.));
#9732=DIRECTION('',(0.,0.,-1.));
#9733=DIRECTION('',(-0.587785252292473,0.809016994374947,0.));
#9734=DIRECTION('center_axis',(0.,0.,-1.));
#9735=DIRECTION('ref_axis',(-0.809016994374947,-0.587785252292473,0.));
#9736=DIRECTION('',(0.,0.,-1.));
#9737=DIRECTION('center_axis',(0.,0.,-1.));
#9738=DIRECTION('ref_axis',(-0.809016994374947,-0.587785252292473,0.));
#9739=DIRECTION('center_axis',(0.587785252292473,-0.809016994374947,0.));
#9740=DIRECTION('ref_axis',(-0.809016994374947,-0.587785252292473,0.));
#9741=DIRECTION('',(0.,0.,-1.));
#9742=DIRECTION('',(-0.809016994374947,-0.587785252292473,0.));
#9743=DIRECTION('center_axis',(0.,0.,-1.));
#9744=DIRECTION('ref_axis',(0.987688340595138,-0.156434465040228,0.));
#9745=DIRECTION('center_axis',(0.,0.,-1.));
#9746=DIRECTION('ref_axis',(-0.809016994374947,-0.587785252292473,0.));
#9747=DIRECTION('center_axis',(0.,0.,1.));
#9748=DIRECTION('ref_axis',(1.,0.,0.));
#9749=DIRECTION('center_axis',(-1.07330904358753E-16,1.,0.));
#9750=DIRECTION('ref_axis',(1.,1.07330904358753E-16,0.));
#9751=DIRECTION('',(0.,0.,-1.));
#9752=DIRECTION('',(1.,1.07330904358753E-16,0.));
#9753=DIRECTION('',(0.,0.,-1.));
#9754=DIRECTION('center_axis',(0.,0.,-1.));
#9755=DIRECTION('ref_axis',(-0.707106781186551,0.707106781186544,0.));
#9756=DIRECTION('',(0.,0.,-1.));
#9757=DIRECTION('center_axis',(0.,0.,-1.));
#9758=DIRECTION('ref_axis',(1.,1.38777878078142E-17,0.));
#9759=DIRECTION('center_axis',(-1.,-1.38777878078142E-17,0.));
#9760=DIRECTION('ref_axis',(-1.38777878078142E-17,1.,0.));
#9761=DIRECTION('',(0.,0.,-1.));
#9762=DIRECTION('',(-1.38777878078142E-17,1.,0.));
#9763=DIRECTION('center_axis',(0.,0.,-1.));
#9764=DIRECTION('ref_axis',(-0.707106781186547,-0.707106781186548,0.));
#9765=DIRECTION('',(0.,0.,-1.));
#9766=DIRECTION('center_axis',(0.,0.,-1.));
#9767=DIRECTION('ref_axis',(1.,1.38777878078142E-17,0.));
#9768=DIRECTION('center_axis',(2.94237137460631E-16,-1.,0.));
#9769=DIRECTION('ref_axis',(-1.,-2.94237137460631E-16,0.));
#9770=DIRECTION('',(0.,0.,-1.));
#9771=DIRECTION('',(-1.,-2.94237137460631E-16,0.));
#9772=DIRECTION('center_axis',(0.,0.,-1.));
#9773=DIRECTION('ref_axis',(1.,1.38777878078142E-17,0.));
#9774=DIRECTION('',(0.,0.,-1.));
#9775=DIRECTION('center_axis',(0.,0.,-1.));
#9776=DIRECTION('ref_axis',(1.,1.38777878078142E-17,0.));
#9777=DIRECTION('center_axis',(1.,1.38777878078142E-17,0.));
#9778=DIRECTION('ref_axis',(1.38777878078142E-17,-1.,0.));
#9779=DIRECTION('',(0.,0.,-1.));
#9780=DIRECTION('',(1.38777878078142E-17,-1.,0.));
#9781=DIRECTION('center_axis',(0.,0.,-1.));
#9782=DIRECTION('ref_axis',(1.,1.38777878078142E-17,0.));
#9783=DIRECTION('center_axis',(0.,0.,-1.));
#9784=DIRECTION('ref_axis',(1.,1.38777878078142E-17,0.));
#9785=DIRECTION('center_axis',(0.,0.,1.));
#9786=DIRECTION('ref_axis',(1.,0.,0.));
#9787=DIRECTION('center_axis',(-0.809016994374948,0.587785252292473,0.));
#9788=DIRECTION('ref_axis',(0.587785252292473,0.809016994374947,0.));
#9789=DIRECTION('',(0.,0.,-1.));
#9790=DIRECTION('',(0.587785252292473,0.809016994374947,0.));
#9791=DIRECTION('',(0.,0.,-1.));
#9792=DIRECTION('center_axis',(0.,0.,-1.));
#9793=DIRECTION('ref_axis',(-0.809016994374947,0.587785252292473,0.));
#9794=DIRECTION('',(0.,0.,-1.));
#9795=DIRECTION('center_axis',(0.,0.,-1.));
#9796=DIRECTION('ref_axis',(-0.809016994374947,0.587785252292473,0.));
#9797=DIRECTION('center_axis',(-0.587785252292473,-0.809016994374948,0.));
#9798=DIRECTION('ref_axis',(-0.809016994374947,0.587785252292473,0.));
#9799=DIRECTION('',(0.,0.,-1.));
#9800=DIRECTION('',(-0.809016994374948,0.587785252292473,0.));
#9801=DIRECTION('center_axis',(0.,0.,-1.));
#9802=DIRECTION('ref_axis',(0.156434465040232,-0.987688340595138,0.));
#9803=DIRECTION('',(0.,0.,-1.));
#9804=DIRECTION('center_axis',(0.,0.,-1.));
#9805=DIRECTION('ref_axis',(-0.809016994374947,0.587785252292473,0.));
#9806=DIRECTION('center_axis',(0.809016994374948,-0.587785252292473,0.));
#9807=DIRECTION('ref_axis',(-0.587785252292473,-0.809016994374947,0.));
#9808=DIRECTION('',(0.,0.,-1.));
#9809=DIRECTION('',(-0.587785252292473,-0.809016994374947,0.));
#9810=DIRECTION('center_axis',(0.,0.,-1.));
#9811=DIRECTION('ref_axis',(0.987688340595138,0.156434465040232,0.));
#9812=DIRECTION('',(0.,0.,-1.));
#9813=DIRECTION('center_axis',(0.,0.,-1.));
#9814=DIRECTION('ref_axis',(-0.809016994374947,0.587785252292473,0.));
#9815=DIRECTION('center_axis',(0.587785252292473,0.809016994374948,0.));
#9816=DIRECTION('ref_axis',(0.809016994374948,-0.587785252292473,0.));
#9817=DIRECTION('',(0.,0.,-1.));
#9818=DIRECTION('',(0.809016994374948,-0.587785252292473,0.));
#9819=DIRECTION('center_axis',(0.,0.,-1.));
#9820=DIRECTION('ref_axis',(-0.809016994374947,0.587785252292473,0.));
#9821=DIRECTION('center_axis',(0.,0.,-1.));
#9822=DIRECTION('ref_axis',(-0.809016994374947,0.587785252292473,0.));
#9823=DIRECTION('center_axis',(0.,0.,1.));
#9824=DIRECTION('ref_axis',(1.,0.,0.));
#9825=DIRECTION('center_axis',(0.309016994374948,-0.951056516295154,0.));
#9826=DIRECTION('ref_axis',(-0.951056516295153,-0.309016994374948,0.));
#9827=DIRECTION('',(0.,0.,-1.));
#9828=DIRECTION('',(-0.951056516295153,-0.309016994374948,0.));
#9829=DIRECTION('',(0.,0.,-1.));
#9830=DIRECTION('center_axis',(0.,0.,-1.));
#9831=DIRECTION('ref_axis',(0.309016994374948,-0.951056516295154,0.));
#9832=DIRECTION('',(0.,0.,-1.));
#9833=DIRECTION('center_axis',(0.,0.,-1.));
#9834=DIRECTION('ref_axis',(0.309016994374948,-0.951056516295154,0.));
#9835=DIRECTION('center_axis',(0.951056516295154,0.309016994374948,0.));
#9836=DIRECTION('ref_axis',(0.309016994374948,-0.951056516295153,0.));
#9837=DIRECTION('',(0.,0.,-1.));
#9838=DIRECTION('',(0.309016994374948,-0.951056516295153,0.));
#9839=DIRECTION('center_axis',(0.,0.,-1.));
#9840=DIRECTION('ref_axis',(0.453990499739545,0.891006524188369,0.));
#9841=DIRECTION('',(0.,0.,-1.));
#9842=DIRECTION('center_axis',(0.,0.,-1.));
#9843=DIRECTION('ref_axis',(0.309016994374948,-0.951056516295154,0.));
#9844=DIRECTION('center_axis',(-0.309016994374948,0.951056516295154,0.));
#9845=DIRECTION('ref_axis',(0.951056516295153,0.309016994374948,0.));
#9846=DIRECTION('',(0.,0.,-1.));
#9847=DIRECTION('',(0.951056516295153,0.309016994374948,0.));
#9848=DIRECTION('center_axis',(0.,0.,-1.));
#9849=DIRECTION('ref_axis',(-0.89100652418837,0.453990499739543,0.));
#9850=DIRECTION('',(0.,0.,-1.));
#9851=DIRECTION('center_axis',(0.,0.,-1.));
#9852=DIRECTION('ref_axis',(0.309016994374948,-0.951056516295154,0.));
#9853=DIRECTION('center_axis',(-0.951056516295154,-0.309016994374948,0.));
#9854=DIRECTION('ref_axis',(-0.309016994374948,0.951056516295153,0.));
#9855=DIRECTION('',(0.,0.,-1.));
#9856=DIRECTION('',(-0.309016994374948,0.951056516295153,0.));
#9857=DIRECTION('center_axis',(0.,0.,-1.));
#9858=DIRECTION('ref_axis',(0.309016994374948,-0.951056516295154,0.));
#9859=DIRECTION('center_axis',(0.,0.,-1.));
#9860=DIRECTION('ref_axis',(0.309016994374948,-0.951056516295154,0.));
#9861=DIRECTION('center_axis',(0.,0.,1.));
#9862=DIRECTION('ref_axis',(1.,0.,0.));
#9863=DIRECTION('center_axis',(0.,0.,-1.));
#9864=DIRECTION('ref_axis',(-0.309016994374948,-0.951056516295154,0.));
#9865=DIRECTION('',(0.,0.,-1.));
#9866=DIRECTION('center_axis',(0.,0.,-1.));
#9867=DIRECTION('ref_axis',(-0.309016994374948,-0.951056516295154,0.));
#9868=DIRECTION('',(0.,0.,-1.));
#9869=DIRECTION('center_axis',(0.951056516295154,-0.309016994374947,0.));
#9870=DIRECTION('ref_axis',(-0.309016994374947,-0.951056516295154,0.));
#9871=DIRECTION('',(0.,0.,-1.));
#9872=DIRECTION('',(-0.309016994374947,-0.951056516295154,0.));
#9873=DIRECTION('center_axis',(0.,0.,-1.));
#9874=DIRECTION('ref_axis',(0.891006524188366,0.45399049973955,0.));
#9875=DIRECTION('',(0.,0.,-1.));
#9876=DIRECTION('center_axis',(0.,0.,-1.));
#9877=DIRECTION('ref_axis',(-0.309016994374948,-0.951056516295154,0.));
#9878=DIRECTION('center_axis',(0.309016994374948,0.951056516295154,0.));
#9879=DIRECTION('ref_axis',(0.951056516295153,-0.309016994374948,0.));
#9880=DIRECTION('',(0.,0.,-1.));
#9881=DIRECTION('',(0.951056516295153,-0.309016994374948,0.));
#9882=DIRECTION('center_axis',(0.,0.,-1.));
#9883=DIRECTION('ref_axis',(-0.453990499739542,0.89100652418837,0.));
#9884=DIRECTION('',(0.,0.,-1.));
#9885=DIRECTION('center_axis',(0.,0.,-1.));
#9886=DIRECTION('ref_axis',(-0.309016994374948,-0.951056516295154,0.));
#9887=DIRECTION('center_axis',(-0.951056516295154,0.309016994374947,0.));
#9888=DIRECTION('ref_axis',(0.309016994374947,0.951056516295154,0.));
#9889=DIRECTION('',(0.,0.,-1.));
#9890=DIRECTION('',(0.309016994374947,0.951056516295154,0.));
#9891=DIRECTION('center_axis',(0.,0.,-1.));
#9892=DIRECTION('ref_axis',(-0.309016994374948,-0.951056516295154,0.));
#9893=DIRECTION('',(0.,0.,-1.));
#9894=DIRECTION('center_axis',(0.,0.,-1.));
#9895=DIRECTION('ref_axis',(-0.309016994374948,-0.951056516295154,0.));
#9896=DIRECTION('center_axis',(-0.309016994374948,-0.951056516295154,0.));
#9897=DIRECTION('ref_axis',(-0.951056516295154,0.309016994374948,0.));
#9898=DIRECTION('',(-0.951056516295154,0.309016994374948,0.));
#9899=DIRECTION('center_axis',(0.,0.,1.));
#9900=DIRECTION('ref_axis',(1.,0.,0.));
#9901=DIRECTION('center_axis',(0.309016994374948,-0.951056516295154,0.));
#9902=DIRECTION('ref_axis',(-0.951056516295153,-0.309016994374948,0.));
#9903=DIRECTION('',(0.,0.,-1.));
#9904=DIRECTION('',(-0.951056516295153,-0.309016994374948,0.));
#9905=DIRECTION('',(0.,0.,-1.));
#9906=DIRECTION('center_axis',(0.,0.,-1.));
#9907=DIRECTION('ref_axis',(0.891006524188367,-0.453990499739548,0.));
#9908=DIRECTION('',(0.,0.,-1.));
#9909=DIRECTION('center_axis',(0.,0.,-1.));
#9910=DIRECTION('ref_axis',(-0.309016994374948,0.951056516295153,0.));
#9911=DIRECTION('center_axis',(0.951056516295154,0.309016994374948,0.));
#9912=DIRECTION('ref_axis',(0.309016994374948,-0.951056516295153,0.));
#9913=DIRECTION('',(0.,0.,-1.));
#9914=DIRECTION('',(0.309016994374948,-0.951056516295153,0.));
#9915=DIRECTION('center_axis',(0.,0.,-1.));
#9916=DIRECTION('ref_axis',(-0.309016994374948,0.951056516295153,0.));
#9917=DIRECTION('',(0.,0.,-1.));
#9918=DIRECTION('center_axis',(0.,0.,-1.));
#9919=DIRECTION('ref_axis',(-0.309016994374948,0.951056516295153,0.));
#9920=DIRECTION('center_axis',(-0.309016994374948,0.951056516295154,0.));
#9921=DIRECTION('ref_axis',(0.951056516295153,0.309016994374948,0.));
#9922=DIRECTION('',(0.,0.,-1.));
#9923=DIRECTION('',(0.951056516295153,0.309016994374948,0.));
#9924=DIRECTION('center_axis',(0.,0.,-1.));
#9925=DIRECTION('ref_axis',(-0.309016994374948,0.951056516295153,0.));
#9926=DIRECTION('',(0.,0.,-1.));
#9927=DIRECTION('center_axis',(0.,0.,-1.));
#9928=DIRECTION('ref_axis',(-0.309016994374948,0.951056516295153,0.));
#9929=DIRECTION('center_axis',(-0.951056516295154,-0.309016994374948,0.));
#9930=DIRECTION('ref_axis',(-0.309016994374948,0.951056516295153,0.));
#9931=DIRECTION('',(0.,0.,-1.));
#9932=DIRECTION('',(-0.309016994374948,0.951056516295153,0.));
#9933=DIRECTION('center_axis',(0.,0.,-1.));
#9934=DIRECTION('ref_axis',(-0.45399049973954,-0.891006524188371,0.));
#9935=DIRECTION('center_axis',(0.,0.,-1.));
#9936=DIRECTION('ref_axis',(-0.309016994374948,0.951056516295153,0.));
#9937=DIRECTION('center_axis',(0.,0.,1.));
#9938=DIRECTION('ref_axis',(1.,0.,0.));
#9939=DIRECTION('center_axis',(0.587785252292473,0.809016994374947,0.));
#9940=DIRECTION('ref_axis',(0.809016994374947,-0.587785252292473,0.));
#9941=DIRECTION('',(0.,0.,-1.));
#9942=DIRECTION('',(0.809016994374947,-0.587785252292473,0.));
#9943=DIRECTION('',(0.,0.,-1.));
#9944=DIRECTION('center_axis',(0.,0.,-1.));
#9945=DIRECTION('ref_axis',(-0.156434465040237,0.987688340595137,0.));
#9946=DIRECTION('',(0.,0.,-1.));
#9947=DIRECTION('center_axis',(0.,0.,-1.));
#9948=DIRECTION('ref_axis',(0.809016994374947,-0.587785252292473,0.));
#9949=DIRECTION('center_axis',(-0.809016994374947,0.587785252292473,0.));
#9950=DIRECTION('ref_axis',(0.587785252292473,0.809016994374947,0.));
#9951=DIRECTION('',(0.,0.,-1.));
#9952=DIRECTION('',(0.587785252292473,0.809016994374947,0.));
#9953=DIRECTION('center_axis',(0.,0.,-1.));
#9954=DIRECTION('ref_axis',(-0.987688340595137,-0.156434465040235,0.));
#9955=DIRECTION('',(0.,0.,-1.));
#9956=DIRECTION('center_axis',(0.,0.,-1.));
#9957=DIRECTION('ref_axis',(0.809016994374947,-0.587785252292473,0.));
#9958=DIRECTION('center_axis',(-0.587785252292473,-0.809016994374948,0.));
#9959=DIRECTION('ref_axis',(-0.809016994374947,0.587785252292473,0.));
#9960=DIRECTION('',(0.,0.,-1.));
#9961=DIRECTION('',(-0.809016994374947,0.587785252292473,0.));
#9962=DIRECTION('center_axis',(0.,0.,-1.));
#9963=DIRECTION('ref_axis',(0.809016994374947,-0.587785252292473,0.));
#9964=DIRECTION('',(0.,0.,-1.));
#9965=DIRECTION('center_axis',(0.,0.,-1.));
#9966=DIRECTION('ref_axis',(0.809016994374947,-0.587785252292473,0.));
#9967=DIRECTION('center_axis',(0.809016994374947,-0.587785252292473,0.));
#9968=DIRECTION('ref_axis',(-0.587785252292473,-0.809016994374947,0.));
#9969=DIRECTION('',(0.,0.,-1.));
#9970=DIRECTION('',(-0.587785252292473,-0.809016994374947,0.));
#9971=DIRECTION('center_axis',(0.,0.,-1.));
#9972=DIRECTION('ref_axis',(0.809016994374947,-0.587785252292473,0.));
#9973=DIRECTION('center_axis',(0.,0.,-1.));
#9974=DIRECTION('ref_axis',(0.809016994374947,-0.587785252292473,0.));
#9975=DIRECTION('center_axis',(0.,0.,1.));
#9976=DIRECTION('ref_axis',(1.,0.,0.));
#9977=DIRECTION('center_axis',(2.25292100725174E-16,-1.,0.));
#9978=DIRECTION('ref_axis',(-1.,-2.25292100725174E-16,0.));
#9979=DIRECTION('',(0.,0.,-1.));
#9980=DIRECTION('',(-1.,-2.25292100725174E-16,0.));
#9981=DIRECTION('',(0.,0.,-1.));
#9982=DIRECTION('center_axis',(0.,0.,-1.));
#9983=DIRECTION('ref_axis',(0.70710678118655,-0.707106781186545,0.));
#9984=DIRECTION('',(0.,0.,-1.));
#9985=DIRECTION('center_axis',(0.,0.,-1.));
#9986=DIRECTION('ref_axis',(-1.,-1.31838984174235E-16,0.));
#9987=DIRECTION('center_axis',(1.,1.31838984174235E-16,0.));
#9988=DIRECTION('ref_axis',(1.31838984174235E-16,-1.,0.));
#9989=DIRECTION('',(0.,0.,-1.));
#9990=DIRECTION('',(1.31838984174235E-16,-1.,0.));
#9991=DIRECTION('center_axis',(0.,0.,-1.));
#9992=DIRECTION('ref_axis',(0.70710678118655,0.707106781186545,0.));
#9993=DIRECTION('',(0.,0.,-1.));
#9994=DIRECTION('center_axis',(0.,0.,-1.));
#9995=DIRECTION('ref_axis',(-1.,-1.31838984174235E-16,0.));
#9996=DIRECTION('center_axis',(-4.12198333827052E-16,1.,0.));
#9997=DIRECTION('ref_axis',(1.,4.12198333827052E-16,0.));
#9998=DIRECTION('',(0.,0.,-1.));
#9999=DIRECTION('',(1.,4.12198333827052E-16,0.));
#10000=DIRECTION('center_axis',(0.,0.,-1.));
#10001=DIRECTION('ref_axis',(-1.,-1.31838984174235E-16,0.));
#10002=DIRECTION('',(0.,0.,-1.));
#10003=DIRECTION('center_axis',(0.,0.,-1.));
#10004=DIRECTION('ref_axis',(-1.,-1.31838984174235E-16,0.));
#10005=DIRECTION('center_axis',(-1.,-1.31838984174235E-16,0.));
#10006=DIRECTION('ref_axis',(-1.31838984174235E-16,1.,0.));
#10007=DIRECTION('',(0.,0.,-1.));
#10008=DIRECTION('',(-1.31838984174235E-16,1.,0.));
#10009=DIRECTION('center_axis',(0.,0.,-1.));
#10010=DIRECTION('ref_axis',(-1.,-1.31838984174235E-16,0.));
#10011=DIRECTION('center_axis',(0.,0.,-1.));
#10012=DIRECTION('ref_axis',(-1.,-1.31838984174235E-16,0.));
#10013=DIRECTION('center_axis',(0.,0.,1.));
#10014=DIRECTION('ref_axis',(1.,0.,0.));
#10015=DIRECTION('center_axis',(-0.809016994374947,-0.587785252292473,0.));
#10016=DIRECTION('ref_axis',(-0.587785252292473,0.809016994374947,0.));
#10017=DIRECTION('',(0.,0.,-1.));
#10018=DIRECTION('',(-0.587785252292473,0.809016994374947,0.));
#10019=DIRECTION('',(0.,0.,-1.));
#10020=DIRECTION('center_axis',(0.,0.,-1.));
#10021=DIRECTION('ref_axis',(-0.156434465040228,-0.987688340595138,0.));
#10022=DIRECTION('',(0.,0.,-1.));
#10023=DIRECTION('center_axis',(0.,0.,-1.));
#10024=DIRECTION('ref_axis',(0.809016994374947,0.587785252292473,0.));
#10025=DIRECTION('center_axis',(0.587785252292474,-0.809016994374947,0.));
#10026=DIRECTION('ref_axis',(-0.809016994374947,-0.587785252292474,0.));
#10027=DIRECTION('',(0.,0.,-1.));
#10028=DIRECTION('',(-0.809016994374947,-0.587785252292474,0.));
#10029=DIRECTION('center_axis',(0.,0.,-1.));
#10030=DIRECTION('ref_axis',(0.809016994374947,0.587785252292473,0.));
#10031=DIRECTION('',(0.,0.,-1.));
#10032=DIRECTION('center_axis',(0.,0.,-1.));
#10033=DIRECTION('ref_axis',(0.809016994374947,0.587785252292473,0.));
#10034=DIRECTION('center_axis',(0.809016994374947,0.587785252292473,0.));
#10035=DIRECTION('ref_axis',(0.587785252292473,-0.809016994374947,0.));
#10036=DIRECTION('',(0.,0.,-1.));
#10037=DIRECTION('',(0.587785252292473,-0.809016994374947,0.));
#10038=DIRECTION('center_axis',(0.,0.,-1.));
#10039=DIRECTION('ref_axis',(0.809016994374947,0.587785252292473,0.));
#10040=DIRECTION('',(0.,0.,-1.));
#10041=DIRECTION('center_axis',(0.,0.,-1.));
#10042=DIRECTION('ref_axis',(0.809016994374947,0.587785252292473,0.));
#10043=DIRECTION('center_axis',(-0.587785252292474,0.809016994374947,0.));
#10044=DIRECTION('ref_axis',(0.809016994374947,0.587785252292473,0.));
#10045=DIRECTION('',(0.,0.,-1.));
#10046=DIRECTION('',(0.809016994374947,0.587785252292473,0.));
#10047=DIRECTION('center_axis',(0.,0.,-1.));
#10048=DIRECTION('ref_axis',(-0.987688340595139,0.156434465040226,0.));
#10049=DIRECTION('center_axis',(0.,0.,-1.));
#10050=DIRECTION('ref_axis',(0.809016994374947,0.587785252292473,0.));
#10051=DIRECTION('center_axis',(0.,0.,1.));
#10052=DIRECTION('ref_axis',(1.,0.,0.));
#10053=DIRECTION('center_axis',(0.309016994374948,-0.951056516295154,0.));
#10054=DIRECTION('ref_axis',(-0.951056516295153,-0.309016994374948,0.));
#10055=DIRECTION('',(0.,0.,-1.));
#10056=DIRECTION('',(-0.951056516295153,-0.309016994374948,0.));
#10057=DIRECTION('',(0.,0.,-1.));
#10058=DIRECTION('center_axis',(0.,0.,-1.));
#10059=DIRECTION('ref_axis',(0.891006524188368,-0.453990499739546,0.));
#10060=DIRECTION('',(0.,0.,-1.));
#10061=DIRECTION('center_axis',(0.,0.,-1.));
#10062=DIRECTION('ref_axis',(-0.309016994374947,0.951056516295154,0.));
#10063=DIRECTION('center_axis',(0.951056516295154,0.309016994374948,0.));
#10064=DIRECTION('ref_axis',(0.309016994374948,-0.951056516295153,0.));
#10065=DIRECTION('',(0.,0.,-1.));
#10066=DIRECTION('',(0.309016994374948,-0.951056516295153,0.));
#10067=DIRECTION('center_axis',(0.,0.,-1.));
#10068=DIRECTION('ref_axis',(-0.309016994374947,0.951056516295154,0.));
#10069=DIRECTION('',(0.,0.,-1.));
#10070=DIRECTION('center_axis',(0.,0.,-1.));
#10071=DIRECTION('ref_axis',(-0.309016994374947,0.951056516295154,0.));
#10072=DIRECTION('center_axis',(-0.309016994374948,0.951056516295154,0.));
#10073=DIRECTION('ref_axis',(0.951056516295153,0.309016994374948,0.));
#10074=DIRECTION('',(0.,0.,-1.));
#10075=DIRECTION('',(0.951056516295153,0.309016994374948,0.));
#10076=DIRECTION('center_axis',(0.,0.,-1.));
#10077=DIRECTION('ref_axis',(-0.309016994374947,0.951056516295154,0.));
#10078=DIRECTION('',(0.,0.,-1.));
#10079=DIRECTION('center_axis',(0.,0.,-1.));
#10080=DIRECTION('ref_axis',(-0.309016994374947,0.951056516295154,0.));
#10081=DIRECTION('center_axis',(-0.951056516295154,-0.309016994374948,0.));
#10082=DIRECTION('ref_axis',(-0.309016994374948,0.951056516295154,0.));
#10083=DIRECTION('',(0.,0.,-1.));
#10084=DIRECTION('',(-0.309016994374948,0.951056516295154,0.));
#10085=DIRECTION('center_axis',(0.,0.,-1.));
#10086=DIRECTION('ref_axis',(-0.45399049973954,-0.891006524188371,0.));
#10087=DIRECTION('center_axis',(0.,0.,-1.));
#10088=DIRECTION('ref_axis',(-0.309016994374947,0.951056516295154,0.));
#10089=DIRECTION('center_axis',(0.,0.,1.));
#10090=DIRECTION('ref_axis',(1.,0.,0.));
#10091=DIRECTION('center_axis',(0.,0.,-1.));
#10092=DIRECTION('ref_axis',(0.891006524188368,0.453990499739546,0.));
#10093=DIRECTION('',(0.,0.,-1.));
#10094=DIRECTION('center_axis',(0.,0.,-1.));
#10095=DIRECTION('ref_axis',(-0.309016994374947,-0.951056516295154,0.));
#10096=DIRECTION('',(0.,0.,-1.));
#10097=DIRECTION('center_axis',(0.309016994374947,0.951056516295154,0.));
#10098=DIRECTION('ref_axis',(0.951056516295154,-0.309016994374947,0.));
#10099=DIRECTION('',(0.,0.,-1.));
#10100=DIRECTION('',(0.951056516295154,-0.309016994374947,0.));
#10101=DIRECTION('center_axis',(0.,0.,-1.));
#10102=DIRECTION('ref_axis',(-0.453990499739548,0.891006524188367,0.));
#10103=DIRECTION('',(0.,0.,-1.));
#10104=DIRECTION('center_axis',(0.,0.,-1.));
#10105=DIRECTION('ref_axis',(-0.309016994374947,-0.951056516295154,0.));
#10106=DIRECTION('center_axis',(-0.951056516295154,0.309016994374947,0.));
#10107=DIRECTION('ref_axis',(0.309016994374947,0.951056516295154,0.));
#10108=DIRECTION('',(0.,0.,-1.));
#10109=DIRECTION('',(0.309016994374947,0.951056516295154,0.));
#10110=DIRECTION('center_axis',(0.,0.,-1.));
#10111=DIRECTION('ref_axis',(-0.309016994374947,-0.951056516295154,0.));
#10112=DIRECTION('',(0.,0.,-1.));
#10113=DIRECTION('center_axis',(0.,0.,-1.));
#10114=DIRECTION('ref_axis',(-0.309016994374947,-0.951056516295154,0.));
#10115=DIRECTION('center_axis',(-0.309016994374947,-0.951056516295154,0.));
#10116=DIRECTION('ref_axis',(-0.951056516295154,0.309016994374947,0.));
#10117=DIRECTION('',(0.,0.,-1.));
#10118=DIRECTION('',(-0.951056516295154,0.309016994374947,0.));
#10119=DIRECTION('center_axis',(0.,0.,-1.));
#10120=DIRECTION('ref_axis',(-0.309016994374947,-0.951056516295154,0.));
#10121=DIRECTION('',(0.,0.,-1.));
#10122=DIRECTION('center_axis',(0.,0.,-1.));
#10123=DIRECTION('ref_axis',(-0.309016994374947,-0.951056516295154,0.));
#10124=DIRECTION('center_axis',(0.951056516295154,-0.309016994374947,0.));
#10125=DIRECTION('ref_axis',(-0.309016994374947,-0.951056516295154,0.));
#10126=DIRECTION('',(-0.309016994374947,-0.951056516295154,0.));
#10127=DIRECTION('center_axis',(0.,0.,1.));
#10128=DIRECTION('ref_axis',(1.,0.,0.));
#10129=DIRECTION('center_axis',(-0.587785252292473,0.809016994374947,0.));
#10130=DIRECTION('ref_axis',(0.809016994374947,0.587785252292473,0.));
#10131=DIRECTION('',(0.,0.,-1.));
#10132=DIRECTION('',(0.809016994374947,0.587785252292473,0.));
#10133=DIRECTION('',(0.,0.,-1.));
#10134=DIRECTION('center_axis',(0.,0.,-1.));
#10135=DIRECTION('ref_axis',(-0.987688340595138,0.15643446504023,0.));
#10136=DIRECTION('',(0.,0.,-1.));
#10137=DIRECTION('center_axis',(0.,0.,-1.));
#10138=DIRECTION('ref_axis',(0.809016994374947,0.587785252292473,0.));
#10139=DIRECTION('center_axis',(-0.809016994374947,-0.587785252292473,0.));
#10140=DIRECTION('ref_axis',(-0.587785252292473,0.809016994374947,0.));
#10141=DIRECTION('',(0.,0.,-1.));
#10142=DIRECTION('',(-0.587785252292473,0.809016994374947,0.));
#10143=DIRECTION('center_axis',(0.,0.,-1.));
#10144=DIRECTION('ref_axis',(-0.156434465040226,-0.987688340595139,0.));
#10145=DIRECTION('',(0.,0.,-1.));
#10146=DIRECTION('center_axis',(0.,0.,-1.));
#10147=DIRECTION('ref_axis',(0.809016994374947,0.587785252292473,0.));
#10148=DIRECTION('center_axis',(0.587785252292474,-0.809016994374947,0.));
#10149=DIRECTION('ref_axis',(-0.809016994374947,-0.587785252292474,0.));
#10150=DIRECTION('',(0.,0.,-1.));
#10151=DIRECTION('',(-0.809016994374947,-0.587785252292474,0.));
#10152=DIRECTION('center_axis',(0.,0.,-1.));
#10153=DIRECTION('ref_axis',(0.809016994374947,0.587785252292473,0.));
#10154=DIRECTION('',(0.,0.,-1.));
#10155=DIRECTION('center_axis',(0.,0.,-1.));
#10156=DIRECTION('ref_axis',(0.809016994374947,0.587785252292473,0.));
#10157=DIRECTION('center_axis',(0.809016994374947,0.587785252292473,0.));
#10158=DIRECTION('ref_axis',(0.587785252292473,-0.809016994374947,0.));
#10159=DIRECTION('',(0.,0.,-1.));
#10160=DIRECTION('',(0.587785252292473,-0.809016994374947,0.));
#10161=DIRECTION('center_axis',(0.,0.,-1.));
#10162=DIRECTION('ref_axis',(0.809016994374947,0.587785252292473,0.));
#10163=DIRECTION('center_axis',(0.,0.,-1.));
#10164=DIRECTION('ref_axis',(0.809016994374947,0.587785252292473,0.));
#10165=DIRECTION('center_axis',(0.,0.,1.));
#10166=DIRECTION('ref_axis',(1.,0.,0.));
#10167=DIRECTION('center_axis',(-3.63626076499699E-16,1.,0.));
#10168=DIRECTION('ref_axis',(1.,3.63626076499699E-16,0.));
#10169=DIRECTION('',(0.,0.,-1.));
#10170=DIRECTION('',(1.,3.63626076499699E-16,0.));
#10171=DIRECTION('',(0.,0.,-1.));
#10172=DIRECTION('center_axis',(0.,0.,-1.));
#10173=DIRECTION('ref_axis',(-1.,-8.32667268468816E-17,0.));
#10174=DIRECTION('',(0.,0.,-1.));
#10175=DIRECTION('center_axis',(0.,0.,-1.));
#10176=DIRECTION('ref_axis',(-1.,-8.32667268468816E-17,0.));
#10177=DIRECTION('center_axis',(-1.,-8.32667268468816E-17,0.));
#10178=DIRECTION('ref_axis',(-8.32667268468816E-17,1.,0.));
#10179=DIRECTION('',(0.,0.,-1.));
#10180=DIRECTION('',(-8.32667268468816E-17,1.,0.));
#10181=DIRECTION('center_axis',(0.,0.,-1.));
#10182=DIRECTION('ref_axis',(-1.,-8.32667268468816E-17,0.));
#10183=DIRECTION('',(0.,0.,-1.));
#10184=DIRECTION('center_axis',(0.,0.,-1.));
#10185=DIRECTION('ref_axis',(-1.,-8.32667268468816E-17,0.));
#10186=DIRECTION('center_axis',(1.76719843397821E-16,-1.,0.));
#10187=DIRECTION('ref_axis',(-1.,-1.76719843397821E-16,0.));
#10188=DIRECTION('',(0.,0.,-1.));
#10189=DIRECTION('',(-1.,-1.76719843397821E-16,0.));
#10190=DIRECTION('center_axis',(0.,0.,-1.));
#10191=DIRECTION('ref_axis',(0.707106781186547,-0.707106781186548,0.));
#10192=DIRECTION('',(0.,0.,-1.));
#10193=DIRECTION('center_axis',(0.,0.,-1.));
#10194=DIRECTION('ref_axis',(-1.,-8.32667268468816E-17,0.));
#10195=DIRECTION('center_axis',(1.,8.32667268468816E-17,0.));
#10196=DIRECTION('ref_axis',(8.32667268468816E-17,-1.,0.));
#10197=DIRECTION('',(0.,0.,-1.));
#10198=DIRECTION('',(8.32667268468816E-17,-1.,0.));
#10199=DIRECTION('center_axis',(0.,0.,-1.));
#10200=DIRECTION('ref_axis',(0.707106781186546,0.707106781186549,0.));
#10201=DIRECTION('center_axis',(0.,0.,-1.));
#10202=DIRECTION('ref_axis',(-1.,-8.32667268468816E-17,0.));
#10203=DIRECTION('center_axis',(0.,0.,1.));
#10204=DIRECTION('ref_axis',(1.,0.,0.));
#10205=DIRECTION('center_axis',(0.809016994374948,-0.587785252292473,0.));
#10206=DIRECTION('ref_axis',(-0.587785252292473,-0.809016994374947,0.));
#10207=DIRECTION('',(0.,0.,-1.));
#10208=DIRECTION('',(-0.587785252292473,-0.809016994374947,0.));
#10209=DIRECTION('',(0.,0.,-1.));
#10210=DIRECTION('center_axis',(0.,0.,-1.));
#10211=DIRECTION('ref_axis',(0.809016994374947,-0.587785252292473,0.));
#10212=DIRECTION('',(0.,0.,-1.));
#10213=DIRECTION('center_axis',(0.,0.,-1.));
#10214=DIRECTION('ref_axis',(0.809016994374947,-0.587785252292473,0.));
#10215=DIRECTION('center_axis',(0.587785252292473,0.809016994374948,0.));
#10216=DIRECTION('ref_axis',(0.809016994374947,-0.587785252292473,0.));
#10217=DIRECTION('',(0.,0.,-1.));
#10218=DIRECTION('',(0.809016994374948,-0.587785252292473,0.));
#10219=DIRECTION('center_axis',(0.,0.,-1.));
#10220=DIRECTION('ref_axis',(-0.156434465040229,0.987688340595138,0.));
#10221=DIRECTION('',(0.,0.,-1.));
#10222=DIRECTION('center_axis',(0.,0.,-1.));
#10223=DIRECTION('ref_axis',(0.809016994374947,-0.587785252292473,0.));
#10224=DIRECTION('center_axis',(-0.809016994374948,0.587785252292473,0.));
#10225=DIRECTION('ref_axis',(0.587785252292473,0.809016994374947,0.));
#10226=DIRECTION('',(0.,0.,-1.));
#10227=DIRECTION('',(0.587785252292473,0.809016994374947,0.));
#10228=DIRECTION('center_axis',(0.,0.,-1.));
#10229=DIRECTION('ref_axis',(-0.987688340595137,-0.156434465040236,0.));
#10230=DIRECTION('',(0.,0.,-1.));
#10231=DIRECTION('center_axis',(0.,0.,-1.));
#10232=DIRECTION('ref_axis',(0.809016994374947,-0.587785252292473,0.));
#10233=DIRECTION('center_axis',(-0.587785252292473,-0.809016994374948,0.));
#10234=DIRECTION('ref_axis',(-0.809016994374948,0.587785252292473,0.));
#10235=DIRECTION('',(0.,0.,-1.));
#10236=DIRECTION('',(-0.809016994374948,0.587785252292473,0.));
#10237=DIRECTION('center_axis',(0.,0.,-1.));
#10238=DIRECTION('ref_axis',(0.809016994374947,-0.587785252292473,0.));
#10239=DIRECTION('center_axis',(0.,0.,-1.));
#10240=DIRECTION('ref_axis',(0.809016994374947,-0.587785252292473,0.));
#10241=DIRECTION('center_axis',(0.,0.,1.));
#10242=DIRECTION('ref_axis',(1.,0.,0.));
#10243=DIRECTION('center_axis',(0.587785252292474,-0.809016994374947,0.));
#10244=DIRECTION('ref_axis',(-0.809016994374947,-0.587785252292473,0.));
#10245=DIRECTION('',(0.,0.,-1.));
#10246=DIRECTION('',(-0.809016994374947,-0.587785252292473,0.));
#10247=DIRECTION('',(0.,0.,-1.));
#10248=DIRECTION('center_axis',(0.,0.,-1.));
#10249=DIRECTION('ref_axis',(0.987688340595138,-0.156434465040227,0.));
#10250=DIRECTION('',(0.,0.,-1.));
#10251=DIRECTION('center_axis',(0.,0.,-1.));
#10252=DIRECTION('ref_axis',(-0.809016994374947,-0.587785252292473,0.));
#10253=DIRECTION('center_axis',(0.809016994374947,0.587785252292473,0.));
#10254=DIRECTION('ref_axis',(0.587785252292473,-0.809016994374947,0.));
#10255=DIRECTION('',(0.,0.,-1.));
#10256=DIRECTION('',(0.587785252292473,-0.809016994374947,0.));
#10257=DIRECTION('center_axis',(0.,0.,-1.));
#10258=DIRECTION('ref_axis',(0.156434465040222,0.987688340595139,0.));
#10259=DIRECTION('',(0.,0.,-1.));
#10260=DIRECTION('center_axis',(0.,0.,-1.));
#10261=DIRECTION('ref_axis',(-0.809016994374947,-0.587785252292473,0.));
#10262=DIRECTION('center_axis',(-0.587785252292474,0.809016994374947,0.));
#10263=DIRECTION('ref_axis',(0.809016994374947,0.587785252292474,0.));
#10264=DIRECTION('',(0.,0.,-1.));
#10265=DIRECTION('',(0.809016994374947,0.587785252292474,0.));
#10266=DIRECTION('center_axis',(0.,0.,-1.));
#10267=DIRECTION('ref_axis',(-0.809016994374947,-0.587785252292473,0.));
#10268=DIRECTION('',(0.,0.,-1.));
#10269=DIRECTION('center_axis',(0.,0.,-1.));
#10270=DIRECTION('ref_axis',(-0.809016994374947,-0.587785252292473,0.));
#10271=DIRECTION('center_axis',(-0.809016994374947,-0.587785252292473,0.));
#10272=DIRECTION('ref_axis',(-0.587785252292473,0.809016994374947,0.));
#10273=DIRECTION('',(0.,0.,-1.));
#10274=DIRECTION('',(-0.587785252292473,0.809016994374947,0.));
#10275=DIRECTION('center_axis',(0.,0.,-1.));
#10276=DIRECTION('ref_axis',(-0.809016994374947,-0.587785252292473,0.));
#10277=DIRECTION('center_axis',(0.,0.,-1.));
#10278=DIRECTION('ref_axis',(-0.809016994374947,-0.587785252292473,0.));
#10279=DIRECTION('center_axis',(0.,0.,1.));
#10280=DIRECTION('ref_axis',(1.,0.,0.));
#10281=DIRECTION('center_axis',(0.309016994374947,0.951056516295154,0.));
#10282=DIRECTION('ref_axis',(0.951056516295154,-0.309016994374947,0.));
#10283=DIRECTION('',(0.,0.,-1.));
#10284=DIRECTION('',(0.951056516295154,-0.309016994374947,0.));
#10285=DIRECTION('',(0.,0.,-1.));
#10286=DIRECTION('center_axis',(0.,0.,-1.));
#10287=DIRECTION('ref_axis',(0.309016994374947,0.951056516295154,0.));
#10288=DIRECTION('',(0.,0.,-1.));
#10289=DIRECTION('center_axis',(0.,0.,-1.));
#10290=DIRECTION('ref_axis',(0.309016994374947,0.951056516295154,0.));
#10291=DIRECTION('center_axis',(-0.951056516295154,0.309016994374947,0.));
#10292=DIRECTION('ref_axis',(0.309016994374947,0.951056516295154,0.));
#10293=DIRECTION('',(0.,0.,-1.));
#10294=DIRECTION('',(0.309016994374947,0.951056516295154,0.));
#10295=DIRECTION('center_axis',(0.,0.,-1.));
#10296=DIRECTION('ref_axis',(-0.891006524188366,-0.45399049973955,0.));
#10297=DIRECTION('',(0.,0.,-1.));
#10298=DIRECTION('center_axis',(0.,0.,-1.));
#10299=DIRECTION('ref_axis',(0.309016994374947,0.951056516295154,0.));
#10300=DIRECTION('center_axis',(-0.309016994374947,-0.951056516295154,0.));
#10301=DIRECTION('ref_axis',(-0.951056516295154,0.309016994374947,0.));
#10302=DIRECTION('',(0.,0.,-1.));
#10303=DIRECTION('',(-0.951056516295154,0.309016994374947,0.));
#10304=DIRECTION('center_axis',(0.,0.,-1.));
#10305=DIRECTION('ref_axis',(0.45399049973955,-0.891006524188366,0.));
#10306=DIRECTION('',(0.,0.,-1.));
#10307=DIRECTION('center_axis',(0.,0.,-1.));
#10308=DIRECTION('ref_axis',(0.309016994374947,0.951056516295154,0.));
#10309=DIRECTION('center_axis',(0.951056516295154,-0.309016994374947,0.));
#10310=DIRECTION('ref_axis',(-0.309016994374947,-0.951056516295154,0.));
#10311=DIRECTION('',(0.,0.,-1.));
#10312=DIRECTION('',(-0.309016994374947,-0.951056516295154,0.));
#10313=DIRECTION('center_axis',(0.,0.,-1.));
#10314=DIRECTION('ref_axis',(0.309016994374947,0.951056516295154,0.));
#10315=DIRECTION('center_axis',(0.,0.,-1.));
#10316=DIRECTION('ref_axis',(0.309016994374947,0.951056516295154,0.));
#10317=DIRECTION('center_axis',(0.,0.,1.));
#10318=DIRECTION('ref_axis',(1.,0.,0.));
#10319=DIRECTION('center_axis',(0.,0.,-1.));
#10320=DIRECTION('ref_axis',(0.453990499739546,0.891006524188368,0.));
#10321=DIRECTION('',(0.,0.,-1.));
#10322=DIRECTION('center_axis',(0.,0.,-1.));
#10323=DIRECTION('ref_axis',(0.309016994374948,-0.951056516295154,0.));
#10324=DIRECTION('',(0.,0.,-1.));
#10325=DIRECTION('center_axis',(-0.309016994374948,0.951056516295154,0.));
#10326=DIRECTION('ref_axis',(0.951056516295153,0.309016994374948,0.));
#10327=DIRECTION('',(0.,0.,-1.));
#10328=DIRECTION('',(0.951056516295153,0.309016994374948,0.));
#10329=DIRECTION('center_axis',(0.,0.,-1.));
#10330=DIRECTION('ref_axis',(-0.891006524188367,0.453990499739549,0.));
#10331=DIRECTION('',(0.,0.,-1.));
#10332=DIRECTION('center_axis',(0.,0.,-1.));
#10333=DIRECTION('ref_axis',(0.309016994374948,-0.951056516295154,0.));
#10334=DIRECTION('center_axis',(-0.951056516295154,-0.309016994374948,0.));
#10335=DIRECTION('ref_axis',(-0.309016994374948,0.951056516295153,0.));
#10336=DIRECTION('',(0.,0.,-1.));
#10337=DIRECTION('',(-0.309016994374948,0.951056516295153,0.));
#10338=DIRECTION('center_axis',(0.,0.,-1.));
#10339=DIRECTION('ref_axis',(0.309016994374948,-0.951056516295154,0.));
#10340=DIRECTION('',(0.,0.,-1.));
#10341=DIRECTION('center_axis',(0.,0.,-1.));
#10342=DIRECTION('ref_axis',(0.309016994374948,-0.951056516295154,0.));
#10343=DIRECTION('center_axis',(0.309016994374948,-0.951056516295154,0.));
#10344=DIRECTION('ref_axis',(-0.951056516295153,-0.309016994374948,0.));
#10345=DIRECTION('',(0.,0.,-1.));
#10346=DIRECTION('',(-0.951056516295153,-0.309016994374948,0.));
#10347=DIRECTION('center_axis',(0.,0.,-1.));
#10348=DIRECTION('ref_axis',(0.309016994374948,-0.951056516295154,0.));
#10349=DIRECTION('',(0.,0.,-1.));
#10350=DIRECTION('center_axis',(0.,0.,-1.));
#10351=DIRECTION('ref_axis',(0.309016994374948,-0.951056516295154,0.));
#10352=DIRECTION('center_axis',(0.951056516295154,0.309016994374948,0.));
#10353=DIRECTION('ref_axis',(0.309016994374948,-0.951056516295153,0.));
#10354=DIRECTION('',(0.309016994374948,-0.951056516295153,0.));
#10355=DIRECTION('center_axis',(0.,0.,1.));
#10356=DIRECTION('ref_axis',(1.,0.,0.));
#10357=DIRECTION('center_axis',(-0.587785252292473,-0.809016994374948,0.));
#10358=DIRECTION('ref_axis',(-0.809016994374948,0.587785252292473,0.));
#10359=DIRECTION('',(0.,0.,-1.));
#10360=DIRECTION('',(-0.809016994374948,0.587785252292473,0.));
#10361=DIRECTION('',(0.,0.,-1.));
#10362=DIRECTION('center_axis',(0.,0.,-1.));
#10363=DIRECTION('ref_axis',(0.156434465040234,-0.987688340595137,0.));
#10364=DIRECTION('',(0.,0.,-1.));
#10365=DIRECTION('center_axis',(0.,0.,-1.));
#10366=DIRECTION('ref_axis',(-0.809016994374948,0.587785252292473,0.));
#10367=DIRECTION('center_axis',(0.809016994374948,-0.587785252292473,0.));
#10368=DIRECTION('ref_axis',(-0.587785252292473,-0.809016994374947,0.));
#10369=DIRECTION('',(0.,0.,-1.));
#10370=DIRECTION('',(-0.587785252292473,-0.809016994374948,0.));
#10371=DIRECTION('center_axis',(0.,0.,-1.));
#10372=DIRECTION('ref_axis',(0.987688340595137,0.156434465040236,0.));
#10373=DIRECTION('',(0.,0.,-1.));
#10374=DIRECTION('center_axis',(0.,0.,-1.));
#10375=DIRECTION('ref_axis',(-0.809016994374948,0.587785252292473,0.));
#10376=DIRECTION('center_axis',(0.587785252292473,0.809016994374948,0.));
#10377=DIRECTION('ref_axis',(0.809016994374948,-0.587785252292473,0.));
#10378=DIRECTION('',(0.,0.,-1.));
#10379=DIRECTION('',(0.809016994374948,-0.587785252292473,0.));
#10380=DIRECTION('center_axis',(0.,0.,-1.));
#10381=DIRECTION('ref_axis',(-0.809016994374948,0.587785252292473,0.));
#10382=DIRECTION('',(0.,0.,-1.));
#10383=DIRECTION('center_axis',(0.,0.,-1.));
#10384=DIRECTION('ref_axis',(-0.809016994374948,0.587785252292473,0.));
#10385=DIRECTION('center_axis',(-0.809016994374948,0.587785252292473,0.));
#10386=DIRECTION('ref_axis',(0.587785252292473,0.809016994374948,0.));
#10387=DIRECTION('',(0.,0.,-1.));
#10388=DIRECTION('',(0.587785252292473,0.809016994374948,0.));
#10389=DIRECTION('center_axis',(0.,0.,-1.));
#10390=DIRECTION('ref_axis',(-0.809016994374948,0.587785252292473,0.));
#10391=DIRECTION('center_axis',(0.,0.,-1.));
#10392=DIRECTION('ref_axis',(-0.809016994374948,0.587785252292473,0.));
#10393=DIRECTION('center_axis',(0.,0.,1.));
#10394=DIRECTION('ref_axis',(1.,0.,0.));
#10395=DIRECTION('center_axis',(-1.,-1.11022302462513E-16,0.));
#10396=DIRECTION('ref_axis',(-1.11022302462513E-16,1.,0.));
#10397=DIRECTION('',(0.,0.,-1.));
#10398=DIRECTION('',(-1.11022302462513E-16,1.,0.));
#10399=DIRECTION('',(0.,0.,-1.));
#10400=DIRECTION('center_axis',(0.,0.,-1.));
#10401=DIRECTION('ref_axis',(-0.707106781186544,-0.707106781186551,0.));
#10402=DIRECTION('',(0.,0.,-1.));
#10403=DIRECTION('center_axis',(0.,0.,-1.));
#10404=DIRECTION('ref_axis',(1.,1.11022302462513E-16,0.));
#10405=DIRECTION('center_axis',(3.91381652115331E-16,-1.,0.));
#10406=DIRECTION('ref_axis',(-1.,-3.91381652115331E-16,0.));
#10407=DIRECTION('',(0.,0.,-1.));
#10408=DIRECTION('',(-1.,-3.91381652115331E-16,0.));
#10409=DIRECTION('center_axis',(0.,0.,-1.));
#10410=DIRECTION('ref_axis',(1.,1.11022302462513E-16,0.));
#10411=DIRECTION('',(0.,0.,-1.));
#10412=DIRECTION('center_axis',(0.,0.,-1.));
#10413=DIRECTION('ref_axis',(1.,1.11022302462513E-16,0.));
#10414=DIRECTION('center_axis',(1.,1.11022302462513E-16,0.));
#10415=DIRECTION('ref_axis',(1.11022302462513E-16,-1.,0.));
#10416=DIRECTION('',(0.,0.,-1.));
#10417=DIRECTION('',(1.11022302462513E-16,-1.,0.));
#10418=DIRECTION('center_axis',(0.,0.,-1.));
#10419=DIRECTION('ref_axis',(1.,1.11022302462513E-16,0.));
#10420=DIRECTION('',(0.,0.,-1.));
#10421=DIRECTION('center_axis',(0.,0.,-1.));
#10422=DIRECTION('ref_axis',(1.,1.11022302462513E-16,0.));
#10423=DIRECTION('center_axis',(-2.04475419013452E-16,1.,0.));
#10424=DIRECTION('ref_axis',(1.,2.04475419013452E-16,0.));
#10425=DIRECTION('',(0.,0.,-1.));
#10426=DIRECTION('',(1.,2.04475419013452E-16,0.));
#10427=DIRECTION('center_axis',(0.,0.,-1.));
#10428=DIRECTION('ref_axis',(-0.707106781186547,0.707106781186549,0.));
#10429=DIRECTION('center_axis',(0.,0.,-1.));
#10430=DIRECTION('ref_axis',(1.,1.11022302462513E-16,0.));
#10431=DIRECTION('center_axis',(0.,0.,1.));
#10432=DIRECTION('ref_axis',(1.,0.,0.));
#10433=DIRECTION('center_axis',(0.,0.,1.));
#10434=DIRECTION('ref_axis',(1.,0.,0.));
#10435=DIRECTION('',(0.,0.,-1.));
#10436=DIRECTION('center_axis',(0.,0.,-1.));
#10437=DIRECTION('ref_axis',(1.,0.,0.));
#10438=DIRECTION('center_axis',(0.,0.,1.));
#10439=DIRECTION('ref_axis',(-1.,0.,0.));
#10440=DIRECTION('',(0.,0.,-1.));
#10441=DIRECTION('center_axis',(0.,0.,-1.));
#10442=DIRECTION('ref_axis',(-1.,0.,0.));
#10443=DIRECTION('center_axis',(0.,0.,1.));
#10444=DIRECTION('ref_axis',(1.,0.,0.));
#10445=DIRECTION('center_axis',(0.,0.,1.));
#10446=DIRECTION('ref_axis',(1.,0.,0.));
#10447=DIRECTION('',(0.,0.,-1.));
#10448=DIRECTION('center_axis',(0.,0.,1.));
#10449=DIRECTION('ref_axis',(1.,0.,0.));
#10450=DIRECTION('center_axis',(0.,0.,1.));
#10451=DIRECTION('ref_axis',(1.,0.,0.));
#10452=DIRECTION('center_axis',(0.,0.,1.));
#10453=DIRECTION('ref_axis',(1.,0.,0.));
#10454=CARTESIAN_POINT('',(0.,0.,0.));
#10455=CARTESIAN_POINT('Origin',(88.7143060157868,69.6678685488352,12.));
#10456=CARTESIAN_POINT('',(88.9840560845761,69.8532626347236,0.));
#10457=CARTESIAN_POINT('',(88.7143060157868,69.6678685488352,0.));
#10458=CARTESIAN_POINT('',(42.3274989200898,37.7870992968063,0.));
#10459=CARTESIAN_POINT('',(88.9840560845761,69.8532626347236,12.));
#10460=CARTESIAN_POINT('',(88.9840560845761,69.8532626347236,12.));
#10461=CARTESIAN_POINT('',(88.7143060157868,69.6678685488352,12.));
#10462=CARTESIAN_POINT('',(42.3274989200898,37.7870992968063,12.));
#10463=CARTESIAN_POINT('',(88.7143060157868,69.6678685488352,12.));
#10464=CARTESIAN_POINT('Origin',(0.,0.,12.));
#10465=CARTESIAN_POINT('',(87.4794275170333,71.2122865895627,0.));
#10466=CARTESIAN_POINT('Origin',(0.,0.,0.));
#10467=CARTESIAN_POINT('',(87.4794275170333,71.2122865895627,12.));
#10468=CARTESIAN_POINT('Origin',(0.,0.,12.));
#10469=CARTESIAN_POINT('',(87.4794275170333,71.2122865895627,12.));
#10470=CARTESIAN_POINT('Origin',(85.6181631017773,69.6971315557422,12.));
#10471=CARTESIAN_POINT('',(84.2244760084033,71.6510088000591,0.));
#10472=CARTESIAN_POINT('Origin',(85.6181631017773,69.6971315557422,0.));
#10473=CARTESIAN_POINT('',(84.2244760084033,71.6510088000591,12.));
#10474=CARTESIAN_POINT('Origin',(85.6181631017773,69.6971315557422,12.));
#10475=CARTESIAN_POINT('',(84.2244760084033,71.6510088000591,12.));
#10476=CARTESIAN_POINT('Origin',(77.3708805101444,66.7623866409587,12.));
#10477=CARTESIAN_POINT('',(77.3708805101444,66.7623866409587,0.));
#10478=CARTESIAN_POINT('',(35.9495175084679,37.2168155488829,0.));
#10479=CARTESIAN_POINT('',(77.3708805101444,66.7623866409587,12.));
#10480=CARTESIAN_POINT('',(35.9495175084679,37.2168155488829,12.));
#10481=CARTESIAN_POINT('',(77.3708805101444,66.7623866409587,12.));
#10482=CARTESIAN_POINT('Origin',(78.7645676036431,64.808509396753,12.));
#10483=CARTESIAN_POINT('',(76.911283660028,63.2836032933,0.));
#10484=CARTESIAN_POINT('Origin',(78.7645676036431,64.808509396753,0.));
#10485=CARTESIAN_POINT('',(76.911283660028,63.2836032933,12.));
#10486=CARTESIAN_POINT('Origin',(78.7645676036431,64.808509396753,12.));
#10487=CARTESIAN_POINT('',(76.911283660028,63.2836032933,12.));
#10488=CARTESIAN_POINT('Origin',(0.,0.,12.));
#10489=CARTESIAN_POINT('',(99.1324186238977,9.63968763982289,0.));
#10490=CARTESIAN_POINT('Origin',(0.,0.,0.));
#10491=CARTESIAN_POINT('',(99.1324186238977,9.63968763982289,12.));
#10492=CARTESIAN_POINT('Origin',(0.,0.,12.));
#10493=CARTESIAN_POINT('',(99.1324186238977,9.63968763982289,12.));
#10494=CARTESIAN_POINT('Origin',(101.524461299125,9.87229110627872,12.));
#10495=CARTESIAN_POINT('',(101.921124387202,7.5019259598777,0.));
#10496=CARTESIAN_POINT('Origin',(101.524461299125,9.87229110627872,0.));
#10497=CARTESIAN_POINT('',(101.921124387202,7.5019259598777,12.));
#10498=CARTESIAN_POINT('Origin',(101.524461299125,9.87229110627872,12.));
#10499=CARTESIAN_POINT('',(101.921124387202,7.5019259598777,12.));
#10500=CARTESIAN_POINT('Origin',(110.220612328494,8.89078392603627,12.));
#10501=CARTESIAN_POINT('',(110.220612328494,8.89078392603627,0.));
#10502=CARTESIAN_POINT('',(55.8879111251577,-0.201392051921756,0.));
#10503=CARTESIAN_POINT('',(110.220612328494,8.89078392603627,12.));
#10504=CARTESIAN_POINT('',(55.8879111251577,-0.201392051921756,12.));
#10505=CARTESIAN_POINT('',(110.220612328494,8.89078392603627,12.));
#10506=CARTESIAN_POINT('Origin',(109.824498074319,11.2578693696864,12.));
#10507=CARTESIAN_POINT('',(112.211987162891,11.5026056603317,0.));
#10508=CARTESIAN_POINT('Origin',(109.824498074319,11.2578693696864,0.));
#10509=CARTESIAN_POINT('',(112.211987162891,11.5026056603317,12.));
#10510=CARTESIAN_POINT('Origin',(109.824498074319,11.2578693696864,12.));
#10511=CARTESIAN_POINT('',(112.211987162891,11.5026056603317,12.));
#10512=CARTESIAN_POINT('Origin',(0.,0.,12.));
#10513=CARTESIAN_POINT('',(111.993109653553,13.4678650903385,0.));
#10514=CARTESIAN_POINT('Origin',(0.,0.,0.));
#10515=CARTESIAN_POINT('',(111.993109653553,13.4678650903385,12.));
#10516=CARTESIAN_POINT('Origin',(0.,0.,12.));
#10517=CARTESIAN_POINT('',(111.993109653553,13.4678650903385,12.));
#10518=CARTESIAN_POINT('Origin',(112.314945171744,13.5275137778814,12.));
#10519=CARTESIAN_POINT('',(112.314945171744,13.5275137778814,0.));
#10520=CARTESIAN_POINT('',(56.8104934302131,3.2403717067179,0.));
#10521=CARTESIAN_POINT('',(112.314945171744,13.5275137778814,12.));
#10522=CARTESIAN_POINT('',(56.8104934302131,3.2403717067179,12.));
#10523=CARTESIAN_POINT('',(112.314945171744,13.5275137778814,12.));
#10524=CARTESIAN_POINT('Origin',(111.877579910798,15.8873255560846,12.));
#10525=CARTESIAN_POINT('',(114.253740900054,16.2247554793996,0.));
#10526=CARTESIAN_POINT('Origin',(111.877579910798,15.8873255560846,0.));
#10527=CARTESIAN_POINT('',(114.253740900054,16.2247554793996,12.));
#10528=CARTESIAN_POINT('Origin',(111.877579910798,15.8873255560846,12.));
#10529=CARTESIAN_POINT('',(114.253740900054,16.2247554793996,12.));
#10530=CARTESIAN_POINT('Origin',(0.,0.,12.));
#10531=CARTESIAN_POINT('',(92.2622295889358,69.3169603437817,0.));
#10532=CARTESIAN_POINT('Origin',(0.,0.,0.));
#10533=CARTESIAN_POINT('',(92.2622295889358,69.3169603437817,12.));
#10534=CARTESIAN_POINT('Origin',(0.,0.,12.));
#10535=CARTESIAN_POINT('',(92.2622295889358,69.3169603437817,12.));
#10536=CARTESIAN_POINT('Origin',(90.3434310532907,67.8753597820393,12.));
#10537=CARTESIAN_POINT('Origin',(90.3434310532907,67.8753597820393,0.));
#10538=CARTESIAN_POINT('Origin',(90.3434310532907,67.8753597820393,12.));
#10539=CARTESIAN_POINT('Origin',(111.993109653716,-13.467865090327,12.));
#10540=CARTESIAN_POINT('',(112.314945171906,-13.5275137778698,0.));
#10541=CARTESIAN_POINT('',(111.993109653716,-13.467865090327,0.));
#10542=CARTESIAN_POINT('',(56.649575671203,-3.2105473629206,0.));
#10543=CARTESIAN_POINT('',(112.314945171906,-13.5275137778698,12.));
#10544=CARTESIAN_POINT('',(112.314945171906,-13.5275137778698,12.));
#10545=CARTESIAN_POINT('',(111.993109653716,-13.467865090327,12.));
#10546=CARTESIAN_POINT('',(56.649575671203,-3.2105473629206,12.));
#10547=CARTESIAN_POINT('',(111.993109653716,-13.467865090327,12.));
#10548=CARTESIAN_POINT('Origin',(0.,0.,12.));
#10549=CARTESIAN_POINT('',(112.211987162891,-11.5026056603317,0.));
#10550=CARTESIAN_POINT('Origin',(0.,0.,0.));
#10551=CARTESIAN_POINT('',(112.211987162891,-11.5026056603317,12.));
#10552=CARTESIAN_POINT('Origin',(0.,0.,12.));
#10553=CARTESIAN_POINT('',(112.211987162891,-11.5026056603317,12.));
#10554=CARTESIAN_POINT('Origin',(109.824498074319,-11.2578693696863,12.));
#10555=CARTESIAN_POINT('',(110.220612328804,-8.89078392604682,0.));
#10556=CARTESIAN_POINT('Origin',(109.824498074319,-11.2578693696863,0.));
#10557=CARTESIAN_POINT('',(110.220612328804,-8.89078392604682,12.));
#10558=CARTESIAN_POINT('Origin',(109.824498074319,-11.2578693696863,12.));
#10559=CARTESIAN_POINT('',(110.220612328804,-8.89078392604682,12.));
#10560=CARTESIAN_POINT('Origin',(101.917610597117,-7.50133795307712,12.));
#10561=CARTESIAN_POINT('',(101.917610597117,-7.50133795307712,0.));
#10562=CARTESIAN_POINT('',(51.7364102594062,0.896115038161841,0.));
#10563=CARTESIAN_POINT('',(101.917610597117,-7.50133795307712,12.));
#10564=CARTESIAN_POINT('',(51.7364102594062,0.896115038161841,12.));
#10565=CARTESIAN_POINT('',(101.917610597117,-7.50133795307712,12.));
#10566=CARTESIAN_POINT('Origin',(101.521496342798,-9.8684233967262,12.));
#10567=CARTESIAN_POINT('',(99.1327552523796,-9.63622519915616,0.));
#10568=CARTESIAN_POINT('Origin',(101.521496342798,-9.8684233967262,0.));
#10569=CARTESIAN_POINT('',(99.1327552523796,-9.63622519915616,12.));
#10570=CARTESIAN_POINT('Origin',(101.521496342798,-9.8684233967262,12.));
#10571=CARTESIAN_POINT('',(99.1327552523796,-9.63622519915616,12.));
#10572=CARTESIAN_POINT('Origin',(0.,0.,12.));
#10573=CARTESIAN_POINT('',(76.9134939430206,-63.2809169457427,0.));
#10574=CARTESIAN_POINT('Origin',(0.,0.,0.));
#10575=CARTESIAN_POINT('',(76.9134939430206,-63.2809169457427,12.));
#10576=CARTESIAN_POINT('Origin',(0.,0.,12.));
#10577=CARTESIAN_POINT('',(76.9134939430206,-63.2809169457427,12.));
#10578=CARTESIAN_POINT('Origin',(78.7693990280197,-64.807871053825,12.));
#10579=CARTESIAN_POINT('',(77.373780918537,-66.7644554821591,0.));
#10580=CARTESIAN_POINT('Origin',(78.7693990280197,-64.807871053825,0.));
#10581=CARTESIAN_POINT('',(77.373780918537,-66.7644554821591,12.));
#10582=CARTESIAN_POINT('Origin',(78.7693990280197,-64.807871053825,12.));
#10583=CARTESIAN_POINT('',(77.373780918537,-66.7644554821591,12.));
#10584=CARTESIAN_POINT('Origin',(84.2244760081762,-71.6510087998469,12.));
#10585=CARTESIAN_POINT('',(84.2244760081762,-71.6510087998469,0.));
#10586=CARTESIAN_POINT('',(39.3763152573591,-39.661126628541,-1.11022302462516E-15));
#10587=CARTESIAN_POINT('',(84.2244760081762,-71.6510087998469,12.));
#10588=CARTESIAN_POINT('',(39.3763152573591,-39.661126628541,12.));
#10589=CARTESIAN_POINT('',(84.2244760081762,-71.6510087998469,12.));
#10590=CARTESIAN_POINT('Origin',(85.6181631017773,-69.6971315557421,12.));
#10591=CARTESIAN_POINT('',(87.4794275170333,-71.2122865895626,0.));
#10592=CARTESIAN_POINT('Origin',(85.6181631017773,-69.6971315557421,0.));
#10593=CARTESIAN_POINT('',(87.4794275170333,-71.2122865895626,12.));
#10594=CARTESIAN_POINT('Origin',(85.6181631017773,-69.6971315557421,12.));
#10595=CARTESIAN_POINT('',(87.4794275170333,-71.2122865895626,12.));
#10596=CARTESIAN_POINT('Origin',(0.,0.,12.));
#10597=CARTESIAN_POINT('',(88.7143060156802,-69.6678685487123,0.));
#10598=CARTESIAN_POINT('Origin',(0.,0.,0.));
#10599=CARTESIAN_POINT('',(88.7143060156802,-69.6678685487123,12.));
#10600=CARTESIAN_POINT('Origin',(0.,0.,12.));
#10601=CARTESIAN_POINT('',(88.7143060156802,-69.6678685487123,12.));
#10602=CARTESIAN_POINT('Origin',(88.9840560844695,-69.8532626346008,12.));
#10603=CARTESIAN_POINT('',(88.9840560844695,-69.8532626346008,0.));
#10604=CARTESIAN_POINT('',(42.4623739544428,-37.8797963396722,0.));
#10605=CARTESIAN_POINT('',(88.9840560844695,-69.8532626346008,12.));
#10606=CARTESIAN_POINT('',(42.4623739544428,-37.8797963396722,12.));
#10607=CARTESIAN_POINT('',(88.9840560844695,-69.8532626346008,12.));
#10608=CARTESIAN_POINT('Origin',(90.3434310532907,-67.8753597820392,12.));
#10609=CARTESIAN_POINT('',(92.2622295889359,-69.3169603437817,0.));
#10610=CARTESIAN_POINT('Origin',(90.3434310532907,-67.8753597820392,0.));
#10611=CARTESIAN_POINT('',(92.2622295889359,-69.3169603437817,12.));
#10612=CARTESIAN_POINT('Origin',(90.3434310532907,-67.8753597820392,12.));
#10613=CARTESIAN_POINT('',(92.2622295889359,-69.3169603437817,12.));
#10614=CARTESIAN_POINT('Origin',(0.,0.,12.));
#10615=CARTESIAN_POINT('',(114.253740900054,-16.2247554793996,0.));
#10616=CARTESIAN_POINT('Origin',(0.,0.,0.));
#10617=CARTESIAN_POINT('',(114.253740900054,-16.2247554793996,12.));
#10618=CARTESIAN_POINT('Origin',(0.,0.,12.));
#10619=CARTESIAN_POINT('',(114.253740900054,-16.2247554793996,12.));
#10620=CARTESIAN_POINT('Origin',(111.877579910798,-15.8873255560845,12.));
#10621=CARTESIAN_POINT('Origin',(111.877579910798,-15.8873255560845,0.));
#10622=CARTESIAN_POINT('Origin',(111.877579910798,-15.8873255560845,12.));
#10623=CARTESIAN_POINT('Origin',(69.6678685488352,-88.7143060157868,12.));
#10624=CARTESIAN_POINT('',(69.8532626347236,-88.9840560845761,0.));
#10625=CARTESIAN_POINT('',(69.6678685488352,-88.7143060157868,0.));
#10626=CARTESIAN_POINT('',(37.7870992968063,-42.3274989200898,0.));
#10627=CARTESIAN_POINT('',(69.8532626347236,-88.9840560845761,12.));
#10628=CARTESIAN_POINT('',(69.8532626347236,-88.9840560845761,12.));
#10629=CARTESIAN_POINT('',(69.6678685488352,-88.7143060157868,12.));
#10630=CARTESIAN_POINT('',(37.7870992968063,-42.3274989200898,12.));
#10631=CARTESIAN_POINT('',(69.6678685488352,-88.7143060157868,12.));
#10632=CARTESIAN_POINT('Origin',(0.,0.,12.));
#10633=CARTESIAN_POINT('',(71.2122865895627,-87.4794275170333,0.));
#10634=CARTESIAN_POINT('Origin',(0.,0.,0.));
#10635=CARTESIAN_POINT('',(71.2122865895627,-87.4794275170333,12.));
#10636=CARTESIAN_POINT('Origin',(0.,0.,12.));
#10637=CARTESIAN_POINT('',(71.2122865895627,-87.4794275170333,12.));
#10638=CARTESIAN_POINT('Origin',(69.6971315557422,-85.6181631017772,12.));
#10639=CARTESIAN_POINT('',(71.6510088000591,-84.2244760084033,0.));
#10640=CARTESIAN_POINT('Origin',(69.6971315557422,-85.6181631017772,0.));
#10641=CARTESIAN_POINT('',(71.6510088000591,-84.2244760084033,12.));
#10642=CARTESIAN_POINT('Origin',(69.6971315557422,-85.6181631017772,12.));
#10643=CARTESIAN_POINT('',(71.6510088000591,-84.2244760084033,12.));
#10644=CARTESIAN_POINT('Origin',(66.7623866409587,-77.3708805101444,12.));
#10645=CARTESIAN_POINT('',(66.7623866409587,-77.3708805101444,0.));
#10646=CARTESIAN_POINT('',(37.2168155488829,-35.9495175084679,0.));
#10647=CARTESIAN_POINT('',(66.7623866409587,-77.3708805101444,12.));
#10648=CARTESIAN_POINT('',(37.2168155488829,-35.9495175084679,12.));
#10649=CARTESIAN_POINT('',(66.7623866409587,-77.3708805101444,12.));
#10650=CARTESIAN_POINT('Origin',(64.808509396753,-78.7645676036431,12.));
#10651=CARTESIAN_POINT('',(63.2836032933,-76.911283660028,0.));
#10652=CARTESIAN_POINT('Origin',(64.808509396753,-78.7645676036431,0.));
#10653=CARTESIAN_POINT('',(63.2836032933,-76.911283660028,12.));
#10654=CARTESIAN_POINT('Origin',(64.808509396753,-78.7645676036431,12.));
#10655=CARTESIAN_POINT('',(63.2836032933,-76.911283660028,12.));
#10656=CARTESIAN_POINT('Origin',(0.,0.,12.));
#10657=CARTESIAN_POINT('',(9.63968763982291,-99.1324186238977,0.));
#10658=CARTESIAN_POINT('Origin',(0.,0.,0.));
#10659=CARTESIAN_POINT('',(9.63968763982291,-99.1324186238977,12.));
#10660=CARTESIAN_POINT('Origin',(0.,0.,12.));
#10661=CARTESIAN_POINT('',(9.63968763982291,-99.1324186238977,12.));
#10662=CARTESIAN_POINT('Origin',(9.87229110627872,-101.524461299125,12.));
#10663=CARTESIAN_POINT('',(7.50192595987772,-101.921124387202,0.));
#10664=CARTESIAN_POINT('Origin',(9.87229110627872,-101.524461299125,0.));
#10665=CARTESIAN_POINT('',(7.50192595987772,-101.921124387202,12.));
#10666=CARTESIAN_POINT('Origin',(9.87229110627872,-101.524461299125,12.));
#10667=CARTESIAN_POINT('',(7.50192595987772,-101.921124387202,12.));
#10668=CARTESIAN_POINT('Origin',(8.89078392603628,-110.220612328494,12.));
#10669=CARTESIAN_POINT('',(8.89078392603628,-110.220612328494,0.));
#10670=CARTESIAN_POINT('',(-0.201392051921754,-55.8879111251577,-1.11022302462516E-15));
#10671=CARTESIAN_POINT('',(8.89078392603628,-110.220612328494,12.));
#10672=CARTESIAN_POINT('',(-0.201392051921754,-55.8879111251577,12.));
#10673=CARTESIAN_POINT('',(8.89078392603628,-110.220612328494,12.));
#10674=CARTESIAN_POINT('Origin',(11.2578693696864,-109.824498074319,12.));
#10675=CARTESIAN_POINT('',(11.5026056603318,-112.211987162891,0.));
#10676=CARTESIAN_POINT('Origin',(11.2578693696864,-109.824498074319,0.));
#10677=CARTESIAN_POINT('',(11.5026056603318,-112.211987162891,12.));
#10678=CARTESIAN_POINT('Origin',(11.2578693696864,-109.824498074319,12.));
#10679=CARTESIAN_POINT('',(11.5026056603318,-112.211987162891,12.));
#10680=CARTESIAN_POINT('Origin',(0.,0.,12.));
#10681=CARTESIAN_POINT('',(13.4678650903385,-111.993109653553,0.));
#10682=CARTESIAN_POINT('Origin',(0.,0.,0.));
#10683=CARTESIAN_POINT('',(13.4678650903385,-111.993109653553,12.));
#10684=CARTESIAN_POINT('Origin',(0.,0.,12.));
#10685=CARTESIAN_POINT('',(13.4678650903385,-111.993109653553,12.));
#10686=CARTESIAN_POINT('Origin',(13.5275137778814,-112.314945171744,12.));
#10687=CARTESIAN_POINT('',(13.5275137778814,-112.314945171744,0.));
#10688=CARTESIAN_POINT('',(3.24037170671791,-56.8104934302131,0.));
#10689=CARTESIAN_POINT('',(13.5275137778814,-112.314945171744,12.));
#10690=CARTESIAN_POINT('',(3.24037170671791,-56.8104934302131,12.));
#10691=CARTESIAN_POINT('',(13.5275137778814,-112.314945171744,12.));
#10692=CARTESIAN_POINT('Origin',(15.8873255560846,-111.877579910798,12.));
#10693=CARTESIAN_POINT('',(16.2247554793997,-114.253740900054,0.));
#10694=CARTESIAN_POINT('Origin',(15.8873255560846,-111.877579910798,0.));
#10695=CARTESIAN_POINT('',(16.2247554793997,-114.253740900054,12.));
#10696=CARTESIAN_POINT('Origin',(15.8873255560846,-111.877579910798,12.));
#10697=CARTESIAN_POINT('',(16.2247554793997,-114.253740900054,12.));
#10698=CARTESIAN_POINT('Origin',(0.,0.,12.));
#10699=CARTESIAN_POINT('',(69.3169603437817,-92.2622295889358,0.));
#10700=CARTESIAN_POINT('Origin',(0.,0.,0.));
#10701=CARTESIAN_POINT('',(69.3169603437817,-92.2622295889358,12.));
#10702=CARTESIAN_POINT('Origin',(0.,0.,12.));
#10703=CARTESIAN_POINT('',(69.3169603437817,-92.2622295889358,12.));
#10704=CARTESIAN_POINT('Origin',(67.8753597820393,-90.3434310532907,12.));
#10705=CARTESIAN_POINT('Origin',(67.8753597820393,-90.3434310532907,0.));
#10706=CARTESIAN_POINT('Origin',(67.8753597820393,-90.3434310532907,12.));
#10707=CARTESIAN_POINT('Origin',(-13.467865090327,-111.993109653716,12.));
#10708=CARTESIAN_POINT('',(-13.5275137778698,-112.314945171906,0.));
#10709=CARTESIAN_POINT('',(-13.467865090327,-111.993109653716,0.));
#10710=CARTESIAN_POINT('',(-3.2105473629206,-56.649575671203,0.));
#10711=CARTESIAN_POINT('',(-13.5275137778698,-112.314945171906,12.));
#10712=CARTESIAN_POINT('',(-13.5275137778698,-112.314945171906,12.));
#10713=CARTESIAN_POINT('',(-13.467865090327,-111.993109653716,12.));
#10714=CARTESIAN_POINT('',(-3.2105473629206,-56.649575671203,12.));
#10715=CARTESIAN_POINT('',(-13.467865090327,-111.993109653716,12.));
#10716=CARTESIAN_POINT('Origin',(0.,0.,12.));
#10717=CARTESIAN_POINT('',(-11.5026056603317,-112.211987162891,0.));
#10718=CARTESIAN_POINT('Origin',(0.,0.,0.));
#10719=CARTESIAN_POINT('',(-11.5026056603317,-112.211987162891,12.));
#10720=CARTESIAN_POINT('Origin',(0.,0.,12.));
#10721=CARTESIAN_POINT('',(-11.5026056603317,-112.211987162891,12.));
#10722=CARTESIAN_POINT('Origin',(-11.2578693696863,-109.824498074319,12.));
#10723=CARTESIAN_POINT('',(-8.89078392604682,-110.220612328804,0.));
#10724=CARTESIAN_POINT('Origin',(-11.2578693696863,-109.824498074319,0.));
#10725=CARTESIAN_POINT('',(-8.89078392604682,-110.220612328804,12.));
#10726=CARTESIAN_POINT('Origin',(-11.2578693696863,-109.824498074319,12.));
#10727=CARTESIAN_POINT('',(-8.89078392604682,-110.220612328804,12.));
#10728=CARTESIAN_POINT('Origin',(-7.50133795307712,-101.917610597117,12.));
#10729=CARTESIAN_POINT('',(-7.50133795307712,-101.917610597117,0.));
#10730=CARTESIAN_POINT('',(0.896115038161841,-51.7364102594062,0.));
#10731=CARTESIAN_POINT('',(-7.50133795307712,-101.917610597117,12.));
#10732=CARTESIAN_POINT('',(0.896115038161841,-51.7364102594062,12.));
#10733=CARTESIAN_POINT('',(-7.50133795307712,-101.917610597117,12.));
#10734=CARTESIAN_POINT('Origin',(-9.8684233967262,-101.521496342798,12.));
#10735=CARTESIAN_POINT('',(-9.63622519915616,-99.1327552523796,0.));
#10736=CARTESIAN_POINT('Origin',(-9.8684233967262,-101.521496342798,0.));
#10737=CARTESIAN_POINT('',(-9.63622519915616,-99.1327552523796,12.));
#10738=CARTESIAN_POINT('Origin',(-9.8684233967262,-101.521496342798,12.));
#10739=CARTESIAN_POINT('',(-9.63622519915616,-99.1327552523796,12.));
#10740=CARTESIAN_POINT('Origin',(0.,0.,12.));
#10741=CARTESIAN_POINT('',(-63.2809169457427,-76.9134939430206,0.));
#10742=CARTESIAN_POINT('Origin',(0.,0.,0.));
#10743=CARTESIAN_POINT('',(-63.2809169457427,-76.9134939430206,12.));
#10744=CARTESIAN_POINT('Origin',(0.,0.,12.));
#10745=CARTESIAN_POINT('',(-63.2809169457427,-76.9134939430206,12.));
#10746=CARTESIAN_POINT('Origin',(-64.807871053825,-78.7693990280197,12.));
#10747=CARTESIAN_POINT('',(-66.7644554821591,-77.373780918537,0.));
#10748=CARTESIAN_POINT('Origin',(-64.807871053825,-78.7693990280197,0.));
#10749=CARTESIAN_POINT('',(-66.7644554821591,-77.373780918537,12.));
#10750=CARTESIAN_POINT('Origin',(-64.807871053825,-78.7693990280197,12.));
#10751=CARTESIAN_POINT('',(-66.7644554821591,-77.373780918537,12.));
#10752=CARTESIAN_POINT('Origin',(-71.6510087998469,-84.2244760081762,12.));
#10753=CARTESIAN_POINT('',(-71.6510087998469,-84.2244760081762,0.));
#10754=CARTESIAN_POINT('',(-39.661126628541,-39.3763152573591,-1.11022302462516E-15));
#10755=CARTESIAN_POINT('',(-71.6510087998469,-84.2244760081762,12.));
#10756=CARTESIAN_POINT('',(-39.661126628541,-39.3763152573591,12.));
#10757=CARTESIAN_POINT('',(-71.6510087998469,-84.2244760081762,12.));
#10758=CARTESIAN_POINT('Origin',(-69.6971315557421,-85.6181631017773,12.));
#10759=CARTESIAN_POINT('',(-71.2122865895626,-87.4794275170333,0.));
#10760=CARTESIAN_POINT('Origin',(-69.6971315557421,-85.6181631017773,0.));
#10761=CARTESIAN_POINT('',(-71.2122865895626,-87.4794275170333,12.));
#10762=CARTESIAN_POINT('Origin',(-69.6971315557421,-85.6181631017773,12.));
#10763=CARTESIAN_POINT('',(-71.2122865895626,-87.4794275170333,12.));
#10764=CARTESIAN_POINT('Origin',(0.,0.,12.));
#10765=CARTESIAN_POINT('',(-69.6678685487123,-88.7143060156802,0.));
#10766=CARTESIAN_POINT('Origin',(0.,0.,0.));
#10767=CARTESIAN_POINT('',(-69.6678685487123,-88.7143060156802,12.));
#10768=CARTESIAN_POINT('Origin',(0.,0.,12.));
#10769=CARTESIAN_POINT('',(-69.6678685487123,-88.7143060156802,12.));
#10770=CARTESIAN_POINT('Origin',(-69.8532626346008,-88.9840560844695,12.));
#10771=CARTESIAN_POINT('',(-69.8532626346008,-88.9840560844695,0.));
#10772=CARTESIAN_POINT('',(-37.8797963396722,-42.4623739544428,0.));
#10773=CARTESIAN_POINT('',(-69.8532626346008,-88.9840560844695,12.));
#10774=CARTESIAN_POINT('',(-37.8797963396722,-42.4623739544428,12.));
#10775=CARTESIAN_POINT('',(-69.8532626346008,-88.9840560844695,12.));
#10776=CARTESIAN_POINT('Origin',(-67.8753597820392,-90.3434310532907,12.));
#10777=CARTESIAN_POINT('',(-69.3169603437817,-92.2622295889359,0.));
#10778=CARTESIAN_POINT('Origin',(-67.8753597820392,-90.3434310532907,0.));
#10779=CARTESIAN_POINT('',(-69.3169603437817,-92.2622295889359,12.));
#10780=CARTESIAN_POINT('Origin',(-67.8753597820392,-90.3434310532907,12.));
#10781=CARTESIAN_POINT('',(-69.3169603437817,-92.2622295889359,12.));
#10782=CARTESIAN_POINT('Origin',(0.,0.,12.));
#10783=CARTESIAN_POINT('',(-16.2247554793996,-114.253740900054,0.));
#10784=CARTESIAN_POINT('Origin',(0.,0.,0.));
#10785=CARTESIAN_POINT('',(-16.2247554793996,-114.253740900054,12.));
#10786=CARTESIAN_POINT('Origin',(0.,0.,12.));
#10787=CARTESIAN_POINT('',(-16.2247554793996,-114.253740900054,12.));
#10788=CARTESIAN_POINT('Origin',(-15.8873255560845,-111.877579910798,12.));
#10789=CARTESIAN_POINT('Origin',(-15.8873255560845,-111.877579910798,0.));
#10790=CARTESIAN_POINT('Origin',(-15.8873255560845,-111.877579910798,12.));
#10791=CARTESIAN_POINT('Origin',(-88.7143060157868,-69.6678685488352,12.));
#10792=CARTESIAN_POINT('',(-88.9840560845761,-69.8532626347236,0.));
#10793=CARTESIAN_POINT('',(-88.7143060157868,-69.6678685488352,0.));
#10794=CARTESIAN_POINT('',(-42.3274989200898,-37.7870992968063,0.));
#10795=CARTESIAN_POINT('',(-88.9840560845761,-69.8532626347236,12.));
#10796=CARTESIAN_POINT('',(-88.9840560845761,-69.8532626347236,12.));
#10797=CARTESIAN_POINT('',(-88.7143060157868,-69.6678685488352,12.));
#10798=CARTESIAN_POINT('',(-42.3274989200898,-37.7870992968063,12.));
#10799=CARTESIAN_POINT('',(-88.7143060157868,-69.6678685488352,12.));
#10800=CARTESIAN_POINT('Origin',(0.,0.,12.));
#10801=CARTESIAN_POINT('',(-87.4794275170333,-71.2122865895627,0.));
#10802=CARTESIAN_POINT('Origin',(0.,0.,0.));
#10803=CARTESIAN_POINT('',(-87.4794275170333,-71.2122865895627,12.));
#10804=CARTESIAN_POINT('Origin',(0.,0.,12.));
#10805=CARTESIAN_POINT('',(-87.4794275170333,-71.2122865895627,12.));
#10806=CARTESIAN_POINT('Origin',(-85.6181631017772,-69.6971315557422,12.));
#10807=CARTESIAN_POINT('',(-84.2244760084033,-71.6510088000591,0.));
#10808=CARTESIAN_POINT('Origin',(-85.6181631017772,-69.6971315557422,0.));
#10809=CARTESIAN_POINT('',(-84.2244760084033,-71.6510088000591,12.));
#10810=CARTESIAN_POINT('Origin',(-85.6181631017772,-69.6971315557422,12.));
#10811=CARTESIAN_POINT('',(-84.2244760084033,-71.6510088000591,12.));
#10812=CARTESIAN_POINT('Origin',(-77.3708805101444,-66.7623866409587,12.));
#10813=CARTESIAN_POINT('',(-77.3708805101444,-66.7623866409587,0.));
#10814=CARTESIAN_POINT('',(-35.9495175084679,-37.2168155488829,0.));
#10815=CARTESIAN_POINT('',(-77.3708805101444,-66.7623866409587,12.));
#10816=CARTESIAN_POINT('',(-35.9495175084679,-37.2168155488829,12.));
#10817=CARTESIAN_POINT('',(-77.3708805101444,-66.7623866409587,12.));
#10818=CARTESIAN_POINT('Origin',(-78.7645676036431,-64.808509396753,12.));
#10819=CARTESIAN_POINT('',(-76.911283660028,-63.2836032933,0.));
#10820=CARTESIAN_POINT('Origin',(-78.7645676036431,-64.808509396753,0.));
#10821=CARTESIAN_POINT('',(-76.911283660028,-63.2836032933,12.));
#10822=CARTESIAN_POINT('Origin',(-78.7645676036431,-64.808509396753,12.));
#10823=CARTESIAN_POINT('',(-76.911283660028,-63.2836032933,12.));
#10824=CARTESIAN_POINT('Origin',(0.,0.,12.));
#10825=CARTESIAN_POINT('',(-99.1324186238977,-9.63968763982291,0.));
#10826=CARTESIAN_POINT('Origin',(0.,0.,0.));
#10827=CARTESIAN_POINT('',(-99.1324186238977,-9.63968763982291,12.));
#10828=CARTESIAN_POINT('Origin',(0.,0.,12.));
#10829=CARTESIAN_POINT('',(-99.1324186238977,-9.63968763982291,12.));
#10830=CARTESIAN_POINT('Origin',(-101.524461299125,-9.87229110627872,12.));
#10831=CARTESIAN_POINT('',(-101.921124387202,-7.50192595987772,0.));
#10832=CARTESIAN_POINT('Origin',(-101.524461299125,-9.87229110627872,0.));
#10833=CARTESIAN_POINT('',(-101.921124387202,-7.50192595987772,12.));
#10834=CARTESIAN_POINT('Origin',(-101.524461299125,-9.87229110627872,12.));
#10835=CARTESIAN_POINT('',(-101.921124387202,-7.50192595987772,12.));
#10836=CARTESIAN_POINT('Origin',(-110.220612328494,-8.89078392603628,12.));
#10837=CARTESIAN_POINT('',(-110.220612328494,-8.89078392603628,0.));
#10838=CARTESIAN_POINT('',(-55.8879111251577,0.201392051921754,-1.11022302462516E-15));
#10839=CARTESIAN_POINT('',(-110.220612328494,-8.89078392603628,12.));
#10840=CARTESIAN_POINT('',(-55.8879111251577,0.201392051921754,12.));
#10841=CARTESIAN_POINT('',(-110.220612328494,-8.89078392603628,12.));
#10842=CARTESIAN_POINT('Origin',(-109.824498074319,-11.2578693696864,12.));
#10843=CARTESIAN_POINT('',(-112.211987162891,-11.5026056603318,0.));
#10844=CARTESIAN_POINT('Origin',(-109.824498074319,-11.2578693696864,0.));
#10845=CARTESIAN_POINT('',(-112.211987162891,-11.5026056603318,12.));
#10846=CARTESIAN_POINT('Origin',(-109.824498074319,-11.2578693696864,12.));
#10847=CARTESIAN_POINT('',(-112.211987162891,-11.5026056603318,12.));
#10848=CARTESIAN_POINT('Origin',(0.,0.,12.));
#10849=CARTESIAN_POINT('',(-111.993109653553,-13.4678650903385,0.));
#10850=CARTESIAN_POINT('Origin',(0.,0.,0.));
#10851=CARTESIAN_POINT('',(-111.993109653553,-13.4678650903385,12.));
#10852=CARTESIAN_POINT('Origin',(0.,0.,12.));
#10853=CARTESIAN_POINT('',(-111.993109653553,-13.4678650903385,12.));
#10854=CARTESIAN_POINT('Origin',(-112.314945171744,-13.5275137778814,12.));
#10855=CARTESIAN_POINT('',(-112.314945171744,-13.5275137778814,0.));
#10856=CARTESIAN_POINT('',(-56.8104934302131,-3.24037170671791,0.));
#10857=CARTESIAN_POINT('',(-112.314945171744,-13.5275137778814,12.));
#10858=CARTESIAN_POINT('',(-56.8104934302131,-3.24037170671791,12.));
#10859=CARTESIAN_POINT('',(-112.314945171744,-13.5275137778814,12.));
#10860=CARTESIAN_POINT('Origin',(-111.877579910798,-15.8873255560846,12.));
#10861=CARTESIAN_POINT('',(-114.253740900054,-16.2247554793997,0.));
#10862=CARTESIAN_POINT('Origin',(-111.877579910798,-15.8873255560846,0.));
#10863=CARTESIAN_POINT('',(-114.253740900054,-16.2247554793997,12.));
#10864=CARTESIAN_POINT('Origin',(-111.877579910798,-15.8873255560846,12.));
#10865=CARTESIAN_POINT('',(-114.253740900054,-16.2247554793997,12.));
#10866=CARTESIAN_POINT('Origin',(0.,0.,12.));
#10867=CARTESIAN_POINT('',(-92.2622295889358,-69.3169603437817,0.));
#10868=CARTESIAN_POINT('Origin',(0.,0.,0.));
#10869=CARTESIAN_POINT('',(-92.2622295889358,-69.3169603437817,12.));
#10870=CARTESIAN_POINT('Origin',(0.,0.,12.));
#10871=CARTESIAN_POINT('',(-92.2622295889358,-69.3169603437817,12.));
#10872=CARTESIAN_POINT('Origin',(-90.3434310532907,-67.8753597820393,12.));
#10873=CARTESIAN_POINT('Origin',(-90.3434310532907,-67.8753597820393,0.));
#10874=CARTESIAN_POINT('Origin',(-90.3434310532907,-67.8753597820393,12.));
#10875=CARTESIAN_POINT('Origin',(-111.993109653716,13.467865090327,12.));
#10876=CARTESIAN_POINT('',(-112.314945171906,13.5275137778698,0.));
#10877=CARTESIAN_POINT('',(-111.993109653716,13.467865090327,0.));
#10878=CARTESIAN_POINT('',(-56.6495756712029,3.21054736292059,-1.11022302462516E-15));
#10879=CARTESIAN_POINT('',(-112.314945171906,13.5275137778698,12.));
#10880=CARTESIAN_POINT('',(-112.314945171906,13.5275137778698,12.));
#10881=CARTESIAN_POINT('',(-111.993109653716,13.467865090327,12.));
#10882=CARTESIAN_POINT('',(-56.6495756712029,3.21054736292059,12.));
#10883=CARTESIAN_POINT('',(-111.993109653716,13.467865090327,12.));
#10884=CARTESIAN_POINT('Origin',(0.,0.,12.));
#10885=CARTESIAN_POINT('',(-112.211987162891,11.5026056603317,0.));
#10886=CARTESIAN_POINT('Origin',(0.,0.,0.));
#10887=CARTESIAN_POINT('',(-112.211987162891,11.5026056603317,12.));
#10888=CARTESIAN_POINT('Origin',(0.,0.,12.));
#10889=CARTESIAN_POINT('',(-112.211987162891,11.5026056603317,12.));
#10890=CARTESIAN_POINT('Origin',(-109.824498074319,11.2578693696863,12.));
#10891=CARTESIAN_POINT('',(-110.220612328804,8.89078392604681,0.));
#10892=CARTESIAN_POINT('Origin',(-109.824498074319,11.2578693696863,0.));
#10893=CARTESIAN_POINT('',(-110.220612328804,8.89078392604681,12.));
#10894=CARTESIAN_POINT('Origin',(-109.824498074319,11.2578693696863,12.));
#10895=CARTESIAN_POINT('',(-110.220612328804,8.89078392604681,12.));
#10896=CARTESIAN_POINT('Origin',(-101.917610597117,7.5013379530771,12.));
#10897=CARTESIAN_POINT('',(-101.917610597117,7.5013379530771,0.));
#10898=CARTESIAN_POINT('',(-51.7364102594062,-0.89611503816185,0.));
#10899=CARTESIAN_POINT('',(-101.917610597117,7.5013379530771,12.));
#10900=CARTESIAN_POINT('',(-51.7364102594062,-0.89611503816185,12.));
#10901=CARTESIAN_POINT('',(-101.917610597117,7.5013379530771,12.));
#10902=CARTESIAN_POINT('Origin',(-101.521496342798,9.86842339672618,12.));
#10903=CARTESIAN_POINT('',(-99.1327552523797,9.63622519915615,0.));
#10904=CARTESIAN_POINT('Origin',(-101.521496342798,9.86842339672618,0.));
#10905=CARTESIAN_POINT('',(-99.1327552523797,9.63622519915615,12.));
#10906=CARTESIAN_POINT('Origin',(-101.521496342798,9.86842339672618,12.));
#10907=CARTESIAN_POINT('',(-99.1327552523797,9.63622519915615,12.));
#10908=CARTESIAN_POINT('Origin',(0.,0.,12.));
#10909=CARTESIAN_POINT('',(-76.9134939430206,63.2809169457427,0.));
#10910=CARTESIAN_POINT('Origin',(0.,0.,0.));
#10911=CARTESIAN_POINT('',(-76.9134939430206,63.2809169457427,12.));
#10912=CARTESIAN_POINT('Origin',(0.,0.,12.));
#10913=CARTESIAN_POINT('',(-76.9134939430206,63.2809169457427,12.));
#10914=CARTESIAN_POINT('Origin',(-78.7693990280197,64.807871053825,12.));
#10915=CARTESIAN_POINT('',(-77.373780918537,66.7644554821591,0.));
#10916=CARTESIAN_POINT('Origin',(-78.7693990280197,64.807871053825,0.));
#10917=CARTESIAN_POINT('',(-77.373780918537,66.7644554821591,12.));
#10918=CARTESIAN_POINT('Origin',(-78.7693990280197,64.807871053825,12.));
#10919=CARTESIAN_POINT('',(-77.373780918537,66.7644554821591,12.));
#10920=CARTESIAN_POINT('Origin',(-84.2244760081762,71.6510087998469,12.));
#10921=CARTESIAN_POINT('',(-84.2244760081762,71.6510087998469,0.));
#10922=CARTESIAN_POINT('',(-39.3763152573591,39.661126628541,1.11022302462516E-15));
#10923=CARTESIAN_POINT('',(-84.2244760081762,71.6510087998469,12.));
#10924=CARTESIAN_POINT('',(-39.3763152573591,39.661126628541,12.));
#10925=CARTESIAN_POINT('',(-84.2244760081762,71.6510087998469,12.));
#10926=CARTESIAN_POINT('Origin',(-85.6181631017773,69.6971315557421,12.));
#10927=CARTESIAN_POINT('',(-87.4794275170333,71.2122865895626,0.));
#10928=CARTESIAN_POINT('Origin',(-85.6181631017773,69.6971315557421,0.));
#10929=CARTESIAN_POINT('',(-87.4794275170333,71.2122865895626,12.));
#10930=CARTESIAN_POINT('Origin',(-85.6181631017773,69.6971315557421,12.));
#10931=CARTESIAN_POINT('',(-87.4794275170333,71.2122865895626,12.));
#10932=CARTESIAN_POINT('Origin',(0.,0.,12.));
#10933=CARTESIAN_POINT('',(-88.7143060156802,69.6678685487123,0.));
#10934=CARTESIAN_POINT('Origin',(0.,0.,0.));
#10935=CARTESIAN_POINT('',(-88.7143060156802,69.6678685487123,12.));
#10936=CARTESIAN_POINT('Origin',(0.,0.,12.));
#10937=CARTESIAN_POINT('',(-88.7143060156802,69.6678685487123,12.));
#10938=CARTESIAN_POINT('Origin',(-88.9840560844695,69.8532626346007,12.));
#10939=CARTESIAN_POINT('',(-88.9840560844695,69.8532626346007,0.));
#10940=CARTESIAN_POINT('',(-42.4623739544428,37.8797963396722,-1.11022302462516E-15));
#10941=CARTESIAN_POINT('',(-88.9840560844695,69.8532626346007,12.));
#10942=CARTESIAN_POINT('',(-42.4623739544428,37.8797963396722,12.));
#10943=CARTESIAN_POINT('',(-88.9840560844695,69.8532626346007,12.));
#10944=CARTESIAN_POINT('Origin',(-90.3434310532907,67.8753597820392,12.));
#10945=CARTESIAN_POINT('',(-92.2622295889359,69.3169603437816,0.));
#10946=CARTESIAN_POINT('Origin',(-90.3434310532907,67.8753597820392,0.));
#10947=CARTESIAN_POINT('',(-92.2622295889359,69.3169603437816,12.));
#10948=CARTESIAN_POINT('Origin',(-90.3434310532907,67.8753597820392,12.));
#10949=CARTESIAN_POINT('',(-92.2622295889359,69.3169603437816,12.));
#10950=CARTESIAN_POINT('Origin',(0.,0.,12.));
#10951=CARTESIAN_POINT('',(-114.253740900054,16.2247554793996,0.));
#10952=CARTESIAN_POINT('Origin',(0.,0.,0.));
#10953=CARTESIAN_POINT('',(-114.253740900054,16.2247554793996,12.));
#10954=CARTESIAN_POINT('Origin',(0.,0.,12.));
#10955=CARTESIAN_POINT('',(-114.253740900054,16.2247554793996,12.));
#10956=CARTESIAN_POINT('Origin',(-111.877579910798,15.8873255560845,12.));
#10957=CARTESIAN_POINT('Origin',(-111.877579910798,15.8873255560845,0.));
#10958=CARTESIAN_POINT('Origin',(-111.877579910798,15.8873255560845,12.));
#10959=CARTESIAN_POINT('Origin',(-69.6678685488352,88.7143060157868,12.));
#10960=CARTESIAN_POINT('',(-69.8532626347237,88.9840560845761,0.));
#10961=CARTESIAN_POINT('',(-69.6678685488352,88.7143060157868,0.));
#10962=CARTESIAN_POINT('',(-37.7870992968063,42.3274989200898,0.));
#10963=CARTESIAN_POINT('',(-69.8532626347237,88.9840560845761,12.));
#10964=CARTESIAN_POINT('',(-69.8532626347237,88.9840560845761,12.));
#10965=CARTESIAN_POINT('',(-69.6678685488352,88.7143060157868,12.));
#10966=CARTESIAN_POINT('',(-37.7870992968063,42.3274989200898,12.));
#10967=CARTESIAN_POINT('',(-69.6678685488352,88.7143060157868,12.));
#10968=CARTESIAN_POINT('Origin',(0.,0.,12.));
#10969=CARTESIAN_POINT('',(-71.2122865895627,87.4794275170333,0.));
#10970=CARTESIAN_POINT('Origin',(0.,0.,0.));
#10971=CARTESIAN_POINT('',(-71.2122865895627,87.4794275170333,12.));
#10972=CARTESIAN_POINT('Origin',(0.,0.,12.));
#10973=CARTESIAN_POINT('',(-71.2122865895627,87.4794275170333,12.));
#10974=CARTESIAN_POINT('Origin',(-69.6971315557422,85.6181631017772,12.));
#10975=CARTESIAN_POINT('',(-71.6510088000591,84.2244760084033,0.));
#10976=CARTESIAN_POINT('Origin',(-69.6971315557422,85.6181631017772,0.));
#10977=CARTESIAN_POINT('',(-71.6510088000591,84.2244760084033,12.));
#10978=CARTESIAN_POINT('Origin',(-69.6971315557422,85.6181631017772,12.));
#10979=CARTESIAN_POINT('',(-71.6510088000591,84.2244760084033,12.));
#10980=CARTESIAN_POINT('Origin',(-66.7623866409588,77.3708805101444,12.));
#10981=CARTESIAN_POINT('',(-66.7623866409588,77.3708805101444,0.));
#10982=CARTESIAN_POINT('',(-37.2168155488829,35.9495175084679,-1.11022302462516E-15));
#10983=CARTESIAN_POINT('',(-66.7623866409588,77.3708805101444,12.));
#10984=CARTESIAN_POINT('',(-37.2168155488829,35.9495175084679,12.));
#10985=CARTESIAN_POINT('',(-66.7623866409588,77.3708805101444,12.));
#10986=CARTESIAN_POINT('Origin',(-64.808509396753,78.7645676036431,12.));
#10987=CARTESIAN_POINT('',(-63.2836032933,76.911283660028,0.));
#10988=CARTESIAN_POINT('Origin',(-64.808509396753,78.7645676036431,0.));
#10989=CARTESIAN_POINT('',(-63.2836032933,76.911283660028,12.));
#10990=CARTESIAN_POINT('Origin',(-64.808509396753,78.7645676036431,12.));
#10991=CARTESIAN_POINT('',(-63.2836032933,76.911283660028,12.));
#10992=CARTESIAN_POINT('Origin',(0.,0.,12.));
#10993=CARTESIAN_POINT('',(-9.63968763982291,99.1324186238977,0.));
#10994=CARTESIAN_POINT('Origin',(0.,0.,0.));
#10995=CARTESIAN_POINT('',(-9.63968763982291,99.1324186238977,12.));
#10996=CARTESIAN_POINT('Origin',(0.,0.,12.));
#10997=CARTESIAN_POINT('',(-9.63968763982291,99.1324186238977,12.));
#10998=CARTESIAN_POINT('Origin',(-9.87229110627874,101.524461299125,12.));
#10999=CARTESIAN_POINT('',(-7.50192595987772,101.921124387202,0.));
#11000=CARTESIAN_POINT('Origin',(-9.87229110627874,101.524461299125,0.));
#11001=CARTESIAN_POINT('',(-7.50192595987772,101.921124387202,12.));
#11002=CARTESIAN_POINT('Origin',(-9.87229110627874,101.524461299125,12.));
#11003=CARTESIAN_POINT('',(-7.50192595987772,101.921124387202,12.));
#11004=CARTESIAN_POINT('Origin',(-8.89078392603629,110.220612328494,12.));
#11005=CARTESIAN_POINT('',(-8.89078392603629,110.220612328494,0.));
#11006=CARTESIAN_POINT('',(0.201392051921753,55.8879111251577,2.22044604925031E-15));
#11007=CARTESIAN_POINT('',(-8.89078392603629,110.220612328494,12.));
#11008=CARTESIAN_POINT('',(0.201392051921753,55.8879111251577,12.));
#11009=CARTESIAN_POINT('',(-8.89078392603629,110.220612328494,12.));
#11010=CARTESIAN_POINT('Origin',(-11.2578693696864,109.824498074319,12.));
#11011=CARTESIAN_POINT('',(-11.5026056603318,112.211987162891,0.));
#11012=CARTESIAN_POINT('Origin',(-11.2578693696864,109.824498074319,0.));
#11013=CARTESIAN_POINT('',(-11.5026056603318,112.211987162891,12.));
#11014=CARTESIAN_POINT('Origin',(-11.2578693696864,109.824498074319,12.));
#11015=CARTESIAN_POINT('',(-11.5026056603318,112.211987162891,12.));
#11016=CARTESIAN_POINT('Origin',(0.,0.,12.));
#11017=CARTESIAN_POINT('',(-13.4678650903385,111.993109653553,0.));
#11018=CARTESIAN_POINT('Origin',(0.,0.,0.));
#11019=CARTESIAN_POINT('',(-13.4678650903385,111.993109653553,12.));
#11020=CARTESIAN_POINT('Origin',(0.,0.,12.));
#11021=CARTESIAN_POINT('',(-13.4678650903385,111.993109653553,12.));
#11022=CARTESIAN_POINT('Origin',(-13.5275137778814,112.314945171743,12.));
#11023=CARTESIAN_POINT('',(-13.5275137778814,112.314945171743,0.));
#11024=CARTESIAN_POINT('',(-3.24037170671792,56.8104934302131,0.));
#11025=CARTESIAN_POINT('',(-13.5275137778814,112.314945171743,12.));
#11026=CARTESIAN_POINT('',(-3.24037170671792,56.8104934302131,12.));
#11027=CARTESIAN_POINT('',(-13.5275137778814,112.314945171743,12.));
#11028=CARTESIAN_POINT('Origin',(-15.8873255560846,111.877579910798,12.));
#11029=CARTESIAN_POINT('',(-16.2247554793997,114.253740900054,0.));
#11030=CARTESIAN_POINT('Origin',(-15.8873255560846,111.877579910798,0.));
#11031=CARTESIAN_POINT('',(-16.2247554793997,114.253740900054,12.));
#11032=CARTESIAN_POINT('Origin',(-15.8873255560846,111.877579910798,12.));
#11033=CARTESIAN_POINT('',(-16.2247554793997,114.253740900054,12.));
#11034=CARTESIAN_POINT('Origin',(0.,0.,12.));
#11035=CARTESIAN_POINT('',(-69.3169603437817,92.2622295889358,0.));
#11036=CARTESIAN_POINT('Origin',(0.,0.,0.));
#11037=CARTESIAN_POINT('',(-69.3169603437817,92.2622295889358,12.));
#11038=CARTESIAN_POINT('Origin',(0.,0.,12.));
#11039=CARTESIAN_POINT('',(-69.3169603437817,92.2622295889358,12.));
#11040=CARTESIAN_POINT('Origin',(-67.8753597820393,90.3434310532906,12.));
#11041=CARTESIAN_POINT('Origin',(-67.8753597820393,90.3434310532906,0.));
#11042=CARTESIAN_POINT('Origin',(-67.8753597820393,90.3434310532906,12.));
#11043=CARTESIAN_POINT('Origin',(13.467865090327,111.993109653716,12.));
#11044=CARTESIAN_POINT('',(13.5275137778698,112.314945171906,0.));
#11045=CARTESIAN_POINT('',(13.467865090327,111.993109653716,0.));
#11046=CARTESIAN_POINT('',(3.2105473629206,56.6495756712029,0.));
#11047=CARTESIAN_POINT('',(13.5275137778698,112.314945171906,12.));
#11048=CARTESIAN_POINT('',(13.5275137778698,112.314945171906,12.));
#11049=CARTESIAN_POINT('',(13.467865090327,111.993109653716,12.));
#11050=CARTESIAN_POINT('',(3.2105473629206,56.6495756712029,12.));
#11051=CARTESIAN_POINT('',(13.467865090327,111.993109653716,12.));
#11052=CARTESIAN_POINT('Origin',(0.,0.,12.));
#11053=CARTESIAN_POINT('',(11.5026056603317,112.211987162891,0.));
#11054=CARTESIAN_POINT('Origin',(0.,0.,0.));
#11055=CARTESIAN_POINT('',(11.5026056603317,112.211987162891,12.));
#11056=CARTESIAN_POINT('Origin',(0.,0.,12.));
#11057=CARTESIAN_POINT('',(11.5026056603317,112.211987162891,12.));
#11058=CARTESIAN_POINT('Origin',(11.2578693696863,109.824498074319,12.));
#11059=CARTESIAN_POINT('',(8.89078392604679,110.220612328804,0.));
#11060=CARTESIAN_POINT('Origin',(11.2578693696863,109.824498074319,0.));
#11061=CARTESIAN_POINT('',(8.89078392604679,110.220612328804,12.));
#11062=CARTESIAN_POINT('Origin',(11.2578693696863,109.824498074319,12.));
#11063=CARTESIAN_POINT('',(8.89078392604679,110.220612328804,12.));
#11064=CARTESIAN_POINT('Origin',(7.5013379530771,101.917610597117,12.));
#11065=CARTESIAN_POINT('',(7.5013379530771,101.917610597117,0.));
#11066=CARTESIAN_POINT('',(-0.896115038161852,51.7364102594062,0.));
#11067=CARTESIAN_POINT('',(7.5013379530771,101.917610597117,12.));
#11068=CARTESIAN_POINT('',(-0.896115038161852,51.7364102594062,12.));
#11069=CARTESIAN_POINT('',(7.5013379530771,101.917610597117,12.));
#11070=CARTESIAN_POINT('Origin',(9.86842339672618,101.521496342798,12.));
#11071=CARTESIAN_POINT('',(9.63622519915615,99.1327552523796,0.));
#11072=CARTESIAN_POINT('Origin',(9.86842339672618,101.521496342798,0.));
#11073=CARTESIAN_POINT('',(9.63622519915615,99.1327552523796,12.));
#11074=CARTESIAN_POINT('Origin',(9.86842339672618,101.521496342798,12.));
#11075=CARTESIAN_POINT('',(9.63622519915615,99.1327552523796,12.));
#11076=CARTESIAN_POINT('Origin',(0.,0.,12.));
#11077=CARTESIAN_POINT('',(63.2809169457427,76.9134939430206,0.));
#11078=CARTESIAN_POINT('Origin',(0.,0.,0.));
#11079=CARTESIAN_POINT('',(63.2809169457427,76.9134939430206,12.));
#11080=CARTESIAN_POINT('Origin',(0.,0.,12.));
#11081=CARTESIAN_POINT('',(63.2809169457427,76.9134939430206,12.));
#11082=CARTESIAN_POINT('Origin',(64.807871053825,78.7693990280197,12.));
#11083=CARTESIAN_POINT('',(66.7644554821591,77.373780918537,0.));
#11084=CARTESIAN_POINT('Origin',(64.807871053825,78.7693990280197,0.));
#11085=CARTESIAN_POINT('',(66.7644554821591,77.373780918537,12.));
#11086=CARTESIAN_POINT('Origin',(64.807871053825,78.7693990280197,12.));
#11087=CARTESIAN_POINT('',(66.7644554821591,77.373780918537,12.));
#11088=CARTESIAN_POINT('Origin',(71.6510087998469,84.2244760081762,12.));
#11089=CARTESIAN_POINT('',(71.6510087998469,84.2244760081762,0.));
#11090=CARTESIAN_POINT('',(39.661126628541,39.3763152573591,-1.11022302462516E-15));
#11091=CARTESIAN_POINT('',(71.6510087998469,84.2244760081762,12.));
#11092=CARTESIAN_POINT('',(39.661126628541,39.3763152573591,12.));
#11093=CARTESIAN_POINT('',(71.6510087998469,84.2244760081762,12.));
#11094=CARTESIAN_POINT('Origin',(69.6971315557421,85.6181631017773,12.));
#11095=CARTESIAN_POINT('',(71.2122865895626,87.4794275170333,0.));
#11096=CARTESIAN_POINT('Origin',(69.6971315557421,85.6181631017773,0.));
#11097=CARTESIAN_POINT('',(71.2122865895626,87.4794275170333,12.));
#11098=CARTESIAN_POINT('Origin',(69.6971315557421,85.6181631017773,12.));
#11099=CARTESIAN_POINT('',(71.2122865895626,87.4794275170333,12.));
#11100=CARTESIAN_POINT('Origin',(0.,0.,12.));
#11101=CARTESIAN_POINT('',(69.6678685487123,88.7143060156802,0.));
#11102=CARTESIAN_POINT('Origin',(0.,0.,0.));
#11103=CARTESIAN_POINT('',(69.6678685487123,88.7143060156802,12.));
#11104=CARTESIAN_POINT('Origin',(0.,0.,12.));
#11105=CARTESIAN_POINT('',(69.6678685487123,88.7143060156802,12.));
#11106=CARTESIAN_POINT('Origin',(69.8532626346007,88.9840560844695,12.));
#11107=CARTESIAN_POINT('',(69.8532626346007,88.9840560844695,0.));
#11108=CARTESIAN_POINT('',(37.8797963396722,42.4623739544428,0.));
#11109=CARTESIAN_POINT('',(69.8532626346007,88.9840560844695,12.));
#11110=CARTESIAN_POINT('',(37.8797963396722,42.4623739544428,12.));
#11111=CARTESIAN_POINT('',(69.8532626346007,88.9840560844695,12.));
#11112=CARTESIAN_POINT('Origin',(67.8753597820392,90.3434310532907,12.));
#11113=CARTESIAN_POINT('',(69.3169603437816,92.2622295889358,0.));
#11114=CARTESIAN_POINT('Origin',(67.8753597820392,90.3434310532907,0.));
#11115=CARTESIAN_POINT('',(69.3169603437816,92.2622295889358,12.));
#11116=CARTESIAN_POINT('Origin',(67.8753597820392,90.3434310532907,12.));
#11117=CARTESIAN_POINT('',(69.3169603437816,92.2622295889358,12.));
#11118=CARTESIAN_POINT('Origin',(0.,0.,12.));
#11119=CARTESIAN_POINT('',(16.2247554793996,114.253740900054,0.));
#11120=CARTESIAN_POINT('Origin',(0.,0.,0.));
#11121=CARTESIAN_POINT('',(16.2247554793996,114.253740900054,12.));
#11122=CARTESIAN_POINT('Origin',(0.,0.,12.));
#11123=CARTESIAN_POINT('',(16.2247554793996,114.253740900054,12.));
#11124=CARTESIAN_POINT('Origin',(15.8873255560845,111.877579910798,12.));
#11125=CARTESIAN_POINT('Origin',(15.8873255560845,111.877579910798,0.));
#11126=CARTESIAN_POINT('Origin',(15.8873255560845,111.877579910798,12.));
#11127=CARTESIAN_POINT('Origin',(-39.7241687272103,-77.9630708664822,14.));
#11128=CARTESIAN_POINT('',(-41.8241687272103,-77.9630708664822,14.));
#11129=CARTESIAN_POINT('Origin',(-39.7241687272103,-77.9630708664822,14.));
#11130=CARTESIAN_POINT('',(-41.8241687272103,-77.9630708664822,6.));
#11131=CARTESIAN_POINT('',(-41.8241687272103,-77.9630708664822,14.));
#11132=CARTESIAN_POINT('Origin',(-39.7241687272103,-77.9630708664822,6.));
#11133=CARTESIAN_POINT('Origin',(-39.7241687272103,-77.9630708664822,6.));
#11134=CARTESIAN_POINT('Origin',(77.9630708664822,39.7241687272103,14.));
#11135=CARTESIAN_POINT('',(75.8630708664822,39.7241687272103,14.));
#11136=CARTESIAN_POINT('Origin',(77.9630708664822,39.7241687272103,14.));
#11137=CARTESIAN_POINT('',(75.8630708664822,39.7241687272103,6.));
#11138=CARTESIAN_POINT('',(75.8630708664822,39.7241687272103,14.));
#11139=CARTESIAN_POINT('Origin',(77.9630708664822,39.7241687272103,6.));
#11140=CARTESIAN_POINT('Origin',(77.9630708664822,39.7241687272103,6.));
#11141=CARTESIAN_POINT('Origin',(-45.0780573006424,45.0780573006424,14.));
#11142=CARTESIAN_POINT('',(-47.1780573006424,45.0780573006424,14.));
#11143=CARTESIAN_POINT('Origin',(-45.0780573006424,45.0780573006424,14.));
#11144=CARTESIAN_POINT('',(-47.1780573006424,45.0780573006424,6.));
#11145=CARTESIAN_POINT('',(-47.1780573006424,45.0780573006424,14.));
#11146=CARTESIAN_POINT('Origin',(-45.0780573006424,45.0780573006424,6.));
#11147=CARTESIAN_POINT('Origin',(-45.0780573006424,45.0780573006424,6.));
#11148=CARTESIAN_POINT('Origin',(62.96513171294,-9.97269714631471,14.));
#11149=CARTESIAN_POINT('',(60.86513171294,-9.97269714631471,14.));
#11150=CARTESIAN_POINT('Origin',(62.96513171294,-9.97269714631471,14.));
#11151=CARTESIAN_POINT('',(60.86513171294,-9.97269714631471,6.));
#11152=CARTESIAN_POINT('',(60.86513171294,-9.97269714631471,14.));
#11153=CARTESIAN_POINT('Origin',(62.96513171294,-9.97269714631471,6.));
#11154=CARTESIAN_POINT('Origin',(62.96513171294,-9.97269714631471,6.));
#11155=CARTESIAN_POINT('Origin',(-56.8016659170084,-28.9418943583961,14.));
#11156=CARTESIAN_POINT('',(-58.9016659170084,-28.9418943583961,14.));
#11157=CARTESIAN_POINT('Origin',(-56.8016659170084,-28.9418943583961,14.));
#11158=CARTESIAN_POINT('',(-58.9016659170084,-28.9418943583961,6.));
#11159=CARTESIAN_POINT('',(-58.9016659170084,-28.9418943583961,14.));
#11160=CARTESIAN_POINT('Origin',(-56.8016659170084,-28.9418943583961,6.));
#11161=CARTESIAN_POINT('Origin',(-56.8016659170084,-28.9418943583961,6.));
#11162=CARTESIAN_POINT('Origin',(9.97269714631473,-62.96513171294,14.));
#11163=CARTESIAN_POINT('',(7.87269714631473,-62.96513171294,14.));
#11164=CARTESIAN_POINT('Origin',(9.97269714631473,-62.96513171294,14.));
#11165=CARTESIAN_POINT('',(7.87269714631473,-62.96513171294,6.));
#11166=CARTESIAN_POINT('',(7.87269714631473,-62.96513171294,14.));
#11167=CARTESIAN_POINT('Origin',(9.97269714631473,-62.96513171294,6.));
#11168=CARTESIAN_POINT('Origin',(9.97269714631473,-62.96513171294,6.));
#11169=CARTESIAN_POINT('Origin',(28.9418943583961,56.8016659170085,14.));
#11170=CARTESIAN_POINT('',(26.8418943583961,56.8016659170085,14.));
#11171=CARTESIAN_POINT('Origin',(28.9418943583961,56.8016659170085,14.));
#11172=CARTESIAN_POINT('',(26.8418943583961,56.8016659170085,6.));
#11173=CARTESIAN_POINT('',(26.8418943583961,56.8016659170085,14.));
#11174=CARTESIAN_POINT('Origin',(28.9418943583961,56.8016659170085,6.));
#11175=CARTESIAN_POINT('Origin',(28.9418943583961,56.8016659170085,6.));
#11176=CARTESIAN_POINT('Origin',(-13.6880156910202,86.4227298020745,14.));
#11177=CARTESIAN_POINT('',(-15.7880156910202,86.4227298020745,14.));
#11178=CARTESIAN_POINT('Origin',(-13.6880156910202,86.4227298020745,14.));
#11179=CARTESIAN_POINT('',(-15.7880156910202,86.4227298020745,6.));
#11180=CARTESIAN_POINT('',(-15.7880156910202,86.4227298020745,14.));
#11181=CARTESIAN_POINT('Origin',(-13.6880156910202,86.4227298020745,6.));
#11182=CARTESIAN_POINT('Origin',(-13.6880156910202,86.4227298020745,6.));
#11183=CARTESIAN_POINT('Origin',(61.8718433538229,-61.8718433538229,14.));
#11184=CARTESIAN_POINT('',(59.7718433538229,-61.8718433538229,14.));
#11185=CARTESIAN_POINT('Origin',(61.8718433538229,-61.8718433538229,14.));
#11186=CARTESIAN_POINT('',(59.7718433538229,-61.8718433538229,6.));
#11187=CARTESIAN_POINT('',(59.7718433538229,-61.8718433538229,14.));
#11188=CARTESIAN_POINT('Origin',(61.8718433538229,-61.8718433538229,6.));
#11189=CARTESIAN_POINT('Origin',(61.8718433538229,-61.8718433538229,6.));
#11190=CARTESIAN_POINT('Origin',(-86.4227298020745,13.6880156910202,14.));
#11191=CARTESIAN_POINT('',(-88.5227298020746,13.6880156910202,14.));
#11192=CARTESIAN_POINT('Origin',(-86.4227298020745,13.6880156910202,14.));
#11193=CARTESIAN_POINT('',(-88.5227298020746,13.6880156910202,6.));
#11194=CARTESIAN_POINT('',(-88.5227298020746,13.6880156910202,14.));
#11195=CARTESIAN_POINT('Origin',(-86.4227298020745,13.6880156910202,6.));
#11196=CARTESIAN_POINT('Origin',(-86.4227298020745,13.6880156910202,6.));
#11197=CARTESIAN_POINT('Origin',(107.5,-1.97474296362511E-14,12.));
#11198=CARTESIAN_POINT('',(105.35,-1.94841305744344E-14,12.));
#11199=CARTESIAN_POINT('Origin',(107.5,-1.97474296362511E-14,12.));
#11200=CARTESIAN_POINT('',(105.35,-2.00107286980678E-14,0.));
#11201=CARTESIAN_POINT('',(105.35,-1.94841305744344E-14,12.));
#11202=CARTESIAN_POINT('Origin',(107.5,-1.97474296362511E-14,0.));
#11203=CARTESIAN_POINT('Origin',(-107.5,6.58247654541702E-15,12.));
#11204=CARTESIAN_POINT('',(-109.65,6.8457756072337E-15,12.));
#11205=CARTESIAN_POINT('Origin',(-107.5,6.58247654541702E-15,12.));
#11206=CARTESIAN_POINT('',(-109.65,6.31917748360034E-15,0.));
#11207=CARTESIAN_POINT('',(-109.65,6.8457756072337E-15,12.));
#11208=CARTESIAN_POINT('Origin',(-107.5,6.58247654541702E-15,0.));
#11209=CARTESIAN_POINT('Origin',(-76.0139789775539,-76.0139789775538,12.));
#11210=CARTESIAN_POINT('',(-78.1639789775539,-76.0139789775538,12.));
#11211=CARTESIAN_POINT('Origin',(-76.0139789775539,-76.0139789775538,12.));
#11212=CARTESIAN_POINT('',(-78.1639789775539,-76.0139789775538,0.));
#11213=CARTESIAN_POINT('',(-78.1639789775539,-76.0139789775538,12.));
#11214=CARTESIAN_POINT('Origin',(-76.0139789775539,-76.0139789775538,0.));
#11215=CARTESIAN_POINT('Origin',(76.0139789775539,76.0139789775538,12.));
#11216=CARTESIAN_POINT('',(73.8639789775539,76.0139789775538,12.));
#11217=CARTESIAN_POINT('Origin',(76.0139789775539,76.0139789775538,12.));
#11218=CARTESIAN_POINT('',(73.8639789775539,76.0139789775538,0.));
#11219=CARTESIAN_POINT('',(73.8639789775539,76.0139789775538,12.));
#11220=CARTESIAN_POINT('Origin',(76.0139789775539,76.0139789775538,0.));
#11221=CARTESIAN_POINT('Origin',(76.0139789775538,-76.0139789775539,12.));
#11222=CARTESIAN_POINT('',(73.8639789775539,-76.0139789775539,12.));
#11223=CARTESIAN_POINT('Origin',(76.0139789775538,-76.0139789775539,12.));
#11224=CARTESIAN_POINT('',(73.8639789775539,-76.0139789775539,0.));
#11225=CARTESIAN_POINT('',(73.8639789775539,-76.0139789775539,12.));
#11226=CARTESIAN_POINT('Origin',(76.0139789775538,-76.0139789775539,0.));
#11227=CARTESIAN_POINT('Origin',(-76.0139789775539,76.0139789775539,12.));
#11228=CARTESIAN_POINT('',(-78.1639789775539,76.0139789775539,12.));
#11229=CARTESIAN_POINT('Origin',(-76.0139789775539,76.0139789775539,12.));
#11230=CARTESIAN_POINT('',(-78.1639789775539,76.0139789775539,0.));
#11231=CARTESIAN_POINT('',(-78.1639789775539,76.0139789775539,12.));
#11232=CARTESIAN_POINT('Origin',(-76.0139789775539,76.0139789775539,0.));
#11233=CARTESIAN_POINT('Origin',(-1.3164953090834E-14,-107.5,12.));
#11234=CARTESIAN_POINT('',(-2.15000000000001,-107.5,12.));
#11235=CARTESIAN_POINT('Origin',(-1.3164953090834E-14,-107.5,12.));
#11236=CARTESIAN_POINT('',(-2.15000000000001,-107.5,0.));
#11237=CARTESIAN_POINT('',(-2.15000000000001,-107.5,12.));
#11238=CARTESIAN_POINT('Origin',(-1.3164953090834E-14,-107.5,0.));
#11239=CARTESIAN_POINT('Origin',(0.,107.5,12.));
#11240=CARTESIAN_POINT('',(-2.15,107.5,12.));
#11241=CARTESIAN_POINT('Origin',(0.,107.5,12.));
#11242=CARTESIAN_POINT('',(-2.15,107.5,0.));
#11243=CARTESIAN_POINT('',(-2.15,107.5,12.));
#11244=CARTESIAN_POINT('Origin',(0.,107.5,0.));
#11245=CARTESIAN_POINT('Origin',(-59.450613831643,43.1933992647124,14.));
#11246=CARTESIAN_POINT('',(-60.0686478203929,45.0955122973028,2.));
#11247=CARTESIAN_POINT('Origin',(-59.450613831643,43.1933992647124,2.));
#11248=CARTESIAN_POINT('',(-60.0686478203929,45.0955122973028,0.));
#11249=CARTESIAN_POINT('',(-60.0686478203929,45.0955122973028,14.));
#11250=CARTESIAN_POINT('Origin',(-59.450613831643,43.1933992647124,0.));
#11251=CARTESIAN_POINT('Origin',(-59.4506138316431,-43.1933992647124,14.));
#11252=CARTESIAN_POINT('',(-60.068647820393,-45.0955122973029,2.));
#11253=CARTESIAN_POINT('Origin',(-59.4506138316431,-43.1933992647124,2.));
#11254=CARTESIAN_POINT('',(-60.068647820393,-45.0955122973029,0.));
#11255=CARTESIAN_POINT('',(-60.068647820393,-45.0955122973029,14.));
#11256=CARTESIAN_POINT('Origin',(-59.4506138316431,-43.1933992647124,0.));
#11257=CARTESIAN_POINT('Origin',(22.708113831643,-69.8883880999494,14.));
#11258=CARTESIAN_POINT('',(24.326147820393,-68.7128175953644,2.));
#11259=CARTESIAN_POINT('Origin',(22.708113831643,-69.8883880999494,2.));
#11260=CARTESIAN_POINT('',(24.326147820393,-68.7128175953644,0.));
#11261=CARTESIAN_POINT('',(24.326147820393,-68.7128175953644,14.));
#11262=CARTESIAN_POINT('Origin',(22.708113831643,-69.8883880999494,0.));
#11263=CARTESIAN_POINT('Origin',(73.4850000000001,-1.05818132034585E-14,
14.));
#11264=CARTESIAN_POINT('',(71.485,-1.05589284485541E-14,2.));
#11265=CARTESIAN_POINT('Origin',(73.4850000000001,-1.05818132034585E-14,
2.));
#11266=CARTESIAN_POINT('',(71.485,-1.1048787168213E-14,0.));
#11267=CARTESIAN_POINT('',(71.485,-1.05589284485541E-14,14.));
#11268=CARTESIAN_POINT('Origin',(73.4850000000001,-1.05818132034585E-14,
0.));
#11269=CARTESIAN_POINT('Origin',(22.708113831643,69.8883880999495,14.));
#11270=CARTESIAN_POINT('',(24.326147820393,68.7128175953645,2.));
#11271=CARTESIAN_POINT('Origin',(22.708113831643,69.8883880999495,2.));
#11272=CARTESIAN_POINT('',(24.326147820393,68.7128175953645,0.));
#11273=CARTESIAN_POINT('',(24.326147820393,68.7128175953645,14.));
#11274=CARTESIAN_POINT('Origin',(22.708113831643,69.8883880999495,0.));
#11275=CARTESIAN_POINT('Origin',(43.1933992647125,59.4506138316431,14.));
#11276=CARTESIAN_POINT('',(43.8114332534624,57.5485007990527,2.));
#11277=CARTESIAN_POINT('Origin',(43.1933992647125,59.4506138316431,2.));
#11278=CARTESIAN_POINT('',(43.8114332534624,57.5485007990527,0.));
#11279=CARTESIAN_POINT('',(43.8114332534624,57.5485007990527,14.));
#11280=CARTESIAN_POINT('Origin',(43.1933992647125,59.4506138316431,0.));
#11281=CARTESIAN_POINT('Origin',(69.8883880999494,-22.708113831643,14.));
#11282=CARTESIAN_POINT('',(68.2703541111995,-21.5325433270581,2.));
#11283=CARTESIAN_POINT('Origin',(69.8883880999494,-22.708113831643,2.));
#11284=CARTESIAN_POINT('',(68.2703541111995,-21.5325433270581,0.));
#11285=CARTESIAN_POINT('',(68.2703541111995,-21.5325433270581,14.));
#11286=CARTESIAN_POINT('Origin',(69.8883880999494,-22.708113831643,0.));
#11287=CARTESIAN_POINT('Origin',(-2.66453525910038E-14,-73.485,14.));
#11288=CARTESIAN_POINT('',(2.0000000000001,-73.485,2.));
#11289=CARTESIAN_POINT('Origin',(-2.66453525910038E-14,-73.485,2.));
#11290=CARTESIAN_POINT('',(2.0000000000001,-73.485,0.));
#11291=CARTESIAN_POINT('',(2.0000000000001,-73.485,14.));
#11292=CARTESIAN_POINT('Origin',(-2.66453525910038E-14,-73.485,0.));
#11293=CARTESIAN_POINT('Origin',(-69.8883880999494,-22.708113831643,14.));
#11294=CARTESIAN_POINT('',(-71.5064220886993,-23.883684336228,2.));
#11295=CARTESIAN_POINT('Origin',(-69.8883880999494,-22.708113831643,2.));
#11296=CARTESIAN_POINT('',(-71.5064220886993,-23.883684336228,0.));
#11297=CARTESIAN_POINT('',(-71.5064220886993,-23.883684336228,14.));
#11298=CARTESIAN_POINT('Origin',(-69.8883880999494,-22.708113831643,0.));
#11299=CARTESIAN_POINT('Origin',(-43.1933992647124,59.4506138316431,14.));
#11300=CARTESIAN_POINT('',(-42.5753652759625,61.3527268642335,2.));
#11301=CARTESIAN_POINT('Origin',(-43.1933992647124,59.4506138316431,2.));
#11302=CARTESIAN_POINT('',(-42.5753652759625,61.3527268642335,0.));
#11303=CARTESIAN_POINT('',(-42.5753652759625,61.3527268642335,14.));
#11304=CARTESIAN_POINT('Origin',(-43.1933992647124,59.4506138316431,0.));
#11305=CARTESIAN_POINT('Origin',(-69.8883880999494,22.708113831643,14.));
#11306=CARTESIAN_POINT('',(-71.5064220886994,23.8836843362281,2.));
#11307=CARTESIAN_POINT('Origin',(-69.8883880999494,22.708113831643,2.));
#11308=CARTESIAN_POINT('',(-71.5064220886994,23.8836843362281,0.));
#11309=CARTESIAN_POINT('',(-71.5064220886994,23.8836843362281,14.));
#11310=CARTESIAN_POINT('Origin',(-69.8883880999494,22.708113831643,0.));
#11311=CARTESIAN_POINT('Origin',(-43.1933992647124,-59.450613831643,14.));
#11312=CARTESIAN_POINT('',(-42.5753652759625,-61.3527268642336,2.));
#11313=CARTESIAN_POINT('Origin',(-43.1933992647124,-59.450613831643,2.));
#11314=CARTESIAN_POINT('',(-42.5753652759625,-61.3527268642336,0.));
#11315=CARTESIAN_POINT('',(-42.5753652759625,-61.3527268642336,14.));
#11316=CARTESIAN_POINT('Origin',(-43.1933992647124,-59.450613831643,0.));
#11317=CARTESIAN_POINT('Origin',(43.1933992647124,-59.450613831643,14.));
#11318=CARTESIAN_POINT('',(43.8114332534623,-57.5485007990526,2.));
#11319=CARTESIAN_POINT('Origin',(43.1933992647124,-59.450613831643,2.));
#11320=CARTESIAN_POINT('',(43.8114332534623,-57.5485007990526,0.));
#11321=CARTESIAN_POINT('',(43.8114332534623,-57.5485007990526,14.));
#11322=CARTESIAN_POINT('Origin',(43.1933992647124,-59.450613831643,0.));
#11323=CARTESIAN_POINT('Origin',(69.8883880999494,22.708113831643,14.));
#11324=CARTESIAN_POINT('',(68.2703541111993,21.5325433270579,2.));
#11325=CARTESIAN_POINT('Origin',(69.8883880999494,22.708113831643,2.));
#11326=CARTESIAN_POINT('',(68.2703541111993,21.5325433270579,0.));
#11327=CARTESIAN_POINT('',(68.2703541111993,21.5325433270579,14.));
#11328=CARTESIAN_POINT('Origin',(69.8883880999494,22.708113831643,0.));
#11329=CARTESIAN_POINT('Origin',(8.88178419700125E-15,73.4850000000001,
14.));
#11330=CARTESIAN_POINT('',(2.00000000000004,73.4850000000001,2.));
#11331=CARTESIAN_POINT('Origin',(8.88178419700125E-15,73.4850000000001,
2.));
#11332=CARTESIAN_POINT('',(2.00000000000004,73.4850000000001,0.));
#11333=CARTESIAN_POINT('',(2.00000000000004,73.4850000000001,14.));
#11334=CARTESIAN_POINT('Origin',(8.88178419700125E-15,73.4850000000001,
0.));
#11335=CARTESIAN_POINT('Origin',(59.4506138316431,43.1933992647125,14.));
#11336=CARTESIAN_POINT('',(58.8325798428932,41.291286232122,2.));
#11337=CARTESIAN_POINT('Origin',(59.4506138316431,43.1933992647125,2.));
#11338=CARTESIAN_POINT('',(58.8325798428932,41.291286232122,0.));
#11339=CARTESIAN_POINT('',(58.8325798428932,41.291286232122,14.));
#11340=CARTESIAN_POINT('Origin',(59.4506138316431,43.1933992647125,0.));
#11341=CARTESIAN_POINT('Origin',(59.450613831643,-43.1933992647124,14.));
#11342=CARTESIAN_POINT('',(58.8325798428931,-41.291286232122,2.));
#11343=CARTESIAN_POINT('Origin',(59.450613831643,-43.1933992647124,2.));
#11344=CARTESIAN_POINT('',(58.8325798428931,-41.291286232122,0.));
#11345=CARTESIAN_POINT('',(58.8325798428931,-41.291286232122,14.));
#11346=CARTESIAN_POINT('Origin',(59.450613831643,-43.1933992647124,0.));
#11347=CARTESIAN_POINT('Origin',(-22.708113831643,-69.8883880999494,14.));
#11348=CARTESIAN_POINT('',(-21.0900798428931,-71.0639586045344,2.));
#11349=CARTESIAN_POINT('Origin',(-22.708113831643,-69.8883880999494,2.));
#11350=CARTESIAN_POINT('',(-21.0900798428931,-71.0639586045344,0.));
#11351=CARTESIAN_POINT('',(-21.0900798428931,-71.0639586045344,14.));
#11352=CARTESIAN_POINT('Origin',(-22.708113831643,-69.8883880999494,0.));
#11353=CARTESIAN_POINT('Origin',(-73.4850000000001,1.9593701661158E-14,
14.));
#11354=CARTESIAN_POINT('',(-75.4850000000001,1.98108754453719E-14,2.));
#11355=CARTESIAN_POINT('Origin',(-73.4850000000001,1.9593701661158E-14,
2.));
#11356=CARTESIAN_POINT('',(-75.4850000000001,1.93210167257129E-14,0.));
#11357=CARTESIAN_POINT('',(-75.4850000000001,1.98108754453719E-14,14.));
#11358=CARTESIAN_POINT('Origin',(-73.4850000000001,1.9593701661158E-14,
0.));
#11359=CARTESIAN_POINT('Origin',(-22.708113831643,69.8883880999495,14.));
#11360=CARTESIAN_POINT('',(-21.0900798428931,71.0639586045344,2.));
#11361=CARTESIAN_POINT('Origin',(-22.708113831643,69.8883880999495,2.));
#11362=CARTESIAN_POINT('',(-21.0900798428931,71.0639586045344,0.));
#11363=CARTESIAN_POINT('',(-21.0900798428931,71.0639586045344,14.));
#11364=CARTESIAN_POINT('Origin',(-22.708113831643,69.8883880999495,0.));
#11365=CARTESIAN_POINT('Origin',(57.5038067670808,37.2017432120524,14.));
#11366=CARTESIAN_POINT('',(58.2408018190801,37.3408054043575,12.));
#11367=CARTESIAN_POINT('',(58.2408018190801,37.3408054043575,14.));
#11368=CARTESIAN_POINT('',(58.2408018190801,37.3408054043575,14.));
#11369=CARTESIAN_POINT('',(56.9893039510315,37.7474417114799,12.));
#11370=CARTESIAN_POINT('Origin',(57.5038067670808,37.2017432120524,12.));
#11371=CARTESIAN_POINT('',(56.9893039510315,37.7474417114799,14.));
#11372=CARTESIAN_POINT('',(56.9893039510315,37.7474417114799,14.));
#11373=CARTESIAN_POINT('Origin',(57.5038067670808,37.2017432120524,14.));
#11374=CARTESIAN_POINT('Origin',(57.5038067670808,37.2017432120524,12.));
#11375=CARTESIAN_POINT('',(59.029025638503,37.0846959603871,12.));
#11376=CARTESIAN_POINT('Origin',(-17.6113067670806,73.5914351893922,14.));
#11377=CARTESIAN_POINT('',(-18.2892869947066,73.91212633512,12.));
#11378=CARTESIAN_POINT('',(-18.2892869947066,73.91212633512,14.));
#11379=CARTESIAN_POINT('',(-18.2892869947066,73.91212633512,14.));
#11380=CARTESIAN_POINT('',(-17.5158187754046,72.8475386620137,12.));
#11381=CARTESIAN_POINT('Origin',(-17.6113067670806,73.5914351893922,12.));
#11382=CARTESIAN_POINT('',(-17.5158187754046,72.8475386620137,14.));
#11383=CARTESIAN_POINT('',(-17.5158187754046,72.8475386620137,14.));
#11384=CARTESIAN_POINT('Origin',(-17.6113067670806,73.5914351893922,14.));
#11385=CARTESIAN_POINT('Origin',(-17.6113067670806,73.5914351893922,12.));
#11386=CARTESIAN_POINT('',(-18.7764361058522,74.5826295642744,12.));
#11387=CARTESIAN_POINT('Origin',(-79.7850000000002,1.94982918699793E-14,
14.));
#11388=CARTESIAN_POINT('',(-79.4250000000002,-0.657951365983835,12.));
#11389=CARTESIAN_POINT('',(-79.4250000000002,-0.657951365983835,14.));
#11390=CARTESIAN_POINT('',(-79.4250000000002,-0.657951365983835,14.));
#11391=CARTESIAN_POINT('',(-79.4250000000002,0.657951365983874,12.));
#11392=CARTESIAN_POINT('Origin',(-79.7850000000002,1.94982918699793E-14,
12.));
#11393=CARTESIAN_POINT('',(-79.4250000000002,0.657951365983874,14.));
#11394=CARTESIAN_POINT('',(-79.4250000000002,0.657951365983874,14.));
#11395=CARTESIAN_POINT('Origin',(-79.7850000000002,1.94982918699793E-14,
14.));
#11396=CARTESIAN_POINT('Origin',(-79.7850000000002,1.95676808090184E-14,
12.));
#11397=CARTESIAN_POINT('',(-79.4250000000002,-1.48673893635174,12.));
#11398=CARTESIAN_POINT('Origin',(-17.6113067670808,-73.591435189392,14.));
#11399=CARTESIAN_POINT('',(-17.5158187754048,-72.8475386620136,12.));
#11400=CARTESIAN_POINT('',(-17.5158187754048,-72.8475386620136,14.));
#11401=CARTESIAN_POINT('',(-17.5158187754048,-72.8475386620136,14.));
#11402=CARTESIAN_POINT('',(-18.2892869947068,-73.9121263351199,12.));
#11403=CARTESIAN_POINT('Origin',(-17.6113067670808,-73.591435189392,12.));
#11404=CARTESIAN_POINT('',(-18.2892869947068,-73.9121263351199,14.));
#11405=CARTESIAN_POINT('',(-18.2892869947068,-73.9121263351199,14.));
#11406=CARTESIAN_POINT('Origin',(-17.6113067670808,-73.591435189392,14.));
#11407=CARTESIAN_POINT('Origin',(-17.6113067670808,-73.591435189392,12.));
#11408=CARTESIAN_POINT('',(-17.0286696642592,-72.1770354328592,12.));
#11409=CARTESIAN_POINT('Origin',(57.5038067670807,-37.2017432120526,14.));
#11410=CARTESIAN_POINT('',(56.9893039510314,-37.7474417114801,12.));
#11411=CARTESIAN_POINT('',(56.9893039510314,-37.7474417114801,14.));
#11412=CARTESIAN_POINT('',(56.9893039510314,-37.7474417114801,14.));
#11413=CARTESIAN_POINT('',(58.24080181908,-37.3408054043576,12.));
#11414=CARTESIAN_POINT('Origin',(57.5038067670807,-37.2017432120526,12.));
#11415=CARTESIAN_POINT('',(58.24080181908,-37.3408054043576,14.));
#11416=CARTESIAN_POINT('',(58.24080181908,-37.3408054043576,14.));
#11417=CARTESIAN_POINT('Origin',(57.5038067670807,-37.2017432120526,14.));
#11418=CARTESIAN_POINT('Origin',(57.5038067670807,-37.2017432120526,12.));
#11419=CARTESIAN_POINT('',(56.2010801316086,-38.0035511554505,12.));
#11420=CARTESIAN_POINT('Origin',(45.1402063292747,-53.4589577789831,14.));
#11421=CARTESIAN_POINT('',(44.4032112772754,-53.5980199712881,12.));
#11422=CARTESIAN_POINT('',(44.4032112772754,-53.5980199712881,14.));
#11423=CARTESIAN_POINT('',(44.4032112772754,-53.5980199712881,14.));
#11424=CARTESIAN_POINT('',(45.654709145324,-54.0046562784106,12.));
#11425=CARTESIAN_POINT('Origin',(45.1402063292747,-53.4589577789831,12.));
#11426=CARTESIAN_POINT('',(45.654709145324,-54.0046562784106,14.));
#11427=CARTESIAN_POINT('',(45.654709145324,-54.0046562784106,14.));
#11428=CARTESIAN_POINT('Origin',(45.1402063292747,-53.4589577789831,14.));
#11429=CARTESIAN_POINT('Origin',(45.1402063292747,-53.4589577789831,12.));
#11430=CARTESIAN_POINT('',(43.6149874578526,-53.3419105273177,12.));
#11431=CARTESIAN_POINT('Origin',(-41.24659220015,-65.4422698843032,14.));
#11432=CARTESIAN_POINT('',(-40.7320893841007,-64.8965713848757,12.));
#11433=CARTESIAN_POINT('',(-40.7320893841007,-64.8965713848757,14.));
#11434=CARTESIAN_POINT('',(-40.7320893841007,-64.8965713848757,14.));
#11435=CARTESIAN_POINT('',(-41.9835872521493,-65.3032076919981,12.));
#11436=CARTESIAN_POINT('Origin',(-41.24659220015,-65.4422698843032,12.));
#11437=CARTESIAN_POINT('',(-41.9835872521493,-65.3032076919981,14.));
#11438=CARTESIAN_POINT('',(-41.9835872521493,-65.3032076919981,14.));
#11439=CARTESIAN_POINT('Origin',(-41.24659220015,-65.4422698843032,14.));
#11440=CARTESIAN_POINT('Origin',(-41.24659220015,-65.4422698843032,12.));
#11441=CARTESIAN_POINT('',(-39.9438655646778,-64.6404619409052,12.));
#11442=CARTESIAN_POINT('Origin',(-74.9851951645119,26.4111609210858,14.));
#11443=CARTESIAN_POINT('',(-75.0806831561879,25.6672643937074,12.));
#11444=CARTESIAN_POINT('',(-75.0806831561879,25.6672643937074,14.));
#11445=CARTESIAN_POINT('',(-75.0806831561879,25.6672643937074,14.));
#11446=CARTESIAN_POINT('',(-74.3072149368859,26.7318520668137,12.));
#11447=CARTESIAN_POINT('Origin',(-74.9851951645119,26.4111609210858,12.));
#11448=CARTESIAN_POINT('',(-74.3072149368859,26.7318520668137,14.));
#11449=CARTESIAN_POINT('',(-74.3072149368859,26.7318520668137,14.));
#11450=CARTESIAN_POINT('Origin',(-74.9851951645119,26.4111609210858,14.));
#11451=CARTESIAN_POINT('Origin',(-74.9851951645119,26.4111609210858,12.));
#11452=CARTESIAN_POINT('',(-75.5678322673335,24.996761164553,12.));
#11453=CARTESIAN_POINT('Origin',(6.30000000000011,73.4850000000001,14.));
#11454=CARTESIAN_POINT('',(5.94000000000011,74.142951365984,12.));
#11455=CARTESIAN_POINT('',(5.94000000000011,74.142951365984,14.));
#11456=CARTESIAN_POINT('',(5.94000000000011,74.142951365984,14.));
#11457=CARTESIAN_POINT('',(5.94000000000011,72.8270486340163,12.));
#11458=CARTESIAN_POINT('Origin',(6.30000000000011,73.4850000000001,12.));
#11459=CARTESIAN_POINT('',(5.94000000000011,72.8270486340163,14.));
#11460=CARTESIAN_POINT('',(5.94000000000011,72.8270486340163,14.));
#11461=CARTESIAN_POINT('Origin',(6.30000000000011,73.4850000000001,14.));
#11462=CARTESIAN_POINT('Origin',(6.30000000000011,73.4850000000001,12.));
#11463=CARTESIAN_POINT('',(5.94000000000011,74.9717389363519,12.));
#11464=CARTESIAN_POINT('Origin',(64.7915810353867,19.0050667422,14.));
#11465=CARTESIAN_POINT('',(65.4695612630127,18.6843755964721,12.));
#11466=CARTESIAN_POINT('',(65.4695612630127,18.6843755964721,14.));
#11467=CARTESIAN_POINT('',(65.4695612630127,18.6843755964721,14.));
#11468=CARTESIAN_POINT('',(64.6960930437106,19.7489632695785,12.));
#11469=CARTESIAN_POINT('Origin',(64.7915810353867,19.0050667422,12.));
#11470=CARTESIAN_POINT('',(64.6960930437106,19.7489632695785,14.));
#11471=CARTESIAN_POINT('',(64.6960930437106,19.7489632695785,14.));
#11472=CARTESIAN_POINT('Origin',(64.7915810353867,19.0050667422,14.));
#11473=CARTESIAN_POINT('Origin',(64.7915810353867,19.0050667422,12.));
#11474=CARTESIAN_POINT('',(65.9567103741583,18.0138723673177,12.));
#11475=CARTESIAN_POINT('Origin',(45.1402063292747,53.4589577789834,14.));
#11476=CARTESIAN_POINT('',(45.654709145324,54.0046562784109,12.));
#11477=CARTESIAN_POINT('',(45.654709145324,54.0046562784109,14.));
#11478=CARTESIAN_POINT('',(45.654709145324,54.0046562784109,14.));
#11479=CARTESIAN_POINT('',(44.4032112772755,53.5980199712885,12.));
#11480=CARTESIAN_POINT('Origin',(45.1402063292747,53.4589577789834,12.));
#11481=CARTESIAN_POINT('',(44.4032112772755,53.5980199712885,14.));
#11482=CARTESIAN_POINT('',(44.4032112772755,53.5980199712885,14.));
#11483=CARTESIAN_POINT('Origin',(45.1402063292747,53.4589577789834,14.));
#11484=CARTESIAN_POINT('Origin',(45.1402063292747,53.4589577789834,12.));
#11485=CARTESIAN_POINT('',(46.4429329647468,54.2607657223813,12.));
#11486=CARTESIAN_POINT('Origin',(-41.2465922001502,65.4422698843028,14.));
#11487=CARTESIAN_POINT('',(-41.9835872521494,65.3032076919978,12.));
#11488=CARTESIAN_POINT('',(-41.9835872521494,65.3032076919978,14.));
#11489=CARTESIAN_POINT('',(-41.9835872521494,65.3032076919978,14.));
#11490=CARTESIAN_POINT('',(-40.7320893841009,64.8965713848753,12.));
#11491=CARTESIAN_POINT('Origin',(-41.2465922001502,65.4422698843028,12.));
#11492=CARTESIAN_POINT('',(-40.7320893841009,64.8965713848753,14.));
#11493=CARTESIAN_POINT('',(-40.7320893841009,64.8965713848753,14.));
#11494=CARTESIAN_POINT('Origin',(-41.2465922001502,65.4422698843028,14.));
#11495=CARTESIAN_POINT('Origin',(-41.2465922001502,65.4422698843028,12.));
#11496=CARTESIAN_POINT('',(-42.7718110715723,65.5593171359682,12.));
#11497=CARTESIAN_POINT('Origin',(-74.9851951645116,-26.4111609210856,14.));
#11498=CARTESIAN_POINT('',(-74.3072149368856,-26.7318520668135,12.));
#11499=CARTESIAN_POINT('',(-74.3072149368856,-26.7318520668135,14.));
#11500=CARTESIAN_POINT('',(-74.3072149368856,-26.7318520668135,14.));
#11501=CARTESIAN_POINT('',(-75.0806831561876,-25.6672643937072,12.));
#11502=CARTESIAN_POINT('Origin',(-74.9851951645116,-26.4111609210856,12.));
#11503=CARTESIAN_POINT('',(-75.0806831561876,-25.6672643937072,14.));
#11504=CARTESIAN_POINT('',(-75.0806831561876,-25.6672643937072,14.));
#11505=CARTESIAN_POINT('Origin',(-74.9851951645116,-26.4111609210856,14.));
#11506=CARTESIAN_POINT('Origin',(-74.9851951645116,-26.4111609210856,12.));
#11507=CARTESIAN_POINT('',(-73.8200658257401,-27.4023552959678,12.));
#11508=CARTESIAN_POINT('Origin',(6.30000000000035,-73.485,14.));
#11509=CARTESIAN_POINT('',(5.94000000000034,-72.8270486340161,12.));
#11510=CARTESIAN_POINT('',(5.94000000000034,-72.8270486340161,14.));
#11511=CARTESIAN_POINT('',(5.94000000000034,-72.8270486340161,14.));
#11512=CARTESIAN_POINT('',(5.94000000000034,-74.1429513659839,12.));
#11513=CARTESIAN_POINT('Origin',(6.30000000000035,-73.485,12.));
#11514=CARTESIAN_POINT('',(5.94000000000034,-74.1429513659839,14.));
#11515=CARTESIAN_POINT('',(5.94000000000034,-74.1429513659839,14.));
#11516=CARTESIAN_POINT('Origin',(6.30000000000035,-73.485,14.));
#11517=CARTESIAN_POINT('Origin',(6.30000000000035,-73.485,12.));
#11518=CARTESIAN_POINT('',(5.94000000000034,-71.9982610636482,12.));
#11519=CARTESIAN_POINT('Origin',(64.7915810353872,-19.0050667422004,14.));
#11520=CARTESIAN_POINT('',(64.6960930437112,-19.7489632695789,12.));
#11521=CARTESIAN_POINT('',(64.6960930437112,-19.7489632695789,14.));
#11522=CARTESIAN_POINT('',(64.6960930437112,-19.7489632695789,14.));
#11523=CARTESIAN_POINT('',(65.4695612630131,-18.6843755964726,12.));
#11524=CARTESIAN_POINT('Origin',(64.7915810353872,-19.0050667422004,12.));
#11525=CARTESIAN_POINT('',(65.4695612630131,-18.6843755964726,14.));
#11526=CARTESIAN_POINT('',(65.4695612630131,-18.6843755964726,14.));
#11527=CARTESIAN_POINT('Origin',(64.7915810353872,-19.0050667422004,14.));
#11528=CARTESIAN_POINT('Origin',(64.7915810353872,-19.0050667422004,12.));
#11529=CARTESIAN_POINT('',(64.2089439325656,-20.4194664987332,12.));
#11530=CARTESIAN_POINT('Origin',(27.8049208962054,-66.1853410105067,14.));
#11531=CARTESIAN_POINT('',(27.1269406685794,-65.8646498647788,12.));
#11532=CARTESIAN_POINT('',(27.1269406685794,-65.8646498647788,14.));
#11533=CARTESIAN_POINT('',(27.1269406685794,-65.8646498647788,14.));
#11534=CARTESIAN_POINT('',(27.9004088878814,-66.9292375378851,12.));
#11535=CARTESIAN_POINT('Origin',(27.8049208962054,-66.1853410105067,12.));
#11536=CARTESIAN_POINT('',(27.9004088878814,-66.9292375378851,14.));
#11537=CARTESIAN_POINT('',(27.9004088878814,-66.9292375378851,14.));
#11538=CARTESIAN_POINT('Origin',(27.8049208962054,-66.1853410105067,14.));
#11539=CARTESIAN_POINT('Origin',(27.8049208962054,-66.1853410105067,12.));
#11540=CARTESIAN_POINT('',(26.6397915574338,-65.1941466356244,12.));
#11541=CARTESIAN_POINT('Origin',(-61.3974208962054,-49.1850553173725,14.));
#11542=CARTESIAN_POINT('',(-60.6604258442062,-49.0459931250675,12.));
#11543=CARTESIAN_POINT('',(-60.6604258442062,-49.0459931250675,14.));
#11544=CARTESIAN_POINT('',(-60.6604258442062,-49.0459931250675,14.));
#11545=CARTESIAN_POINT('',(-61.9119237122548,-48.639356817945,12.));
#11546=CARTESIAN_POINT('Origin',(-61.3974208962054,-49.1850553173725,12.));
#11547=CARTESIAN_POINT('',(-61.9119237122548,-48.639356817945,14.));
#11548=CARTESIAN_POINT('',(-61.9119237122548,-48.639356817945,14.));
#11549=CARTESIAN_POINT('Origin',(-61.3974208962054,-49.1850553173725,14.));
#11550=CARTESIAN_POINT('Origin',(-61.3974208962054,-49.1850553173725,12.));
#11551=CARTESIAN_POINT('',(-59.8722020247833,-49.3021025690379,12.));
#11552=CARTESIAN_POINT('Origin',(-61.3974208962052,49.185055317372,14.));
#11553=CARTESIAN_POINT('',(-61.9119237122545,48.6393568179445,12.));
#11554=CARTESIAN_POINT('',(-61.9119237122545,48.6393568179445,14.));
#11555=CARTESIAN_POINT('',(-61.9119237122545,48.6393568179445,14.));
#11556=CARTESIAN_POINT('',(-60.660425844206,49.0459931250669,12.));
#11557=CARTESIAN_POINT('Origin',(-61.3974208962052,49.185055317372,12.));
#11558=CARTESIAN_POINT('',(-60.660425844206,49.0459931250669,14.));
#11559=CARTESIAN_POINT('',(-60.660425844206,49.0459931250669,14.));
#11560=CARTESIAN_POINT('Origin',(-61.3974208962052,49.185055317372,14.));
#11561=CARTESIAN_POINT('Origin',(-61.3974208962052,49.185055317372,12.));
#11562=CARTESIAN_POINT('',(-62.7001475316773,48.3832473739741,12.));
#11563=CARTESIAN_POINT('Origin',(27.8049208962053,66.1853410105068,14.));
#11564=CARTESIAN_POINT('',(27.9004088878813,66.9292375378852,12.));
#11565=CARTESIAN_POINT('',(27.9004088878813,66.9292375378852,14.));
#11566=CARTESIAN_POINT('',(27.9004088878813,66.9292375378852,14.));
#11567=CARTESIAN_POINT('',(27.1269406685793,65.8646498647789,12.));
#11568=CARTESIAN_POINT('Origin',(27.8049208962053,66.1853410105068,12.));
#11569=CARTESIAN_POINT('',(27.1269406685793,65.8646498647789,14.));
#11570=CARTESIAN_POINT('',(27.1269406685793,65.8646498647789,14.));
#11571=CARTESIAN_POINT('Origin',(27.8049208962053,66.1853410105068,14.));
#11572=CARTESIAN_POINT('Origin',(27.8049208962053,66.1853410105068,12.));
#11573=CARTESIAN_POINT('',(28.3875579990269,67.5997407670396,12.));
#11574=CARTESIAN_POINT('Origin',(67.1849999999999,-1.12843762112291E-14,
14.));
#11575=CARTESIAN_POINT('',(67.5449999999999,-0.65795136598387,12.));
#11576=CARTESIAN_POINT('',(67.5449999999999,-0.65795136598387,14.));
#11577=CARTESIAN_POINT('',(67.5449999999999,-0.65795136598387,14.));
#11578=CARTESIAN_POINT('',(67.5449999999999,0.657951365983848,12.));
#11579=CARTESIAN_POINT('Origin',(67.1849999999999,-1.12843762112291E-14,
12.));
#11580=CARTESIAN_POINT('',(67.5449999999999,0.657951365983848,14.));
#11581=CARTESIAN_POINT('',(67.5449999999999,0.657951365983848,14.));
#11582=CARTESIAN_POINT('Origin',(67.1849999999999,-1.12843762112291E-14,
14.));
#11583=CARTESIAN_POINT('Origin',(67.1849999999999,-1.12410081243297E-14,
12.));
#11584=CARTESIAN_POINT('',(67.5449999999999,-1.48673893635178,12.));
#11585=CARTESIAN_POINT('Origin',(0.,0.,14.));
#11586=CARTESIAN_POINT('',(-95.,-1.16341445918999E-14,14.));
#11587=CARTESIAN_POINT('Origin',(0.,0.,14.));
#11588=CARTESIAN_POINT('',(54.7871073781615,38.462978752982,14.));
#11589=CARTESIAN_POINT('',(38.4893437226814,43.7584431691963,14.));
#11590=CARTESIAN_POINT('',(52.8824829297861,42.2010147044055,14.));
#11591=CARTESIAN_POINT('Origin',(53.7462610488391,40.2868863489794,14.));
#11592=CARTESIAN_POINT('',(54.7201933199127,47.8569057181941,14.));
#11593=CARTESIAN_POINT('',(44.1562855273178,15.3445406166872,14.));
#11594=CARTESIAN_POINT('',(58.4582292713362,49.7615301665695,14.));
#11595=CARTESIAN_POINT('Origin',(56.5441009159101,48.8977520475165,14.));
#11596=CARTESIAN_POINT('',(64.1141202851248,47.9238197764429,14.));
#11597=CARTESIAN_POINT('',(39.3325201089618,55.9758497778471,14.));
#11598=CARTESIAN_POINT('',(66.0187447335002,44.1857838250194,14.));
#11599=CARTESIAN_POINT('Origin',(65.1549666144472,46.0999121804455,14.));
#11600=CARTESIAN_POINT('',(64.1810343433736,38.5298928112308,14.));
#11601=CARTESIAN_POINT('',(56.3736921359685,14.5013642304068,14.));
#11602=CARTESIAN_POINT('',(60.4429983919501,36.6252683628554,14.));
#11603=CARTESIAN_POINT('Origin',(62.3571267473762,37.4890464819084,14.));
#11604=CARTESIAN_POINT('',(38.4893437226814,43.7584431691963,14.));
#11605=CARTESIAN_POINT('',(-16.1547864434625,70.9742383671518,14.));
#11606=CARTESIAN_POINT('',(1.76324580996932,46.312182723109,14.));
#11607=CARTESIAN_POINT('',(-16.8110753016105,66.8305935949552,14.));
#11608=CARTESIAN_POINT('Origin',(-16.3847900609793,68.8868720035421,14.));
#11609=CARTESIAN_POINT('',(-21.6222635644406,63.3350607117689,14.));
#11610=CARTESIAN_POINT('',(-27.1994973673181,59.2829631653494,14.));
#11611=CARTESIAN_POINT('',(-25.7659083366373,63.9913495699169,14.));
#11612=CARTESIAN_POINT('Origin',(-23.7096299280504,63.5650643292858,14.));
#11613=CARTESIAN_POINT('',(-29.2614412198236,68.8025378327471,14.));
#11614=CARTESIAN_POINT('',(-6.1001096416123,36.923699794459,14.));
#11615=CARTESIAN_POINT('',(-28.6051523616755,72.9461826049437,14.));
#11616=CARTESIAN_POINT('Origin',(-29.0314376023067,70.8899041963569,14.));
#11617=CARTESIAN_POINT('',(-23.7939640988454,76.44171548813,14.));
#11618=CARTESIAN_POINT('',(-36.587980295968,67.146318616931,14.));
#11619=CARTESIAN_POINT('',(-19.6503193266488,75.785426629982,14.));
#11620=CARTESIAN_POINT('Origin',(-21.7065977352356,76.2117118706131,14.));
#11621=CARTESIAN_POINT('',(1.76324580996932,46.312182723109,14.));
#11622=CARTESIAN_POINT('',(-79.4250000000002,2.97347787270352,14.));
#11623=CARTESIAN_POINT('',(-79.4250000000002,-1.48673893635175,14.));
#11624=CARTESIAN_POINT('',(-76.4584778727036,5.94000000000014,14.));
#11625=CARTESIAN_POINT('Origin',(-78.0120000000002,4.52700000000011,14.));
#11626=CARTESIAN_POINT('',(-70.5115221272966,5.94000000000014,14.));
#11627=CARTESIAN_POINT('',(-38.2292389363518,5.94000000000015,14.));
#11628=CARTESIAN_POINT('',(-67.5449999999999,2.97347787270354,14.));
#11629=CARTESIAN_POINT('Origin',(-68.958,4.52700000000011,14.));
#11630=CARTESIAN_POINT('',(-67.5449999999999,-2.97347787270352,14.));
#11631=CARTESIAN_POINT('',(-67.5449999999999,1.48673893635177,14.));
#11632=CARTESIAN_POINT('',(-70.5115221272966,-5.94000000000011,14.));
#11633=CARTESIAN_POINT('Origin',(-68.958,-4.52700000000008,14.));
#11634=CARTESIAN_POINT('',(-76.4584778727036,-5.94000000000011,14.));
#11635=CARTESIAN_POINT('',(-35.2557610636483,-5.9400000000001,14.));
#11636=CARTESIAN_POINT('',(-79.4250000000002,-2.9734778727035,14.));
#11637=CARTESIAN_POINT('Origin',(-78.0120000000002,-4.52700000000008,14.));
#11638=CARTESIAN_POINT('',(-79.4250000000002,-1.48673893635175,14.));
#11639=CARTESIAN_POINT('',(-19.6503193266489,-75.7854266299818,14.));
#11640=CARTESIAN_POINT('',(3.51101225156232,-43.9065885916938,14.));
#11641=CARTESIAN_POINT('',(-23.7939640988454,-76.4417154881298,14.));
#11642=CARTESIAN_POINT('Origin',(-21.7065977352356,-76.2117118706129,14.));
#11643=CARTESIAN_POINT('',(-28.6051523616754,-72.9461826049436,14.));
#11644=CARTESIAN_POINT('',(-34.1823861645529,-68.894085058524,14.));
#11645=CARTESIAN_POINT('',(-29.2614412198234,-68.802537832747,14.));
#11646=CARTESIAN_POINT('Origin',(-29.0314376023065,-70.8899041963568,14.));
#11647=CARTESIAN_POINT('',(-25.7659083366372,-63.991349569917,14.));
#11648=CARTESIAN_POINT('',(-7.84787608320535,-39.3292939258741,14.));
#11649=CARTESIAN_POINT('',(-21.6222635644407,-63.335060711769,14.));
#11650=CARTESIAN_POINT('Origin',(-23.7096299280504,-63.5650643292859,14.));
#11651=CARTESIAN_POINT('',(-16.8110753016107,-66.8305935949552,14.));
#11652=CARTESIAN_POINT('',(-29.6050914987332,-57.5351967237563,14.));
#11653=CARTESIAN_POINT('',(-16.1547864434626,-70.9742383671517,14.));
#11654=CARTESIAN_POINT('Origin',(-16.3847900609795,-68.886872003542,14.));
#11655=CARTESIAN_POINT('',(3.51101225156232,-43.9065885916938,14.));
#11656=CARTESIAN_POINT('',(60.4429983919499,-36.6252683628556,14.));
#11657=CARTESIAN_POINT('',(35.6613982157871,-44.6772983642597,14.));
#11658=CARTESIAN_POINT('',(64.1810343433733,-38.5298928112309,14.));
#11659=CARTESIAN_POINT('Origin',(62.357126747376,-37.4890464819085,14.));
#11660=CARTESIAN_POINT('',(66.0187447334998,-44.1857838250193,14.));
#11661=CARTESIAN_POINT('',(55.4548369409049,-11.6734187235125,14.));
#11662=CARTESIAN_POINT('',(64.1141202851245,-47.9238197764427,14.));
#11663=CARTESIAN_POINT('Origin',(65.1549666144469,-46.0999121804453,14.));
#11664=CARTESIAN_POINT('',(58.4582292713361,-49.7615301665692,14.));
#11665=CARTESIAN_POINT('',(42.1604656158559,-55.0569945827836,14.));
#11666=CARTESIAN_POINT('',(54.7201933199127,-47.8569057181939,14.));
#11667=CARTESIAN_POINT('Origin',(56.5441009159101,-48.8977520475163,14.));
#11668=CARTESIAN_POINT('',(52.8824829297862,-42.2010147044055,14.));
#11669=CARTESIAN_POINT('',(45.0751407223811,-18.1724861235814,14.));
#11670=CARTESIAN_POINT('',(54.7871073781615,-38.4629787529821,14.));
#11671=CARTESIAN_POINT('Origin',(53.7462610488391,-40.2868863489795,14.));
#11672=CARTESIAN_POINT('',(35.6613982157871,-44.6772983642597,14.));
#11673=CARTESIAN_POINT('',(47.856905718194,-54.7201933199126,14.));
#11674=CARTESIAN_POINT('',(15.3445406166871,-44.1562855273177,14.));
#11675=CARTESIAN_POINT('',(49.7615301665694,-58.4582292713361,14.));
#11676=CARTESIAN_POINT('Origin',(48.8977520475164,-56.54410091591,14.));
#11677=CARTESIAN_POINT('',(47.9238197764428,-64.1141202851247,14.));
#11678=CARTESIAN_POINT('',(55.975849777847,-39.3325201089617,14.));
#11679=CARTESIAN_POINT('',(44.1857838250193,-66.0187447335,14.));
#11680=CARTESIAN_POINT('Origin',(46.0999121804454,-65.1549666144471,14.));
#11681=CARTESIAN_POINT('',(38.5298928112307,-64.1810343433734,14.));
#11682=CARTESIAN_POINT('',(14.5013642304067,-56.3736921359684,14.));
#11683=CARTESIAN_POINT('',(36.6252683628554,-60.44299839195,14.));
#11684=CARTESIAN_POINT('Origin',(37.4890464819083,-62.3571267473761,14.));
#11685=CARTESIAN_POINT('',(38.462978752982,-54.7871073781614,14.));
#11686=CARTESIAN_POINT('',(43.7584431691963,-38.4893437226813,14.));
#11687=CARTESIAN_POINT('',(42.2010147044054,-52.882482929786,14.));
#11688=CARTESIAN_POINT('Origin',(40.2868863489794,-53.746261048839,14.));
#11689=CARTESIAN_POINT('',(15.3445406166871,-44.1562855273177,14.));
#11690=CARTESIAN_POINT('',(-44.1857838250194,-66.0187447335002,14.));
#11691=CARTESIAN_POINT('',(-11.6734187235124,-55.4548369409052,14.));
#11692=CARTESIAN_POINT('',(-47.923819776443,-64.1141202851248,14.));
#11693=CARTESIAN_POINT('Origin',(-46.0999121804455,-65.1549666144472,14.));
#11694=CARTESIAN_POINT('',(-49.7615301665696,-58.458229271336,14.));
#11695=CARTESIAN_POINT('',(-55.0569945827839,-42.1604656158561,14.));
#11696=CARTESIAN_POINT('',(-47.8569057181942,-54.7201933199125,14.));
#11697=CARTESIAN_POINT('Origin',(-48.8977520475166,-56.5441009159099,14.));
#11698=CARTESIAN_POINT('',(-42.2010147044054,-52.8824829297858,14.));
#11699=CARTESIAN_POINT('',(-18.1724861235816,-45.0751407223808,14.));
#11700=CARTESIAN_POINT('',(-38.4629787529819,-54.7871073781613,14.));
#11701=CARTESIAN_POINT('Origin',(-40.2868863489793,-53.7462610488388,14.));
#11702=CARTESIAN_POINT('',(-36.6252683628552,-60.44299839195,14.));
#11703=CARTESIAN_POINT('',(-44.6772983642595,-35.6613982157869,14.));
#11704=CARTESIAN_POINT('',(-38.5298928112307,-64.1810343433735,14.));
#11705=CARTESIAN_POINT('Origin',(-37.4890464819082,-62.3571267473761,14.));
#11706=CARTESIAN_POINT('',(-11.6734187235124,-55.4548369409052,14.));
#11707=CARTESIAN_POINT('',(-72.9461826049437,28.6051523616756,14.));
#11708=CARTESIAN_POINT('',(-68.8940850585242,34.182386164553,14.));
#11709=CARTESIAN_POINT('',(-68.802537832747,29.2614412198237,14.));
#11710=CARTESIAN_POINT('Origin',(-70.8899041963568,29.0314376023068,14.));
#11711=CARTESIAN_POINT('',(-63.9913495699168,25.7659083366373,14.));
#11712=CARTESIAN_POINT('',(-39.329293925874,7.84787608320557,14.));
#11713=CARTESIAN_POINT('',(-63.3350607117688,21.6222635644407,14.));
#11714=CARTESIAN_POINT('Origin',(-63.5650643292857,23.7096299280505,14.));
#11715=CARTESIAN_POINT('',(-66.8305935949551,16.8110753016104,14.));
#11716=CARTESIAN_POINT('',(-57.5351967237561,29.6050914987331,14.));
#11717=CARTESIAN_POINT('',(-70.9742383671518,16.1547864434624,14.));
#11718=CARTESIAN_POINT('Origin',(-68.886872003542,16.3847900609793,14.));
#11719=CARTESIAN_POINT('',(-75.785426629982,19.6503193266488,14.));
#11720=CARTESIAN_POINT('',(-43.9065885916939,-3.51101225156252,14.));
#11721=CARTESIAN_POINT('',(-76.4417154881301,23.7939640988454,14.));
#11722=CARTESIAN_POINT('Origin',(-76.2117118706132,21.7065977352356,14.));
#11723=CARTESIAN_POINT('',(-68.8940850585242,34.182386164553,14.));
#11724=CARTESIAN_POINT('',(5.94000000000011,70.5115221272966,14.));
#11725=CARTESIAN_POINT('',(5.94000000000011,38.2292389363518,14.));
#11726=CARTESIAN_POINT('',(2.97347787270351,67.545,14.));
#11727=CARTESIAN_POINT('Origin',(4.52700000000009,68.9580000000001,14.));
#11728=CARTESIAN_POINT('',(-2.9734778727035,67.545,14.));
#11729=CARTESIAN_POINT('',(1.48673893635175,67.545,14.));
#11730=CARTESIAN_POINT('',(-5.9400000000001,70.5115221272966,14.));
#11731=CARTESIAN_POINT('Origin',(-4.52700000000007,68.9580000000001,14.));
#11732=CARTESIAN_POINT('',(-5.9400000000001,76.4584778727036,14.));
#11733=CARTESIAN_POINT('',(-5.9400000000001,35.2557610636483,14.));
#11734=CARTESIAN_POINT('',(-2.9734778727035,79.4250000000002,14.));
#11735=CARTESIAN_POINT('Origin',(-4.52700000000007,78.0120000000002,14.));
#11736=CARTESIAN_POINT('',(2.97347787270351,79.4250000000003,14.));
#11737=CARTESIAN_POINT('',(-1.48673893635177,79.4250000000002,14.));
#11738=CARTESIAN_POINT('',(5.94000000000011,76.4584778727036,14.));
#11739=CARTESIAN_POINT('Origin',(4.52700000000008,78.0120000000002,14.));
#11740=CARTESIAN_POINT('',(5.94000000000011,38.2292389363518,14.));
#11741=CARTESIAN_POINT('',(63.3350607117684,21.6222635644405,14.));
#11742=CARTESIAN_POINT('',(59.282963165349,27.1994973673177,14.));
#11743=CARTESIAN_POINT('',(63.9913495699165,25.7659083366374,14.));
#11744=CARTESIAN_POINT('Origin',(63.5650643292853,23.7096299280505,14.));
#11745=CARTESIAN_POINT('',(68.8025378327469,29.261441219824,14.));
#11746=CARTESIAN_POINT('',(36.9236997944586,6.10010964161256,14.));
#11747=CARTESIAN_POINT('',(72.9461826049438,28.6051523616759,14.));
#11748=CARTESIAN_POINT('Origin',(70.8899041963569,29.0314376023071,14.));
#11749=CARTESIAN_POINT('',(76.4417154881304,23.7939640988455,14.));
#11750=CARTESIAN_POINT('',(67.1463186169312,36.5879802959683,14.));
#11751=CARTESIAN_POINT('',(75.7854266299823,19.6503193266486,14.));
#11752=CARTESIAN_POINT('Origin',(76.2117118706135,21.7065977352355,14.));
#11753=CARTESIAN_POINT('',(70.9742383671518,16.154786443462,14.));
#11754=CARTESIAN_POINT('',(46.3121827231093,-1.76324580996961,14.));
#11755=CARTESIAN_POINT('',(66.8305935949549,16.8110753016101,14.));
#11756=CARTESIAN_POINT('Origin',(68.8868720035419,16.3847900609789,14.));
#11757=CARTESIAN_POINT('',(59.282963165349,27.1994973673177,14.));
#11758=CARTESIAN_POINT('',(42.2010147044056,52.8824829297865,14.));
#11759=CARTESIAN_POINT('',(18.1724861235813,45.0751407223813,14.));
#11760=CARTESIAN_POINT('',(38.4629787529824,54.7871073781617,14.));
#11761=CARTESIAN_POINT('Origin',(40.2868863489796,53.7462610488394,14.));
#11762=CARTESIAN_POINT('',(36.6252683628558,60.44299839195,14.));
#11763=CARTESIAN_POINT('',(44.67729836426,35.6613982157872,14.));
#11764=CARTESIAN_POINT('',(38.5298928112311,64.1810343433732,14.));
#11765=CARTESIAN_POINT('Origin',(37.4890464819088,62.357126747376,14.));
#11766=CARTESIAN_POINT('',(44.1857838250194,66.0187447334998,14.));
#11767=CARTESIAN_POINT('',(11.6734187235127,55.4548369409049,14.));
#11768=CARTESIAN_POINT('',(47.9238197764426,64.1141202851245,14.));
#11769=CARTESIAN_POINT('Origin',(46.0999121804454,65.1549666144468,14.));
#11770=CARTESIAN_POINT('',(49.7615301665691,58.4582292713362,14.));
#11771=CARTESIAN_POINT('',(55.0569945827835,42.1604656158559,14.));
#11772=CARTESIAN_POINT('',(47.8569057181939,54.720193319913,14.));
#11773=CARTESIAN_POINT('Origin',(48.8977520475162,56.5441009159102,14.));
#11774=CARTESIAN_POINT('',(18.1724861235813,45.0751407223813,14.));
#11775=CARTESIAN_POINT('',(-38.5298928112309,64.1810343433733,14.));
#11776=CARTESIAN_POINT('',(-14.5013642304068,56.3736921359682,14.));
#11777=CARTESIAN_POINT('',(-36.6252683628557,60.44299839195,14.));
#11778=CARTESIAN_POINT('Origin',(-37.4890464819086,62.357126747376,14.));
#11779=CARTESIAN_POINT('',(-38.4629787529822,54.7871073781616,14.));
#11780=CARTESIAN_POINT('',(-43.7584431691965,38.4893437226814,14.));
#11781=CARTESIAN_POINT('',(-42.2010147044055,52.8824829297863,14.));
#11782=CARTESIAN_POINT('Origin',(-40.2868863489795,53.7462610488393,14.));
#11783=CARTESIAN_POINT('',(-47.8569057181939,54.7201933199129,14.));
#11784=CARTESIAN_POINT('',(-15.3445406166871,44.1562855273179,14.));
#11785=CARTESIAN_POINT('',(-49.7615301665692,58.4582292713361,14.));
#11786=CARTESIAN_POINT('Origin',(-48.8977520475163,56.5441009159102,14.));
#11787=CARTESIAN_POINT('',(-47.9238197764426,64.1141202851246,14.));
#11788=CARTESIAN_POINT('',(-55.9758497778468,39.3325201089617,14.));
#11789=CARTESIAN_POINT('',(-44.1857838250194,66.0187447334999,14.));
#11790=CARTESIAN_POINT('Origin',(-46.0999121804454,65.1549666144469,14.));
#11791=CARTESIAN_POINT('',(-14.5013642304068,56.3736921359682,14.));
#11792=CARTESIAN_POINT('',(-76.4417154881297,-23.7939640988453,14.));
#11793=CARTESIAN_POINT('',(-67.1463186169308,-36.5879802959678,14.));
#11794=CARTESIAN_POINT('',(-75.7854266299817,-19.6503193266489,14.));
#11795=CARTESIAN_POINT('Origin',(-76.2117118706129,-21.7065977352356,14.));
#11796=CARTESIAN_POINT('',(-70.9742383671518,-16.1547864434627,14.));
#11797=CARTESIAN_POINT('',(-46.3121827231088,1.76324580996918,14.));
#11798=CARTESIAN_POINT('',(-66.8305935949553,-16.8110753016107,14.));
#11799=CARTESIAN_POINT('Origin',(-68.8868720035421,-16.3847900609796,14.));
#11800=CARTESIAN_POINT('',(-63.3350607117691,-21.6222635644407,14.));
#11801=CARTESIAN_POINT('',(-59.2829631653495,-27.1994973673182,14.));
#11802=CARTESIAN_POINT('',(-63.9913495699171,-25.7659083366371,14.));
#11803=CARTESIAN_POINT('Origin',(-63.565064329286,-23.7096299280504,14.));
#11804=CARTESIAN_POINT('',(-68.8025378327471,-29.2614412198233,14.));
#11805=CARTESIAN_POINT('',(-36.9236997944592,-6.10010964161214,14.));
#11806=CARTESIAN_POINT('',(-72.9461826049435,-28.6051523616753,14.));
#11807=CARTESIAN_POINT('Origin',(-70.8899041963568,-29.0314376023065,14.));
#11808=CARTESIAN_POINT('',(-67.1463186169308,-36.5879802959678,14.));
#11809=CARTESIAN_POINT('',(5.94000000000034,-76.4584778727037,14.));
#11810=CARTESIAN_POINT('',(5.94000000000034,-35.2557610636482,14.));
#11811=CARTESIAN_POINT('',(2.97347787270361,-79.4250000000004,14.));
#11812=CARTESIAN_POINT('Origin',(4.52700000000026,-78.0120000000003,14.));
#11813=CARTESIAN_POINT('',(-2.97347787270366,-79.4250000000004,14.));
#11814=CARTESIAN_POINT('',(1.48673893635181,-79.4250000000004,14.));
#11815=CARTESIAN_POINT('',(-5.9400000000004,-76.4584778727037,14.));
#11816=CARTESIAN_POINT('Origin',(-4.5270000000003,-78.0120000000003,14.));
#11817=CARTESIAN_POINT('',(-5.9400000000004,-70.5115221272964,14.));
#11818=CARTESIAN_POINT('',(-5.9400000000004,-38.2292389363518,14.));
#11819=CARTESIAN_POINT('',(-2.97347787270366,-67.5449999999996,14.));
#11820=CARTESIAN_POINT('Origin',(-4.5270000000003,-68.9579999999997,14.));
#11821=CARTESIAN_POINT('',(2.9734778727036,-67.5449999999996,14.));
#11822=CARTESIAN_POINT('',(-1.48673893635182,-67.5449999999996,14.));
#11823=CARTESIAN_POINT('',(5.94000000000034,-70.5115221272964,14.));
#11824=CARTESIAN_POINT('Origin',(4.52700000000025,-68.9579999999997,14.));
#11825=CARTESIAN_POINT('',(5.94000000000034,-35.2557610636482,14.));
#11826=CARTESIAN_POINT('',(66.8305935949552,-16.8110753016107,14.));
#11827=CARTESIAN_POINT('',(57.5351967237564,-29.6050914987332,14.));
#11828=CARTESIAN_POINT('',(70.9742383671517,-16.1547864434627,14.));
#11829=CARTESIAN_POINT('Origin',(68.886872003542,-16.3847900609796,14.));
#11830=CARTESIAN_POINT('',(75.7854266299817,-19.6503193266489,14.));
#11831=CARTESIAN_POINT('',(43.9065885916937,3.51101225156225,14.));
#11832=CARTESIAN_POINT('',(76.4417154881297,-23.7939640988454,14.));
#11833=CARTESIAN_POINT('Origin',(76.2117118706128,-21.7065977352357,14.));
#11834=CARTESIAN_POINT('',(72.9461826049435,-28.6051523616753,14.));
#11835=CARTESIAN_POINT('',(68.8940850585239,-34.1823861645528,14.));
#11836=CARTESIAN_POINT('',(68.802537832747,-29.2614412198233,14.));
#11837=CARTESIAN_POINT('Origin',(70.8899041963567,-29.0314376023065,14.));
#11838=CARTESIAN_POINT('',(63.9913495699171,-25.7659083366371,14.));
#11839=CARTESIAN_POINT('',(39.3292939258741,-7.84787608320529,14.));
#11840=CARTESIAN_POINT('',(63.335060711769,-21.6222635644407,14.));
#11841=CARTESIAN_POINT('Origin',(63.5650643292859,-23.7096299280504,14.));
#11842=CARTESIAN_POINT('',(57.5351967237564,-29.6050914987332,14.));
#11843=CARTESIAN_POINT('',(29.2614412198236,-68.802537832747,14.));
#11844=CARTESIAN_POINT('',(6.10010964161231,-36.923699794459,14.));
#11845=CARTESIAN_POINT('',(28.6051523616756,-72.9461826049437,14.));
#11846=CARTESIAN_POINT('Origin',(29.0314376023067,-70.8899041963568,14.));
#11847=CARTESIAN_POINT('',(23.7939640988454,-76.44171548813,14.));
#11848=CARTESIAN_POINT('',(36.587980295968,-67.146318616931,14.));
#11849=CARTESIAN_POINT('',(19.6503193266488,-75.7854266299819,14.));
#11850=CARTESIAN_POINT('Origin',(21.7065977352356,-76.2117118706131,14.));
#11851=CARTESIAN_POINT('',(16.1547864434625,-70.9742383671518,14.));
#11852=CARTESIAN_POINT('',(-1.76324580996932,-46.312182723109,14.));
#11853=CARTESIAN_POINT('',(16.8110753016105,-66.8305935949552,14.));
#11854=CARTESIAN_POINT('Origin',(16.3847900609793,-68.886872003542,14.));
#11855=CARTESIAN_POINT('',(21.6222635644406,-63.3350607117689,14.));
#11856=CARTESIAN_POINT('',(27.1994973673181,-59.2829631653493,14.));
#11857=CARTESIAN_POINT('',(25.7659083366373,-63.9913495699169,14.));
#11858=CARTESIAN_POINT('Origin',(23.7096299280504,-63.5650643292857,14.));
#11859=CARTESIAN_POINT('',(6.10010964161231,-36.923699794459,14.));
#11860=CARTESIAN_POINT('',(-64.1141202851248,-47.9238197764429,14.));
#11861=CARTESIAN_POINT('',(-39.3325201089617,-55.9758497778472,14.));
#11862=CARTESIAN_POINT('',(-66.0187447335002,-44.1857838250194,14.));
#11863=CARTESIAN_POINT('Origin',(-65.1549666144472,-46.0999121804455,14.));
#11864=CARTESIAN_POINT('',(-64.1810343433736,-38.5298928112307,14.));
#11865=CARTESIAN_POINT('',(-56.3736921359686,-14.5013642304068,14.));
#11866=CARTESIAN_POINT('',(-60.4429983919501,-36.6252683628553,14.));
#11867=CARTESIAN_POINT('Origin',(-62.3571267473762,-37.4890464819083,14.));
#11868=CARTESIAN_POINT('',(-54.7871073781613,-38.4629787529819,14.));
#11869=CARTESIAN_POINT('',(-38.4893437226813,-43.7584431691962,14.));
#11870=CARTESIAN_POINT('',(-52.8824829297859,-42.2010147044055,14.));
#11871=CARTESIAN_POINT('Origin',(-53.7462610488389,-40.2868863489793,14.));
#11872=CARTESIAN_POINT('',(-54.7201933199126,-47.8569057181942,14.));
#11873=CARTESIAN_POINT('',(-44.1562855273176,-15.3445406166872,14.));
#11874=CARTESIAN_POINT('',(-58.4582292713361,-49.7615301665696,14.));
#11875=CARTESIAN_POINT('Origin',(-56.54410091591,-48.8977520475166,14.));
#11876=CARTESIAN_POINT('',(-39.3325201089617,-55.9758497778472,14.));
#11877=CARTESIAN_POINT('',(-58.4582292713362,49.761530166569,14.));
#11878=CARTESIAN_POINT('',(-42.1604656158558,55.0569945827833,14.));
#11879=CARTESIAN_POINT('',(-54.720193319913,47.8569057181937,14.));
#11880=CARTESIAN_POINT('Origin',(-56.5441009159102,48.8977520475161,14.));
#11881=CARTESIAN_POINT('',(-52.8824829297865,42.2010147044055,14.));
#11882=CARTESIAN_POINT('',(-45.0751407223814,18.1724861235812,14.));
#11883=CARTESIAN_POINT('',(-54.7871073781618,38.4629787529824,14.));
#11884=CARTESIAN_POINT('Origin',(-53.7462610488395,40.2868863489796,14.));
#11885=CARTESIAN_POINT('',(-60.4429983919499,36.6252683628559,14.));
#11886=CARTESIAN_POINT('',(-35.6613982157873,44.6772983642601,14.));
#11887=CARTESIAN_POINT('',(-64.1810343433731,38.5298928112311,14.));
#11888=CARTESIAN_POINT('Origin',(-62.3571267473758,37.4890464819088,14.));
#11889=CARTESIAN_POINT('',(-66.0187447334996,44.1857838250193,14.));
#11890=CARTESIAN_POINT('',(-55.4548369409047,11.6734187235127,14.));
#11891=CARTESIAN_POINT('',(-64.1141202851244,47.9238197764425,14.));
#11892=CARTESIAN_POINT('Origin',(-65.1549666144466,46.0999121804452,14.));
#11893=CARTESIAN_POINT('',(-42.1604656158558,55.0569945827833,14.));
#11894=CARTESIAN_POINT('',(25.7659083366372,63.9913495699171,14.));
#11895=CARTESIAN_POINT('',(7.84787608320537,39.3292939258741,14.));
#11896=CARTESIAN_POINT('',(21.6222635644407,63.335060711769,14.));
#11897=CARTESIAN_POINT('Origin',(23.7096299280504,63.5650643292859,14.));
#11898=CARTESIAN_POINT('',(16.8110753016107,66.8305935949553,14.));
#11899=CARTESIAN_POINT('',(29.6050914987332,57.5351967237564,14.));
#11900=CARTESIAN_POINT('',(16.1547864434626,70.9742383671518,14.));
#11901=CARTESIAN_POINT('Origin',(16.3847900609795,68.8868720035421,14.));
#11902=CARTESIAN_POINT('',(19.6503193266489,75.7854266299819,14.));
#11903=CARTESIAN_POINT('',(-3.51101225156233,43.9065885916938,14.));
#11904=CARTESIAN_POINT('',(23.7939640988454,76.4417154881299,14.));
#11905=CARTESIAN_POINT('Origin',(21.7065977352357,76.211711870613,14.));
#11906=CARTESIAN_POINT('',(28.6051523616754,72.9461826049436,14.));
#11907=CARTESIAN_POINT('',(34.1823861645529,68.8940850585241,14.));
#11908=CARTESIAN_POINT('',(29.2614412198235,68.8025378327471,14.));
#11909=CARTESIAN_POINT('Origin',(29.0314376023066,70.8899041963569,14.));
#11910=CARTESIAN_POINT('',(7.84787608320537,39.3292939258741,14.));
#11911=CARTESIAN_POINT('',(67.5449999999999,2.9734778727035,14.));
#11912=CARTESIAN_POINT('',(67.5449999999999,-1.48673893635177,14.));
#11913=CARTESIAN_POINT('',(70.5115221272965,5.9400000000001,14.));
#11914=CARTESIAN_POINT('Origin',(68.958,4.52700000000008,14.));
#11915=CARTESIAN_POINT('',(76.4584778727036,5.94000000000011,14.));
#11916=CARTESIAN_POINT('',(35.2557610636483,5.9400000000001,14.));
#11917=CARTESIAN_POINT('',(79.4250000000002,2.97347787270351,14.));
#11918=CARTESIAN_POINT('Origin',(78.0120000000001,4.52700000000007,14.));
#11919=CARTESIAN_POINT('',(79.4250000000002,-2.97347787270354,14.));
#11920=CARTESIAN_POINT('',(79.4250000000002,1.48673893635176,14.));
#11921=CARTESIAN_POINT('',(76.4584778727036,-5.94000000000013,14.));
#11922=CARTESIAN_POINT('Origin',(78.0120000000001,-4.5270000000001,14.));
#11923=CARTESIAN_POINT('',(70.5115221272966,-5.94000000000013,14.));
#11924=CARTESIAN_POINT('',(38.2292389363518,-5.94000000000015,14.));
#11925=CARTESIAN_POINT('',(67.5449999999999,-2.97347787270354,14.));
#11926=CARTESIAN_POINT('Origin',(68.958,-4.52700000000011,14.));
#11927=CARTESIAN_POINT('',(67.5449999999999,-1.48673893635177,14.));
#11928=CARTESIAN_POINT('',(60.,7.34788079488412E-15,14.));
#11929=CARTESIAN_POINT('Origin',(0.,0.,14.));
#11930=CARTESIAN_POINT('Origin',(58.4582292713362,49.7615301665695,14.));
#11931=CARTESIAN_POINT('',(58.4582292713362,49.7615301665695,2.));
#11932=CARTESIAN_POINT('',(58.4582292713362,49.7615301665695,14.));
#11933=CARTESIAN_POINT('',(64.1141202851248,47.9238197764429,2.));
#11934=CARTESIAN_POINT('',(66.9354504850242,47.0071140249188,2.));
#11935=CARTESIAN_POINT('',(64.1141202851248,47.9238197764429,14.));
#11936=CARTESIAN_POINT('Origin',(56.5441009159101,48.8977520475165,14.));
#11937=CARTESIAN_POINT('',(54.7201933199127,47.8569057181941,2.));
#11938=CARTESIAN_POINT('',(54.7201933199127,47.8569057181941,14.));
#11939=CARTESIAN_POINT('Origin',(56.5441009159101,48.8977520475165,2.));
#11940=CARTESIAN_POINT('Origin',(52.8824829297861,42.2010147044055,14.));
#11941=CARTESIAN_POINT('',(52.8824829297861,42.2010147044055,2.));
#11942=CARTESIAN_POINT('',(52.8824829297861,42.2010147044055,14.));
#11943=CARTESIAN_POINT('',(55.6368990714368,50.6782359180935,2.));
#11944=CARTESIAN_POINT('Origin',(53.7462610488391,40.2868863489794,14.));
#11945=CARTESIAN_POINT('',(54.7871073781615,38.462978752982,2.));
#11946=CARTESIAN_POINT('',(54.7871073781615,38.462978752982,14.));
#11947=CARTESIAN_POINT('Origin',(53.7462610488391,40.2868863489794,2.));
#11948=CARTESIAN_POINT('Origin',(60.4429983919501,36.6252683628554,14.));
#11949=CARTESIAN_POINT('',(60.4429983919501,36.6252683628554,2.));
#11950=CARTESIAN_POINT('',(60.4429983919501,36.6252683628554,14.));
#11951=CARTESIAN_POINT('',(51.9657771782621,39.3796845045061,2.));
#11952=CARTESIAN_POINT('Origin',(62.3571267473762,37.4890464819084,14.));
#11953=CARTESIAN_POINT('',(64.1810343433736,38.5298928112308,2.));
#11954=CARTESIAN_POINT('',(64.1810343433736,38.5298928112308,14.));
#11955=CARTESIAN_POINT('Origin',(62.3571267473762,37.4890464819084,2.));
#11956=CARTESIAN_POINT('Origin',(66.0187447335002,44.1857838250194,14.));
#11957=CARTESIAN_POINT('',(66.0187447335002,44.1857838250194,2.));
#11958=CARTESIAN_POINT('',(66.0187447335002,44.1857838250194,14.));
#11959=CARTESIAN_POINT('',(63.2643285918495,35.7085626113314,2.));
#11960=CARTESIAN_POINT('Origin',(65.1549666144472,46.0999121804455,14.));
#11961=CARTESIAN_POINT('Origin',(65.1549666144472,46.0999121804455,2.));
#11962=CARTESIAN_POINT('Origin',(59.4506138316431,43.1933992647124,2.));
#11963=CARTESIAN_POINT('Origin',(-19.6503193266488,75.785426629982,14.));
#11964=CARTESIAN_POINT('',(-19.6503193266488,75.785426629982,2.));
#11965=CARTESIAN_POINT('',(-19.6503193266488,75.785426629982,14.));
#11966=CARTESIAN_POINT('',(-16.1547864434625,70.9742383671518,2.));
#11967=CARTESIAN_POINT('',(-14.4111084864382,68.5742715519795,2.));
#11968=CARTESIAN_POINT('',(-16.1547864434625,70.9742383671518,14.));
#11969=CARTESIAN_POINT('Origin',(-21.7065977352356,76.2117118706131,14.));
#11970=CARTESIAN_POINT('',(-23.7939640988454,76.44171548813,2.));
#11971=CARTESIAN_POINT('',(-23.7939640988454,76.44171548813,14.));
#11972=CARTESIAN_POINT('Origin',(-21.7065977352356,76.2117118706131,2.));
#11973=CARTESIAN_POINT('Origin',(-28.6051523616755,72.9461826049437,14.));
#11974=CARTESIAN_POINT('',(-28.6051523616755,72.9461826049437,2.));
#11975=CARTESIAN_POINT('',(-28.6051523616755,72.9461826049437,14.));
#11976=CARTESIAN_POINT('',(-21.3939972836731,78.1853934451543,2.));
#11977=CARTESIAN_POINT('Origin',(-29.0314376023067,70.8899041963569,14.));
#11978=CARTESIAN_POINT('',(-29.2614412198236,68.8025378327471,2.));
#11979=CARTESIAN_POINT('',(-29.2614412198236,68.8025378327471,14.));
#11980=CARTESIAN_POINT('Origin',(-29.0314376023067,70.8899041963569,2.));
#11981=CARTESIAN_POINT('Origin',(-25.7659083366373,63.9913495699169,14.));
#11982=CARTESIAN_POINT('',(-25.7659083366373,63.9913495699169,2.));
#11983=CARTESIAN_POINT('',(-25.7659083366373,63.9913495699169,14.));
#11984=CARTESIAN_POINT('',(-31.0051191768478,71.2025046479194,2.));
#11985=CARTESIAN_POINT('Origin',(-23.7096299280504,63.5650643292858,14.));
#11986=CARTESIAN_POINT('',(-21.6222635644406,63.3350607117689,2.));
#11987=CARTESIAN_POINT('',(-21.6222635644406,63.3350607117689,14.));
#11988=CARTESIAN_POINT('Origin',(-23.7096299280504,63.5650643292858,2.));
#11989=CARTESIAN_POINT('Origin',(-16.8110753016105,66.8305935949552,14.));
#11990=CARTESIAN_POINT('',(-16.8110753016105,66.8305935949552,2.));
#11991=CARTESIAN_POINT('',(-16.8110753016105,66.8305935949552,14.));
#11992=CARTESIAN_POINT('',(-24.022230379613,61.5913827547446,2.));
#11993=CARTESIAN_POINT('Origin',(-16.3847900609793,68.8868720035421,14.));
#11994=CARTESIAN_POINT('Origin',(-16.3847900609793,68.8868720035421,2.));
#11995=CARTESIAN_POINT('Origin',(-22.708113831643,69.8883880999495,2.));
#11996=CARTESIAN_POINT('Origin',(-76.4584778727036,5.94000000000014,14.));
#11997=CARTESIAN_POINT('',(-76.4584778727036,5.94000000000014,2.));
#11998=CARTESIAN_POINT('',(-76.4584778727036,5.94000000000014,14.));
#11999=CARTESIAN_POINT('',(-70.5115221272966,5.94000000000014,2.));
#12000=CARTESIAN_POINT('',(-67.5449999999999,5.94000000000014,2.));
#12001=CARTESIAN_POINT('',(-70.5115221272966,5.94000000000014,14.));
#12002=CARTESIAN_POINT('Origin',(-78.0120000000002,4.52700000000011,14.));
#12003=CARTESIAN_POINT('',(-79.4250000000002,2.97347787270352,2.));
#12004=CARTESIAN_POINT('',(-79.4250000000002,2.97347787270352,14.));
#12005=CARTESIAN_POINT('Origin',(-78.0120000000002,4.52700000000011,2.));
#12006=CARTESIAN_POINT('Origin',(-79.4250000000002,-2.9734778727035,14.));
#12007=CARTESIAN_POINT('',(-79.4250000000002,-2.9734778727035,2.));
#12008=CARTESIAN_POINT('',(-79.4250000000002,-2.9734778727035,14.));
#12009=CARTESIAN_POINT('',(-79.4250000000002,5.94000000000014,2.));
#12010=CARTESIAN_POINT('Origin',(-78.0120000000002,-4.52700000000008,14.));
#12011=CARTESIAN_POINT('',(-76.4584778727036,-5.94000000000011,2.));
#12012=CARTESIAN_POINT('',(-76.4584778727036,-5.94000000000011,14.));
#12013=CARTESIAN_POINT('Origin',(-78.0120000000002,-4.52700000000008,2.));
#12014=CARTESIAN_POINT('Origin',(-70.5115221272966,-5.94000000000011,14.));
#12015=CARTESIAN_POINT('',(-70.5115221272966,-5.94000000000011,2.));
#12016=CARTESIAN_POINT('',(-70.5115221272966,-5.94000000000011,14.));
#12017=CARTESIAN_POINT('',(-79.4250000000002,-5.94000000000011,2.));
#12018=CARTESIAN_POINT('Origin',(-68.958,-4.52700000000008,14.));
#12019=CARTESIAN_POINT('',(-67.5449999999999,-2.97347787270352,2.));
#12020=CARTESIAN_POINT('',(-67.5449999999999,-2.97347787270352,14.));
#12021=CARTESIAN_POINT('Origin',(-68.958,-4.52700000000008,2.));
#12022=CARTESIAN_POINT('Origin',(-67.5449999999999,2.97347787270354,14.));
#12023=CARTESIAN_POINT('',(-67.5449999999999,2.97347787270354,2.));
#12024=CARTESIAN_POINT('',(-67.5449999999999,2.97347787270354,14.));
#12025=CARTESIAN_POINT('',(-67.5449999999999,-5.94000000000011,2.));
#12026=CARTESIAN_POINT('Origin',(-68.958,4.52700000000011,14.));
#12027=CARTESIAN_POINT('Origin',(-68.958,4.52700000000011,2.));
#12028=CARTESIAN_POINT('Origin',(-73.4850000000001,1.55431223447522E-14,
2.));
#12029=CARTESIAN_POINT('Origin',(-29.2614412198234,-68.802537832747,14.));
#12030=CARTESIAN_POINT('',(-29.2614412198234,-68.802537832747,2.));
#12031=CARTESIAN_POINT('',(-29.2614412198234,-68.802537832747,14.));
#12032=CARTESIAN_POINT('',(-25.7659083366372,-63.991349569917,2.));
#12033=CARTESIAN_POINT('',(-24.022230379613,-61.5913827547448,2.));
#12034=CARTESIAN_POINT('',(-25.7659083366372,-63.991349569917,14.));
#12035=CARTESIAN_POINT('Origin',(-29.0314376023065,-70.8899041963568,14.));
#12036=CARTESIAN_POINT('',(-28.6051523616754,-72.9461826049436,2.));
#12037=CARTESIAN_POINT('',(-28.6051523616754,-72.9461826049436,14.));
#12038=CARTESIAN_POINT('Origin',(-29.0314376023065,-70.8899041963568,2.));
#12039=CARTESIAN_POINT('Origin',(-23.7939640988454,-76.4417154881298,14.));
#12040=CARTESIAN_POINT('',(-23.7939640988454,-76.4417154881298,2.));
#12041=CARTESIAN_POINT('',(-23.7939640988454,-76.4417154881298,14.));
#12042=CARTESIAN_POINT('',(-31.0051191768477,-71.2025046479193,2.));
#12043=CARTESIAN_POINT('Origin',(-21.7065977352356,-76.2117118706129,14.));
#12044=CARTESIAN_POINT('',(-19.6503193266489,-75.7854266299818,2.));
#12045=CARTESIAN_POINT('',(-19.6503193266489,-75.7854266299818,14.));
#12046=CARTESIAN_POINT('Origin',(-21.7065977352356,-76.2117118706129,2.));
#12047=CARTESIAN_POINT('Origin',(-16.1547864434626,-70.9742383671517,14.));
#12048=CARTESIAN_POINT('',(-16.1547864434626,-70.9742383671517,2.));
#12049=CARTESIAN_POINT('',(-16.1547864434626,-70.9742383671517,14.));
#12050=CARTESIAN_POINT('',(-21.3939972836731,-78.185393445154,2.));
#12051=CARTESIAN_POINT('Origin',(-16.3847900609795,-68.886872003542,14.));
#12052=CARTESIAN_POINT('',(-16.8110753016107,-66.8305935949552,2.));
#12053=CARTESIAN_POINT('',(-16.8110753016107,-66.8305935949552,14.));
#12054=CARTESIAN_POINT('Origin',(-16.3847900609795,-68.886872003542,2.));
#12055=CARTESIAN_POINT('Origin',(-21.6222635644407,-63.335060711769,14.));
#12056=CARTESIAN_POINT('',(-21.6222635644407,-63.335060711769,2.));
#12057=CARTESIAN_POINT('',(-21.6222635644407,-63.335060711769,14.));
#12058=CARTESIAN_POINT('',(-14.4111084864384,-68.5742715519795,2.));
#12059=CARTESIAN_POINT('Origin',(-23.7096299280504,-63.5650643292859,14.));
#12060=CARTESIAN_POINT('Origin',(-23.7096299280504,-63.5650643292859,2.));
#12061=CARTESIAN_POINT('Origin',(-22.708113831643,-69.8883880999494,2.));
#12062=CARTESIAN_POINT('Origin',(64.1141202851245,-47.9238197764427,14.));
#12063=CARTESIAN_POINT('',(64.1141202851245,-47.9238197764427,2.));
#12064=CARTESIAN_POINT('',(64.1141202851245,-47.9238197764427,14.));
#12065=CARTESIAN_POINT('',(58.4582292713361,-49.7615301665692,2.));
#12066=CARTESIAN_POINT('',(55.6368990714368,-50.6782359180933,2.));
#12067=CARTESIAN_POINT('',(58.4582292713361,-49.7615301665692,14.));
#12068=CARTESIAN_POINT('Origin',(65.1549666144469,-46.0999121804453,14.));
#12069=CARTESIAN_POINT('',(66.0187447334998,-44.1857838250193,2.));
#12070=CARTESIAN_POINT('',(66.0187447334998,-44.1857838250193,14.));
#12071=CARTESIAN_POINT('Origin',(65.1549666144469,-46.0999121804453,2.));
#12072=CARTESIAN_POINT('Origin',(64.1810343433733,-38.5298928112309,14.));
#12073=CARTESIAN_POINT('',(64.1810343433733,-38.5298928112309,2.));
#12074=CARTESIAN_POINT('',(64.1810343433733,-38.5298928112309,14.));
#12075=CARTESIAN_POINT('',(66.9354504850238,-47.0071140249187,2.));
#12076=CARTESIAN_POINT('Origin',(62.357126747376,-37.4890464819085,14.));
#12077=CARTESIAN_POINT('',(60.4429983919499,-36.6252683628556,2.));
#12078=CARTESIAN_POINT('',(60.4429983919499,-36.6252683628556,14.));
#12079=CARTESIAN_POINT('Origin',(62.357126747376,-37.4890464819085,2.));
#12080=CARTESIAN_POINT('Origin',(54.7871073781615,-38.4629787529821,14.));
#12081=CARTESIAN_POINT('',(54.7871073781615,-38.4629787529821,2.));
#12082=CARTESIAN_POINT('',(54.7871073781615,-38.4629787529821,14.));
#12083=CARTESIAN_POINT('',(63.2643285918492,-35.7085626113316,2.));
#12084=CARTESIAN_POINT('Origin',(53.7462610488391,-40.2868863489795,14.));
#12085=CARTESIAN_POINT('',(52.8824829297862,-42.2010147044055,2.));
#12086=CARTESIAN_POINT('',(52.8824829297862,-42.2010147044055,14.));
#12087=CARTESIAN_POINT('Origin',(53.7462610488391,-40.2868863489795,2.));
#12088=CARTESIAN_POINT('Origin',(54.7201933199127,-47.8569057181939,14.));
#12089=CARTESIAN_POINT('',(54.7201933199127,-47.8569057181939,2.));
#12090=CARTESIAN_POINT('',(54.7201933199127,-47.8569057181939,14.));
#12091=CARTESIAN_POINT('',(51.9657771782622,-39.3796845045062,2.));
#12092=CARTESIAN_POINT('Origin',(56.5441009159101,-48.8977520475163,14.));
#12093=CARTESIAN_POINT('Origin',(56.5441009159101,-48.8977520475163,2.));
#12094=CARTESIAN_POINT('Origin',(59.450613831643,-43.1933992647124,2.));
#12095=CARTESIAN_POINT('Origin',(46.0999121804454,-65.1549666144471,14.));
#12096=CARTESIAN_POINT('',(47.9238197764428,-64.1141202851247,2.));
#12097=CARTESIAN_POINT('',(47.9238197764428,-64.1141202851247,14.));
#12098=CARTESIAN_POINT('',(44.1857838250193,-66.0187447335,2.));
#12099=CARTESIAN_POINT('Origin',(46.0999121804454,-65.1549666144471,2.));
#12100=CARTESIAN_POINT('',(44.1857838250193,-66.0187447335,14.));
#12101=CARTESIAN_POINT('Origin',(49.7615301665694,-58.4582292713361,14.));
#12102=CARTESIAN_POINT('',(49.7615301665694,-58.4582292713361,2.));
#12103=CARTESIAN_POINT('',(49.7615301665694,-58.4582292713361,14.));
#12104=CARTESIAN_POINT('',(47.0071140249187,-66.9354504850241,2.));
#12105=CARTESIAN_POINT('Origin',(48.8977520475164,-56.54410091591,14.));
#12106=CARTESIAN_POINT('',(47.856905718194,-54.7201933199126,2.));
#12107=CARTESIAN_POINT('',(47.856905718194,-54.7201933199126,14.));
#12108=CARTESIAN_POINT('Origin',(48.8977520475164,-56.54410091591,2.));
#12109=CARTESIAN_POINT('Origin',(42.2010147044054,-52.882482929786,14.));
#12110=CARTESIAN_POINT('',(42.2010147044054,-52.882482929786,2.));
#12111=CARTESIAN_POINT('',(42.2010147044054,-52.882482929786,14.));
#12112=CARTESIAN_POINT('',(50.6782359180934,-55.6368990714367,2.));
#12113=CARTESIAN_POINT('Origin',(40.2868863489794,-53.746261048839,14.));
#12114=CARTESIAN_POINT('',(38.462978752982,-54.7871073781614,2.));
#12115=CARTESIAN_POINT('',(38.462978752982,-54.7871073781614,14.));
#12116=CARTESIAN_POINT('Origin',(40.2868863489794,-53.746261048839,2.));
#12117=CARTESIAN_POINT('Origin',(36.6252683628554,-60.44299839195,14.));
#12118=CARTESIAN_POINT('',(36.6252683628554,-60.44299839195,2.));
#12119=CARTESIAN_POINT('',(36.6252683628554,-60.44299839195,14.));
#12120=CARTESIAN_POINT('',(39.379684504506,-51.965777178262,2.));
#12121=CARTESIAN_POINT('Origin',(37.4890464819083,-62.3571267473761,14.));
#12122=CARTESIAN_POINT('',(38.5298928112307,-64.1810343433734,2.));
#12123=CARTESIAN_POINT('',(38.5298928112307,-64.1810343433734,14.));
#12124=CARTESIAN_POINT('Origin',(37.4890464819083,-62.3571267473761,2.));
#12125=CARTESIAN_POINT('Origin',(44.1857838250193,-66.0187447335,14.));
#12126=CARTESIAN_POINT('',(35.7085626113313,-63.2643285918494,2.));
#12127=CARTESIAN_POINT('Origin',(43.1933992647124,-59.450613831643,2.));
#12128=CARTESIAN_POINT('Origin',(-38.5298928112307,-64.1810343433736,14.));
#12129=CARTESIAN_POINT('',(-38.5298928112307,-64.1810343433735,2.));
#12130=CARTESIAN_POINT('',(-38.5298928112307,-64.1810343433735,14.));
#12131=CARTESIAN_POINT('',(-44.1857838250194,-66.0187447335002,2.));
#12132=CARTESIAN_POINT('',(-47.0071140249189,-66.9354504850243,2.));
#12133=CARTESIAN_POINT('',(-44.1857838250194,-66.0187447335002,14.));
#12134=CARTESIAN_POINT('Origin',(-37.4890464819082,-62.3571267473761,14.));
#12135=CARTESIAN_POINT('',(-36.6252683628552,-60.44299839195,2.));
#12136=CARTESIAN_POINT('',(-36.6252683628552,-60.44299839195,14.));
#12137=CARTESIAN_POINT('Origin',(-37.4890464819082,-62.3571267473761,2.));
#12138=CARTESIAN_POINT('Origin',(-38.4629787529819,-54.7871073781613,14.));
#12139=CARTESIAN_POINT('',(-38.4629787529819,-54.7871073781613,2.));
#12140=CARTESIAN_POINT('',(-38.4629787529819,-54.7871073781613,14.));
#12141=CARTESIAN_POINT('',(-35.7085626113312,-63.2643285918495,2.));
#12142=CARTESIAN_POINT('Origin',(-40.2868863489793,-53.7462610488388,14.));
#12143=CARTESIAN_POINT('',(-42.2010147044054,-52.8824829297858,2.));
#12144=CARTESIAN_POINT('',(-42.2010147044054,-52.8824829297858,14.));
#12145=CARTESIAN_POINT('Origin',(-40.2868863489793,-53.7462610488388,2.));
#12146=CARTESIAN_POINT('Origin',(-47.8569057181942,-54.7201933199125,14.));
#12147=CARTESIAN_POINT('',(-47.8569057181942,-54.7201933199125,2.));
#12148=CARTESIAN_POINT('',(-47.8569057181942,-54.7201933199125,14.));
#12149=CARTESIAN_POINT('',(-39.379684504506,-51.9657771782618,2.));
#12150=CARTESIAN_POINT('Origin',(-48.8977520475166,-56.5441009159099,14.));
#12151=CARTESIAN_POINT('',(-49.7615301665696,-58.458229271336,2.));
#12152=CARTESIAN_POINT('',(-49.7615301665696,-58.458229271336,14.));
#12153=CARTESIAN_POINT('Origin',(-48.8977520475166,-56.5441009159099,2.));
#12154=CARTESIAN_POINT('Origin',(-47.923819776443,-64.1141202851248,14.));
#12155=CARTESIAN_POINT('',(-47.923819776443,-64.1141202851248,2.));
#12156=CARTESIAN_POINT('',(-47.923819776443,-64.1141202851248,14.));
#12157=CARTESIAN_POINT('',(-50.6782359180937,-55.6368990714366,2.));
#12158=CARTESIAN_POINT('Origin',(-46.0999121804455,-65.1549666144472,14.));
#12159=CARTESIAN_POINT('Origin',(-46.0999121804455,-65.1549666144472,2.));
#12160=CARTESIAN_POINT('Origin',(-43.1933992647124,-59.450613831643,2.));
#12161=CARTESIAN_POINT('Origin',(-68.802537832747,29.2614412198237,14.));
#12162=CARTESIAN_POINT('',(-68.802537832747,29.2614412198237,2.));
#12163=CARTESIAN_POINT('',(-68.802537832747,29.2614412198237,14.));
#12164=CARTESIAN_POINT('',(-63.9913495699168,25.7659083366373,2.));
#12165=CARTESIAN_POINT('',(-61.5913827547445,24.022230379613,2.));
#12166=CARTESIAN_POINT('',(-63.9913495699168,25.7659083366373,14.));
#12167=CARTESIAN_POINT('Origin',(-70.8899041963568,29.0314376023068,14.));
#12168=CARTESIAN_POINT('',(-72.9461826049437,28.6051523616756,2.));
#12169=CARTESIAN_POINT('',(-72.9461826049437,28.6051523616756,14.));
#12170=CARTESIAN_POINT('Origin',(-70.8899041963568,29.0314376023068,2.));
#12171=CARTESIAN_POINT('Origin',(-76.4417154881301,23.7939640988454,14.));
#12172=CARTESIAN_POINT('',(-76.4417154881301,23.7939640988454,2.));
#12173=CARTESIAN_POINT('',(-76.4417154881301,23.7939640988454,14.));
#12174=CARTESIAN_POINT('',(-71.2025046479194,31.005119176848,2.));
#12175=CARTESIAN_POINT('Origin',(-76.2117118706132,21.7065977352356,14.));
#12176=CARTESIAN_POINT('',(-75.785426629982,19.6503193266488,2.));
#12177=CARTESIAN_POINT('',(-75.785426629982,19.6503193266488,14.));
#12178=CARTESIAN_POINT('Origin',(-76.2117118706132,21.7065977352356,2.));
#12179=CARTESIAN_POINT('Origin',(-70.9742383671518,16.1547864434624,14.));
#12180=CARTESIAN_POINT('',(-70.9742383671518,16.1547864434624,2.));
#12181=CARTESIAN_POINT('',(-70.9742383671518,16.1547864434624,14.));
#12182=CARTESIAN_POINT('',(-78.1853934451543,21.3939972836731,2.));
#12183=CARTESIAN_POINT('Origin',(-68.886872003542,16.3847900609793,14.));
#12184=CARTESIAN_POINT('',(-66.8305935949551,16.8110753016104,2.));
#12185=CARTESIAN_POINT('',(-66.8305935949551,16.8110753016104,14.));
#12186=CARTESIAN_POINT('Origin',(-68.886872003542,16.3847900609793,2.));
#12187=CARTESIAN_POINT('Origin',(-63.3350607117688,21.6222635644407,14.));
#12188=CARTESIAN_POINT('',(-63.3350607117688,21.6222635644407,2.));
#12189=CARTESIAN_POINT('',(-63.3350607117688,21.6222635644407,14.));
#12190=CARTESIAN_POINT('',(-68.5742715519794,14.4111084864381,2.));
#12191=CARTESIAN_POINT('Origin',(-63.5650643292857,23.7096299280505,14.));
#12192=CARTESIAN_POINT('Origin',(-63.5650643292857,23.7096299280505,2.));
#12193=CARTESIAN_POINT('Origin',(-69.8883880999494,22.708113831643,2.));
#12194=CARTESIAN_POINT('Origin',(2.97347787270351,67.545,14.));
#12195=CARTESIAN_POINT('',(2.97347787270351,67.545,2.));
#12196=CARTESIAN_POINT('',(2.97347787270351,67.545,14.));
#12197=CARTESIAN_POINT('',(-2.9734778727035,67.545,2.));
#12198=CARTESIAN_POINT('',(-5.9400000000001,67.545,2.));
#12199=CARTESIAN_POINT('',(-2.9734778727035,67.545,14.));
#12200=CARTESIAN_POINT('Origin',(4.52700000000009,68.9580000000001,14.));
#12201=CARTESIAN_POINT('',(5.94000000000011,70.5115221272966,2.));
#12202=CARTESIAN_POINT('',(5.94000000000011,70.5115221272966,14.));
#12203=CARTESIAN_POINT('Origin',(4.52700000000009,68.9580000000001,2.));
#12204=CARTESIAN_POINT('Origin',(5.94000000000011,76.4584778727036,14.));
#12205=CARTESIAN_POINT('',(5.94000000000011,76.4584778727036,2.));
#12206=CARTESIAN_POINT('',(5.94000000000011,76.4584778727036,14.));
#12207=CARTESIAN_POINT('',(5.94000000000011,67.545,2.));
#12208=CARTESIAN_POINT('Origin',(4.52700000000008,78.0120000000002,14.));
#12209=CARTESIAN_POINT('',(2.97347787270351,79.4250000000003,2.));
#12210=CARTESIAN_POINT('',(2.97347787270351,79.4250000000003,14.));
#12211=CARTESIAN_POINT('Origin',(4.52700000000008,78.0120000000002,2.));
#12212=CARTESIAN_POINT('Origin',(-2.9734778727035,79.4250000000002,14.));
#12213=CARTESIAN_POINT('',(-2.9734778727035,79.4250000000002,2.));
#12214=CARTESIAN_POINT('',(-2.9734778727035,79.4250000000002,14.));
#12215=CARTESIAN_POINT('',(5.94000000000011,79.4250000000002,2.));
#12216=CARTESIAN_POINT('Origin',(-4.52700000000007,78.0120000000002,14.));
#12217=CARTESIAN_POINT('',(-5.9400000000001,76.4584778727036,2.));
#12218=CARTESIAN_POINT('',(-5.9400000000001,76.4584778727036,14.));
#12219=CARTESIAN_POINT('Origin',(-4.52700000000007,78.0120000000002,2.));
#12220=CARTESIAN_POINT('Origin',(-5.9400000000001,70.5115221272966,14.));
#12221=CARTESIAN_POINT('',(-5.9400000000001,70.5115221272966,2.));
#12222=CARTESIAN_POINT('',(-5.9400000000001,70.5115221272966,14.));
#12223=CARTESIAN_POINT('',(-5.9400000000001,79.4250000000002,2.));
#12224=CARTESIAN_POINT('Origin',(-4.52700000000007,68.9580000000001,14.));
#12225=CARTESIAN_POINT('Origin',(-4.52700000000007,68.9580000000001,2.));
#12226=CARTESIAN_POINT('Origin',(8.88178419700125E-15,73.4850000000001,
2.));
#12227=CARTESIAN_POINT('Origin',(66.8305935949549,16.8110753016101,14.));
#12228=CARTESIAN_POINT('',(66.8305935949549,16.8110753016101,2.));
#12229=CARTESIAN_POINT('',(66.8305935949549,16.8110753016101,14.));
#12230=CARTESIAN_POINT('',(63.3350607117684,21.6222635644405,2.));
#12231=CARTESIAN_POINT('',(61.591382754744,24.022230379613,2.));
#12232=CARTESIAN_POINT('',(63.3350607117684,21.6222635644405,14.));
#12233=CARTESIAN_POINT('Origin',(68.8868720035419,16.3847900609789,14.));
#12234=CARTESIAN_POINT('',(70.9742383671518,16.154786443462,2.));
#12235=CARTESIAN_POINT('',(70.9742383671518,16.154786443462,14.));
#12236=CARTESIAN_POINT('Origin',(68.8868720035419,16.3847900609789,2.));
#12237=CARTESIAN_POINT('Origin',(75.7854266299823,19.6503193266486,14.));
#12238=CARTESIAN_POINT('',(75.7854266299823,19.6503193266486,2.));
#12239=CARTESIAN_POINT('',(75.7854266299823,19.6503193266486,14.));
#12240=CARTESIAN_POINT('',(68.5742715519793,14.4111084864376,2.));
#12241=CARTESIAN_POINT('Origin',(76.2117118706135,21.7065977352355,14.));
#12242=CARTESIAN_POINT('',(76.4417154881304,23.7939640988455,2.));
#12243=CARTESIAN_POINT('',(76.4417154881304,23.7939640988455,14.));
#12244=CARTESIAN_POINT('Origin',(76.2117118706135,21.7065977352355,2.));
#12245=CARTESIAN_POINT('Origin',(72.9461826049438,28.6051523616759,14.));
#12246=CARTESIAN_POINT('',(72.9461826049438,28.6051523616759,2.));
#12247=CARTESIAN_POINT('',(72.9461826049438,28.6051523616759,14.));
#12248=CARTESIAN_POINT('',(78.1853934451548,21.393997283673,2.));
#12249=CARTESIAN_POINT('Origin',(70.8899041963569,29.0314376023071,14.));
#12250=CARTESIAN_POINT('',(68.8025378327469,29.261441219824,2.));
#12251=CARTESIAN_POINT('',(68.8025378327469,29.261441219824,14.));
#12252=CARTESIAN_POINT('Origin',(70.8899041963569,29.0314376023071,2.));
#12253=CARTESIAN_POINT('Origin',(63.9913495699165,25.7659083366374,14.));
#12254=CARTESIAN_POINT('',(63.9913495699165,25.7659083366374,2.));
#12255=CARTESIAN_POINT('',(63.9913495699165,25.7659083366374,14.));
#12256=CARTESIAN_POINT('',(71.2025046479194,31.0051191768484,2.));
#12257=CARTESIAN_POINT('Origin',(63.5650643292853,23.7096299280505,14.));
#12258=CARTESIAN_POINT('Origin',(63.5650643292853,23.7096299280505,2.));
#12259=CARTESIAN_POINT('Origin',(69.8883880999494,22.708113831643,2.));
#12260=CARTESIAN_POINT('Origin',(47.8569057181939,54.720193319913,14.));
#12261=CARTESIAN_POINT('',(47.8569057181939,54.720193319913,2.));
#12262=CARTESIAN_POINT('',(47.8569057181939,54.720193319913,14.));
#12263=CARTESIAN_POINT('',(42.2010147044056,52.8824829297865,2.));
#12264=CARTESIAN_POINT('',(39.3796845045063,51.9657771782625,2.));
#12265=CARTESIAN_POINT('',(42.2010147044056,52.8824829297865,14.));
#12266=CARTESIAN_POINT('Origin',(48.8977520475162,56.5441009159102,14.));
#12267=CARTESIAN_POINT('',(49.7615301665691,58.4582292713362,2.));
#12268=CARTESIAN_POINT('',(49.7615301665691,58.4582292713362,14.));
#12269=CARTESIAN_POINT('Origin',(48.8977520475162,56.5441009159102,2.));
#12270=CARTESIAN_POINT('Origin',(47.9238197764426,64.1141202851245,14.));
#12271=CARTESIAN_POINT('',(47.9238197764426,64.1141202851245,2.));
#12272=CARTESIAN_POINT('',(47.9238197764426,64.1141202851245,14.));
#12273=CARTESIAN_POINT('',(50.6782359180931,55.636899071437,2.));
#12274=CARTESIAN_POINT('Origin',(46.0999121804454,65.1549666144468,14.));
#12275=CARTESIAN_POINT('',(44.1857838250194,66.0187447334998,2.));
#12276=CARTESIAN_POINT('',(44.1857838250194,66.0187447334998,14.));
#12277=CARTESIAN_POINT('Origin',(46.0999121804454,65.1549666144468,2.));
#12278=CARTESIAN_POINT('Origin',(38.5298928112311,64.1810343433732,14.));
#12279=CARTESIAN_POINT('',(38.5298928112311,64.1810343433732,2.));
#12280=CARTESIAN_POINT('',(38.5298928112311,64.1810343433732,14.));
#12281=CARTESIAN_POINT('',(47.0071140249186,66.9354504850238,2.));
#12282=CARTESIAN_POINT('Origin',(37.4890464819088,62.357126747376,14.));
#12283=CARTESIAN_POINT('',(36.6252683628558,60.44299839195,2.));
#12284=CARTESIAN_POINT('',(36.6252683628558,60.44299839195,14.));
#12285=CARTESIAN_POINT('Origin',(37.4890464819088,62.357126747376,2.));
#12286=CARTESIAN_POINT('Origin',(38.4629787529824,54.7871073781617,14.));
#12287=CARTESIAN_POINT('',(38.4629787529824,54.7871073781617,2.));
#12288=CARTESIAN_POINT('',(38.4629787529824,54.7871073781617,14.));
#12289=CARTESIAN_POINT('',(35.7085626113318,63.2643285918493,2.));
#12290=CARTESIAN_POINT('Origin',(40.2868863489796,53.7462610488394,14.));
#12291=CARTESIAN_POINT('Origin',(40.2868863489796,53.7462610488394,2.));
#12292=CARTESIAN_POINT('Origin',(43.1933992647125,59.4506138316431,2.));
#12293=CARTESIAN_POINT('Origin',(-37.4890464819086,62.357126747376,14.));
#12294=CARTESIAN_POINT('',(-38.5298928112309,64.1810343433733,2.));
#12295=CARTESIAN_POINT('',(-38.5298928112309,64.1810343433733,14.));
#12296=CARTESIAN_POINT('',(-36.6252683628557,60.44299839195,2.));
#12297=CARTESIAN_POINT('Origin',(-37.4890464819086,62.357126747376,2.));
#12298=CARTESIAN_POINT('',(-36.6252683628557,60.44299839195,14.));
#12299=CARTESIAN_POINT('Origin',(-44.1857838250194,66.0187447334999,14.));
#12300=CARTESIAN_POINT('',(-44.1857838250194,66.0187447334999,2.));
#12301=CARTESIAN_POINT('',(-44.1857838250194,66.0187447334999,14.));
#12302=CARTESIAN_POINT('',(-35.7085626113317,63.2643285918493,2.));
#12303=CARTESIAN_POINT('Origin',(-46.0999121804454,65.1549666144469,14.));
#12304=CARTESIAN_POINT('',(-47.9238197764426,64.1141202851246,2.));
#12305=CARTESIAN_POINT('',(-47.9238197764426,64.1141202851246,14.));
#12306=CARTESIAN_POINT('Origin',(-46.0999121804454,65.1549666144469,2.));
#12307=CARTESIAN_POINT('Origin',(-49.7615301665692,58.4582292713361,14.));
#12308=CARTESIAN_POINT('',(-49.7615301665692,58.4582292713361,2.));
#12309=CARTESIAN_POINT('',(-49.7615301665692,58.4582292713361,14.));
#12310=CARTESIAN_POINT('',(-47.0071140249186,66.9354504850238,2.));
#12311=CARTESIAN_POINT('Origin',(-48.8977520475163,56.5441009159102,14.));
#12312=CARTESIAN_POINT('',(-47.8569057181939,54.7201933199129,2.));
#12313=CARTESIAN_POINT('',(-47.8569057181939,54.7201933199129,14.));
#12314=CARTESIAN_POINT('Origin',(-48.8977520475163,56.5441009159102,2.));
#12315=CARTESIAN_POINT('Origin',(-42.2010147044055,52.8824829297863,14.));
#12316=CARTESIAN_POINT('',(-42.2010147044055,52.8824829297863,2.));
#12317=CARTESIAN_POINT('',(-42.2010147044055,52.8824829297863,14.));
#12318=CARTESIAN_POINT('',(-50.6782359180932,55.6368990714369,2.));
#12319=CARTESIAN_POINT('Origin',(-40.2868863489795,53.7462610488393,14.));
#12320=CARTESIAN_POINT('',(-38.4629787529822,54.7871073781616,2.));
#12321=CARTESIAN_POINT('',(-38.4629787529822,54.7871073781616,14.));
#12322=CARTESIAN_POINT('Origin',(-40.2868863489795,53.7462610488393,2.));
#12323=CARTESIAN_POINT('Origin',(-36.6252683628557,60.44299839195,14.));
#12324=CARTESIAN_POINT('',(-39.3796845045062,51.9657771782623,2.));
#12325=CARTESIAN_POINT('Origin',(-43.1933992647124,59.4506138316431,2.));
#12326=CARTESIAN_POINT('Origin',(-75.7854266299817,-19.6503193266489,14.));
#12327=CARTESIAN_POINT('',(-75.7854266299817,-19.6503193266489,2.));
#12328=CARTESIAN_POINT('',(-75.7854266299817,-19.6503193266489,14.));
#12329=CARTESIAN_POINT('',(-70.9742383671518,-16.1547864434627,2.));
#12330=CARTESIAN_POINT('',(-68.5742715519795,-14.4111084864385,2.));
#12331=CARTESIAN_POINT('',(-70.9742383671518,-16.1547864434627,14.));
#12332=CARTESIAN_POINT('Origin',(-76.2117118706129,-21.7065977352356,14.));
#12333=CARTESIAN_POINT('',(-76.4417154881297,-23.7939640988453,2.));
#12334=CARTESIAN_POINT('',(-76.4417154881297,-23.7939640988453,14.));
#12335=CARTESIAN_POINT('Origin',(-76.2117118706129,-21.7065977352356,2.));
#12336=CARTESIAN_POINT('Origin',(-72.9461826049435,-28.6051523616753,14.));
#12337=CARTESIAN_POINT('',(-72.9461826049435,-28.6051523616753,2.));
#12338=CARTESIAN_POINT('',(-72.9461826049435,-28.6051523616753,14.));
#12339=CARTESIAN_POINT('',(-78.1853934451539,-21.3939972836731,2.));
#12340=CARTESIAN_POINT('Origin',(-70.8899041963568,-29.0314376023065,14.));
#12341=CARTESIAN_POINT('',(-68.8025378327471,-29.2614412198233,2.));
#12342=CARTESIAN_POINT('',(-68.8025378327471,-29.2614412198233,14.));
#12343=CARTESIAN_POINT('Origin',(-70.8899041963568,-29.0314376023065,2.));
#12344=CARTESIAN_POINT('Origin',(-63.9913495699171,-25.7659083366371,14.));
#12345=CARTESIAN_POINT('',(-63.9913495699171,-25.7659083366371,2.));
#12346=CARTESIAN_POINT('',(-63.9913495699171,-25.7659083366371,14.));
#12347=CARTESIAN_POINT('',(-71.2025046479193,-31.0051191768475,2.));
#12348=CARTESIAN_POINT('Origin',(-63.565064329286,-23.7096299280504,14.));
#12349=CARTESIAN_POINT('',(-63.3350607117691,-21.6222635644407,2.));
#12350=CARTESIAN_POINT('',(-63.3350607117691,-21.6222635644407,14.));
#12351=CARTESIAN_POINT('Origin',(-63.565064329286,-23.7096299280504,2.));
#12352=CARTESIAN_POINT('Origin',(-66.8305935949553,-16.8110753016107,14.));
#12353=CARTESIAN_POINT('',(-66.8305935949553,-16.8110753016107,2.));
#12354=CARTESIAN_POINT('',(-66.8305935949553,-16.8110753016107,14.));
#12355=CARTESIAN_POINT('',(-61.5913827547449,-24.0222303796129,2.));
#12356=CARTESIAN_POINT('Origin',(-68.8868720035421,-16.3847900609796,14.));
#12357=CARTESIAN_POINT('Origin',(-68.8868720035421,-16.3847900609796,2.));
#12358=CARTESIAN_POINT('Origin',(-69.8883880999494,-22.708113831643,2.));
#12359=CARTESIAN_POINT('Origin',(-2.97347787270366,-67.5449999999996,14.));
#12360=CARTESIAN_POINT('',(-2.97347787270366,-67.5449999999996,2.));
#12361=CARTESIAN_POINT('',(-2.97347787270366,-67.5449999999996,14.));
#12362=CARTESIAN_POINT('',(2.9734778727036,-67.5449999999996,2.));
#12363=CARTESIAN_POINT('',(5.94000000000034,-67.5449999999996,2.));
#12364=CARTESIAN_POINT('',(2.9734778727036,-67.5449999999996,14.));
#12365=CARTESIAN_POINT('Origin',(-4.5270000000003,-68.9579999999997,14.));
#12366=CARTESIAN_POINT('',(-5.9400000000004,-70.5115221272964,2.));
#12367=CARTESIAN_POINT('',(-5.9400000000004,-70.5115221272964,14.));
#12368=CARTESIAN_POINT('Origin',(-4.5270000000003,-68.9579999999997,2.));
#12369=CARTESIAN_POINT('Origin',(-5.9400000000004,-76.4584778727037,14.));
#12370=CARTESIAN_POINT('',(-5.9400000000004,-76.4584778727037,2.));
#12371=CARTESIAN_POINT('',(-5.9400000000004,-76.4584778727037,14.));
#12372=CARTESIAN_POINT('',(-5.9400000000004,-67.5449999999996,2.));
#12373=CARTESIAN_POINT('Origin',(-4.5270000000003,-78.0120000000003,14.));
#12374=CARTESIAN_POINT('',(-2.97347787270366,-79.4250000000004,2.));
#12375=CARTESIAN_POINT('',(-2.97347787270366,-79.4250000000004,14.));
#12376=CARTESIAN_POINT('Origin',(-4.5270000000003,-78.0120000000003,2.));
#12377=CARTESIAN_POINT('Origin',(2.97347787270361,-79.4250000000004,14.));
#12378=CARTESIAN_POINT('',(2.97347787270361,-79.4250000000004,2.));
#12379=CARTESIAN_POINT('',(2.97347787270361,-79.4250000000004,14.));
#12380=CARTESIAN_POINT('',(-5.9400000000004,-79.4250000000004,2.));
#12381=CARTESIAN_POINT('Origin',(4.52700000000026,-78.0120000000003,14.));
#12382=CARTESIAN_POINT('',(5.94000000000034,-76.4584778727037,2.));
#12383=CARTESIAN_POINT('',(5.94000000000034,-76.4584778727037,14.));
#12384=CARTESIAN_POINT('Origin',(4.52700000000026,-78.0120000000003,2.));
#12385=CARTESIAN_POINT('Origin',(5.94000000000034,-70.5115221272964,14.));
#12386=CARTESIAN_POINT('',(5.94000000000034,-70.5115221272964,2.));
#12387=CARTESIAN_POINT('',(5.94000000000034,-70.5115221272964,14.));
#12388=CARTESIAN_POINT('',(5.94000000000034,-79.4250000000004,2.));
#12389=CARTESIAN_POINT('Origin',(4.52700000000025,-68.9579999999997,14.));
#12390=CARTESIAN_POINT('Origin',(4.52700000000025,-68.9579999999997,2.));
#12391=CARTESIAN_POINT('Origin',(-2.22044604925031E-14,-73.485,2.));
#12392=CARTESIAN_POINT('Origin',(76.4417154881297,-23.7939640988454,14.));
#12393=CARTESIAN_POINT('',(76.4417154881297,-23.7939640988454,2.));
#12394=CARTESIAN_POINT('',(76.4417154881297,-23.7939640988454,14.));
#12395=CARTESIAN_POINT('',(72.9461826049435,-28.6051523616753,2.));
#12396=CARTESIAN_POINT('',(71.2025046479193,-31.0051191768476,2.));
#12397=CARTESIAN_POINT('',(72.9461826049435,-28.6051523616753,14.));
#12398=CARTESIAN_POINT('Origin',(76.2117118706128,-21.7065977352357,14.));
#12399=CARTESIAN_POINT('',(75.7854266299817,-19.6503193266489,2.));
#12400=CARTESIAN_POINT('',(75.7854266299817,-19.6503193266489,14.));
#12401=CARTESIAN_POINT('Origin',(76.2117118706128,-21.7065977352357,2.));
#12402=CARTESIAN_POINT('Origin',(70.9742383671517,-16.1547864434627,14.));
#12403=CARTESIAN_POINT('',(70.9742383671517,-16.1547864434627,2.));
#12404=CARTESIAN_POINT('',(70.9742383671517,-16.1547864434627,14.));
#12405=CARTESIAN_POINT('',(78.1853934451539,-21.3939972836731,2.));
#12406=CARTESIAN_POINT('Origin',(68.886872003542,-16.3847900609796,14.));
#12407=CARTESIAN_POINT('',(66.8305935949552,-16.8110753016107,2.));
#12408=CARTESIAN_POINT('',(66.8305935949552,-16.8110753016107,14.));
#12409=CARTESIAN_POINT('Origin',(68.886872003542,-16.3847900609796,2.));
#12410=CARTESIAN_POINT('Origin',(63.335060711769,-21.6222635644407,14.));
#12411=CARTESIAN_POINT('',(63.335060711769,-21.6222635644407,2.));
#12412=CARTESIAN_POINT('',(63.335060711769,-21.6222635644407,14.));
#12413=CARTESIAN_POINT('',(68.5742715519795,-14.4111084864385,2.));
#12414=CARTESIAN_POINT('Origin',(63.5650643292859,-23.7096299280504,14.));
#12415=CARTESIAN_POINT('',(63.9913495699171,-25.7659083366371,2.));
#12416=CARTESIAN_POINT('',(63.9913495699171,-25.7659083366371,14.));
#12417=CARTESIAN_POINT('Origin',(63.5650643292859,-23.7096299280504,2.));
#12418=CARTESIAN_POINT('Origin',(68.802537832747,-29.2614412198233,14.));
#12419=CARTESIAN_POINT('',(68.802537832747,-29.2614412198233,2.));
#12420=CARTESIAN_POINT('',(68.802537832747,-29.2614412198233,14.));
#12421=CARTESIAN_POINT('',(61.5913827547448,-24.0222303796129,2.));
#12422=CARTESIAN_POINT('Origin',(70.8899041963567,-29.0314376023065,14.));
#12423=CARTESIAN_POINT('Origin',(70.8899041963567,-29.0314376023065,2.));
#12424=CARTESIAN_POINT('Origin',(69.8883880999494,-22.708113831643,2.));
#12425=CARTESIAN_POINT('Origin',(28.6051523616755,-72.9461826049437,14.));
#12426=CARTESIAN_POINT('',(28.6051523616756,-72.9461826049437,2.));
#12427=CARTESIAN_POINT('',(28.6051523616756,-72.9461826049437,14.));
#12428=CARTESIAN_POINT('',(23.7939640988454,-76.44171548813,2.));
#12429=CARTESIAN_POINT('',(21.3939972836731,-78.1853934451543,2.));
#12430=CARTESIAN_POINT('',(23.7939640988454,-76.44171548813,14.));
#12431=CARTESIAN_POINT('Origin',(29.0314376023067,-70.8899041963568,14.));
#12432=CARTESIAN_POINT('',(29.2614412198236,-68.802537832747,2.));
#12433=CARTESIAN_POINT('',(29.2614412198236,-68.802537832747,14.));
#12434=CARTESIAN_POINT('Origin',(29.0314376023067,-70.8899041963568,2.));
#12435=CARTESIAN_POINT('Origin',(25.7659083366373,-63.9913495699169,14.));
#12436=CARTESIAN_POINT('',(25.7659083366373,-63.9913495699169,2.));
#12437=CARTESIAN_POINT('',(25.7659083366373,-63.9913495699169,14.));
#12438=CARTESIAN_POINT('',(31.0051191768479,-71.2025046479194,2.));
#12439=CARTESIAN_POINT('Origin',(23.7096299280504,-63.5650643292857,14.));
#12440=CARTESIAN_POINT('',(21.6222635644406,-63.3350607117689,2.));
#12441=CARTESIAN_POINT('',(21.6222635644406,-63.3350607117689,14.));
#12442=CARTESIAN_POINT('Origin',(23.7096299280504,-63.5650643292857,2.));
#12443=CARTESIAN_POINT('Origin',(16.8110753016105,-66.8305935949552,14.));
#12444=CARTESIAN_POINT('',(16.8110753016105,-66.8305935949552,2.));
#12445=CARTESIAN_POINT('',(16.8110753016105,-66.8305935949552,14.));
#12446=CARTESIAN_POINT('',(24.022230379613,-61.5913827547446,2.));
#12447=CARTESIAN_POINT('Origin',(16.3847900609793,-68.886872003542,14.));
#12448=CARTESIAN_POINT('',(16.1547864434625,-70.9742383671518,2.));
#12449=CARTESIAN_POINT('',(16.1547864434625,-70.9742383671518,14.));
#12450=CARTESIAN_POINT('Origin',(16.3847900609793,-68.886872003542,2.));
#12451=CARTESIAN_POINT('Origin',(19.6503193266488,-75.7854266299819,14.));
#12452=CARTESIAN_POINT('',(19.6503193266488,-75.7854266299819,2.));
#12453=CARTESIAN_POINT('',(19.6503193266488,-75.7854266299819,14.));
#12454=CARTESIAN_POINT('',(14.4111084864382,-68.5742715519795,2.));
#12455=CARTESIAN_POINT('Origin',(21.7065977352356,-76.2117118706131,14.));
#12456=CARTESIAN_POINT('Origin',(21.7065977352356,-76.2117118706131,2.));
#12457=CARTESIAN_POINT('Origin',(22.708113831643,-69.8883880999494,2.));
#12458=CARTESIAN_POINT('Origin',(-60.4429983919501,-36.6252683628553,14.));
#12459=CARTESIAN_POINT('',(-60.4429983919501,-36.6252683628553,2.));
#12460=CARTESIAN_POINT('',(-60.4429983919501,-36.6252683628553,14.));
#12461=CARTESIAN_POINT('',(-54.7871073781613,-38.4629787529819,2.));
#12462=CARTESIAN_POINT('',(-51.9657771782618,-39.379684504506,2.));
#12463=CARTESIAN_POINT('',(-54.7871073781613,-38.4629787529819,14.));
#12464=CARTESIAN_POINT('Origin',(-62.3571267473762,-37.4890464819083,14.));
#12465=CARTESIAN_POINT('',(-64.1810343433736,-38.5298928112307,2.));
#12466=CARTESIAN_POINT('',(-64.1810343433736,-38.5298928112307,14.));
#12467=CARTESIAN_POINT('Origin',(-62.3571267473762,-37.4890464819083,2.));
#12468=CARTESIAN_POINT('Origin',(-66.0187447335002,-44.1857838250194,14.));
#12469=CARTESIAN_POINT('',(-66.0187447335002,-44.1857838250194,2.));
#12470=CARTESIAN_POINT('',(-66.0187447335002,-44.1857838250194,14.));
#12471=CARTESIAN_POINT('',(-63.2643285918495,-35.7085626113312,2.));
#12472=CARTESIAN_POINT('Origin',(-65.1549666144472,-46.0999121804455,14.));
#12473=CARTESIAN_POINT('',(-64.1141202851248,-47.9238197764429,2.));
#12474=CARTESIAN_POINT('',(-64.1141202851248,-47.9238197764429,14.));
#12475=CARTESIAN_POINT('Origin',(-65.1549666144472,-46.0999121804455,2.));
#12476=CARTESIAN_POINT('Origin',(-58.4582292713361,-49.7615301665696,14.));
#12477=CARTESIAN_POINT('',(-58.4582292713361,-49.7615301665696,2.));
#12478=CARTESIAN_POINT('',(-58.4582292713361,-49.7615301665696,14.));
#12479=CARTESIAN_POINT('',(-66.9354504850243,-47.0071140249189,2.));
#12480=CARTESIAN_POINT('Origin',(-56.54410091591,-48.8977520475166,14.));
#12481=CARTESIAN_POINT('',(-54.7201933199126,-47.8569057181942,2.));
#12482=CARTESIAN_POINT('',(-54.7201933199126,-47.8569057181942,14.));
#12483=CARTESIAN_POINT('Origin',(-56.54410091591,-48.8977520475166,2.));
#12484=CARTESIAN_POINT('Origin',(-52.8824829297859,-42.2010147044055,14.));
#12485=CARTESIAN_POINT('',(-52.8824829297859,-42.2010147044055,2.));
#12486=CARTESIAN_POINT('',(-52.8824829297859,-42.2010147044055,14.));
#12487=CARTESIAN_POINT('',(-55.6368990714366,-50.6782359180937,2.));
#12488=CARTESIAN_POINT('Origin',(-53.7462610488389,-40.2868863489793,14.));
#12489=CARTESIAN_POINT('Origin',(-53.7462610488389,-40.2868863489793,2.));
#12490=CARTESIAN_POINT('Origin',(-59.4506138316431,-43.1933992647124,2.));
#12491=CARTESIAN_POINT('Origin',(-56.5441009159102,48.8977520475161,14.));
#12492=CARTESIAN_POINT('',(-58.4582292713362,49.761530166569,2.));
#12493=CARTESIAN_POINT('',(-58.4582292713362,49.761530166569,14.));
#12494=CARTESIAN_POINT('',(-54.720193319913,47.8569057181937,2.));
#12495=CARTESIAN_POINT('Origin',(-56.5441009159102,48.8977520475161,2.));
#12496=CARTESIAN_POINT('',(-54.720193319913,47.8569057181937,14.));
#12497=CARTESIAN_POINT('Origin',(-64.1141202851244,47.9238197764425,14.));
#12498=CARTESIAN_POINT('',(-64.1141202851244,47.9238197764425,2.));
#12499=CARTESIAN_POINT('',(-64.1141202851244,47.9238197764425,14.));
#12500=CARTESIAN_POINT('',(-55.636899071437,50.6782359180929,2.));
#12501=CARTESIAN_POINT('Origin',(-65.1549666144466,46.0999121804452,14.));
#12502=CARTESIAN_POINT('',(-66.0187447334996,44.1857838250193,2.));
#12503=CARTESIAN_POINT('',(-66.0187447334996,44.1857838250193,14.));
#12504=CARTESIAN_POINT('Origin',(-65.1549666144466,46.0999121804452,2.));
#12505=CARTESIAN_POINT('Origin',(-64.1810343433731,38.5298928112311,14.));
#12506=CARTESIAN_POINT('',(-64.1810343433731,38.5298928112311,2.));
#12507=CARTESIAN_POINT('',(-64.1810343433731,38.5298928112311,14.));
#12508=CARTESIAN_POINT('',(-66.9354504850235,47.0071140249185,2.));
#12509=CARTESIAN_POINT('Origin',(-62.3571267473758,37.4890464819088,14.));
#12510=CARTESIAN_POINT('',(-60.4429983919499,36.6252683628559,2.));
#12511=CARTESIAN_POINT('',(-60.4429983919499,36.6252683628559,14.));
#12512=CARTESIAN_POINT('Origin',(-62.3571267473758,37.4890464819088,2.));
#12513=CARTESIAN_POINT('Origin',(-54.7871073781618,38.4629787529824,14.));
#12514=CARTESIAN_POINT('',(-54.7871073781618,38.4629787529824,2.));
#12515=CARTESIAN_POINT('',(-54.7871073781618,38.4629787529824,14.));
#12516=CARTESIAN_POINT('',(-63.2643285918491,35.708562611332,2.));
#12517=CARTESIAN_POINT('Origin',(-53.7462610488395,40.2868863489796,14.));
#12518=CARTESIAN_POINT('',(-52.8824829297865,42.2010147044055,2.));
#12519=CARTESIAN_POINT('',(-52.8824829297865,42.2010147044055,14.));
#12520=CARTESIAN_POINT('Origin',(-53.7462610488395,40.2868863489796,2.));
#12521=CARTESIAN_POINT('Origin',(-54.720193319913,47.8569057181937,14.));
#12522=CARTESIAN_POINT('',(-51.9657771782626,39.3796845045064,2.));
#12523=CARTESIAN_POINT('Origin',(-59.450613831643,43.1933992647124,2.));
#12524=CARTESIAN_POINT('Origin',(21.6222635644407,63.335060711769,14.));
#12525=CARTESIAN_POINT('',(21.6222635644407,63.335060711769,2.));
#12526=CARTESIAN_POINT('',(21.6222635644407,63.335060711769,14.));
#12527=CARTESIAN_POINT('',(16.8110753016107,66.8305935949553,2.));
#12528=CARTESIAN_POINT('',(14.4111084864384,68.5742715519795,2.));
#12529=CARTESIAN_POINT('',(16.8110753016107,66.8305935949553,14.));
#12530=CARTESIAN_POINT('Origin',(23.7096299280504,63.5650643292859,14.));
#12531=CARTESIAN_POINT('',(25.7659083366372,63.9913495699171,2.));
#12532=CARTESIAN_POINT('',(25.7659083366372,63.9913495699171,14.));
#12533=CARTESIAN_POINT('Origin',(23.7096299280504,63.5650643292859,2.));
#12534=CARTESIAN_POINT('Origin',(29.2614412198235,68.8025378327471,14.));
#12535=CARTESIAN_POINT('',(29.2614412198235,68.8025378327471,2.));
#12536=CARTESIAN_POINT('',(29.2614412198235,68.8025378327471,14.));
#12537=CARTESIAN_POINT('',(24.022230379613,61.5913827547448,2.));
#12538=CARTESIAN_POINT('Origin',(29.0314376023066,70.8899041963569,14.));
#12539=CARTESIAN_POINT('',(28.6051523616754,72.9461826049436,2.));
#12540=CARTESIAN_POINT('',(28.6051523616754,72.9461826049436,14.));
#12541=CARTESIAN_POINT('Origin',(29.0314376023066,70.8899041963569,2.));
#12542=CARTESIAN_POINT('Origin',(23.7939640988454,76.4417154881299,14.));
#12543=CARTESIAN_POINT('',(23.7939640988454,76.4417154881299,2.));
#12544=CARTESIAN_POINT('',(23.7939640988454,76.4417154881299,14.));
#12545=CARTESIAN_POINT('',(31.0051191768477,71.2025046479194,2.));
#12546=CARTESIAN_POINT('Origin',(21.7065977352357,76.211711870613,14.));
#12547=CARTESIAN_POINT('',(19.6503193266489,75.7854266299819,2.));
#12548=CARTESIAN_POINT('',(19.6503193266489,75.7854266299819,14.));
#12549=CARTESIAN_POINT('Origin',(21.7065977352357,76.211711870613,2.));
#12550=CARTESIAN_POINT('Origin',(16.1547864434626,70.9742383671518,14.));
#12551=CARTESIAN_POINT('',(16.1547864434626,70.9742383671518,2.));
#12552=CARTESIAN_POINT('',(16.1547864434626,70.9742383671518,14.));
#12553=CARTESIAN_POINT('',(21.3939972836731,78.1853934451541,2.));
#12554=CARTESIAN_POINT('Origin',(16.3847900609795,68.8868720035421,14.));
#12555=CARTESIAN_POINT('Origin',(16.3847900609795,68.8868720035421,2.));
#12556=CARTESIAN_POINT('Origin',(22.7081138316431,69.8883880999495,2.));
#12557=CARTESIAN_POINT('Origin',(67.5449999999999,-2.97347787270354,14.));
#12558=CARTESIAN_POINT('',(67.5449999999999,-2.97347787270354,2.));
#12559=CARTESIAN_POINT('',(67.5449999999999,-2.97347787270354,14.));
#12560=CARTESIAN_POINT('',(67.5449999999999,2.9734778727035,2.));
#12561=CARTESIAN_POINT('',(67.5449999999999,5.9400000000001,2.));
#12562=CARTESIAN_POINT('',(67.5449999999999,2.9734778727035,14.));
#12563=CARTESIAN_POINT('Origin',(68.958,-4.52700000000011,14.));
#12564=CARTESIAN_POINT('',(70.5115221272966,-5.94000000000013,2.));
#12565=CARTESIAN_POINT('',(70.5115221272966,-5.94000000000013,14.));
#12566=CARTESIAN_POINT('Origin',(68.958,-4.52700000000011,2.));
#12567=CARTESIAN_POINT('Origin',(76.4584778727036,-5.94000000000013,14.));
#12568=CARTESIAN_POINT('',(76.4584778727036,-5.94000000000013,2.));
#12569=CARTESIAN_POINT('',(76.4584778727036,-5.94000000000013,14.));
#12570=CARTESIAN_POINT('',(67.5449999999999,-5.94000000000014,2.));
#12571=CARTESIAN_POINT('Origin',(78.0120000000001,-4.5270000000001,14.));
#12572=CARTESIAN_POINT('',(79.4250000000002,-2.97347787270354,2.));
#12573=CARTESIAN_POINT('',(79.4250000000002,-2.97347787270354,14.));
#12574=CARTESIAN_POINT('Origin',(78.0120000000001,-4.5270000000001,2.));
#12575=CARTESIAN_POINT('Origin',(79.4250000000002,2.97347787270351,14.));
#12576=CARTESIAN_POINT('',(79.4250000000002,2.97347787270351,2.));
#12577=CARTESIAN_POINT('',(79.4250000000002,2.97347787270351,14.));
#12578=CARTESIAN_POINT('',(79.4250000000002,-5.94000000000013,2.));
#12579=CARTESIAN_POINT('Origin',(78.0120000000001,4.52700000000007,14.));
#12580=CARTESIAN_POINT('',(76.4584778727036,5.94000000000011,2.));
#12581=CARTESIAN_POINT('',(76.4584778727036,5.94000000000011,14.));
#12582=CARTESIAN_POINT('Origin',(78.0120000000001,4.52700000000007,2.));
#12583=CARTESIAN_POINT('Origin',(70.5115221272965,5.9400000000001,14.));
#12584=CARTESIAN_POINT('',(70.5115221272965,5.9400000000001,2.));
#12585=CARTESIAN_POINT('',(70.5115221272965,5.9400000000001,14.));
#12586=CARTESIAN_POINT('',(79.4250000000002,5.94000000000011,2.));
#12587=CARTESIAN_POINT('Origin',(68.958,4.52700000000008,14.));
#12588=CARTESIAN_POINT('Origin',(68.958,4.52700000000008,2.));
#12589=CARTESIAN_POINT('Origin',(73.485,-1.55431223447522E-14,2.));
#12590=CARTESIAN_POINT('Origin',(0.,0.,0.));
#12591=CARTESIAN_POINT('',(-95.,1.16341445918999E-14,12.));
#12592=CARTESIAN_POINT('',(-95.,-1.16341445918999E-14,0.));
#12593=CARTESIAN_POINT('Origin',(0.,0.,12.));
#12594=CARTESIAN_POINT('Origin',(0.,0.,0.));
#12595=CARTESIAN_POINT('',(60.,7.34788079488412E-15,0.));
#12596=CARTESIAN_POINT('',(60.,7.34788079488412E-15,0.));
#12597=CARTESIAN_POINT('Origin',(0.,0.,0.));
#12598=CARTESIAN_POINT('Origin',(0.,0.,0.));
#12599=CARTESIAN_POINT('',(-120.,-1.46957615897682E-14,12.));
#12600=CARTESIAN_POINT('Origin',(0.,0.,12.));
#12601=CARTESIAN_POINT('',(-120.,-1.46957615897682E-14,0.));
#12602=CARTESIAN_POINT('',(-120.,-1.46957615897682E-14,0.));
#12603=CARTESIAN_POINT('Origin',(0.,0.,0.));
#12604=CARTESIAN_POINT('Origin',(0.,0.,12.));
#12605=CARTESIAN_POINT('Origin',(0.,0.,0.));
#12606=UNCERTAINTY_MEASURE_WITH_UNIT(LENGTH_MEASURE(0.01),#12610,
'DISTANCE_ACCURACY_VALUE',
'Maximum model space distance between geometric entities at asserted c
onnectivities');
#12607=UNCERTAINTY_MEASURE_WITH_UNIT(LENGTH_MEASURE(0.01),#12610,
'DISTANCE_ACCURACY_VALUE',
'Maximum model space distance between geometric entities at asserted c
onnectivities');
#12608=(
GEOMETRIC_REPRESENTATION_CONTEXT(3)
GLOBAL_UNCERTAINTY_ASSIGNED_CONTEXT((#12606))
GLOBAL_UNIT_ASSIGNED_CONTEXT((#12610,#12612,#12613))
REPRESENTATION_CONTEXT('','3D')
);
#12609=(
GEOMETRIC_REPRESENTATION_CONTEXT(3)
GLOBAL_UNCERTAINTY_ASSIGNED_CONTEXT((#12607))
GLOBAL_UNIT_ASSIGNED_CONTEXT((#12610,#12612,#12613))
REPRESENTATION_CONTEXT('','3D')
);
#12610=(
LENGTH_UNIT()
NAMED_UNIT(*)
SI_UNIT(.MILLI.,.METRE.)
);
#12611=(
LENGTH_UNIT()
NAMED_UNIT(*)
SI_UNIT(.CENTI.,.METRE.)
);
#12612=(
NAMED_UNIT(*)
PLANE_ANGLE_UNIT()
SI_UNIT($,.RADIAN.)
);
#12613=(
NAMED_UNIT(*)
SI_UNIT($,.STERADIAN.)
SOLID_ANGLE_UNIT()
);
#12614=SHAPE_DEFINITION_REPRESENTATION(#12615,#12616);
#12615=PRODUCT_DEFINITION_SHAPE('',$,#12618);
#12616=SHAPE_REPRESENTATION('',(#7350),#12608);
#12617=PRODUCT_DEFINITION_CONTEXT('part definition',#12622,'design');
#12618=PRODUCT_DEFINITION('Ring_1','Ring_1',#12619,#12617);
#12619=PRODUCT_DEFINITION_FORMATION('',$,#12624);
#12620=PRODUCT_RELATED_PRODUCT_CATEGORY('Ring_1','Ring_1',(#12624));
#12621=APPLICATION_PROTOCOL_DEFINITION('international standard',
'automotive_design',2009,#12622);
#12622=APPLICATION_CONTEXT(
'Core Data for Automotive Mechanical Design Process');
#12623=PRODUCT_CONTEXT('part definition',#12622,'mechanical');
#12624=PRODUCT('Ring_1','Ring_1',$,(#12623));
#12625=PRESENTATION_STYLE_ASSIGNMENT((#12626));
#12626=SURFACE_STYLE_USAGE(.BOTH.,#12629);
#12627=SURFACE_STYLE_RENDERING_WITH_PROPERTIES($,#12633,(#12628));
#12628=SURFACE_STYLE_TRANSPARENT(0.);
#12629=SURFACE_SIDE_STYLE('',(#12630,#12627));
#12630=SURFACE_STYLE_FILL_AREA(#12631);
#12631=FILL_AREA_STYLE('',(#12632));
#12632=FILL_AREA_STYLE_COLOUR('',#12633);
#12633=COLOUR_RGB('',0.749019607843137,0.749019607843137,0.749019607843137);
ENDSEC;
END-ISO-10303-21;
