ISO-10303-21;
HEADER;
/* Generated by software containing ST-Developer
 * from STEP Tools, Inc. (www.steptools.com) 
 */

FILE_DESCRIPTION(
/* description */ (''),
/* implementation_level */ '2;1');

FILE_NAME(
/* name */ 'Ring_0.stp',
/* time_stamp */ '2025-05-08T13:45:52+02:00',
/* author */ ('23661194'),
/* organization */ (''),
/* preprocessor_version */ 'ST-DEVELOPER v20',
/* originating_system */ 'Autodesk Inventor 2024',
/* authorisation */ '');

FILE_SCHEMA (('AUTOMOTIVE_DESIGN { 1 0 10303 214 3 1 1 }'));
ENDSEC;

DATA;
#10=MECHANICAL_DESIGN_GEOMETRIC_PRESENTATION_REPRESENTATION('',(#13),#12998);
#11=SHAPE_REPRESENTATION_RELATIONSHIP('SRR','None',#13005,#12);
#12=ADVANCED_BREP_SHAPE_REPRESENTATION('',(#14),#12997);
#13=STYLED_ITEM('',(#13014),#14);
#14=MANIFOLD_SOLID_BREP('Solid1',#7557);
#15=FACE_BOUND('',#1406,.T.);
#16=FACE_BOUND('',#1407,.T.);
#17=FACE_BOUND('',#1408,.T.);
#18=FACE_BOUND('',#1409,.T.);
#19=FACE_BOUND('',#1410,.T.);
#20=FACE_BOUND('',#1411,.T.);
#21=FACE_BOUND('',#1412,.T.);
#22=FACE_BOUND('',#1413,.T.);
#23=FACE_BOUND('',#1414,.T.);
#24=FACE_BOUND('',#1415,.T.);
#25=FACE_BOUND('',#1416,.T.);
#26=FACE_BOUND('',#1417,.T.);
#27=FACE_BOUND('',#1418,.T.);
#28=FACE_BOUND('',#1419,.T.);
#29=FACE_BOUND('',#1420,.T.);
#30=FACE_BOUND('',#1421,.T.);
#31=FACE_BOUND('',#1422,.T.);
#32=FACE_BOUND('',#1423,.T.);
#33=FACE_BOUND('',#1424,.T.);
#34=FACE_BOUND('',#1425,.T.);
#35=FACE_BOUND('',#1426,.T.);
#36=FACE_BOUND('',#1427,.T.);
#37=FACE_BOUND('',#1428,.T.);
#38=FACE_BOUND('',#1429,.T.);
#39=FACE_BOUND('',#1430,.T.);
#40=FACE_BOUND('',#1431,.T.);
#41=FACE_BOUND('',#1432,.T.);
#42=FACE_BOUND('',#1433,.T.);
#43=FACE_BOUND('',#1434,.T.);
#44=FACE_BOUND('',#1435,.T.);
#45=FACE_BOUND('',#1436,.T.);
#46=FACE_BOUND('',#1437,.T.);
#47=FACE_BOUND('',#1447,.T.);
#48=FACE_BOUND('',#1457,.T.);
#49=FACE_BOUND('',#1467,.T.);
#50=FACE_BOUND('',#1477,.T.);
#51=FACE_BOUND('',#1487,.T.);
#52=FACE_BOUND('',#1497,.T.);
#53=FACE_BOUND('',#1507,.T.);
#54=FACE_BOUND('',#1517,.T.);
#55=FACE_BOUND('',#1527,.T.);
#56=FACE_BOUND('',#1537,.T.);
#57=FACE_BOUND('',#1547,.T.);
#58=FACE_BOUND('',#1557,.T.);
#59=FACE_BOUND('',#1567,.T.);
#60=FACE_BOUND('',#1577,.T.);
#61=FACE_BOUND('',#1587,.T.);
#62=FACE_BOUND('',#1597,.T.);
#63=FACE_BOUND('',#1607,.T.);
#64=FACE_BOUND('',#1617,.T.);
#65=FACE_BOUND('',#1627,.T.);
#66=FACE_BOUND('',#1637,.T.);
#67=FACE_BOUND('',#1647,.T.);
#68=FACE_BOUND('',#1652,.T.);
#69=FACE_BOUND('',#1653,.T.);
#70=FACE_BOUND('',#1654,.T.);
#71=FACE_BOUND('',#1655,.T.);
#72=FACE_BOUND('',#1656,.T.);
#73=FACE_BOUND('',#1657,.T.);
#74=FACE_BOUND('',#1658,.T.);
#75=FACE_BOUND('',#1659,.T.);
#76=FACE_BOUND('',#1660,.T.);
#77=FACE_BOUND('',#1661,.T.);
#78=FACE_BOUND('',#1662,.T.);
#79=FACE_BOUND('',#1663,.T.);
#80=FACE_BOUND('',#1664,.T.);
#81=FACE_BOUND('',#1665,.T.);
#82=FACE_BOUND('',#1666,.T.);
#83=FACE_BOUND('',#1667,.T.);
#84=FACE_BOUND('',#1668,.T.);
#85=FACE_BOUND('',#1670,.T.);
#86=FACE_BOUND('',#1671,.T.);
#87=FACE_BOUND('',#1672,.T.);
#88=FACE_BOUND('',#1673,.T.);
#89=FACE_BOUND('',#1674,.T.);
#90=FACE_BOUND('',#1675,.T.);
#91=FACE_BOUND('',#1676,.T.);
#92=FACE_BOUND('',#1677,.T.);
#93=FACE_BOUND('',#1678,.T.);
#94=FACE_BOUND('',#1679,.T.);
#95=FACE_BOUND('',#1680,.T.);
#96=FACE_BOUND('',#1681,.T.);
#97=FACE_BOUND('',#1682,.T.);
#98=FACE_BOUND('',#1683,.T.);
#99=FACE_BOUND('',#1684,.T.);
#100=FACE_BOUND('',#1685,.T.);
#101=FACE_BOUND('',#1686,.T.);
#102=FACE_BOUND('',#1687,.T.);
#103=FACE_BOUND('',#1688,.T.);
#104=FACE_BOUND('',#1689,.T.);
#105=FACE_BOUND('',#1690,.T.);
#106=FACE_BOUND('',#1691,.T.);
#107=FACE_BOUND('',#1692,.T.);
#108=FACE_BOUND('',#1693,.T.);
#109=FACE_BOUND('',#1694,.T.);
#110=FACE_BOUND('',#1695,.T.);
#111=FACE_BOUND('',#1696,.T.);
#112=FACE_BOUND('',#1697,.T.);
#113=FACE_BOUND('',#1698,.T.);
#114=FACE_BOUND('',#1699,.T.);
#115=FACE_BOUND('',#1700,.T.);
#116=FACE_BOUND('',#1701,.T.);
#117=FACE_BOUND('',#1702,.T.);
#118=FACE_BOUND('',#1703,.T.);
#119=FACE_BOUND('',#1704,.T.);
#120=FACE_BOUND('',#1705,.T.);
#121=FACE_BOUND('',#1706,.T.);
#122=FACE_BOUND('',#1707,.T.);
#123=CIRCLE('',#7582,112.800000000125);
#124=CIRCLE('',#7583,112.800000000125);
#125=CIRCLE('',#7585,2.40000000000267);
#126=CIRCLE('',#7586,2.40000000000267);
#127=CIRCLE('',#7589,2.40000000000268);
#128=CIRCLE('',#7590,2.40000000000268);
#129=CIRCLE('',#7592,99.6000000001104);
#130=CIRCLE('',#7593,99.6000000001104);
#131=CIRCLE('',#7595,2.40332530730435);
#132=CIRCLE('',#7596,2.40332530730435);
#133=CIRCLE('',#7599,2.40000000000267);
#134=CIRCLE('',#7600,2.40000000000267);
#135=CIRCLE('',#7602,112.799999999859);
#136=CIRCLE('',#7603,112.799999999859);
#137=CIRCLE('',#7606,2.40000000000266);
#138=CIRCLE('',#7607,2.40000000000266);
#139=CIRCLE('',#7609,115.400000000128);
#140=CIRCLE('',#7610,115.400000000128);
#141=CIRCLE('',#7612,2.40000000000266);
#142=CIRCLE('',#7613,2.40000000000266);
#143=CIRCLE('',#7616,112.800000000125);
#144=CIRCLE('',#7617,112.800000000125);
#145=CIRCLE('',#7619,2.40000000000267);
#146=CIRCLE('',#7620,2.40000000000267);
#147=CIRCLE('',#7623,2.40000000000268);
#148=CIRCLE('',#7624,2.40000000000268);
#149=CIRCLE('',#7626,99.6000000001104);
#150=CIRCLE('',#7627,99.6000000001104);
#151=CIRCLE('',#7629,2.40332530730435);
#152=CIRCLE('',#7630,2.40332530730435);
#153=CIRCLE('',#7633,2.40000000000267);
#154=CIRCLE('',#7634,2.40000000000267);
#155=CIRCLE('',#7636,112.799999999859);
#156=CIRCLE('',#7637,112.799999999859);
#157=CIRCLE('',#7640,2.40000000000266);
#158=CIRCLE('',#7641,2.40000000000266);
#159=CIRCLE('',#7643,115.400000000128);
#160=CIRCLE('',#7644,115.400000000128);
#161=CIRCLE('',#7646,2.40000000000266);
#162=CIRCLE('',#7647,2.40000000000266);
#163=CIRCLE('',#7650,112.800000000125);
#164=CIRCLE('',#7651,112.800000000125);
#165=CIRCLE('',#7653,2.40000000000267);
#166=CIRCLE('',#7654,2.40000000000267);
#167=CIRCLE('',#7657,2.40000000000268);
#168=CIRCLE('',#7658,2.40000000000268);
#169=CIRCLE('',#7660,99.6000000001104);
#170=CIRCLE('',#7661,99.6000000001104);
#171=CIRCLE('',#7663,2.40332530730435);
#172=CIRCLE('',#7664,2.40332530730435);
#173=CIRCLE('',#7667,2.40000000000267);
#174=CIRCLE('',#7668,2.40000000000267);
#175=CIRCLE('',#7670,112.799999999859);
#176=CIRCLE('',#7671,112.799999999859);
#177=CIRCLE('',#7674,2.40000000000266);
#178=CIRCLE('',#7675,2.40000000000266);
#179=CIRCLE('',#7677,115.400000000128);
#180=CIRCLE('',#7678,115.400000000128);
#181=CIRCLE('',#7680,2.40000000000266);
#182=CIRCLE('',#7681,2.40000000000266);
#183=CIRCLE('',#7684,112.800000000125);
#184=CIRCLE('',#7685,112.800000000125);
#185=CIRCLE('',#7687,2.40000000000267);
#186=CIRCLE('',#7688,2.40000000000267);
#187=CIRCLE('',#7691,2.40000000000268);
#188=CIRCLE('',#7692,2.40000000000268);
#189=CIRCLE('',#7694,99.6000000001104);
#190=CIRCLE('',#7695,99.6000000001104);
#191=CIRCLE('',#7697,2.40332530730435);
#192=CIRCLE('',#7698,2.40332530730435);
#193=CIRCLE('',#7701,2.40000000000267);
#194=CIRCLE('',#7702,2.40000000000267);
#195=CIRCLE('',#7704,112.799999999859);
#196=CIRCLE('',#7705,112.799999999859);
#197=CIRCLE('',#7708,2.40000000000266);
#198=CIRCLE('',#7709,2.40000000000266);
#199=CIRCLE('',#7711,115.400000000128);
#200=CIRCLE('',#7712,115.400000000128);
#201=CIRCLE('',#7714,2.40000000000266);
#202=CIRCLE('',#7715,2.40000000000266);
#203=CIRCLE('',#7718,112.800000000125);
#204=CIRCLE('',#7719,112.800000000125);
#205=CIRCLE('',#7721,2.40000000000267);
#206=CIRCLE('',#7722,2.40000000000267);
#207=CIRCLE('',#7725,2.40000000000268);
#208=CIRCLE('',#7726,2.40000000000268);
#209=CIRCLE('',#7728,99.6000000001104);
#210=CIRCLE('',#7729,99.6000000001104);
#211=CIRCLE('',#7731,2.40332530730435);
#212=CIRCLE('',#7732,2.40332530730435);
#213=CIRCLE('',#7735,2.40000000000267);
#214=CIRCLE('',#7736,2.40000000000267);
#215=CIRCLE('',#7738,112.799999999859);
#216=CIRCLE('',#7739,112.799999999859);
#217=CIRCLE('',#7742,2.40000000000266);
#218=CIRCLE('',#7743,2.40000000000266);
#219=CIRCLE('',#7745,115.400000000128);
#220=CIRCLE('',#7746,115.400000000128);
#221=CIRCLE('',#7748,2.40000000000266);
#222=CIRCLE('',#7749,2.40000000000266);
#223=CIRCLE('',#7752,112.800000000125);
#224=CIRCLE('',#7753,112.800000000125);
#225=CIRCLE('',#7755,2.40000000000267);
#226=CIRCLE('',#7756,2.40000000000267);
#227=CIRCLE('',#7759,2.40000000000268);
#228=CIRCLE('',#7760,2.40000000000268);
#229=CIRCLE('',#7762,99.6000000001104);
#230=CIRCLE('',#7763,99.6000000001104);
#231=CIRCLE('',#7765,2.40332530730435);
#232=CIRCLE('',#7766,2.40332530730435);
#233=CIRCLE('',#7769,2.40000000000267);
#234=CIRCLE('',#7770,2.40000000000267);
#235=CIRCLE('',#7772,112.799999999859);
#236=CIRCLE('',#7773,112.799999999859);
#237=CIRCLE('',#7776,2.40000000000266);
#238=CIRCLE('',#7777,2.40000000000266);
#239=CIRCLE('',#7779,115.400000000128);
#240=CIRCLE('',#7780,115.400000000128);
#241=CIRCLE('',#7782,2.40000000000266);
#242=CIRCLE('',#7783,2.40000000000266);
#243=CIRCLE('',#7786,112.800000000125);
#244=CIRCLE('',#7787,112.800000000125);
#245=CIRCLE('',#7789,2.40000000000267);
#246=CIRCLE('',#7790,2.40000000000267);
#247=CIRCLE('',#7793,2.40000000000268);
#248=CIRCLE('',#7794,2.40000000000268);
#249=CIRCLE('',#7796,99.6000000001104);
#250=CIRCLE('',#7797,99.6000000001104);
#251=CIRCLE('',#7799,2.40332530730435);
#252=CIRCLE('',#7800,2.40332530730435);
#253=CIRCLE('',#7803,2.40000000000267);
#254=CIRCLE('',#7804,2.40000000000267);
#255=CIRCLE('',#7806,112.799999999859);
#256=CIRCLE('',#7807,112.799999999859);
#257=CIRCLE('',#7810,2.40000000000266);
#258=CIRCLE('',#7811,2.40000000000266);
#259=CIRCLE('',#7813,115.400000000128);
#260=CIRCLE('',#7814,115.400000000128);
#261=CIRCLE('',#7816,2.40000000000266);
#262=CIRCLE('',#7817,2.40000000000266);
#263=CIRCLE('',#7820,112.800000000125);
#264=CIRCLE('',#7821,112.800000000125);
#265=CIRCLE('',#7823,2.40000000000267);
#266=CIRCLE('',#7824,2.40000000000267);
#267=CIRCLE('',#7827,2.40000000000268);
#268=CIRCLE('',#7828,2.40000000000268);
#269=CIRCLE('',#7830,99.6000000001104);
#270=CIRCLE('',#7831,99.6000000001104);
#271=CIRCLE('',#7833,2.40332530730435);
#272=CIRCLE('',#7834,2.40332530730435);
#273=CIRCLE('',#7837,2.40000000000267);
#274=CIRCLE('',#7838,2.40000000000267);
#275=CIRCLE('',#7840,112.799999999859);
#276=CIRCLE('',#7841,112.799999999859);
#277=CIRCLE('',#7844,2.40000000000266);
#278=CIRCLE('',#7845,2.40000000000266);
#279=CIRCLE('',#7847,115.400000000128);
#280=CIRCLE('',#7848,115.400000000128);
#281=CIRCLE('',#7850,2.40000000000266);
#282=CIRCLE('',#7851,2.40000000000266);
#283=CIRCLE('',#7853,2.1);
#284=CIRCLE('',#7854,2.1);
#285=CIRCLE('',#7857,2.1);
#286=CIRCLE('',#7858,2.1);
#287=CIRCLE('',#7861,2.1);
#288=CIRCLE('',#7862,2.1);
#289=CIRCLE('',#7865,2.1);
#290=CIRCLE('',#7866,2.1);
#291=CIRCLE('',#7869,2.1);
#292=CIRCLE('',#7870,2.1);
#293=CIRCLE('',#7873,2.1);
#294=CIRCLE('',#7874,2.1);
#295=CIRCLE('',#7877,2.1);
#296=CIRCLE('',#7878,2.1);
#297=CIRCLE('',#7881,2.1);
#298=CIRCLE('',#7882,2.1);
#299=CIRCLE('',#7885,2.1);
#300=CIRCLE('',#7886,2.1);
#301=CIRCLE('',#7889,2.1);
#302=CIRCLE('',#7890,2.1);
#303=CIRCLE('',#7893,2.15);
#304=CIRCLE('',#7894,2.15);
#305=CIRCLE('',#7896,2.15);
#306=CIRCLE('',#7897,2.15);
#307=CIRCLE('',#7899,2.15);
#308=CIRCLE('',#7900,2.15);
#309=CIRCLE('',#7902,2.15);
#310=CIRCLE('',#7903,2.15);
#311=CIRCLE('',#7905,2.15);
#312=CIRCLE('',#7906,2.15);
#313=CIRCLE('',#7908,2.15);
#314=CIRCLE('',#7909,2.15);
#315=CIRCLE('',#7911,2.15);
#316=CIRCLE('',#7912,2.15);
#317=CIRCLE('',#7914,2.15);
#318=CIRCLE('',#7915,2.15);
#319=CIRCLE('',#7917,2.00000000000001);
#320=CIRCLE('',#7918,2.00000000000001);
#321=CIRCLE('',#7920,2.00000000000002);
#322=CIRCLE('',#7921,2.00000000000002);
#323=CIRCLE('',#7923,2.);
#324=CIRCLE('',#7924,2.);
#325=CIRCLE('',#7926,2.00000000000002);
#326=CIRCLE('',#7927,2.00000000000002);
#327=CIRCLE('',#7929,2.00000000000005);
#328=CIRCLE('',#7930,2.00000000000005);
#329=CIRCLE('',#7932,2.00000000000005);
#330=CIRCLE('',#7933,2.00000000000005);
#331=CIRCLE('',#7935,2.00000000000004);
#332=CIRCLE('',#7936,2.00000000000004);
#333=CIRCLE('',#7938,2.00000000000004);
#334=CIRCLE('',#7939,2.00000000000004);
#335=CIRCLE('',#7941,2.00000000000021);
#336=CIRCLE('',#7942,2.00000000000021);
#337=CIRCLE('',#7944,2.00000000000023);
#338=CIRCLE('',#7945,2.00000000000023);
#339=CIRCLE('',#7947,2.00000000000002);
#340=CIRCLE('',#7948,2.00000000000002);
#341=CIRCLE('',#7950,2.00000000000002);
#342=CIRCLE('',#7951,2.00000000000002);
#343=CIRCLE('',#7953,2.00000000000005);
#344=CIRCLE('',#7954,2.00000000000005);
#345=CIRCLE('',#7956,2.00000000000005);
#346=CIRCLE('',#7957,2.00000000000005);
#347=CIRCLE('',#7959,2.00000000000015);
#348=CIRCLE('',#7960,2.00000000000015);
#349=CIRCLE('',#7962,2.00000000000001);
#350=CIRCLE('',#7963,2.00000000000001);
#351=CIRCLE('',#7965,2.);
#352=CIRCLE('',#7966,2.);
#353=CIRCLE('',#7968,2.00000000000021);
#354=CIRCLE('',#7969,2.00000000000021);
#355=CIRCLE('',#7971,2.);
#356=CIRCLE('',#7972,2.);
#357=CIRCLE('',#7974,2.00000000000003);
#358=CIRCLE('',#7975,2.00000000000003);
#359=CIRCLE('',#7977,2.00000000000002);
#360=CIRCLE('',#7978,2.00000000000002);
#361=CIRCLE('',#7980,0.750000000000057);
#362=CIRCLE('',#7981,0.750000000000057);
#363=CIRCLE('',#7984,0.750000000000009);
#364=CIRCLE('',#7985,0.750000000000009);
#365=CIRCLE('',#7988,0.750000000000011);
#366=CIRCLE('',#7989,0.750000000000011);
#367=CIRCLE('',#7992,0.750000000000001);
#368=CIRCLE('',#7993,0.750000000000001);
#369=CIRCLE('',#7996,0.750000000000081);
#370=CIRCLE('',#7997,0.750000000000081);
#371=CIRCLE('',#8000,0.750000000000019);
#372=CIRCLE('',#8001,0.750000000000019);
#373=CIRCLE('',#8004,0.750000000000021);
#374=CIRCLE('',#8005,0.750000000000021);
#375=CIRCLE('',#8008,0.750000000000007);
#376=CIRCLE('',#8009,0.750000000000007);
#377=CIRCLE('',#8012,0.750000000000009);
#378=CIRCLE('',#8013,0.750000000000009);
#379=CIRCLE('',#8016,0.75000000000002);
#380=CIRCLE('',#8017,0.75000000000002);
#381=CIRCLE('',#8020,0.75);
#382=CIRCLE('',#8021,0.75);
#383=CIRCLE('',#8024,0.750000000000004);
#384=CIRCLE('',#8025,0.750000000000004);
#385=CIRCLE('',#8028,0.750000000000087);
#386=CIRCLE('',#8029,0.750000000000087);
#387=CIRCLE('',#8032,0.750000000000078);
#388=CIRCLE('',#8033,0.750000000000078);
#389=CIRCLE('',#8036,0.750000000000018);
#390=CIRCLE('',#8037,0.750000000000018);
#391=CIRCLE('',#8040,0.750000000000007);
#392=CIRCLE('',#8041,0.750000000000007);
#393=CIRCLE('',#8044,0.750000000000001);
#394=CIRCLE('',#8045,0.750000000000001);
#395=CIRCLE('',#8048,0.750000000000007);
#396=CIRCLE('',#8049,0.750000000000007);
#397=CIRCLE('',#8052,0.750000000000006);
#398=CIRCLE('',#8053,0.750000000000006);
#399=CIRCLE('',#8056,0.750000000000019);
#400=CIRCLE('',#8057,0.750000000000019);
#401=CIRCLE('',#8060,0.750000000000017);
#402=CIRCLE('',#8061,0.750000000000017);
#403=CIRCLE('',#8064,95.);
#404=CIRCLE('',#8065,60.);
#405=CIRCLE('',#8066,2.10000000000004);
#406=CIRCLE('',#8067,2.10000000000004);
#407=CIRCLE('',#8068,2.10000000000004);
#408=CIRCLE('',#8069,2.10000000000004);
#409=CIRCLE('',#8070,2.10000000000005);
#410=CIRCLE('',#8071,2.10000000000005);
#411=CIRCLE('',#8072,2.10000000000005);
#412=CIRCLE('',#8073,2.10000000000005);
#413=CIRCLE('',#8074,2.10000000000001);
#414=CIRCLE('',#8075,2.10000000000001);
#415=CIRCLE('',#8076,2.10000000000001);
#416=CIRCLE('',#8077,2.10000000000001);
#417=CIRCLE('',#8078,2.10000000000002);
#418=CIRCLE('',#8079,2.10000000000002);
#419=CIRCLE('',#8080,2.10000000000002);
#420=CIRCLE('',#8081,2.10000000000002);
#421=CIRCLE('',#8082,2.1);
#422=CIRCLE('',#8083,2.1);
#423=CIRCLE('',#8084,2.1);
#424=CIRCLE('',#8085,2.1);
#425=CIRCLE('',#8086,2.10000000000002);
#426=CIRCLE('',#8087,2.10000000000002);
#427=CIRCLE('',#8088,2.10000000000002);
#428=CIRCLE('',#8089,2.10000000000002);
#429=CIRCLE('',#8090,2.10000000000005);
#430=CIRCLE('',#8091,2.10000000000005);
#431=CIRCLE('',#8092,2.10000000000005);
#432=CIRCLE('',#8093,2.10000000000005);
#433=CIRCLE('',#8094,2.10000000000022);
#434=CIRCLE('',#8095,2.10000000000022);
#435=CIRCLE('',#8096,2.10000000000022);
#436=CIRCLE('',#8097,2.10000000000022);
#437=CIRCLE('',#8098,2.10000000000024);
#438=CIRCLE('',#8099,2.10000000000024);
#439=CIRCLE('',#8100,2.10000000000024);
#440=CIRCLE('',#8101,2.10000000000024);
#441=CIRCLE('',#8102,2.10000000000001);
#442=CIRCLE('',#8103,2.10000000000001);
#443=CIRCLE('',#8104,2.10000000000001);
#444=CIRCLE('',#8105,2.10000000000001);
#445=CIRCLE('',#8106,2.1);
#446=CIRCLE('',#8107,2.1);
#447=CIRCLE('',#8108,2.1);
#448=CIRCLE('',#8109,2.1);
#449=CIRCLE('',#8110,2.10000000000006);
#450=CIRCLE('',#8111,2.10000000000006);
#451=CIRCLE('',#8112,2.10000000000006);
#452=CIRCLE('',#8113,2.10000000000006);
#453=CIRCLE('',#8114,2.10000000000003);
#454=CIRCLE('',#8115,2.10000000000003);
#455=CIRCLE('',#8116,2.10000000000003);
#456=CIRCLE('',#8117,2.10000000000003);
#457=CIRCLE('',#8118,2.10000000000002);
#458=CIRCLE('',#8119,2.10000000000002);
#459=CIRCLE('',#8120,2.10000000000002);
#460=CIRCLE('',#8121,2.10000000000002);
#461=CIRCLE('',#8122,2.10000000000006);
#462=CIRCLE('',#8123,2.10000000000006);
#463=CIRCLE('',#8124,2.10000000000006);
#464=CIRCLE('',#8125,2.10000000000006);
#465=CIRCLE('',#8126,2.10000000000005);
#466=CIRCLE('',#8127,2.10000000000005);
#467=CIRCLE('',#8128,2.10000000000005);
#468=CIRCLE('',#8129,2.10000000000005);
#469=CIRCLE('',#8130,2.10000000000023);
#470=CIRCLE('',#8131,2.10000000000023);
#471=CIRCLE('',#8132,2.10000000000023);
#472=CIRCLE('',#8133,2.10000000000023);
#473=CIRCLE('',#8134,2.1);
#474=CIRCLE('',#8135,2.1);
#475=CIRCLE('',#8136,2.1);
#476=CIRCLE('',#8137,2.1);
#477=CIRCLE('',#8138,2.10000000000003);
#478=CIRCLE('',#8139,2.10000000000003);
#479=CIRCLE('',#8140,2.10000000000003);
#480=CIRCLE('',#8141,2.10000000000003);
#481=CIRCLE('',#8142,2.10000000000002);
#482=CIRCLE('',#8143,2.10000000000002);
#483=CIRCLE('',#8144,2.10000000000002);
#484=CIRCLE('',#8145,2.10000000000002);
#485=CIRCLE('',#8146,2.10000000000016);
#486=CIRCLE('',#8147,2.10000000000016);
#487=CIRCLE('',#8148,2.10000000000016);
#488=CIRCLE('',#8149,2.10000000000016);
#489=CIRCLE('',#8152,2.10000000000016);
#490=CIRCLE('',#8155,2.10000000000016);
#491=CIRCLE('',#8158,2.10000000000016);
#492=CIRCLE('',#8161,2.10000000000016);
#493=CIRCLE('',#8165,2.10000000000002);
#494=CIRCLE('',#8168,2.10000000000002);
#495=CIRCLE('',#8171,2.10000000000002);
#496=CIRCLE('',#8174,2.10000000000002);
#497=CIRCLE('',#8178,2.10000000000003);
#498=CIRCLE('',#8181,2.10000000000003);
#499=CIRCLE('',#8184,2.10000000000003);
#500=CIRCLE('',#8187,2.10000000000003);
#501=CIRCLE('',#8190,2.1);
#502=CIRCLE('',#8193,2.1);
#503=CIRCLE('',#8196,2.1);
#504=CIRCLE('',#8199,2.1);
#505=CIRCLE('',#8203,2.10000000000023);
#506=CIRCLE('',#8206,2.10000000000023);
#507=CIRCLE('',#8209,2.10000000000023);
#508=CIRCLE('',#8212,2.10000000000023);
#509=CIRCLE('',#8217,2.10000000000005);
#510=CIRCLE('',#8220,2.10000000000005);
#511=CIRCLE('',#8223,2.10000000000005);
#512=CIRCLE('',#8226,2.10000000000005);
#513=CIRCLE('',#8230,2.10000000000006);
#514=CIRCLE('',#8233,2.10000000000006);
#515=CIRCLE('',#8236,2.10000000000006);
#516=CIRCLE('',#8239,2.10000000000006);
#517=CIRCLE('',#8243,2.10000000000002);
#518=CIRCLE('',#8246,2.10000000000002);
#519=CIRCLE('',#8249,2.10000000000002);
#520=CIRCLE('',#8252,2.10000000000002);
#521=CIRCLE('',#8255,2.10000000000003);
#522=CIRCLE('',#8258,2.10000000000003);
#523=CIRCLE('',#8261,2.10000000000003);
#524=CIRCLE('',#8264,2.10000000000003);
#525=CIRCLE('',#8269,2.10000000000006);
#526=CIRCLE('',#8272,2.10000000000006);
#527=CIRCLE('',#8275,2.10000000000006);
#528=CIRCLE('',#8278,2.10000000000006);
#529=CIRCLE('',#8282,2.1);
#530=CIRCLE('',#8285,2.1);
#531=CIRCLE('',#8288,2.1);
#532=CIRCLE('',#8291,2.1);
#533=CIRCLE('',#8295,2.10000000000001);
#534=CIRCLE('',#8298,2.10000000000001);
#535=CIRCLE('',#8301,2.10000000000001);
#536=CIRCLE('',#8304,2.10000000000001);
#537=CIRCLE('',#8308,2.10000000000024);
#538=CIRCLE('',#8311,2.10000000000024);
#539=CIRCLE('',#8314,2.10000000000024);
#540=CIRCLE('',#8317,2.10000000000024);
#541=CIRCLE('',#8320,2.10000000000022);
#542=CIRCLE('',#8323,2.10000000000022);
#543=CIRCLE('',#8326,2.10000000000022);
#544=CIRCLE('',#8329,2.10000000000022);
#545=CIRCLE('',#8334,2.10000000000005);
#546=CIRCLE('',#8337,2.10000000000005);
#547=CIRCLE('',#8340,2.10000000000005);
#548=CIRCLE('',#8343,2.10000000000005);
#549=CIRCLE('',#8347,2.10000000000002);
#550=CIRCLE('',#8350,2.10000000000002);
#551=CIRCLE('',#8353,2.10000000000002);
#552=CIRCLE('',#8356,2.10000000000002);
#553=CIRCLE('',#8360,2.1);
#554=CIRCLE('',#8363,2.1);
#555=CIRCLE('',#8366,2.1);
#556=CIRCLE('',#8369,2.1);
#557=CIRCLE('',#8373,2.10000000000002);
#558=CIRCLE('',#8376,2.10000000000002);
#559=CIRCLE('',#8379,2.10000000000002);
#560=CIRCLE('',#8382,2.10000000000002);
#561=CIRCLE('',#8386,2.10000000000001);
#562=CIRCLE('',#8389,2.10000000000001);
#563=CIRCLE('',#8392,2.10000000000001);
#564=CIRCLE('',#8395,2.10000000000001);
#565=CIRCLE('',#8399,2.10000000000005);
#566=CIRCLE('',#8402,2.10000000000005);
#567=CIRCLE('',#8405,2.10000000000005);
#568=CIRCLE('',#8408,2.10000000000005);
#569=CIRCLE('',#8412,2.10000000000004);
#570=CIRCLE('',#8415,2.10000000000004);
#571=CIRCLE('',#8418,2.10000000000004);
#572=CIRCLE('',#8421,2.10000000000004);
#573=CIRCLE('',#8424,95.);
#574=CIRCLE('',#8426,60.);
#575=CIRCLE('',#8428,120.);
#576=CIRCLE('',#8429,120.);
#577=CYLINDRICAL_SURFACE('',#7581,112.800000000125);
#578=CYLINDRICAL_SURFACE('',#7584,2.40000000000267);
#579=CYLINDRICAL_SURFACE('',#7588,2.40000000000268);
#580=CYLINDRICAL_SURFACE('',#7591,99.6000000001104);
#581=CYLINDRICAL_SURFACE('',#7594,2.40332530730435);
#582=CYLINDRICAL_SURFACE('',#7598,2.40000000000267);
#583=CYLINDRICAL_SURFACE('',#7601,112.799999999859);
#584=CYLINDRICAL_SURFACE('',#7605,2.40000000000266);
#585=CYLINDRICAL_SURFACE('',#7608,115.400000000128);
#586=CYLINDRICAL_SURFACE('',#7611,2.40000000000266);
#587=CYLINDRICAL_SURFACE('',#7615,112.800000000125);
#588=CYLINDRICAL_SURFACE('',#7618,2.40000000000267);
#589=CYLINDRICAL_SURFACE('',#7622,2.40000000000268);
#590=CYLINDRICAL_SURFACE('',#7625,99.6000000001104);
#591=CYLINDRICAL_SURFACE('',#7628,2.40332530730435);
#592=CYLINDRICAL_SURFACE('',#7632,2.40000000000267);
#593=CYLINDRICAL_SURFACE('',#7635,112.799999999859);
#594=CYLINDRICAL_SURFACE('',#7639,2.40000000000266);
#595=CYLINDRICAL_SURFACE('',#7642,115.400000000128);
#596=CYLINDRICAL_SURFACE('',#7645,2.40000000000266);
#597=CYLINDRICAL_SURFACE('',#7649,112.800000000125);
#598=CYLINDRICAL_SURFACE('',#7652,2.40000000000267);
#599=CYLINDRICAL_SURFACE('',#7656,2.40000000000268);
#600=CYLINDRICAL_SURFACE('',#7659,99.6000000001104);
#601=CYLINDRICAL_SURFACE('',#7662,2.40332530730435);
#602=CYLINDRICAL_SURFACE('',#7666,2.40000000000267);
#603=CYLINDRICAL_SURFACE('',#7669,112.799999999859);
#604=CYLINDRICAL_SURFACE('',#7673,2.40000000000266);
#605=CYLINDRICAL_SURFACE('',#7676,115.400000000128);
#606=CYLINDRICAL_SURFACE('',#7679,2.40000000000266);
#607=CYLINDRICAL_SURFACE('',#7683,112.800000000125);
#608=CYLINDRICAL_SURFACE('',#7686,2.40000000000267);
#609=CYLINDRICAL_SURFACE('',#7690,2.40000000000268);
#610=CYLINDRICAL_SURFACE('',#7693,99.6000000001104);
#611=CYLINDRICAL_SURFACE('',#7696,2.40332530730435);
#612=CYLINDRICAL_SURFACE('',#7700,2.40000000000267);
#613=CYLINDRICAL_SURFACE('',#7703,112.799999999859);
#614=CYLINDRICAL_SURFACE('',#7707,2.40000000000266);
#615=CYLINDRICAL_SURFACE('',#7710,115.400000000128);
#616=CYLINDRICAL_SURFACE('',#7713,2.40000000000266);
#617=CYLINDRICAL_SURFACE('',#7717,112.800000000125);
#618=CYLINDRICAL_SURFACE('',#7720,2.40000000000267);
#619=CYLINDRICAL_SURFACE('',#7724,2.40000000000268);
#620=CYLINDRICAL_SURFACE('',#7727,99.6000000001104);
#621=CYLINDRICAL_SURFACE('',#7730,2.40332530730435);
#622=CYLINDRICAL_SURFACE('',#7734,2.40000000000267);
#623=CYLINDRICAL_SURFACE('',#7737,112.799999999859);
#624=CYLINDRICAL_SURFACE('',#7741,2.40000000000266);
#625=CYLINDRICAL_SURFACE('',#7744,115.400000000128);
#626=CYLINDRICAL_SURFACE('',#7747,2.40000000000266);
#627=CYLINDRICAL_SURFACE('',#7751,112.800000000125);
#628=CYLINDRICAL_SURFACE('',#7754,2.40000000000267);
#629=CYLINDRICAL_SURFACE('',#7758,2.40000000000268);
#630=CYLINDRICAL_SURFACE('',#7761,99.6000000001104);
#631=CYLINDRICAL_SURFACE('',#7764,2.40332530730435);
#632=CYLINDRICAL_SURFACE('',#7768,2.40000000000267);
#633=CYLINDRICAL_SURFACE('',#7771,112.799999999859);
#634=CYLINDRICAL_SURFACE('',#7775,2.40000000000266);
#635=CYLINDRICAL_SURFACE('',#7778,115.400000000128);
#636=CYLINDRICAL_SURFACE('',#7781,2.40000000000266);
#637=CYLINDRICAL_SURFACE('',#7785,112.800000000125);
#638=CYLINDRICAL_SURFACE('',#7788,2.40000000000267);
#639=CYLINDRICAL_SURFACE('',#7792,2.40000000000268);
#640=CYLINDRICAL_SURFACE('',#7795,99.6000000001104);
#641=CYLINDRICAL_SURFACE('',#7798,2.40332530730435);
#642=CYLINDRICAL_SURFACE('',#7802,2.40000000000267);
#643=CYLINDRICAL_SURFACE('',#7805,112.799999999859);
#644=CYLINDRICAL_SURFACE('',#7809,2.40000000000266);
#645=CYLINDRICAL_SURFACE('',#7812,115.400000000128);
#646=CYLINDRICAL_SURFACE('',#7815,2.40000000000266);
#647=CYLINDRICAL_SURFACE('',#7819,112.800000000125);
#648=CYLINDRICAL_SURFACE('',#7822,2.40000000000267);
#649=CYLINDRICAL_SURFACE('',#7826,2.40000000000268);
#650=CYLINDRICAL_SURFACE('',#7829,99.6000000001104);
#651=CYLINDRICAL_SURFACE('',#7832,2.40332530730435);
#652=CYLINDRICAL_SURFACE('',#7836,2.40000000000267);
#653=CYLINDRICAL_SURFACE('',#7839,112.799999999859);
#654=CYLINDRICAL_SURFACE('',#7843,2.40000000000266);
#655=CYLINDRICAL_SURFACE('',#7846,115.400000000128);
#656=CYLINDRICAL_SURFACE('',#7849,2.40000000000266);
#657=CYLINDRICAL_SURFACE('',#7852,2.1);
#658=CYLINDRICAL_SURFACE('',#7856,2.1);
#659=CYLINDRICAL_SURFACE('',#7860,2.1);
#660=CYLINDRICAL_SURFACE('',#7864,2.1);
#661=CYLINDRICAL_SURFACE('',#7868,2.1);
#662=CYLINDRICAL_SURFACE('',#7872,2.1);
#663=CYLINDRICAL_SURFACE('',#7876,2.1);
#664=CYLINDRICAL_SURFACE('',#7880,2.1);
#665=CYLINDRICAL_SURFACE('',#7884,2.1);
#666=CYLINDRICAL_SURFACE('',#7888,2.1);
#667=CYLINDRICAL_SURFACE('',#7892,2.15);
#668=CYLINDRICAL_SURFACE('',#7895,2.15);
#669=CYLINDRICAL_SURFACE('',#7898,2.15);
#670=CYLINDRICAL_SURFACE('',#7901,2.15);
#671=CYLINDRICAL_SURFACE('',#7904,2.15);
#672=CYLINDRICAL_SURFACE('',#7907,2.15);
#673=CYLINDRICAL_SURFACE('',#7910,2.15);
#674=CYLINDRICAL_SURFACE('',#7913,2.15);
#675=CYLINDRICAL_SURFACE('',#7916,2.00000000000001);
#676=CYLINDRICAL_SURFACE('',#7919,2.00000000000002);
#677=CYLINDRICAL_SURFACE('',#7922,2.);
#678=CYLINDRICAL_SURFACE('',#7925,2.00000000000002);
#679=CYLINDRICAL_SURFACE('',#7928,2.00000000000005);
#680=CYLINDRICAL_SURFACE('',#7931,2.00000000000005);
#681=CYLINDRICAL_SURFACE('',#7934,2.00000000000004);
#682=CYLINDRICAL_SURFACE('',#7937,2.00000000000004);
#683=CYLINDRICAL_SURFACE('',#7940,2.00000000000021);
#684=CYLINDRICAL_SURFACE('',#7943,2.00000000000023);
#685=CYLINDRICAL_SURFACE('',#7946,2.00000000000002);
#686=CYLINDRICAL_SURFACE('',#7949,2.00000000000002);
#687=CYLINDRICAL_SURFACE('',#7952,2.00000000000005);
#688=CYLINDRICAL_SURFACE('',#7955,2.00000000000005);
#689=CYLINDRICAL_SURFACE('',#7958,2.00000000000015);
#690=CYLINDRICAL_SURFACE('',#7961,2.00000000000001);
#691=CYLINDRICAL_SURFACE('',#7964,2.);
#692=CYLINDRICAL_SURFACE('',#7967,2.00000000000021);
#693=CYLINDRICAL_SURFACE('',#7970,2.);
#694=CYLINDRICAL_SURFACE('',#7973,2.00000000000003);
#695=CYLINDRICAL_SURFACE('',#7976,2.00000000000002);
#696=CYLINDRICAL_SURFACE('',#7979,0.750000000000057);
#697=CYLINDRICAL_SURFACE('',#7983,0.750000000000009);
#698=CYLINDRICAL_SURFACE('',#7987,0.750000000000011);
#699=CYLINDRICAL_SURFACE('',#7991,0.750000000000001);
#700=CYLINDRICAL_SURFACE('',#7995,0.750000000000081);
#701=CYLINDRICAL_SURFACE('',#7999,0.750000000000019);
#702=CYLINDRICAL_SURFACE('',#8003,0.750000000000021);
#703=CYLINDRICAL_SURFACE('',#8007,0.750000000000007);
#704=CYLINDRICAL_SURFACE('',#8011,0.750000000000009);
#705=CYLINDRICAL_SURFACE('',#8015,0.75000000000002);
#706=CYLINDRICAL_SURFACE('',#8019,0.75);
#707=CYLINDRICAL_SURFACE('',#8023,0.750000000000004);
#708=CYLINDRICAL_SURFACE('',#8027,0.750000000000087);
#709=CYLINDRICAL_SURFACE('',#8031,0.750000000000079);
#710=CYLINDRICAL_SURFACE('',#8035,0.750000000000018);
#711=CYLINDRICAL_SURFACE('',#8039,0.750000000000007);
#712=CYLINDRICAL_SURFACE('',#8043,0.750000000000001);
#713=CYLINDRICAL_SURFACE('',#8047,0.750000000000007);
#714=CYLINDRICAL_SURFACE('',#8051,0.750000000000006);
#715=CYLINDRICAL_SURFACE('',#8055,0.75000000000002);
#716=CYLINDRICAL_SURFACE('',#8059,0.750000000000017);
#717=CYLINDRICAL_SURFACE('',#8151,2.10000000000016);
#718=CYLINDRICAL_SURFACE('',#8154,2.10000000000016);
#719=CYLINDRICAL_SURFACE('',#8157,2.10000000000016);
#720=CYLINDRICAL_SURFACE('',#8160,2.10000000000016);
#721=CYLINDRICAL_SURFACE('',#8164,2.10000000000002);
#722=CYLINDRICAL_SURFACE('',#8167,2.10000000000002);
#723=CYLINDRICAL_SURFACE('',#8170,2.10000000000002);
#724=CYLINDRICAL_SURFACE('',#8173,2.10000000000002);
#725=CYLINDRICAL_SURFACE('',#8177,2.10000000000003);
#726=CYLINDRICAL_SURFACE('',#8180,2.10000000000003);
#727=CYLINDRICAL_SURFACE('',#8183,2.10000000000003);
#728=CYLINDRICAL_SURFACE('',#8186,2.10000000000003);
#729=CYLINDRICAL_SURFACE('',#8189,2.1);
#730=CYLINDRICAL_SURFACE('',#8192,2.1);
#731=CYLINDRICAL_SURFACE('',#8195,2.1);
#732=CYLINDRICAL_SURFACE('',#8198,2.1);
#733=CYLINDRICAL_SURFACE('',#8202,2.10000000000023);
#734=CYLINDRICAL_SURFACE('',#8205,2.10000000000023);
#735=CYLINDRICAL_SURFACE('',#8208,2.10000000000023);
#736=CYLINDRICAL_SURFACE('',#8211,2.10000000000023);
#737=CYLINDRICAL_SURFACE('',#8216,2.10000000000005);
#738=CYLINDRICAL_SURFACE('',#8219,2.10000000000005);
#739=CYLINDRICAL_SURFACE('',#8222,2.10000000000005);
#740=CYLINDRICAL_SURFACE('',#8225,2.10000000000005);
#741=CYLINDRICAL_SURFACE('',#8229,2.10000000000006);
#742=CYLINDRICAL_SURFACE('',#8232,2.10000000000006);
#743=CYLINDRICAL_SURFACE('',#8235,2.10000000000006);
#744=CYLINDRICAL_SURFACE('',#8238,2.10000000000006);
#745=CYLINDRICAL_SURFACE('',#8242,2.10000000000002);
#746=CYLINDRICAL_SURFACE('',#8245,2.10000000000002);
#747=CYLINDRICAL_SURFACE('',#8248,2.10000000000002);
#748=CYLINDRICAL_SURFACE('',#8251,2.10000000000002);
#749=CYLINDRICAL_SURFACE('',#8254,2.10000000000003);
#750=CYLINDRICAL_SURFACE('',#8257,2.10000000000003);
#751=CYLINDRICAL_SURFACE('',#8260,2.10000000000003);
#752=CYLINDRICAL_SURFACE('',#8263,2.10000000000003);
#753=CYLINDRICAL_SURFACE('',#8268,2.10000000000006);
#754=CYLINDRICAL_SURFACE('',#8271,2.10000000000006);
#755=CYLINDRICAL_SURFACE('',#8274,2.10000000000006);
#756=CYLINDRICAL_SURFACE('',#8277,2.10000000000006);
#757=CYLINDRICAL_SURFACE('',#8281,2.1);
#758=CYLINDRICAL_SURFACE('',#8284,2.1);
#759=CYLINDRICAL_SURFACE('',#8287,2.1);
#760=CYLINDRICAL_SURFACE('',#8290,2.1);
#761=CYLINDRICAL_SURFACE('',#8294,2.10000000000001);
#762=CYLINDRICAL_SURFACE('',#8297,2.10000000000001);
#763=CYLINDRICAL_SURFACE('',#8300,2.10000000000001);
#764=CYLINDRICAL_SURFACE('',#8303,2.10000000000001);
#765=CYLINDRICAL_SURFACE('',#8307,2.10000000000024);
#766=CYLINDRICAL_SURFACE('',#8310,2.10000000000024);
#767=CYLINDRICAL_SURFACE('',#8313,2.10000000000024);
#768=CYLINDRICAL_SURFACE('',#8316,2.10000000000024);
#769=CYLINDRICAL_SURFACE('',#8319,2.10000000000022);
#770=CYLINDRICAL_SURFACE('',#8322,2.10000000000022);
#771=CYLINDRICAL_SURFACE('',#8325,2.10000000000022);
#772=CYLINDRICAL_SURFACE('',#8328,2.10000000000022);
#773=CYLINDRICAL_SURFACE('',#8333,2.10000000000005);
#774=CYLINDRICAL_SURFACE('',#8336,2.10000000000005);
#775=CYLINDRICAL_SURFACE('',#8339,2.10000000000005);
#776=CYLINDRICAL_SURFACE('',#8342,2.10000000000005);
#777=CYLINDRICAL_SURFACE('',#8346,2.10000000000002);
#778=CYLINDRICAL_SURFACE('',#8349,2.10000000000002);
#779=CYLINDRICAL_SURFACE('',#8352,2.10000000000002);
#780=CYLINDRICAL_SURFACE('',#8355,2.10000000000002);
#781=CYLINDRICAL_SURFACE('',#8359,2.1);
#782=CYLINDRICAL_SURFACE('',#8362,2.1);
#783=CYLINDRICAL_SURFACE('',#8365,2.1);
#784=CYLINDRICAL_SURFACE('',#8368,2.1);
#785=CYLINDRICAL_SURFACE('',#8372,2.10000000000002);
#786=CYLINDRICAL_SURFACE('',#8375,2.10000000000002);
#787=CYLINDRICAL_SURFACE('',#8378,2.10000000000002);
#788=CYLINDRICAL_SURFACE('',#8381,2.10000000000002);
#789=CYLINDRICAL_SURFACE('',#8385,2.10000000000001);
#790=CYLINDRICAL_SURFACE('',#8388,2.10000000000001);
#791=CYLINDRICAL_SURFACE('',#8391,2.10000000000001);
#792=CYLINDRICAL_SURFACE('',#8394,2.10000000000001);
#793=CYLINDRICAL_SURFACE('',#8398,2.10000000000005);
#794=CYLINDRICAL_SURFACE('',#8401,2.10000000000005);
#795=CYLINDRICAL_SURFACE('',#8404,2.10000000000005);
#796=CYLINDRICAL_SURFACE('',#8407,2.10000000000005);
#797=CYLINDRICAL_SURFACE('',#8411,2.10000000000004);
#798=CYLINDRICAL_SURFACE('',#8414,2.10000000000004);
#799=CYLINDRICAL_SURFACE('',#8417,2.10000000000004);
#800=CYLINDRICAL_SURFACE('',#8420,2.10000000000004);
#801=CYLINDRICAL_SURFACE('',#8423,95.);
#802=CYLINDRICAL_SURFACE('',#8425,60.);
#803=CYLINDRICAL_SURFACE('',#8427,120.);
#804=FACE_OUTER_BOUND('',#1202,.T.);
#805=FACE_OUTER_BOUND('',#1203,.T.);
#806=FACE_OUTER_BOUND('',#1204,.T.);
#807=FACE_OUTER_BOUND('',#1205,.T.);
#808=FACE_OUTER_BOUND('',#1206,.T.);
#809=FACE_OUTER_BOUND('',#1207,.T.);
#810=FACE_OUTER_BOUND('',#1208,.T.);
#811=FACE_OUTER_BOUND('',#1209,.T.);
#812=FACE_OUTER_BOUND('',#1210,.T.);
#813=FACE_OUTER_BOUND('',#1211,.T.);
#814=FACE_OUTER_BOUND('',#1212,.T.);
#815=FACE_OUTER_BOUND('',#1213,.T.);
#816=FACE_OUTER_BOUND('',#1214,.T.);
#817=FACE_OUTER_BOUND('',#1215,.T.);
#818=FACE_OUTER_BOUND('',#1216,.T.);
#819=FACE_OUTER_BOUND('',#1217,.T.);
#820=FACE_OUTER_BOUND('',#1218,.T.);
#821=FACE_OUTER_BOUND('',#1219,.T.);
#822=FACE_OUTER_BOUND('',#1220,.T.);
#823=FACE_OUTER_BOUND('',#1221,.T.);
#824=FACE_OUTER_BOUND('',#1222,.T.);
#825=FACE_OUTER_BOUND('',#1223,.T.);
#826=FACE_OUTER_BOUND('',#1224,.T.);
#827=FACE_OUTER_BOUND('',#1225,.T.);
#828=FACE_OUTER_BOUND('',#1226,.T.);
#829=FACE_OUTER_BOUND('',#1227,.T.);
#830=FACE_OUTER_BOUND('',#1228,.T.);
#831=FACE_OUTER_BOUND('',#1229,.T.);
#832=FACE_OUTER_BOUND('',#1230,.T.);
#833=FACE_OUTER_BOUND('',#1231,.T.);
#834=FACE_OUTER_BOUND('',#1232,.T.);
#835=FACE_OUTER_BOUND('',#1233,.T.);
#836=FACE_OUTER_BOUND('',#1234,.T.);
#837=FACE_OUTER_BOUND('',#1235,.T.);
#838=FACE_OUTER_BOUND('',#1236,.T.);
#839=FACE_OUTER_BOUND('',#1237,.T.);
#840=FACE_OUTER_BOUND('',#1238,.T.);
#841=FACE_OUTER_BOUND('',#1239,.T.);
#842=FACE_OUTER_BOUND('',#1240,.T.);
#843=FACE_OUTER_BOUND('',#1241,.T.);
#844=FACE_OUTER_BOUND('',#1242,.T.);
#845=FACE_OUTER_BOUND('',#1243,.T.);
#846=FACE_OUTER_BOUND('',#1244,.T.);
#847=FACE_OUTER_BOUND('',#1245,.T.);
#848=FACE_OUTER_BOUND('',#1246,.T.);
#849=FACE_OUTER_BOUND('',#1247,.T.);
#850=FACE_OUTER_BOUND('',#1248,.T.);
#851=FACE_OUTER_BOUND('',#1249,.T.);
#852=FACE_OUTER_BOUND('',#1250,.T.);
#853=FACE_OUTER_BOUND('',#1251,.T.);
#854=FACE_OUTER_BOUND('',#1252,.T.);
#855=FACE_OUTER_BOUND('',#1253,.T.);
#856=FACE_OUTER_BOUND('',#1254,.T.);
#857=FACE_OUTER_BOUND('',#1255,.T.);
#858=FACE_OUTER_BOUND('',#1256,.T.);
#859=FACE_OUTER_BOUND('',#1257,.T.);
#860=FACE_OUTER_BOUND('',#1258,.T.);
#861=FACE_OUTER_BOUND('',#1259,.T.);
#862=FACE_OUTER_BOUND('',#1260,.T.);
#863=FACE_OUTER_BOUND('',#1261,.T.);
#864=FACE_OUTER_BOUND('',#1262,.T.);
#865=FACE_OUTER_BOUND('',#1263,.T.);
#866=FACE_OUTER_BOUND('',#1264,.T.);
#867=FACE_OUTER_BOUND('',#1265,.T.);
#868=FACE_OUTER_BOUND('',#1266,.T.);
#869=FACE_OUTER_BOUND('',#1267,.T.);
#870=FACE_OUTER_BOUND('',#1268,.T.);
#871=FACE_OUTER_BOUND('',#1269,.T.);
#872=FACE_OUTER_BOUND('',#1270,.T.);
#873=FACE_OUTER_BOUND('',#1271,.T.);
#874=FACE_OUTER_BOUND('',#1272,.T.);
#875=FACE_OUTER_BOUND('',#1273,.T.);
#876=FACE_OUTER_BOUND('',#1274,.T.);
#877=FACE_OUTER_BOUND('',#1275,.T.);
#878=FACE_OUTER_BOUND('',#1276,.T.);
#879=FACE_OUTER_BOUND('',#1277,.T.);
#880=FACE_OUTER_BOUND('',#1278,.T.);
#881=FACE_OUTER_BOUND('',#1279,.T.);
#882=FACE_OUTER_BOUND('',#1280,.T.);
#883=FACE_OUTER_BOUND('',#1281,.T.);
#884=FACE_OUTER_BOUND('',#1282,.T.);
#885=FACE_OUTER_BOUND('',#1283,.T.);
#886=FACE_OUTER_BOUND('',#1284,.T.);
#887=FACE_OUTER_BOUND('',#1285,.T.);
#888=FACE_OUTER_BOUND('',#1286,.T.);
#889=FACE_OUTER_BOUND('',#1287,.T.);
#890=FACE_OUTER_BOUND('',#1288,.T.);
#891=FACE_OUTER_BOUND('',#1289,.T.);
#892=FACE_OUTER_BOUND('',#1290,.T.);
#893=FACE_OUTER_BOUND('',#1291,.T.);
#894=FACE_OUTER_BOUND('',#1292,.T.);
#895=FACE_OUTER_BOUND('',#1293,.T.);
#896=FACE_OUTER_BOUND('',#1294,.T.);
#897=FACE_OUTER_BOUND('',#1295,.T.);
#898=FACE_OUTER_BOUND('',#1296,.T.);
#899=FACE_OUTER_BOUND('',#1297,.T.);
#900=FACE_OUTER_BOUND('',#1298,.T.);
#901=FACE_OUTER_BOUND('',#1299,.T.);
#902=FACE_OUTER_BOUND('',#1300,.T.);
#903=FACE_OUTER_BOUND('',#1301,.T.);
#904=FACE_OUTER_BOUND('',#1302,.T.);
#905=FACE_OUTER_BOUND('',#1303,.T.);
#906=FACE_OUTER_BOUND('',#1304,.T.);
#907=FACE_OUTER_BOUND('',#1305,.T.);
#908=FACE_OUTER_BOUND('',#1306,.T.);
#909=FACE_OUTER_BOUND('',#1307,.T.);
#910=FACE_OUTER_BOUND('',#1308,.T.);
#911=FACE_OUTER_BOUND('',#1309,.T.);
#912=FACE_OUTER_BOUND('',#1310,.T.);
#913=FACE_OUTER_BOUND('',#1311,.T.);
#914=FACE_OUTER_BOUND('',#1312,.T.);
#915=FACE_OUTER_BOUND('',#1313,.T.);
#916=FACE_OUTER_BOUND('',#1314,.T.);
#917=FACE_OUTER_BOUND('',#1315,.T.);
#918=FACE_OUTER_BOUND('',#1316,.T.);
#919=FACE_OUTER_BOUND('',#1317,.T.);
#920=FACE_OUTER_BOUND('',#1318,.T.);
#921=FACE_OUTER_BOUND('',#1319,.T.);
#922=FACE_OUTER_BOUND('',#1320,.T.);
#923=FACE_OUTER_BOUND('',#1321,.T.);
#924=FACE_OUTER_BOUND('',#1322,.T.);
#925=FACE_OUTER_BOUND('',#1323,.T.);
#926=FACE_OUTER_BOUND('',#1324,.T.);
#927=FACE_OUTER_BOUND('',#1325,.T.);
#928=FACE_OUTER_BOUND('',#1326,.T.);
#929=FACE_OUTER_BOUND('',#1327,.T.);
#930=FACE_OUTER_BOUND('',#1328,.T.);
#931=FACE_OUTER_BOUND('',#1329,.T.);
#932=FACE_OUTER_BOUND('',#1330,.T.);
#933=FACE_OUTER_BOUND('',#1331,.T.);
#934=FACE_OUTER_BOUND('',#1332,.T.);
#935=FACE_OUTER_BOUND('',#1333,.T.);
#936=FACE_OUTER_BOUND('',#1334,.T.);
#937=FACE_OUTER_BOUND('',#1335,.T.);
#938=FACE_OUTER_BOUND('',#1336,.T.);
#939=FACE_OUTER_BOUND('',#1337,.T.);
#940=FACE_OUTER_BOUND('',#1338,.T.);
#941=FACE_OUTER_BOUND('',#1339,.T.);
#942=FACE_OUTER_BOUND('',#1340,.T.);
#943=FACE_OUTER_BOUND('',#1341,.T.);
#944=FACE_OUTER_BOUND('',#1342,.T.);
#945=FACE_OUTER_BOUND('',#1343,.T.);
#946=FACE_OUTER_BOUND('',#1344,.T.);
#947=FACE_OUTER_BOUND('',#1345,.T.);
#948=FACE_OUTER_BOUND('',#1346,.T.);
#949=FACE_OUTER_BOUND('',#1347,.T.);
#950=FACE_OUTER_BOUND('',#1348,.T.);
#951=FACE_OUTER_BOUND('',#1349,.T.);
#952=FACE_OUTER_BOUND('',#1350,.T.);
#953=FACE_OUTER_BOUND('',#1351,.T.);
#954=FACE_OUTER_BOUND('',#1352,.T.);
#955=FACE_OUTER_BOUND('',#1353,.T.);
#956=FACE_OUTER_BOUND('',#1354,.T.);
#957=FACE_OUTER_BOUND('',#1355,.T.);
#958=FACE_OUTER_BOUND('',#1356,.T.);
#959=FACE_OUTER_BOUND('',#1357,.T.);
#960=FACE_OUTER_BOUND('',#1358,.T.);
#961=FACE_OUTER_BOUND('',#1359,.T.);
#962=FACE_OUTER_BOUND('',#1360,.T.);
#963=FACE_OUTER_BOUND('',#1361,.T.);
#964=FACE_OUTER_BOUND('',#1362,.T.);
#965=FACE_OUTER_BOUND('',#1363,.T.);
#966=FACE_OUTER_BOUND('',#1364,.T.);
#967=FACE_OUTER_BOUND('',#1365,.T.);
#968=FACE_OUTER_BOUND('',#1366,.T.);
#969=FACE_OUTER_BOUND('',#1367,.T.);
#970=FACE_OUTER_BOUND('',#1368,.T.);
#971=FACE_OUTER_BOUND('',#1369,.T.);
#972=FACE_OUTER_BOUND('',#1370,.T.);
#973=FACE_OUTER_BOUND('',#1371,.T.);
#974=FACE_OUTER_BOUND('',#1372,.T.);
#975=FACE_OUTER_BOUND('',#1373,.T.);
#976=FACE_OUTER_BOUND('',#1374,.T.);
#977=FACE_OUTER_BOUND('',#1375,.T.);
#978=FACE_OUTER_BOUND('',#1376,.T.);
#979=FACE_OUTER_BOUND('',#1377,.T.);
#980=FACE_OUTER_BOUND('',#1378,.T.);
#981=FACE_OUTER_BOUND('',#1379,.T.);
#982=FACE_OUTER_BOUND('',#1380,.T.);
#983=FACE_OUTER_BOUND('',#1381,.T.);
#984=FACE_OUTER_BOUND('',#1382,.T.);
#985=FACE_OUTER_BOUND('',#1383,.T.);
#986=FACE_OUTER_BOUND('',#1384,.T.);
#987=FACE_OUTER_BOUND('',#1385,.T.);
#988=FACE_OUTER_BOUND('',#1386,.T.);
#989=FACE_OUTER_BOUND('',#1387,.T.);
#990=FACE_OUTER_BOUND('',#1388,.T.);
#991=FACE_OUTER_BOUND('',#1389,.T.);
#992=FACE_OUTER_BOUND('',#1390,.T.);
#993=FACE_OUTER_BOUND('',#1391,.T.);
#994=FACE_OUTER_BOUND('',#1392,.T.);
#995=FACE_OUTER_BOUND('',#1393,.T.);
#996=FACE_OUTER_BOUND('',#1394,.T.);
#997=FACE_OUTER_BOUND('',#1395,.T.);
#998=FACE_OUTER_BOUND('',#1396,.T.);
#999=FACE_OUTER_BOUND('',#1397,.T.);
#1000=FACE_OUTER_BOUND('',#1398,.T.);
#1001=FACE_OUTER_BOUND('',#1399,.T.);
#1002=FACE_OUTER_BOUND('',#1400,.T.);
#1003=FACE_OUTER_BOUND('',#1401,.T.);
#1004=FACE_OUTER_BOUND('',#1402,.T.);
#1005=FACE_OUTER_BOUND('',#1403,.T.);
#1006=FACE_OUTER_BOUND('',#1404,.T.);
#1007=FACE_OUTER_BOUND('',#1405,.T.);
#1008=FACE_OUTER_BOUND('',#1438,.T.);
#1009=FACE_OUTER_BOUND('',#1439,.T.);
#1010=FACE_OUTER_BOUND('',#1440,.T.);
#1011=FACE_OUTER_BOUND('',#1441,.T.);
#1012=FACE_OUTER_BOUND('',#1442,.T.);
#1013=FACE_OUTER_BOUND('',#1443,.T.);
#1014=FACE_OUTER_BOUND('',#1444,.T.);
#1015=FACE_OUTER_BOUND('',#1445,.T.);
#1016=FACE_OUTER_BOUND('',#1446,.T.);
#1017=FACE_OUTER_BOUND('',#1448,.T.);
#1018=FACE_OUTER_BOUND('',#1449,.T.);
#1019=FACE_OUTER_BOUND('',#1450,.T.);
#1020=FACE_OUTER_BOUND('',#1451,.T.);
#1021=FACE_OUTER_BOUND('',#1452,.T.);
#1022=FACE_OUTER_BOUND('',#1453,.T.);
#1023=FACE_OUTER_BOUND('',#1454,.T.);
#1024=FACE_OUTER_BOUND('',#1455,.T.);
#1025=FACE_OUTER_BOUND('',#1456,.T.);
#1026=FACE_OUTER_BOUND('',#1458,.T.);
#1027=FACE_OUTER_BOUND('',#1459,.T.);
#1028=FACE_OUTER_BOUND('',#1460,.T.);
#1029=FACE_OUTER_BOUND('',#1461,.T.);
#1030=FACE_OUTER_BOUND('',#1462,.T.);
#1031=FACE_OUTER_BOUND('',#1463,.T.);
#1032=FACE_OUTER_BOUND('',#1464,.T.);
#1033=FACE_OUTER_BOUND('',#1465,.T.);
#1034=FACE_OUTER_BOUND('',#1466,.T.);
#1035=FACE_OUTER_BOUND('',#1468,.T.);
#1036=FACE_OUTER_BOUND('',#1469,.T.);
#1037=FACE_OUTER_BOUND('',#1470,.T.);
#1038=FACE_OUTER_BOUND('',#1471,.T.);
#1039=FACE_OUTER_BOUND('',#1472,.T.);
#1040=FACE_OUTER_BOUND('',#1473,.T.);
#1041=FACE_OUTER_BOUND('',#1474,.T.);
#1042=FACE_OUTER_BOUND('',#1475,.T.);
#1043=FACE_OUTER_BOUND('',#1476,.T.);
#1044=FACE_OUTER_BOUND('',#1478,.T.);
#1045=FACE_OUTER_BOUND('',#1479,.T.);
#1046=FACE_OUTER_BOUND('',#1480,.T.);
#1047=FACE_OUTER_BOUND('',#1481,.T.);
#1048=FACE_OUTER_BOUND('',#1482,.T.);
#1049=FACE_OUTER_BOUND('',#1483,.T.);
#1050=FACE_OUTER_BOUND('',#1484,.T.);
#1051=FACE_OUTER_BOUND('',#1485,.T.);
#1052=FACE_OUTER_BOUND('',#1486,.T.);
#1053=FACE_OUTER_BOUND('',#1488,.T.);
#1054=FACE_OUTER_BOUND('',#1489,.T.);
#1055=FACE_OUTER_BOUND('',#1490,.T.);
#1056=FACE_OUTER_BOUND('',#1491,.T.);
#1057=FACE_OUTER_BOUND('',#1492,.T.);
#1058=FACE_OUTER_BOUND('',#1493,.T.);
#1059=FACE_OUTER_BOUND('',#1494,.T.);
#1060=FACE_OUTER_BOUND('',#1495,.T.);
#1061=FACE_OUTER_BOUND('',#1496,.T.);
#1062=FACE_OUTER_BOUND('',#1498,.T.);
#1063=FACE_OUTER_BOUND('',#1499,.T.);
#1064=FACE_OUTER_BOUND('',#1500,.T.);
#1065=FACE_OUTER_BOUND('',#1501,.T.);
#1066=FACE_OUTER_BOUND('',#1502,.T.);
#1067=FACE_OUTER_BOUND('',#1503,.T.);
#1068=FACE_OUTER_BOUND('',#1504,.T.);
#1069=FACE_OUTER_BOUND('',#1505,.T.);
#1070=FACE_OUTER_BOUND('',#1506,.T.);
#1071=FACE_OUTER_BOUND('',#1508,.T.);
#1072=FACE_OUTER_BOUND('',#1509,.T.);
#1073=FACE_OUTER_BOUND('',#1510,.T.);
#1074=FACE_OUTER_BOUND('',#1511,.T.);
#1075=FACE_OUTER_BOUND('',#1512,.T.);
#1076=FACE_OUTER_BOUND('',#1513,.T.);
#1077=FACE_OUTER_BOUND('',#1514,.T.);
#1078=FACE_OUTER_BOUND('',#1515,.T.);
#1079=FACE_OUTER_BOUND('',#1516,.T.);
#1080=FACE_OUTER_BOUND('',#1518,.T.);
#1081=FACE_OUTER_BOUND('',#1519,.T.);
#1082=FACE_OUTER_BOUND('',#1520,.T.);
#1083=FACE_OUTER_BOUND('',#1521,.T.);
#1084=FACE_OUTER_BOUND('',#1522,.T.);
#1085=FACE_OUTER_BOUND('',#1523,.T.);
#1086=FACE_OUTER_BOUND('',#1524,.T.);
#1087=FACE_OUTER_BOUND('',#1525,.T.);
#1088=FACE_OUTER_BOUND('',#1526,.T.);
#1089=FACE_OUTER_BOUND('',#1528,.T.);
#1090=FACE_OUTER_BOUND('',#1529,.T.);
#1091=FACE_OUTER_BOUND('',#1530,.T.);
#1092=FACE_OUTER_BOUND('',#1531,.T.);
#1093=FACE_OUTER_BOUND('',#1532,.T.);
#1094=FACE_OUTER_BOUND('',#1533,.T.);
#1095=FACE_OUTER_BOUND('',#1534,.T.);
#1096=FACE_OUTER_BOUND('',#1535,.T.);
#1097=FACE_OUTER_BOUND('',#1536,.T.);
#1098=FACE_OUTER_BOUND('',#1538,.T.);
#1099=FACE_OUTER_BOUND('',#1539,.T.);
#1100=FACE_OUTER_BOUND('',#1540,.T.);
#1101=FACE_OUTER_BOUND('',#1541,.T.);
#1102=FACE_OUTER_BOUND('',#1542,.T.);
#1103=FACE_OUTER_BOUND('',#1543,.T.);
#1104=FACE_OUTER_BOUND('',#1544,.T.);
#1105=FACE_OUTER_BOUND('',#1545,.T.);
#1106=FACE_OUTER_BOUND('',#1546,.T.);
#1107=FACE_OUTER_BOUND('',#1548,.T.);
#1108=FACE_OUTER_BOUND('',#1549,.T.);
#1109=FACE_OUTER_BOUND('',#1550,.T.);
#1110=FACE_OUTER_BOUND('',#1551,.T.);
#1111=FACE_OUTER_BOUND('',#1552,.T.);
#1112=FACE_OUTER_BOUND('',#1553,.T.);
#1113=FACE_OUTER_BOUND('',#1554,.T.);
#1114=FACE_OUTER_BOUND('',#1555,.T.);
#1115=FACE_OUTER_BOUND('',#1556,.T.);
#1116=FACE_OUTER_BOUND('',#1558,.T.);
#1117=FACE_OUTER_BOUND('',#1559,.T.);
#1118=FACE_OUTER_BOUND('',#1560,.T.);
#1119=FACE_OUTER_BOUND('',#1561,.T.);
#1120=FACE_OUTER_BOUND('',#1562,.T.);
#1121=FACE_OUTER_BOUND('',#1563,.T.);
#1122=FACE_OUTER_BOUND('',#1564,.T.);
#1123=FACE_OUTER_BOUND('',#1565,.T.);
#1124=FACE_OUTER_BOUND('',#1566,.T.);
#1125=FACE_OUTER_BOUND('',#1568,.T.);
#1126=FACE_OUTER_BOUND('',#1569,.T.);
#1127=FACE_OUTER_BOUND('',#1570,.T.);
#1128=FACE_OUTER_BOUND('',#1571,.T.);
#1129=FACE_OUTER_BOUND('',#1572,.T.);
#1130=FACE_OUTER_BOUND('',#1573,.T.);
#1131=FACE_OUTER_BOUND('',#1574,.T.);
#1132=FACE_OUTER_BOUND('',#1575,.T.);
#1133=FACE_OUTER_BOUND('',#1576,.T.);
#1134=FACE_OUTER_BOUND('',#1578,.T.);
#1135=FACE_OUTER_BOUND('',#1579,.T.);
#1136=FACE_OUTER_BOUND('',#1580,.T.);
#1137=FACE_OUTER_BOUND('',#1581,.T.);
#1138=FACE_OUTER_BOUND('',#1582,.T.);
#1139=FACE_OUTER_BOUND('',#1583,.T.);
#1140=FACE_OUTER_BOUND('',#1584,.T.);
#1141=FACE_OUTER_BOUND('',#1585,.T.);
#1142=FACE_OUTER_BOUND('',#1586,.T.);
#1143=FACE_OUTER_BOUND('',#1588,.T.);
#1144=FACE_OUTER_BOUND('',#1589,.T.);
#1145=FACE_OUTER_BOUND('',#1590,.T.);
#1146=FACE_OUTER_BOUND('',#1591,.T.);
#1147=FACE_OUTER_BOUND('',#1592,.T.);
#1148=FACE_OUTER_BOUND('',#1593,.T.);
#1149=FACE_OUTER_BOUND('',#1594,.T.);
#1150=FACE_OUTER_BOUND('',#1595,.T.);
#1151=FACE_OUTER_BOUND('',#1596,.T.);
#1152=FACE_OUTER_BOUND('',#1598,.T.);
#1153=FACE_OUTER_BOUND('',#1599,.T.);
#1154=FACE_OUTER_BOUND('',#1600,.T.);
#1155=FACE_OUTER_BOUND('',#1601,.T.);
#1156=FACE_OUTER_BOUND('',#1602,.T.);
#1157=FACE_OUTER_BOUND('',#1603,.T.);
#1158=FACE_OUTER_BOUND('',#1604,.T.);
#1159=FACE_OUTER_BOUND('',#1605,.T.);
#1160=FACE_OUTER_BOUND('',#1606,.T.);
#1161=FACE_OUTER_BOUND('',#1608,.T.);
#1162=FACE_OUTER_BOUND('',#1609,.T.);
#1163=FACE_OUTER_BOUND('',#1610,.T.);
#1164=FACE_OUTER_BOUND('',#1611,.T.);
#1165=FACE_OUTER_BOUND('',#1612,.T.);
#1166=FACE_OUTER_BOUND('',#1613,.T.);
#1167=FACE_OUTER_BOUND('',#1614,.T.);
#1168=FACE_OUTER_BOUND('',#1615,.T.);
#1169=FACE_OUTER_BOUND('',#1616,.T.);
#1170=FACE_OUTER_BOUND('',#1618,.T.);
#1171=FACE_OUTER_BOUND('',#1619,.T.);
#1172=FACE_OUTER_BOUND('',#1620,.T.);
#1173=FACE_OUTER_BOUND('',#1621,.T.);
#1174=FACE_OUTER_BOUND('',#1622,.T.);
#1175=FACE_OUTER_BOUND('',#1623,.T.);
#1176=FACE_OUTER_BOUND('',#1624,.T.);
#1177=FACE_OUTER_BOUND('',#1625,.T.);
#1178=FACE_OUTER_BOUND('',#1626,.T.);
#1179=FACE_OUTER_BOUND('',#1628,.T.);
#1180=FACE_OUTER_BOUND('',#1629,.T.);
#1181=FACE_OUTER_BOUND('',#1630,.T.);
#1182=FACE_OUTER_BOUND('',#1631,.T.);
#1183=FACE_OUTER_BOUND('',#1632,.T.);
#1184=FACE_OUTER_BOUND('',#1633,.T.);
#1185=FACE_OUTER_BOUND('',#1634,.T.);
#1186=FACE_OUTER_BOUND('',#1635,.T.);
#1187=FACE_OUTER_BOUND('',#1636,.T.);
#1188=FACE_OUTER_BOUND('',#1638,.T.);
#1189=FACE_OUTER_BOUND('',#1639,.T.);
#1190=FACE_OUTER_BOUND('',#1640,.T.);
#1191=FACE_OUTER_BOUND('',#1641,.T.);
#1192=FACE_OUTER_BOUND('',#1642,.T.);
#1193=FACE_OUTER_BOUND('',#1643,.T.);
#1194=FACE_OUTER_BOUND('',#1644,.T.);
#1195=FACE_OUTER_BOUND('',#1645,.T.);
#1196=FACE_OUTER_BOUND('',#1646,.T.);
#1197=FACE_OUTER_BOUND('',#1648,.T.);
#1198=FACE_OUTER_BOUND('',#1649,.T.);
#1199=FACE_OUTER_BOUND('',#1650,.T.);
#1200=FACE_OUTER_BOUND('',#1651,.T.);
#1201=FACE_OUTER_BOUND('',#1669,.T.);
#1202=EDGE_LOOP('',(#4804,#4805,#4806,#4807));
#1203=EDGE_LOOP('',(#4808,#4809,#4810,#4811));
#1204=EDGE_LOOP('',(#4812,#4813,#4814,#4815));
#1205=EDGE_LOOP('',(#4816,#4817,#4818,#4819));
#1206=EDGE_LOOP('',(#4820,#4821,#4822,#4823));
#1207=EDGE_LOOP('',(#4824,#4825,#4826,#4827));
#1208=EDGE_LOOP('',(#4828,#4829,#4830,#4831));
#1209=EDGE_LOOP('',(#4832,#4833,#4834,#4835));
#1210=EDGE_LOOP('',(#4836,#4837,#4838,#4839));
#1211=EDGE_LOOP('',(#4840,#4841,#4842,#4843));
#1212=EDGE_LOOP('',(#4844,#4845,#4846,#4847));
#1213=EDGE_LOOP('',(#4848,#4849,#4850,#4851));
#1214=EDGE_LOOP('',(#4852,#4853,#4854,#4855));
#1215=EDGE_LOOP('',(#4856,#4857,#4858,#4859));
#1216=EDGE_LOOP('',(#4860,#4861,#4862,#4863));
#1217=EDGE_LOOP('',(#4864,#4865,#4866,#4867));
#1218=EDGE_LOOP('',(#4868,#4869,#4870,#4871));
#1219=EDGE_LOOP('',(#4872,#4873,#4874,#4875));
#1220=EDGE_LOOP('',(#4876,#4877,#4878,#4879));
#1221=EDGE_LOOP('',(#4880,#4881,#4882,#4883));
#1222=EDGE_LOOP('',(#4884,#4885,#4886,#4887));
#1223=EDGE_LOOP('',(#4888,#4889,#4890,#4891));
#1224=EDGE_LOOP('',(#4892,#4893,#4894,#4895));
#1225=EDGE_LOOP('',(#4896,#4897,#4898,#4899));
#1226=EDGE_LOOP('',(#4900,#4901,#4902,#4903));
#1227=EDGE_LOOP('',(#4904,#4905,#4906,#4907));
#1228=EDGE_LOOP('',(#4908,#4909,#4910,#4911));
#1229=EDGE_LOOP('',(#4912,#4913,#4914,#4915));
#1230=EDGE_LOOP('',(#4916,#4917,#4918,#4919));
#1231=EDGE_LOOP('',(#4920,#4921,#4922,#4923));
#1232=EDGE_LOOP('',(#4924,#4925,#4926,#4927));
#1233=EDGE_LOOP('',(#4928,#4929,#4930,#4931));
#1234=EDGE_LOOP('',(#4932,#4933,#4934,#4935));
#1235=EDGE_LOOP('',(#4936,#4937,#4938,#4939));
#1236=EDGE_LOOP('',(#4940,#4941,#4942,#4943));
#1237=EDGE_LOOP('',(#4944,#4945,#4946,#4947));
#1238=EDGE_LOOP('',(#4948,#4949,#4950,#4951));
#1239=EDGE_LOOP('',(#4952,#4953,#4954,#4955));
#1240=EDGE_LOOP('',(#4956,#4957,#4958,#4959));
#1241=EDGE_LOOP('',(#4960,#4961,#4962,#4963));
#1242=EDGE_LOOP('',(#4964,#4965,#4966,#4967));
#1243=EDGE_LOOP('',(#4968,#4969,#4970,#4971));
#1244=EDGE_LOOP('',(#4972,#4973,#4974,#4975));
#1245=EDGE_LOOP('',(#4976,#4977,#4978,#4979));
#1246=EDGE_LOOP('',(#4980,#4981,#4982,#4983));
#1247=EDGE_LOOP('',(#4984,#4985,#4986,#4987));
#1248=EDGE_LOOP('',(#4988,#4989,#4990,#4991));
#1249=EDGE_LOOP('',(#4992,#4993,#4994,#4995));
#1250=EDGE_LOOP('',(#4996,#4997,#4998,#4999));
#1251=EDGE_LOOP('',(#5000,#5001,#5002,#5003));
#1252=EDGE_LOOP('',(#5004,#5005,#5006,#5007));
#1253=EDGE_LOOP('',(#5008,#5009,#5010,#5011));
#1254=EDGE_LOOP('',(#5012,#5013,#5014,#5015));
#1255=EDGE_LOOP('',(#5016,#5017,#5018,#5019));
#1256=EDGE_LOOP('',(#5020,#5021,#5022,#5023));
#1257=EDGE_LOOP('',(#5024,#5025,#5026,#5027));
#1258=EDGE_LOOP('',(#5028,#5029,#5030,#5031));
#1259=EDGE_LOOP('',(#5032,#5033,#5034,#5035));
#1260=EDGE_LOOP('',(#5036,#5037,#5038,#5039));
#1261=EDGE_LOOP('',(#5040,#5041,#5042,#5043));
#1262=EDGE_LOOP('',(#5044,#5045,#5046,#5047));
#1263=EDGE_LOOP('',(#5048,#5049,#5050,#5051));
#1264=EDGE_LOOP('',(#5052,#5053,#5054,#5055));
#1265=EDGE_LOOP('',(#5056,#5057,#5058,#5059));
#1266=EDGE_LOOP('',(#5060,#5061,#5062,#5063));
#1267=EDGE_LOOP('',(#5064,#5065,#5066,#5067));
#1268=EDGE_LOOP('',(#5068,#5069,#5070,#5071));
#1269=EDGE_LOOP('',(#5072,#5073,#5074,#5075));
#1270=EDGE_LOOP('',(#5076,#5077,#5078,#5079));
#1271=EDGE_LOOP('',(#5080,#5081,#5082,#5083));
#1272=EDGE_LOOP('',(#5084,#5085,#5086,#5087));
#1273=EDGE_LOOP('',(#5088,#5089,#5090,#5091));
#1274=EDGE_LOOP('',(#5092,#5093,#5094,#5095));
#1275=EDGE_LOOP('',(#5096,#5097,#5098,#5099));
#1276=EDGE_LOOP('',(#5100,#5101,#5102,#5103));
#1277=EDGE_LOOP('',(#5104,#5105,#5106,#5107));
#1278=EDGE_LOOP('',(#5108,#5109,#5110,#5111));
#1279=EDGE_LOOP('',(#5112,#5113,#5114,#5115));
#1280=EDGE_LOOP('',(#5116,#5117,#5118,#5119));
#1281=EDGE_LOOP('',(#5120,#5121,#5122,#5123));
#1282=EDGE_LOOP('',(#5124,#5125,#5126,#5127));
#1283=EDGE_LOOP('',(#5128,#5129,#5130,#5131));
#1284=EDGE_LOOP('',(#5132,#5133,#5134,#5135));
#1285=EDGE_LOOP('',(#5136,#5137,#5138,#5139));
#1286=EDGE_LOOP('',(#5140,#5141,#5142,#5143));
#1287=EDGE_LOOP('',(#5144,#5145,#5146,#5147));
#1288=EDGE_LOOP('',(#5148,#5149,#5150,#5151));
#1289=EDGE_LOOP('',(#5152,#5153,#5154,#5155));
#1290=EDGE_LOOP('',(#5156,#5157,#5158,#5159));
#1291=EDGE_LOOP('',(#5160,#5161,#5162,#5163));
#1292=EDGE_LOOP('',(#5164,#5165,#5166,#5167));
#1293=EDGE_LOOP('',(#5168,#5169,#5170,#5171));
#1294=EDGE_LOOP('',(#5172,#5173,#5174,#5175));
#1295=EDGE_LOOP('',(#5176,#5177,#5178,#5179));
#1296=EDGE_LOOP('',(#5180,#5181,#5182,#5183));
#1297=EDGE_LOOP('',(#5184,#5185,#5186,#5187));
#1298=EDGE_LOOP('',(#5188,#5189,#5190,#5191));
#1299=EDGE_LOOP('',(#5192,#5193,#5194,#5195));
#1300=EDGE_LOOP('',(#5196,#5197,#5198,#5199));
#1301=EDGE_LOOP('',(#5200,#5201,#5202,#5203));
#1302=EDGE_LOOP('',(#5204,#5205,#5206,#5207));
#1303=EDGE_LOOP('',(#5208,#5209,#5210,#5211));
#1304=EDGE_LOOP('',(#5212,#5213,#5214,#5215));
#1305=EDGE_LOOP('',(#5216,#5217,#5218,#5219));
#1306=EDGE_LOOP('',(#5220,#5221,#5222,#5223));
#1307=EDGE_LOOP('',(#5224,#5225,#5226,#5227));
#1308=EDGE_LOOP('',(#5228,#5229,#5230,#5231));
#1309=EDGE_LOOP('',(#5232,#5233,#5234,#5235));
#1310=EDGE_LOOP('',(#5236,#5237,#5238,#5239));
#1311=EDGE_LOOP('',(#5240,#5241,#5242,#5243));
#1312=EDGE_LOOP('',(#5244,#5245,#5246,#5247));
#1313=EDGE_LOOP('',(#5248,#5249,#5250,#5251));
#1314=EDGE_LOOP('',(#5252,#5253,#5254,#5255));
#1315=EDGE_LOOP('',(#5256));
#1316=EDGE_LOOP('',(#5257,#5258,#5259,#5260));
#1317=EDGE_LOOP('',(#5261));
#1318=EDGE_LOOP('',(#5262,#5263,#5264,#5265));
#1319=EDGE_LOOP('',(#5266));
#1320=EDGE_LOOP('',(#5267,#5268,#5269,#5270));
#1321=EDGE_LOOP('',(#5271));
#1322=EDGE_LOOP('',(#5272,#5273,#5274,#5275));
#1323=EDGE_LOOP('',(#5276));
#1324=EDGE_LOOP('',(#5277,#5278,#5279,#5280));
#1325=EDGE_LOOP('',(#5281));
#1326=EDGE_LOOP('',(#5282,#5283,#5284,#5285));
#1327=EDGE_LOOP('',(#5286));
#1328=EDGE_LOOP('',(#5287,#5288,#5289,#5290));
#1329=EDGE_LOOP('',(#5291));
#1330=EDGE_LOOP('',(#5292,#5293,#5294,#5295));
#1331=EDGE_LOOP('',(#5296));
#1332=EDGE_LOOP('',(#5297,#5298,#5299,#5300));
#1333=EDGE_LOOP('',(#5301));
#1334=EDGE_LOOP('',(#5302,#5303,#5304,#5305));
#1335=EDGE_LOOP('',(#5306,#5307,#5308,#5309));
#1336=EDGE_LOOP('',(#5310,#5311,#5312,#5313));
#1337=EDGE_LOOP('',(#5314,#5315,#5316,#5317));
#1338=EDGE_LOOP('',(#5318,#5319,#5320,#5321));
#1339=EDGE_LOOP('',(#5322,#5323,#5324,#5325));
#1340=EDGE_LOOP('',(#5326,#5327,#5328,#5329));
#1341=EDGE_LOOP('',(#5330,#5331,#5332,#5333));
#1342=EDGE_LOOP('',(#5334,#5335,#5336,#5337));
#1343=EDGE_LOOP('',(#5338,#5339,#5340,#5341));
#1344=EDGE_LOOP('',(#5342,#5343,#5344,#5345));
#1345=EDGE_LOOP('',(#5346,#5347,#5348,#5349));
#1346=EDGE_LOOP('',(#5350,#5351,#5352,#5353));
#1347=EDGE_LOOP('',(#5354,#5355,#5356,#5357));
#1348=EDGE_LOOP('',(#5358,#5359,#5360,#5361));
#1349=EDGE_LOOP('',(#5362,#5363,#5364,#5365));
#1350=EDGE_LOOP('',(#5366,#5367,#5368,#5369));
#1351=EDGE_LOOP('',(#5370,#5371,#5372,#5373));
#1352=EDGE_LOOP('',(#5374,#5375,#5376,#5377));
#1353=EDGE_LOOP('',(#5378,#5379,#5380,#5381));
#1354=EDGE_LOOP('',(#5382,#5383,#5384,#5385));
#1355=EDGE_LOOP('',(#5386,#5387,#5388,#5389));
#1356=EDGE_LOOP('',(#5390,#5391,#5392,#5393));
#1357=EDGE_LOOP('',(#5394,#5395,#5396,#5397));
#1358=EDGE_LOOP('',(#5398,#5399,#5400,#5401));
#1359=EDGE_LOOP('',(#5402,#5403,#5404,#5405));
#1360=EDGE_LOOP('',(#5406,#5407,#5408,#5409));
#1361=EDGE_LOOP('',(#5410,#5411,#5412,#5413));
#1362=EDGE_LOOP('',(#5414,#5415,#5416,#5417));
#1363=EDGE_LOOP('',(#5418,#5419,#5420,#5421));
#1364=EDGE_LOOP('',(#5422,#5423));
#1365=EDGE_LOOP('',(#5424,#5425,#5426,#5427));
#1366=EDGE_LOOP('',(#5428,#5429));
#1367=EDGE_LOOP('',(#5430,#5431,#5432,#5433));
#1368=EDGE_LOOP('',(#5434,#5435));
#1369=EDGE_LOOP('',(#5436,#5437,#5438,#5439));
#1370=EDGE_LOOP('',(#5440,#5441));
#1371=EDGE_LOOP('',(#5442,#5443,#5444,#5445));
#1372=EDGE_LOOP('',(#5446,#5447));
#1373=EDGE_LOOP('',(#5448,#5449,#5450,#5451));
#1374=EDGE_LOOP('',(#5452,#5453));
#1375=EDGE_LOOP('',(#5454,#5455,#5456,#5457));
#1376=EDGE_LOOP('',(#5458,#5459));
#1377=EDGE_LOOP('',(#5460,#5461,#5462,#5463));
#1378=EDGE_LOOP('',(#5464,#5465));
#1379=EDGE_LOOP('',(#5466,#5467,#5468,#5469));
#1380=EDGE_LOOP('',(#5470,#5471));
#1381=EDGE_LOOP('',(#5472,#5473,#5474,#5475));
#1382=EDGE_LOOP('',(#5476,#5477));
#1383=EDGE_LOOP('',(#5478,#5479,#5480,#5481));
#1384=EDGE_LOOP('',(#5482,#5483));
#1385=EDGE_LOOP('',(#5484,#5485,#5486,#5487));
#1386=EDGE_LOOP('',(#5488,#5489));
#1387=EDGE_LOOP('',(#5490,#5491,#5492,#5493));
#1388=EDGE_LOOP('',(#5494,#5495));
#1389=EDGE_LOOP('',(#5496,#5497,#5498,#5499));
#1390=EDGE_LOOP('',(#5500,#5501));
#1391=EDGE_LOOP('',(#5502,#5503,#5504,#5505));
#1392=EDGE_LOOP('',(#5506,#5507));
#1393=EDGE_LOOP('',(#5508,#5509,#5510,#5511));
#1394=EDGE_LOOP('',(#5512,#5513));
#1395=EDGE_LOOP('',(#5514,#5515,#5516,#5517));
#1396=EDGE_LOOP('',(#5518,#5519));
#1397=EDGE_LOOP('',(#5520,#5521,#5522,#5523));
#1398=EDGE_LOOP('',(#5524,#5525));
#1399=EDGE_LOOP('',(#5526,#5527,#5528,#5529));
#1400=EDGE_LOOP('',(#5530,#5531));
#1401=EDGE_LOOP('',(#5532,#5533,#5534,#5535));
#1402=EDGE_LOOP('',(#5536,#5537));
#1403=EDGE_LOOP('',(#5538,#5539,#5540,#5541));
#1404=EDGE_LOOP('',(#5542,#5543));
#1405=EDGE_LOOP('',(#5544));
#1406=EDGE_LOOP('',(#5545));
#1407=EDGE_LOOP('',(#5546));
#1408=EDGE_LOOP('',(#5547));
#1409=EDGE_LOOP('',(#5548));
#1410=EDGE_LOOP('',(#5549));
#1411=EDGE_LOOP('',(#5550));
#1412=EDGE_LOOP('',(#5551));
#1413=EDGE_LOOP('',(#5552));
#1414=EDGE_LOOP('',(#5553));
#1415=EDGE_LOOP('',(#5554));
#1416=EDGE_LOOP('',(#5555));
#1417=EDGE_LOOP('',(#5556,#5557,#5558,#5559,#5560,#5561,#5562,#5563,#5564,
#5565));
#1418=EDGE_LOOP('',(#5566,#5567,#5568,#5569,#5570,#5571,#5572,#5573,#5574,
#5575));
#1419=EDGE_LOOP('',(#5576,#5577,#5578,#5579,#5580,#5581,#5582,#5583,#5584,
#5585));
#1420=EDGE_LOOP('',(#5586,#5587,#5588,#5589,#5590,#5591,#5592,#5593,#5594,
#5595));
#1421=EDGE_LOOP('',(#5596,#5597,#5598,#5599,#5600,#5601,#5602,#5603,#5604,
#5605));
#1422=EDGE_LOOP('',(#5606,#5607,#5608,#5609,#5610,#5611,#5612,#5613,#5614,
#5615));
#1423=EDGE_LOOP('',(#5616,#5617,#5618,#5619,#5620,#5621,#5622,#5623,#5624,
#5625));
#1424=EDGE_LOOP('',(#5626,#5627,#5628,#5629,#5630,#5631,#5632,#5633,#5634,
#5635));
#1425=EDGE_LOOP('',(#5636,#5637,#5638,#5639,#5640,#5641,#5642,#5643,#5644,
#5645));
#1426=EDGE_LOOP('',(#5646,#5647,#5648,#5649,#5650,#5651,#5652,#5653,#5654,
#5655));
#1427=EDGE_LOOP('',(#5656,#5657,#5658,#5659,#5660,#5661,#5662,#5663,#5664,
#5665));
#1428=EDGE_LOOP('',(#5666,#5667,#5668,#5669,#5670,#5671,#5672,#5673,#5674,
#5675));
#1429=EDGE_LOOP('',(#5676,#5677,#5678,#5679,#5680,#5681,#5682,#5683,#5684,
#5685));
#1430=EDGE_LOOP('',(#5686,#5687,#5688,#5689,#5690,#5691,#5692,#5693,#5694,
#5695));
#1431=EDGE_LOOP('',(#5696,#5697,#5698,#5699,#5700,#5701,#5702,#5703,#5704,
#5705));
#1432=EDGE_LOOP('',(#5706,#5707,#5708,#5709,#5710,#5711,#5712,#5713,#5714,
#5715));
#1433=EDGE_LOOP('',(#5716,#5717,#5718,#5719,#5720,#5721,#5722,#5723,#5724,
#5725));
#1434=EDGE_LOOP('',(#5726,#5727,#5728,#5729,#5730,#5731,#5732,#5733,#5734,
#5735));
#1435=EDGE_LOOP('',(#5736,#5737,#5738,#5739,#5740,#5741,#5742,#5743,#5744,
#5745));
#1436=EDGE_LOOP('',(#5746,#5747,#5748,#5749,#5750,#5751,#5752,#5753,#5754,
#5755));
#1437=EDGE_LOOP('',(#5756,#5757,#5758,#5759,#5760,#5761,#5762,#5763,#5764,
#5765));
#1438=EDGE_LOOP('',(#5766,#5767,#5768,#5769));
#1439=EDGE_LOOP('',(#5770,#5771,#5772,#5773));
#1440=EDGE_LOOP('',(#5774,#5775,#5776,#5777));
#1441=EDGE_LOOP('',(#5778,#5779,#5780,#5781));
#1442=EDGE_LOOP('',(#5782,#5783,#5784,#5785,#5786,#5787,#5788,#5789));
#1443=EDGE_LOOP('',(#5790,#5791,#5792,#5793));
#1444=EDGE_LOOP('',(#5794,#5795,#5796,#5797));
#1445=EDGE_LOOP('',(#5798,#5799,#5800,#5801));
#1446=EDGE_LOOP('',(#5802,#5803,#5804,#5805,#5806,#5807,#5808,#5809));
#1447=EDGE_LOOP('',(#5810));
#1448=EDGE_LOOP('',(#5811,#5812,#5813,#5814,#5815,#5816,#5817,#5818));
#1449=EDGE_LOOP('',(#5819,#5820,#5821,#5822));
#1450=EDGE_LOOP('',(#5823,#5824,#5825,#5826));
#1451=EDGE_LOOP('',(#5827,#5828,#5829,#5830));
#1452=EDGE_LOOP('',(#5831,#5832,#5833,#5834));
#1453=EDGE_LOOP('',(#5835,#5836,#5837,#5838));
#1454=EDGE_LOOP('',(#5839,#5840,#5841,#5842));
#1455=EDGE_LOOP('',(#5843,#5844,#5845,#5846));
#1456=EDGE_LOOP('',(#5847,#5848,#5849,#5850,#5851,#5852,#5853,#5854));
#1457=EDGE_LOOP('',(#5855));
#1458=EDGE_LOOP('',(#5856,#5857,#5858,#5859));
#1459=EDGE_LOOP('',(#5860,#5861,#5862,#5863));
#1460=EDGE_LOOP('',(#5864,#5865,#5866,#5867,#5868,#5869,#5870,#5871));
#1461=EDGE_LOOP('',(#5872,#5873,#5874,#5875));
#1462=EDGE_LOOP('',(#5876,#5877,#5878,#5879));
#1463=EDGE_LOOP('',(#5880,#5881,#5882,#5883));
#1464=EDGE_LOOP('',(#5884,#5885,#5886,#5887));
#1465=EDGE_LOOP('',(#5888,#5889,#5890,#5891));
#1466=EDGE_LOOP('',(#5892,#5893,#5894,#5895,#5896,#5897,#5898,#5899));
#1467=EDGE_LOOP('',(#5900));
#1468=EDGE_LOOP('',(#5901,#5902,#5903,#5904));
#1469=EDGE_LOOP('',(#5905,#5906,#5907,#5908));
#1470=EDGE_LOOP('',(#5909,#5910,#5911,#5912));
#1471=EDGE_LOOP('',(#5913,#5914,#5915,#5916,#5917,#5918,#5919,#5920));
#1472=EDGE_LOOP('',(#5921,#5922,#5923,#5924));
#1473=EDGE_LOOP('',(#5925,#5926,#5927,#5928));
#1474=EDGE_LOOP('',(#5929,#5930,#5931,#5932));
#1475=EDGE_LOOP('',(#5933,#5934,#5935,#5936));
#1476=EDGE_LOOP('',(#5937,#5938,#5939,#5940,#5941,#5942,#5943,#5944));
#1477=EDGE_LOOP('',(#5945));
#1478=EDGE_LOOP('',(#5946,#5947,#5948,#5949));
#1479=EDGE_LOOP('',(#5950,#5951,#5952,#5953));
#1480=EDGE_LOOP('',(#5954,#5955,#5956,#5957));
#1481=EDGE_LOOP('',(#5958,#5959,#5960,#5961,#5962,#5963,#5964,#5965));
#1482=EDGE_LOOP('',(#5966,#5967,#5968,#5969));
#1483=EDGE_LOOP('',(#5970,#5971,#5972,#5973));
#1484=EDGE_LOOP('',(#5974,#5975,#5976,#5977));
#1485=EDGE_LOOP('',(#5978,#5979,#5980,#5981));
#1486=EDGE_LOOP('',(#5982,#5983,#5984,#5985,#5986,#5987,#5988,#5989));
#1487=EDGE_LOOP('',(#5990));
#1488=EDGE_LOOP('',(#5991,#5992,#5993,#5994));
#1489=EDGE_LOOP('',(#5995,#5996,#5997,#5998));
#1490=EDGE_LOOP('',(#5999,#6000,#6001,#6002));
#1491=EDGE_LOOP('',(#6003,#6004,#6005,#6006));
#1492=EDGE_LOOP('',(#6007,#6008,#6009,#6010,#6011,#6012,#6013,#6014));
#1493=EDGE_LOOP('',(#6015,#6016,#6017,#6018));
#1494=EDGE_LOOP('',(#6019,#6020,#6021,#6022));
#1495=EDGE_LOOP('',(#6023,#6024,#6025,#6026));
#1496=EDGE_LOOP('',(#6027,#6028,#6029,#6030,#6031,#6032,#6033,#6034));
#1497=EDGE_LOOP('',(#6035));
#1498=EDGE_LOOP('',(#6036,#6037,#6038,#6039));
#1499=EDGE_LOOP('',(#6040,#6041,#6042,#6043));
#1500=EDGE_LOOP('',(#6044,#6045,#6046,#6047));
#1501=EDGE_LOOP('',(#6048,#6049,#6050,#6051));
#1502=EDGE_LOOP('',(#6052,#6053,#6054,#6055,#6056,#6057,#6058,#6059));
#1503=EDGE_LOOP('',(#6060,#6061,#6062,#6063));
#1504=EDGE_LOOP('',(#6064,#6065,#6066,#6067));
#1505=EDGE_LOOP('',(#6068,#6069,#6070,#6071));
#1506=EDGE_LOOP('',(#6072,#6073,#6074,#6075,#6076,#6077,#6078,#6079));
#1507=EDGE_LOOP('',(#6080));
#1508=EDGE_LOOP('',(#6081,#6082,#6083,#6084));
#1509=EDGE_LOOP('',(#6085,#6086,#6087,#6088));
#1510=EDGE_LOOP('',(#6089,#6090,#6091,#6092,#6093,#6094,#6095,#6096));
#1511=EDGE_LOOP('',(#6097,#6098,#6099,#6100));
#1512=EDGE_LOOP('',(#6101,#6102,#6103,#6104));
#1513=EDGE_LOOP('',(#6105,#6106,#6107,#6108));
#1514=EDGE_LOOP('',(#6109,#6110,#6111,#6112));
#1515=EDGE_LOOP('',(#6113,#6114,#6115,#6116));
#1516=EDGE_LOOP('',(#6117,#6118,#6119,#6120,#6121,#6122,#6123,#6124));
#1517=EDGE_LOOP('',(#6125));
#1518=EDGE_LOOP('',(#6126,#6127,#6128,#6129));
#1519=EDGE_LOOP('',(#6130,#6131,#6132,#6133,#6134,#6135,#6136,#6137));
#1520=EDGE_LOOP('',(#6138,#6139,#6140,#6141));
#1521=EDGE_LOOP('',(#6142,#6143,#6144,#6145));
#1522=EDGE_LOOP('',(#6146,#6147,#6148,#6149));
#1523=EDGE_LOOP('',(#6150,#6151,#6152,#6153));
#1524=EDGE_LOOP('',(#6154,#6155,#6156,#6157));
#1525=EDGE_LOOP('',(#6158,#6159,#6160,#6161));
#1526=EDGE_LOOP('',(#6162,#6163,#6164,#6165,#6166,#6167,#6168,#6169));
#1527=EDGE_LOOP('',(#6170));
#1528=EDGE_LOOP('',(#6171,#6172,#6173,#6174,#6175,#6176,#6177,#6178));
#1529=EDGE_LOOP('',(#6179,#6180,#6181,#6182));
#1530=EDGE_LOOP('',(#6183,#6184,#6185,#6186));
#1531=EDGE_LOOP('',(#6187,#6188,#6189,#6190));
#1532=EDGE_LOOP('',(#6191,#6192,#6193,#6194));
#1533=EDGE_LOOP('',(#6195,#6196,#6197,#6198));
#1534=EDGE_LOOP('',(#6199,#6200,#6201,#6202));
#1535=EDGE_LOOP('',(#6203,#6204,#6205,#6206));
#1536=EDGE_LOOP('',(#6207,#6208,#6209,#6210,#6211,#6212,#6213,#6214));
#1537=EDGE_LOOP('',(#6215));
#1538=EDGE_LOOP('',(#6216,#6217,#6218,#6219,#6220,#6221,#6222,#6223));
#1539=EDGE_LOOP('',(#6224,#6225,#6226,#6227));
#1540=EDGE_LOOP('',(#6228,#6229,#6230,#6231));
#1541=EDGE_LOOP('',(#6232,#6233,#6234,#6235));
#1542=EDGE_LOOP('',(#6236,#6237,#6238,#6239));
#1543=EDGE_LOOP('',(#6240,#6241,#6242,#6243));
#1544=EDGE_LOOP('',(#6244,#6245,#6246,#6247));
#1545=EDGE_LOOP('',(#6248,#6249,#6250,#6251));
#1546=EDGE_LOOP('',(#6252,#6253,#6254,#6255,#6256,#6257,#6258,#6259));
#1547=EDGE_LOOP('',(#6260));
#1548=EDGE_LOOP('',(#6261,#6262,#6263,#6264));
#1549=EDGE_LOOP('',(#6265,#6266,#6267,#6268));
#1550=EDGE_LOOP('',(#6269,#6270,#6271,#6272,#6273,#6274,#6275,#6276));
#1551=EDGE_LOOP('',(#6277,#6278,#6279,#6280));
#1552=EDGE_LOOP('',(#6281,#6282,#6283,#6284));
#1553=EDGE_LOOP('',(#6285,#6286,#6287,#6288));
#1554=EDGE_LOOP('',(#6289,#6290,#6291,#6292));
#1555=EDGE_LOOP('',(#6293,#6294,#6295,#6296));
#1556=EDGE_LOOP('',(#6297,#6298,#6299,#6300,#6301,#6302,#6303,#6304));
#1557=EDGE_LOOP('',(#6305));
#1558=EDGE_LOOP('',(#6306,#6307,#6308,#6309));
#1559=EDGE_LOOP('',(#6310,#6311,#6312,#6313));
#1560=EDGE_LOOP('',(#6314,#6315,#6316,#6317,#6318,#6319,#6320,#6321));
#1561=EDGE_LOOP('',(#6322,#6323,#6324,#6325));
#1562=EDGE_LOOP('',(#6326,#6327,#6328,#6329));
#1563=EDGE_LOOP('',(#6330,#6331,#6332,#6333));
#1564=EDGE_LOOP('',(#6334,#6335,#6336,#6337));
#1565=EDGE_LOOP('',(#6338,#6339,#6340,#6341));
#1566=EDGE_LOOP('',(#6342,#6343,#6344,#6345,#6346,#6347,#6348,#6349));
#1567=EDGE_LOOP('',(#6350));
#1568=EDGE_LOOP('',(#6351,#6352,#6353,#6354));
#1569=EDGE_LOOP('',(#6355,#6356,#6357,#6358));
#1570=EDGE_LOOP('',(#6359,#6360,#6361,#6362));
#1571=EDGE_LOOP('',(#6363,#6364,#6365,#6366,#6367,#6368,#6369,#6370));
#1572=EDGE_LOOP('',(#6371,#6372,#6373,#6374));
#1573=EDGE_LOOP('',(#6375,#6376,#6377,#6378));
#1574=EDGE_LOOP('',(#6379,#6380,#6381,#6382));
#1575=EDGE_LOOP('',(#6383,#6384,#6385,#6386));
#1576=EDGE_LOOP('',(#6387,#6388,#6389,#6390,#6391,#6392,#6393,#6394));
#1577=EDGE_LOOP('',(#6395));
#1578=EDGE_LOOP('',(#6396,#6397,#6398,#6399));
#1579=EDGE_LOOP('',(#6400,#6401,#6402,#6403));
#1580=EDGE_LOOP('',(#6404,#6405,#6406,#6407,#6408,#6409,#6410,#6411));
#1581=EDGE_LOOP('',(#6412,#6413,#6414,#6415));
#1582=EDGE_LOOP('',(#6416,#6417,#6418,#6419));
#1583=EDGE_LOOP('',(#6420,#6421,#6422,#6423));
#1584=EDGE_LOOP('',(#6424,#6425,#6426,#6427));
#1585=EDGE_LOOP('',(#6428,#6429,#6430,#6431));
#1586=EDGE_LOOP('',(#6432,#6433,#6434,#6435,#6436,#6437,#6438,#6439));
#1587=EDGE_LOOP('',(#6440));
#1588=EDGE_LOOP('',(#6441,#6442,#6443,#6444));
#1589=EDGE_LOOP('',(#6445,#6446,#6447,#6448));
#1590=EDGE_LOOP('',(#6449,#6450,#6451,#6452));
#1591=EDGE_LOOP('',(#6453,#6454,#6455,#6456));
#1592=EDGE_LOOP('',(#6457,#6458,#6459,#6460,#6461,#6462,#6463,#6464));
#1593=EDGE_LOOP('',(#6465,#6466,#6467,#6468));
#1594=EDGE_LOOP('',(#6469,#6470,#6471,#6472));
#1595=EDGE_LOOP('',(#6473,#6474,#6475,#6476));
#1596=EDGE_LOOP('',(#6477,#6478,#6479,#6480,#6481,#6482,#6483,#6484));
#1597=EDGE_LOOP('',(#6485));
#1598=EDGE_LOOP('',(#6486,#6487,#6488,#6489));
#1599=EDGE_LOOP('',(#6490,#6491,#6492,#6493));
#1600=EDGE_LOOP('',(#6494,#6495,#6496,#6497));
#1601=EDGE_LOOP('',(#6498,#6499,#6500,#6501));
#1602=EDGE_LOOP('',(#6502,#6503,#6504,#6505,#6506,#6507,#6508,#6509));
#1603=EDGE_LOOP('',(#6510,#6511,#6512,#6513));
#1604=EDGE_LOOP('',(#6514,#6515,#6516,#6517));
#1605=EDGE_LOOP('',(#6518,#6519,#6520,#6521));
#1606=EDGE_LOOP('',(#6522,#6523,#6524,#6525,#6526,#6527,#6528,#6529));
#1607=EDGE_LOOP('',(#6530));
#1608=EDGE_LOOP('',(#6531,#6532,#6533,#6534));
#1609=EDGE_LOOP('',(#6535,#6536,#6537,#6538));
#1610=EDGE_LOOP('',(#6539,#6540,#6541,#6542,#6543,#6544,#6545,#6546));
#1611=EDGE_LOOP('',(#6547,#6548,#6549,#6550));
#1612=EDGE_LOOP('',(#6551,#6552,#6553,#6554));
#1613=EDGE_LOOP('',(#6555,#6556,#6557,#6558));
#1614=EDGE_LOOP('',(#6559,#6560,#6561,#6562));
#1615=EDGE_LOOP('',(#6563,#6564,#6565,#6566));
#1616=EDGE_LOOP('',(#6567,#6568,#6569,#6570,#6571,#6572,#6573,#6574));
#1617=EDGE_LOOP('',(#6575));
#1618=EDGE_LOOP('',(#6576,#6577,#6578,#6579,#6580,#6581,#6582,#6583));
#1619=EDGE_LOOP('',(#6584,#6585,#6586,#6587));
#1620=EDGE_LOOP('',(#6588,#6589,#6590,#6591));
#1621=EDGE_LOOP('',(#6592,#6593,#6594,#6595));
#1622=EDGE_LOOP('',(#6596,#6597,#6598,#6599));
#1623=EDGE_LOOP('',(#6600,#6601,#6602,#6603));
#1624=EDGE_LOOP('',(#6604,#6605,#6606,#6607));
#1625=EDGE_LOOP('',(#6608,#6609,#6610,#6611));
#1626=EDGE_LOOP('',(#6612,#6613,#6614,#6615,#6616,#6617,#6618,#6619));
#1627=EDGE_LOOP('',(#6620));
#1628=EDGE_LOOP('',(#6621,#6622,#6623,#6624));
#1629=EDGE_LOOP('',(#6625,#6626,#6627,#6628));
#1630=EDGE_LOOP('',(#6629,#6630,#6631,#6632,#6633,#6634,#6635,#6636));
#1631=EDGE_LOOP('',(#6637,#6638,#6639,#6640));
#1632=EDGE_LOOP('',(#6641,#6642,#6643,#6644));
#1633=EDGE_LOOP('',(#6645,#6646,#6647,#6648));
#1634=EDGE_LOOP('',(#6649,#6650,#6651,#6652));
#1635=EDGE_LOOP('',(#6653,#6654,#6655,#6656));
#1636=EDGE_LOOP('',(#6657,#6658,#6659,#6660,#6661,#6662,#6663,#6664));
#1637=EDGE_LOOP('',(#6665));
#1638=EDGE_LOOP('',(#6666,#6667,#6668,#6669,#6670,#6671,#6672,#6673));
#1639=EDGE_LOOP('',(#6674,#6675,#6676,#6677));
#1640=EDGE_LOOP('',(#6678,#6679,#6680,#6681));
#1641=EDGE_LOOP('',(#6682,#6683,#6684,#6685));
#1642=EDGE_LOOP('',(#6686,#6687,#6688,#6689));
#1643=EDGE_LOOP('',(#6690,#6691,#6692,#6693));
#1644=EDGE_LOOP('',(#6694,#6695,#6696,#6697));
#1645=EDGE_LOOP('',(#6698,#6699,#6700,#6701));
#1646=EDGE_LOOP('',(#6702,#6703,#6704,#6705,#6706,#6707,#6708,#6709));
#1647=EDGE_LOOP('',(#6710));
#1648=EDGE_LOOP('',(#6711,#6712,#6713,#6714));
#1649=EDGE_LOOP('',(#6715,#6716,#6717,#6718));
#1650=EDGE_LOOP('',(#6719,#6720,#6721,#6722));
#1651=EDGE_LOOP('',(#6723));
#1652=EDGE_LOOP('',(#6724,#6725,#6726,#6727,#6728,#6729,#6730,#6731,#6732,
#6733,#6734,#6735,#6736,#6737));
#1653=EDGE_LOOP('',(#6738,#6739,#6740,#6741,#6742,#6743,#6744,#6745,#6746,
#6747,#6748,#6749,#6750,#6751));
#1654=EDGE_LOOP('',(#6752,#6753,#6754,#6755,#6756,#6757,#6758,#6759,#6760,
#6761,#6762,#6763,#6764,#6765));
#1655=EDGE_LOOP('',(#6766,#6767,#6768,#6769,#6770,#6771,#6772,#6773,#6774,
#6775,#6776,#6777,#6778,#6779));
#1656=EDGE_LOOP('',(#6780,#6781,#6782,#6783,#6784,#6785,#6786,#6787,#6788,
#6789,#6790,#6791,#6792,#6793));
#1657=EDGE_LOOP('',(#6794,#6795,#6796,#6797,#6798,#6799,#6800,#6801,#6802,
#6803,#6804,#6805,#6806,#6807));
#1658=EDGE_LOOP('',(#6808,#6809,#6810,#6811,#6812,#6813,#6814,#6815,#6816,
#6817,#6818,#6819,#6820,#6821));
#1659=EDGE_LOOP('',(#6822,#6823,#6824,#6825,#6826,#6827,#6828,#6829,#6830,
#6831,#6832,#6833,#6834,#6835));
#1660=EDGE_LOOP('',(#6836));
#1661=EDGE_LOOP('',(#6837));
#1662=EDGE_LOOP('',(#6838));
#1663=EDGE_LOOP('',(#6839));
#1664=EDGE_LOOP('',(#6840));
#1665=EDGE_LOOP('',(#6841));
#1666=EDGE_LOOP('',(#6842));
#1667=EDGE_LOOP('',(#6843));
#1668=EDGE_LOOP('',(#6844));
#1669=EDGE_LOOP('',(#6845));
#1670=EDGE_LOOP('',(#6846,#6847,#6848,#6849,#6850,#6851,#6852,#6853,#6854,
#6855,#6856,#6857,#6858,#6859));
#1671=EDGE_LOOP('',(#6860,#6861,#6862,#6863,#6864,#6865,#6866,#6867,#6868,
#6869,#6870,#6871,#6872,#6873));
#1672=EDGE_LOOP('',(#6874,#6875,#6876,#6877,#6878,#6879,#6880,#6881,#6882,
#6883,#6884,#6885,#6886,#6887));
#1673=EDGE_LOOP('',(#6888,#6889,#6890,#6891,#6892,#6893,#6894,#6895,#6896,
#6897,#6898,#6899,#6900,#6901));
#1674=EDGE_LOOP('',(#6902,#6903,#6904,#6905,#6906,#6907,#6908,#6909,#6910,
#6911,#6912,#6913,#6914,#6915));
#1675=EDGE_LOOP('',(#6916,#6917,#6918,#6919,#6920,#6921,#6922,#6923,#6924,
#6925,#6926,#6927,#6928,#6929));
#1676=EDGE_LOOP('',(#6930,#6931,#6932,#6933,#6934,#6935,#6936,#6937,#6938,
#6939,#6940,#6941,#6942,#6943));
#1677=EDGE_LOOP('',(#6944,#6945,#6946,#6947,#6948,#6949,#6950,#6951,#6952,
#6953,#6954,#6955,#6956,#6957));
#1678=EDGE_LOOP('',(#6958));
#1679=EDGE_LOOP('',(#6959));
#1680=EDGE_LOOP('',(#6960));
#1681=EDGE_LOOP('',(#6961));
#1682=EDGE_LOOP('',(#6962));
#1683=EDGE_LOOP('',(#6963));
#1684=EDGE_LOOP('',(#6964));
#1685=EDGE_LOOP('',(#6965));
#1686=EDGE_LOOP('',(#6966));
#1687=EDGE_LOOP('',(#6967));
#1688=EDGE_LOOP('',(#6968));
#1689=EDGE_LOOP('',(#6969));
#1690=EDGE_LOOP('',(#6970));
#1691=EDGE_LOOP('',(#6971));
#1692=EDGE_LOOP('',(#6972));
#1693=EDGE_LOOP('',(#6973));
#1694=EDGE_LOOP('',(#6974));
#1695=EDGE_LOOP('',(#6975));
#1696=EDGE_LOOP('',(#6976));
#1697=EDGE_LOOP('',(#6977));
#1698=EDGE_LOOP('',(#6978));
#1699=EDGE_LOOP('',(#6979));
#1700=EDGE_LOOP('',(#6980));
#1701=EDGE_LOOP('',(#6981));
#1702=EDGE_LOOP('',(#6982));
#1703=EDGE_LOOP('',(#6983));
#1704=EDGE_LOOP('',(#6984));
#1705=EDGE_LOOP('',(#6985));
#1706=EDGE_LOOP('',(#6986));
#1707=EDGE_LOOP('',(#6987));
#1708=LINE('',#10780,#2346);
#1709=LINE('',#10782,#2347);
#1710=LINE('',#10784,#2348);
#1711=LINE('',#10785,#2349);
#1712=LINE('',#10791,#2350);
#1713=LINE('',#10797,#2351);
#1714=LINE('',#10800,#2352);
#1715=LINE('',#10802,#2353);
#1716=LINE('',#10803,#2354);
#1717=LINE('',#10809,#2355);
#1718=LINE('',#10815,#2356);
#1719=LINE('',#10821,#2357);
#1720=LINE('',#10824,#2358);
#1721=LINE('',#10826,#2359);
#1722=LINE('',#10827,#2360);
#1723=LINE('',#10833,#2361);
#1724=LINE('',#10839,#2362);
#1725=LINE('',#10842,#2363);
#1726=LINE('',#10844,#2364);
#1727=LINE('',#10845,#2365);
#1728=LINE('',#10851,#2366);
#1729=LINE('',#10857,#2367);
#1730=LINE('',#10864,#2368);
#1731=LINE('',#10866,#2369);
#1732=LINE('',#10868,#2370);
#1733=LINE('',#10869,#2371);
#1734=LINE('',#10875,#2372);
#1735=LINE('',#10881,#2373);
#1736=LINE('',#10884,#2374);
#1737=LINE('',#10886,#2375);
#1738=LINE('',#10887,#2376);
#1739=LINE('',#10893,#2377);
#1740=LINE('',#10899,#2378);
#1741=LINE('',#10905,#2379);
#1742=LINE('',#10908,#2380);
#1743=LINE('',#10910,#2381);
#1744=LINE('',#10911,#2382);
#1745=LINE('',#10917,#2383);
#1746=LINE('',#10923,#2384);
#1747=LINE('',#10926,#2385);
#1748=LINE('',#10928,#2386);
#1749=LINE('',#10929,#2387);
#1750=LINE('',#10935,#2388);
#1751=LINE('',#10941,#2389);
#1752=LINE('',#10948,#2390);
#1753=LINE('',#10950,#2391);
#1754=LINE('',#10952,#2392);
#1755=LINE('',#10953,#2393);
#1756=LINE('',#10959,#2394);
#1757=LINE('',#10965,#2395);
#1758=LINE('',#10968,#2396);
#1759=LINE('',#10970,#2397);
#1760=LINE('',#10971,#2398);
#1761=LINE('',#10977,#2399);
#1762=LINE('',#10983,#2400);
#1763=LINE('',#10989,#2401);
#1764=LINE('',#10992,#2402);
#1765=LINE('',#10994,#2403);
#1766=LINE('',#10995,#2404);
#1767=LINE('',#11001,#2405);
#1768=LINE('',#11007,#2406);
#1769=LINE('',#11010,#2407);
#1770=LINE('',#11012,#2408);
#1771=LINE('',#11013,#2409);
#1772=LINE('',#11019,#2410);
#1773=LINE('',#11025,#2411);
#1774=LINE('',#11032,#2412);
#1775=LINE('',#11034,#2413);
#1776=LINE('',#11036,#2414);
#1777=LINE('',#11037,#2415);
#1778=LINE('',#11043,#2416);
#1779=LINE('',#11049,#2417);
#1780=LINE('',#11052,#2418);
#1781=LINE('',#11054,#2419);
#1782=LINE('',#11055,#2420);
#1783=LINE('',#11061,#2421);
#1784=LINE('',#11067,#2422);
#1785=LINE('',#11073,#2423);
#1786=LINE('',#11076,#2424);
#1787=LINE('',#11078,#2425);
#1788=LINE('',#11079,#2426);
#1789=LINE('',#11085,#2427);
#1790=LINE('',#11091,#2428);
#1791=LINE('',#11094,#2429);
#1792=LINE('',#11096,#2430);
#1793=LINE('',#11097,#2431);
#1794=LINE('',#11103,#2432);
#1795=LINE('',#11109,#2433);
#1796=LINE('',#11116,#2434);
#1797=LINE('',#11118,#2435);
#1798=LINE('',#11120,#2436);
#1799=LINE('',#11121,#2437);
#1800=LINE('',#11127,#2438);
#1801=LINE('',#11133,#2439);
#1802=LINE('',#11136,#2440);
#1803=LINE('',#11138,#2441);
#1804=LINE('',#11139,#2442);
#1805=LINE('',#11145,#2443);
#1806=LINE('',#11151,#2444);
#1807=LINE('',#11157,#2445);
#1808=LINE('',#11160,#2446);
#1809=LINE('',#11162,#2447);
#1810=LINE('',#11163,#2448);
#1811=LINE('',#11169,#2449);
#1812=LINE('',#11175,#2450);
#1813=LINE('',#11178,#2451);
#1814=LINE('',#11180,#2452);
#1815=LINE('',#11181,#2453);
#1816=LINE('',#11187,#2454);
#1817=LINE('',#11193,#2455);
#1818=LINE('',#11200,#2456);
#1819=LINE('',#11202,#2457);
#1820=LINE('',#11204,#2458);
#1821=LINE('',#11205,#2459);
#1822=LINE('',#11211,#2460);
#1823=LINE('',#11217,#2461);
#1824=LINE('',#11220,#2462);
#1825=LINE('',#11222,#2463);
#1826=LINE('',#11223,#2464);
#1827=LINE('',#11229,#2465);
#1828=LINE('',#11235,#2466);
#1829=LINE('',#11241,#2467);
#1830=LINE('',#11244,#2468);
#1831=LINE('',#11246,#2469);
#1832=LINE('',#11247,#2470);
#1833=LINE('',#11253,#2471);
#1834=LINE('',#11259,#2472);
#1835=LINE('',#11262,#2473);
#1836=LINE('',#11264,#2474);
#1837=LINE('',#11265,#2475);
#1838=LINE('',#11271,#2476);
#1839=LINE('',#11277,#2477);
#1840=LINE('',#11284,#2478);
#1841=LINE('',#11286,#2479);
#1842=LINE('',#11288,#2480);
#1843=LINE('',#11289,#2481);
#1844=LINE('',#11295,#2482);
#1845=LINE('',#11301,#2483);
#1846=LINE('',#11304,#2484);
#1847=LINE('',#11306,#2485);
#1848=LINE('',#11307,#2486);
#1849=LINE('',#11313,#2487);
#1850=LINE('',#11319,#2488);
#1851=LINE('',#11325,#2489);
#1852=LINE('',#11328,#2490);
#1853=LINE('',#11330,#2491);
#1854=LINE('',#11331,#2492);
#1855=LINE('',#11337,#2493);
#1856=LINE('',#11343,#2494);
#1857=LINE('',#11346,#2495);
#1858=LINE('',#11348,#2496);
#1859=LINE('',#11349,#2497);
#1860=LINE('',#11355,#2498);
#1861=LINE('',#11361,#2499);
#1862=LINE('',#11368,#2500);
#1863=LINE('',#11370,#2501);
#1864=LINE('',#11372,#2502);
#1865=LINE('',#11373,#2503);
#1866=LINE('',#11379,#2504);
#1867=LINE('',#11385,#2505);
#1868=LINE('',#11388,#2506);
#1869=LINE('',#11390,#2507);
#1870=LINE('',#11391,#2508);
#1871=LINE('',#11397,#2509);
#1872=LINE('',#11403,#2510);
#1873=LINE('',#11409,#2511);
#1874=LINE('',#11412,#2512);
#1875=LINE('',#11414,#2513);
#1876=LINE('',#11415,#2514);
#1877=LINE('',#11421,#2515);
#1878=LINE('',#11427,#2516);
#1879=LINE('',#11430,#2517);
#1880=LINE('',#11432,#2518);
#1881=LINE('',#11433,#2519);
#1882=LINE('',#11439,#2520);
#1883=LINE('',#11445,#2521);
#1884=LINE('',#11453,#2522);
#1885=LINE('',#11460,#2523);
#1886=LINE('',#11467,#2524);
#1887=LINE('',#11474,#2525);
#1888=LINE('',#11481,#2526);
#1889=LINE('',#11488,#2527);
#1890=LINE('',#11495,#2528);
#1891=LINE('',#11502,#2529);
#1892=LINE('',#11509,#2530);
#1893=LINE('',#11516,#2531);
#1894=LINE('',#11523,#2532);
#1895=LINE('',#11529,#2533);
#1896=LINE('',#11535,#2534);
#1897=LINE('',#11541,#2535);
#1898=LINE('',#11547,#2536);
#1899=LINE('',#11553,#2537);
#1900=LINE('',#11559,#2538);
#1901=LINE('',#11565,#2539);
#1902=LINE('',#11571,#2540);
#1903=LINE('',#11577,#2541);
#1904=LINE('',#11583,#2542);
#1905=LINE('',#11589,#2543);
#1906=LINE('',#11595,#2544);
#1907=LINE('',#11601,#2545);
#1908=LINE('',#11607,#2546);
#1909=LINE('',#11613,#2547);
#1910=LINE('',#11619,#2548);
#1911=LINE('',#11625,#2549);
#1912=LINE('',#11631,#2550);
#1913=LINE('',#11637,#2551);
#1914=LINE('',#11643,#2552);
#1915=LINE('',#11649,#2553);
#1916=LINE('',#11655,#2554);
#1917=LINE('',#11661,#2555);
#1918=LINE('',#11667,#2556);
#1919=LINE('',#11673,#2557);
#1920=LINE('',#11679,#2558);
#1921=LINE('',#11685,#2559);
#1922=LINE('',#11691,#2560);
#1923=LINE('',#11696,#2561);
#1924=LINE('',#11700,#2562);
#1925=LINE('',#11703,#2563);
#1926=LINE('',#11707,#2564);
#1927=LINE('',#11711,#2565);
#1928=LINE('',#11714,#2566);
#1929=LINE('',#11718,#2567);
#1930=LINE('',#11722,#2568);
#1931=LINE('',#11725,#2569);
#1932=LINE('',#11729,#2570);
#1933=LINE('',#11733,#2571);
#1934=LINE('',#11736,#2572);
#1935=LINE('',#11740,#2573);
#1936=LINE('',#11744,#2574);
#1937=LINE('',#11747,#2575);
#1938=LINE('',#11751,#2576);
#1939=LINE('',#11755,#2577);
#1940=LINE('',#11758,#2578);
#1941=LINE('',#11762,#2579);
#1942=LINE('',#11766,#2580);
#1943=LINE('',#11769,#2581);
#1944=LINE('',#11773,#2582);
#1945=LINE('',#11777,#2583);
#1946=LINE('',#11780,#2584);
#1947=LINE('',#11784,#2585);
#1948=LINE('',#11788,#2586);
#1949=LINE('',#11791,#2587);
#1950=LINE('',#11795,#2588);
#1951=LINE('',#11799,#2589);
#1952=LINE('',#11802,#2590);
#1953=LINE('',#11806,#2591);
#1954=LINE('',#11810,#2592);
#1955=LINE('',#11813,#2593);
#1956=LINE('',#11817,#2594);
#1957=LINE('',#11821,#2595);
#1958=LINE('',#11824,#2596);
#1959=LINE('',#11828,#2597);
#1960=LINE('',#11832,#2598);
#1961=LINE('',#11835,#2599);
#1962=LINE('',#11839,#2600);
#1963=LINE('',#11843,#2601);
#1964=LINE('',#11846,#2602);
#1965=LINE('',#11850,#2603);
#1966=LINE('',#11854,#2604);
#1967=LINE('',#11857,#2605);
#1968=LINE('',#11861,#2606);
#1969=LINE('',#11865,#2607);
#1970=LINE('',#11868,#2608);
#1971=LINE('',#11872,#2609);
#1972=LINE('',#11876,#2610);
#1973=LINE('',#11879,#2611);
#1974=LINE('',#11883,#2612);
#1975=LINE('',#11887,#2613);
#1976=LINE('',#11890,#2614);
#1977=LINE('',#11894,#2615);
#1978=LINE('',#11898,#2616);
#1979=LINE('',#11901,#2617);
#1980=LINE('',#11905,#2618);
#1981=LINE('',#11909,#2619);
#1982=LINE('',#11912,#2620);
#1983=LINE('',#11916,#2621);
#1984=LINE('',#11920,#2622);
#1985=LINE('',#11923,#2623);
#1986=LINE('',#11930,#2624);
#1987=LINE('',#11934,#2625);
#1988=LINE('',#11938,#2626);
#1989=LINE('',#11942,#2627);
#1990=LINE('',#11945,#2628);
#1991=LINE('',#11947,#2629);
#1992=LINE('',#11951,#2630);
#1993=LINE('',#11955,#2631);
#1994=LINE('',#11959,#2632);
#1995=LINE('',#11962,#2633);
#1996=LINE('',#11964,#2634);
#1997=LINE('',#11968,#2635);
#1998=LINE('',#11972,#2636);
#1999=LINE('',#11976,#2637);
#2000=LINE('',#11979,#2638);
#2001=LINE('',#11981,#2639);
#2002=LINE('',#11985,#2640);
#2003=LINE('',#11989,#2641);
#2004=LINE('',#11993,#2642);
#2005=LINE('',#11996,#2643);
#2006=LINE('',#11998,#2644);
#2007=LINE('',#12002,#2645);
#2008=LINE('',#12006,#2646);
#2009=LINE('',#12010,#2647);
#2010=LINE('',#12013,#2648);
#2011=LINE('',#12015,#2649);
#2012=LINE('',#12019,#2650);
#2013=LINE('',#12023,#2651);
#2014=LINE('',#12027,#2652);
#2015=LINE('',#12030,#2653);
#2016=LINE('',#12032,#2654);
#2017=LINE('',#12036,#2655);
#2018=LINE('',#12040,#2656);
#2019=LINE('',#12044,#2657);
#2020=LINE('',#12047,#2658);
#2021=LINE('',#12049,#2659);
#2022=LINE('',#12053,#2660);
#2023=LINE('',#12057,#2661);
#2024=LINE('',#12061,#2662);
#2025=LINE('',#12064,#2663);
#2026=LINE('',#12066,#2664);
#2027=LINE('',#12070,#2665);
#2028=LINE('',#12074,#2666);
#2029=LINE('',#12078,#2667);
#2030=LINE('',#12081,#2668);
#2031=LINE('',#12083,#2669);
#2032=LINE('',#12087,#2670);
#2033=LINE('',#12091,#2671);
#2034=LINE('',#12095,#2672);
#2035=LINE('',#12098,#2673);
#2036=LINE('',#12100,#2674);
#2037=LINE('',#12104,#2675);
#2038=LINE('',#12108,#2676);
#2039=LINE('',#12112,#2677);
#2040=LINE('',#12115,#2678);
#2041=LINE('',#12117,#2679);
#2042=LINE('',#12121,#2680);
#2043=LINE('',#12125,#2681);
#2044=LINE('',#12129,#2682);
#2045=LINE('',#12132,#2683);
#2046=LINE('',#12134,#2684);
#2047=LINE('',#12138,#2685);
#2048=LINE('',#12142,#2686);
#2049=LINE('',#12146,#2687);
#2050=LINE('',#12149,#2688);
#2051=LINE('',#12151,#2689);
#2052=LINE('',#12155,#2690);
#2053=LINE('',#12159,#2691);
#2054=LINE('',#12163,#2692);
#2055=LINE('',#12166,#2693);
#2056=LINE('',#12168,#2694);
#2057=LINE('',#12172,#2695);
#2058=LINE('',#12176,#2696);
#2059=LINE('',#12180,#2697);
#2060=LINE('',#12183,#2698);
#2061=LINE('',#12185,#2699);
#2062=LINE('',#12189,#2700);
#2063=LINE('',#12193,#2701);
#2064=LINE('',#12197,#2702);
#2065=LINE('',#12200,#2703);
#2066=LINE('',#12202,#2704);
#2067=LINE('',#12206,#2705);
#2068=LINE('',#12210,#2706);
#2069=LINE('',#12214,#2707);
#2070=LINE('',#12217,#2708);
#2071=LINE('',#12219,#2709);
#2072=LINE('',#12223,#2710);
#2073=LINE('',#12227,#2711);
#2074=LINE('',#12231,#2712);
#2075=LINE('',#12234,#2713);
#2076=LINE('',#12236,#2714);
#2077=LINE('',#12240,#2715);
#2078=LINE('',#12244,#2716);
#2079=LINE('',#12248,#2717);
#2080=LINE('',#12251,#2718);
#2081=LINE('',#12253,#2719);
#2082=LINE('',#12257,#2720);
#2083=LINE('',#12261,#2721);
#2084=LINE('',#12265,#2722);
#2085=LINE('',#12268,#2723);
#2086=LINE('',#12270,#2724);
#2087=LINE('',#12274,#2725);
#2088=LINE('',#12278,#2726);
#2089=LINE('',#12282,#2727);
#2090=LINE('',#12285,#2728);
#2091=LINE('',#12288,#2729);
#2092=LINE('',#12290,#2730);
#2093=LINE('',#12291,#2731);
#2094=LINE('',#12294,#2732);
#2095=LINE('',#12298,#2733);
#2096=LINE('',#12299,#2734);
#2097=LINE('',#12302,#2735);
#2098=LINE('',#12306,#2736);
#2099=LINE('',#12307,#2737);
#2100=LINE('',#12310,#2738);
#2101=LINE('',#12314,#2739);
#2102=LINE('',#12315,#2740);
#2103=LINE('',#12321,#2741);
#2104=LINE('',#12323,#2742);
#2105=LINE('',#12324,#2743);
#2106=LINE('',#12327,#2744);
#2107=LINE('',#12331,#2745);
#2108=LINE('',#12332,#2746);
#2109=LINE('',#12335,#2747);
#2110=LINE('',#12339,#2748);
#2111=LINE('',#12340,#2749);
#2112=LINE('',#12343,#2750);
#2113=LINE('',#12347,#2751);
#2114=LINE('',#12348,#2752);
#2115=LINE('',#12354,#2753);
#2116=LINE('',#12356,#2754);
#2117=LINE('',#12357,#2755);
#2118=LINE('',#12360,#2756);
#2119=LINE('',#12364,#2757);
#2120=LINE('',#12365,#2758);
#2121=LINE('',#12368,#2759);
#2122=LINE('',#12372,#2760);
#2123=LINE('',#12373,#2761);
#2124=LINE('',#12376,#2762);
#2125=LINE('',#12380,#2763);
#2126=LINE('',#12381,#2764);
#2127=LINE('',#12387,#2765);
#2128=LINE('',#12390,#2766);
#2129=LINE('',#12393,#2767);
#2130=LINE('',#12394,#2768);
#2131=LINE('',#12397,#2769);
#2132=LINE('',#12401,#2770);
#2133=LINE('',#12402,#2771);
#2134=LINE('',#12405,#2772);
#2135=LINE('',#12409,#2773);
#2136=LINE('',#12410,#2774);
#2137=LINE('',#12413,#2775);
#2138=LINE('',#12416,#2776);
#2139=LINE('',#12420,#2777);
#2140=LINE('',#12423,#2778);
#2141=LINE('',#12426,#2779);
#2142=LINE('',#12427,#2780);
#2143=LINE('',#12430,#2781);
#2144=LINE('',#12434,#2782);
#2145=LINE('',#12435,#2783);
#2146=LINE('',#12438,#2784);
#2147=LINE('',#12442,#2785);
#2148=LINE('',#12443,#2786);
#2149=LINE('',#12446,#2787);
#2150=LINE('',#12449,#2788);
#2151=LINE('',#12453,#2789);
#2152=LINE('',#12455,#2790);
#2153=LINE('',#12456,#2791);
#2154=LINE('',#12459,#2792);
#2155=LINE('',#12463,#2793);
#2156=LINE('',#12464,#2794);
#2157=LINE('',#12467,#2795);
#2158=LINE('',#12471,#2796);
#2159=LINE('',#12472,#2797);
#2160=LINE('',#12475,#2798);
#2161=LINE('',#12479,#2799);
#2162=LINE('',#12480,#2800);
#2163=LINE('',#12486,#2801);
#2164=LINE('',#12488,#2802);
#2165=LINE('',#12489,#2803);
#2166=LINE('',#12492,#2804);
#2167=LINE('',#12496,#2805);
#2168=LINE('',#12497,#2806);
#2169=LINE('',#12500,#2807);
#2170=LINE('',#12504,#2808);
#2171=LINE('',#12505,#2809);
#2172=LINE('',#12508,#2810);
#2173=LINE('',#12512,#2811);
#2174=LINE('',#12513,#2812);
#2175=LINE('',#12519,#2813);
#2176=LINE('',#12521,#2814);
#2177=LINE('',#12522,#2815);
#2178=LINE('',#12525,#2816);
#2179=LINE('',#12529,#2817);
#2180=LINE('',#12530,#2818);
#2181=LINE('',#12533,#2819);
#2182=LINE('',#12537,#2820);
#2183=LINE('',#12538,#2821);
#2184=LINE('',#12541,#2822);
#2185=LINE('',#12545,#2823);
#2186=LINE('',#12546,#2824);
#2187=LINE('',#12552,#2825);
#2188=LINE('',#12555,#2826);
#2189=LINE('',#12558,#2827);
#2190=LINE('',#12559,#2828);
#2191=LINE('',#12562,#2829);
#2192=LINE('',#12566,#2830);
#2193=LINE('',#12567,#2831);
#2194=LINE('',#12570,#2832);
#2195=LINE('',#12574,#2833);
#2196=LINE('',#12575,#2834);
#2197=LINE('',#12578,#2835);
#2198=LINE('',#12581,#2836);
#2199=LINE('',#12585,#2837);
#2200=LINE('',#12587,#2838);
#2201=LINE('',#12588,#2839);
#2202=LINE('',#12591,#2840);
#2203=LINE('',#12595,#2841);
#2204=LINE('',#12596,#2842);
#2205=LINE('',#12599,#2843);
#2206=LINE('',#12603,#2844);
#2207=LINE('',#12604,#2845);
#2208=LINE('',#12607,#2846);
#2209=LINE('',#12611,#2847);
#2210=LINE('',#12612,#2848);
#2211=LINE('',#12618,#2849);
#2212=LINE('',#12620,#2850);
#2213=LINE('',#12621,#2851);
#2214=LINE('',#12624,#2852);
#2215=LINE('',#12628,#2853);
#2216=LINE('',#12629,#2854);
#2217=LINE('',#12632,#2855);
#2218=LINE('',#12636,#2856);
#2219=LINE('',#12637,#2857);
#2220=LINE('',#12640,#2858);
#2221=LINE('',#12644,#2859);
#2222=LINE('',#12645,#2860);
#2223=LINE('',#12651,#2861);
#2224=LINE('',#12653,#2862);
#2225=LINE('',#12654,#2863);
#2226=LINE('',#12657,#2864);
#2227=LINE('',#12661,#2865);
#2228=LINE('',#12662,#2866);
#2229=LINE('',#12665,#2867);
#2230=LINE('',#12669,#2868);
#2231=LINE('',#12670,#2869);
#2232=LINE('',#12673,#2870);
#2233=LINE('',#12677,#2871);
#2234=LINE('',#12678,#2872);
#2235=LINE('',#12684,#2873);
#2236=LINE('',#12686,#2874);
#2237=LINE('',#12687,#2875);
#2238=LINE('',#12690,#2876);
#2239=LINE('',#12694,#2877);
#2240=LINE('',#12695,#2878);
#2241=LINE('',#12698,#2879);
#2242=LINE('',#12702,#2880);
#2243=LINE('',#12703,#2881);
#2244=LINE('',#12706,#2882);
#2245=LINE('',#12710,#2883);
#2246=LINE('',#12711,#2884);
#2247=LINE('',#12717,#2885);
#2248=LINE('',#12720,#2886);
#2249=LINE('',#12723,#2887);
#2250=LINE('',#12724,#2888);
#2251=LINE('',#12727,#2889);
#2252=LINE('',#12731,#2890);
#2253=LINE('',#12732,#2891);
#2254=LINE('',#12735,#2892);
#2255=LINE('',#12739,#2893);
#2256=LINE('',#12740,#2894);
#2257=LINE('',#12743,#2895);
#2258=LINE('',#12746,#2896);
#2259=LINE('',#12750,#2897);
#2260=LINE('',#12752,#2898);
#2261=LINE('',#12753,#2899);
#2262=LINE('',#12756,#2900);
#2263=LINE('',#12760,#2901);
#2264=LINE('',#12761,#2902);
#2265=LINE('',#12764,#2903);
#2266=LINE('',#12768,#2904);
#2267=LINE('',#12769,#2905);
#2268=LINE('',#12772,#2906);
#2269=LINE('',#12776,#2907);
#2270=LINE('',#12777,#2908);
#2271=LINE('',#12783,#2909);
#2272=LINE('',#12785,#2910);
#2273=LINE('',#12786,#2911);
#2274=LINE('',#12789,#2912);
#2275=LINE('',#12793,#2913);
#2276=LINE('',#12794,#2914);
#2277=LINE('',#12797,#2915);
#2278=LINE('',#12801,#2916);
#2279=LINE('',#12802,#2917);
#2280=LINE('',#12805,#2918);
#2281=LINE('',#12809,#2919);
#2282=LINE('',#12810,#2920);
#2283=LINE('',#12816,#2921);
#2284=LINE('',#12818,#2922);
#2285=LINE('',#12819,#2923);
#2286=LINE('',#12822,#2924);
#2287=LINE('',#12826,#2925);
#2288=LINE('',#12827,#2926);
#2289=LINE('',#12830,#2927);
#2290=LINE('',#12834,#2928);
#2291=LINE('',#12835,#2929);
#2292=LINE('',#12838,#2930);
#2293=LINE('',#12842,#2931);
#2294=LINE('',#12843,#2932);
#2295=LINE('',#12849,#2933);
#2296=LINE('',#12851,#2934);
#2297=LINE('',#12852,#2935);
#2298=LINE('',#12855,#2936);
#2299=LINE('',#12859,#2937);
#2300=LINE('',#12860,#2938);
#2301=LINE('',#12863,#2939);
#2302=LINE('',#12867,#2940);
#2303=LINE('',#12868,#2941);
#2304=LINE('',#12871,#2942);
#2305=LINE('',#12875,#2943);
#2306=LINE('',#12876,#2944);
#2307=LINE('',#12882,#2945);
#2308=LINE('',#12884,#2946);
#2309=LINE('',#12885,#2947);
#2310=LINE('',#12888,#2948);
#2311=LINE('',#12892,#2949);
#2312=LINE('',#12893,#2950);
#2313=LINE('',#12896,#2951);
#2314=LINE('',#12900,#2952);
#2315=LINE('',#12901,#2953);
#2316=LINE('',#12904,#2954);
#2317=LINE('',#12908,#2955);
#2318=LINE('',#12909,#2956);
#2319=LINE('',#12915,#2957);
#2320=LINE('',#12917,#2958);
#2321=LINE('',#12918,#2959);
#2322=LINE('',#12921,#2960);
#2323=LINE('',#12925,#2961);
#2324=LINE('',#12926,#2962);
#2325=LINE('',#12929,#2963);
#2326=LINE('',#12933,#2964);
#2327=LINE('',#12934,#2965);
#2328=LINE('',#12937,#2966);
#2329=LINE('',#12941,#2967);
#2330=LINE('',#12942,#2968);
#2331=LINE('',#12948,#2969);
#2332=LINE('',#12950,#2970);
#2333=LINE('',#12951,#2971);
#2334=LINE('',#12954,#2972);
#2335=LINE('',#12958,#2973);
#2336=LINE('',#12959,#2974);
#2337=LINE('',#12962,#2975);
#2338=LINE('',#12966,#2976);
#2339=LINE('',#12967,#2977);
#2340=LINE('',#12970,#2978);
#2341=LINE('',#12974,#2979);
#2342=LINE('',#12975,#2980);
#2343=LINE('',#12981,#2981);
#2344=LINE('',#12985,#2982);
#2345=LINE('',#12991,#2983);
#2346=VECTOR('',#8436,10.);
#2347=VECTOR('',#8437,10.);
#2348=VECTOR('',#8438,10.);
#2349=VECTOR('',#8439,10.);
#2350=VECTOR('',#8446,10.);
#2351=VECTOR('',#8453,10.);
#2352=VECTOR('',#8456,10.);
#2353=VECTOR('',#8457,10.);
#2354=VECTOR('',#8458,10.);
#2355=VECTOR('',#8465,10.);
#2356=VECTOR('',#8472,10.);
#2357=VECTOR('',#8479,10.);
#2358=VECTOR('',#8482,10.);
#2359=VECTOR('',#8483,10.);
#2360=VECTOR('',#8484,10.);
#2361=VECTOR('',#8491,10.);
#2362=VECTOR('',#8498,10.);
#2363=VECTOR('',#8501,10.);
#2364=VECTOR('',#8502,10.);
#2365=VECTOR('',#8503,10.);
#2366=VECTOR('',#8510,10.);
#2367=VECTOR('',#8517,10.);
#2368=VECTOR('',#8526,10.);
#2369=VECTOR('',#8527,10.);
#2370=VECTOR('',#8528,10.);
#2371=VECTOR('',#8529,10.);
#2372=VECTOR('',#8536,10.);
#2373=VECTOR('',#8543,10.);
#2374=VECTOR('',#8546,10.);
#2375=VECTOR('',#8547,10.);
#2376=VECTOR('',#8548,10.);
#2377=VECTOR('',#8555,10.);
#2378=VECTOR('',#8562,10.);
#2379=VECTOR('',#8569,10.);
#2380=VECTOR('',#8572,10.);
#2381=VECTOR('',#8573,10.);
#2382=VECTOR('',#8574,10.);
#2383=VECTOR('',#8581,10.);
#2384=VECTOR('',#8588,10.);
#2385=VECTOR('',#8591,10.);
#2386=VECTOR('',#8592,10.);
#2387=VECTOR('',#8593,10.);
#2388=VECTOR('',#8600,10.);
#2389=VECTOR('',#8607,10.);
#2390=VECTOR('',#8616,10.);
#2391=VECTOR('',#8617,10.);
#2392=VECTOR('',#8618,10.);
#2393=VECTOR('',#8619,10.);
#2394=VECTOR('',#8626,10.);
#2395=VECTOR('',#8633,10.);
#2396=VECTOR('',#8636,10.);
#2397=VECTOR('',#8637,10.);
#2398=VECTOR('',#8638,10.);
#2399=VECTOR('',#8645,10.);
#2400=VECTOR('',#8652,10.);
#2401=VECTOR('',#8659,10.);
#2402=VECTOR('',#8662,10.);
#2403=VECTOR('',#8663,10.);
#2404=VECTOR('',#8664,10.);
#2405=VECTOR('',#8671,10.);
#2406=VECTOR('',#8678,10.);
#2407=VECTOR('',#8681,10.);
#2408=VECTOR('',#8682,10.);
#2409=VECTOR('',#8683,10.);
#2410=VECTOR('',#8690,10.);
#2411=VECTOR('',#8697,10.);
#2412=VECTOR('',#8706,10.);
#2413=VECTOR('',#8707,10.);
#2414=VECTOR('',#8708,10.);
#2415=VECTOR('',#8709,10.);
#2416=VECTOR('',#8716,10.);
#2417=VECTOR('',#8723,10.);
#2418=VECTOR('',#8726,10.);
#2419=VECTOR('',#8727,10.);
#2420=VECTOR('',#8728,10.);
#2421=VECTOR('',#8735,10.);
#2422=VECTOR('',#8742,10.);
#2423=VECTOR('',#8749,10.);
#2424=VECTOR('',#8752,10.);
#2425=VECTOR('',#8753,10.);
#2426=VECTOR('',#8754,10.);
#2427=VECTOR('',#8761,10.);
#2428=VECTOR('',#8768,10.);
#2429=VECTOR('',#8771,10.);
#2430=VECTOR('',#8772,10.);
#2431=VECTOR('',#8773,10.);
#2432=VECTOR('',#8780,10.);
#2433=VECTOR('',#8787,10.);
#2434=VECTOR('',#8796,10.);
#2435=VECTOR('',#8797,10.);
#2436=VECTOR('',#8798,10.);
#2437=VECTOR('',#8799,10.);
#2438=VECTOR('',#8806,10.);
#2439=VECTOR('',#8813,10.);
#2440=VECTOR('',#8816,10.);
#2441=VECTOR('',#8817,10.);
#2442=VECTOR('',#8818,10.);
#2443=VECTOR('',#8825,10.);
#2444=VECTOR('',#8832,10.);
#2445=VECTOR('',#8839,10.);
#2446=VECTOR('',#8842,10.);
#2447=VECTOR('',#8843,10.);
#2448=VECTOR('',#8844,10.);
#2449=VECTOR('',#8851,10.);
#2450=VECTOR('',#8858,10.);
#2451=VECTOR('',#8861,10.);
#2452=VECTOR('',#8862,10.);
#2453=VECTOR('',#8863,10.);
#2454=VECTOR('',#8870,10.);
#2455=VECTOR('',#8877,10.);
#2456=VECTOR('',#8886,10.);
#2457=VECTOR('',#8887,10.);
#2458=VECTOR('',#8888,10.);
#2459=VECTOR('',#8889,10.);
#2460=VECTOR('',#8896,10.);
#2461=VECTOR('',#8903,10.);
#2462=VECTOR('',#8906,10.);
#2463=VECTOR('',#8907,10.);
#2464=VECTOR('',#8908,10.);
#2465=VECTOR('',#8915,10.);
#2466=VECTOR('',#8922,10.);
#2467=VECTOR('',#8929,10.);
#2468=VECTOR('',#8932,10.);
#2469=VECTOR('',#8933,10.);
#2470=VECTOR('',#8934,10.);
#2471=VECTOR('',#8941,10.);
#2472=VECTOR('',#8948,10.);
#2473=VECTOR('',#8951,10.);
#2474=VECTOR('',#8952,10.);
#2475=VECTOR('',#8953,10.);
#2476=VECTOR('',#8960,10.);
#2477=VECTOR('',#8967,10.);
#2478=VECTOR('',#8976,10.);
#2479=VECTOR('',#8977,10.);
#2480=VECTOR('',#8978,10.);
#2481=VECTOR('',#8979,10.);
#2482=VECTOR('',#8986,10.);
#2483=VECTOR('',#8993,10.);
#2484=VECTOR('',#8996,10.);
#2485=VECTOR('',#8997,10.);
#2486=VECTOR('',#8998,10.);
#2487=VECTOR('',#9005,10.);
#2488=VECTOR('',#9012,10.);
#2489=VECTOR('',#9019,10.);
#2490=VECTOR('',#9022,10.);
#2491=VECTOR('',#9023,10.);
#2492=VECTOR('',#9024,10.);
#2493=VECTOR('',#9031,10.);
#2494=VECTOR('',#9038,10.);
#2495=VECTOR('',#9041,10.);
#2496=VECTOR('',#9042,10.);
#2497=VECTOR('',#9043,10.);
#2498=VECTOR('',#9050,10.);
#2499=VECTOR('',#9057,10.);
#2500=VECTOR('',#9066,10.);
#2501=VECTOR('',#9067,10.);
#2502=VECTOR('',#9068,10.);
#2503=VECTOR('',#9069,10.);
#2504=VECTOR('',#9076,10.);
#2505=VECTOR('',#9083,10.);
#2506=VECTOR('',#9086,10.);
#2507=VECTOR('',#9087,10.);
#2508=VECTOR('',#9088,10.);
#2509=VECTOR('',#9095,10.);
#2510=VECTOR('',#9102,10.);
#2511=VECTOR('',#9109,10.);
#2512=VECTOR('',#9112,10.);
#2513=VECTOR('',#9113,10.);
#2514=VECTOR('',#9114,10.);
#2515=VECTOR('',#9121,10.);
#2516=VECTOR('',#9128,10.);
#2517=VECTOR('',#9131,10.);
#2518=VECTOR('',#9132,10.);
#2519=VECTOR('',#9133,10.);
#2520=VECTOR('',#9140,10.);
#2521=VECTOR('',#9147,10.);
#2522=VECTOR('',#9158,2.1);
#2523=VECTOR('',#9167,2.1);
#2524=VECTOR('',#9176,2.1);
#2525=VECTOR('',#9185,2.1);
#2526=VECTOR('',#9194,2.1);
#2527=VECTOR('',#9203,2.1);
#2528=VECTOR('',#9212,2.1);
#2529=VECTOR('',#9221,2.1);
#2530=VECTOR('',#9230,2.1);
#2531=VECTOR('',#9239,2.1);
#2532=VECTOR('',#9248,2.15);
#2533=VECTOR('',#9255,2.15);
#2534=VECTOR('',#9262,2.15);
#2535=VECTOR('',#9269,2.15);
#2536=VECTOR('',#9276,2.15);
#2537=VECTOR('',#9283,2.15);
#2538=VECTOR('',#9290,2.15);
#2539=VECTOR('',#9297,2.15);
#2540=VECTOR('',#9304,2.00000000000001);
#2541=VECTOR('',#9311,2.00000000000002);
#2542=VECTOR('',#9318,2.);
#2543=VECTOR('',#9325,2.00000000000002);
#2544=VECTOR('',#9332,2.00000000000005);
#2545=VECTOR('',#9339,2.00000000000005);
#2546=VECTOR('',#9346,2.00000000000004);
#2547=VECTOR('',#9353,2.00000000000004);
#2548=VECTOR('',#9360,2.00000000000021);
#2549=VECTOR('',#9367,2.00000000000023);
#2550=VECTOR('',#9374,2.00000000000002);
#2551=VECTOR('',#9381,2.00000000000002);
#2552=VECTOR('',#9388,2.00000000000005);
#2553=VECTOR('',#9395,2.00000000000005);
#2554=VECTOR('',#9402,2.00000000000015);
#2555=VECTOR('',#9409,2.00000000000001);
#2556=VECTOR('',#9416,2.);
#2557=VECTOR('',#9423,2.00000000000021);
#2558=VECTOR('',#9430,2.);
#2559=VECTOR('',#9437,2.00000000000003);
#2560=VECTOR('',#9444,2.00000000000002);
#2561=VECTOR('',#9449,10.);
#2562=VECTOR('',#9452,10.);
#2563=VECTOR('',#9457,10.);
#2564=VECTOR('',#9460,10.);
#2565=VECTOR('',#9463,10.);
#2566=VECTOR('',#9468,10.);
#2567=VECTOR('',#9471,10.);
#2568=VECTOR('',#9474,10.);
#2569=VECTOR('',#9479,10.);
#2570=VECTOR('',#9482,10.);
#2571=VECTOR('',#9485,10.);
#2572=VECTOR('',#9490,10.);
#2573=VECTOR('',#9493,10.);
#2574=VECTOR('',#9496,10.);
#2575=VECTOR('',#9501,10.);
#2576=VECTOR('',#9504,10.);
#2577=VECTOR('',#9507,10.);
#2578=VECTOR('',#9512,10.);
#2579=VECTOR('',#9515,10.);
#2580=VECTOR('',#9518,10.);
#2581=VECTOR('',#9523,10.);
#2582=VECTOR('',#9526,10.);
#2583=VECTOR('',#9529,10.);
#2584=VECTOR('',#9534,10.);
#2585=VECTOR('',#9537,10.);
#2586=VECTOR('',#9540,10.);
#2587=VECTOR('',#9545,10.);
#2588=VECTOR('',#9548,10.);
#2589=VECTOR('',#9551,10.);
#2590=VECTOR('',#9556,10.);
#2591=VECTOR('',#9559,10.);
#2592=VECTOR('',#9562,10.);
#2593=VECTOR('',#9567,10.);
#2594=VECTOR('',#9570,10.);
#2595=VECTOR('',#9573,10.);
#2596=VECTOR('',#9578,10.);
#2597=VECTOR('',#9581,10.);
#2598=VECTOR('',#9584,10.);
#2599=VECTOR('',#9589,10.);
#2600=VECTOR('',#9592,10.);
#2601=VECTOR('',#9595,10.);
#2602=VECTOR('',#9600,10.);
#2603=VECTOR('',#9603,10.);
#2604=VECTOR('',#9606,10.);
#2605=VECTOR('',#9611,10.);
#2606=VECTOR('',#9614,10.);
#2607=VECTOR('',#9617,10.);
#2608=VECTOR('',#9622,10.);
#2609=VECTOR('',#9625,10.);
#2610=VECTOR('',#9628,10.);
#2611=VECTOR('',#9633,10.);
#2612=VECTOR('',#9636,10.);
#2613=VECTOR('',#9639,10.);
#2614=VECTOR('',#9644,10.);
#2615=VECTOR('',#9647,10.);
#2616=VECTOR('',#9650,10.);
#2617=VECTOR('',#9655,10.);
#2618=VECTOR('',#9658,10.);
#2619=VECTOR('',#9661,10.);
#2620=VECTOR('',#9666,10.);
#2621=VECTOR('',#9669,10.);
#2622=VECTOR('',#9672,10.);
#2623=VECTOR('',#9677,10.);
#2624=VECTOR('',#9684,10.);
#2625=VECTOR('',#9687,10.);
#2626=VECTOR('',#9690,10.);
#2627=VECTOR('',#9693,10.);
#2628=VECTOR('',#9696,10.);
#2629=VECTOR('',#9697,10.);
#2630=VECTOR('',#9700,10.);
#2631=VECTOR('',#9703,10.);
#2632=VECTOR('',#9706,10.);
#2633=VECTOR('',#9709,10.);
#2634=VECTOR('',#9710,10.);
#2635=VECTOR('',#9713,10.);
#2636=VECTOR('',#9716,10.);
#2637=VECTOR('',#9719,10.);
#2638=VECTOR('',#9722,10.);
#2639=VECTOR('',#9723,10.);
#2640=VECTOR('',#9726,10.);
#2641=VECTOR('',#9729,10.);
#2642=VECTOR('',#9732,10.);
#2643=VECTOR('',#9735,10.);
#2644=VECTOR('',#9736,10.);
#2645=VECTOR('',#9739,10.);
#2646=VECTOR('',#9742,10.);
#2647=VECTOR('',#9745,10.);
#2648=VECTOR('',#9748,10.);
#2649=VECTOR('',#9749,10.);
#2650=VECTOR('',#9752,10.);
#2651=VECTOR('',#9755,10.);
#2652=VECTOR('',#9758,10.);
#2653=VECTOR('',#9761,10.);
#2654=VECTOR('',#9762,10.);
#2655=VECTOR('',#9765,10.);
#2656=VECTOR('',#9768,10.);
#2657=VECTOR('',#9771,10.);
#2658=VECTOR('',#9774,10.);
#2659=VECTOR('',#9775,10.);
#2660=VECTOR('',#9778,10.);
#2661=VECTOR('',#9781,10.);
#2662=VECTOR('',#9784,10.);
#2663=VECTOR('',#9787,10.);
#2664=VECTOR('',#9788,10.);
#2665=VECTOR('',#9791,10.);
#2666=VECTOR('',#9794,10.);
#2667=VECTOR('',#9797,10.);
#2668=VECTOR('',#9800,10.);
#2669=VECTOR('',#9801,10.);
#2670=VECTOR('',#9804,10.);
#2671=VECTOR('',#9807,10.);
#2672=VECTOR('',#9810,10.);
#2673=VECTOR('',#9813,10.);
#2674=VECTOR('',#9814,10.);
#2675=VECTOR('',#9817,10.);
#2676=VECTOR('',#9820,10.);
#2677=VECTOR('',#9823,10.);
#2678=VECTOR('',#9826,10.);
#2679=VECTOR('',#9827,10.);
#2680=VECTOR('',#9830,10.);
#2681=VECTOR('',#9833,10.);
#2682=VECTOR('',#9836,10.);
#2683=VECTOR('',#9839,10.);
#2684=VECTOR('',#9840,10.);
#2685=VECTOR('',#9843,10.);
#2686=VECTOR('',#9846,10.);
#2687=VECTOR('',#9849,10.);
#2688=VECTOR('',#9852,10.);
#2689=VECTOR('',#9853,10.);
#2690=VECTOR('',#9856,10.);
#2691=VECTOR('',#9859,10.);
#2692=VECTOR('',#9862,10.);
#2693=VECTOR('',#9865,10.);
#2694=VECTOR('',#9866,10.);
#2695=VECTOR('',#9869,10.);
#2696=VECTOR('',#9872,10.);
#2697=VECTOR('',#9875,10.);
#2698=VECTOR('',#9878,10.);
#2699=VECTOR('',#9879,10.);
#2700=VECTOR('',#9882,10.);
#2701=VECTOR('',#9885,10.);
#2702=VECTOR('',#9888,10.);
#2703=VECTOR('',#9891,10.);
#2704=VECTOR('',#9892,10.);
#2705=VECTOR('',#9895,10.);
#2706=VECTOR('',#9898,10.);
#2707=VECTOR('',#9901,10.);
#2708=VECTOR('',#9904,10.);
#2709=VECTOR('',#9905,10.);
#2710=VECTOR('',#9908,10.);
#2711=VECTOR('',#9911,10.);
#2712=VECTOR('',#9914,10.);
#2713=VECTOR('',#9917,10.);
#2714=VECTOR('',#9918,10.);
#2715=VECTOR('',#9921,10.);
#2716=VECTOR('',#9924,10.);
#2717=VECTOR('',#9927,10.);
#2718=VECTOR('',#9930,10.);
#2719=VECTOR('',#9931,10.);
#2720=VECTOR('',#9934,10.);
#2721=VECTOR('',#9937,10.);
#2722=VECTOR('',#9940,10.);
#2723=VECTOR('',#9943,10.);
#2724=VECTOR('',#9944,10.);
#2725=VECTOR('',#9947,10.);
#2726=VECTOR('',#9950,10.);
#2727=VECTOR('',#9953,10.);
#2728=VECTOR('',#9956,10.);
#2729=VECTOR('',#9959,10.);
#2730=VECTOR('',#9960,10.);
#2731=VECTOR('',#9961,10.);
#2732=VECTOR('',#9964,10.);
#2733=VECTOR('',#9969,10.);
#2734=VECTOR('',#9970,10.);
#2735=VECTOR('',#9973,10.);
#2736=VECTOR('',#9978,10.);
#2737=VECTOR('',#9979,10.);
#2738=VECTOR('',#9982,10.);
#2739=VECTOR('',#9987,10.);
#2740=VECTOR('',#9988,10.);
#2741=VECTOR('',#9997,10.);
#2742=VECTOR('',#9998,10.);
#2743=VECTOR('',#9999,10.);
#2744=VECTOR('',#10002,10.);
#2745=VECTOR('',#10007,10.);
#2746=VECTOR('',#10008,10.);
#2747=VECTOR('',#10011,10.);
#2748=VECTOR('',#10016,10.);
#2749=VECTOR('',#10017,10.);
#2750=VECTOR('',#10020,10.);
#2751=VECTOR('',#10025,10.);
#2752=VECTOR('',#10026,10.);
#2753=VECTOR('',#10035,10.);
#2754=VECTOR('',#10036,10.);
#2755=VECTOR('',#10037,10.);
#2756=VECTOR('',#10040,10.);
#2757=VECTOR('',#10045,10.);
#2758=VECTOR('',#10046,10.);
#2759=VECTOR('',#10049,10.);
#2760=VECTOR('',#10054,10.);
#2761=VECTOR('',#10055,10.);
#2762=VECTOR('',#10058,10.);
#2763=VECTOR('',#10063,10.);
#2764=VECTOR('',#10064,10.);
#2765=VECTOR('',#10073,10.);
#2766=VECTOR('',#10076,10.);
#2767=VECTOR('',#10079,10.);
#2768=VECTOR('',#10080,10.);
#2769=VECTOR('',#10083,10.);
#2770=VECTOR('',#10088,10.);
#2771=VECTOR('',#10089,10.);
#2772=VECTOR('',#10092,10.);
#2773=VECTOR('',#10097,10.);
#2774=VECTOR('',#10098,10.);
#2775=VECTOR('',#10101,10.);
#2776=VECTOR('',#10106,10.);
#2777=VECTOR('',#10111,10.);
#2778=VECTOR('',#10114,10.);
#2779=VECTOR('',#10117,10.);
#2780=VECTOR('',#10118,10.);
#2781=VECTOR('',#10121,10.);
#2782=VECTOR('',#10126,10.);
#2783=VECTOR('',#10127,10.);
#2784=VECTOR('',#10130,10.);
#2785=VECTOR('',#10135,10.);
#2786=VECTOR('',#10136,10.);
#2787=VECTOR('',#10139,10.);
#2788=VECTOR('',#10144,10.);
#2789=VECTOR('',#10149,10.);
#2790=VECTOR('',#10150,10.);
#2791=VECTOR('',#10151,10.);
#2792=VECTOR('',#10154,10.);
#2793=VECTOR('',#10159,10.);
#2794=VECTOR('',#10160,10.);
#2795=VECTOR('',#10163,10.);
#2796=VECTOR('',#10168,10.);
#2797=VECTOR('',#10169,10.);
#2798=VECTOR('',#10172,10.);
#2799=VECTOR('',#10177,10.);
#2800=VECTOR('',#10178,10.);
#2801=VECTOR('',#10187,10.);
#2802=VECTOR('',#10188,10.);
#2803=VECTOR('',#10189,10.);
#2804=VECTOR('',#10192,10.);
#2805=VECTOR('',#10197,10.);
#2806=VECTOR('',#10198,10.);
#2807=VECTOR('',#10201,10.);
#2808=VECTOR('',#10206,10.);
#2809=VECTOR('',#10207,10.);
#2810=VECTOR('',#10210,10.);
#2811=VECTOR('',#10215,10.);
#2812=VECTOR('',#10216,10.);
#2813=VECTOR('',#10225,10.);
#2814=VECTOR('',#10226,10.);
#2815=VECTOR('',#10227,10.);
#2816=VECTOR('',#10230,10.);
#2817=VECTOR('',#10235,10.);
#2818=VECTOR('',#10236,10.);
#2819=VECTOR('',#10239,10.);
#2820=VECTOR('',#10244,10.);
#2821=VECTOR('',#10245,10.);
#2822=VECTOR('',#10248,10.);
#2823=VECTOR('',#10253,10.);
#2824=VECTOR('',#10254,10.);
#2825=VECTOR('',#10263,10.);
#2826=VECTOR('',#10266,10.);
#2827=VECTOR('',#10269,10.);
#2828=VECTOR('',#10270,10.);
#2829=VECTOR('',#10273,10.);
#2830=VECTOR('',#10278,10.);
#2831=VECTOR('',#10279,10.);
#2832=VECTOR('',#10282,10.);
#2833=VECTOR('',#10287,10.);
#2834=VECTOR('',#10288,10.);
#2835=VECTOR('',#10291,10.);
#2836=VECTOR('',#10296,10.);
#2837=VECTOR('',#10301,10.);
#2838=VECTOR('',#10302,10.);
#2839=VECTOR('',#10303,10.);
#2840=VECTOR('',#10306,10.);
#2841=VECTOR('',#10311,10.);
#2842=VECTOR('',#10312,10.);
#2843=VECTOR('',#10315,10.);
#2844=VECTOR('',#10320,10.);
#2845=VECTOR('',#10321,10.);
#2846=VECTOR('',#10324,10.);
#2847=VECTOR('',#10329,10.);
#2848=VECTOR('',#10330,10.);
#2849=VECTOR('',#10339,10.);
#2850=VECTOR('',#10340,10.);
#2851=VECTOR('',#10341,10.);
#2852=VECTOR('',#10344,10.);
#2853=VECTOR('',#10349,10.);
#2854=VECTOR('',#10350,10.);
#2855=VECTOR('',#10353,10.);
#2856=VECTOR('',#10358,10.);
#2857=VECTOR('',#10359,10.);
#2858=VECTOR('',#10362,10.);
#2859=VECTOR('',#10367,10.);
#2860=VECTOR('',#10368,10.);
#2861=VECTOR('',#10377,10.);
#2862=VECTOR('',#10378,10.);
#2863=VECTOR('',#10379,10.);
#2864=VECTOR('',#10382,10.);
#2865=VECTOR('',#10387,10.);
#2866=VECTOR('',#10388,10.);
#2867=VECTOR('',#10391,10.);
#2868=VECTOR('',#10396,10.);
#2869=VECTOR('',#10397,10.);
#2870=VECTOR('',#10400,10.);
#2871=VECTOR('',#10405,10.);
#2872=VECTOR('',#10406,10.);
#2873=VECTOR('',#10415,10.);
#2874=VECTOR('',#10416,10.);
#2875=VECTOR('',#10417,10.);
#2876=VECTOR('',#10420,10.);
#2877=VECTOR('',#10425,10.);
#2878=VECTOR('',#10426,10.);
#2879=VECTOR('',#10429,10.);
#2880=VECTOR('',#10434,10.);
#2881=VECTOR('',#10435,10.);
#2882=VECTOR('',#10438,10.);
#2883=VECTOR('',#10443,10.);
#2884=VECTOR('',#10444,10.);
#2885=VECTOR('',#10453,10.);
#2886=VECTOR('',#10456,10.);
#2887=VECTOR('',#10459,10.);
#2888=VECTOR('',#10460,10.);
#2889=VECTOR('',#10463,10.);
#2890=VECTOR('',#10468,10.);
#2891=VECTOR('',#10469,10.);
#2892=VECTOR('',#10472,10.);
#2893=VECTOR('',#10477,10.);
#2894=VECTOR('',#10478,10.);
#2895=VECTOR('',#10481,10.);
#2896=VECTOR('',#10486,10.);
#2897=VECTOR('',#10491,10.);
#2898=VECTOR('',#10492,10.);
#2899=VECTOR('',#10493,10.);
#2900=VECTOR('',#10496,10.);
#2901=VECTOR('',#10501,10.);
#2902=VECTOR('',#10502,10.);
#2903=VECTOR('',#10505,10.);
#2904=VECTOR('',#10510,10.);
#2905=VECTOR('',#10511,10.);
#2906=VECTOR('',#10514,10.);
#2907=VECTOR('',#10519,10.);
#2908=VECTOR('',#10520,10.);
#2909=VECTOR('',#10529,10.);
#2910=VECTOR('',#10530,10.);
#2911=VECTOR('',#10531,10.);
#2912=VECTOR('',#10534,10.);
#2913=VECTOR('',#10539,10.);
#2914=VECTOR('',#10540,10.);
#2915=VECTOR('',#10543,10.);
#2916=VECTOR('',#10548,10.);
#2917=VECTOR('',#10549,10.);
#2918=VECTOR('',#10552,10.);
#2919=VECTOR('',#10557,10.);
#2920=VECTOR('',#10558,10.);
#2921=VECTOR('',#10567,10.);
#2922=VECTOR('',#10568,10.);
#2923=VECTOR('',#10569,10.);
#2924=VECTOR('',#10572,10.);
#2925=VECTOR('',#10577,10.);
#2926=VECTOR('',#10578,10.);
#2927=VECTOR('',#10581,10.);
#2928=VECTOR('',#10586,10.);
#2929=VECTOR('',#10587,10.);
#2930=VECTOR('',#10590,10.);
#2931=VECTOR('',#10595,10.);
#2932=VECTOR('',#10596,10.);
#2933=VECTOR('',#10605,10.);
#2934=VECTOR('',#10606,10.);
#2935=VECTOR('',#10607,10.);
#2936=VECTOR('',#10610,10.);
#2937=VECTOR('',#10615,10.);
#2938=VECTOR('',#10616,10.);
#2939=VECTOR('',#10619,10.);
#2940=VECTOR('',#10624,10.);
#2941=VECTOR('',#10625,10.);
#2942=VECTOR('',#10628,10.);
#2943=VECTOR('',#10633,10.);
#2944=VECTOR('',#10634,10.);
#2945=VECTOR('',#10643,10.);
#2946=VECTOR('',#10644,10.);
#2947=VECTOR('',#10645,10.);
#2948=VECTOR('',#10648,10.);
#2949=VECTOR('',#10653,10.);
#2950=VECTOR('',#10654,10.);
#2951=VECTOR('',#10657,10.);
#2952=VECTOR('',#10662,10.);
#2953=VECTOR('',#10663,10.);
#2954=VECTOR('',#10666,10.);
#2955=VECTOR('',#10671,10.);
#2956=VECTOR('',#10672,10.);
#2957=VECTOR('',#10681,10.);
#2958=VECTOR('',#10682,10.);
#2959=VECTOR('',#10683,10.);
#2960=VECTOR('',#10686,10.);
#2961=VECTOR('',#10691,10.);
#2962=VECTOR('',#10692,10.);
#2963=VECTOR('',#10695,10.);
#2964=VECTOR('',#10700,10.);
#2965=VECTOR('',#10701,10.);
#2966=VECTOR('',#10704,10.);
#2967=VECTOR('',#10709,10.);
#2968=VECTOR('',#10710,10.);
#2969=VECTOR('',#10719,10.);
#2970=VECTOR('',#10720,10.);
#2971=VECTOR('',#10721,10.);
#2972=VECTOR('',#10724,10.);
#2973=VECTOR('',#10729,10.);
#2974=VECTOR('',#10730,10.);
#2975=VECTOR('',#10733,10.);
#2976=VECTOR('',#10738,10.);
#2977=VECTOR('',#10739,10.);
#2978=VECTOR('',#10742,10.);
#2979=VECTOR('',#10747,10.);
#2980=VECTOR('',#10748,10.);
#2981=VECTOR('',#10757,95.);
#2982=VECTOR('',#10762,60.);
#2983=VECTOR('',#10769,120.);
#2984=VERTEX_POINT('',#10778);
#2985=VERTEX_POINT('',#10779);
#2986=VERTEX_POINT('',#10781);
#2987=VERTEX_POINT('',#10783);
#2988=VERTEX_POINT('',#10787);
#2989=VERTEX_POINT('',#10789);
#2990=VERTEX_POINT('',#10793);
#2991=VERTEX_POINT('',#10795);
#2992=VERTEX_POINT('',#10799);
#2993=VERTEX_POINT('',#10801);
#2994=VERTEX_POINT('',#10805);
#2995=VERTEX_POINT('',#10807);
#2996=VERTEX_POINT('',#10811);
#2997=VERTEX_POINT('',#10813);
#2998=VERTEX_POINT('',#10817);
#2999=VERTEX_POINT('',#10819);
#3000=VERTEX_POINT('',#10823);
#3001=VERTEX_POINT('',#10825);
#3002=VERTEX_POINT('',#10829);
#3003=VERTEX_POINT('',#10831);
#3004=VERTEX_POINT('',#10835);
#3005=VERTEX_POINT('',#10837);
#3006=VERTEX_POINT('',#10841);
#3007=VERTEX_POINT('',#10843);
#3008=VERTEX_POINT('',#10847);
#3009=VERTEX_POINT('',#10849);
#3010=VERTEX_POINT('',#10853);
#3011=VERTEX_POINT('',#10855);
#3012=VERTEX_POINT('',#10862);
#3013=VERTEX_POINT('',#10863);
#3014=VERTEX_POINT('',#10865);
#3015=VERTEX_POINT('',#10867);
#3016=VERTEX_POINT('',#10871);
#3017=VERTEX_POINT('',#10873);
#3018=VERTEX_POINT('',#10877);
#3019=VERTEX_POINT('',#10879);
#3020=VERTEX_POINT('',#10883);
#3021=VERTEX_POINT('',#10885);
#3022=VERTEX_POINT('',#10889);
#3023=VERTEX_POINT('',#10891);
#3024=VERTEX_POINT('',#10895);
#3025=VERTEX_POINT('',#10897);
#3026=VERTEX_POINT('',#10901);
#3027=VERTEX_POINT('',#10903);
#3028=VERTEX_POINT('',#10907);
#3029=VERTEX_POINT('',#10909);
#3030=VERTEX_POINT('',#10913);
#3031=VERTEX_POINT('',#10915);
#3032=VERTEX_POINT('',#10919);
#3033=VERTEX_POINT('',#10921);
#3034=VERTEX_POINT('',#10925);
#3035=VERTEX_POINT('',#10927);
#3036=VERTEX_POINT('',#10931);
#3037=VERTEX_POINT('',#10933);
#3038=VERTEX_POINT('',#10937);
#3039=VERTEX_POINT('',#10939);
#3040=VERTEX_POINT('',#10946);
#3041=VERTEX_POINT('',#10947);
#3042=VERTEX_POINT('',#10949);
#3043=VERTEX_POINT('',#10951);
#3044=VERTEX_POINT('',#10955);
#3045=VERTEX_POINT('',#10957);
#3046=VERTEX_POINT('',#10961);
#3047=VERTEX_POINT('',#10963);
#3048=VERTEX_POINT('',#10967);
#3049=VERTEX_POINT('',#10969);
#3050=VERTEX_POINT('',#10973);
#3051=VERTEX_POINT('',#10975);
#3052=VERTEX_POINT('',#10979);
#3053=VERTEX_POINT('',#10981);
#3054=VERTEX_POINT('',#10985);
#3055=VERTEX_POINT('',#10987);
#3056=VERTEX_POINT('',#10991);
#3057=VERTEX_POINT('',#10993);
#3058=VERTEX_POINT('',#10997);
#3059=VERTEX_POINT('',#10999);
#3060=VERTEX_POINT('',#11003);
#3061=VERTEX_POINT('',#11005);
#3062=VERTEX_POINT('',#11009);
#3063=VERTEX_POINT('',#11011);
#3064=VERTEX_POINT('',#11015);
#3065=VERTEX_POINT('',#11017);
#3066=VERTEX_POINT('',#11021);
#3067=VERTEX_POINT('',#11023);
#3068=VERTEX_POINT('',#11030);
#3069=VERTEX_POINT('',#11031);
#3070=VERTEX_POINT('',#11033);
#3071=VERTEX_POINT('',#11035);
#3072=VERTEX_POINT('',#11039);
#3073=VERTEX_POINT('',#11041);
#3074=VERTEX_POINT('',#11045);
#3075=VERTEX_POINT('',#11047);
#3076=VERTEX_POINT('',#11051);
#3077=VERTEX_POINT('',#11053);
#3078=VERTEX_POINT('',#11057);
#3079=VERTEX_POINT('',#11059);
#3080=VERTEX_POINT('',#11063);
#3081=VERTEX_POINT('',#11065);
#3082=VERTEX_POINT('',#11069);
#3083=VERTEX_POINT('',#11071);
#3084=VERTEX_POINT('',#11075);
#3085=VERTEX_POINT('',#11077);
#3086=VERTEX_POINT('',#11081);
#3087=VERTEX_POINT('',#11083);
#3088=VERTEX_POINT('',#11087);
#3089=VERTEX_POINT('',#11089);
#3090=VERTEX_POINT('',#11093);
#3091=VERTEX_POINT('',#11095);
#3092=VERTEX_POINT('',#11099);
#3093=VERTEX_POINT('',#11101);
#3094=VERTEX_POINT('',#11105);
#3095=VERTEX_POINT('',#11107);
#3096=VERTEX_POINT('',#11114);
#3097=VERTEX_POINT('',#11115);
#3098=VERTEX_POINT('',#11117);
#3099=VERTEX_POINT('',#11119);
#3100=VERTEX_POINT('',#11123);
#3101=VERTEX_POINT('',#11125);
#3102=VERTEX_POINT('',#11129);
#3103=VERTEX_POINT('',#11131);
#3104=VERTEX_POINT('',#11135);
#3105=VERTEX_POINT('',#11137);
#3106=VERTEX_POINT('',#11141);
#3107=VERTEX_POINT('',#11143);
#3108=VERTEX_POINT('',#11147);
#3109=VERTEX_POINT('',#11149);
#3110=VERTEX_POINT('',#11153);
#3111=VERTEX_POINT('',#11155);
#3112=VERTEX_POINT('',#11159);
#3113=VERTEX_POINT('',#11161);
#3114=VERTEX_POINT('',#11165);
#3115=VERTEX_POINT('',#11167);
#3116=VERTEX_POINT('',#11171);
#3117=VERTEX_POINT('',#11173);
#3118=VERTEX_POINT('',#11177);
#3119=VERTEX_POINT('',#11179);
#3120=VERTEX_POINT('',#11183);
#3121=VERTEX_POINT('',#11185);
#3122=VERTEX_POINT('',#11189);
#3123=VERTEX_POINT('',#11191);
#3124=VERTEX_POINT('',#11198);
#3125=VERTEX_POINT('',#11199);
#3126=VERTEX_POINT('',#11201);
#3127=VERTEX_POINT('',#11203);
#3128=VERTEX_POINT('',#11207);
#3129=VERTEX_POINT('',#11209);
#3130=VERTEX_POINT('',#11213);
#3131=VERTEX_POINT('',#11215);
#3132=VERTEX_POINT('',#11219);
#3133=VERTEX_POINT('',#11221);
#3134=VERTEX_POINT('',#11225);
#3135=VERTEX_POINT('',#11227);
#3136=VERTEX_POINT('',#11231);
#3137=VERTEX_POINT('',#11233);
#3138=VERTEX_POINT('',#11237);
#3139=VERTEX_POINT('',#11239);
#3140=VERTEX_POINT('',#11243);
#3141=VERTEX_POINT('',#11245);
#3142=VERTEX_POINT('',#11249);
#3143=VERTEX_POINT('',#11251);
#3144=VERTEX_POINT('',#11255);
#3145=VERTEX_POINT('',#11257);
#3146=VERTEX_POINT('',#11261);
#3147=VERTEX_POINT('',#11263);
#3148=VERTEX_POINT('',#11267);
#3149=VERTEX_POINT('',#11269);
#3150=VERTEX_POINT('',#11273);
#3151=VERTEX_POINT('',#11275);
#3152=VERTEX_POINT('',#11282);
#3153=VERTEX_POINT('',#11283);
#3154=VERTEX_POINT('',#11285);
#3155=VERTEX_POINT('',#11287);
#3156=VERTEX_POINT('',#11291);
#3157=VERTEX_POINT('',#11293);
#3158=VERTEX_POINT('',#11297);
#3159=VERTEX_POINT('',#11299);
#3160=VERTEX_POINT('',#11303);
#3161=VERTEX_POINT('',#11305);
#3162=VERTEX_POINT('',#11309);
#3163=VERTEX_POINT('',#11311);
#3164=VERTEX_POINT('',#11315);
#3165=VERTEX_POINT('',#11317);
#3166=VERTEX_POINT('',#11321);
#3167=VERTEX_POINT('',#11323);
#3168=VERTEX_POINT('',#11327);
#3169=VERTEX_POINT('',#11329);
#3170=VERTEX_POINT('',#11333);
#3171=VERTEX_POINT('',#11335);
#3172=VERTEX_POINT('',#11339);
#3173=VERTEX_POINT('',#11341);
#3174=VERTEX_POINT('',#11345);
#3175=VERTEX_POINT('',#11347);
#3176=VERTEX_POINT('',#11351);
#3177=VERTEX_POINT('',#11353);
#3178=VERTEX_POINT('',#11357);
#3179=VERTEX_POINT('',#11359);
#3180=VERTEX_POINT('',#11366);
#3181=VERTEX_POINT('',#11367);
#3182=VERTEX_POINT('',#11369);
#3183=VERTEX_POINT('',#11371);
#3184=VERTEX_POINT('',#11375);
#3185=VERTEX_POINT('',#11377);
#3186=VERTEX_POINT('',#11381);
#3187=VERTEX_POINT('',#11383);
#3188=VERTEX_POINT('',#11387);
#3189=VERTEX_POINT('',#11389);
#3190=VERTEX_POINT('',#11393);
#3191=VERTEX_POINT('',#11395);
#3192=VERTEX_POINT('',#11399);
#3193=VERTEX_POINT('',#11401);
#3194=VERTEX_POINT('',#11405);
#3195=VERTEX_POINT('',#11407);
#3196=VERTEX_POINT('',#11411);
#3197=VERTEX_POINT('',#11413);
#3198=VERTEX_POINT('',#11417);
#3199=VERTEX_POINT('',#11419);
#3200=VERTEX_POINT('',#11423);
#3201=VERTEX_POINT('',#11425);
#3202=VERTEX_POINT('',#11429);
#3203=VERTEX_POINT('',#11431);
#3204=VERTEX_POINT('',#11435);
#3205=VERTEX_POINT('',#11437);
#3206=VERTEX_POINT('',#11441);
#3207=VERTEX_POINT('',#11443);
#3208=VERTEX_POINT('',#11450);
#3209=VERTEX_POINT('',#11452);
#3210=VERTEX_POINT('',#11457);
#3211=VERTEX_POINT('',#11459);
#3212=VERTEX_POINT('',#11464);
#3213=VERTEX_POINT('',#11466);
#3214=VERTEX_POINT('',#11471);
#3215=VERTEX_POINT('',#11473);
#3216=VERTEX_POINT('',#11478);
#3217=VERTEX_POINT('',#11480);
#3218=VERTEX_POINT('',#11485);
#3219=VERTEX_POINT('',#11487);
#3220=VERTEX_POINT('',#11492);
#3221=VERTEX_POINT('',#11494);
#3222=VERTEX_POINT('',#11499);
#3223=VERTEX_POINT('',#11501);
#3224=VERTEX_POINT('',#11506);
#3225=VERTEX_POINT('',#11508);
#3226=VERTEX_POINT('',#11513);
#3227=VERTEX_POINT('',#11515);
#3228=VERTEX_POINT('',#11520);
#3229=VERTEX_POINT('',#11522);
#3230=VERTEX_POINT('',#11526);
#3231=VERTEX_POINT('',#11528);
#3232=VERTEX_POINT('',#11532);
#3233=VERTEX_POINT('',#11534);
#3234=VERTEX_POINT('',#11538);
#3235=VERTEX_POINT('',#11540);
#3236=VERTEX_POINT('',#11544);
#3237=VERTEX_POINT('',#11546);
#3238=VERTEX_POINT('',#11550);
#3239=VERTEX_POINT('',#11552);
#3240=VERTEX_POINT('',#11556);
#3241=VERTEX_POINT('',#11558);
#3242=VERTEX_POINT('',#11562);
#3243=VERTEX_POINT('',#11564);
#3244=VERTEX_POINT('',#11568);
#3245=VERTEX_POINT('',#11570);
#3246=VERTEX_POINT('',#11574);
#3247=VERTEX_POINT('',#11576);
#3248=VERTEX_POINT('',#11580);
#3249=VERTEX_POINT('',#11582);
#3250=VERTEX_POINT('',#11586);
#3251=VERTEX_POINT('',#11588);
#3252=VERTEX_POINT('',#11592);
#3253=VERTEX_POINT('',#11594);
#3254=VERTEX_POINT('',#11598);
#3255=VERTEX_POINT('',#11600);
#3256=VERTEX_POINT('',#11604);
#3257=VERTEX_POINT('',#11606);
#3258=VERTEX_POINT('',#11610);
#3259=VERTEX_POINT('',#11612);
#3260=VERTEX_POINT('',#11616);
#3261=VERTEX_POINT('',#11618);
#3262=VERTEX_POINT('',#11622);
#3263=VERTEX_POINT('',#11624);
#3264=VERTEX_POINT('',#11628);
#3265=VERTEX_POINT('',#11630);
#3266=VERTEX_POINT('',#11634);
#3267=VERTEX_POINT('',#11636);
#3268=VERTEX_POINT('',#11640);
#3269=VERTEX_POINT('',#11642);
#3270=VERTEX_POINT('',#11646);
#3271=VERTEX_POINT('',#11648);
#3272=VERTEX_POINT('',#11652);
#3273=VERTEX_POINT('',#11654);
#3274=VERTEX_POINT('',#11658);
#3275=VERTEX_POINT('',#11660);
#3276=VERTEX_POINT('',#11664);
#3277=VERTEX_POINT('',#11666);
#3278=VERTEX_POINT('',#11670);
#3279=VERTEX_POINT('',#11672);
#3280=VERTEX_POINT('',#11676);
#3281=VERTEX_POINT('',#11678);
#3282=VERTEX_POINT('',#11682);
#3283=VERTEX_POINT('',#11684);
#3284=VERTEX_POINT('',#11688);
#3285=VERTEX_POINT('',#11690);
#3286=VERTEX_POINT('',#11694);
#3287=VERTEX_POINT('',#11695);
#3288=VERTEX_POINT('',#11697);
#3289=VERTEX_POINT('',#11699);
#3290=VERTEX_POINT('',#11705);
#3291=VERTEX_POINT('',#11706);
#3292=VERTEX_POINT('',#11708);
#3293=VERTEX_POINT('',#11710);
#3294=VERTEX_POINT('',#11716);
#3295=VERTEX_POINT('',#11717);
#3296=VERTEX_POINT('',#11719);
#3297=VERTEX_POINT('',#11721);
#3298=VERTEX_POINT('',#11727);
#3299=VERTEX_POINT('',#11728);
#3300=VERTEX_POINT('',#11730);
#3301=VERTEX_POINT('',#11732);
#3302=VERTEX_POINT('',#11738);
#3303=VERTEX_POINT('',#11739);
#3304=VERTEX_POINT('',#11741);
#3305=VERTEX_POINT('',#11743);
#3306=VERTEX_POINT('',#11749);
#3307=VERTEX_POINT('',#11750);
#3308=VERTEX_POINT('',#11752);
#3309=VERTEX_POINT('',#11754);
#3310=VERTEX_POINT('',#11760);
#3311=VERTEX_POINT('',#11761);
#3312=VERTEX_POINT('',#11763);
#3313=VERTEX_POINT('',#11765);
#3314=VERTEX_POINT('',#11771);
#3315=VERTEX_POINT('',#11772);
#3316=VERTEX_POINT('',#11774);
#3317=VERTEX_POINT('',#11776);
#3318=VERTEX_POINT('',#11782);
#3319=VERTEX_POINT('',#11783);
#3320=VERTEX_POINT('',#11785);
#3321=VERTEX_POINT('',#11787);
#3322=VERTEX_POINT('',#11793);
#3323=VERTEX_POINT('',#11794);
#3324=VERTEX_POINT('',#11796);
#3325=VERTEX_POINT('',#11798);
#3326=VERTEX_POINT('',#11804);
#3327=VERTEX_POINT('',#11805);
#3328=VERTEX_POINT('',#11807);
#3329=VERTEX_POINT('',#11809);
#3330=VERTEX_POINT('',#11815);
#3331=VERTEX_POINT('',#11816);
#3332=VERTEX_POINT('',#11818);
#3333=VERTEX_POINT('',#11820);
#3334=VERTEX_POINT('',#11826);
#3335=VERTEX_POINT('',#11827);
#3336=VERTEX_POINT('',#11829);
#3337=VERTEX_POINT('',#11831);
#3338=VERTEX_POINT('',#11837);
#3339=VERTEX_POINT('',#11838);
#3340=VERTEX_POINT('',#11840);
#3341=VERTEX_POINT('',#11842);
#3342=VERTEX_POINT('',#11848);
#3343=VERTEX_POINT('',#11849);
#3344=VERTEX_POINT('',#11851);
#3345=VERTEX_POINT('',#11853);
#3346=VERTEX_POINT('',#11859);
#3347=VERTEX_POINT('',#11860);
#3348=VERTEX_POINT('',#11862);
#3349=VERTEX_POINT('',#11864);
#3350=VERTEX_POINT('',#11870);
#3351=VERTEX_POINT('',#11871);
#3352=VERTEX_POINT('',#11873);
#3353=VERTEX_POINT('',#11875);
#3354=VERTEX_POINT('',#11881);
#3355=VERTEX_POINT('',#11882);
#3356=VERTEX_POINT('',#11884);
#3357=VERTEX_POINT('',#11886);
#3358=VERTEX_POINT('',#11892);
#3359=VERTEX_POINT('',#11893);
#3360=VERTEX_POINT('',#11895);
#3361=VERTEX_POINT('',#11897);
#3362=VERTEX_POINT('',#11903);
#3363=VERTEX_POINT('',#11904);
#3364=VERTEX_POINT('',#11906);
#3365=VERTEX_POINT('',#11908);
#3366=VERTEX_POINT('',#11914);
#3367=VERTEX_POINT('',#11915);
#3368=VERTEX_POINT('',#11917);
#3369=VERTEX_POINT('',#11919);
#3370=VERTEX_POINT('',#11925);
#3371=VERTEX_POINT('',#11927);
#3372=VERTEX_POINT('',#11929);
#3373=VERTEX_POINT('',#11931);
#3374=VERTEX_POINT('',#11933);
#3375=VERTEX_POINT('',#11935);
#3376=VERTEX_POINT('',#11937);
#3377=VERTEX_POINT('',#11939);
#3378=VERTEX_POINT('',#11941);
#3379=VERTEX_POINT('',#11943);
#3380=VERTEX_POINT('',#11946);
#3381=VERTEX_POINT('',#11948);
#3382=VERTEX_POINT('',#11950);
#3383=VERTEX_POINT('',#11952);
#3384=VERTEX_POINT('',#11954);
#3385=VERTEX_POINT('',#11956);
#3386=VERTEX_POINT('',#11958);
#3387=VERTEX_POINT('',#11960);
#3388=VERTEX_POINT('',#11963);
#3389=VERTEX_POINT('',#11965);
#3390=VERTEX_POINT('',#11967);
#3391=VERTEX_POINT('',#11969);
#3392=VERTEX_POINT('',#11971);
#3393=VERTEX_POINT('',#11973);
#3394=VERTEX_POINT('',#11975);
#3395=VERTEX_POINT('',#11977);
#3396=VERTEX_POINT('',#11980);
#3397=VERTEX_POINT('',#11982);
#3398=VERTEX_POINT('',#11984);
#3399=VERTEX_POINT('',#11986);
#3400=VERTEX_POINT('',#11988);
#3401=VERTEX_POINT('',#11990);
#3402=VERTEX_POINT('',#11992);
#3403=VERTEX_POINT('',#11994);
#3404=VERTEX_POINT('',#11997);
#3405=VERTEX_POINT('',#11999);
#3406=VERTEX_POINT('',#12001);
#3407=VERTEX_POINT('',#12003);
#3408=VERTEX_POINT('',#12005);
#3409=VERTEX_POINT('',#12007);
#3410=VERTEX_POINT('',#12009);
#3411=VERTEX_POINT('',#12011);
#3412=VERTEX_POINT('',#12014);
#3413=VERTEX_POINT('',#12016);
#3414=VERTEX_POINT('',#12018);
#3415=VERTEX_POINT('',#12020);
#3416=VERTEX_POINT('',#12022);
#3417=VERTEX_POINT('',#12024);
#3418=VERTEX_POINT('',#12026);
#3419=VERTEX_POINT('',#12028);
#3420=VERTEX_POINT('',#12031);
#3421=VERTEX_POINT('',#12033);
#3422=VERTEX_POINT('',#12035);
#3423=VERTEX_POINT('',#12037);
#3424=VERTEX_POINT('',#12039);
#3425=VERTEX_POINT('',#12041);
#3426=VERTEX_POINT('',#12043);
#3427=VERTEX_POINT('',#12045);
#3428=VERTEX_POINT('',#12048);
#3429=VERTEX_POINT('',#12050);
#3430=VERTEX_POINT('',#12052);
#3431=VERTEX_POINT('',#12054);
#3432=VERTEX_POINT('',#12056);
#3433=VERTEX_POINT('',#12058);
#3434=VERTEX_POINT('',#12060);
#3435=VERTEX_POINT('',#12062);
#3436=VERTEX_POINT('',#12065);
#3437=VERTEX_POINT('',#12067);
#3438=VERTEX_POINT('',#12069);
#3439=VERTEX_POINT('',#12071);
#3440=VERTEX_POINT('',#12073);
#3441=VERTEX_POINT('',#12075);
#3442=VERTEX_POINT('',#12077);
#3443=VERTEX_POINT('',#12079);
#3444=VERTEX_POINT('',#12082);
#3445=VERTEX_POINT('',#12084);
#3446=VERTEX_POINT('',#12086);
#3447=VERTEX_POINT('',#12088);
#3448=VERTEX_POINT('',#12090);
#3449=VERTEX_POINT('',#12092);
#3450=VERTEX_POINT('',#12094);
#3451=VERTEX_POINT('',#12096);
#3452=VERTEX_POINT('',#12099);
#3453=VERTEX_POINT('',#12101);
#3454=VERTEX_POINT('',#12103);
#3455=VERTEX_POINT('',#12105);
#3456=VERTEX_POINT('',#12107);
#3457=VERTEX_POINT('',#12109);
#3458=VERTEX_POINT('',#12111);
#3459=VERTEX_POINT('',#12113);
#3460=VERTEX_POINT('',#12116);
#3461=VERTEX_POINT('',#12118);
#3462=VERTEX_POINT('',#12120);
#3463=VERTEX_POINT('',#12122);
#3464=VERTEX_POINT('',#12124);
#3465=VERTEX_POINT('',#12126);
#3466=VERTEX_POINT('',#12128);
#3467=VERTEX_POINT('',#12130);
#3468=VERTEX_POINT('',#12133);
#3469=VERTEX_POINT('',#12135);
#3470=VERTEX_POINT('',#12137);
#3471=VERTEX_POINT('',#12139);
#3472=VERTEX_POINT('',#12141);
#3473=VERTEX_POINT('',#12143);
#3474=VERTEX_POINT('',#12145);
#3475=VERTEX_POINT('',#12147);
#3476=VERTEX_POINT('',#12150);
#3477=VERTEX_POINT('',#12152);
#3478=VERTEX_POINT('',#12154);
#3479=VERTEX_POINT('',#12156);
#3480=VERTEX_POINT('',#12158);
#3481=VERTEX_POINT('',#12160);
#3482=VERTEX_POINT('',#12162);
#3483=VERTEX_POINT('',#12164);
#3484=VERTEX_POINT('',#12167);
#3485=VERTEX_POINT('',#12169);
#3486=VERTEX_POINT('',#12171);
#3487=VERTEX_POINT('',#12173);
#3488=VERTEX_POINT('',#12175);
#3489=VERTEX_POINT('',#12177);
#3490=VERTEX_POINT('',#12179);
#3491=VERTEX_POINT('',#12181);
#3492=VERTEX_POINT('',#12184);
#3493=VERTEX_POINT('',#12186);
#3494=VERTEX_POINT('',#12188);
#3495=VERTEX_POINT('',#12190);
#3496=VERTEX_POINT('',#12192);
#3497=VERTEX_POINT('',#12194);
#3498=VERTEX_POINT('',#12196);
#3499=VERTEX_POINT('',#12198);
#3500=VERTEX_POINT('',#12201);
#3501=VERTEX_POINT('',#12203);
#3502=VERTEX_POINT('',#12205);
#3503=VERTEX_POINT('',#12207);
#3504=VERTEX_POINT('',#12209);
#3505=VERTEX_POINT('',#12211);
#3506=VERTEX_POINT('',#12213);
#3507=VERTEX_POINT('',#12215);
#3508=VERTEX_POINT('',#12218);
#3509=VERTEX_POINT('',#12220);
#3510=VERTEX_POINT('',#12222);
#3511=VERTEX_POINT('',#12224);
#3512=VERTEX_POINT('',#12226);
#3513=VERTEX_POINT('',#12228);
#3514=VERTEX_POINT('',#12230);
#3515=VERTEX_POINT('',#12232);
#3516=VERTEX_POINT('',#12235);
#3517=VERTEX_POINT('',#12237);
#3518=VERTEX_POINT('',#12239);
#3519=VERTEX_POINT('',#12241);
#3520=VERTEX_POINT('',#12243);
#3521=VERTEX_POINT('',#12245);
#3522=VERTEX_POINT('',#12247);
#3523=VERTEX_POINT('',#12249);
#3524=VERTEX_POINT('',#12252);
#3525=VERTEX_POINT('',#12254);
#3526=VERTEX_POINT('',#12256);
#3527=VERTEX_POINT('',#12258);
#3528=VERTEX_POINT('',#12260);
#3529=VERTEX_POINT('',#12262);
#3530=VERTEX_POINT('',#12264);
#3531=VERTEX_POINT('',#12266);
#3532=VERTEX_POINT('',#12269);
#3533=VERTEX_POINT('',#12271);
#3534=VERTEX_POINT('',#12273);
#3535=VERTEX_POINT('',#12275);
#3536=VERTEX_POINT('',#12277);
#3537=VERTEX_POINT('',#12279);
#3538=VERTEX_POINT('',#12281);
#3539=VERTEX_POINT('',#12283);
#3540=VERTEX_POINT('',#12287);
#3541=VERTEX_POINT('',#12289);
#3542=VERTEX_POINT('',#12293);
#3543=VERTEX_POINT('',#12297);
#3544=VERTEX_POINT('',#12301);
#3545=VERTEX_POINT('',#12305);
#3546=VERTEX_POINT('',#12309);
#3547=VERTEX_POINT('',#12313);
#3548=VERTEX_POINT('',#12320);
#3549=VERTEX_POINT('',#12322);
#3550=VERTEX_POINT('',#12326);
#3551=VERTEX_POINT('',#12330);
#3552=VERTEX_POINT('',#12334);
#3553=VERTEX_POINT('',#12338);
#3554=VERTEX_POINT('',#12342);
#3555=VERTEX_POINT('',#12346);
#3556=VERTEX_POINT('',#12353);
#3557=VERTEX_POINT('',#12355);
#3558=VERTEX_POINT('',#12359);
#3559=VERTEX_POINT('',#12363);
#3560=VERTEX_POINT('',#12367);
#3561=VERTEX_POINT('',#12371);
#3562=VERTEX_POINT('',#12375);
#3563=VERTEX_POINT('',#12379);
#3564=VERTEX_POINT('',#12386);
#3565=VERTEX_POINT('',#12388);
#3566=VERTEX_POINT('',#12392);
#3567=VERTEX_POINT('',#12396);
#3568=VERTEX_POINT('',#12400);
#3569=VERTEX_POINT('',#12404);
#3570=VERTEX_POINT('',#12408);
#3571=VERTEX_POINT('',#12412);
#3572=VERTEX_POINT('',#12419);
#3573=VERTEX_POINT('',#12421);
#3574=VERTEX_POINT('',#12425);
#3575=VERTEX_POINT('',#12429);
#3576=VERTEX_POINT('',#12433);
#3577=VERTEX_POINT('',#12437);
#3578=VERTEX_POINT('',#12441);
#3579=VERTEX_POINT('',#12445);
#3580=VERTEX_POINT('',#12452);
#3581=VERTEX_POINT('',#12454);
#3582=VERTEX_POINT('',#12458);
#3583=VERTEX_POINT('',#12462);
#3584=VERTEX_POINT('',#12466);
#3585=VERTEX_POINT('',#12470);
#3586=VERTEX_POINT('',#12474);
#3587=VERTEX_POINT('',#12478);
#3588=VERTEX_POINT('',#12485);
#3589=VERTEX_POINT('',#12487);
#3590=VERTEX_POINT('',#12491);
#3591=VERTEX_POINT('',#12495);
#3592=VERTEX_POINT('',#12499);
#3593=VERTEX_POINT('',#12503);
#3594=VERTEX_POINT('',#12507);
#3595=VERTEX_POINT('',#12511);
#3596=VERTEX_POINT('',#12518);
#3597=VERTEX_POINT('',#12520);
#3598=VERTEX_POINT('',#12524);
#3599=VERTEX_POINT('',#12528);
#3600=VERTEX_POINT('',#12532);
#3601=VERTEX_POINT('',#12536);
#3602=VERTEX_POINT('',#12540);
#3603=VERTEX_POINT('',#12544);
#3604=VERTEX_POINT('',#12551);
#3605=VERTEX_POINT('',#12553);
#3606=VERTEX_POINT('',#12557);
#3607=VERTEX_POINT('',#12561);
#3608=VERTEX_POINT('',#12565);
#3609=VERTEX_POINT('',#12569);
#3610=VERTEX_POINT('',#12573);
#3611=VERTEX_POINT('',#12577);
#3612=VERTEX_POINT('',#12584);
#3613=VERTEX_POINT('',#12586);
#3614=VERTEX_POINT('',#12590);
#3615=VERTEX_POINT('',#12594);
#3616=VERTEX_POINT('',#12598);
#3617=VERTEX_POINT('',#12602);
#3618=VERTEX_POINT('',#12606);
#3619=VERTEX_POINT('',#12610);
#3620=VERTEX_POINT('',#12617);
#3621=VERTEX_POINT('',#12619);
#3622=VERTEX_POINT('',#12623);
#3623=VERTEX_POINT('',#12627);
#3624=VERTEX_POINT('',#12631);
#3625=VERTEX_POINT('',#12635);
#3626=VERTEX_POINT('',#12639);
#3627=VERTEX_POINT('',#12643);
#3628=VERTEX_POINT('',#12650);
#3629=VERTEX_POINT('',#12652);
#3630=VERTEX_POINT('',#12656);
#3631=VERTEX_POINT('',#12660);
#3632=VERTEX_POINT('',#12664);
#3633=VERTEX_POINT('',#12668);
#3634=VERTEX_POINT('',#12672);
#3635=VERTEX_POINT('',#12676);
#3636=VERTEX_POINT('',#12683);
#3637=VERTEX_POINT('',#12685);
#3638=VERTEX_POINT('',#12689);
#3639=VERTEX_POINT('',#12693);
#3640=VERTEX_POINT('',#12697);
#3641=VERTEX_POINT('',#12701);
#3642=VERTEX_POINT('',#12705);
#3643=VERTEX_POINT('',#12709);
#3644=VERTEX_POINT('',#12716);
#3645=VERTEX_POINT('',#12718);
#3646=VERTEX_POINT('',#12722);
#3647=VERTEX_POINT('',#12726);
#3648=VERTEX_POINT('',#12730);
#3649=VERTEX_POINT('',#12734);
#3650=VERTEX_POINT('',#12738);
#3651=VERTEX_POINT('',#12742);
#3652=VERTEX_POINT('',#12749);
#3653=VERTEX_POINT('',#12751);
#3654=VERTEX_POINT('',#12755);
#3655=VERTEX_POINT('',#12759);
#3656=VERTEX_POINT('',#12763);
#3657=VERTEX_POINT('',#12767);
#3658=VERTEX_POINT('',#12771);
#3659=VERTEX_POINT('',#12775);
#3660=VERTEX_POINT('',#12782);
#3661=VERTEX_POINT('',#12784);
#3662=VERTEX_POINT('',#12788);
#3663=VERTEX_POINT('',#12792);
#3664=VERTEX_POINT('',#12796);
#3665=VERTEX_POINT('',#12800);
#3666=VERTEX_POINT('',#12804);
#3667=VERTEX_POINT('',#12808);
#3668=VERTEX_POINT('',#12815);
#3669=VERTEX_POINT('',#12817);
#3670=VERTEX_POINT('',#12821);
#3671=VERTEX_POINT('',#12825);
#3672=VERTEX_POINT('',#12829);
#3673=VERTEX_POINT('',#12833);
#3674=VERTEX_POINT('',#12837);
#3675=VERTEX_POINT('',#12841);
#3676=VERTEX_POINT('',#12848);
#3677=VERTEX_POINT('',#12850);
#3678=VERTEX_POINT('',#12854);
#3679=VERTEX_POINT('',#12858);
#3680=VERTEX_POINT('',#12862);
#3681=VERTEX_POINT('',#12866);
#3682=VERTEX_POINT('',#12870);
#3683=VERTEX_POINT('',#12874);
#3684=VERTEX_POINT('',#12881);
#3685=VERTEX_POINT('',#12883);
#3686=VERTEX_POINT('',#12887);
#3687=VERTEX_POINT('',#12891);
#3688=VERTEX_POINT('',#12895);
#3689=VERTEX_POINT('',#12899);
#3690=VERTEX_POINT('',#12903);
#3691=VERTEX_POINT('',#12907);
#3692=VERTEX_POINT('',#12914);
#3693=VERTEX_POINT('',#12916);
#3694=VERTEX_POINT('',#12920);
#3695=VERTEX_POINT('',#12924);
#3696=VERTEX_POINT('',#12928);
#3697=VERTEX_POINT('',#12932);
#3698=VERTEX_POINT('',#12936);
#3699=VERTEX_POINT('',#12940);
#3700=VERTEX_POINT('',#12947);
#3701=VERTEX_POINT('',#12949);
#3702=VERTEX_POINT('',#12953);
#3703=VERTEX_POINT('',#12957);
#3704=VERTEX_POINT('',#12961);
#3705=VERTEX_POINT('',#12965);
#3706=VERTEX_POINT('',#12969);
#3707=VERTEX_POINT('',#12973);
#3708=VERTEX_POINT('',#12980);
#3709=VERTEX_POINT('',#12984);
#3710=VERTEX_POINT('',#12988);
#3711=VERTEX_POINT('',#12990);
#3712=EDGE_CURVE('',#2984,#2985,#1708,.T.);
#3713=EDGE_CURVE('',#2986,#2984,#1709,.T.);
#3714=EDGE_CURVE('',#2987,#2986,#1710,.T.);
#3715=EDGE_CURVE('',#2987,#2985,#1711,.T.);
#3716=EDGE_CURVE('',#2985,#2988,#123,.T.);
#3717=EDGE_CURVE('',#2989,#2987,#124,.T.);
#3718=EDGE_CURVE('',#2989,#2988,#1712,.T.);
#3719=EDGE_CURVE('',#2988,#2990,#125,.T.);
#3720=EDGE_CURVE('',#2991,#2989,#126,.T.);
#3721=EDGE_CURVE('',#2991,#2990,#1713,.T.);
#3722=EDGE_CURVE('',#2990,#2992,#1714,.T.);
#3723=EDGE_CURVE('',#2993,#2991,#1715,.T.);
#3724=EDGE_CURVE('',#2993,#2992,#1716,.T.);
#3725=EDGE_CURVE('',#2992,#2994,#127,.T.);
#3726=EDGE_CURVE('',#2995,#2993,#128,.T.);
#3727=EDGE_CURVE('',#2995,#2994,#1717,.T.);
#3728=EDGE_CURVE('',#2994,#2996,#129,.T.);
#3729=EDGE_CURVE('',#2997,#2995,#130,.T.);
#3730=EDGE_CURVE('',#2997,#2996,#1718,.T.);
#3731=EDGE_CURVE('',#2996,#2998,#131,.T.);
#3732=EDGE_CURVE('',#2999,#2997,#132,.T.);
#3733=EDGE_CURVE('',#2999,#2998,#1719,.T.);
#3734=EDGE_CURVE('',#2998,#3000,#1720,.T.);
#3735=EDGE_CURVE('',#3001,#2999,#1721,.T.);
#3736=EDGE_CURVE('',#3001,#3000,#1722,.T.);
#3737=EDGE_CURVE('',#3000,#3002,#133,.T.);
#3738=EDGE_CURVE('',#3003,#3001,#134,.T.);
#3739=EDGE_CURVE('',#3003,#3002,#1723,.T.);
#3740=EDGE_CURVE('',#3002,#3004,#135,.T.);
#3741=EDGE_CURVE('',#3005,#3003,#136,.T.);
#3742=EDGE_CURVE('',#3005,#3004,#1724,.T.);
#3743=EDGE_CURVE('',#3004,#3006,#1725,.T.);
#3744=EDGE_CURVE('',#3007,#3005,#1726,.T.);
#3745=EDGE_CURVE('',#3007,#3006,#1727,.T.);
#3746=EDGE_CURVE('',#3006,#3008,#137,.T.);
#3747=EDGE_CURVE('',#3009,#3007,#138,.T.);
#3748=EDGE_CURVE('',#3009,#3008,#1728,.T.);
#3749=EDGE_CURVE('',#3008,#3010,#139,.T.);
#3750=EDGE_CURVE('',#3011,#3009,#140,.T.);
#3751=EDGE_CURVE('',#3011,#3010,#1729,.T.);
#3752=EDGE_CURVE('',#3010,#2984,#141,.T.);
#3753=EDGE_CURVE('',#2986,#3011,#142,.T.);
#3754=EDGE_CURVE('',#3012,#3013,#1730,.T.);
#3755=EDGE_CURVE('',#3014,#3012,#1731,.T.);
#3756=EDGE_CURVE('',#3015,#3014,#1732,.T.);
#3757=EDGE_CURVE('',#3015,#3013,#1733,.T.);
#3758=EDGE_CURVE('',#3013,#3016,#143,.T.);
#3759=EDGE_CURVE('',#3017,#3015,#144,.T.);
#3760=EDGE_CURVE('',#3017,#3016,#1734,.T.);
#3761=EDGE_CURVE('',#3016,#3018,#145,.T.);
#3762=EDGE_CURVE('',#3019,#3017,#146,.T.);
#3763=EDGE_CURVE('',#3019,#3018,#1735,.T.);
#3764=EDGE_CURVE('',#3018,#3020,#1736,.T.);
#3765=EDGE_CURVE('',#3021,#3019,#1737,.T.);
#3766=EDGE_CURVE('',#3021,#3020,#1738,.T.);
#3767=EDGE_CURVE('',#3020,#3022,#147,.T.);
#3768=EDGE_CURVE('',#3023,#3021,#148,.T.);
#3769=EDGE_CURVE('',#3023,#3022,#1739,.T.);
#3770=EDGE_CURVE('',#3022,#3024,#149,.T.);
#3771=EDGE_CURVE('',#3025,#3023,#150,.T.);
#3772=EDGE_CURVE('',#3025,#3024,#1740,.T.);
#3773=EDGE_CURVE('',#3024,#3026,#151,.T.);
#3774=EDGE_CURVE('',#3027,#3025,#152,.T.);
#3775=EDGE_CURVE('',#3027,#3026,#1741,.T.);
#3776=EDGE_CURVE('',#3026,#3028,#1742,.T.);
#3777=EDGE_CURVE('',#3029,#3027,#1743,.T.);
#3778=EDGE_CURVE('',#3029,#3028,#1744,.T.);
#3779=EDGE_CURVE('',#3028,#3030,#153,.T.);
#3780=EDGE_CURVE('',#3031,#3029,#154,.T.);
#3781=EDGE_CURVE('',#3031,#3030,#1745,.T.);
#3782=EDGE_CURVE('',#3030,#3032,#155,.T.);
#3783=EDGE_CURVE('',#3033,#3031,#156,.T.);
#3784=EDGE_CURVE('',#3033,#3032,#1746,.T.);
#3785=EDGE_CURVE('',#3032,#3034,#1747,.T.);
#3786=EDGE_CURVE('',#3035,#3033,#1748,.T.);
#3787=EDGE_CURVE('',#3035,#3034,#1749,.T.);
#3788=EDGE_CURVE('',#3034,#3036,#157,.T.);
#3789=EDGE_CURVE('',#3037,#3035,#158,.T.);
#3790=EDGE_CURVE('',#3037,#3036,#1750,.T.);
#3791=EDGE_CURVE('',#3036,#3038,#159,.T.);
#3792=EDGE_CURVE('',#3039,#3037,#160,.T.);
#3793=EDGE_CURVE('',#3039,#3038,#1751,.T.);
#3794=EDGE_CURVE('',#3038,#3012,#161,.T.);
#3795=EDGE_CURVE('',#3014,#3039,#162,.T.);
#3796=EDGE_CURVE('',#3040,#3041,#1752,.T.);
#3797=EDGE_CURVE('',#3042,#3040,#1753,.T.);
#3798=EDGE_CURVE('',#3043,#3042,#1754,.T.);
#3799=EDGE_CURVE('',#3043,#3041,#1755,.T.);
#3800=EDGE_CURVE('',#3041,#3044,#163,.T.);
#3801=EDGE_CURVE('',#3045,#3043,#164,.T.);
#3802=EDGE_CURVE('',#3045,#3044,#1756,.T.);
#3803=EDGE_CURVE('',#3044,#3046,#165,.T.);
#3804=EDGE_CURVE('',#3047,#3045,#166,.T.);
#3805=EDGE_CURVE('',#3047,#3046,#1757,.T.);
#3806=EDGE_CURVE('',#3046,#3048,#1758,.T.);
#3807=EDGE_CURVE('',#3049,#3047,#1759,.T.);
#3808=EDGE_CURVE('',#3049,#3048,#1760,.T.);
#3809=EDGE_CURVE('',#3048,#3050,#167,.T.);
#3810=EDGE_CURVE('',#3051,#3049,#168,.T.);
#3811=EDGE_CURVE('',#3051,#3050,#1761,.T.);
#3812=EDGE_CURVE('',#3050,#3052,#169,.T.);
#3813=EDGE_CURVE('',#3053,#3051,#170,.T.);
#3814=EDGE_CURVE('',#3053,#3052,#1762,.T.);
#3815=EDGE_CURVE('',#3052,#3054,#171,.T.);
#3816=EDGE_CURVE('',#3055,#3053,#172,.T.);
#3817=EDGE_CURVE('',#3055,#3054,#1763,.T.);
#3818=EDGE_CURVE('',#3054,#3056,#1764,.T.);
#3819=EDGE_CURVE('',#3057,#3055,#1765,.T.);
#3820=EDGE_CURVE('',#3057,#3056,#1766,.T.);
#3821=EDGE_CURVE('',#3056,#3058,#173,.T.);
#3822=EDGE_CURVE('',#3059,#3057,#174,.T.);
#3823=EDGE_CURVE('',#3059,#3058,#1767,.T.);
#3824=EDGE_CURVE('',#3058,#3060,#175,.T.);
#3825=EDGE_CURVE('',#3061,#3059,#176,.T.);
#3826=EDGE_CURVE('',#3061,#3060,#1768,.T.);
#3827=EDGE_CURVE('',#3060,#3062,#1769,.T.);
#3828=EDGE_CURVE('',#3063,#3061,#1770,.T.);
#3829=EDGE_CURVE('',#3063,#3062,#1771,.T.);
#3830=EDGE_CURVE('',#3062,#3064,#177,.T.);
#3831=EDGE_CURVE('',#3065,#3063,#178,.T.);
#3832=EDGE_CURVE('',#3065,#3064,#1772,.T.);
#3833=EDGE_CURVE('',#3064,#3066,#179,.T.);
#3834=EDGE_CURVE('',#3067,#3065,#180,.T.);
#3835=EDGE_CURVE('',#3067,#3066,#1773,.T.);
#3836=EDGE_CURVE('',#3066,#3040,#181,.T.);
#3837=EDGE_CURVE('',#3042,#3067,#182,.T.);
#3838=EDGE_CURVE('',#3068,#3069,#1774,.T.);
#3839=EDGE_CURVE('',#3070,#3068,#1775,.T.);
#3840=EDGE_CURVE('',#3071,#3070,#1776,.T.);
#3841=EDGE_CURVE('',#3071,#3069,#1777,.T.);
#3842=EDGE_CURVE('',#3069,#3072,#183,.T.);
#3843=EDGE_CURVE('',#3073,#3071,#184,.T.);
#3844=EDGE_CURVE('',#3073,#3072,#1778,.T.);
#3845=EDGE_CURVE('',#3072,#3074,#185,.T.);
#3846=EDGE_CURVE('',#3075,#3073,#186,.T.);
#3847=EDGE_CURVE('',#3075,#3074,#1779,.T.);
#3848=EDGE_CURVE('',#3074,#3076,#1780,.T.);
#3849=EDGE_CURVE('',#3077,#3075,#1781,.T.);
#3850=EDGE_CURVE('',#3077,#3076,#1782,.T.);
#3851=EDGE_CURVE('',#3076,#3078,#187,.T.);
#3852=EDGE_CURVE('',#3079,#3077,#188,.T.);
#3853=EDGE_CURVE('',#3079,#3078,#1783,.T.);
#3854=EDGE_CURVE('',#3078,#3080,#189,.T.);
#3855=EDGE_CURVE('',#3081,#3079,#190,.T.);
#3856=EDGE_CURVE('',#3081,#3080,#1784,.T.);
#3857=EDGE_CURVE('',#3080,#3082,#191,.T.);
#3858=EDGE_CURVE('',#3083,#3081,#192,.T.);
#3859=EDGE_CURVE('',#3083,#3082,#1785,.T.);
#3860=EDGE_CURVE('',#3082,#3084,#1786,.T.);
#3861=EDGE_CURVE('',#3085,#3083,#1787,.T.);
#3862=EDGE_CURVE('',#3085,#3084,#1788,.T.);
#3863=EDGE_CURVE('',#3084,#3086,#193,.T.);
#3864=EDGE_CURVE('',#3087,#3085,#194,.T.);
#3865=EDGE_CURVE('',#3087,#3086,#1789,.T.);
#3866=EDGE_CURVE('',#3086,#3088,#195,.T.);
#3867=EDGE_CURVE('',#3089,#3087,#196,.T.);
#3868=EDGE_CURVE('',#3089,#3088,#1790,.T.);
#3869=EDGE_CURVE('',#3088,#3090,#1791,.T.);
#3870=EDGE_CURVE('',#3091,#3089,#1792,.T.);
#3871=EDGE_CURVE('',#3091,#3090,#1793,.T.);
#3872=EDGE_CURVE('',#3090,#3092,#197,.T.);
#3873=EDGE_CURVE('',#3093,#3091,#198,.T.);
#3874=EDGE_CURVE('',#3093,#3092,#1794,.T.);
#3875=EDGE_CURVE('',#3092,#3094,#199,.T.);
#3876=EDGE_CURVE('',#3095,#3093,#200,.T.);
#3877=EDGE_CURVE('',#3095,#3094,#1795,.T.);
#3878=EDGE_CURVE('',#3094,#3068,#201,.T.);
#3879=EDGE_CURVE('',#3070,#3095,#202,.T.);
#3880=EDGE_CURVE('',#3096,#3097,#1796,.T.);
#3881=EDGE_CURVE('',#3098,#3096,#1797,.T.);
#3882=EDGE_CURVE('',#3099,#3098,#1798,.T.);
#3883=EDGE_CURVE('',#3099,#3097,#1799,.T.);
#3884=EDGE_CURVE('',#3097,#3100,#203,.T.);
#3885=EDGE_CURVE('',#3101,#3099,#204,.T.);
#3886=EDGE_CURVE('',#3101,#3100,#1800,.T.);
#3887=EDGE_CURVE('',#3100,#3102,#205,.T.);
#3888=EDGE_CURVE('',#3103,#3101,#206,.T.);
#3889=EDGE_CURVE('',#3103,#3102,#1801,.T.);
#3890=EDGE_CURVE('',#3102,#3104,#1802,.T.);
#3891=EDGE_CURVE('',#3105,#3103,#1803,.T.);
#3892=EDGE_CURVE('',#3105,#3104,#1804,.T.);
#3893=EDGE_CURVE('',#3104,#3106,#207,.T.);
#3894=EDGE_CURVE('',#3107,#3105,#208,.T.);
#3895=EDGE_CURVE('',#3107,#3106,#1805,.T.);
#3896=EDGE_CURVE('',#3106,#3108,#209,.T.);
#3897=EDGE_CURVE('',#3109,#3107,#210,.T.);
#3898=EDGE_CURVE('',#3109,#3108,#1806,.T.);
#3899=EDGE_CURVE('',#3108,#3110,#211,.T.);
#3900=EDGE_CURVE('',#3111,#3109,#212,.T.);
#3901=EDGE_CURVE('',#3111,#3110,#1807,.T.);
#3902=EDGE_CURVE('',#3110,#3112,#1808,.T.);
#3903=EDGE_CURVE('',#3113,#3111,#1809,.T.);
#3904=EDGE_CURVE('',#3113,#3112,#1810,.T.);
#3905=EDGE_CURVE('',#3112,#3114,#213,.T.);
#3906=EDGE_CURVE('',#3115,#3113,#214,.T.);
#3907=EDGE_CURVE('',#3115,#3114,#1811,.T.);
#3908=EDGE_CURVE('',#3114,#3116,#215,.T.);
#3909=EDGE_CURVE('',#3117,#3115,#216,.T.);
#3910=EDGE_CURVE('',#3117,#3116,#1812,.T.);
#3911=EDGE_CURVE('',#3116,#3118,#1813,.T.);
#3912=EDGE_CURVE('',#3119,#3117,#1814,.T.);
#3913=EDGE_CURVE('',#3119,#3118,#1815,.T.);
#3914=EDGE_CURVE('',#3118,#3120,#217,.T.);
#3915=EDGE_CURVE('',#3121,#3119,#218,.T.);
#3916=EDGE_CURVE('',#3121,#3120,#1816,.T.);
#3917=EDGE_CURVE('',#3120,#3122,#219,.T.);
#3918=EDGE_CURVE('',#3123,#3121,#220,.T.);
#3919=EDGE_CURVE('',#3123,#3122,#1817,.T.);
#3920=EDGE_CURVE('',#3122,#3096,#221,.T.);
#3921=EDGE_CURVE('',#3098,#3123,#222,.T.);
#3922=EDGE_CURVE('',#3124,#3125,#1818,.T.);
#3923=EDGE_CURVE('',#3126,#3124,#1819,.T.);
#3924=EDGE_CURVE('',#3127,#3126,#1820,.T.);
#3925=EDGE_CURVE('',#3127,#3125,#1821,.T.);
#3926=EDGE_CURVE('',#3125,#3128,#223,.T.);
#3927=EDGE_CURVE('',#3129,#3127,#224,.T.);
#3928=EDGE_CURVE('',#3129,#3128,#1822,.T.);
#3929=EDGE_CURVE('',#3128,#3130,#225,.T.);
#3930=EDGE_CURVE('',#3131,#3129,#226,.T.);
#3931=EDGE_CURVE('',#3131,#3130,#1823,.T.);
#3932=EDGE_CURVE('',#3130,#3132,#1824,.T.);
#3933=EDGE_CURVE('',#3133,#3131,#1825,.T.);
#3934=EDGE_CURVE('',#3133,#3132,#1826,.T.);
#3935=EDGE_CURVE('',#3132,#3134,#227,.T.);
#3936=EDGE_CURVE('',#3135,#3133,#228,.T.);
#3937=EDGE_CURVE('',#3135,#3134,#1827,.T.);
#3938=EDGE_CURVE('',#3134,#3136,#229,.T.);
#3939=EDGE_CURVE('',#3137,#3135,#230,.T.);
#3940=EDGE_CURVE('',#3137,#3136,#1828,.T.);
#3941=EDGE_CURVE('',#3136,#3138,#231,.T.);
#3942=EDGE_CURVE('',#3139,#3137,#232,.T.);
#3943=EDGE_CURVE('',#3139,#3138,#1829,.T.);
#3944=EDGE_CURVE('',#3138,#3140,#1830,.T.);
#3945=EDGE_CURVE('',#3141,#3139,#1831,.T.);
#3946=EDGE_CURVE('',#3141,#3140,#1832,.T.);
#3947=EDGE_CURVE('',#3140,#3142,#233,.T.);
#3948=EDGE_CURVE('',#3143,#3141,#234,.T.);
#3949=EDGE_CURVE('',#3143,#3142,#1833,.T.);
#3950=EDGE_CURVE('',#3142,#3144,#235,.T.);
#3951=EDGE_CURVE('',#3145,#3143,#236,.T.);
#3952=EDGE_CURVE('',#3145,#3144,#1834,.T.);
#3953=EDGE_CURVE('',#3144,#3146,#1835,.T.);
#3954=EDGE_CURVE('',#3147,#3145,#1836,.T.);
#3955=EDGE_CURVE('',#3147,#3146,#1837,.T.);
#3956=EDGE_CURVE('',#3146,#3148,#237,.T.);
#3957=EDGE_CURVE('',#3149,#3147,#238,.T.);
#3958=EDGE_CURVE('',#3149,#3148,#1838,.T.);
#3959=EDGE_CURVE('',#3148,#3150,#239,.T.);
#3960=EDGE_CURVE('',#3151,#3149,#240,.T.);
#3961=EDGE_CURVE('',#3151,#3150,#1839,.T.);
#3962=EDGE_CURVE('',#3150,#3124,#241,.T.);
#3963=EDGE_CURVE('',#3126,#3151,#242,.T.);
#3964=EDGE_CURVE('',#3152,#3153,#1840,.T.);
#3965=EDGE_CURVE('',#3154,#3152,#1841,.T.);
#3966=EDGE_CURVE('',#3155,#3154,#1842,.T.);
#3967=EDGE_CURVE('',#3155,#3153,#1843,.T.);
#3968=EDGE_CURVE('',#3153,#3156,#243,.T.);
#3969=EDGE_CURVE('',#3157,#3155,#244,.T.);
#3970=EDGE_CURVE('',#3157,#3156,#1844,.T.);
#3971=EDGE_CURVE('',#3156,#3158,#245,.T.);
#3972=EDGE_CURVE('',#3159,#3157,#246,.T.);
#3973=EDGE_CURVE('',#3159,#3158,#1845,.T.);
#3974=EDGE_CURVE('',#3158,#3160,#1846,.T.);
#3975=EDGE_CURVE('',#3161,#3159,#1847,.T.);
#3976=EDGE_CURVE('',#3161,#3160,#1848,.T.);
#3977=EDGE_CURVE('',#3160,#3162,#247,.T.);
#3978=EDGE_CURVE('',#3163,#3161,#248,.T.);
#3979=EDGE_CURVE('',#3163,#3162,#1849,.T.);
#3980=EDGE_CURVE('',#3162,#3164,#249,.T.);
#3981=EDGE_CURVE('',#3165,#3163,#250,.T.);
#3982=EDGE_CURVE('',#3165,#3164,#1850,.T.);
#3983=EDGE_CURVE('',#3164,#3166,#251,.T.);
#3984=EDGE_CURVE('',#3167,#3165,#252,.T.);
#3985=EDGE_CURVE('',#3167,#3166,#1851,.T.);
#3986=EDGE_CURVE('',#3166,#3168,#1852,.T.);
#3987=EDGE_CURVE('',#3169,#3167,#1853,.T.);
#3988=EDGE_CURVE('',#3169,#3168,#1854,.T.);
#3989=EDGE_CURVE('',#3168,#3170,#253,.T.);
#3990=EDGE_CURVE('',#3171,#3169,#254,.T.);
#3991=EDGE_CURVE('',#3171,#3170,#1855,.T.);
#3992=EDGE_CURVE('',#3170,#3172,#255,.T.);
#3993=EDGE_CURVE('',#3173,#3171,#256,.T.);
#3994=EDGE_CURVE('',#3173,#3172,#1856,.T.);
#3995=EDGE_CURVE('',#3172,#3174,#1857,.T.);
#3996=EDGE_CURVE('',#3175,#3173,#1858,.T.);
#3997=EDGE_CURVE('',#3175,#3174,#1859,.T.);
#3998=EDGE_CURVE('',#3174,#3176,#257,.T.);
#3999=EDGE_CURVE('',#3177,#3175,#258,.T.);
#4000=EDGE_CURVE('',#3177,#3176,#1860,.T.);
#4001=EDGE_CURVE('',#3176,#3178,#259,.T.);
#4002=EDGE_CURVE('',#3179,#3177,#260,.T.);
#4003=EDGE_CURVE('',#3179,#3178,#1861,.T.);
#4004=EDGE_CURVE('',#3178,#3152,#261,.T.);
#4005=EDGE_CURVE('',#3154,#3179,#262,.T.);
#4006=EDGE_CURVE('',#3180,#3181,#1862,.T.);
#4007=EDGE_CURVE('',#3182,#3180,#1863,.T.);
#4008=EDGE_CURVE('',#3183,#3182,#1864,.T.);
#4009=EDGE_CURVE('',#3183,#3181,#1865,.T.);
#4010=EDGE_CURVE('',#3181,#3184,#263,.T.);
#4011=EDGE_CURVE('',#3185,#3183,#264,.T.);
#4012=EDGE_CURVE('',#3185,#3184,#1866,.T.);
#4013=EDGE_CURVE('',#3184,#3186,#265,.T.);
#4014=EDGE_CURVE('',#3187,#3185,#266,.T.);
#4015=EDGE_CURVE('',#3187,#3186,#1867,.T.);
#4016=EDGE_CURVE('',#3186,#3188,#1868,.T.);
#4017=EDGE_CURVE('',#3189,#3187,#1869,.T.);
#4018=EDGE_CURVE('',#3189,#3188,#1870,.T.);
#4019=EDGE_CURVE('',#3188,#3190,#267,.T.);
#4020=EDGE_CURVE('',#3191,#3189,#268,.T.);
#4021=EDGE_CURVE('',#3191,#3190,#1871,.T.);
#4022=EDGE_CURVE('',#3190,#3192,#269,.T.);
#4023=EDGE_CURVE('',#3193,#3191,#270,.T.);
#4024=EDGE_CURVE('',#3193,#3192,#1872,.T.);
#4025=EDGE_CURVE('',#3192,#3194,#271,.T.);
#4026=EDGE_CURVE('',#3195,#3193,#272,.T.);
#4027=EDGE_CURVE('',#3195,#3194,#1873,.T.);
#4028=EDGE_CURVE('',#3194,#3196,#1874,.T.);
#4029=EDGE_CURVE('',#3197,#3195,#1875,.T.);
#4030=EDGE_CURVE('',#3197,#3196,#1876,.T.);
#4031=EDGE_CURVE('',#3196,#3198,#273,.T.);
#4032=EDGE_CURVE('',#3199,#3197,#274,.T.);
#4033=EDGE_CURVE('',#3199,#3198,#1877,.T.);
#4034=EDGE_CURVE('',#3198,#3200,#275,.T.);
#4035=EDGE_CURVE('',#3201,#3199,#276,.T.);
#4036=EDGE_CURVE('',#3201,#3200,#1878,.T.);
#4037=EDGE_CURVE('',#3200,#3202,#1879,.T.);
#4038=EDGE_CURVE('',#3203,#3201,#1880,.T.);
#4039=EDGE_CURVE('',#3203,#3202,#1881,.T.);
#4040=EDGE_CURVE('',#3202,#3204,#277,.T.);
#4041=EDGE_CURVE('',#3205,#3203,#278,.T.);
#4042=EDGE_CURVE('',#3205,#3204,#1882,.T.);
#4043=EDGE_CURVE('',#3204,#3206,#279,.T.);
#4044=EDGE_CURVE('',#3207,#3205,#280,.T.);
#4045=EDGE_CURVE('',#3207,#3206,#1883,.T.);
#4046=EDGE_CURVE('',#3206,#3180,#281,.T.);
#4047=EDGE_CURVE('',#3182,#3207,#282,.T.);
#4048=EDGE_CURVE('',#3208,#3208,#283,.T.);
#4049=EDGE_CURVE('',#3208,#3209,#1884,.T.);
#4050=EDGE_CURVE('',#3209,#3209,#284,.T.);
#4051=EDGE_CURVE('',#3210,#3210,#285,.T.);
#4052=EDGE_CURVE('',#3210,#3211,#1885,.T.);
#4053=EDGE_CURVE('',#3211,#3211,#286,.T.);
#4054=EDGE_CURVE('',#3212,#3212,#287,.T.);
#4055=EDGE_CURVE('',#3212,#3213,#1886,.T.);
#4056=EDGE_CURVE('',#3213,#3213,#288,.T.);
#4057=EDGE_CURVE('',#3214,#3214,#289,.T.);
#4058=EDGE_CURVE('',#3214,#3215,#1887,.T.);
#4059=EDGE_CURVE('',#3215,#3215,#290,.T.);
#4060=EDGE_CURVE('',#3216,#3216,#291,.T.);
#4061=EDGE_CURVE('',#3216,#3217,#1888,.T.);
#4062=EDGE_CURVE('',#3217,#3217,#292,.T.);
#4063=EDGE_CURVE('',#3218,#3218,#293,.T.);
#4064=EDGE_CURVE('',#3218,#3219,#1889,.T.);
#4065=EDGE_CURVE('',#3219,#3219,#294,.T.);
#4066=EDGE_CURVE('',#3220,#3220,#295,.T.);
#4067=EDGE_CURVE('',#3220,#3221,#1890,.T.);
#4068=EDGE_CURVE('',#3221,#3221,#296,.T.);
#4069=EDGE_CURVE('',#3222,#3222,#297,.T.);
#4070=EDGE_CURVE('',#3222,#3223,#1891,.T.);
#4071=EDGE_CURVE('',#3223,#3223,#298,.T.);
#4072=EDGE_CURVE('',#3224,#3224,#299,.T.);
#4073=EDGE_CURVE('',#3224,#3225,#1892,.T.);
#4074=EDGE_CURVE('',#3225,#3225,#300,.T.);
#4075=EDGE_CURVE('',#3226,#3226,#301,.T.);
#4076=EDGE_CURVE('',#3226,#3227,#1893,.T.);
#4077=EDGE_CURVE('',#3227,#3227,#302,.T.);
#4078=EDGE_CURVE('',#3228,#3228,#303,.T.);
#4079=EDGE_CURVE('',#3228,#3229,#1894,.T.);
#4080=EDGE_CURVE('',#3229,#3229,#304,.T.);
#4081=EDGE_CURVE('',#3230,#3230,#305,.T.);
#4082=EDGE_CURVE('',#3230,#3231,#1895,.T.);
#4083=EDGE_CURVE('',#3231,#3231,#306,.T.);
#4084=EDGE_CURVE('',#3232,#3232,#307,.T.);
#4085=EDGE_CURVE('',#3232,#3233,#1896,.T.);
#4086=EDGE_CURVE('',#3233,#3233,#308,.T.);
#4087=EDGE_CURVE('',#3234,#3234,#309,.T.);
#4088=EDGE_CURVE('',#3234,#3235,#1897,.T.);
#4089=EDGE_CURVE('',#3235,#3235,#310,.T.);
#4090=EDGE_CURVE('',#3236,#3236,#311,.T.);
#4091=EDGE_CURVE('',#3236,#3237,#1898,.T.);
#4092=EDGE_CURVE('',#3237,#3237,#312,.T.);
#4093=EDGE_CURVE('',#3238,#3238,#313,.T.);
#4094=EDGE_CURVE('',#3238,#3239,#1899,.T.);
#4095=EDGE_CURVE('',#3239,#3239,#314,.T.);
#4096=EDGE_CURVE('',#3240,#3240,#315,.T.);
#4097=EDGE_CURVE('',#3240,#3241,#1900,.T.);
#4098=EDGE_CURVE('',#3241,#3241,#316,.T.);
#4099=EDGE_CURVE('',#3242,#3242,#317,.T.);
#4100=EDGE_CURVE('',#3242,#3243,#1901,.T.);
#4101=EDGE_CURVE('',#3243,#3243,#318,.T.);
#4102=EDGE_CURVE('',#3244,#3244,#319,.T.);
#4103=EDGE_CURVE('',#3244,#3245,#1902,.T.);
#4104=EDGE_CURVE('',#3245,#3245,#320,.T.);
#4105=EDGE_CURVE('',#3246,#3246,#321,.T.);
#4106=EDGE_CURVE('',#3246,#3247,#1903,.T.);
#4107=EDGE_CURVE('',#3247,#3247,#322,.T.);
#4108=EDGE_CURVE('',#3248,#3248,#323,.T.);
#4109=EDGE_CURVE('',#3248,#3249,#1904,.T.);
#4110=EDGE_CURVE('',#3249,#3249,#324,.T.);
#4111=EDGE_CURVE('',#3250,#3250,#325,.T.);
#4112=EDGE_CURVE('',#3250,#3251,#1905,.T.);
#4113=EDGE_CURVE('',#3251,#3251,#326,.T.);
#4114=EDGE_CURVE('',#3252,#3252,#327,.T.);
#4115=EDGE_CURVE('',#3252,#3253,#1906,.T.);
#4116=EDGE_CURVE('',#3253,#3253,#328,.T.);
#4117=EDGE_CURVE('',#3254,#3254,#329,.T.);
#4118=EDGE_CURVE('',#3254,#3255,#1907,.T.);
#4119=EDGE_CURVE('',#3255,#3255,#330,.T.);
#4120=EDGE_CURVE('',#3256,#3256,#331,.T.);
#4121=EDGE_CURVE('',#3256,#3257,#1908,.T.);
#4122=EDGE_CURVE('',#3257,#3257,#332,.T.);
#4123=EDGE_CURVE('',#3258,#3258,#333,.T.);
#4124=EDGE_CURVE('',#3258,#3259,#1909,.T.);
#4125=EDGE_CURVE('',#3259,#3259,#334,.T.);
#4126=EDGE_CURVE('',#3260,#3260,#335,.T.);
#4127=EDGE_CURVE('',#3260,#3261,#1910,.T.);
#4128=EDGE_CURVE('',#3261,#3261,#336,.T.);
#4129=EDGE_CURVE('',#3262,#3262,#337,.T.);
#4130=EDGE_CURVE('',#3262,#3263,#1911,.T.);
#4131=EDGE_CURVE('',#3263,#3263,#338,.T.);
#4132=EDGE_CURVE('',#3264,#3264,#339,.T.);
#4133=EDGE_CURVE('',#3264,#3265,#1912,.T.);
#4134=EDGE_CURVE('',#3265,#3265,#340,.T.);
#4135=EDGE_CURVE('',#3266,#3266,#341,.T.);
#4136=EDGE_CURVE('',#3266,#3267,#1913,.T.);
#4137=EDGE_CURVE('',#3267,#3267,#342,.T.);
#4138=EDGE_CURVE('',#3268,#3268,#343,.T.);
#4139=EDGE_CURVE('',#3268,#3269,#1914,.T.);
#4140=EDGE_CURVE('',#3269,#3269,#344,.T.);
#4141=EDGE_CURVE('',#3270,#3270,#345,.T.);
#4142=EDGE_CURVE('',#3270,#3271,#1915,.T.);
#4143=EDGE_CURVE('',#3271,#3271,#346,.T.);
#4144=EDGE_CURVE('',#3272,#3272,#347,.T.);
#4145=EDGE_CURVE('',#3272,#3273,#1916,.T.);
#4146=EDGE_CURVE('',#3273,#3273,#348,.T.);
#4147=EDGE_CURVE('',#3274,#3274,#349,.T.);
#4148=EDGE_CURVE('',#3274,#3275,#1917,.T.);
#4149=EDGE_CURVE('',#3275,#3275,#350,.T.);
#4150=EDGE_CURVE('',#3276,#3276,#351,.T.);
#4151=EDGE_CURVE('',#3276,#3277,#1918,.T.);
#4152=EDGE_CURVE('',#3277,#3277,#352,.T.);
#4153=EDGE_CURVE('',#3278,#3278,#353,.T.);
#4154=EDGE_CURVE('',#3278,#3279,#1919,.T.);
#4155=EDGE_CURVE('',#3279,#3279,#354,.T.);
#4156=EDGE_CURVE('',#3280,#3280,#355,.T.);
#4157=EDGE_CURVE('',#3280,#3281,#1920,.T.);
#4158=EDGE_CURVE('',#3281,#3281,#356,.T.);
#4159=EDGE_CURVE('',#3282,#3282,#357,.T.);
#4160=EDGE_CURVE('',#3282,#3283,#1921,.T.);
#4161=EDGE_CURVE('',#3283,#3283,#358,.T.);
#4162=EDGE_CURVE('',#3284,#3284,#359,.T.);
#4163=EDGE_CURVE('',#3284,#3285,#1922,.T.);
#4164=EDGE_CURVE('',#3285,#3285,#360,.T.);
#4165=EDGE_CURVE('',#3286,#3287,#1923,.T.);
#4166=EDGE_CURVE('',#3286,#3288,#361,.T.);
#4167=EDGE_CURVE('',#3289,#3288,#1924,.T.);
#4168=EDGE_CURVE('',#3287,#3289,#362,.T.);
#4169=EDGE_CURVE('',#3288,#3286,#1925,.T.);
#4170=EDGE_CURVE('',#3290,#3291,#1926,.T.);
#4171=EDGE_CURVE('',#3290,#3292,#363,.T.);
#4172=EDGE_CURVE('',#3293,#3292,#1927,.T.);
#4173=EDGE_CURVE('',#3291,#3293,#364,.T.);
#4174=EDGE_CURVE('',#3292,#3290,#1928,.T.);
#4175=EDGE_CURVE('',#3294,#3295,#1929,.T.);
#4176=EDGE_CURVE('',#3294,#3296,#365,.T.);
#4177=EDGE_CURVE('',#3297,#3296,#1930,.T.);
#4178=EDGE_CURVE('',#3295,#3297,#366,.T.);
#4179=EDGE_CURVE('',#3296,#3294,#1931,.T.);
#4180=EDGE_CURVE('',#3298,#3299,#1932,.T.);
#4181=EDGE_CURVE('',#3298,#3300,#367,.T.);
#4182=EDGE_CURVE('',#3301,#3300,#1933,.T.);
#4183=EDGE_CURVE('',#3299,#3301,#368,.T.);
#4184=EDGE_CURVE('',#3300,#3298,#1934,.T.);
#4185=EDGE_CURVE('',#3302,#3303,#1935,.T.);
#4186=EDGE_CURVE('',#3302,#3304,#369,.T.);
#4187=EDGE_CURVE('',#3305,#3304,#1936,.T.);
#4188=EDGE_CURVE('',#3303,#3305,#370,.T.);
#4189=EDGE_CURVE('',#3304,#3302,#1937,.T.);
#4190=EDGE_CURVE('',#3306,#3307,#1938,.T.);
#4191=EDGE_CURVE('',#3306,#3308,#371,.T.);
#4192=EDGE_CURVE('',#3309,#3308,#1939,.T.);
#4193=EDGE_CURVE('',#3307,#3309,#372,.T.);
#4194=EDGE_CURVE('',#3308,#3306,#1940,.T.);
#4195=EDGE_CURVE('',#3310,#3311,#1941,.T.);
#4196=EDGE_CURVE('',#3310,#3312,#373,.T.);
#4197=EDGE_CURVE('',#3313,#3312,#1942,.T.);
#4198=EDGE_CURVE('',#3311,#3313,#374,.T.);
#4199=EDGE_CURVE('',#3312,#3310,#1943,.T.);
#4200=EDGE_CURVE('',#3314,#3315,#1944,.T.);
#4201=EDGE_CURVE('',#3314,#3316,#375,.T.);
#4202=EDGE_CURVE('',#3317,#3316,#1945,.T.);
#4203=EDGE_CURVE('',#3315,#3317,#376,.T.);
#4204=EDGE_CURVE('',#3316,#3314,#1946,.T.);
#4205=EDGE_CURVE('',#3318,#3319,#1947,.T.);
#4206=EDGE_CURVE('',#3318,#3320,#377,.T.);
#4207=EDGE_CURVE('',#3321,#3320,#1948,.T.);
#4208=EDGE_CURVE('',#3319,#3321,#378,.T.);
#4209=EDGE_CURVE('',#3320,#3318,#1949,.T.);
#4210=EDGE_CURVE('',#3322,#3323,#1950,.T.);
#4211=EDGE_CURVE('',#3322,#3324,#379,.T.);
#4212=EDGE_CURVE('',#3325,#3324,#1951,.T.);
#4213=EDGE_CURVE('',#3323,#3325,#380,.T.);
#4214=EDGE_CURVE('',#3324,#3322,#1952,.T.);
#4215=EDGE_CURVE('',#3326,#3327,#1953,.T.);
#4216=EDGE_CURVE('',#3326,#3328,#381,.T.);
#4217=EDGE_CURVE('',#3329,#3328,#1954,.T.);
#4218=EDGE_CURVE('',#3327,#3329,#382,.T.);
#4219=EDGE_CURVE('',#3328,#3326,#1955,.T.);
#4220=EDGE_CURVE('',#3330,#3331,#1956,.T.);
#4221=EDGE_CURVE('',#3330,#3332,#383,.T.);
#4222=EDGE_CURVE('',#3333,#3332,#1957,.T.);
#4223=EDGE_CURVE('',#3331,#3333,#384,.T.);
#4224=EDGE_CURVE('',#3332,#3330,#1958,.T.);
#4225=EDGE_CURVE('',#3334,#3335,#1959,.T.);
#4226=EDGE_CURVE('',#3334,#3336,#385,.T.);
#4227=EDGE_CURVE('',#3337,#3336,#1960,.T.);
#4228=EDGE_CURVE('',#3335,#3337,#386,.T.);
#4229=EDGE_CURVE('',#3336,#3334,#1961,.T.);
#4230=EDGE_CURVE('',#3338,#3339,#1962,.T.);
#4231=EDGE_CURVE('',#3338,#3340,#387,.T.);
#4232=EDGE_CURVE('',#3341,#3340,#1963,.T.);
#4233=EDGE_CURVE('',#3339,#3341,#388,.T.);
#4234=EDGE_CURVE('',#3340,#3338,#1964,.T.);
#4235=EDGE_CURVE('',#3342,#3343,#1965,.T.);
#4236=EDGE_CURVE('',#3342,#3344,#389,.T.);
#4237=EDGE_CURVE('',#3345,#3344,#1966,.T.);
#4238=EDGE_CURVE('',#3343,#3345,#390,.T.);
#4239=EDGE_CURVE('',#3344,#3342,#1967,.T.);
#4240=EDGE_CURVE('',#3346,#3347,#1968,.T.);
#4241=EDGE_CURVE('',#3346,#3348,#391,.T.);
#4242=EDGE_CURVE('',#3349,#3348,#1969,.T.);
#4243=EDGE_CURVE('',#3347,#3349,#392,.T.);
#4244=EDGE_CURVE('',#3348,#3346,#1970,.T.);
#4245=EDGE_CURVE('',#3350,#3351,#1971,.T.);
#4246=EDGE_CURVE('',#3350,#3352,#393,.T.);
#4247=EDGE_CURVE('',#3353,#3352,#1972,.T.);
#4248=EDGE_CURVE('',#3351,#3353,#394,.T.);
#4249=EDGE_CURVE('',#3352,#3350,#1973,.T.);
#4250=EDGE_CURVE('',#3354,#3355,#1974,.T.);
#4251=EDGE_CURVE('',#3354,#3356,#395,.T.);
#4252=EDGE_CURVE('',#3357,#3356,#1975,.T.);
#4253=EDGE_CURVE('',#3355,#3357,#396,.T.);
#4254=EDGE_CURVE('',#3356,#3354,#1976,.T.);
#4255=EDGE_CURVE('',#3358,#3359,#1977,.T.);
#4256=EDGE_CURVE('',#3358,#3360,#397,.T.);
#4257=EDGE_CURVE('',#3361,#3360,#1978,.T.);
#4258=EDGE_CURVE('',#3359,#3361,#398,.T.);
#4259=EDGE_CURVE('',#3360,#3358,#1979,.T.);
#4260=EDGE_CURVE('',#3362,#3363,#1980,.T.);
#4261=EDGE_CURVE('',#3362,#3364,#399,.T.);
#4262=EDGE_CURVE('',#3365,#3364,#1981,.T.);
#4263=EDGE_CURVE('',#3363,#3365,#400,.T.);
#4264=EDGE_CURVE('',#3364,#3362,#1982,.T.);
#4265=EDGE_CURVE('',#3366,#3367,#1983,.T.);
#4266=EDGE_CURVE('',#3366,#3368,#401,.T.);
#4267=EDGE_CURVE('',#3369,#3368,#1984,.T.);
#4268=EDGE_CURVE('',#3367,#3369,#402,.T.);
#4269=EDGE_CURVE('',#3368,#3366,#1985,.T.);
#4270=EDGE_CURVE('',#3370,#3370,#403,.T.);
#4271=EDGE_CURVE('',#3371,#3371,#404,.T.);
#4272=EDGE_CURVE('',#3369,#3372,#1986,.T.);
#4273=EDGE_CURVE('',#3372,#3373,#405,.T.);
#4274=EDGE_CURVE('',#3373,#3374,#1987,.T.);
#4275=EDGE_CURVE('',#3374,#3375,#406,.T.);
#4276=EDGE_CURVE('',#3375,#3376,#1988,.T.);
#4277=EDGE_CURVE('',#3376,#3377,#407,.T.);
#4278=EDGE_CURVE('',#3377,#3378,#1989,.T.);
#4279=EDGE_CURVE('',#3378,#3379,#408,.T.);
#4280=EDGE_CURVE('',#3379,#3367,#1990,.T.);
#4281=EDGE_CURVE('',#3365,#3380,#1991,.T.);
#4282=EDGE_CURVE('',#3380,#3381,#409,.T.);
#4283=EDGE_CURVE('',#3381,#3382,#1992,.T.);
#4284=EDGE_CURVE('',#3382,#3383,#410,.T.);
#4285=EDGE_CURVE('',#3383,#3384,#1993,.T.);
#4286=EDGE_CURVE('',#3384,#3385,#411,.T.);
#4287=EDGE_CURVE('',#3385,#3386,#1994,.T.);
#4288=EDGE_CURVE('',#3386,#3387,#412,.T.);
#4289=EDGE_CURVE('',#3387,#3363,#1995,.T.);
#4290=EDGE_CURVE('',#3361,#3388,#1996,.T.);
#4291=EDGE_CURVE('',#3388,#3389,#413,.T.);
#4292=EDGE_CURVE('',#3389,#3390,#1997,.T.);
#4293=EDGE_CURVE('',#3390,#3391,#414,.T.);
#4294=EDGE_CURVE('',#3391,#3392,#1998,.T.);
#4295=EDGE_CURVE('',#3392,#3393,#415,.T.);
#4296=EDGE_CURVE('',#3393,#3394,#1999,.T.);
#4297=EDGE_CURVE('',#3394,#3395,#416,.T.);
#4298=EDGE_CURVE('',#3395,#3359,#2000,.T.);
#4299=EDGE_CURVE('',#3357,#3396,#2001,.T.);
#4300=EDGE_CURVE('',#3396,#3397,#417,.T.);
#4301=EDGE_CURVE('',#3397,#3398,#2002,.T.);
#4302=EDGE_CURVE('',#3398,#3399,#418,.T.);
#4303=EDGE_CURVE('',#3399,#3400,#2003,.T.);
#4304=EDGE_CURVE('',#3400,#3401,#419,.T.);
#4305=EDGE_CURVE('',#3401,#3402,#2004,.T.);
#4306=EDGE_CURVE('',#3402,#3403,#420,.T.);
#4307=EDGE_CURVE('',#3403,#3355,#2005,.T.);
#4308=EDGE_CURVE('',#3353,#3404,#2006,.T.);
#4309=EDGE_CURVE('',#3404,#3405,#421,.T.);
#4310=EDGE_CURVE('',#3405,#3406,#2007,.T.);
#4311=EDGE_CURVE('',#3406,#3407,#422,.T.);
#4312=EDGE_CURVE('',#3407,#3408,#2008,.T.);
#4313=EDGE_CURVE('',#3408,#3409,#423,.T.);
#4314=EDGE_CURVE('',#3409,#3410,#2009,.T.);
#4315=EDGE_CURVE('',#3410,#3411,#424,.T.);
#4316=EDGE_CURVE('',#3411,#3351,#2010,.T.);
#4317=EDGE_CURVE('',#3349,#3412,#2011,.T.);
#4318=EDGE_CURVE('',#3412,#3413,#425,.T.);
#4319=EDGE_CURVE('',#3413,#3414,#2012,.T.);
#4320=EDGE_CURVE('',#3414,#3415,#426,.T.);
#4321=EDGE_CURVE('',#3415,#3416,#2013,.T.);
#4322=EDGE_CURVE('',#3416,#3417,#427,.T.);
#4323=EDGE_CURVE('',#3417,#3418,#2014,.T.);
#4324=EDGE_CURVE('',#3418,#3419,#428,.T.);
#4325=EDGE_CURVE('',#3419,#3347,#2015,.T.);
#4326=EDGE_CURVE('',#3345,#3420,#2016,.T.);
#4327=EDGE_CURVE('',#3420,#3421,#429,.T.);
#4328=EDGE_CURVE('',#3421,#3422,#2017,.T.);
#4329=EDGE_CURVE('',#3422,#3423,#430,.T.);
#4330=EDGE_CURVE('',#3423,#3424,#2018,.T.);
#4331=EDGE_CURVE('',#3424,#3425,#431,.T.);
#4332=EDGE_CURVE('',#3425,#3426,#2019,.T.);
#4333=EDGE_CURVE('',#3426,#3427,#432,.T.);
#4334=EDGE_CURVE('',#3427,#3343,#2020,.T.);
#4335=EDGE_CURVE('',#3341,#3428,#2021,.T.);
#4336=EDGE_CURVE('',#3428,#3429,#433,.T.);
#4337=EDGE_CURVE('',#3429,#3430,#2022,.T.);
#4338=EDGE_CURVE('',#3430,#3431,#434,.T.);
#4339=EDGE_CURVE('',#3431,#3432,#2023,.T.);
#4340=EDGE_CURVE('',#3432,#3433,#435,.T.);
#4341=EDGE_CURVE('',#3433,#3434,#2024,.T.);
#4342=EDGE_CURVE('',#3434,#3435,#436,.T.);
#4343=EDGE_CURVE('',#3435,#3339,#2025,.T.);
#4344=EDGE_CURVE('',#3337,#3436,#2026,.T.);
#4345=EDGE_CURVE('',#3436,#3437,#437,.T.);
#4346=EDGE_CURVE('',#3437,#3438,#2027,.T.);
#4347=EDGE_CURVE('',#3438,#3439,#438,.T.);
#4348=EDGE_CURVE('',#3439,#3440,#2028,.T.);
#4349=EDGE_CURVE('',#3440,#3441,#439,.T.);
#4350=EDGE_CURVE('',#3441,#3442,#2029,.T.);
#4351=EDGE_CURVE('',#3442,#3443,#440,.T.);
#4352=EDGE_CURVE('',#3443,#3335,#2030,.T.);
#4353=EDGE_CURVE('',#3333,#3444,#2031,.T.);
#4354=EDGE_CURVE('',#3444,#3445,#441,.T.);
#4355=EDGE_CURVE('',#3445,#3446,#2032,.T.);
#4356=EDGE_CURVE('',#3446,#3447,#442,.T.);
#4357=EDGE_CURVE('',#3447,#3448,#2033,.T.);
#4358=EDGE_CURVE('',#3448,#3449,#443,.T.);
#4359=EDGE_CURVE('',#3449,#3450,#2034,.T.);
#4360=EDGE_CURVE('',#3450,#3451,#444,.T.);
#4361=EDGE_CURVE('',#3451,#3331,#2035,.T.);
#4362=EDGE_CURVE('',#3329,#3452,#2036,.T.);
#4363=EDGE_CURVE('',#3452,#3453,#445,.T.);
#4364=EDGE_CURVE('',#3453,#3454,#2037,.T.);
#4365=EDGE_CURVE('',#3454,#3455,#446,.T.);
#4366=EDGE_CURVE('',#3455,#3456,#2038,.T.);
#4367=EDGE_CURVE('',#3456,#3457,#447,.T.);
#4368=EDGE_CURVE('',#3457,#3458,#2039,.T.);
#4369=EDGE_CURVE('',#3458,#3459,#448,.T.);
#4370=EDGE_CURVE('',#3459,#3327,#2040,.T.);
#4371=EDGE_CURVE('',#3325,#3460,#2041,.T.);
#4372=EDGE_CURVE('',#3460,#3461,#449,.T.);
#4373=EDGE_CURVE('',#3461,#3462,#2042,.T.);
#4374=EDGE_CURVE('',#3462,#3463,#450,.T.);
#4375=EDGE_CURVE('',#3463,#3464,#2043,.T.);
#4376=EDGE_CURVE('',#3464,#3465,#451,.T.);
#4377=EDGE_CURVE('',#3465,#3466,#2044,.T.);
#4378=EDGE_CURVE('',#3466,#3467,#452,.T.);
#4379=EDGE_CURVE('',#3467,#3323,#2045,.T.);
#4380=EDGE_CURVE('',#3321,#3468,#2046,.T.);
#4381=EDGE_CURVE('',#3468,#3469,#453,.T.);
#4382=EDGE_CURVE('',#3469,#3470,#2047,.T.);
#4383=EDGE_CURVE('',#3470,#3471,#454,.T.);
#4384=EDGE_CURVE('',#3471,#3472,#2048,.T.);
#4385=EDGE_CURVE('',#3472,#3473,#455,.T.);
#4386=EDGE_CURVE('',#3473,#3474,#2049,.T.);
#4387=EDGE_CURVE('',#3474,#3475,#456,.T.);
#4388=EDGE_CURVE('',#3475,#3319,#2050,.T.);
#4389=EDGE_CURVE('',#3317,#3476,#2051,.T.);
#4390=EDGE_CURVE('',#3476,#3477,#457,.T.);
#4391=EDGE_CURVE('',#3477,#3478,#2052,.T.);
#4392=EDGE_CURVE('',#3478,#3479,#458,.T.);
#4393=EDGE_CURVE('',#3479,#3480,#2053,.T.);
#4394=EDGE_CURVE('',#3480,#3481,#459,.T.);
#4395=EDGE_CURVE('',#3481,#3482,#2054,.T.);
#4396=EDGE_CURVE('',#3482,#3483,#460,.T.);
#4397=EDGE_CURVE('',#3483,#3315,#2055,.T.);
#4398=EDGE_CURVE('',#3313,#3484,#2056,.T.);
#4399=EDGE_CURVE('',#3484,#3485,#461,.T.);
#4400=EDGE_CURVE('',#3485,#3486,#2057,.T.);
#4401=EDGE_CURVE('',#3486,#3487,#462,.T.);
#4402=EDGE_CURVE('',#3487,#3488,#2058,.T.);
#4403=EDGE_CURVE('',#3488,#3489,#463,.T.);
#4404=EDGE_CURVE('',#3489,#3490,#2059,.T.);
#4405=EDGE_CURVE('',#3490,#3491,#464,.T.);
#4406=EDGE_CURVE('',#3491,#3311,#2060,.T.);
#4407=EDGE_CURVE('',#3309,#3492,#2061,.T.);
#4408=EDGE_CURVE('',#3492,#3493,#465,.T.);
#4409=EDGE_CURVE('',#3493,#3494,#2062,.T.);
#4410=EDGE_CURVE('',#3494,#3495,#466,.T.);
#4411=EDGE_CURVE('',#3495,#3496,#2063,.T.);
#4412=EDGE_CURVE('',#3496,#3497,#467,.T.);
#4413=EDGE_CURVE('',#3497,#3498,#2064,.T.);
#4414=EDGE_CURVE('',#3498,#3499,#468,.T.);
#4415=EDGE_CURVE('',#3499,#3307,#2065,.T.);
#4416=EDGE_CURVE('',#3305,#3500,#2066,.T.);
#4417=EDGE_CURVE('',#3500,#3501,#469,.T.);
#4418=EDGE_CURVE('',#3501,#3502,#2067,.T.);
#4419=EDGE_CURVE('',#3502,#3503,#470,.T.);
#4420=EDGE_CURVE('',#3503,#3504,#2068,.T.);
#4421=EDGE_CURVE('',#3504,#3505,#471,.T.);
#4422=EDGE_CURVE('',#3505,#3506,#2069,.T.);
#4423=EDGE_CURVE('',#3506,#3507,#472,.T.);
#4424=EDGE_CURVE('',#3507,#3303,#2070,.T.);
#4425=EDGE_CURVE('',#3301,#3508,#2071,.T.);
#4426=EDGE_CURVE('',#3508,#3509,#473,.T.);
#4427=EDGE_CURVE('',#3509,#3510,#2072,.T.);
#4428=EDGE_CURVE('',#3510,#3511,#474,.T.);
#4429=EDGE_CURVE('',#3511,#3512,#2073,.T.);
#4430=EDGE_CURVE('',#3512,#3513,#475,.T.);
#4431=EDGE_CURVE('',#3513,#3514,#2074,.T.);
#4432=EDGE_CURVE('',#3514,#3515,#476,.T.);
#4433=EDGE_CURVE('',#3515,#3299,#2075,.T.);
#4434=EDGE_CURVE('',#3297,#3516,#2076,.T.);
#4435=EDGE_CURVE('',#3516,#3517,#477,.T.);
#4436=EDGE_CURVE('',#3517,#3518,#2077,.T.);
#4437=EDGE_CURVE('',#3518,#3519,#478,.T.);
#4438=EDGE_CURVE('',#3519,#3520,#2078,.T.);
#4439=EDGE_CURVE('',#3520,#3521,#479,.T.);
#4440=EDGE_CURVE('',#3521,#3522,#2079,.T.);
#4441=EDGE_CURVE('',#3522,#3523,#480,.T.);
#4442=EDGE_CURVE('',#3523,#3295,#2080,.T.);
#4443=EDGE_CURVE('',#3293,#3524,#2081,.T.);
#4444=EDGE_CURVE('',#3524,#3525,#481,.T.);
#4445=EDGE_CURVE('',#3525,#3526,#2082,.T.);
#4446=EDGE_CURVE('',#3526,#3527,#482,.T.);
#4447=EDGE_CURVE('',#3527,#3528,#2083,.T.);
#4448=EDGE_CURVE('',#3528,#3529,#483,.T.);
#4449=EDGE_CURVE('',#3529,#3530,#2084,.T.);
#4450=EDGE_CURVE('',#3530,#3531,#484,.T.);
#4451=EDGE_CURVE('',#3531,#3291,#2085,.T.);
#4452=EDGE_CURVE('',#3289,#3532,#2086,.T.);
#4453=EDGE_CURVE('',#3532,#3533,#485,.T.);
#4454=EDGE_CURVE('',#3533,#3534,#2087,.T.);
#4455=EDGE_CURVE('',#3534,#3535,#486,.T.);
#4456=EDGE_CURVE('',#3535,#3536,#2088,.T.);
#4457=EDGE_CURVE('',#3536,#3537,#487,.T.);
#4458=EDGE_CURVE('',#3537,#3538,#2089,.T.);
#4459=EDGE_CURVE('',#3538,#3539,#488,.T.);
#4460=EDGE_CURVE('',#3539,#3287,#2090,.T.);
#4461=EDGE_CURVE('',#3535,#3540,#2091,.T.);
#4462=EDGE_CURVE('',#3540,#3541,#2092,.T.);
#4463=EDGE_CURVE('',#3536,#3541,#2093,.T.);
#4464=EDGE_CURVE('',#3534,#3542,#2094,.T.);
#4465=EDGE_CURVE('',#3542,#3540,#489,.T.);
#4466=EDGE_CURVE('',#3533,#3543,#2095,.T.);
#4467=EDGE_CURVE('',#3543,#3542,#2096,.T.);
#4468=EDGE_CURVE('',#3532,#3544,#2097,.T.);
#4469=EDGE_CURVE('',#3544,#3543,#490,.T.);
#4470=EDGE_CURVE('',#3539,#3545,#2098,.T.);
#4471=EDGE_CURVE('',#3545,#3544,#2099,.T.);
#4472=EDGE_CURVE('',#3538,#3546,#2100,.T.);
#4473=EDGE_CURVE('',#3546,#3545,#491,.T.);
#4474=EDGE_CURVE('',#3537,#3547,#2101,.T.);
#4475=EDGE_CURVE('',#3547,#3546,#2102,.T.);
#4476=EDGE_CURVE('',#3541,#3547,#492,.T.);
#4477=EDGE_CURVE('',#3531,#3548,#2103,.T.);
#4478=EDGE_CURVE('',#3548,#3549,#2104,.T.);
#4479=EDGE_CURVE('',#3524,#3549,#2105,.T.);
#4480=EDGE_CURVE('',#3530,#3550,#2106,.T.);
#4481=EDGE_CURVE('',#3550,#3548,#493,.T.);
#4482=EDGE_CURVE('',#3529,#3551,#2107,.T.);
#4483=EDGE_CURVE('',#3551,#3550,#2108,.T.);
#4484=EDGE_CURVE('',#3528,#3552,#2109,.T.);
#4485=EDGE_CURVE('',#3552,#3551,#494,.T.);
#4486=EDGE_CURVE('',#3527,#3553,#2110,.T.);
#4487=EDGE_CURVE('',#3553,#3552,#2111,.T.);
#4488=EDGE_CURVE('',#3526,#3554,#2112,.T.);
#4489=EDGE_CURVE('',#3554,#3553,#495,.T.);
#4490=EDGE_CURVE('',#3525,#3555,#2113,.T.);
#4491=EDGE_CURVE('',#3555,#3554,#2114,.T.);
#4492=EDGE_CURVE('',#3549,#3555,#496,.T.);
#4493=EDGE_CURVE('',#3517,#3556,#2115,.T.);
#4494=EDGE_CURVE('',#3556,#3557,#2116,.T.);
#4495=EDGE_CURVE('',#3518,#3557,#2117,.T.);
#4496=EDGE_CURVE('',#3516,#3558,#2118,.T.);
#4497=EDGE_CURVE('',#3558,#3556,#497,.T.);
#4498=EDGE_CURVE('',#3523,#3559,#2119,.T.);
#4499=EDGE_CURVE('',#3559,#3558,#2120,.T.);
#4500=EDGE_CURVE('',#3522,#3560,#2121,.T.);
#4501=EDGE_CURVE('',#3560,#3559,#498,.T.);
#4502=EDGE_CURVE('',#3521,#3561,#2122,.T.);
#4503=EDGE_CURVE('',#3561,#3560,#2123,.T.);
#4504=EDGE_CURVE('',#3520,#3562,#2124,.T.);
#4505=EDGE_CURVE('',#3562,#3561,#499,.T.);
#4506=EDGE_CURVE('',#3519,#3563,#2125,.T.);
#4507=EDGE_CURVE('',#3563,#3562,#2126,.T.);
#4508=EDGE_CURVE('',#3557,#3563,#500,.T.);
#4509=EDGE_CURVE('',#3510,#3564,#2127,.T.);
#4510=EDGE_CURVE('',#3564,#3565,#501,.T.);
#4511=EDGE_CURVE('',#3511,#3565,#2128,.T.);
#4512=EDGE_CURVE('',#3509,#3566,#2129,.T.);
#4513=EDGE_CURVE('',#3566,#3564,#2130,.T.);
#4514=EDGE_CURVE('',#3508,#3567,#2131,.T.);
#4515=EDGE_CURVE('',#3567,#3566,#502,.T.);
#4516=EDGE_CURVE('',#3515,#3568,#2132,.T.);
#4517=EDGE_CURVE('',#3568,#3567,#2133,.T.);
#4518=EDGE_CURVE('',#3514,#3569,#2134,.T.);
#4519=EDGE_CURVE('',#3569,#3568,#503,.T.);
#4520=EDGE_CURVE('',#3513,#3570,#2135,.T.);
#4521=EDGE_CURVE('',#3570,#3569,#2136,.T.);
#4522=EDGE_CURVE('',#3512,#3571,#2137,.T.);
#4523=EDGE_CURVE('',#3571,#3570,#504,.T.);
#4524=EDGE_CURVE('',#3565,#3571,#2138,.T.);
#4525=EDGE_CURVE('',#3502,#3572,#2139,.T.);
#4526=EDGE_CURVE('',#3572,#3573,#505,.T.);
#4527=EDGE_CURVE('',#3503,#3573,#2140,.T.);
#4528=EDGE_CURVE('',#3501,#3574,#2141,.T.);
#4529=EDGE_CURVE('',#3574,#3572,#2142,.T.);
#4530=EDGE_CURVE('',#3500,#3575,#2143,.T.);
#4531=EDGE_CURVE('',#3575,#3574,#506,.T.);
#4532=EDGE_CURVE('',#3507,#3576,#2144,.T.);
#4533=EDGE_CURVE('',#3576,#3575,#2145,.T.);
#4534=EDGE_CURVE('',#3506,#3577,#2146,.T.);
#4535=EDGE_CURVE('',#3577,#3576,#507,.T.);
#4536=EDGE_CURVE('',#3505,#3578,#2147,.T.);
#4537=EDGE_CURVE('',#3578,#3577,#2148,.T.);
#4538=EDGE_CURVE('',#3504,#3579,#2149,.T.);
#4539=EDGE_CURVE('',#3579,#3578,#508,.T.);
#4540=EDGE_CURVE('',#3573,#3579,#2150,.T.);
#4541=EDGE_CURVE('',#3495,#3580,#2151,.T.);
#4542=EDGE_CURVE('',#3580,#3581,#2152,.T.);
#4543=EDGE_CURVE('',#3496,#3581,#2153,.T.);
#4544=EDGE_CURVE('',#3494,#3582,#2154,.T.);
#4545=EDGE_CURVE('',#3582,#3580,#509,.T.);
#4546=EDGE_CURVE('',#3493,#3583,#2155,.T.);
#4547=EDGE_CURVE('',#3583,#3582,#2156,.T.);
#4548=EDGE_CURVE('',#3492,#3584,#2157,.T.);
#4549=EDGE_CURVE('',#3584,#3583,#510,.T.);
#4550=EDGE_CURVE('',#3499,#3585,#2158,.T.);
#4551=EDGE_CURVE('',#3585,#3584,#2159,.T.);
#4552=EDGE_CURVE('',#3498,#3586,#2160,.T.);
#4553=EDGE_CURVE('',#3586,#3585,#511,.T.);
#4554=EDGE_CURVE('',#3497,#3587,#2161,.T.);
#4555=EDGE_CURVE('',#3587,#3586,#2162,.T.);
#4556=EDGE_CURVE('',#3581,#3587,#512,.T.);
#4557=EDGE_CURVE('',#3487,#3588,#2163,.T.);
#4558=EDGE_CURVE('',#3588,#3589,#2164,.T.);
#4559=EDGE_CURVE('',#3488,#3589,#2165,.T.);
#4560=EDGE_CURVE('',#3486,#3590,#2166,.T.);
#4561=EDGE_CURVE('',#3590,#3588,#513,.T.);
#4562=EDGE_CURVE('',#3485,#3591,#2167,.T.);
#4563=EDGE_CURVE('',#3591,#3590,#2168,.T.);
#4564=EDGE_CURVE('',#3484,#3592,#2169,.T.);
#4565=EDGE_CURVE('',#3592,#3591,#514,.T.);
#4566=EDGE_CURVE('',#3491,#3593,#2170,.T.);
#4567=EDGE_CURVE('',#3593,#3592,#2171,.T.);
#4568=EDGE_CURVE('',#3490,#3594,#2172,.T.);
#4569=EDGE_CURVE('',#3594,#3593,#515,.T.);
#4570=EDGE_CURVE('',#3489,#3595,#2173,.T.);
#4571=EDGE_CURVE('',#3595,#3594,#2174,.T.);
#4572=EDGE_CURVE('',#3589,#3595,#516,.T.);
#4573=EDGE_CURVE('',#3477,#3596,#2175,.T.);
#4574=EDGE_CURVE('',#3596,#3597,#2176,.T.);
#4575=EDGE_CURVE('',#3478,#3597,#2177,.T.);
#4576=EDGE_CURVE('',#3476,#3598,#2178,.T.);
#4577=EDGE_CURVE('',#3598,#3596,#517,.T.);
#4578=EDGE_CURVE('',#3483,#3599,#2179,.T.);
#4579=EDGE_CURVE('',#3599,#3598,#2180,.T.);
#4580=EDGE_CURVE('',#3482,#3600,#2181,.T.);
#4581=EDGE_CURVE('',#3600,#3599,#518,.T.);
#4582=EDGE_CURVE('',#3481,#3601,#2182,.T.);
#4583=EDGE_CURVE('',#3601,#3600,#2183,.T.);
#4584=EDGE_CURVE('',#3480,#3602,#2184,.T.);
#4585=EDGE_CURVE('',#3602,#3601,#519,.T.);
#4586=EDGE_CURVE('',#3479,#3603,#2185,.T.);
#4587=EDGE_CURVE('',#3603,#3602,#2186,.T.);
#4588=EDGE_CURVE('',#3597,#3603,#520,.T.);
#4589=EDGE_CURVE('',#3468,#3604,#2187,.T.);
#4590=EDGE_CURVE('',#3604,#3605,#521,.T.);
#4591=EDGE_CURVE('',#3469,#3605,#2188,.T.);
#4592=EDGE_CURVE('',#3475,#3606,#2189,.T.);
#4593=EDGE_CURVE('',#3606,#3604,#2190,.T.);
#4594=EDGE_CURVE('',#3474,#3607,#2191,.T.);
#4595=EDGE_CURVE('',#3607,#3606,#522,.T.);
#4596=EDGE_CURVE('',#3473,#3608,#2192,.T.);
#4597=EDGE_CURVE('',#3608,#3607,#2193,.T.);
#4598=EDGE_CURVE('',#3472,#3609,#2194,.T.);
#4599=EDGE_CURVE('',#3609,#3608,#523,.T.);
#4600=EDGE_CURVE('',#3471,#3610,#2195,.T.);
#4601=EDGE_CURVE('',#3610,#3609,#2196,.T.);
#4602=EDGE_CURVE('',#3470,#3611,#2197,.T.);
#4603=EDGE_CURVE('',#3611,#3610,#524,.T.);
#4604=EDGE_CURVE('',#3605,#3611,#2198,.T.);
#4605=EDGE_CURVE('',#3467,#3612,#2199,.T.);
#4606=EDGE_CURVE('',#3612,#3613,#2200,.T.);
#4607=EDGE_CURVE('',#3460,#3613,#2201,.T.);
#4608=EDGE_CURVE('',#3466,#3614,#2202,.T.);
#4609=EDGE_CURVE('',#3614,#3612,#525,.T.);
#4610=EDGE_CURVE('',#3465,#3615,#2203,.T.);
#4611=EDGE_CURVE('',#3615,#3614,#2204,.T.);
#4612=EDGE_CURVE('',#3464,#3616,#2205,.T.);
#4613=EDGE_CURVE('',#3616,#3615,#526,.T.);
#4614=EDGE_CURVE('',#3463,#3617,#2206,.T.);
#4615=EDGE_CURVE('',#3617,#3616,#2207,.T.);
#4616=EDGE_CURVE('',#3462,#3618,#2208,.T.);
#4617=EDGE_CURVE('',#3618,#3617,#527,.T.);
#4618=EDGE_CURVE('',#3461,#3619,#2209,.T.);
#4619=EDGE_CURVE('',#3619,#3618,#2210,.T.);
#4620=EDGE_CURVE('',#3613,#3619,#528,.T.);
#4621=EDGE_CURVE('',#3459,#3620,#2211,.T.);
#4622=EDGE_CURVE('',#3620,#3621,#2212,.T.);
#4623=EDGE_CURVE('',#3452,#3621,#2213,.T.);
#4624=EDGE_CURVE('',#3458,#3622,#2214,.T.);
#4625=EDGE_CURVE('',#3622,#3620,#529,.T.);
#4626=EDGE_CURVE('',#3457,#3623,#2215,.T.);
#4627=EDGE_CURVE('',#3623,#3622,#2216,.T.);
#4628=EDGE_CURVE('',#3456,#3624,#2217,.T.);
#4629=EDGE_CURVE('',#3624,#3623,#530,.T.);
#4630=EDGE_CURVE('',#3455,#3625,#2218,.T.);
#4631=EDGE_CURVE('',#3625,#3624,#2219,.T.);
#4632=EDGE_CURVE('',#3454,#3626,#2220,.T.);
#4633=EDGE_CURVE('',#3626,#3625,#531,.T.);
#4634=EDGE_CURVE('',#3453,#3627,#2221,.T.);
#4635=EDGE_CURVE('',#3627,#3626,#2222,.T.);
#4636=EDGE_CURVE('',#3621,#3627,#532,.T.);
#4637=EDGE_CURVE('',#3445,#3628,#2223,.T.);
#4638=EDGE_CURVE('',#3628,#3629,#2224,.T.);
#4639=EDGE_CURVE('',#3446,#3629,#2225,.T.);
#4640=EDGE_CURVE('',#3444,#3630,#2226,.T.);
#4641=EDGE_CURVE('',#3630,#3628,#533,.T.);
#4642=EDGE_CURVE('',#3451,#3631,#2227,.T.);
#4643=EDGE_CURVE('',#3631,#3630,#2228,.T.);
#4644=EDGE_CURVE('',#3450,#3632,#2229,.T.);
#4645=EDGE_CURVE('',#3632,#3631,#534,.T.);
#4646=EDGE_CURVE('',#3449,#3633,#2230,.T.);
#4647=EDGE_CURVE('',#3633,#3632,#2231,.T.);
#4648=EDGE_CURVE('',#3448,#3634,#2232,.T.);
#4649=EDGE_CURVE('',#3634,#3633,#535,.T.);
#4650=EDGE_CURVE('',#3447,#3635,#2233,.T.);
#4651=EDGE_CURVE('',#3635,#3634,#2234,.T.);
#4652=EDGE_CURVE('',#3629,#3635,#536,.T.);
#4653=EDGE_CURVE('',#3437,#3636,#2235,.T.);
#4654=EDGE_CURVE('',#3636,#3637,#2236,.T.);
#4655=EDGE_CURVE('',#3438,#3637,#2237,.T.);
#4656=EDGE_CURVE('',#3436,#3638,#2238,.T.);
#4657=EDGE_CURVE('',#3638,#3636,#537,.T.);
#4658=EDGE_CURVE('',#3443,#3639,#2239,.T.);
#4659=EDGE_CURVE('',#3639,#3638,#2240,.T.);
#4660=EDGE_CURVE('',#3442,#3640,#2241,.T.);
#4661=EDGE_CURVE('',#3640,#3639,#538,.T.);
#4662=EDGE_CURVE('',#3441,#3641,#2242,.T.);
#4663=EDGE_CURVE('',#3641,#3640,#2243,.T.);
#4664=EDGE_CURVE('',#3440,#3642,#2244,.T.);
#4665=EDGE_CURVE('',#3642,#3641,#539,.T.);
#4666=EDGE_CURVE('',#3439,#3643,#2245,.T.);
#4667=EDGE_CURVE('',#3643,#3642,#2246,.T.);
#4668=EDGE_CURVE('',#3637,#3643,#540,.T.);
#4669=EDGE_CURVE('',#3430,#3644,#2247,.T.);
#4670=EDGE_CURVE('',#3644,#3645,#541,.T.);
#4671=EDGE_CURVE('',#3431,#3645,#2248,.T.);
#4672=EDGE_CURVE('',#3429,#3646,#2249,.T.);
#4673=EDGE_CURVE('',#3646,#3644,#2250,.T.);
#4674=EDGE_CURVE('',#3428,#3647,#2251,.T.);
#4675=EDGE_CURVE('',#3647,#3646,#542,.T.);
#4676=EDGE_CURVE('',#3435,#3648,#2252,.T.);
#4677=EDGE_CURVE('',#3648,#3647,#2253,.T.);
#4678=EDGE_CURVE('',#3434,#3649,#2254,.T.);
#4679=EDGE_CURVE('',#3649,#3648,#543,.T.);
#4680=EDGE_CURVE('',#3433,#3650,#2255,.T.);
#4681=EDGE_CURVE('',#3650,#3649,#2256,.T.);
#4682=EDGE_CURVE('',#3432,#3651,#2257,.T.);
#4683=EDGE_CURVE('',#3651,#3650,#544,.T.);
#4684=EDGE_CURVE('',#3645,#3651,#2258,.T.);
#4685=EDGE_CURVE('',#3421,#3652,#2259,.T.);
#4686=EDGE_CURVE('',#3652,#3653,#2260,.T.);
#4687=EDGE_CURVE('',#3422,#3653,#2261,.T.);
#4688=EDGE_CURVE('',#3420,#3654,#2262,.T.);
#4689=EDGE_CURVE('',#3654,#3652,#545,.T.);
#4690=EDGE_CURVE('',#3427,#3655,#2263,.T.);
#4691=EDGE_CURVE('',#3655,#3654,#2264,.T.);
#4692=EDGE_CURVE('',#3426,#3656,#2265,.T.);
#4693=EDGE_CURVE('',#3656,#3655,#546,.T.);
#4694=EDGE_CURVE('',#3425,#3657,#2266,.T.);
#4695=EDGE_CURVE('',#3657,#3656,#2267,.T.);
#4696=EDGE_CURVE('',#3424,#3658,#2268,.T.);
#4697=EDGE_CURVE('',#3658,#3657,#547,.T.);
#4698=EDGE_CURVE('',#3423,#3659,#2269,.T.);
#4699=EDGE_CURVE('',#3659,#3658,#2270,.T.);
#4700=EDGE_CURVE('',#3653,#3659,#548,.T.);
#4701=EDGE_CURVE('',#3415,#3660,#2271,.T.);
#4702=EDGE_CURVE('',#3660,#3661,#2272,.T.);
#4703=EDGE_CURVE('',#3416,#3661,#2273,.T.);
#4704=EDGE_CURVE('',#3414,#3662,#2274,.T.);
#4705=EDGE_CURVE('',#3662,#3660,#549,.T.);
#4706=EDGE_CURVE('',#3413,#3663,#2275,.T.);
#4707=EDGE_CURVE('',#3663,#3662,#2276,.T.);
#4708=EDGE_CURVE('',#3412,#3664,#2277,.T.);
#4709=EDGE_CURVE('',#3664,#3663,#550,.T.);
#4710=EDGE_CURVE('',#3419,#3665,#2278,.T.);
#4711=EDGE_CURVE('',#3665,#3664,#2279,.T.);
#4712=EDGE_CURVE('',#3418,#3666,#2280,.T.);
#4713=EDGE_CURVE('',#3666,#3665,#551,.T.);
#4714=EDGE_CURVE('',#3417,#3667,#2281,.T.);
#4715=EDGE_CURVE('',#3667,#3666,#2282,.T.);
#4716=EDGE_CURVE('',#3661,#3667,#552,.T.);
#4717=EDGE_CURVE('',#3407,#3668,#2283,.T.);
#4718=EDGE_CURVE('',#3668,#3669,#2284,.T.);
#4719=EDGE_CURVE('',#3408,#3669,#2285,.T.);
#4720=EDGE_CURVE('',#3406,#3670,#2286,.T.);
#4721=EDGE_CURVE('',#3670,#3668,#553,.T.);
#4722=EDGE_CURVE('',#3405,#3671,#2287,.T.);
#4723=EDGE_CURVE('',#3671,#3670,#2288,.T.);
#4724=EDGE_CURVE('',#3404,#3672,#2289,.T.);
#4725=EDGE_CURVE('',#3672,#3671,#554,.T.);
#4726=EDGE_CURVE('',#3411,#3673,#2290,.T.);
#4727=EDGE_CURVE('',#3673,#3672,#2291,.T.);
#4728=EDGE_CURVE('',#3410,#3674,#2292,.T.);
#4729=EDGE_CURVE('',#3674,#3673,#555,.T.);
#4730=EDGE_CURVE('',#3409,#3675,#2293,.T.);
#4731=EDGE_CURVE('',#3675,#3674,#2294,.T.);
#4732=EDGE_CURVE('',#3669,#3675,#556,.T.);
#4733=EDGE_CURVE('',#3397,#3676,#2295,.T.);
#4734=EDGE_CURVE('',#3676,#3677,#2296,.T.);
#4735=EDGE_CURVE('',#3398,#3677,#2297,.T.);
#4736=EDGE_CURVE('',#3396,#3678,#2298,.T.);
#4737=EDGE_CURVE('',#3678,#3676,#557,.T.);
#4738=EDGE_CURVE('',#3403,#3679,#2299,.T.);
#4739=EDGE_CURVE('',#3679,#3678,#2300,.T.);
#4740=EDGE_CURVE('',#3402,#3680,#2301,.T.);
#4741=EDGE_CURVE('',#3680,#3679,#558,.T.);
#4742=EDGE_CURVE('',#3401,#3681,#2302,.T.);
#4743=EDGE_CURVE('',#3681,#3680,#2303,.T.);
#4744=EDGE_CURVE('',#3400,#3682,#2304,.T.);
#4745=EDGE_CURVE('',#3682,#3681,#559,.T.);
#4746=EDGE_CURVE('',#3399,#3683,#2305,.T.);
#4747=EDGE_CURVE('',#3683,#3682,#2306,.T.);
#4748=EDGE_CURVE('',#3677,#3683,#560,.T.);
#4749=EDGE_CURVE('',#3395,#3684,#2307,.T.);
#4750=EDGE_CURVE('',#3684,#3685,#2308,.T.);
#4751=EDGE_CURVE('',#3388,#3685,#2309,.T.);
#4752=EDGE_CURVE('',#3394,#3686,#2310,.T.);
#4753=EDGE_CURVE('',#3686,#3684,#561,.T.);
#4754=EDGE_CURVE('',#3393,#3687,#2311,.T.);
#4755=EDGE_CURVE('',#3687,#3686,#2312,.T.);
#4756=EDGE_CURVE('',#3392,#3688,#2313,.T.);
#4757=EDGE_CURVE('',#3688,#3687,#562,.T.);
#4758=EDGE_CURVE('',#3391,#3689,#2314,.T.);
#4759=EDGE_CURVE('',#3689,#3688,#2315,.T.);
#4760=EDGE_CURVE('',#3390,#3690,#2316,.T.);
#4761=EDGE_CURVE('',#3690,#3689,#563,.T.);
#4762=EDGE_CURVE('',#3389,#3691,#2317,.T.);
#4763=EDGE_CURVE('',#3691,#3690,#2318,.T.);
#4764=EDGE_CURVE('',#3685,#3691,#564,.T.);
#4765=EDGE_CURVE('',#3381,#3692,#2319,.T.);
#4766=EDGE_CURVE('',#3692,#3693,#2320,.T.);
#4767=EDGE_CURVE('',#3382,#3693,#2321,.T.);
#4768=EDGE_CURVE('',#3380,#3694,#2322,.T.);
#4769=EDGE_CURVE('',#3694,#3692,#565,.T.);
#4770=EDGE_CURVE('',#3387,#3695,#2323,.T.);
#4771=EDGE_CURVE('',#3695,#3694,#2324,.T.);
#4772=EDGE_CURVE('',#3386,#3696,#2325,.T.);
#4773=EDGE_CURVE('',#3696,#3695,#566,.T.);
#4774=EDGE_CURVE('',#3385,#3697,#2326,.T.);
#4775=EDGE_CURVE('',#3697,#3696,#2327,.T.);
#4776=EDGE_CURVE('',#3384,#3698,#2328,.T.);
#4777=EDGE_CURVE('',#3698,#3697,#567,.T.);
#4778=EDGE_CURVE('',#3383,#3699,#2329,.T.);
#4779=EDGE_CURVE('',#3699,#3698,#2330,.T.);
#4780=EDGE_CURVE('',#3693,#3699,#568,.T.);
#4781=EDGE_CURVE('',#3379,#3700,#2331,.T.);
#4782=EDGE_CURVE('',#3700,#3701,#2332,.T.);
#4783=EDGE_CURVE('',#3372,#3701,#2333,.T.);
#4784=EDGE_CURVE('',#3378,#3702,#2334,.T.);
#4785=EDGE_CURVE('',#3702,#3700,#569,.T.);
#4786=EDGE_CURVE('',#3377,#3703,#2335,.T.);
#4787=EDGE_CURVE('',#3703,#3702,#2336,.T.);
#4788=EDGE_CURVE('',#3376,#3704,#2337,.T.);
#4789=EDGE_CURVE('',#3704,#3703,#570,.T.);
#4790=EDGE_CURVE('',#3375,#3705,#2338,.T.);
#4791=EDGE_CURVE('',#3705,#3704,#2339,.T.);
#4792=EDGE_CURVE('',#3374,#3706,#2340,.T.);
#4793=EDGE_CURVE('',#3706,#3705,#571,.T.);
#4794=EDGE_CURVE('',#3373,#3707,#2341,.T.);
#4795=EDGE_CURVE('',#3707,#3706,#2342,.T.);
#4796=EDGE_CURVE('',#3701,#3707,#572,.T.);
#4797=EDGE_CURVE('',#3370,#3708,#2343,.T.);
#4798=EDGE_CURVE('',#3708,#3708,#573,.T.);
#4799=EDGE_CURVE('',#3371,#3709,#2344,.T.);
#4800=EDGE_CURVE('',#3709,#3709,#574,.T.);
#4801=EDGE_CURVE('',#3710,#3710,#575,.T.);
#4802=EDGE_CURVE('',#3710,#3711,#2345,.T.);
#4803=EDGE_CURVE('',#3711,#3711,#576,.T.);
#4804=ORIENTED_EDGE('',*,*,#3712,.F.);
#4805=ORIENTED_EDGE('',*,*,#3713,.F.);
#4806=ORIENTED_EDGE('',*,*,#3714,.F.);
#4807=ORIENTED_EDGE('',*,*,#3715,.T.);
#4808=ORIENTED_EDGE('',*,*,#3716,.F.);
#4809=ORIENTED_EDGE('',*,*,#3715,.F.);
#4810=ORIENTED_EDGE('',*,*,#3717,.F.);
#4811=ORIENTED_EDGE('',*,*,#3718,.T.);
#4812=ORIENTED_EDGE('',*,*,#3719,.F.);
#4813=ORIENTED_EDGE('',*,*,#3718,.F.);
#4814=ORIENTED_EDGE('',*,*,#3720,.F.);
#4815=ORIENTED_EDGE('',*,*,#3721,.T.);
#4816=ORIENTED_EDGE('',*,*,#3722,.F.);
#4817=ORIENTED_EDGE('',*,*,#3721,.F.);
#4818=ORIENTED_EDGE('',*,*,#3723,.F.);
#4819=ORIENTED_EDGE('',*,*,#3724,.T.);
#4820=ORIENTED_EDGE('',*,*,#3725,.F.);
#4821=ORIENTED_EDGE('',*,*,#3724,.F.);
#4822=ORIENTED_EDGE('',*,*,#3726,.F.);
#4823=ORIENTED_EDGE('',*,*,#3727,.T.);
#4824=ORIENTED_EDGE('',*,*,#3728,.F.);
#4825=ORIENTED_EDGE('',*,*,#3727,.F.);
#4826=ORIENTED_EDGE('',*,*,#3729,.F.);
#4827=ORIENTED_EDGE('',*,*,#3730,.T.);
#4828=ORIENTED_EDGE('',*,*,#3731,.F.);
#4829=ORIENTED_EDGE('',*,*,#3730,.F.);
#4830=ORIENTED_EDGE('',*,*,#3732,.F.);
#4831=ORIENTED_EDGE('',*,*,#3733,.T.);
#4832=ORIENTED_EDGE('',*,*,#3734,.F.);
#4833=ORIENTED_EDGE('',*,*,#3733,.F.);
#4834=ORIENTED_EDGE('',*,*,#3735,.F.);
#4835=ORIENTED_EDGE('',*,*,#3736,.T.);
#4836=ORIENTED_EDGE('',*,*,#3737,.F.);
#4837=ORIENTED_EDGE('',*,*,#3736,.F.);
#4838=ORIENTED_EDGE('',*,*,#3738,.F.);
#4839=ORIENTED_EDGE('',*,*,#3739,.T.);
#4840=ORIENTED_EDGE('',*,*,#3740,.F.);
#4841=ORIENTED_EDGE('',*,*,#3739,.F.);
#4842=ORIENTED_EDGE('',*,*,#3741,.F.);
#4843=ORIENTED_EDGE('',*,*,#3742,.T.);
#4844=ORIENTED_EDGE('',*,*,#3743,.F.);
#4845=ORIENTED_EDGE('',*,*,#3742,.F.);
#4846=ORIENTED_EDGE('',*,*,#3744,.F.);
#4847=ORIENTED_EDGE('',*,*,#3745,.T.);
#4848=ORIENTED_EDGE('',*,*,#3746,.F.);
#4849=ORIENTED_EDGE('',*,*,#3745,.F.);
#4850=ORIENTED_EDGE('',*,*,#3747,.F.);
#4851=ORIENTED_EDGE('',*,*,#3748,.T.);
#4852=ORIENTED_EDGE('',*,*,#3749,.F.);
#4853=ORIENTED_EDGE('',*,*,#3748,.F.);
#4854=ORIENTED_EDGE('',*,*,#3750,.F.);
#4855=ORIENTED_EDGE('',*,*,#3751,.T.);
#4856=ORIENTED_EDGE('',*,*,#3752,.F.);
#4857=ORIENTED_EDGE('',*,*,#3751,.F.);
#4858=ORIENTED_EDGE('',*,*,#3753,.F.);
#4859=ORIENTED_EDGE('',*,*,#3713,.T.);
#4860=ORIENTED_EDGE('',*,*,#3754,.F.);
#4861=ORIENTED_EDGE('',*,*,#3755,.F.);
#4862=ORIENTED_EDGE('',*,*,#3756,.F.);
#4863=ORIENTED_EDGE('',*,*,#3757,.T.);
#4864=ORIENTED_EDGE('',*,*,#3758,.F.);
#4865=ORIENTED_EDGE('',*,*,#3757,.F.);
#4866=ORIENTED_EDGE('',*,*,#3759,.F.);
#4867=ORIENTED_EDGE('',*,*,#3760,.T.);
#4868=ORIENTED_EDGE('',*,*,#3761,.F.);
#4869=ORIENTED_EDGE('',*,*,#3760,.F.);
#4870=ORIENTED_EDGE('',*,*,#3762,.F.);
#4871=ORIENTED_EDGE('',*,*,#3763,.T.);
#4872=ORIENTED_EDGE('',*,*,#3764,.F.);
#4873=ORIENTED_EDGE('',*,*,#3763,.F.);
#4874=ORIENTED_EDGE('',*,*,#3765,.F.);
#4875=ORIENTED_EDGE('',*,*,#3766,.T.);
#4876=ORIENTED_EDGE('',*,*,#3767,.F.);
#4877=ORIENTED_EDGE('',*,*,#3766,.F.);
#4878=ORIENTED_EDGE('',*,*,#3768,.F.);
#4879=ORIENTED_EDGE('',*,*,#3769,.T.);
#4880=ORIENTED_EDGE('',*,*,#3770,.F.);
#4881=ORIENTED_EDGE('',*,*,#3769,.F.);
#4882=ORIENTED_EDGE('',*,*,#3771,.F.);
#4883=ORIENTED_EDGE('',*,*,#3772,.T.);
#4884=ORIENTED_EDGE('',*,*,#3773,.F.);
#4885=ORIENTED_EDGE('',*,*,#3772,.F.);
#4886=ORIENTED_EDGE('',*,*,#3774,.F.);
#4887=ORIENTED_EDGE('',*,*,#3775,.T.);
#4888=ORIENTED_EDGE('',*,*,#3776,.F.);
#4889=ORIENTED_EDGE('',*,*,#3775,.F.);
#4890=ORIENTED_EDGE('',*,*,#3777,.F.);
#4891=ORIENTED_EDGE('',*,*,#3778,.T.);
#4892=ORIENTED_EDGE('',*,*,#3779,.F.);
#4893=ORIENTED_EDGE('',*,*,#3778,.F.);
#4894=ORIENTED_EDGE('',*,*,#3780,.F.);
#4895=ORIENTED_EDGE('',*,*,#3781,.T.);
#4896=ORIENTED_EDGE('',*,*,#3782,.F.);
#4897=ORIENTED_EDGE('',*,*,#3781,.F.);
#4898=ORIENTED_EDGE('',*,*,#3783,.F.);
#4899=ORIENTED_EDGE('',*,*,#3784,.T.);
#4900=ORIENTED_EDGE('',*,*,#3785,.F.);
#4901=ORIENTED_EDGE('',*,*,#3784,.F.);
#4902=ORIENTED_EDGE('',*,*,#3786,.F.);
#4903=ORIENTED_EDGE('',*,*,#3787,.T.);
#4904=ORIENTED_EDGE('',*,*,#3788,.F.);
#4905=ORIENTED_EDGE('',*,*,#3787,.F.);
#4906=ORIENTED_EDGE('',*,*,#3789,.F.);
#4907=ORIENTED_EDGE('',*,*,#3790,.T.);
#4908=ORIENTED_EDGE('',*,*,#3791,.F.);
#4909=ORIENTED_EDGE('',*,*,#3790,.F.);
#4910=ORIENTED_EDGE('',*,*,#3792,.F.);
#4911=ORIENTED_EDGE('',*,*,#3793,.T.);
#4912=ORIENTED_EDGE('',*,*,#3794,.F.);
#4913=ORIENTED_EDGE('',*,*,#3793,.F.);
#4914=ORIENTED_EDGE('',*,*,#3795,.F.);
#4915=ORIENTED_EDGE('',*,*,#3755,.T.);
#4916=ORIENTED_EDGE('',*,*,#3796,.F.);
#4917=ORIENTED_EDGE('',*,*,#3797,.F.);
#4918=ORIENTED_EDGE('',*,*,#3798,.F.);
#4919=ORIENTED_EDGE('',*,*,#3799,.T.);
#4920=ORIENTED_EDGE('',*,*,#3800,.F.);
#4921=ORIENTED_EDGE('',*,*,#3799,.F.);
#4922=ORIENTED_EDGE('',*,*,#3801,.F.);
#4923=ORIENTED_EDGE('',*,*,#3802,.T.);
#4924=ORIENTED_EDGE('',*,*,#3803,.F.);
#4925=ORIENTED_EDGE('',*,*,#3802,.F.);
#4926=ORIENTED_EDGE('',*,*,#3804,.F.);
#4927=ORIENTED_EDGE('',*,*,#3805,.T.);
#4928=ORIENTED_EDGE('',*,*,#3806,.F.);
#4929=ORIENTED_EDGE('',*,*,#3805,.F.);
#4930=ORIENTED_EDGE('',*,*,#3807,.F.);
#4931=ORIENTED_EDGE('',*,*,#3808,.T.);
#4932=ORIENTED_EDGE('',*,*,#3809,.F.);
#4933=ORIENTED_EDGE('',*,*,#3808,.F.);
#4934=ORIENTED_EDGE('',*,*,#3810,.F.);
#4935=ORIENTED_EDGE('',*,*,#3811,.T.);
#4936=ORIENTED_EDGE('',*,*,#3812,.F.);
#4937=ORIENTED_EDGE('',*,*,#3811,.F.);
#4938=ORIENTED_EDGE('',*,*,#3813,.F.);
#4939=ORIENTED_EDGE('',*,*,#3814,.T.);
#4940=ORIENTED_EDGE('',*,*,#3815,.F.);
#4941=ORIENTED_EDGE('',*,*,#3814,.F.);
#4942=ORIENTED_EDGE('',*,*,#3816,.F.);
#4943=ORIENTED_EDGE('',*,*,#3817,.T.);
#4944=ORIENTED_EDGE('',*,*,#3818,.F.);
#4945=ORIENTED_EDGE('',*,*,#3817,.F.);
#4946=ORIENTED_EDGE('',*,*,#3819,.F.);
#4947=ORIENTED_EDGE('',*,*,#3820,.T.);
#4948=ORIENTED_EDGE('',*,*,#3821,.F.);
#4949=ORIENTED_EDGE('',*,*,#3820,.F.);
#4950=ORIENTED_EDGE('',*,*,#3822,.F.);
#4951=ORIENTED_EDGE('',*,*,#3823,.T.);
#4952=ORIENTED_EDGE('',*,*,#3824,.F.);
#4953=ORIENTED_EDGE('',*,*,#3823,.F.);
#4954=ORIENTED_EDGE('',*,*,#3825,.F.);
#4955=ORIENTED_EDGE('',*,*,#3826,.T.);
#4956=ORIENTED_EDGE('',*,*,#3827,.F.);
#4957=ORIENTED_EDGE('',*,*,#3826,.F.);
#4958=ORIENTED_EDGE('',*,*,#3828,.F.);
#4959=ORIENTED_EDGE('',*,*,#3829,.T.);
#4960=ORIENTED_EDGE('',*,*,#3830,.F.);
#4961=ORIENTED_EDGE('',*,*,#3829,.F.);
#4962=ORIENTED_EDGE('',*,*,#3831,.F.);
#4963=ORIENTED_EDGE('',*,*,#3832,.T.);
#4964=ORIENTED_EDGE('',*,*,#3833,.F.);
#4965=ORIENTED_EDGE('',*,*,#3832,.F.);
#4966=ORIENTED_EDGE('',*,*,#3834,.F.);
#4967=ORIENTED_EDGE('',*,*,#3835,.T.);
#4968=ORIENTED_EDGE('',*,*,#3836,.F.);
#4969=ORIENTED_EDGE('',*,*,#3835,.F.);
#4970=ORIENTED_EDGE('',*,*,#3837,.F.);
#4971=ORIENTED_EDGE('',*,*,#3797,.T.);
#4972=ORIENTED_EDGE('',*,*,#3838,.F.);
#4973=ORIENTED_EDGE('',*,*,#3839,.F.);
#4974=ORIENTED_EDGE('',*,*,#3840,.F.);
#4975=ORIENTED_EDGE('',*,*,#3841,.T.);
#4976=ORIENTED_EDGE('',*,*,#3842,.F.);
#4977=ORIENTED_EDGE('',*,*,#3841,.F.);
#4978=ORIENTED_EDGE('',*,*,#3843,.F.);
#4979=ORIENTED_EDGE('',*,*,#3844,.T.);
#4980=ORIENTED_EDGE('',*,*,#3845,.F.);
#4981=ORIENTED_EDGE('',*,*,#3844,.F.);
#4982=ORIENTED_EDGE('',*,*,#3846,.F.);
#4983=ORIENTED_EDGE('',*,*,#3847,.T.);
#4984=ORIENTED_EDGE('',*,*,#3848,.F.);
#4985=ORIENTED_EDGE('',*,*,#3847,.F.);
#4986=ORIENTED_EDGE('',*,*,#3849,.F.);
#4987=ORIENTED_EDGE('',*,*,#3850,.T.);
#4988=ORIENTED_EDGE('',*,*,#3851,.F.);
#4989=ORIENTED_EDGE('',*,*,#3850,.F.);
#4990=ORIENTED_EDGE('',*,*,#3852,.F.);
#4991=ORIENTED_EDGE('',*,*,#3853,.T.);
#4992=ORIENTED_EDGE('',*,*,#3854,.F.);
#4993=ORIENTED_EDGE('',*,*,#3853,.F.);
#4994=ORIENTED_EDGE('',*,*,#3855,.F.);
#4995=ORIENTED_EDGE('',*,*,#3856,.T.);
#4996=ORIENTED_EDGE('',*,*,#3857,.F.);
#4997=ORIENTED_EDGE('',*,*,#3856,.F.);
#4998=ORIENTED_EDGE('',*,*,#3858,.F.);
#4999=ORIENTED_EDGE('',*,*,#3859,.T.);
#5000=ORIENTED_EDGE('',*,*,#3860,.F.);
#5001=ORIENTED_EDGE('',*,*,#3859,.F.);
#5002=ORIENTED_EDGE('',*,*,#3861,.F.);
#5003=ORIENTED_EDGE('',*,*,#3862,.T.);
#5004=ORIENTED_EDGE('',*,*,#3863,.F.);
#5005=ORIENTED_EDGE('',*,*,#3862,.F.);
#5006=ORIENTED_EDGE('',*,*,#3864,.F.);
#5007=ORIENTED_EDGE('',*,*,#3865,.T.);
#5008=ORIENTED_EDGE('',*,*,#3866,.F.);
#5009=ORIENTED_EDGE('',*,*,#3865,.F.);
#5010=ORIENTED_EDGE('',*,*,#3867,.F.);
#5011=ORIENTED_EDGE('',*,*,#3868,.T.);
#5012=ORIENTED_EDGE('',*,*,#3869,.F.);
#5013=ORIENTED_EDGE('',*,*,#3868,.F.);
#5014=ORIENTED_EDGE('',*,*,#3870,.F.);
#5015=ORIENTED_EDGE('',*,*,#3871,.T.);
#5016=ORIENTED_EDGE('',*,*,#3872,.F.);
#5017=ORIENTED_EDGE('',*,*,#3871,.F.);
#5018=ORIENTED_EDGE('',*,*,#3873,.F.);
#5019=ORIENTED_EDGE('',*,*,#3874,.T.);
#5020=ORIENTED_EDGE('',*,*,#3875,.F.);
#5021=ORIENTED_EDGE('',*,*,#3874,.F.);
#5022=ORIENTED_EDGE('',*,*,#3876,.F.);
#5023=ORIENTED_EDGE('',*,*,#3877,.T.);
#5024=ORIENTED_EDGE('',*,*,#3878,.F.);
#5025=ORIENTED_EDGE('',*,*,#3877,.F.);
#5026=ORIENTED_EDGE('',*,*,#3879,.F.);
#5027=ORIENTED_EDGE('',*,*,#3839,.T.);
#5028=ORIENTED_EDGE('',*,*,#3880,.F.);
#5029=ORIENTED_EDGE('',*,*,#3881,.F.);
#5030=ORIENTED_EDGE('',*,*,#3882,.F.);
#5031=ORIENTED_EDGE('',*,*,#3883,.T.);
#5032=ORIENTED_EDGE('',*,*,#3884,.F.);
#5033=ORIENTED_EDGE('',*,*,#3883,.F.);
#5034=ORIENTED_EDGE('',*,*,#3885,.F.);
#5035=ORIENTED_EDGE('',*,*,#3886,.T.);
#5036=ORIENTED_EDGE('',*,*,#3887,.F.);
#5037=ORIENTED_EDGE('',*,*,#3886,.F.);
#5038=ORIENTED_EDGE('',*,*,#3888,.F.);
#5039=ORIENTED_EDGE('',*,*,#3889,.T.);
#5040=ORIENTED_EDGE('',*,*,#3890,.F.);
#5041=ORIENTED_EDGE('',*,*,#3889,.F.);
#5042=ORIENTED_EDGE('',*,*,#3891,.F.);
#5043=ORIENTED_EDGE('',*,*,#3892,.T.);
#5044=ORIENTED_EDGE('',*,*,#3893,.F.);
#5045=ORIENTED_EDGE('',*,*,#3892,.F.);
#5046=ORIENTED_EDGE('',*,*,#3894,.F.);
#5047=ORIENTED_EDGE('',*,*,#3895,.T.);
#5048=ORIENTED_EDGE('',*,*,#3896,.F.);
#5049=ORIENTED_EDGE('',*,*,#3895,.F.);
#5050=ORIENTED_EDGE('',*,*,#3897,.F.);
#5051=ORIENTED_EDGE('',*,*,#3898,.T.);
#5052=ORIENTED_EDGE('',*,*,#3899,.F.);
#5053=ORIENTED_EDGE('',*,*,#3898,.F.);
#5054=ORIENTED_EDGE('',*,*,#3900,.F.);
#5055=ORIENTED_EDGE('',*,*,#3901,.T.);
#5056=ORIENTED_EDGE('',*,*,#3902,.F.);
#5057=ORIENTED_EDGE('',*,*,#3901,.F.);
#5058=ORIENTED_EDGE('',*,*,#3903,.F.);
#5059=ORIENTED_EDGE('',*,*,#3904,.T.);
#5060=ORIENTED_EDGE('',*,*,#3905,.F.);
#5061=ORIENTED_EDGE('',*,*,#3904,.F.);
#5062=ORIENTED_EDGE('',*,*,#3906,.F.);
#5063=ORIENTED_EDGE('',*,*,#3907,.T.);
#5064=ORIENTED_EDGE('',*,*,#3908,.F.);
#5065=ORIENTED_EDGE('',*,*,#3907,.F.);
#5066=ORIENTED_EDGE('',*,*,#3909,.F.);
#5067=ORIENTED_EDGE('',*,*,#3910,.T.);
#5068=ORIENTED_EDGE('',*,*,#3911,.F.);
#5069=ORIENTED_EDGE('',*,*,#3910,.F.);
#5070=ORIENTED_EDGE('',*,*,#3912,.F.);
#5071=ORIENTED_EDGE('',*,*,#3913,.T.);
#5072=ORIENTED_EDGE('',*,*,#3914,.F.);
#5073=ORIENTED_EDGE('',*,*,#3913,.F.);
#5074=ORIENTED_EDGE('',*,*,#3915,.F.);
#5075=ORIENTED_EDGE('',*,*,#3916,.T.);
#5076=ORIENTED_EDGE('',*,*,#3917,.F.);
#5077=ORIENTED_EDGE('',*,*,#3916,.F.);
#5078=ORIENTED_EDGE('',*,*,#3918,.F.);
#5079=ORIENTED_EDGE('',*,*,#3919,.T.);
#5080=ORIENTED_EDGE('',*,*,#3920,.F.);
#5081=ORIENTED_EDGE('',*,*,#3919,.F.);
#5082=ORIENTED_EDGE('',*,*,#3921,.F.);
#5083=ORIENTED_EDGE('',*,*,#3881,.T.);
#5084=ORIENTED_EDGE('',*,*,#3922,.F.);
#5085=ORIENTED_EDGE('',*,*,#3923,.F.);
#5086=ORIENTED_EDGE('',*,*,#3924,.F.);
#5087=ORIENTED_EDGE('',*,*,#3925,.T.);
#5088=ORIENTED_EDGE('',*,*,#3926,.F.);
#5089=ORIENTED_EDGE('',*,*,#3925,.F.);
#5090=ORIENTED_EDGE('',*,*,#3927,.F.);
#5091=ORIENTED_EDGE('',*,*,#3928,.T.);
#5092=ORIENTED_EDGE('',*,*,#3929,.F.);
#5093=ORIENTED_EDGE('',*,*,#3928,.F.);
#5094=ORIENTED_EDGE('',*,*,#3930,.F.);
#5095=ORIENTED_EDGE('',*,*,#3931,.T.);
#5096=ORIENTED_EDGE('',*,*,#3932,.F.);
#5097=ORIENTED_EDGE('',*,*,#3931,.F.);
#5098=ORIENTED_EDGE('',*,*,#3933,.F.);
#5099=ORIENTED_EDGE('',*,*,#3934,.T.);
#5100=ORIENTED_EDGE('',*,*,#3935,.F.);
#5101=ORIENTED_EDGE('',*,*,#3934,.F.);
#5102=ORIENTED_EDGE('',*,*,#3936,.F.);
#5103=ORIENTED_EDGE('',*,*,#3937,.T.);
#5104=ORIENTED_EDGE('',*,*,#3938,.F.);
#5105=ORIENTED_EDGE('',*,*,#3937,.F.);
#5106=ORIENTED_EDGE('',*,*,#3939,.F.);
#5107=ORIENTED_EDGE('',*,*,#3940,.T.);
#5108=ORIENTED_EDGE('',*,*,#3941,.F.);
#5109=ORIENTED_EDGE('',*,*,#3940,.F.);
#5110=ORIENTED_EDGE('',*,*,#3942,.F.);
#5111=ORIENTED_EDGE('',*,*,#3943,.T.);
#5112=ORIENTED_EDGE('',*,*,#3944,.F.);
#5113=ORIENTED_EDGE('',*,*,#3943,.F.);
#5114=ORIENTED_EDGE('',*,*,#3945,.F.);
#5115=ORIENTED_EDGE('',*,*,#3946,.T.);
#5116=ORIENTED_EDGE('',*,*,#3947,.F.);
#5117=ORIENTED_EDGE('',*,*,#3946,.F.);
#5118=ORIENTED_EDGE('',*,*,#3948,.F.);
#5119=ORIENTED_EDGE('',*,*,#3949,.T.);
#5120=ORIENTED_EDGE('',*,*,#3950,.F.);
#5121=ORIENTED_EDGE('',*,*,#3949,.F.);
#5122=ORIENTED_EDGE('',*,*,#3951,.F.);
#5123=ORIENTED_EDGE('',*,*,#3952,.T.);
#5124=ORIENTED_EDGE('',*,*,#3953,.F.);
#5125=ORIENTED_EDGE('',*,*,#3952,.F.);
#5126=ORIENTED_EDGE('',*,*,#3954,.F.);
#5127=ORIENTED_EDGE('',*,*,#3955,.T.);
#5128=ORIENTED_EDGE('',*,*,#3956,.F.);
#5129=ORIENTED_EDGE('',*,*,#3955,.F.);
#5130=ORIENTED_EDGE('',*,*,#3957,.F.);
#5131=ORIENTED_EDGE('',*,*,#3958,.T.);
#5132=ORIENTED_EDGE('',*,*,#3959,.F.);
#5133=ORIENTED_EDGE('',*,*,#3958,.F.);
#5134=ORIENTED_EDGE('',*,*,#3960,.F.);
#5135=ORIENTED_EDGE('',*,*,#3961,.T.);
#5136=ORIENTED_EDGE('',*,*,#3962,.F.);
#5137=ORIENTED_EDGE('',*,*,#3961,.F.);
#5138=ORIENTED_EDGE('',*,*,#3963,.F.);
#5139=ORIENTED_EDGE('',*,*,#3923,.T.);
#5140=ORIENTED_EDGE('',*,*,#3964,.F.);
#5141=ORIENTED_EDGE('',*,*,#3965,.F.);
#5142=ORIENTED_EDGE('',*,*,#3966,.F.);
#5143=ORIENTED_EDGE('',*,*,#3967,.T.);
#5144=ORIENTED_EDGE('',*,*,#3968,.F.);
#5145=ORIENTED_EDGE('',*,*,#3967,.F.);
#5146=ORIENTED_EDGE('',*,*,#3969,.F.);
#5147=ORIENTED_EDGE('',*,*,#3970,.T.);
#5148=ORIENTED_EDGE('',*,*,#3971,.F.);
#5149=ORIENTED_EDGE('',*,*,#3970,.F.);
#5150=ORIENTED_EDGE('',*,*,#3972,.F.);
#5151=ORIENTED_EDGE('',*,*,#3973,.T.);
#5152=ORIENTED_EDGE('',*,*,#3974,.F.);
#5153=ORIENTED_EDGE('',*,*,#3973,.F.);
#5154=ORIENTED_EDGE('',*,*,#3975,.F.);
#5155=ORIENTED_EDGE('',*,*,#3976,.T.);
#5156=ORIENTED_EDGE('',*,*,#3977,.F.);
#5157=ORIENTED_EDGE('',*,*,#3976,.F.);
#5158=ORIENTED_EDGE('',*,*,#3978,.F.);
#5159=ORIENTED_EDGE('',*,*,#3979,.T.);
#5160=ORIENTED_EDGE('',*,*,#3980,.F.);
#5161=ORIENTED_EDGE('',*,*,#3979,.F.);
#5162=ORIENTED_EDGE('',*,*,#3981,.F.);
#5163=ORIENTED_EDGE('',*,*,#3982,.T.);
#5164=ORIENTED_EDGE('',*,*,#3983,.F.);
#5165=ORIENTED_EDGE('',*,*,#3982,.F.);
#5166=ORIENTED_EDGE('',*,*,#3984,.F.);
#5167=ORIENTED_EDGE('',*,*,#3985,.T.);
#5168=ORIENTED_EDGE('',*,*,#3986,.F.);
#5169=ORIENTED_EDGE('',*,*,#3985,.F.);
#5170=ORIENTED_EDGE('',*,*,#3987,.F.);
#5171=ORIENTED_EDGE('',*,*,#3988,.T.);
#5172=ORIENTED_EDGE('',*,*,#3989,.F.);
#5173=ORIENTED_EDGE('',*,*,#3988,.F.);
#5174=ORIENTED_EDGE('',*,*,#3990,.F.);
#5175=ORIENTED_EDGE('',*,*,#3991,.T.);
#5176=ORIENTED_EDGE('',*,*,#3992,.F.);
#5177=ORIENTED_EDGE('',*,*,#3991,.F.);
#5178=ORIENTED_EDGE('',*,*,#3993,.F.);
#5179=ORIENTED_EDGE('',*,*,#3994,.T.);
#5180=ORIENTED_EDGE('',*,*,#3995,.F.);
#5181=ORIENTED_EDGE('',*,*,#3994,.F.);
#5182=ORIENTED_EDGE('',*,*,#3996,.F.);
#5183=ORIENTED_EDGE('',*,*,#3997,.T.);
#5184=ORIENTED_EDGE('',*,*,#3998,.F.);
#5185=ORIENTED_EDGE('',*,*,#3997,.F.);
#5186=ORIENTED_EDGE('',*,*,#3999,.F.);
#5187=ORIENTED_EDGE('',*,*,#4000,.T.);
#5188=ORIENTED_EDGE('',*,*,#4001,.F.);
#5189=ORIENTED_EDGE('',*,*,#4000,.F.);
#5190=ORIENTED_EDGE('',*,*,#4002,.F.);
#5191=ORIENTED_EDGE('',*,*,#4003,.T.);
#5192=ORIENTED_EDGE('',*,*,#4004,.F.);
#5193=ORIENTED_EDGE('',*,*,#4003,.F.);
#5194=ORIENTED_EDGE('',*,*,#4005,.F.);
#5195=ORIENTED_EDGE('',*,*,#3965,.T.);
#5196=ORIENTED_EDGE('',*,*,#4006,.F.);
#5197=ORIENTED_EDGE('',*,*,#4007,.F.);
#5198=ORIENTED_EDGE('',*,*,#4008,.F.);
#5199=ORIENTED_EDGE('',*,*,#4009,.T.);
#5200=ORIENTED_EDGE('',*,*,#4010,.F.);
#5201=ORIENTED_EDGE('',*,*,#4009,.F.);
#5202=ORIENTED_EDGE('',*,*,#4011,.F.);
#5203=ORIENTED_EDGE('',*,*,#4012,.T.);
#5204=ORIENTED_EDGE('',*,*,#4013,.F.);
#5205=ORIENTED_EDGE('',*,*,#4012,.F.);
#5206=ORIENTED_EDGE('',*,*,#4014,.F.);
#5207=ORIENTED_EDGE('',*,*,#4015,.T.);
#5208=ORIENTED_EDGE('',*,*,#4016,.F.);
#5209=ORIENTED_EDGE('',*,*,#4015,.F.);
#5210=ORIENTED_EDGE('',*,*,#4017,.F.);
#5211=ORIENTED_EDGE('',*,*,#4018,.T.);
#5212=ORIENTED_EDGE('',*,*,#4019,.F.);
#5213=ORIENTED_EDGE('',*,*,#4018,.F.);
#5214=ORIENTED_EDGE('',*,*,#4020,.F.);
#5215=ORIENTED_EDGE('',*,*,#4021,.T.);
#5216=ORIENTED_EDGE('',*,*,#4022,.F.);
#5217=ORIENTED_EDGE('',*,*,#4021,.F.);
#5218=ORIENTED_EDGE('',*,*,#4023,.F.);
#5219=ORIENTED_EDGE('',*,*,#4024,.T.);
#5220=ORIENTED_EDGE('',*,*,#4025,.F.);
#5221=ORIENTED_EDGE('',*,*,#4024,.F.);
#5222=ORIENTED_EDGE('',*,*,#4026,.F.);
#5223=ORIENTED_EDGE('',*,*,#4027,.T.);
#5224=ORIENTED_EDGE('',*,*,#4028,.F.);
#5225=ORIENTED_EDGE('',*,*,#4027,.F.);
#5226=ORIENTED_EDGE('',*,*,#4029,.F.);
#5227=ORIENTED_EDGE('',*,*,#4030,.T.);
#5228=ORIENTED_EDGE('',*,*,#4031,.F.);
#5229=ORIENTED_EDGE('',*,*,#4030,.F.);
#5230=ORIENTED_EDGE('',*,*,#4032,.F.);
#5231=ORIENTED_EDGE('',*,*,#4033,.T.);
#5232=ORIENTED_EDGE('',*,*,#4034,.F.);
#5233=ORIENTED_EDGE('',*,*,#4033,.F.);
#5234=ORIENTED_EDGE('',*,*,#4035,.F.);
#5235=ORIENTED_EDGE('',*,*,#4036,.T.);
#5236=ORIENTED_EDGE('',*,*,#4037,.F.);
#5237=ORIENTED_EDGE('',*,*,#4036,.F.);
#5238=ORIENTED_EDGE('',*,*,#4038,.F.);
#5239=ORIENTED_EDGE('',*,*,#4039,.T.);
#5240=ORIENTED_EDGE('',*,*,#4040,.F.);
#5241=ORIENTED_EDGE('',*,*,#4039,.F.);
#5242=ORIENTED_EDGE('',*,*,#4041,.F.);
#5243=ORIENTED_EDGE('',*,*,#4042,.T.);
#5244=ORIENTED_EDGE('',*,*,#4043,.F.);
#5245=ORIENTED_EDGE('',*,*,#4042,.F.);
#5246=ORIENTED_EDGE('',*,*,#4044,.F.);
#5247=ORIENTED_EDGE('',*,*,#4045,.T.);
#5248=ORIENTED_EDGE('',*,*,#4046,.F.);
#5249=ORIENTED_EDGE('',*,*,#4045,.F.);
#5250=ORIENTED_EDGE('',*,*,#4047,.F.);
#5251=ORIENTED_EDGE('',*,*,#4007,.T.);
#5252=ORIENTED_EDGE('',*,*,#4048,.F.);
#5253=ORIENTED_EDGE('',*,*,#4049,.T.);
#5254=ORIENTED_EDGE('',*,*,#4050,.T.);
#5255=ORIENTED_EDGE('',*,*,#4049,.F.);
#5256=ORIENTED_EDGE('',*,*,#4050,.F.);
#5257=ORIENTED_EDGE('',*,*,#4051,.F.);
#5258=ORIENTED_EDGE('',*,*,#4052,.T.);
#5259=ORIENTED_EDGE('',*,*,#4053,.T.);
#5260=ORIENTED_EDGE('',*,*,#4052,.F.);
#5261=ORIENTED_EDGE('',*,*,#4053,.F.);
#5262=ORIENTED_EDGE('',*,*,#4054,.F.);
#5263=ORIENTED_EDGE('',*,*,#4055,.T.);
#5264=ORIENTED_EDGE('',*,*,#4056,.T.);
#5265=ORIENTED_EDGE('',*,*,#4055,.F.);
#5266=ORIENTED_EDGE('',*,*,#4056,.F.);
#5267=ORIENTED_EDGE('',*,*,#4057,.F.);
#5268=ORIENTED_EDGE('',*,*,#4058,.T.);
#5269=ORIENTED_EDGE('',*,*,#4059,.T.);
#5270=ORIENTED_EDGE('',*,*,#4058,.F.);
#5271=ORIENTED_EDGE('',*,*,#4059,.F.);
#5272=ORIENTED_EDGE('',*,*,#4060,.F.);
#5273=ORIENTED_EDGE('',*,*,#4061,.T.);
#5274=ORIENTED_EDGE('',*,*,#4062,.T.);
#5275=ORIENTED_EDGE('',*,*,#4061,.F.);
#5276=ORIENTED_EDGE('',*,*,#4062,.F.);
#5277=ORIENTED_EDGE('',*,*,#4063,.F.);
#5278=ORIENTED_EDGE('',*,*,#4064,.T.);
#5279=ORIENTED_EDGE('',*,*,#4065,.T.);
#5280=ORIENTED_EDGE('',*,*,#4064,.F.);
#5281=ORIENTED_EDGE('',*,*,#4065,.F.);
#5282=ORIENTED_EDGE('',*,*,#4066,.F.);
#5283=ORIENTED_EDGE('',*,*,#4067,.T.);
#5284=ORIENTED_EDGE('',*,*,#4068,.T.);
#5285=ORIENTED_EDGE('',*,*,#4067,.F.);
#5286=ORIENTED_EDGE('',*,*,#4068,.F.);
#5287=ORIENTED_EDGE('',*,*,#4069,.F.);
#5288=ORIENTED_EDGE('',*,*,#4070,.T.);
#5289=ORIENTED_EDGE('',*,*,#4071,.T.);
#5290=ORIENTED_EDGE('',*,*,#4070,.F.);
#5291=ORIENTED_EDGE('',*,*,#4071,.F.);
#5292=ORIENTED_EDGE('',*,*,#4072,.F.);
#5293=ORIENTED_EDGE('',*,*,#4073,.T.);
#5294=ORIENTED_EDGE('',*,*,#4074,.T.);
#5295=ORIENTED_EDGE('',*,*,#4073,.F.);
#5296=ORIENTED_EDGE('',*,*,#4074,.F.);
#5297=ORIENTED_EDGE('',*,*,#4075,.F.);
#5298=ORIENTED_EDGE('',*,*,#4076,.T.);
#5299=ORIENTED_EDGE('',*,*,#4077,.T.);
#5300=ORIENTED_EDGE('',*,*,#4076,.F.);
#5301=ORIENTED_EDGE('',*,*,#4077,.F.);
#5302=ORIENTED_EDGE('',*,*,#4078,.F.);
#5303=ORIENTED_EDGE('',*,*,#4079,.T.);
#5304=ORIENTED_EDGE('',*,*,#4080,.F.);
#5305=ORIENTED_EDGE('',*,*,#4079,.F.);
#5306=ORIENTED_EDGE('',*,*,#4081,.F.);
#5307=ORIENTED_EDGE('',*,*,#4082,.T.);
#5308=ORIENTED_EDGE('',*,*,#4083,.F.);
#5309=ORIENTED_EDGE('',*,*,#4082,.F.);
#5310=ORIENTED_EDGE('',*,*,#4084,.F.);
#5311=ORIENTED_EDGE('',*,*,#4085,.T.);
#5312=ORIENTED_EDGE('',*,*,#4086,.F.);
#5313=ORIENTED_EDGE('',*,*,#4085,.F.);
#5314=ORIENTED_EDGE('',*,*,#4087,.F.);
#5315=ORIENTED_EDGE('',*,*,#4088,.T.);
#5316=ORIENTED_EDGE('',*,*,#4089,.F.);
#5317=ORIENTED_EDGE('',*,*,#4088,.F.);
#5318=ORIENTED_EDGE('',*,*,#4090,.F.);
#5319=ORIENTED_EDGE('',*,*,#4091,.T.);
#5320=ORIENTED_EDGE('',*,*,#4092,.F.);
#5321=ORIENTED_EDGE('',*,*,#4091,.F.);
#5322=ORIENTED_EDGE('',*,*,#4093,.F.);
#5323=ORIENTED_EDGE('',*,*,#4094,.T.);
#5324=ORIENTED_EDGE('',*,*,#4095,.F.);
#5325=ORIENTED_EDGE('',*,*,#4094,.F.);
#5326=ORIENTED_EDGE('',*,*,#4096,.F.);
#5327=ORIENTED_EDGE('',*,*,#4097,.T.);
#5328=ORIENTED_EDGE('',*,*,#4098,.F.);
#5329=ORIENTED_EDGE('',*,*,#4097,.F.);
#5330=ORIENTED_EDGE('',*,*,#4099,.F.);
#5331=ORIENTED_EDGE('',*,*,#4100,.T.);
#5332=ORIENTED_EDGE('',*,*,#4101,.F.);
#5333=ORIENTED_EDGE('',*,*,#4100,.F.);
#5334=ORIENTED_EDGE('',*,*,#4102,.F.);
#5335=ORIENTED_EDGE('',*,*,#4103,.T.);
#5336=ORIENTED_EDGE('',*,*,#4104,.F.);
#5337=ORIENTED_EDGE('',*,*,#4103,.F.);
#5338=ORIENTED_EDGE('',*,*,#4105,.F.);
#5339=ORIENTED_EDGE('',*,*,#4106,.T.);
#5340=ORIENTED_EDGE('',*,*,#4107,.F.);
#5341=ORIENTED_EDGE('',*,*,#4106,.F.);
#5342=ORIENTED_EDGE('',*,*,#4108,.F.);
#5343=ORIENTED_EDGE('',*,*,#4109,.T.);
#5344=ORIENTED_EDGE('',*,*,#4110,.F.);
#5345=ORIENTED_EDGE('',*,*,#4109,.F.);
#5346=ORIENTED_EDGE('',*,*,#4111,.F.);
#5347=ORIENTED_EDGE('',*,*,#4112,.T.);
#5348=ORIENTED_EDGE('',*,*,#4113,.F.);
#5349=ORIENTED_EDGE('',*,*,#4112,.F.);
#5350=ORIENTED_EDGE('',*,*,#4114,.F.);
#5351=ORIENTED_EDGE('',*,*,#4115,.T.);
#5352=ORIENTED_EDGE('',*,*,#4116,.F.);
#5353=ORIENTED_EDGE('',*,*,#4115,.F.);
#5354=ORIENTED_EDGE('',*,*,#4117,.F.);
#5355=ORIENTED_EDGE('',*,*,#4118,.T.);
#5356=ORIENTED_EDGE('',*,*,#4119,.F.);
#5357=ORIENTED_EDGE('',*,*,#4118,.F.);
#5358=ORIENTED_EDGE('',*,*,#4120,.F.);
#5359=ORIENTED_EDGE('',*,*,#4121,.T.);
#5360=ORIENTED_EDGE('',*,*,#4122,.F.);
#5361=ORIENTED_EDGE('',*,*,#4121,.F.);
#5362=ORIENTED_EDGE('',*,*,#4123,.F.);
#5363=ORIENTED_EDGE('',*,*,#4124,.T.);
#5364=ORIENTED_EDGE('',*,*,#4125,.F.);
#5365=ORIENTED_EDGE('',*,*,#4124,.F.);
#5366=ORIENTED_EDGE('',*,*,#4126,.F.);
#5367=ORIENTED_EDGE('',*,*,#4127,.T.);
#5368=ORIENTED_EDGE('',*,*,#4128,.F.);
#5369=ORIENTED_EDGE('',*,*,#4127,.F.);
#5370=ORIENTED_EDGE('',*,*,#4129,.F.);
#5371=ORIENTED_EDGE('',*,*,#4130,.T.);
#5372=ORIENTED_EDGE('',*,*,#4131,.F.);
#5373=ORIENTED_EDGE('',*,*,#4130,.F.);
#5374=ORIENTED_EDGE('',*,*,#4132,.F.);
#5375=ORIENTED_EDGE('',*,*,#4133,.T.);
#5376=ORIENTED_EDGE('',*,*,#4134,.F.);
#5377=ORIENTED_EDGE('',*,*,#4133,.F.);
#5378=ORIENTED_EDGE('',*,*,#4135,.F.);
#5379=ORIENTED_EDGE('',*,*,#4136,.T.);
#5380=ORIENTED_EDGE('',*,*,#4137,.F.);
#5381=ORIENTED_EDGE('',*,*,#4136,.F.);
#5382=ORIENTED_EDGE('',*,*,#4138,.F.);
#5383=ORIENTED_EDGE('',*,*,#4139,.T.);
#5384=ORIENTED_EDGE('',*,*,#4140,.F.);
#5385=ORIENTED_EDGE('',*,*,#4139,.F.);
#5386=ORIENTED_EDGE('',*,*,#4141,.F.);
#5387=ORIENTED_EDGE('',*,*,#4142,.T.);
#5388=ORIENTED_EDGE('',*,*,#4143,.F.);
#5389=ORIENTED_EDGE('',*,*,#4142,.F.);
#5390=ORIENTED_EDGE('',*,*,#4144,.F.);
#5391=ORIENTED_EDGE('',*,*,#4145,.T.);
#5392=ORIENTED_EDGE('',*,*,#4146,.F.);
#5393=ORIENTED_EDGE('',*,*,#4145,.F.);
#5394=ORIENTED_EDGE('',*,*,#4147,.F.);
#5395=ORIENTED_EDGE('',*,*,#4148,.T.);
#5396=ORIENTED_EDGE('',*,*,#4149,.F.);
#5397=ORIENTED_EDGE('',*,*,#4148,.F.);
#5398=ORIENTED_EDGE('',*,*,#4150,.F.);
#5399=ORIENTED_EDGE('',*,*,#4151,.T.);
#5400=ORIENTED_EDGE('',*,*,#4152,.F.);
#5401=ORIENTED_EDGE('',*,*,#4151,.F.);
#5402=ORIENTED_EDGE('',*,*,#4153,.F.);
#5403=ORIENTED_EDGE('',*,*,#4154,.T.);
#5404=ORIENTED_EDGE('',*,*,#4155,.F.);
#5405=ORIENTED_EDGE('',*,*,#4154,.F.);
#5406=ORIENTED_EDGE('',*,*,#4156,.F.);
#5407=ORIENTED_EDGE('',*,*,#4157,.T.);
#5408=ORIENTED_EDGE('',*,*,#4158,.F.);
#5409=ORIENTED_EDGE('',*,*,#4157,.F.);
#5410=ORIENTED_EDGE('',*,*,#4159,.F.);
#5411=ORIENTED_EDGE('',*,*,#4160,.T.);
#5412=ORIENTED_EDGE('',*,*,#4161,.F.);
#5413=ORIENTED_EDGE('',*,*,#4160,.F.);
#5414=ORIENTED_EDGE('',*,*,#4162,.F.);
#5415=ORIENTED_EDGE('',*,*,#4163,.T.);
#5416=ORIENTED_EDGE('',*,*,#4164,.F.);
#5417=ORIENTED_EDGE('',*,*,#4163,.F.);
#5418=ORIENTED_EDGE('',*,*,#4165,.F.);
#5419=ORIENTED_EDGE('',*,*,#4166,.T.);
#5420=ORIENTED_EDGE('',*,*,#4167,.F.);
#5421=ORIENTED_EDGE('',*,*,#4168,.F.);
#5422=ORIENTED_EDGE('',*,*,#4169,.F.);
#5423=ORIENTED_EDGE('',*,*,#4166,.F.);
#5424=ORIENTED_EDGE('',*,*,#4170,.F.);
#5425=ORIENTED_EDGE('',*,*,#4171,.T.);
#5426=ORIENTED_EDGE('',*,*,#4172,.F.);
#5427=ORIENTED_EDGE('',*,*,#4173,.F.);
#5428=ORIENTED_EDGE('',*,*,#4174,.F.);
#5429=ORIENTED_EDGE('',*,*,#4171,.F.);
#5430=ORIENTED_EDGE('',*,*,#4175,.F.);
#5431=ORIENTED_EDGE('',*,*,#4176,.T.);
#5432=ORIENTED_EDGE('',*,*,#4177,.F.);
#5433=ORIENTED_EDGE('',*,*,#4178,.F.);
#5434=ORIENTED_EDGE('',*,*,#4179,.F.);
#5435=ORIENTED_EDGE('',*,*,#4176,.F.);
#5436=ORIENTED_EDGE('',*,*,#4180,.F.);
#5437=ORIENTED_EDGE('',*,*,#4181,.T.);
#5438=ORIENTED_EDGE('',*,*,#4182,.F.);
#5439=ORIENTED_EDGE('',*,*,#4183,.F.);
#5440=ORIENTED_EDGE('',*,*,#4184,.F.);
#5441=ORIENTED_EDGE('',*,*,#4181,.F.);
#5442=ORIENTED_EDGE('',*,*,#4185,.F.);
#5443=ORIENTED_EDGE('',*,*,#4186,.T.);
#5444=ORIENTED_EDGE('',*,*,#4187,.F.);
#5445=ORIENTED_EDGE('',*,*,#4188,.F.);
#5446=ORIENTED_EDGE('',*,*,#4189,.F.);
#5447=ORIENTED_EDGE('',*,*,#4186,.F.);
#5448=ORIENTED_EDGE('',*,*,#4190,.F.);
#5449=ORIENTED_EDGE('',*,*,#4191,.T.);
#5450=ORIENTED_EDGE('',*,*,#4192,.F.);
#5451=ORIENTED_EDGE('',*,*,#4193,.F.);
#5452=ORIENTED_EDGE('',*,*,#4194,.F.);
#5453=ORIENTED_EDGE('',*,*,#4191,.F.);
#5454=ORIENTED_EDGE('',*,*,#4195,.F.);
#5455=ORIENTED_EDGE('',*,*,#4196,.T.);
#5456=ORIENTED_EDGE('',*,*,#4197,.F.);
#5457=ORIENTED_EDGE('',*,*,#4198,.F.);
#5458=ORIENTED_EDGE('',*,*,#4199,.F.);
#5459=ORIENTED_EDGE('',*,*,#4196,.F.);
#5460=ORIENTED_EDGE('',*,*,#4200,.F.);
#5461=ORIENTED_EDGE('',*,*,#4201,.T.);
#5462=ORIENTED_EDGE('',*,*,#4202,.F.);
#5463=ORIENTED_EDGE('',*,*,#4203,.F.);
#5464=ORIENTED_EDGE('',*,*,#4204,.F.);
#5465=ORIENTED_EDGE('',*,*,#4201,.F.);
#5466=ORIENTED_EDGE('',*,*,#4205,.F.);
#5467=ORIENTED_EDGE('',*,*,#4206,.T.);
#5468=ORIENTED_EDGE('',*,*,#4207,.F.);
#5469=ORIENTED_EDGE('',*,*,#4208,.F.);
#5470=ORIENTED_EDGE('',*,*,#4209,.F.);
#5471=ORIENTED_EDGE('',*,*,#4206,.F.);
#5472=ORIENTED_EDGE('',*,*,#4210,.F.);
#5473=ORIENTED_EDGE('',*,*,#4211,.T.);
#5474=ORIENTED_EDGE('',*,*,#4212,.F.);
#5475=ORIENTED_EDGE('',*,*,#4213,.F.);
#5476=ORIENTED_EDGE('',*,*,#4214,.F.);
#5477=ORIENTED_EDGE('',*,*,#4211,.F.);
#5478=ORIENTED_EDGE('',*,*,#4215,.F.);
#5479=ORIENTED_EDGE('',*,*,#4216,.T.);
#5480=ORIENTED_EDGE('',*,*,#4217,.F.);
#5481=ORIENTED_EDGE('',*,*,#4218,.F.);
#5482=ORIENTED_EDGE('',*,*,#4219,.F.);
#5483=ORIENTED_EDGE('',*,*,#4216,.F.);
#5484=ORIENTED_EDGE('',*,*,#4220,.F.);
#5485=ORIENTED_EDGE('',*,*,#4221,.T.);
#5486=ORIENTED_EDGE('',*,*,#4222,.F.);
#5487=ORIENTED_EDGE('',*,*,#4223,.F.);
#5488=ORIENTED_EDGE('',*,*,#4224,.F.);
#5489=ORIENTED_EDGE('',*,*,#4221,.F.);
#5490=ORIENTED_EDGE('',*,*,#4225,.F.);
#5491=ORIENTED_EDGE('',*,*,#4226,.T.);
#5492=ORIENTED_EDGE('',*,*,#4227,.F.);
#5493=ORIENTED_EDGE('',*,*,#4228,.F.);
#5494=ORIENTED_EDGE('',*,*,#4229,.F.);
#5495=ORIENTED_EDGE('',*,*,#4226,.F.);
#5496=ORIENTED_EDGE('',*,*,#4230,.F.);
#5497=ORIENTED_EDGE('',*,*,#4231,.T.);
#5498=ORIENTED_EDGE('',*,*,#4232,.F.);
#5499=ORIENTED_EDGE('',*,*,#4233,.F.);
#5500=ORIENTED_EDGE('',*,*,#4234,.F.);
#5501=ORIENTED_EDGE('',*,*,#4231,.F.);
#5502=ORIENTED_EDGE('',*,*,#4235,.F.);
#5503=ORIENTED_EDGE('',*,*,#4236,.T.);
#5504=ORIENTED_EDGE('',*,*,#4237,.F.);
#5505=ORIENTED_EDGE('',*,*,#4238,.F.);
#5506=ORIENTED_EDGE('',*,*,#4239,.F.);
#5507=ORIENTED_EDGE('',*,*,#4236,.F.);
#5508=ORIENTED_EDGE('',*,*,#4240,.F.);
#5509=ORIENTED_EDGE('',*,*,#4241,.T.);
#5510=ORIENTED_EDGE('',*,*,#4242,.F.);
#5511=ORIENTED_EDGE('',*,*,#4243,.F.);
#5512=ORIENTED_EDGE('',*,*,#4244,.F.);
#5513=ORIENTED_EDGE('',*,*,#4241,.F.);
#5514=ORIENTED_EDGE('',*,*,#4245,.F.);
#5515=ORIENTED_EDGE('',*,*,#4246,.T.);
#5516=ORIENTED_EDGE('',*,*,#4247,.F.);
#5517=ORIENTED_EDGE('',*,*,#4248,.F.);
#5518=ORIENTED_EDGE('',*,*,#4249,.F.);
#5519=ORIENTED_EDGE('',*,*,#4246,.F.);
#5520=ORIENTED_EDGE('',*,*,#4250,.F.);
#5521=ORIENTED_EDGE('',*,*,#4251,.T.);
#5522=ORIENTED_EDGE('',*,*,#4252,.F.);
#5523=ORIENTED_EDGE('',*,*,#4253,.F.);
#5524=ORIENTED_EDGE('',*,*,#4254,.F.);
#5525=ORIENTED_EDGE('',*,*,#4251,.F.);
#5526=ORIENTED_EDGE('',*,*,#4255,.F.);
#5527=ORIENTED_EDGE('',*,*,#4256,.T.);
#5528=ORIENTED_EDGE('',*,*,#4257,.F.);
#5529=ORIENTED_EDGE('',*,*,#4258,.F.);
#5530=ORIENTED_EDGE('',*,*,#4259,.F.);
#5531=ORIENTED_EDGE('',*,*,#4256,.F.);
#5532=ORIENTED_EDGE('',*,*,#4260,.F.);
#5533=ORIENTED_EDGE('',*,*,#4261,.T.);
#5534=ORIENTED_EDGE('',*,*,#4262,.F.);
#5535=ORIENTED_EDGE('',*,*,#4263,.F.);
#5536=ORIENTED_EDGE('',*,*,#4264,.F.);
#5537=ORIENTED_EDGE('',*,*,#4261,.F.);
#5538=ORIENTED_EDGE('',*,*,#4265,.F.);
#5539=ORIENTED_EDGE('',*,*,#4266,.T.);
#5540=ORIENTED_EDGE('',*,*,#4267,.F.);
#5541=ORIENTED_EDGE('',*,*,#4268,.F.);
#5542=ORIENTED_EDGE('',*,*,#4269,.F.);
#5543=ORIENTED_EDGE('',*,*,#4266,.F.);
#5544=ORIENTED_EDGE('',*,*,#4270,.T.);
#5545=ORIENTED_EDGE('',*,*,#4048,.T.);
#5546=ORIENTED_EDGE('',*,*,#4051,.T.);
#5547=ORIENTED_EDGE('',*,*,#4054,.T.);
#5548=ORIENTED_EDGE('',*,*,#4057,.T.);
#5549=ORIENTED_EDGE('',*,*,#4060,.T.);
#5550=ORIENTED_EDGE('',*,*,#4063,.T.);
#5551=ORIENTED_EDGE('',*,*,#4066,.T.);
#5552=ORIENTED_EDGE('',*,*,#4069,.T.);
#5553=ORIENTED_EDGE('',*,*,#4072,.T.);
#5554=ORIENTED_EDGE('',*,*,#4075,.T.);
#5555=ORIENTED_EDGE('',*,*,#4271,.T.);
#5556=ORIENTED_EDGE('',*,*,#4268,.T.);
#5557=ORIENTED_EDGE('',*,*,#4272,.T.);
#5558=ORIENTED_EDGE('',*,*,#4273,.T.);
#5559=ORIENTED_EDGE('',*,*,#4274,.T.);
#5560=ORIENTED_EDGE('',*,*,#4275,.T.);
#5561=ORIENTED_EDGE('',*,*,#4276,.T.);
#5562=ORIENTED_EDGE('',*,*,#4277,.T.);
#5563=ORIENTED_EDGE('',*,*,#4278,.T.);
#5564=ORIENTED_EDGE('',*,*,#4279,.T.);
#5565=ORIENTED_EDGE('',*,*,#4280,.T.);
#5566=ORIENTED_EDGE('',*,*,#4263,.T.);
#5567=ORIENTED_EDGE('',*,*,#4281,.T.);
#5568=ORIENTED_EDGE('',*,*,#4282,.T.);
#5569=ORIENTED_EDGE('',*,*,#4283,.T.);
#5570=ORIENTED_EDGE('',*,*,#4284,.T.);
#5571=ORIENTED_EDGE('',*,*,#4285,.T.);
#5572=ORIENTED_EDGE('',*,*,#4286,.T.);
#5573=ORIENTED_EDGE('',*,*,#4287,.T.);
#5574=ORIENTED_EDGE('',*,*,#4288,.T.);
#5575=ORIENTED_EDGE('',*,*,#4289,.T.);
#5576=ORIENTED_EDGE('',*,*,#4258,.T.);
#5577=ORIENTED_EDGE('',*,*,#4290,.T.);
#5578=ORIENTED_EDGE('',*,*,#4291,.T.);
#5579=ORIENTED_EDGE('',*,*,#4292,.T.);
#5580=ORIENTED_EDGE('',*,*,#4293,.T.);
#5581=ORIENTED_EDGE('',*,*,#4294,.T.);
#5582=ORIENTED_EDGE('',*,*,#4295,.T.);
#5583=ORIENTED_EDGE('',*,*,#4296,.T.);
#5584=ORIENTED_EDGE('',*,*,#4297,.T.);
#5585=ORIENTED_EDGE('',*,*,#4298,.T.);
#5586=ORIENTED_EDGE('',*,*,#4253,.T.);
#5587=ORIENTED_EDGE('',*,*,#4299,.T.);
#5588=ORIENTED_EDGE('',*,*,#4300,.T.);
#5589=ORIENTED_EDGE('',*,*,#4301,.T.);
#5590=ORIENTED_EDGE('',*,*,#4302,.T.);
#5591=ORIENTED_EDGE('',*,*,#4303,.T.);
#5592=ORIENTED_EDGE('',*,*,#4304,.T.);
#5593=ORIENTED_EDGE('',*,*,#4305,.T.);
#5594=ORIENTED_EDGE('',*,*,#4306,.T.);
#5595=ORIENTED_EDGE('',*,*,#4307,.T.);
#5596=ORIENTED_EDGE('',*,*,#4248,.T.);
#5597=ORIENTED_EDGE('',*,*,#4308,.T.);
#5598=ORIENTED_EDGE('',*,*,#4309,.T.);
#5599=ORIENTED_EDGE('',*,*,#4310,.T.);
#5600=ORIENTED_EDGE('',*,*,#4311,.T.);
#5601=ORIENTED_EDGE('',*,*,#4312,.T.);
#5602=ORIENTED_EDGE('',*,*,#4313,.T.);
#5603=ORIENTED_EDGE('',*,*,#4314,.T.);
#5604=ORIENTED_EDGE('',*,*,#4315,.T.);
#5605=ORIENTED_EDGE('',*,*,#4316,.T.);
#5606=ORIENTED_EDGE('',*,*,#4243,.T.);
#5607=ORIENTED_EDGE('',*,*,#4317,.T.);
#5608=ORIENTED_EDGE('',*,*,#4318,.T.);
#5609=ORIENTED_EDGE('',*,*,#4319,.T.);
#5610=ORIENTED_EDGE('',*,*,#4320,.T.);
#5611=ORIENTED_EDGE('',*,*,#4321,.T.);
#5612=ORIENTED_EDGE('',*,*,#4322,.T.);
#5613=ORIENTED_EDGE('',*,*,#4323,.T.);
#5614=ORIENTED_EDGE('',*,*,#4324,.T.);
#5615=ORIENTED_EDGE('',*,*,#4325,.T.);
#5616=ORIENTED_EDGE('',*,*,#4238,.T.);
#5617=ORIENTED_EDGE('',*,*,#4326,.T.);
#5618=ORIENTED_EDGE('',*,*,#4327,.T.);
#5619=ORIENTED_EDGE('',*,*,#4328,.T.);
#5620=ORIENTED_EDGE('',*,*,#4329,.T.);
#5621=ORIENTED_EDGE('',*,*,#4330,.T.);
#5622=ORIENTED_EDGE('',*,*,#4331,.T.);
#5623=ORIENTED_EDGE('',*,*,#4332,.T.);
#5624=ORIENTED_EDGE('',*,*,#4333,.T.);
#5625=ORIENTED_EDGE('',*,*,#4334,.T.);
#5626=ORIENTED_EDGE('',*,*,#4233,.T.);
#5627=ORIENTED_EDGE('',*,*,#4335,.T.);
#5628=ORIENTED_EDGE('',*,*,#4336,.T.);
#5629=ORIENTED_EDGE('',*,*,#4337,.T.);
#5630=ORIENTED_EDGE('',*,*,#4338,.T.);
#5631=ORIENTED_EDGE('',*,*,#4339,.T.);
#5632=ORIENTED_EDGE('',*,*,#4340,.T.);
#5633=ORIENTED_EDGE('',*,*,#4341,.T.);
#5634=ORIENTED_EDGE('',*,*,#4342,.T.);
#5635=ORIENTED_EDGE('',*,*,#4343,.T.);
#5636=ORIENTED_EDGE('',*,*,#4228,.T.);
#5637=ORIENTED_EDGE('',*,*,#4344,.T.);
#5638=ORIENTED_EDGE('',*,*,#4345,.T.);
#5639=ORIENTED_EDGE('',*,*,#4346,.T.);
#5640=ORIENTED_EDGE('',*,*,#4347,.T.);
#5641=ORIENTED_EDGE('',*,*,#4348,.T.);
#5642=ORIENTED_EDGE('',*,*,#4349,.T.);
#5643=ORIENTED_EDGE('',*,*,#4350,.T.);
#5644=ORIENTED_EDGE('',*,*,#4351,.T.);
#5645=ORIENTED_EDGE('',*,*,#4352,.T.);
#5646=ORIENTED_EDGE('',*,*,#4223,.T.);
#5647=ORIENTED_EDGE('',*,*,#4353,.T.);
#5648=ORIENTED_EDGE('',*,*,#4354,.T.);
#5649=ORIENTED_EDGE('',*,*,#4355,.T.);
#5650=ORIENTED_EDGE('',*,*,#4356,.T.);
#5651=ORIENTED_EDGE('',*,*,#4357,.T.);
#5652=ORIENTED_EDGE('',*,*,#4358,.T.);
#5653=ORIENTED_EDGE('',*,*,#4359,.T.);
#5654=ORIENTED_EDGE('',*,*,#4360,.T.);
#5655=ORIENTED_EDGE('',*,*,#4361,.T.);
#5656=ORIENTED_EDGE('',*,*,#4218,.T.);
#5657=ORIENTED_EDGE('',*,*,#4362,.T.);
#5658=ORIENTED_EDGE('',*,*,#4363,.T.);
#5659=ORIENTED_EDGE('',*,*,#4364,.T.);
#5660=ORIENTED_EDGE('',*,*,#4365,.T.);
#5661=ORIENTED_EDGE('',*,*,#4366,.T.);
#5662=ORIENTED_EDGE('',*,*,#4367,.T.);
#5663=ORIENTED_EDGE('',*,*,#4368,.T.);
#5664=ORIENTED_EDGE('',*,*,#4369,.T.);
#5665=ORIENTED_EDGE('',*,*,#4370,.T.);
#5666=ORIENTED_EDGE('',*,*,#4213,.T.);
#5667=ORIENTED_EDGE('',*,*,#4371,.T.);
#5668=ORIENTED_EDGE('',*,*,#4372,.T.);
#5669=ORIENTED_EDGE('',*,*,#4373,.T.);
#5670=ORIENTED_EDGE('',*,*,#4374,.T.);
#5671=ORIENTED_EDGE('',*,*,#4375,.T.);
#5672=ORIENTED_EDGE('',*,*,#4376,.T.);
#5673=ORIENTED_EDGE('',*,*,#4377,.T.);
#5674=ORIENTED_EDGE('',*,*,#4378,.T.);
#5675=ORIENTED_EDGE('',*,*,#4379,.T.);
#5676=ORIENTED_EDGE('',*,*,#4208,.T.);
#5677=ORIENTED_EDGE('',*,*,#4380,.T.);
#5678=ORIENTED_EDGE('',*,*,#4381,.T.);
#5679=ORIENTED_EDGE('',*,*,#4382,.T.);
#5680=ORIENTED_EDGE('',*,*,#4383,.T.);
#5681=ORIENTED_EDGE('',*,*,#4384,.T.);
#5682=ORIENTED_EDGE('',*,*,#4385,.T.);
#5683=ORIENTED_EDGE('',*,*,#4386,.T.);
#5684=ORIENTED_EDGE('',*,*,#4387,.T.);
#5685=ORIENTED_EDGE('',*,*,#4388,.T.);
#5686=ORIENTED_EDGE('',*,*,#4203,.T.);
#5687=ORIENTED_EDGE('',*,*,#4389,.T.);
#5688=ORIENTED_EDGE('',*,*,#4390,.T.);
#5689=ORIENTED_EDGE('',*,*,#4391,.T.);
#5690=ORIENTED_EDGE('',*,*,#4392,.T.);
#5691=ORIENTED_EDGE('',*,*,#4393,.T.);
#5692=ORIENTED_EDGE('',*,*,#4394,.T.);
#5693=ORIENTED_EDGE('',*,*,#4395,.T.);
#5694=ORIENTED_EDGE('',*,*,#4396,.T.);
#5695=ORIENTED_EDGE('',*,*,#4397,.T.);
#5696=ORIENTED_EDGE('',*,*,#4198,.T.);
#5697=ORIENTED_EDGE('',*,*,#4398,.T.);
#5698=ORIENTED_EDGE('',*,*,#4399,.T.);
#5699=ORIENTED_EDGE('',*,*,#4400,.T.);
#5700=ORIENTED_EDGE('',*,*,#4401,.T.);
#5701=ORIENTED_EDGE('',*,*,#4402,.T.);
#5702=ORIENTED_EDGE('',*,*,#4403,.T.);
#5703=ORIENTED_EDGE('',*,*,#4404,.T.);
#5704=ORIENTED_EDGE('',*,*,#4405,.T.);
#5705=ORIENTED_EDGE('',*,*,#4406,.T.);
#5706=ORIENTED_EDGE('',*,*,#4193,.T.);
#5707=ORIENTED_EDGE('',*,*,#4407,.T.);
#5708=ORIENTED_EDGE('',*,*,#4408,.T.);
#5709=ORIENTED_EDGE('',*,*,#4409,.T.);
#5710=ORIENTED_EDGE('',*,*,#4410,.T.);
#5711=ORIENTED_EDGE('',*,*,#4411,.T.);
#5712=ORIENTED_EDGE('',*,*,#4412,.T.);
#5713=ORIENTED_EDGE('',*,*,#4413,.T.);
#5714=ORIENTED_EDGE('',*,*,#4414,.T.);
#5715=ORIENTED_EDGE('',*,*,#4415,.T.);
#5716=ORIENTED_EDGE('',*,*,#4188,.T.);
#5717=ORIENTED_EDGE('',*,*,#4416,.T.);
#5718=ORIENTED_EDGE('',*,*,#4417,.T.);
#5719=ORIENTED_EDGE('',*,*,#4418,.T.);
#5720=ORIENTED_EDGE('',*,*,#4419,.T.);
#5721=ORIENTED_EDGE('',*,*,#4420,.T.);
#5722=ORIENTED_EDGE('',*,*,#4421,.T.);
#5723=ORIENTED_EDGE('',*,*,#4422,.T.);
#5724=ORIENTED_EDGE('',*,*,#4423,.T.);
#5725=ORIENTED_EDGE('',*,*,#4424,.T.);
#5726=ORIENTED_EDGE('',*,*,#4183,.T.);
#5727=ORIENTED_EDGE('',*,*,#4425,.T.);
#5728=ORIENTED_EDGE('',*,*,#4426,.T.);
#5729=ORIENTED_EDGE('',*,*,#4427,.T.);
#5730=ORIENTED_EDGE('',*,*,#4428,.T.);
#5731=ORIENTED_EDGE('',*,*,#4429,.T.);
#5732=ORIENTED_EDGE('',*,*,#4430,.T.);
#5733=ORIENTED_EDGE('',*,*,#4431,.T.);
#5734=ORIENTED_EDGE('',*,*,#4432,.T.);
#5735=ORIENTED_EDGE('',*,*,#4433,.T.);
#5736=ORIENTED_EDGE('',*,*,#4178,.T.);
#5737=ORIENTED_EDGE('',*,*,#4434,.T.);
#5738=ORIENTED_EDGE('',*,*,#4435,.T.);
#5739=ORIENTED_EDGE('',*,*,#4436,.T.);
#5740=ORIENTED_EDGE('',*,*,#4437,.T.);
#5741=ORIENTED_EDGE('',*,*,#4438,.T.);
#5742=ORIENTED_EDGE('',*,*,#4439,.T.);
#5743=ORIENTED_EDGE('',*,*,#4440,.T.);
#5744=ORIENTED_EDGE('',*,*,#4441,.T.);
#5745=ORIENTED_EDGE('',*,*,#4442,.T.);
#5746=ORIENTED_EDGE('',*,*,#4173,.T.);
#5747=ORIENTED_EDGE('',*,*,#4443,.T.);
#5748=ORIENTED_EDGE('',*,*,#4444,.T.);
#5749=ORIENTED_EDGE('',*,*,#4445,.T.);
#5750=ORIENTED_EDGE('',*,*,#4446,.T.);
#5751=ORIENTED_EDGE('',*,*,#4447,.T.);
#5752=ORIENTED_EDGE('',*,*,#4448,.T.);
#5753=ORIENTED_EDGE('',*,*,#4449,.T.);
#5754=ORIENTED_EDGE('',*,*,#4450,.T.);
#5755=ORIENTED_EDGE('',*,*,#4451,.T.);
#5756=ORIENTED_EDGE('',*,*,#4168,.T.);
#5757=ORIENTED_EDGE('',*,*,#4452,.T.);
#5758=ORIENTED_EDGE('',*,*,#4453,.T.);
#5759=ORIENTED_EDGE('',*,*,#4454,.T.);
#5760=ORIENTED_EDGE('',*,*,#4455,.T.);
#5761=ORIENTED_EDGE('',*,*,#4456,.T.);
#5762=ORIENTED_EDGE('',*,*,#4457,.T.);
#5763=ORIENTED_EDGE('',*,*,#4458,.T.);
#5764=ORIENTED_EDGE('',*,*,#4459,.T.);
#5765=ORIENTED_EDGE('',*,*,#4460,.T.);
#5766=ORIENTED_EDGE('',*,*,#4456,.F.);
#5767=ORIENTED_EDGE('',*,*,#4461,.T.);
#5768=ORIENTED_EDGE('',*,*,#4462,.T.);
#5769=ORIENTED_EDGE('',*,*,#4463,.F.);
#5770=ORIENTED_EDGE('',*,*,#4455,.F.);
#5771=ORIENTED_EDGE('',*,*,#4464,.T.);
#5772=ORIENTED_EDGE('',*,*,#4465,.T.);
#5773=ORIENTED_EDGE('',*,*,#4461,.F.);
#5774=ORIENTED_EDGE('',*,*,#4454,.F.);
#5775=ORIENTED_EDGE('',*,*,#4466,.T.);
#5776=ORIENTED_EDGE('',*,*,#4467,.T.);
#5777=ORIENTED_EDGE('',*,*,#4464,.F.);
#5778=ORIENTED_EDGE('',*,*,#4453,.F.);
#5779=ORIENTED_EDGE('',*,*,#4468,.T.);
#5780=ORIENTED_EDGE('',*,*,#4469,.T.);
#5781=ORIENTED_EDGE('',*,*,#4466,.F.);
#5782=ORIENTED_EDGE('',*,*,#4165,.T.);
#5783=ORIENTED_EDGE('',*,*,#4460,.F.);
#5784=ORIENTED_EDGE('',*,*,#4470,.T.);
#5785=ORIENTED_EDGE('',*,*,#4471,.T.);
#5786=ORIENTED_EDGE('',*,*,#4468,.F.);
#5787=ORIENTED_EDGE('',*,*,#4452,.F.);
#5788=ORIENTED_EDGE('',*,*,#4167,.T.);
#5789=ORIENTED_EDGE('',*,*,#4169,.T.);
#5790=ORIENTED_EDGE('',*,*,#4459,.F.);
#5791=ORIENTED_EDGE('',*,*,#4472,.T.);
#5792=ORIENTED_EDGE('',*,*,#4473,.T.);
#5793=ORIENTED_EDGE('',*,*,#4470,.F.);
#5794=ORIENTED_EDGE('',*,*,#4458,.F.);
#5795=ORIENTED_EDGE('',*,*,#4474,.T.);
#5796=ORIENTED_EDGE('',*,*,#4475,.T.);
#5797=ORIENTED_EDGE('',*,*,#4472,.F.);
#5798=ORIENTED_EDGE('',*,*,#4457,.F.);
#5799=ORIENTED_EDGE('',*,*,#4463,.T.);
#5800=ORIENTED_EDGE('',*,*,#4476,.T.);
#5801=ORIENTED_EDGE('',*,*,#4474,.F.);
#5802=ORIENTED_EDGE('',*,*,#4476,.F.);
#5803=ORIENTED_EDGE('',*,*,#4462,.F.);
#5804=ORIENTED_EDGE('',*,*,#4465,.F.);
#5805=ORIENTED_EDGE('',*,*,#4467,.F.);
#5806=ORIENTED_EDGE('',*,*,#4469,.F.);
#5807=ORIENTED_EDGE('',*,*,#4471,.F.);
#5808=ORIENTED_EDGE('',*,*,#4473,.F.);
#5809=ORIENTED_EDGE('',*,*,#4475,.F.);
#5810=ORIENTED_EDGE('',*,*,#4144,.T.);
#5811=ORIENTED_EDGE('',*,*,#4170,.T.);
#5812=ORIENTED_EDGE('',*,*,#4451,.F.);
#5813=ORIENTED_EDGE('',*,*,#4477,.T.);
#5814=ORIENTED_EDGE('',*,*,#4478,.T.);
#5815=ORIENTED_EDGE('',*,*,#4479,.F.);
#5816=ORIENTED_EDGE('',*,*,#4443,.F.);
#5817=ORIENTED_EDGE('',*,*,#4172,.T.);
#5818=ORIENTED_EDGE('',*,*,#4174,.T.);
#5819=ORIENTED_EDGE('',*,*,#4450,.F.);
#5820=ORIENTED_EDGE('',*,*,#4480,.T.);
#5821=ORIENTED_EDGE('',*,*,#4481,.T.);
#5822=ORIENTED_EDGE('',*,*,#4477,.F.);
#5823=ORIENTED_EDGE('',*,*,#4449,.F.);
#5824=ORIENTED_EDGE('',*,*,#4482,.T.);
#5825=ORIENTED_EDGE('',*,*,#4483,.T.);
#5826=ORIENTED_EDGE('',*,*,#4480,.F.);
#5827=ORIENTED_EDGE('',*,*,#4448,.F.);
#5828=ORIENTED_EDGE('',*,*,#4484,.T.);
#5829=ORIENTED_EDGE('',*,*,#4485,.T.);
#5830=ORIENTED_EDGE('',*,*,#4482,.F.);
#5831=ORIENTED_EDGE('',*,*,#4447,.F.);
#5832=ORIENTED_EDGE('',*,*,#4486,.T.);
#5833=ORIENTED_EDGE('',*,*,#4487,.T.);
#5834=ORIENTED_EDGE('',*,*,#4484,.F.);
#5835=ORIENTED_EDGE('',*,*,#4446,.F.);
#5836=ORIENTED_EDGE('',*,*,#4488,.T.);
#5837=ORIENTED_EDGE('',*,*,#4489,.T.);
#5838=ORIENTED_EDGE('',*,*,#4486,.F.);
#5839=ORIENTED_EDGE('',*,*,#4445,.F.);
#5840=ORIENTED_EDGE('',*,*,#4490,.T.);
#5841=ORIENTED_EDGE('',*,*,#4491,.T.);
#5842=ORIENTED_EDGE('',*,*,#4488,.F.);
#5843=ORIENTED_EDGE('',*,*,#4444,.F.);
#5844=ORIENTED_EDGE('',*,*,#4479,.T.);
#5845=ORIENTED_EDGE('',*,*,#4492,.T.);
#5846=ORIENTED_EDGE('',*,*,#4490,.F.);
#5847=ORIENTED_EDGE('',*,*,#4492,.F.);
#5848=ORIENTED_EDGE('',*,*,#4478,.F.);
#5849=ORIENTED_EDGE('',*,*,#4481,.F.);
#5850=ORIENTED_EDGE('',*,*,#4483,.F.);
#5851=ORIENTED_EDGE('',*,*,#4485,.F.);
#5852=ORIENTED_EDGE('',*,*,#4487,.F.);
#5853=ORIENTED_EDGE('',*,*,#4489,.F.);
#5854=ORIENTED_EDGE('',*,*,#4491,.F.);
#5855=ORIENTED_EDGE('',*,*,#4162,.T.);
#5856=ORIENTED_EDGE('',*,*,#4436,.F.);
#5857=ORIENTED_EDGE('',*,*,#4493,.T.);
#5858=ORIENTED_EDGE('',*,*,#4494,.T.);
#5859=ORIENTED_EDGE('',*,*,#4495,.F.);
#5860=ORIENTED_EDGE('',*,*,#4435,.F.);
#5861=ORIENTED_EDGE('',*,*,#4496,.T.);
#5862=ORIENTED_EDGE('',*,*,#4497,.T.);
#5863=ORIENTED_EDGE('',*,*,#4493,.F.);
#5864=ORIENTED_EDGE('',*,*,#4175,.T.);
#5865=ORIENTED_EDGE('',*,*,#4442,.F.);
#5866=ORIENTED_EDGE('',*,*,#4498,.T.);
#5867=ORIENTED_EDGE('',*,*,#4499,.T.);
#5868=ORIENTED_EDGE('',*,*,#4496,.F.);
#5869=ORIENTED_EDGE('',*,*,#4434,.F.);
#5870=ORIENTED_EDGE('',*,*,#4177,.T.);
#5871=ORIENTED_EDGE('',*,*,#4179,.T.);
#5872=ORIENTED_EDGE('',*,*,#4441,.F.);
#5873=ORIENTED_EDGE('',*,*,#4500,.T.);
#5874=ORIENTED_EDGE('',*,*,#4501,.T.);
#5875=ORIENTED_EDGE('',*,*,#4498,.F.);
#5876=ORIENTED_EDGE('',*,*,#4440,.F.);
#5877=ORIENTED_EDGE('',*,*,#4502,.T.);
#5878=ORIENTED_EDGE('',*,*,#4503,.T.);
#5879=ORIENTED_EDGE('',*,*,#4500,.F.);
#5880=ORIENTED_EDGE('',*,*,#4439,.F.);
#5881=ORIENTED_EDGE('',*,*,#4504,.T.);
#5882=ORIENTED_EDGE('',*,*,#4505,.T.);
#5883=ORIENTED_EDGE('',*,*,#4502,.F.);
#5884=ORIENTED_EDGE('',*,*,#4438,.F.);
#5885=ORIENTED_EDGE('',*,*,#4506,.T.);
#5886=ORIENTED_EDGE('',*,*,#4507,.T.);
#5887=ORIENTED_EDGE('',*,*,#4504,.F.);
#5888=ORIENTED_EDGE('',*,*,#4437,.F.);
#5889=ORIENTED_EDGE('',*,*,#4495,.T.);
#5890=ORIENTED_EDGE('',*,*,#4508,.T.);
#5891=ORIENTED_EDGE('',*,*,#4506,.F.);
#5892=ORIENTED_EDGE('',*,*,#4508,.F.);
#5893=ORIENTED_EDGE('',*,*,#4494,.F.);
#5894=ORIENTED_EDGE('',*,*,#4497,.F.);
#5895=ORIENTED_EDGE('',*,*,#4499,.F.);
#5896=ORIENTED_EDGE('',*,*,#4501,.F.);
#5897=ORIENTED_EDGE('',*,*,#4503,.F.);
#5898=ORIENTED_EDGE('',*,*,#4505,.F.);
#5899=ORIENTED_EDGE('',*,*,#4507,.F.);
#5900=ORIENTED_EDGE('',*,*,#4159,.T.);
#5901=ORIENTED_EDGE('',*,*,#4428,.F.);
#5902=ORIENTED_EDGE('',*,*,#4509,.T.);
#5903=ORIENTED_EDGE('',*,*,#4510,.T.);
#5904=ORIENTED_EDGE('',*,*,#4511,.F.);
#5905=ORIENTED_EDGE('',*,*,#4427,.F.);
#5906=ORIENTED_EDGE('',*,*,#4512,.T.);
#5907=ORIENTED_EDGE('',*,*,#4513,.T.);
#5908=ORIENTED_EDGE('',*,*,#4509,.F.);
#5909=ORIENTED_EDGE('',*,*,#4426,.F.);
#5910=ORIENTED_EDGE('',*,*,#4514,.T.);
#5911=ORIENTED_EDGE('',*,*,#4515,.T.);
#5912=ORIENTED_EDGE('',*,*,#4512,.F.);
#5913=ORIENTED_EDGE('',*,*,#4180,.T.);
#5914=ORIENTED_EDGE('',*,*,#4433,.F.);
#5915=ORIENTED_EDGE('',*,*,#4516,.T.);
#5916=ORIENTED_EDGE('',*,*,#4517,.T.);
#5917=ORIENTED_EDGE('',*,*,#4514,.F.);
#5918=ORIENTED_EDGE('',*,*,#4425,.F.);
#5919=ORIENTED_EDGE('',*,*,#4182,.T.);
#5920=ORIENTED_EDGE('',*,*,#4184,.T.);
#5921=ORIENTED_EDGE('',*,*,#4432,.F.);
#5922=ORIENTED_EDGE('',*,*,#4518,.T.);
#5923=ORIENTED_EDGE('',*,*,#4519,.T.);
#5924=ORIENTED_EDGE('',*,*,#4516,.F.);
#5925=ORIENTED_EDGE('',*,*,#4431,.F.);
#5926=ORIENTED_EDGE('',*,*,#4520,.T.);
#5927=ORIENTED_EDGE('',*,*,#4521,.T.);
#5928=ORIENTED_EDGE('',*,*,#4518,.F.);
#5929=ORIENTED_EDGE('',*,*,#4430,.F.);
#5930=ORIENTED_EDGE('',*,*,#4522,.T.);
#5931=ORIENTED_EDGE('',*,*,#4523,.T.);
#5932=ORIENTED_EDGE('',*,*,#4520,.F.);
#5933=ORIENTED_EDGE('',*,*,#4429,.F.);
#5934=ORIENTED_EDGE('',*,*,#4511,.T.);
#5935=ORIENTED_EDGE('',*,*,#4524,.T.);
#5936=ORIENTED_EDGE('',*,*,#4522,.F.);
#5937=ORIENTED_EDGE('',*,*,#4524,.F.);
#5938=ORIENTED_EDGE('',*,*,#4510,.F.);
#5939=ORIENTED_EDGE('',*,*,#4513,.F.);
#5940=ORIENTED_EDGE('',*,*,#4515,.F.);
#5941=ORIENTED_EDGE('',*,*,#4517,.F.);
#5942=ORIENTED_EDGE('',*,*,#4519,.F.);
#5943=ORIENTED_EDGE('',*,*,#4521,.F.);
#5944=ORIENTED_EDGE('',*,*,#4523,.F.);
#5945=ORIENTED_EDGE('',*,*,#4156,.T.);
#5946=ORIENTED_EDGE('',*,*,#4419,.F.);
#5947=ORIENTED_EDGE('',*,*,#4525,.T.);
#5948=ORIENTED_EDGE('',*,*,#4526,.T.);
#5949=ORIENTED_EDGE('',*,*,#4527,.F.);
#5950=ORIENTED_EDGE('',*,*,#4418,.F.);
#5951=ORIENTED_EDGE('',*,*,#4528,.T.);
#5952=ORIENTED_EDGE('',*,*,#4529,.T.);
#5953=ORIENTED_EDGE('',*,*,#4525,.F.);
#5954=ORIENTED_EDGE('',*,*,#4417,.F.);
#5955=ORIENTED_EDGE('',*,*,#4530,.T.);
#5956=ORIENTED_EDGE('',*,*,#4531,.T.);
#5957=ORIENTED_EDGE('',*,*,#4528,.F.);
#5958=ORIENTED_EDGE('',*,*,#4185,.T.);
#5959=ORIENTED_EDGE('',*,*,#4424,.F.);
#5960=ORIENTED_EDGE('',*,*,#4532,.T.);
#5961=ORIENTED_EDGE('',*,*,#4533,.T.);
#5962=ORIENTED_EDGE('',*,*,#4530,.F.);
#5963=ORIENTED_EDGE('',*,*,#4416,.F.);
#5964=ORIENTED_EDGE('',*,*,#4187,.T.);
#5965=ORIENTED_EDGE('',*,*,#4189,.T.);
#5966=ORIENTED_EDGE('',*,*,#4423,.F.);
#5967=ORIENTED_EDGE('',*,*,#4534,.T.);
#5968=ORIENTED_EDGE('',*,*,#4535,.T.);
#5969=ORIENTED_EDGE('',*,*,#4532,.F.);
#5970=ORIENTED_EDGE('',*,*,#4422,.F.);
#5971=ORIENTED_EDGE('',*,*,#4536,.T.);
#5972=ORIENTED_EDGE('',*,*,#4537,.T.);
#5973=ORIENTED_EDGE('',*,*,#4534,.F.);
#5974=ORIENTED_EDGE('',*,*,#4421,.F.);
#5975=ORIENTED_EDGE('',*,*,#4538,.T.);
#5976=ORIENTED_EDGE('',*,*,#4539,.T.);
#5977=ORIENTED_EDGE('',*,*,#4536,.F.);
#5978=ORIENTED_EDGE('',*,*,#4420,.F.);
#5979=ORIENTED_EDGE('',*,*,#4527,.T.);
#5980=ORIENTED_EDGE('',*,*,#4540,.T.);
#5981=ORIENTED_EDGE('',*,*,#4538,.F.);
#5982=ORIENTED_EDGE('',*,*,#4540,.F.);
#5983=ORIENTED_EDGE('',*,*,#4526,.F.);
#5984=ORIENTED_EDGE('',*,*,#4529,.F.);
#5985=ORIENTED_EDGE('',*,*,#4531,.F.);
#5986=ORIENTED_EDGE('',*,*,#4533,.F.);
#5987=ORIENTED_EDGE('',*,*,#4535,.F.);
#5988=ORIENTED_EDGE('',*,*,#4537,.F.);
#5989=ORIENTED_EDGE('',*,*,#4539,.F.);
#5990=ORIENTED_EDGE('',*,*,#4153,.T.);
#5991=ORIENTED_EDGE('',*,*,#4411,.F.);
#5992=ORIENTED_EDGE('',*,*,#4541,.T.);
#5993=ORIENTED_EDGE('',*,*,#4542,.T.);
#5994=ORIENTED_EDGE('',*,*,#4543,.F.);
#5995=ORIENTED_EDGE('',*,*,#4410,.F.);
#5996=ORIENTED_EDGE('',*,*,#4544,.T.);
#5997=ORIENTED_EDGE('',*,*,#4545,.T.);
#5998=ORIENTED_EDGE('',*,*,#4541,.F.);
#5999=ORIENTED_EDGE('',*,*,#4409,.F.);
#6000=ORIENTED_EDGE('',*,*,#4546,.T.);
#6001=ORIENTED_EDGE('',*,*,#4547,.T.);
#6002=ORIENTED_EDGE('',*,*,#4544,.F.);
#6003=ORIENTED_EDGE('',*,*,#4408,.F.);
#6004=ORIENTED_EDGE('',*,*,#4548,.T.);
#6005=ORIENTED_EDGE('',*,*,#4549,.T.);
#6006=ORIENTED_EDGE('',*,*,#4546,.F.);
#6007=ORIENTED_EDGE('',*,*,#4190,.T.);
#6008=ORIENTED_EDGE('',*,*,#4415,.F.);
#6009=ORIENTED_EDGE('',*,*,#4550,.T.);
#6010=ORIENTED_EDGE('',*,*,#4551,.T.);
#6011=ORIENTED_EDGE('',*,*,#4548,.F.);
#6012=ORIENTED_EDGE('',*,*,#4407,.F.);
#6013=ORIENTED_EDGE('',*,*,#4192,.T.);
#6014=ORIENTED_EDGE('',*,*,#4194,.T.);
#6015=ORIENTED_EDGE('',*,*,#4414,.F.);
#6016=ORIENTED_EDGE('',*,*,#4552,.T.);
#6017=ORIENTED_EDGE('',*,*,#4553,.T.);
#6018=ORIENTED_EDGE('',*,*,#4550,.F.);
#6019=ORIENTED_EDGE('',*,*,#4413,.F.);
#6020=ORIENTED_EDGE('',*,*,#4554,.T.);
#6021=ORIENTED_EDGE('',*,*,#4555,.T.);
#6022=ORIENTED_EDGE('',*,*,#4552,.F.);
#6023=ORIENTED_EDGE('',*,*,#4412,.F.);
#6024=ORIENTED_EDGE('',*,*,#4543,.T.);
#6025=ORIENTED_EDGE('',*,*,#4556,.T.);
#6026=ORIENTED_EDGE('',*,*,#4554,.F.);
#6027=ORIENTED_EDGE('',*,*,#4556,.F.);
#6028=ORIENTED_EDGE('',*,*,#4542,.F.);
#6029=ORIENTED_EDGE('',*,*,#4545,.F.);
#6030=ORIENTED_EDGE('',*,*,#4547,.F.);
#6031=ORIENTED_EDGE('',*,*,#4549,.F.);
#6032=ORIENTED_EDGE('',*,*,#4551,.F.);
#6033=ORIENTED_EDGE('',*,*,#4553,.F.);
#6034=ORIENTED_EDGE('',*,*,#4555,.F.);
#6035=ORIENTED_EDGE('',*,*,#4141,.T.);
#6036=ORIENTED_EDGE('',*,*,#4402,.F.);
#6037=ORIENTED_EDGE('',*,*,#4557,.T.);
#6038=ORIENTED_EDGE('',*,*,#4558,.T.);
#6039=ORIENTED_EDGE('',*,*,#4559,.F.);
#6040=ORIENTED_EDGE('',*,*,#4401,.F.);
#6041=ORIENTED_EDGE('',*,*,#4560,.T.);
#6042=ORIENTED_EDGE('',*,*,#4561,.T.);
#6043=ORIENTED_EDGE('',*,*,#4557,.F.);
#6044=ORIENTED_EDGE('',*,*,#4400,.F.);
#6045=ORIENTED_EDGE('',*,*,#4562,.T.);
#6046=ORIENTED_EDGE('',*,*,#4563,.T.);
#6047=ORIENTED_EDGE('',*,*,#4560,.F.);
#6048=ORIENTED_EDGE('',*,*,#4399,.F.);
#6049=ORIENTED_EDGE('',*,*,#4564,.T.);
#6050=ORIENTED_EDGE('',*,*,#4565,.T.);
#6051=ORIENTED_EDGE('',*,*,#4562,.F.);
#6052=ORIENTED_EDGE('',*,*,#4195,.T.);
#6053=ORIENTED_EDGE('',*,*,#4406,.F.);
#6054=ORIENTED_EDGE('',*,*,#4566,.T.);
#6055=ORIENTED_EDGE('',*,*,#4567,.T.);
#6056=ORIENTED_EDGE('',*,*,#4564,.F.);
#6057=ORIENTED_EDGE('',*,*,#4398,.F.);
#6058=ORIENTED_EDGE('',*,*,#4197,.T.);
#6059=ORIENTED_EDGE('',*,*,#4199,.T.);
#6060=ORIENTED_EDGE('',*,*,#4405,.F.);
#6061=ORIENTED_EDGE('',*,*,#4568,.T.);
#6062=ORIENTED_EDGE('',*,*,#4569,.T.);
#6063=ORIENTED_EDGE('',*,*,#4566,.F.);
#6064=ORIENTED_EDGE('',*,*,#4404,.F.);
#6065=ORIENTED_EDGE('',*,*,#4570,.T.);
#6066=ORIENTED_EDGE('',*,*,#4571,.T.);
#6067=ORIENTED_EDGE('',*,*,#4568,.F.);
#6068=ORIENTED_EDGE('',*,*,#4403,.F.);
#6069=ORIENTED_EDGE('',*,*,#4559,.T.);
#6070=ORIENTED_EDGE('',*,*,#4572,.T.);
#6071=ORIENTED_EDGE('',*,*,#4570,.F.);
#6072=ORIENTED_EDGE('',*,*,#4572,.F.);
#6073=ORIENTED_EDGE('',*,*,#4558,.F.);
#6074=ORIENTED_EDGE('',*,*,#4561,.F.);
#6075=ORIENTED_EDGE('',*,*,#4563,.F.);
#6076=ORIENTED_EDGE('',*,*,#4565,.F.);
#6077=ORIENTED_EDGE('',*,*,#4567,.F.);
#6078=ORIENTED_EDGE('',*,*,#4569,.F.);
#6079=ORIENTED_EDGE('',*,*,#4571,.F.);
#6080=ORIENTED_EDGE('',*,*,#4138,.T.);
#6081=ORIENTED_EDGE('',*,*,#4391,.F.);
#6082=ORIENTED_EDGE('',*,*,#4573,.T.);
#6083=ORIENTED_EDGE('',*,*,#4574,.T.);
#6084=ORIENTED_EDGE('',*,*,#4575,.F.);
#6085=ORIENTED_EDGE('',*,*,#4390,.F.);
#6086=ORIENTED_EDGE('',*,*,#4576,.T.);
#6087=ORIENTED_EDGE('',*,*,#4577,.T.);
#6088=ORIENTED_EDGE('',*,*,#4573,.F.);
#6089=ORIENTED_EDGE('',*,*,#4200,.T.);
#6090=ORIENTED_EDGE('',*,*,#4397,.F.);
#6091=ORIENTED_EDGE('',*,*,#4578,.T.);
#6092=ORIENTED_EDGE('',*,*,#4579,.T.);
#6093=ORIENTED_EDGE('',*,*,#4576,.F.);
#6094=ORIENTED_EDGE('',*,*,#4389,.F.);
#6095=ORIENTED_EDGE('',*,*,#4202,.T.);
#6096=ORIENTED_EDGE('',*,*,#4204,.T.);
#6097=ORIENTED_EDGE('',*,*,#4396,.F.);
#6098=ORIENTED_EDGE('',*,*,#4580,.T.);
#6099=ORIENTED_EDGE('',*,*,#4581,.T.);
#6100=ORIENTED_EDGE('',*,*,#4578,.F.);
#6101=ORIENTED_EDGE('',*,*,#4395,.F.);
#6102=ORIENTED_EDGE('',*,*,#4582,.T.);
#6103=ORIENTED_EDGE('',*,*,#4583,.T.);
#6104=ORIENTED_EDGE('',*,*,#4580,.F.);
#6105=ORIENTED_EDGE('',*,*,#4394,.F.);
#6106=ORIENTED_EDGE('',*,*,#4584,.T.);
#6107=ORIENTED_EDGE('',*,*,#4585,.T.);
#6108=ORIENTED_EDGE('',*,*,#4582,.F.);
#6109=ORIENTED_EDGE('',*,*,#4393,.F.);
#6110=ORIENTED_EDGE('',*,*,#4586,.T.);
#6111=ORIENTED_EDGE('',*,*,#4587,.T.);
#6112=ORIENTED_EDGE('',*,*,#4584,.F.);
#6113=ORIENTED_EDGE('',*,*,#4392,.F.);
#6114=ORIENTED_EDGE('',*,*,#4575,.T.);
#6115=ORIENTED_EDGE('',*,*,#4588,.T.);
#6116=ORIENTED_EDGE('',*,*,#4586,.F.);
#6117=ORIENTED_EDGE('',*,*,#4588,.F.);
#6118=ORIENTED_EDGE('',*,*,#4574,.F.);
#6119=ORIENTED_EDGE('',*,*,#4577,.F.);
#6120=ORIENTED_EDGE('',*,*,#4579,.F.);
#6121=ORIENTED_EDGE('',*,*,#4581,.F.);
#6122=ORIENTED_EDGE('',*,*,#4583,.F.);
#6123=ORIENTED_EDGE('',*,*,#4585,.F.);
#6124=ORIENTED_EDGE('',*,*,#4587,.F.);
#6125=ORIENTED_EDGE('',*,*,#4135,.T.);
#6126=ORIENTED_EDGE('',*,*,#4381,.F.);
#6127=ORIENTED_EDGE('',*,*,#4589,.T.);
#6128=ORIENTED_EDGE('',*,*,#4590,.T.);
#6129=ORIENTED_EDGE('',*,*,#4591,.F.);
#6130=ORIENTED_EDGE('',*,*,#4205,.T.);
#6131=ORIENTED_EDGE('',*,*,#4388,.F.);
#6132=ORIENTED_EDGE('',*,*,#4592,.T.);
#6133=ORIENTED_EDGE('',*,*,#4593,.T.);
#6134=ORIENTED_EDGE('',*,*,#4589,.F.);
#6135=ORIENTED_EDGE('',*,*,#4380,.F.);
#6136=ORIENTED_EDGE('',*,*,#4207,.T.);
#6137=ORIENTED_EDGE('',*,*,#4209,.T.);
#6138=ORIENTED_EDGE('',*,*,#4387,.F.);
#6139=ORIENTED_EDGE('',*,*,#4594,.T.);
#6140=ORIENTED_EDGE('',*,*,#4595,.T.);
#6141=ORIENTED_EDGE('',*,*,#4592,.F.);
#6142=ORIENTED_EDGE('',*,*,#4386,.F.);
#6143=ORIENTED_EDGE('',*,*,#4596,.T.);
#6144=ORIENTED_EDGE('',*,*,#4597,.T.);
#6145=ORIENTED_EDGE('',*,*,#4594,.F.);
#6146=ORIENTED_EDGE('',*,*,#4385,.F.);
#6147=ORIENTED_EDGE('',*,*,#4598,.T.);
#6148=ORIENTED_EDGE('',*,*,#4599,.T.);
#6149=ORIENTED_EDGE('',*,*,#4596,.F.);
#6150=ORIENTED_EDGE('',*,*,#4384,.F.);
#6151=ORIENTED_EDGE('',*,*,#4600,.T.);
#6152=ORIENTED_EDGE('',*,*,#4601,.T.);
#6153=ORIENTED_EDGE('',*,*,#4598,.F.);
#6154=ORIENTED_EDGE('',*,*,#4383,.F.);
#6155=ORIENTED_EDGE('',*,*,#4602,.T.);
#6156=ORIENTED_EDGE('',*,*,#4603,.T.);
#6157=ORIENTED_EDGE('',*,*,#4600,.F.);
#6158=ORIENTED_EDGE('',*,*,#4382,.F.);
#6159=ORIENTED_EDGE('',*,*,#4591,.T.);
#6160=ORIENTED_EDGE('',*,*,#4604,.T.);
#6161=ORIENTED_EDGE('',*,*,#4602,.F.);
#6162=ORIENTED_EDGE('',*,*,#4604,.F.);
#6163=ORIENTED_EDGE('',*,*,#4590,.F.);
#6164=ORIENTED_EDGE('',*,*,#4593,.F.);
#6165=ORIENTED_EDGE('',*,*,#4595,.F.);
#6166=ORIENTED_EDGE('',*,*,#4597,.F.);
#6167=ORIENTED_EDGE('',*,*,#4599,.F.);
#6168=ORIENTED_EDGE('',*,*,#4601,.F.);
#6169=ORIENTED_EDGE('',*,*,#4603,.F.);
#6170=ORIENTED_EDGE('',*,*,#4132,.T.);
#6171=ORIENTED_EDGE('',*,*,#4210,.T.);
#6172=ORIENTED_EDGE('',*,*,#4379,.F.);
#6173=ORIENTED_EDGE('',*,*,#4605,.T.);
#6174=ORIENTED_EDGE('',*,*,#4606,.T.);
#6175=ORIENTED_EDGE('',*,*,#4607,.F.);
#6176=ORIENTED_EDGE('',*,*,#4371,.F.);
#6177=ORIENTED_EDGE('',*,*,#4212,.T.);
#6178=ORIENTED_EDGE('',*,*,#4214,.T.);
#6179=ORIENTED_EDGE('',*,*,#4378,.F.);
#6180=ORIENTED_EDGE('',*,*,#4608,.T.);
#6181=ORIENTED_EDGE('',*,*,#4609,.T.);
#6182=ORIENTED_EDGE('',*,*,#4605,.F.);
#6183=ORIENTED_EDGE('',*,*,#4377,.F.);
#6184=ORIENTED_EDGE('',*,*,#4610,.T.);
#6185=ORIENTED_EDGE('',*,*,#4611,.T.);
#6186=ORIENTED_EDGE('',*,*,#4608,.F.);
#6187=ORIENTED_EDGE('',*,*,#4376,.F.);
#6188=ORIENTED_EDGE('',*,*,#4612,.T.);
#6189=ORIENTED_EDGE('',*,*,#4613,.T.);
#6190=ORIENTED_EDGE('',*,*,#4610,.F.);
#6191=ORIENTED_EDGE('',*,*,#4375,.F.);
#6192=ORIENTED_EDGE('',*,*,#4614,.T.);
#6193=ORIENTED_EDGE('',*,*,#4615,.T.);
#6194=ORIENTED_EDGE('',*,*,#4612,.F.);
#6195=ORIENTED_EDGE('',*,*,#4374,.F.);
#6196=ORIENTED_EDGE('',*,*,#4616,.T.);
#6197=ORIENTED_EDGE('',*,*,#4617,.T.);
#6198=ORIENTED_EDGE('',*,*,#4614,.F.);
#6199=ORIENTED_EDGE('',*,*,#4373,.F.);
#6200=ORIENTED_EDGE('',*,*,#4618,.T.);
#6201=ORIENTED_EDGE('',*,*,#4619,.T.);
#6202=ORIENTED_EDGE('',*,*,#4616,.F.);
#6203=ORIENTED_EDGE('',*,*,#4372,.F.);
#6204=ORIENTED_EDGE('',*,*,#4607,.T.);
#6205=ORIENTED_EDGE('',*,*,#4620,.T.);
#6206=ORIENTED_EDGE('',*,*,#4618,.F.);
#6207=ORIENTED_EDGE('',*,*,#4620,.F.);
#6208=ORIENTED_EDGE('',*,*,#4606,.F.);
#6209=ORIENTED_EDGE('',*,*,#4609,.F.);
#6210=ORIENTED_EDGE('',*,*,#4611,.F.);
#6211=ORIENTED_EDGE('',*,*,#4613,.F.);
#6212=ORIENTED_EDGE('',*,*,#4615,.F.);
#6213=ORIENTED_EDGE('',*,*,#4617,.F.);
#6214=ORIENTED_EDGE('',*,*,#4619,.F.);
#6215=ORIENTED_EDGE('',*,*,#4114,.T.);
#6216=ORIENTED_EDGE('',*,*,#4215,.T.);
#6217=ORIENTED_EDGE('',*,*,#4370,.F.);
#6218=ORIENTED_EDGE('',*,*,#4621,.T.);
#6219=ORIENTED_EDGE('',*,*,#4622,.T.);
#6220=ORIENTED_EDGE('',*,*,#4623,.F.);
#6221=ORIENTED_EDGE('',*,*,#4362,.F.);
#6222=ORIENTED_EDGE('',*,*,#4217,.T.);
#6223=ORIENTED_EDGE('',*,*,#4219,.T.);
#6224=ORIENTED_EDGE('',*,*,#4369,.F.);
#6225=ORIENTED_EDGE('',*,*,#4624,.T.);
#6226=ORIENTED_EDGE('',*,*,#4625,.T.);
#6227=ORIENTED_EDGE('',*,*,#4621,.F.);
#6228=ORIENTED_EDGE('',*,*,#4368,.F.);
#6229=ORIENTED_EDGE('',*,*,#4626,.T.);
#6230=ORIENTED_EDGE('',*,*,#4627,.T.);
#6231=ORIENTED_EDGE('',*,*,#4624,.F.);
#6232=ORIENTED_EDGE('',*,*,#4367,.F.);
#6233=ORIENTED_EDGE('',*,*,#4628,.T.);
#6234=ORIENTED_EDGE('',*,*,#4629,.T.);
#6235=ORIENTED_EDGE('',*,*,#4626,.F.);
#6236=ORIENTED_EDGE('',*,*,#4366,.F.);
#6237=ORIENTED_EDGE('',*,*,#4630,.T.);
#6238=ORIENTED_EDGE('',*,*,#4631,.T.);
#6239=ORIENTED_EDGE('',*,*,#4628,.F.);
#6240=ORIENTED_EDGE('',*,*,#4365,.F.);
#6241=ORIENTED_EDGE('',*,*,#4632,.T.);
#6242=ORIENTED_EDGE('',*,*,#4633,.T.);
#6243=ORIENTED_EDGE('',*,*,#4630,.F.);
#6244=ORIENTED_EDGE('',*,*,#4364,.F.);
#6245=ORIENTED_EDGE('',*,*,#4634,.T.);
#6246=ORIENTED_EDGE('',*,*,#4635,.T.);
#6247=ORIENTED_EDGE('',*,*,#4632,.F.);
#6248=ORIENTED_EDGE('',*,*,#4363,.F.);
#6249=ORIENTED_EDGE('',*,*,#4623,.T.);
#6250=ORIENTED_EDGE('',*,*,#4636,.T.);
#6251=ORIENTED_EDGE('',*,*,#4634,.F.);
#6252=ORIENTED_EDGE('',*,*,#4636,.F.);
#6253=ORIENTED_EDGE('',*,*,#4622,.F.);
#6254=ORIENTED_EDGE('',*,*,#4625,.F.);
#6255=ORIENTED_EDGE('',*,*,#4627,.F.);
#6256=ORIENTED_EDGE('',*,*,#4629,.F.);
#6257=ORIENTED_EDGE('',*,*,#4631,.F.);
#6258=ORIENTED_EDGE('',*,*,#4633,.F.);
#6259=ORIENTED_EDGE('',*,*,#4635,.F.);
#6260=ORIENTED_EDGE('',*,*,#4150,.T.);
#6261=ORIENTED_EDGE('',*,*,#4355,.F.);
#6262=ORIENTED_EDGE('',*,*,#4637,.T.);
#6263=ORIENTED_EDGE('',*,*,#4638,.T.);
#6264=ORIENTED_EDGE('',*,*,#4639,.F.);
#6265=ORIENTED_EDGE('',*,*,#4354,.F.);
#6266=ORIENTED_EDGE('',*,*,#4640,.T.);
#6267=ORIENTED_EDGE('',*,*,#4641,.T.);
#6268=ORIENTED_EDGE('',*,*,#4637,.F.);
#6269=ORIENTED_EDGE('',*,*,#4220,.T.);
#6270=ORIENTED_EDGE('',*,*,#4361,.F.);
#6271=ORIENTED_EDGE('',*,*,#4642,.T.);
#6272=ORIENTED_EDGE('',*,*,#4643,.T.);
#6273=ORIENTED_EDGE('',*,*,#4640,.F.);
#6274=ORIENTED_EDGE('',*,*,#4353,.F.);
#6275=ORIENTED_EDGE('',*,*,#4222,.T.);
#6276=ORIENTED_EDGE('',*,*,#4224,.T.);
#6277=ORIENTED_EDGE('',*,*,#4360,.F.);
#6278=ORIENTED_EDGE('',*,*,#4644,.T.);
#6279=ORIENTED_EDGE('',*,*,#4645,.T.);
#6280=ORIENTED_EDGE('',*,*,#4642,.F.);
#6281=ORIENTED_EDGE('',*,*,#4359,.F.);
#6282=ORIENTED_EDGE('',*,*,#4646,.T.);
#6283=ORIENTED_EDGE('',*,*,#4647,.T.);
#6284=ORIENTED_EDGE('',*,*,#4644,.F.);
#6285=ORIENTED_EDGE('',*,*,#4358,.F.);
#6286=ORIENTED_EDGE('',*,*,#4648,.T.);
#6287=ORIENTED_EDGE('',*,*,#4649,.T.);
#6288=ORIENTED_EDGE('',*,*,#4646,.F.);
#6289=ORIENTED_EDGE('',*,*,#4357,.F.);
#6290=ORIENTED_EDGE('',*,*,#4650,.T.);
#6291=ORIENTED_EDGE('',*,*,#4651,.T.);
#6292=ORIENTED_EDGE('',*,*,#4648,.F.);
#6293=ORIENTED_EDGE('',*,*,#4356,.F.);
#6294=ORIENTED_EDGE('',*,*,#4639,.T.);
#6295=ORIENTED_EDGE('',*,*,#4652,.T.);
#6296=ORIENTED_EDGE('',*,*,#4650,.F.);
#6297=ORIENTED_EDGE('',*,*,#4652,.F.);
#6298=ORIENTED_EDGE('',*,*,#4638,.F.);
#6299=ORIENTED_EDGE('',*,*,#4641,.F.);
#6300=ORIENTED_EDGE('',*,*,#4643,.F.);
#6301=ORIENTED_EDGE('',*,*,#4645,.F.);
#6302=ORIENTED_EDGE('',*,*,#4647,.F.);
#6303=ORIENTED_EDGE('',*,*,#4649,.F.);
#6304=ORIENTED_EDGE('',*,*,#4651,.F.);
#6305=ORIENTED_EDGE('',*,*,#4147,.T.);
#6306=ORIENTED_EDGE('',*,*,#4346,.F.);
#6307=ORIENTED_EDGE('',*,*,#4653,.T.);
#6308=ORIENTED_EDGE('',*,*,#4654,.T.);
#6309=ORIENTED_EDGE('',*,*,#4655,.F.);
#6310=ORIENTED_EDGE('',*,*,#4345,.F.);
#6311=ORIENTED_EDGE('',*,*,#4656,.T.);
#6312=ORIENTED_EDGE('',*,*,#4657,.T.);
#6313=ORIENTED_EDGE('',*,*,#4653,.F.);
#6314=ORIENTED_EDGE('',*,*,#4225,.T.);
#6315=ORIENTED_EDGE('',*,*,#4352,.F.);
#6316=ORIENTED_EDGE('',*,*,#4658,.T.);
#6317=ORIENTED_EDGE('',*,*,#4659,.T.);
#6318=ORIENTED_EDGE('',*,*,#4656,.F.);
#6319=ORIENTED_EDGE('',*,*,#4344,.F.);
#6320=ORIENTED_EDGE('',*,*,#4227,.T.);
#6321=ORIENTED_EDGE('',*,*,#4229,.T.);
#6322=ORIENTED_EDGE('',*,*,#4351,.F.);
#6323=ORIENTED_EDGE('',*,*,#4660,.T.);
#6324=ORIENTED_EDGE('',*,*,#4661,.T.);
#6325=ORIENTED_EDGE('',*,*,#4658,.F.);
#6326=ORIENTED_EDGE('',*,*,#4350,.F.);
#6327=ORIENTED_EDGE('',*,*,#4662,.T.);
#6328=ORIENTED_EDGE('',*,*,#4663,.T.);
#6329=ORIENTED_EDGE('',*,*,#4660,.F.);
#6330=ORIENTED_EDGE('',*,*,#4349,.F.);
#6331=ORIENTED_EDGE('',*,*,#4664,.T.);
#6332=ORIENTED_EDGE('',*,*,#4665,.T.);
#6333=ORIENTED_EDGE('',*,*,#4662,.F.);
#6334=ORIENTED_EDGE('',*,*,#4348,.F.);
#6335=ORIENTED_EDGE('',*,*,#4666,.T.);
#6336=ORIENTED_EDGE('',*,*,#4667,.T.);
#6337=ORIENTED_EDGE('',*,*,#4664,.F.);
#6338=ORIENTED_EDGE('',*,*,#4347,.F.);
#6339=ORIENTED_EDGE('',*,*,#4655,.T.);
#6340=ORIENTED_EDGE('',*,*,#4668,.T.);
#6341=ORIENTED_EDGE('',*,*,#4666,.F.);
#6342=ORIENTED_EDGE('',*,*,#4668,.F.);
#6343=ORIENTED_EDGE('',*,*,#4654,.F.);
#6344=ORIENTED_EDGE('',*,*,#4657,.F.);
#6345=ORIENTED_EDGE('',*,*,#4659,.F.);
#6346=ORIENTED_EDGE('',*,*,#4661,.F.);
#6347=ORIENTED_EDGE('',*,*,#4663,.F.);
#6348=ORIENTED_EDGE('',*,*,#4665,.F.);
#6349=ORIENTED_EDGE('',*,*,#4667,.F.);
#6350=ORIENTED_EDGE('',*,*,#4129,.T.);
#6351=ORIENTED_EDGE('',*,*,#4338,.F.);
#6352=ORIENTED_EDGE('',*,*,#4669,.T.);
#6353=ORIENTED_EDGE('',*,*,#4670,.T.);
#6354=ORIENTED_EDGE('',*,*,#4671,.F.);
#6355=ORIENTED_EDGE('',*,*,#4337,.F.);
#6356=ORIENTED_EDGE('',*,*,#4672,.T.);
#6357=ORIENTED_EDGE('',*,*,#4673,.T.);
#6358=ORIENTED_EDGE('',*,*,#4669,.F.);
#6359=ORIENTED_EDGE('',*,*,#4336,.F.);
#6360=ORIENTED_EDGE('',*,*,#4674,.T.);
#6361=ORIENTED_EDGE('',*,*,#4675,.T.);
#6362=ORIENTED_EDGE('',*,*,#4672,.F.);
#6363=ORIENTED_EDGE('',*,*,#4230,.T.);
#6364=ORIENTED_EDGE('',*,*,#4343,.F.);
#6365=ORIENTED_EDGE('',*,*,#4676,.T.);
#6366=ORIENTED_EDGE('',*,*,#4677,.T.);
#6367=ORIENTED_EDGE('',*,*,#4674,.F.);
#6368=ORIENTED_EDGE('',*,*,#4335,.F.);
#6369=ORIENTED_EDGE('',*,*,#4232,.T.);
#6370=ORIENTED_EDGE('',*,*,#4234,.T.);
#6371=ORIENTED_EDGE('',*,*,#4342,.F.);
#6372=ORIENTED_EDGE('',*,*,#4678,.T.);
#6373=ORIENTED_EDGE('',*,*,#4679,.T.);
#6374=ORIENTED_EDGE('',*,*,#4676,.F.);
#6375=ORIENTED_EDGE('',*,*,#4341,.F.);
#6376=ORIENTED_EDGE('',*,*,#4680,.T.);
#6377=ORIENTED_EDGE('',*,*,#4681,.T.);
#6378=ORIENTED_EDGE('',*,*,#4678,.F.);
#6379=ORIENTED_EDGE('',*,*,#4340,.F.);
#6380=ORIENTED_EDGE('',*,*,#4682,.T.);
#6381=ORIENTED_EDGE('',*,*,#4683,.T.);
#6382=ORIENTED_EDGE('',*,*,#4680,.F.);
#6383=ORIENTED_EDGE('',*,*,#4339,.F.);
#6384=ORIENTED_EDGE('',*,*,#4671,.T.);
#6385=ORIENTED_EDGE('',*,*,#4684,.T.);
#6386=ORIENTED_EDGE('',*,*,#4682,.F.);
#6387=ORIENTED_EDGE('',*,*,#4684,.F.);
#6388=ORIENTED_EDGE('',*,*,#4670,.F.);
#6389=ORIENTED_EDGE('',*,*,#4673,.F.);
#6390=ORIENTED_EDGE('',*,*,#4675,.F.);
#6391=ORIENTED_EDGE('',*,*,#4677,.F.);
#6392=ORIENTED_EDGE('',*,*,#4679,.F.);
#6393=ORIENTED_EDGE('',*,*,#4681,.F.);
#6394=ORIENTED_EDGE('',*,*,#4683,.F.);
#6395=ORIENTED_EDGE('',*,*,#4126,.T.);
#6396=ORIENTED_EDGE('',*,*,#4328,.F.);
#6397=ORIENTED_EDGE('',*,*,#4685,.T.);
#6398=ORIENTED_EDGE('',*,*,#4686,.T.);
#6399=ORIENTED_EDGE('',*,*,#4687,.F.);
#6400=ORIENTED_EDGE('',*,*,#4327,.F.);
#6401=ORIENTED_EDGE('',*,*,#4688,.T.);
#6402=ORIENTED_EDGE('',*,*,#4689,.T.);
#6403=ORIENTED_EDGE('',*,*,#4685,.F.);
#6404=ORIENTED_EDGE('',*,*,#4235,.T.);
#6405=ORIENTED_EDGE('',*,*,#4334,.F.);
#6406=ORIENTED_EDGE('',*,*,#4690,.T.);
#6407=ORIENTED_EDGE('',*,*,#4691,.T.);
#6408=ORIENTED_EDGE('',*,*,#4688,.F.);
#6409=ORIENTED_EDGE('',*,*,#4326,.F.);
#6410=ORIENTED_EDGE('',*,*,#4237,.T.);
#6411=ORIENTED_EDGE('',*,*,#4239,.T.);
#6412=ORIENTED_EDGE('',*,*,#4333,.F.);
#6413=ORIENTED_EDGE('',*,*,#4692,.T.);
#6414=ORIENTED_EDGE('',*,*,#4693,.T.);
#6415=ORIENTED_EDGE('',*,*,#4690,.F.);
#6416=ORIENTED_EDGE('',*,*,#4332,.F.);
#6417=ORIENTED_EDGE('',*,*,#4694,.T.);
#6418=ORIENTED_EDGE('',*,*,#4695,.T.);
#6419=ORIENTED_EDGE('',*,*,#4692,.F.);
#6420=ORIENTED_EDGE('',*,*,#4331,.F.);
#6421=ORIENTED_EDGE('',*,*,#4696,.T.);
#6422=ORIENTED_EDGE('',*,*,#4697,.T.);
#6423=ORIENTED_EDGE('',*,*,#4694,.F.);
#6424=ORIENTED_EDGE('',*,*,#4330,.F.);
#6425=ORIENTED_EDGE('',*,*,#4698,.T.);
#6426=ORIENTED_EDGE('',*,*,#4699,.T.);
#6427=ORIENTED_EDGE('',*,*,#4696,.F.);
#6428=ORIENTED_EDGE('',*,*,#4329,.F.);
#6429=ORIENTED_EDGE('',*,*,#4687,.T.);
#6430=ORIENTED_EDGE('',*,*,#4700,.T.);
#6431=ORIENTED_EDGE('',*,*,#4698,.F.);
#6432=ORIENTED_EDGE('',*,*,#4700,.F.);
#6433=ORIENTED_EDGE('',*,*,#4686,.F.);
#6434=ORIENTED_EDGE('',*,*,#4689,.F.);
#6435=ORIENTED_EDGE('',*,*,#4691,.F.);
#6436=ORIENTED_EDGE('',*,*,#4693,.F.);
#6437=ORIENTED_EDGE('',*,*,#4695,.F.);
#6438=ORIENTED_EDGE('',*,*,#4697,.F.);
#6439=ORIENTED_EDGE('',*,*,#4699,.F.);
#6440=ORIENTED_EDGE('',*,*,#4123,.T.);
#6441=ORIENTED_EDGE('',*,*,#4321,.F.);
#6442=ORIENTED_EDGE('',*,*,#4701,.T.);
#6443=ORIENTED_EDGE('',*,*,#4702,.T.);
#6444=ORIENTED_EDGE('',*,*,#4703,.F.);
#6445=ORIENTED_EDGE('',*,*,#4320,.F.);
#6446=ORIENTED_EDGE('',*,*,#4704,.T.);
#6447=ORIENTED_EDGE('',*,*,#4705,.T.);
#6448=ORIENTED_EDGE('',*,*,#4701,.F.);
#6449=ORIENTED_EDGE('',*,*,#4319,.F.);
#6450=ORIENTED_EDGE('',*,*,#4706,.T.);
#6451=ORIENTED_EDGE('',*,*,#4707,.T.);
#6452=ORIENTED_EDGE('',*,*,#4704,.F.);
#6453=ORIENTED_EDGE('',*,*,#4318,.F.);
#6454=ORIENTED_EDGE('',*,*,#4708,.T.);
#6455=ORIENTED_EDGE('',*,*,#4709,.T.);
#6456=ORIENTED_EDGE('',*,*,#4706,.F.);
#6457=ORIENTED_EDGE('',*,*,#4240,.T.);
#6458=ORIENTED_EDGE('',*,*,#4325,.F.);
#6459=ORIENTED_EDGE('',*,*,#4710,.T.);
#6460=ORIENTED_EDGE('',*,*,#4711,.T.);
#6461=ORIENTED_EDGE('',*,*,#4708,.F.);
#6462=ORIENTED_EDGE('',*,*,#4317,.F.);
#6463=ORIENTED_EDGE('',*,*,#4242,.T.);
#6464=ORIENTED_EDGE('',*,*,#4244,.T.);
#6465=ORIENTED_EDGE('',*,*,#4324,.F.);
#6466=ORIENTED_EDGE('',*,*,#4712,.T.);
#6467=ORIENTED_EDGE('',*,*,#4713,.T.);
#6468=ORIENTED_EDGE('',*,*,#4710,.F.);
#6469=ORIENTED_EDGE('',*,*,#4323,.F.);
#6470=ORIENTED_EDGE('',*,*,#4714,.T.);
#6471=ORIENTED_EDGE('',*,*,#4715,.T.);
#6472=ORIENTED_EDGE('',*,*,#4712,.F.);
#6473=ORIENTED_EDGE('',*,*,#4322,.F.);
#6474=ORIENTED_EDGE('',*,*,#4703,.T.);
#6475=ORIENTED_EDGE('',*,*,#4716,.T.);
#6476=ORIENTED_EDGE('',*,*,#4714,.F.);
#6477=ORIENTED_EDGE('',*,*,#4716,.F.);
#6478=ORIENTED_EDGE('',*,*,#4702,.F.);
#6479=ORIENTED_EDGE('',*,*,#4705,.F.);
#6480=ORIENTED_EDGE('',*,*,#4707,.F.);
#6481=ORIENTED_EDGE('',*,*,#4709,.F.);
#6482=ORIENTED_EDGE('',*,*,#4711,.F.);
#6483=ORIENTED_EDGE('',*,*,#4713,.F.);
#6484=ORIENTED_EDGE('',*,*,#4715,.F.);
#6485=ORIENTED_EDGE('',*,*,#4111,.T.);
#6486=ORIENTED_EDGE('',*,*,#4312,.F.);
#6487=ORIENTED_EDGE('',*,*,#4717,.T.);
#6488=ORIENTED_EDGE('',*,*,#4718,.T.);
#6489=ORIENTED_EDGE('',*,*,#4719,.F.);
#6490=ORIENTED_EDGE('',*,*,#4311,.F.);
#6491=ORIENTED_EDGE('',*,*,#4720,.T.);
#6492=ORIENTED_EDGE('',*,*,#4721,.T.);
#6493=ORIENTED_EDGE('',*,*,#4717,.F.);
#6494=ORIENTED_EDGE('',*,*,#4310,.F.);
#6495=ORIENTED_EDGE('',*,*,#4722,.T.);
#6496=ORIENTED_EDGE('',*,*,#4723,.T.);
#6497=ORIENTED_EDGE('',*,*,#4720,.F.);
#6498=ORIENTED_EDGE('',*,*,#4309,.F.);
#6499=ORIENTED_EDGE('',*,*,#4724,.T.);
#6500=ORIENTED_EDGE('',*,*,#4725,.T.);
#6501=ORIENTED_EDGE('',*,*,#4722,.F.);
#6502=ORIENTED_EDGE('',*,*,#4245,.T.);
#6503=ORIENTED_EDGE('',*,*,#4316,.F.);
#6504=ORIENTED_EDGE('',*,*,#4726,.T.);
#6505=ORIENTED_EDGE('',*,*,#4727,.T.);
#6506=ORIENTED_EDGE('',*,*,#4724,.F.);
#6507=ORIENTED_EDGE('',*,*,#4308,.F.);
#6508=ORIENTED_EDGE('',*,*,#4247,.T.);
#6509=ORIENTED_EDGE('',*,*,#4249,.T.);
#6510=ORIENTED_EDGE('',*,*,#4315,.F.);
#6511=ORIENTED_EDGE('',*,*,#4728,.T.);
#6512=ORIENTED_EDGE('',*,*,#4729,.T.);
#6513=ORIENTED_EDGE('',*,*,#4726,.F.);
#6514=ORIENTED_EDGE('',*,*,#4314,.F.);
#6515=ORIENTED_EDGE('',*,*,#4730,.T.);
#6516=ORIENTED_EDGE('',*,*,#4731,.T.);
#6517=ORIENTED_EDGE('',*,*,#4728,.F.);
#6518=ORIENTED_EDGE('',*,*,#4313,.F.);
#6519=ORIENTED_EDGE('',*,*,#4719,.T.);
#6520=ORIENTED_EDGE('',*,*,#4732,.T.);
#6521=ORIENTED_EDGE('',*,*,#4730,.F.);
#6522=ORIENTED_EDGE('',*,*,#4732,.F.);
#6523=ORIENTED_EDGE('',*,*,#4718,.F.);
#6524=ORIENTED_EDGE('',*,*,#4721,.F.);
#6525=ORIENTED_EDGE('',*,*,#4723,.F.);
#6526=ORIENTED_EDGE('',*,*,#4725,.F.);
#6527=ORIENTED_EDGE('',*,*,#4727,.F.);
#6528=ORIENTED_EDGE('',*,*,#4729,.F.);
#6529=ORIENTED_EDGE('',*,*,#4731,.F.);
#6530=ORIENTED_EDGE('',*,*,#4108,.T.);
#6531=ORIENTED_EDGE('',*,*,#4301,.F.);
#6532=ORIENTED_EDGE('',*,*,#4733,.T.);
#6533=ORIENTED_EDGE('',*,*,#4734,.T.);
#6534=ORIENTED_EDGE('',*,*,#4735,.F.);
#6535=ORIENTED_EDGE('',*,*,#4300,.F.);
#6536=ORIENTED_EDGE('',*,*,#4736,.T.);
#6537=ORIENTED_EDGE('',*,*,#4737,.T.);
#6538=ORIENTED_EDGE('',*,*,#4733,.F.);
#6539=ORIENTED_EDGE('',*,*,#4250,.T.);
#6540=ORIENTED_EDGE('',*,*,#4307,.F.);
#6541=ORIENTED_EDGE('',*,*,#4738,.T.);
#6542=ORIENTED_EDGE('',*,*,#4739,.T.);
#6543=ORIENTED_EDGE('',*,*,#4736,.F.);
#6544=ORIENTED_EDGE('',*,*,#4299,.F.);
#6545=ORIENTED_EDGE('',*,*,#4252,.T.);
#6546=ORIENTED_EDGE('',*,*,#4254,.T.);
#6547=ORIENTED_EDGE('',*,*,#4306,.F.);
#6548=ORIENTED_EDGE('',*,*,#4740,.T.);
#6549=ORIENTED_EDGE('',*,*,#4741,.T.);
#6550=ORIENTED_EDGE('',*,*,#4738,.F.);
#6551=ORIENTED_EDGE('',*,*,#4305,.F.);
#6552=ORIENTED_EDGE('',*,*,#4742,.T.);
#6553=ORIENTED_EDGE('',*,*,#4743,.T.);
#6554=ORIENTED_EDGE('',*,*,#4740,.F.);
#6555=ORIENTED_EDGE('',*,*,#4304,.F.);
#6556=ORIENTED_EDGE('',*,*,#4744,.T.);
#6557=ORIENTED_EDGE('',*,*,#4745,.T.);
#6558=ORIENTED_EDGE('',*,*,#4742,.F.);
#6559=ORIENTED_EDGE('',*,*,#4303,.F.);
#6560=ORIENTED_EDGE('',*,*,#4746,.T.);
#6561=ORIENTED_EDGE('',*,*,#4747,.T.);
#6562=ORIENTED_EDGE('',*,*,#4744,.F.);
#6563=ORIENTED_EDGE('',*,*,#4302,.F.);
#6564=ORIENTED_EDGE('',*,*,#4735,.T.);
#6565=ORIENTED_EDGE('',*,*,#4748,.T.);
#6566=ORIENTED_EDGE('',*,*,#4746,.F.);
#6567=ORIENTED_EDGE('',*,*,#4748,.F.);
#6568=ORIENTED_EDGE('',*,*,#4734,.F.);
#6569=ORIENTED_EDGE('',*,*,#4737,.F.);
#6570=ORIENTED_EDGE('',*,*,#4739,.F.);
#6571=ORIENTED_EDGE('',*,*,#4741,.F.);
#6572=ORIENTED_EDGE('',*,*,#4743,.F.);
#6573=ORIENTED_EDGE('',*,*,#4745,.F.);
#6574=ORIENTED_EDGE('',*,*,#4747,.F.);
#6575=ORIENTED_EDGE('',*,*,#4105,.T.);
#6576=ORIENTED_EDGE('',*,*,#4255,.T.);
#6577=ORIENTED_EDGE('',*,*,#4298,.F.);
#6578=ORIENTED_EDGE('',*,*,#4749,.T.);
#6579=ORIENTED_EDGE('',*,*,#4750,.T.);
#6580=ORIENTED_EDGE('',*,*,#4751,.F.);
#6581=ORIENTED_EDGE('',*,*,#4290,.F.);
#6582=ORIENTED_EDGE('',*,*,#4257,.T.);
#6583=ORIENTED_EDGE('',*,*,#4259,.T.);
#6584=ORIENTED_EDGE('',*,*,#4297,.F.);
#6585=ORIENTED_EDGE('',*,*,#4752,.T.);
#6586=ORIENTED_EDGE('',*,*,#4753,.T.);
#6587=ORIENTED_EDGE('',*,*,#4749,.F.);
#6588=ORIENTED_EDGE('',*,*,#4296,.F.);
#6589=ORIENTED_EDGE('',*,*,#4754,.T.);
#6590=ORIENTED_EDGE('',*,*,#4755,.T.);
#6591=ORIENTED_EDGE('',*,*,#4752,.F.);
#6592=ORIENTED_EDGE('',*,*,#4295,.F.);
#6593=ORIENTED_EDGE('',*,*,#4756,.T.);
#6594=ORIENTED_EDGE('',*,*,#4757,.T.);
#6595=ORIENTED_EDGE('',*,*,#4754,.F.);
#6596=ORIENTED_EDGE('',*,*,#4294,.F.);
#6597=ORIENTED_EDGE('',*,*,#4758,.T.);
#6598=ORIENTED_EDGE('',*,*,#4759,.T.);
#6599=ORIENTED_EDGE('',*,*,#4756,.F.);
#6600=ORIENTED_EDGE('',*,*,#4293,.F.);
#6601=ORIENTED_EDGE('',*,*,#4760,.T.);
#6602=ORIENTED_EDGE('',*,*,#4761,.T.);
#6603=ORIENTED_EDGE('',*,*,#4758,.F.);
#6604=ORIENTED_EDGE('',*,*,#4292,.F.);
#6605=ORIENTED_EDGE('',*,*,#4762,.T.);
#6606=ORIENTED_EDGE('',*,*,#4763,.T.);
#6607=ORIENTED_EDGE('',*,*,#4760,.F.);
#6608=ORIENTED_EDGE('',*,*,#4291,.F.);
#6609=ORIENTED_EDGE('',*,*,#4751,.T.);
#6610=ORIENTED_EDGE('',*,*,#4764,.T.);
#6611=ORIENTED_EDGE('',*,*,#4762,.F.);
#6612=ORIENTED_EDGE('',*,*,#4764,.F.);
#6613=ORIENTED_EDGE('',*,*,#4750,.F.);
#6614=ORIENTED_EDGE('',*,*,#4753,.F.);
#6615=ORIENTED_EDGE('',*,*,#4755,.F.);
#6616=ORIENTED_EDGE('',*,*,#4757,.F.);
#6617=ORIENTED_EDGE('',*,*,#4759,.F.);
#6618=ORIENTED_EDGE('',*,*,#4761,.F.);
#6619=ORIENTED_EDGE('',*,*,#4763,.F.);
#6620=ORIENTED_EDGE('',*,*,#4102,.T.);
#6621=ORIENTED_EDGE('',*,*,#4283,.F.);
#6622=ORIENTED_EDGE('',*,*,#4765,.T.);
#6623=ORIENTED_EDGE('',*,*,#4766,.T.);
#6624=ORIENTED_EDGE('',*,*,#4767,.F.);
#6625=ORIENTED_EDGE('',*,*,#4282,.F.);
#6626=ORIENTED_EDGE('',*,*,#4768,.T.);
#6627=ORIENTED_EDGE('',*,*,#4769,.T.);
#6628=ORIENTED_EDGE('',*,*,#4765,.F.);
#6629=ORIENTED_EDGE('',*,*,#4260,.T.);
#6630=ORIENTED_EDGE('',*,*,#4289,.F.);
#6631=ORIENTED_EDGE('',*,*,#4770,.T.);
#6632=ORIENTED_EDGE('',*,*,#4771,.T.);
#6633=ORIENTED_EDGE('',*,*,#4768,.F.);
#6634=ORIENTED_EDGE('',*,*,#4281,.F.);
#6635=ORIENTED_EDGE('',*,*,#4262,.T.);
#6636=ORIENTED_EDGE('',*,*,#4264,.T.);
#6637=ORIENTED_EDGE('',*,*,#4288,.F.);
#6638=ORIENTED_EDGE('',*,*,#4772,.T.);
#6639=ORIENTED_EDGE('',*,*,#4773,.T.);
#6640=ORIENTED_EDGE('',*,*,#4770,.F.);
#6641=ORIENTED_EDGE('',*,*,#4287,.F.);
#6642=ORIENTED_EDGE('',*,*,#4774,.T.);
#6643=ORIENTED_EDGE('',*,*,#4775,.T.);
#6644=ORIENTED_EDGE('',*,*,#4772,.F.);
#6645=ORIENTED_EDGE('',*,*,#4286,.F.);
#6646=ORIENTED_EDGE('',*,*,#4776,.T.);
#6647=ORIENTED_EDGE('',*,*,#4777,.T.);
#6648=ORIENTED_EDGE('',*,*,#4774,.F.);
#6649=ORIENTED_EDGE('',*,*,#4285,.F.);
#6650=ORIENTED_EDGE('',*,*,#4778,.T.);
#6651=ORIENTED_EDGE('',*,*,#4779,.T.);
#6652=ORIENTED_EDGE('',*,*,#4776,.F.);
#6653=ORIENTED_EDGE('',*,*,#4284,.F.);
#6654=ORIENTED_EDGE('',*,*,#4767,.T.);
#6655=ORIENTED_EDGE('',*,*,#4780,.T.);
#6656=ORIENTED_EDGE('',*,*,#4778,.F.);
#6657=ORIENTED_EDGE('',*,*,#4780,.F.);
#6658=ORIENTED_EDGE('',*,*,#4766,.F.);
#6659=ORIENTED_EDGE('',*,*,#4769,.F.);
#6660=ORIENTED_EDGE('',*,*,#4771,.F.);
#6661=ORIENTED_EDGE('',*,*,#4773,.F.);
#6662=ORIENTED_EDGE('',*,*,#4775,.F.);
#6663=ORIENTED_EDGE('',*,*,#4777,.F.);
#6664=ORIENTED_EDGE('',*,*,#4779,.F.);
#6665=ORIENTED_EDGE('',*,*,#4117,.T.);
#6666=ORIENTED_EDGE('',*,*,#4265,.T.);
#6667=ORIENTED_EDGE('',*,*,#4280,.F.);
#6668=ORIENTED_EDGE('',*,*,#4781,.T.);
#6669=ORIENTED_EDGE('',*,*,#4782,.T.);
#6670=ORIENTED_EDGE('',*,*,#4783,.F.);
#6671=ORIENTED_EDGE('',*,*,#4272,.F.);
#6672=ORIENTED_EDGE('',*,*,#4267,.T.);
#6673=ORIENTED_EDGE('',*,*,#4269,.T.);
#6674=ORIENTED_EDGE('',*,*,#4279,.F.);
#6675=ORIENTED_EDGE('',*,*,#4784,.T.);
#6676=ORIENTED_EDGE('',*,*,#4785,.T.);
#6677=ORIENTED_EDGE('',*,*,#4781,.F.);
#6678=ORIENTED_EDGE('',*,*,#4278,.F.);
#6679=ORIENTED_EDGE('',*,*,#4786,.T.);
#6680=ORIENTED_EDGE('',*,*,#4787,.T.);
#6681=ORIENTED_EDGE('',*,*,#4784,.F.);
#6682=ORIENTED_EDGE('',*,*,#4277,.F.);
#6683=ORIENTED_EDGE('',*,*,#4788,.T.);
#6684=ORIENTED_EDGE('',*,*,#4789,.T.);
#6685=ORIENTED_EDGE('',*,*,#4786,.F.);
#6686=ORIENTED_EDGE('',*,*,#4276,.F.);
#6687=ORIENTED_EDGE('',*,*,#4790,.T.);
#6688=ORIENTED_EDGE('',*,*,#4791,.T.);
#6689=ORIENTED_EDGE('',*,*,#4788,.F.);
#6690=ORIENTED_EDGE('',*,*,#4275,.F.);
#6691=ORIENTED_EDGE('',*,*,#4792,.T.);
#6692=ORIENTED_EDGE('',*,*,#4793,.T.);
#6693=ORIENTED_EDGE('',*,*,#4790,.F.);
#6694=ORIENTED_EDGE('',*,*,#4274,.F.);
#6695=ORIENTED_EDGE('',*,*,#4794,.T.);
#6696=ORIENTED_EDGE('',*,*,#4795,.T.);
#6697=ORIENTED_EDGE('',*,*,#4792,.F.);
#6698=ORIENTED_EDGE('',*,*,#4273,.F.);
#6699=ORIENTED_EDGE('',*,*,#4783,.T.);
#6700=ORIENTED_EDGE('',*,*,#4796,.T.);
#6701=ORIENTED_EDGE('',*,*,#4794,.F.);
#6702=ORIENTED_EDGE('',*,*,#4796,.F.);
#6703=ORIENTED_EDGE('',*,*,#4782,.F.);
#6704=ORIENTED_EDGE('',*,*,#4785,.F.);
#6705=ORIENTED_EDGE('',*,*,#4787,.F.);
#6706=ORIENTED_EDGE('',*,*,#4789,.F.);
#6707=ORIENTED_EDGE('',*,*,#4791,.F.);
#6708=ORIENTED_EDGE('',*,*,#4793,.F.);
#6709=ORIENTED_EDGE('',*,*,#4795,.F.);
#6710=ORIENTED_EDGE('',*,*,#4120,.T.);
#6711=ORIENTED_EDGE('',*,*,#4270,.F.);
#6712=ORIENTED_EDGE('',*,*,#4797,.T.);
#6713=ORIENTED_EDGE('',*,*,#4798,.F.);
#6714=ORIENTED_EDGE('',*,*,#4797,.F.);
#6715=ORIENTED_EDGE('',*,*,#4271,.F.);
#6716=ORIENTED_EDGE('',*,*,#4799,.T.);
#6717=ORIENTED_EDGE('',*,*,#4800,.T.);
#6718=ORIENTED_EDGE('',*,*,#4799,.F.);
#6719=ORIENTED_EDGE('',*,*,#4801,.F.);
#6720=ORIENTED_EDGE('',*,*,#4802,.T.);
#6721=ORIENTED_EDGE('',*,*,#4803,.T.);
#6722=ORIENTED_EDGE('',*,*,#4802,.F.);
#6723=ORIENTED_EDGE('',*,*,#4801,.T.);
#6724=ORIENTED_EDGE('',*,*,#3714,.T.);
#6725=ORIENTED_EDGE('',*,*,#3753,.T.);
#6726=ORIENTED_EDGE('',*,*,#3750,.T.);
#6727=ORIENTED_EDGE('',*,*,#3747,.T.);
#6728=ORIENTED_EDGE('',*,*,#3744,.T.);
#6729=ORIENTED_EDGE('',*,*,#3741,.T.);
#6730=ORIENTED_EDGE('',*,*,#3738,.T.);
#6731=ORIENTED_EDGE('',*,*,#3735,.T.);
#6732=ORIENTED_EDGE('',*,*,#3732,.T.);
#6733=ORIENTED_EDGE('',*,*,#3729,.T.);
#6734=ORIENTED_EDGE('',*,*,#3726,.T.);
#6735=ORIENTED_EDGE('',*,*,#3723,.T.);
#6736=ORIENTED_EDGE('',*,*,#3720,.T.);
#6737=ORIENTED_EDGE('',*,*,#3717,.T.);
#6738=ORIENTED_EDGE('',*,*,#3756,.T.);
#6739=ORIENTED_EDGE('',*,*,#3795,.T.);
#6740=ORIENTED_EDGE('',*,*,#3792,.T.);
#6741=ORIENTED_EDGE('',*,*,#3789,.T.);
#6742=ORIENTED_EDGE('',*,*,#3786,.T.);
#6743=ORIENTED_EDGE('',*,*,#3783,.T.);
#6744=ORIENTED_EDGE('',*,*,#3780,.T.);
#6745=ORIENTED_EDGE('',*,*,#3777,.T.);
#6746=ORIENTED_EDGE('',*,*,#3774,.T.);
#6747=ORIENTED_EDGE('',*,*,#3771,.T.);
#6748=ORIENTED_EDGE('',*,*,#3768,.T.);
#6749=ORIENTED_EDGE('',*,*,#3765,.T.);
#6750=ORIENTED_EDGE('',*,*,#3762,.T.);
#6751=ORIENTED_EDGE('',*,*,#3759,.T.);
#6752=ORIENTED_EDGE('',*,*,#3798,.T.);
#6753=ORIENTED_EDGE('',*,*,#3837,.T.);
#6754=ORIENTED_EDGE('',*,*,#3834,.T.);
#6755=ORIENTED_EDGE('',*,*,#3831,.T.);
#6756=ORIENTED_EDGE('',*,*,#3828,.T.);
#6757=ORIENTED_EDGE('',*,*,#3825,.T.);
#6758=ORIENTED_EDGE('',*,*,#3822,.T.);
#6759=ORIENTED_EDGE('',*,*,#3819,.T.);
#6760=ORIENTED_EDGE('',*,*,#3816,.T.);
#6761=ORIENTED_EDGE('',*,*,#3813,.T.);
#6762=ORIENTED_EDGE('',*,*,#3810,.T.);
#6763=ORIENTED_EDGE('',*,*,#3807,.T.);
#6764=ORIENTED_EDGE('',*,*,#3804,.T.);
#6765=ORIENTED_EDGE('',*,*,#3801,.T.);
#6766=ORIENTED_EDGE('',*,*,#3840,.T.);
#6767=ORIENTED_EDGE('',*,*,#3879,.T.);
#6768=ORIENTED_EDGE('',*,*,#3876,.T.);
#6769=ORIENTED_EDGE('',*,*,#3873,.T.);
#6770=ORIENTED_EDGE('',*,*,#3870,.T.);
#6771=ORIENTED_EDGE('',*,*,#3867,.T.);
#6772=ORIENTED_EDGE('',*,*,#3864,.T.);
#6773=ORIENTED_EDGE('',*,*,#3861,.T.);
#6774=ORIENTED_EDGE('',*,*,#3858,.T.);
#6775=ORIENTED_EDGE('',*,*,#3855,.T.);
#6776=ORIENTED_EDGE('',*,*,#3852,.T.);
#6777=ORIENTED_EDGE('',*,*,#3849,.T.);
#6778=ORIENTED_EDGE('',*,*,#3846,.T.);
#6779=ORIENTED_EDGE('',*,*,#3843,.T.);
#6780=ORIENTED_EDGE('',*,*,#3882,.T.);
#6781=ORIENTED_EDGE('',*,*,#3921,.T.);
#6782=ORIENTED_EDGE('',*,*,#3918,.T.);
#6783=ORIENTED_EDGE('',*,*,#3915,.T.);
#6784=ORIENTED_EDGE('',*,*,#3912,.T.);
#6785=ORIENTED_EDGE('',*,*,#3909,.T.);
#6786=ORIENTED_EDGE('',*,*,#3906,.T.);
#6787=ORIENTED_EDGE('',*,*,#3903,.T.);
#6788=ORIENTED_EDGE('',*,*,#3900,.T.);
#6789=ORIENTED_EDGE('',*,*,#3897,.T.);
#6790=ORIENTED_EDGE('',*,*,#3894,.T.);
#6791=ORIENTED_EDGE('',*,*,#3891,.T.);
#6792=ORIENTED_EDGE('',*,*,#3888,.T.);
#6793=ORIENTED_EDGE('',*,*,#3885,.T.);
#6794=ORIENTED_EDGE('',*,*,#3924,.T.);
#6795=ORIENTED_EDGE('',*,*,#3963,.T.);
#6796=ORIENTED_EDGE('',*,*,#3960,.T.);
#6797=ORIENTED_EDGE('',*,*,#3957,.T.);
#6798=ORIENTED_EDGE('',*,*,#3954,.T.);
#6799=ORIENTED_EDGE('',*,*,#3951,.T.);
#6800=ORIENTED_EDGE('',*,*,#3948,.T.);
#6801=ORIENTED_EDGE('',*,*,#3945,.T.);
#6802=ORIENTED_EDGE('',*,*,#3942,.T.);
#6803=ORIENTED_EDGE('',*,*,#3939,.T.);
#6804=ORIENTED_EDGE('',*,*,#3936,.T.);
#6805=ORIENTED_EDGE('',*,*,#3933,.T.);
#6806=ORIENTED_EDGE('',*,*,#3930,.T.);
#6807=ORIENTED_EDGE('',*,*,#3927,.T.);
#6808=ORIENTED_EDGE('',*,*,#3966,.T.);
#6809=ORIENTED_EDGE('',*,*,#4005,.T.);
#6810=ORIENTED_EDGE('',*,*,#4002,.T.);
#6811=ORIENTED_EDGE('',*,*,#3999,.T.);
#6812=ORIENTED_EDGE('',*,*,#3996,.T.);
#6813=ORIENTED_EDGE('',*,*,#3993,.T.);
#6814=ORIENTED_EDGE('',*,*,#3990,.T.);
#6815=ORIENTED_EDGE('',*,*,#3987,.T.);
#6816=ORIENTED_EDGE('',*,*,#3984,.T.);
#6817=ORIENTED_EDGE('',*,*,#3981,.T.);
#6818=ORIENTED_EDGE('',*,*,#3978,.T.);
#6819=ORIENTED_EDGE('',*,*,#3975,.T.);
#6820=ORIENTED_EDGE('',*,*,#3972,.T.);
#6821=ORIENTED_EDGE('',*,*,#3969,.T.);
#6822=ORIENTED_EDGE('',*,*,#4029,.T.);
#6823=ORIENTED_EDGE('',*,*,#4026,.T.);
#6824=ORIENTED_EDGE('',*,*,#4023,.T.);
#6825=ORIENTED_EDGE('',*,*,#4020,.T.);
#6826=ORIENTED_EDGE('',*,*,#4017,.T.);
#6827=ORIENTED_EDGE('',*,*,#4014,.T.);
#6828=ORIENTED_EDGE('',*,*,#4011,.T.);
#6829=ORIENTED_EDGE('',*,*,#4008,.T.);
#6830=ORIENTED_EDGE('',*,*,#4047,.T.);
#6831=ORIENTED_EDGE('',*,*,#4044,.T.);
#6832=ORIENTED_EDGE('',*,*,#4041,.T.);
#6833=ORIENTED_EDGE('',*,*,#4038,.T.);
#6834=ORIENTED_EDGE('',*,*,#4035,.T.);
#6835=ORIENTED_EDGE('',*,*,#4032,.T.);
#6836=ORIENTED_EDGE('',*,*,#4078,.T.);
#6837=ORIENTED_EDGE('',*,*,#4081,.T.);
#6838=ORIENTED_EDGE('',*,*,#4084,.T.);
#6839=ORIENTED_EDGE('',*,*,#4087,.T.);
#6840=ORIENTED_EDGE('',*,*,#4090,.T.);
#6841=ORIENTED_EDGE('',*,*,#4093,.T.);
#6842=ORIENTED_EDGE('',*,*,#4096,.T.);
#6843=ORIENTED_EDGE('',*,*,#4099,.T.);
#6844=ORIENTED_EDGE('',*,*,#4798,.T.);
#6845=ORIENTED_EDGE('',*,*,#4803,.F.);
#6846=ORIENTED_EDGE('',*,*,#3712,.T.);
#6847=ORIENTED_EDGE('',*,*,#3716,.T.);
#6848=ORIENTED_EDGE('',*,*,#3719,.T.);
#6849=ORIENTED_EDGE('',*,*,#3722,.T.);
#6850=ORIENTED_EDGE('',*,*,#3725,.T.);
#6851=ORIENTED_EDGE('',*,*,#3728,.T.);
#6852=ORIENTED_EDGE('',*,*,#3731,.T.);
#6853=ORIENTED_EDGE('',*,*,#3734,.T.);
#6854=ORIENTED_EDGE('',*,*,#3737,.T.);
#6855=ORIENTED_EDGE('',*,*,#3740,.T.);
#6856=ORIENTED_EDGE('',*,*,#3743,.T.);
#6857=ORIENTED_EDGE('',*,*,#3746,.T.);
#6858=ORIENTED_EDGE('',*,*,#3749,.T.);
#6859=ORIENTED_EDGE('',*,*,#3752,.T.);
#6860=ORIENTED_EDGE('',*,*,#3754,.T.);
#6861=ORIENTED_EDGE('',*,*,#3758,.T.);
#6862=ORIENTED_EDGE('',*,*,#3761,.T.);
#6863=ORIENTED_EDGE('',*,*,#3764,.T.);
#6864=ORIENTED_EDGE('',*,*,#3767,.T.);
#6865=ORIENTED_EDGE('',*,*,#3770,.T.);
#6866=ORIENTED_EDGE('',*,*,#3773,.T.);
#6867=ORIENTED_EDGE('',*,*,#3776,.T.);
#6868=ORIENTED_EDGE('',*,*,#3779,.T.);
#6869=ORIENTED_EDGE('',*,*,#3782,.T.);
#6870=ORIENTED_EDGE('',*,*,#3785,.T.);
#6871=ORIENTED_EDGE('',*,*,#3788,.T.);
#6872=ORIENTED_EDGE('',*,*,#3791,.T.);
#6873=ORIENTED_EDGE('',*,*,#3794,.T.);
#6874=ORIENTED_EDGE('',*,*,#3796,.T.);
#6875=ORIENTED_EDGE('',*,*,#3800,.T.);
#6876=ORIENTED_EDGE('',*,*,#3803,.T.);
#6877=ORIENTED_EDGE('',*,*,#3806,.T.);
#6878=ORIENTED_EDGE('',*,*,#3809,.T.);
#6879=ORIENTED_EDGE('',*,*,#3812,.T.);
#6880=ORIENTED_EDGE('',*,*,#3815,.T.);
#6881=ORIENTED_EDGE('',*,*,#3818,.T.);
#6882=ORIENTED_EDGE('',*,*,#3821,.T.);
#6883=ORIENTED_EDGE('',*,*,#3824,.T.);
#6884=ORIENTED_EDGE('',*,*,#3827,.T.);
#6885=ORIENTED_EDGE('',*,*,#3830,.T.);
#6886=ORIENTED_EDGE('',*,*,#3833,.T.);
#6887=ORIENTED_EDGE('',*,*,#3836,.T.);
#6888=ORIENTED_EDGE('',*,*,#3838,.T.);
#6889=ORIENTED_EDGE('',*,*,#3842,.T.);
#6890=ORIENTED_EDGE('',*,*,#3845,.T.);
#6891=ORIENTED_EDGE('',*,*,#3848,.T.);
#6892=ORIENTED_EDGE('',*,*,#3851,.T.);
#6893=ORIENTED_EDGE('',*,*,#3854,.T.);
#6894=ORIENTED_EDGE('',*,*,#3857,.T.);
#6895=ORIENTED_EDGE('',*,*,#3860,.T.);
#6896=ORIENTED_EDGE('',*,*,#3863,.T.);
#6897=ORIENTED_EDGE('',*,*,#3866,.T.);
#6898=ORIENTED_EDGE('',*,*,#3869,.T.);
#6899=ORIENTED_EDGE('',*,*,#3872,.T.);
#6900=ORIENTED_EDGE('',*,*,#3875,.T.);
#6901=ORIENTED_EDGE('',*,*,#3878,.T.);
#6902=ORIENTED_EDGE('',*,*,#3880,.T.);
#6903=ORIENTED_EDGE('',*,*,#3884,.T.);
#6904=ORIENTED_EDGE('',*,*,#3887,.T.);
#6905=ORIENTED_EDGE('',*,*,#3890,.T.);
#6906=ORIENTED_EDGE('',*,*,#3893,.T.);
#6907=ORIENTED_EDGE('',*,*,#3896,.T.);
#6908=ORIENTED_EDGE('',*,*,#3899,.T.);
#6909=ORIENTED_EDGE('',*,*,#3902,.T.);
#6910=ORIENTED_EDGE('',*,*,#3905,.T.);
#6911=ORIENTED_EDGE('',*,*,#3908,.T.);
#6912=ORIENTED_EDGE('',*,*,#3911,.T.);
#6913=ORIENTED_EDGE('',*,*,#3914,.T.);
#6914=ORIENTED_EDGE('',*,*,#3917,.T.);
#6915=ORIENTED_EDGE('',*,*,#3920,.T.);
#6916=ORIENTED_EDGE('',*,*,#3922,.T.);
#6917=ORIENTED_EDGE('',*,*,#3926,.T.);
#6918=ORIENTED_EDGE('',*,*,#3929,.T.);
#6919=ORIENTED_EDGE('',*,*,#3932,.T.);
#6920=ORIENTED_EDGE('',*,*,#3935,.T.);
#6921=ORIENTED_EDGE('',*,*,#3938,.T.);
#6922=ORIENTED_EDGE('',*,*,#3941,.T.);
#6923=ORIENTED_EDGE('',*,*,#3944,.T.);
#6924=ORIENTED_EDGE('',*,*,#3947,.T.);
#6925=ORIENTED_EDGE('',*,*,#3950,.T.);
#6926=ORIENTED_EDGE('',*,*,#3953,.T.);
#6927=ORIENTED_EDGE('',*,*,#3956,.T.);
#6928=ORIENTED_EDGE('',*,*,#3959,.T.);
#6929=ORIENTED_EDGE('',*,*,#3962,.T.);
#6930=ORIENTED_EDGE('',*,*,#3964,.T.);
#6931=ORIENTED_EDGE('',*,*,#3968,.T.);
#6932=ORIENTED_EDGE('',*,*,#3971,.T.);
#6933=ORIENTED_EDGE('',*,*,#3974,.T.);
#6934=ORIENTED_EDGE('',*,*,#3977,.T.);
#6935=ORIENTED_EDGE('',*,*,#3980,.T.);
#6936=ORIENTED_EDGE('',*,*,#3983,.T.);
#6937=ORIENTED_EDGE('',*,*,#3986,.T.);
#6938=ORIENTED_EDGE('',*,*,#3989,.T.);
#6939=ORIENTED_EDGE('',*,*,#3992,.T.);
#6940=ORIENTED_EDGE('',*,*,#3995,.T.);
#6941=ORIENTED_EDGE('',*,*,#3998,.T.);
#6942=ORIENTED_EDGE('',*,*,#4001,.T.);
#6943=ORIENTED_EDGE('',*,*,#4004,.T.);
#6944=ORIENTED_EDGE('',*,*,#4028,.T.);
#6945=ORIENTED_EDGE('',*,*,#4031,.T.);
#6946=ORIENTED_EDGE('',*,*,#4034,.T.);
#6947=ORIENTED_EDGE('',*,*,#4037,.T.);
#6948=ORIENTED_EDGE('',*,*,#4040,.T.);
#6949=ORIENTED_EDGE('',*,*,#4043,.T.);
#6950=ORIENTED_EDGE('',*,*,#4046,.T.);
#6951=ORIENTED_EDGE('',*,*,#4006,.T.);
#6952=ORIENTED_EDGE('',*,*,#4010,.T.);
#6953=ORIENTED_EDGE('',*,*,#4013,.T.);
#6954=ORIENTED_EDGE('',*,*,#4016,.T.);
#6955=ORIENTED_EDGE('',*,*,#4019,.T.);
#6956=ORIENTED_EDGE('',*,*,#4022,.T.);
#6957=ORIENTED_EDGE('',*,*,#4025,.T.);
#6958=ORIENTED_EDGE('',*,*,#4080,.T.);
#6959=ORIENTED_EDGE('',*,*,#4083,.T.);
#6960=ORIENTED_EDGE('',*,*,#4086,.T.);
#6961=ORIENTED_EDGE('',*,*,#4089,.T.);
#6962=ORIENTED_EDGE('',*,*,#4092,.T.);
#6963=ORIENTED_EDGE('',*,*,#4095,.T.);
#6964=ORIENTED_EDGE('',*,*,#4098,.T.);
#6965=ORIENTED_EDGE('',*,*,#4101,.T.);
#6966=ORIENTED_EDGE('',*,*,#4104,.T.);
#6967=ORIENTED_EDGE('',*,*,#4107,.T.);
#6968=ORIENTED_EDGE('',*,*,#4110,.T.);
#6969=ORIENTED_EDGE('',*,*,#4113,.T.);
#6970=ORIENTED_EDGE('',*,*,#4116,.T.);
#6971=ORIENTED_EDGE('',*,*,#4119,.T.);
#6972=ORIENTED_EDGE('',*,*,#4122,.T.);
#6973=ORIENTED_EDGE('',*,*,#4125,.T.);
#6974=ORIENTED_EDGE('',*,*,#4128,.T.);
#6975=ORIENTED_EDGE('',*,*,#4131,.T.);
#6976=ORIENTED_EDGE('',*,*,#4134,.T.);
#6977=ORIENTED_EDGE('',*,*,#4137,.T.);
#6978=ORIENTED_EDGE('',*,*,#4140,.T.);
#6979=ORIENTED_EDGE('',*,*,#4143,.T.);
#6980=ORIENTED_EDGE('',*,*,#4146,.T.);
#6981=ORIENTED_EDGE('',*,*,#4149,.T.);
#6982=ORIENTED_EDGE('',*,*,#4152,.T.);
#6983=ORIENTED_EDGE('',*,*,#4155,.T.);
#6984=ORIENTED_EDGE('',*,*,#4158,.T.);
#6985=ORIENTED_EDGE('',*,*,#4161,.T.);
#6986=ORIENTED_EDGE('',*,*,#4164,.T.);
#6987=ORIENTED_EDGE('',*,*,#4800,.F.);
#6988=PLANE('',#7580);
#6989=PLANE('',#7587);
#6990=PLANE('',#7597);
#6991=PLANE('',#7604);
#6992=PLANE('',#7614);
#6993=PLANE('',#7621);
#6994=PLANE('',#7631);
#6995=PLANE('',#7638);
#6996=PLANE('',#7648);
#6997=PLANE('',#7655);
#6998=PLANE('',#7665);
#6999=PLANE('',#7672);
#7000=PLANE('',#7682);
#7001=PLANE('',#7689);
#7002=PLANE('',#7699);
#7003=PLANE('',#7706);
#7004=PLANE('',#7716);
#7005=PLANE('',#7723);
#7006=PLANE('',#7733);
#7007=PLANE('',#7740);
#7008=PLANE('',#7750);
#7009=PLANE('',#7757);
#7010=PLANE('',#7767);
#7011=PLANE('',#7774);
#7012=PLANE('',#7784);
#7013=PLANE('',#7791);
#7014=PLANE('',#7801);
#7015=PLANE('',#7808);
#7016=PLANE('',#7818);
#7017=PLANE('',#7825);
#7018=PLANE('',#7835);
#7019=PLANE('',#7842);
#7020=PLANE('',#7855);
#7021=PLANE('',#7859);
#7022=PLANE('',#7863);
#7023=PLANE('',#7867);
#7024=PLANE('',#7871);
#7025=PLANE('',#7875);
#7026=PLANE('',#7879);
#7027=PLANE('',#7883);
#7028=PLANE('',#7887);
#7029=PLANE('',#7891);
#7030=PLANE('',#7982);
#7031=PLANE('',#7986);
#7032=PLANE('',#7990);
#7033=PLANE('',#7994);
#7034=PLANE('',#7998);
#7035=PLANE('',#8002);
#7036=PLANE('',#8006);
#7037=PLANE('',#8010);
#7038=PLANE('',#8014);
#7039=PLANE('',#8018);
#7040=PLANE('',#8022);
#7041=PLANE('',#8026);
#7042=PLANE('',#8030);
#7043=PLANE('',#8034);
#7044=PLANE('',#8038);
#7045=PLANE('',#8042);
#7046=PLANE('',#8046);
#7047=PLANE('',#8050);
#7048=PLANE('',#8054);
#7049=PLANE('',#8058);
#7050=PLANE('',#8062);
#7051=PLANE('',#8063);
#7052=PLANE('',#8150);
#7053=PLANE('',#8153);
#7054=PLANE('',#8156);
#7055=PLANE('',#8159);
#7056=PLANE('',#8162);
#7057=PLANE('',#8163);
#7058=PLANE('',#8166);
#7059=PLANE('',#8169);
#7060=PLANE('',#8172);
#7061=PLANE('',#8175);
#7062=PLANE('',#8176);
#7063=PLANE('',#8179);
#7064=PLANE('',#8182);
#7065=PLANE('',#8185);
#7066=PLANE('',#8188);
#7067=PLANE('',#8191);
#7068=PLANE('',#8194);
#7069=PLANE('',#8197);
#7070=PLANE('',#8200);
#7071=PLANE('',#8201);
#7072=PLANE('',#8204);
#7073=PLANE('',#8207);
#7074=PLANE('',#8210);
#7075=PLANE('',#8213);
#7076=PLANE('',#8214);
#7077=PLANE('',#8215);
#7078=PLANE('',#8218);
#7079=PLANE('',#8221);
#7080=PLANE('',#8224);
#7081=PLANE('',#8227);
#7082=PLANE('',#8228);
#7083=PLANE('',#8231);
#7084=PLANE('',#8234);
#7085=PLANE('',#8237);
#7086=PLANE('',#8240);
#7087=PLANE('',#8241);
#7088=PLANE('',#8244);
#7089=PLANE('',#8247);
#7090=PLANE('',#8250);
#7091=PLANE('',#8253);
#7092=PLANE('',#8256);
#7093=PLANE('',#8259);
#7094=PLANE('',#8262);
#7095=PLANE('',#8265);
#7096=PLANE('',#8266);
#7097=PLANE('',#8267);
#7098=PLANE('',#8270);
#7099=PLANE('',#8273);
#7100=PLANE('',#8276);
#7101=PLANE('',#8279);
#7102=PLANE('',#8280);
#7103=PLANE('',#8283);
#7104=PLANE('',#8286);
#7105=PLANE('',#8289);
#7106=PLANE('',#8292);
#7107=PLANE('',#8293);
#7108=PLANE('',#8296);
#7109=PLANE('',#8299);
#7110=PLANE('',#8302);
#7111=PLANE('',#8305);
#7112=PLANE('',#8306);
#7113=PLANE('',#8309);
#7114=PLANE('',#8312);
#7115=PLANE('',#8315);
#7116=PLANE('',#8318);
#7117=PLANE('',#8321);
#7118=PLANE('',#8324);
#7119=PLANE('',#8327);
#7120=PLANE('',#8330);
#7121=PLANE('',#8331);
#7122=PLANE('',#8332);
#7123=PLANE('',#8335);
#7124=PLANE('',#8338);
#7125=PLANE('',#8341);
#7126=PLANE('',#8344);
#7127=PLANE('',#8345);
#7128=PLANE('',#8348);
#7129=PLANE('',#8351);
#7130=PLANE('',#8354);
#7131=PLANE('',#8357);
#7132=PLANE('',#8358);
#7133=PLANE('',#8361);
#7134=PLANE('',#8364);
#7135=PLANE('',#8367);
#7136=PLANE('',#8370);
#7137=PLANE('',#8371);
#7138=PLANE('',#8374);
#7139=PLANE('',#8377);
#7140=PLANE('',#8380);
#7141=PLANE('',#8383);
#7142=PLANE('',#8384);
#7143=PLANE('',#8387);
#7144=PLANE('',#8390);
#7145=PLANE('',#8393);
#7146=PLANE('',#8396);
#7147=PLANE('',#8397);
#7148=PLANE('',#8400);
#7149=PLANE('',#8403);
#7150=PLANE('',#8406);
#7151=PLANE('',#8409);
#7152=PLANE('',#8410);
#7153=PLANE('',#8413);
#7154=PLANE('',#8416);
#7155=PLANE('',#8419);
#7156=PLANE('',#8422);
#7157=PLANE('',#8430);
#7158=PLANE('',#8431);
#7159=ADVANCED_FACE('',(#804),#6988,.F.);
#7160=ADVANCED_FACE('',(#805),#577,.F.);
#7161=ADVANCED_FACE('',(#806),#578,.F.);
#7162=ADVANCED_FACE('',(#807),#6989,.F.);
#7163=ADVANCED_FACE('',(#808),#579,.F.);
#7164=ADVANCED_FACE('',(#809),#580,.T.);
#7165=ADVANCED_FACE('',(#810),#581,.F.);
#7166=ADVANCED_FACE('',(#811),#6990,.F.);
#7167=ADVANCED_FACE('',(#812),#582,.F.);
#7168=ADVANCED_FACE('',(#813),#583,.F.);
#7169=ADVANCED_FACE('',(#814),#6991,.F.);
#7170=ADVANCED_FACE('',(#815),#584,.F.);
#7171=ADVANCED_FACE('',(#816),#585,.F.);
#7172=ADVANCED_FACE('',(#817),#586,.F.);
#7173=ADVANCED_FACE('',(#818),#6992,.F.);
#7174=ADVANCED_FACE('',(#819),#587,.F.);
#7175=ADVANCED_FACE('',(#820),#588,.F.);
#7176=ADVANCED_FACE('',(#821),#6993,.F.);
#7177=ADVANCED_FACE('',(#822),#589,.F.);
#7178=ADVANCED_FACE('',(#823),#590,.T.);
#7179=ADVANCED_FACE('',(#824),#591,.F.);
#7180=ADVANCED_FACE('',(#825),#6994,.F.);
#7181=ADVANCED_FACE('',(#826),#592,.F.);
#7182=ADVANCED_FACE('',(#827),#593,.F.);
#7183=ADVANCED_FACE('',(#828),#6995,.F.);
#7184=ADVANCED_FACE('',(#829),#594,.F.);
#7185=ADVANCED_FACE('',(#830),#595,.F.);
#7186=ADVANCED_FACE('',(#831),#596,.F.);
#7187=ADVANCED_FACE('',(#832),#6996,.F.);
#7188=ADVANCED_FACE('',(#833),#597,.F.);
#7189=ADVANCED_FACE('',(#834),#598,.F.);
#7190=ADVANCED_FACE('',(#835),#6997,.F.);
#7191=ADVANCED_FACE('',(#836),#599,.F.);
#7192=ADVANCED_FACE('',(#837),#600,.T.);
#7193=ADVANCED_FACE('',(#838),#601,.F.);
#7194=ADVANCED_FACE('',(#839),#6998,.F.);
#7195=ADVANCED_FACE('',(#840),#602,.F.);
#7196=ADVANCED_FACE('',(#841),#603,.F.);
#7197=ADVANCED_FACE('',(#842),#6999,.F.);
#7198=ADVANCED_FACE('',(#843),#604,.F.);
#7199=ADVANCED_FACE('',(#844),#605,.F.);
#7200=ADVANCED_FACE('',(#845),#606,.F.);
#7201=ADVANCED_FACE('',(#846),#7000,.F.);
#7202=ADVANCED_FACE('',(#847),#607,.F.);
#7203=ADVANCED_FACE('',(#848),#608,.F.);
#7204=ADVANCED_FACE('',(#849),#7001,.F.);
#7205=ADVANCED_FACE('',(#850),#609,.F.);
#7206=ADVANCED_FACE('',(#851),#610,.T.);
#7207=ADVANCED_FACE('',(#852),#611,.F.);
#7208=ADVANCED_FACE('',(#853),#7002,.F.);
#7209=ADVANCED_FACE('',(#854),#612,.F.);
#7210=ADVANCED_FACE('',(#855),#613,.F.);
#7211=ADVANCED_FACE('',(#856),#7003,.F.);
#7212=ADVANCED_FACE('',(#857),#614,.F.);
#7213=ADVANCED_FACE('',(#858),#615,.F.);
#7214=ADVANCED_FACE('',(#859),#616,.F.);
#7215=ADVANCED_FACE('',(#860),#7004,.F.);
#7216=ADVANCED_FACE('',(#861),#617,.F.);
#7217=ADVANCED_FACE('',(#862),#618,.F.);
#7218=ADVANCED_FACE('',(#863),#7005,.F.);
#7219=ADVANCED_FACE('',(#864),#619,.F.);
#7220=ADVANCED_FACE('',(#865),#620,.T.);
#7221=ADVANCED_FACE('',(#866),#621,.F.);
#7222=ADVANCED_FACE('',(#867),#7006,.F.);
#7223=ADVANCED_FACE('',(#868),#622,.F.);
#7224=ADVANCED_FACE('',(#869),#623,.F.);
#7225=ADVANCED_FACE('',(#870),#7007,.F.);
#7226=ADVANCED_FACE('',(#871),#624,.F.);
#7227=ADVANCED_FACE('',(#872),#625,.F.);
#7228=ADVANCED_FACE('',(#873),#626,.F.);
#7229=ADVANCED_FACE('',(#874),#7008,.F.);
#7230=ADVANCED_FACE('',(#875),#627,.F.);
#7231=ADVANCED_FACE('',(#876),#628,.F.);
#7232=ADVANCED_FACE('',(#877),#7009,.F.);
#7233=ADVANCED_FACE('',(#878),#629,.F.);
#7234=ADVANCED_FACE('',(#879),#630,.T.);
#7235=ADVANCED_FACE('',(#880),#631,.F.);
#7236=ADVANCED_FACE('',(#881),#7010,.F.);
#7237=ADVANCED_FACE('',(#882),#632,.F.);
#7238=ADVANCED_FACE('',(#883),#633,.F.);
#7239=ADVANCED_FACE('',(#884),#7011,.F.);
#7240=ADVANCED_FACE('',(#885),#634,.F.);
#7241=ADVANCED_FACE('',(#886),#635,.F.);
#7242=ADVANCED_FACE('',(#887),#636,.F.);
#7243=ADVANCED_FACE('',(#888),#7012,.F.);
#7244=ADVANCED_FACE('',(#889),#637,.F.);
#7245=ADVANCED_FACE('',(#890),#638,.F.);
#7246=ADVANCED_FACE('',(#891),#7013,.F.);
#7247=ADVANCED_FACE('',(#892),#639,.F.);
#7248=ADVANCED_FACE('',(#893),#640,.T.);
#7249=ADVANCED_FACE('',(#894),#641,.F.);
#7250=ADVANCED_FACE('',(#895),#7014,.F.);
#7251=ADVANCED_FACE('',(#896),#642,.F.);
#7252=ADVANCED_FACE('',(#897),#643,.F.);
#7253=ADVANCED_FACE('',(#898),#7015,.F.);
#7254=ADVANCED_FACE('',(#899),#644,.F.);
#7255=ADVANCED_FACE('',(#900),#645,.F.);
#7256=ADVANCED_FACE('',(#901),#646,.F.);
#7257=ADVANCED_FACE('',(#902),#7016,.F.);
#7258=ADVANCED_FACE('',(#903),#647,.F.);
#7259=ADVANCED_FACE('',(#904),#648,.F.);
#7260=ADVANCED_FACE('',(#905),#7017,.F.);
#7261=ADVANCED_FACE('',(#906),#649,.F.);
#7262=ADVANCED_FACE('',(#907),#650,.T.);
#7263=ADVANCED_FACE('',(#908),#651,.F.);
#7264=ADVANCED_FACE('',(#909),#7018,.F.);
#7265=ADVANCED_FACE('',(#910),#652,.F.);
#7266=ADVANCED_FACE('',(#911),#653,.F.);
#7267=ADVANCED_FACE('',(#912),#7019,.F.);
#7268=ADVANCED_FACE('',(#913),#654,.F.);
#7269=ADVANCED_FACE('',(#914),#655,.F.);
#7270=ADVANCED_FACE('',(#915),#656,.F.);
#7271=ADVANCED_FACE('',(#916),#657,.F.);
#7272=ADVANCED_FACE('',(#917),#7020,.T.);
#7273=ADVANCED_FACE('',(#918),#658,.F.);
#7274=ADVANCED_FACE('',(#919),#7021,.T.);
#7275=ADVANCED_FACE('',(#920),#659,.F.);
#7276=ADVANCED_FACE('',(#921),#7022,.T.);
#7277=ADVANCED_FACE('',(#922),#660,.F.);
#7278=ADVANCED_FACE('',(#923),#7023,.T.);
#7279=ADVANCED_FACE('',(#924),#661,.F.);
#7280=ADVANCED_FACE('',(#925),#7024,.T.);
#7281=ADVANCED_FACE('',(#926),#662,.F.);
#7282=ADVANCED_FACE('',(#927),#7025,.T.);
#7283=ADVANCED_FACE('',(#928),#663,.F.);
#7284=ADVANCED_FACE('',(#929),#7026,.T.);
#7285=ADVANCED_FACE('',(#930),#664,.F.);
#7286=ADVANCED_FACE('',(#931),#7027,.T.);
#7287=ADVANCED_FACE('',(#932),#665,.F.);
#7288=ADVANCED_FACE('',(#933),#7028,.T.);
#7289=ADVANCED_FACE('',(#934),#666,.F.);
#7290=ADVANCED_FACE('',(#935),#7029,.T.);
#7291=ADVANCED_FACE('',(#936),#667,.F.);
#7292=ADVANCED_FACE('',(#937),#668,.F.);
#7293=ADVANCED_FACE('',(#938),#669,.F.);
#7294=ADVANCED_FACE('',(#939),#670,.F.);
#7295=ADVANCED_FACE('',(#940),#671,.F.);
#7296=ADVANCED_FACE('',(#941),#672,.F.);
#7297=ADVANCED_FACE('',(#942),#673,.F.);
#7298=ADVANCED_FACE('',(#943),#674,.F.);
#7299=ADVANCED_FACE('',(#944),#675,.F.);
#7300=ADVANCED_FACE('',(#945),#676,.F.);
#7301=ADVANCED_FACE('',(#946),#677,.F.);
#7302=ADVANCED_FACE('',(#947),#678,.F.);
#7303=ADVANCED_FACE('',(#948),#679,.F.);
#7304=ADVANCED_FACE('',(#949),#680,.F.);
#7305=ADVANCED_FACE('',(#950),#681,.F.);
#7306=ADVANCED_FACE('',(#951),#682,.F.);
#7307=ADVANCED_FACE('',(#952),#683,.F.);
#7308=ADVANCED_FACE('',(#953),#684,.F.);
#7309=ADVANCED_FACE('',(#954),#685,.F.);
#7310=ADVANCED_FACE('',(#955),#686,.F.);
#7311=ADVANCED_FACE('',(#956),#687,.F.);
#7312=ADVANCED_FACE('',(#957),#688,.F.);
#7313=ADVANCED_FACE('',(#958),#689,.F.);
#7314=ADVANCED_FACE('',(#959),#690,.F.);
#7315=ADVANCED_FACE('',(#960),#691,.F.);
#7316=ADVANCED_FACE('',(#961),#692,.F.);
#7317=ADVANCED_FACE('',(#962),#693,.F.);
#7318=ADVANCED_FACE('',(#963),#694,.F.);
#7319=ADVANCED_FACE('',(#964),#695,.F.);
#7320=ADVANCED_FACE('',(#965),#696,.F.);
#7321=ADVANCED_FACE('',(#966),#7030,.T.);
#7322=ADVANCED_FACE('',(#967),#697,.F.);
#7323=ADVANCED_FACE('',(#968),#7031,.T.);
#7324=ADVANCED_FACE('',(#969),#698,.F.);
#7325=ADVANCED_FACE('',(#970),#7032,.T.);
#7326=ADVANCED_FACE('',(#971),#699,.F.);
#7327=ADVANCED_FACE('',(#972),#7033,.T.);
#7328=ADVANCED_FACE('',(#973),#700,.F.);
#7329=ADVANCED_FACE('',(#974),#7034,.T.);
#7330=ADVANCED_FACE('',(#975),#701,.F.);
#7331=ADVANCED_FACE('',(#976),#7035,.T.);
#7332=ADVANCED_FACE('',(#977),#702,.F.);
#7333=ADVANCED_FACE('',(#978),#7036,.T.);
#7334=ADVANCED_FACE('',(#979),#703,.F.);
#7335=ADVANCED_FACE('',(#980),#7037,.T.);
#7336=ADVANCED_FACE('',(#981),#704,.F.);
#7337=ADVANCED_FACE('',(#982),#7038,.T.);
#7338=ADVANCED_FACE('',(#983),#705,.F.);
#7339=ADVANCED_FACE('',(#984),#7039,.T.);
#7340=ADVANCED_FACE('',(#985),#706,.F.);
#7341=ADVANCED_FACE('',(#986),#7040,.T.);
#7342=ADVANCED_FACE('',(#987),#707,.F.);
#7343=ADVANCED_FACE('',(#988),#7041,.T.);
#7344=ADVANCED_FACE('',(#989),#708,.F.);
#7345=ADVANCED_FACE('',(#990),#7042,.T.);
#7346=ADVANCED_FACE('',(#991),#709,.F.);
#7347=ADVANCED_FACE('',(#992),#7043,.T.);
#7348=ADVANCED_FACE('',(#993),#710,.F.);
#7349=ADVANCED_FACE('',(#994),#7044,.T.);
#7350=ADVANCED_FACE('',(#995),#711,.F.);
#7351=ADVANCED_FACE('',(#996),#7045,.T.);
#7352=ADVANCED_FACE('',(#997),#712,.F.);
#7353=ADVANCED_FACE('',(#998),#7046,.T.);
#7354=ADVANCED_FACE('',(#999),#713,.F.);
#7355=ADVANCED_FACE('',(#1000),#7047,.T.);
#7356=ADVANCED_FACE('',(#1001),#714,.F.);
#7357=ADVANCED_FACE('',(#1002),#7048,.T.);
#7358=ADVANCED_FACE('',(#1003),#715,.F.);
#7359=ADVANCED_FACE('',(#1004),#7049,.T.);
#7360=ADVANCED_FACE('',(#1005),#716,.F.);
#7361=ADVANCED_FACE('',(#1006),#7050,.T.);
#7362=ADVANCED_FACE('',(#1007,#15,#16,#17,#18,#19,#20,#21,#22,#23,#24,#25,
#26,#27,#28,#29,#30,#31,#32,#33,#34,#35,#36,#37,#38,#39,#40,#41,#42,#43,
#44,#45,#46),#7051,.T.);
#7363=ADVANCED_FACE('',(#1008),#7052,.F.);
#7364=ADVANCED_FACE('',(#1009),#717,.F.);
#7365=ADVANCED_FACE('',(#1010),#7053,.F.);
#7366=ADVANCED_FACE('',(#1011),#718,.F.);
#7367=ADVANCED_FACE('',(#1012),#7054,.F.);
#7368=ADVANCED_FACE('',(#1013),#719,.F.);
#7369=ADVANCED_FACE('',(#1014),#7055,.F.);
#7370=ADVANCED_FACE('',(#1015),#720,.F.);
#7371=ADVANCED_FACE('',(#1016,#47),#7056,.T.);
#7372=ADVANCED_FACE('',(#1017),#7057,.F.);
#7373=ADVANCED_FACE('',(#1018),#721,.F.);
#7374=ADVANCED_FACE('',(#1019),#7058,.F.);
#7375=ADVANCED_FACE('',(#1020),#722,.F.);
#7376=ADVANCED_FACE('',(#1021),#7059,.F.);
#7377=ADVANCED_FACE('',(#1022),#723,.F.);
#7378=ADVANCED_FACE('',(#1023),#7060,.F.);
#7379=ADVANCED_FACE('',(#1024),#724,.F.);
#7380=ADVANCED_FACE('',(#1025,#48),#7061,.T.);
#7381=ADVANCED_FACE('',(#1026),#7062,.F.);
#7382=ADVANCED_FACE('',(#1027),#725,.F.);
#7383=ADVANCED_FACE('',(#1028),#7063,.F.);
#7384=ADVANCED_FACE('',(#1029),#726,.F.);
#7385=ADVANCED_FACE('',(#1030),#7064,.F.);
#7386=ADVANCED_FACE('',(#1031),#727,.F.);
#7387=ADVANCED_FACE('',(#1032),#7065,.F.);
#7388=ADVANCED_FACE('',(#1033),#728,.F.);
#7389=ADVANCED_FACE('',(#1034,#49),#7066,.T.);
#7390=ADVANCED_FACE('',(#1035),#729,.F.);
#7391=ADVANCED_FACE('',(#1036),#7067,.F.);
#7392=ADVANCED_FACE('',(#1037),#730,.F.);
#7393=ADVANCED_FACE('',(#1038),#7068,.F.);
#7394=ADVANCED_FACE('',(#1039),#731,.F.);
#7395=ADVANCED_FACE('',(#1040),#7069,.F.);
#7396=ADVANCED_FACE('',(#1041),#732,.F.);
#7397=ADVANCED_FACE('',(#1042),#7070,.F.);
#7398=ADVANCED_FACE('',(#1043,#50),#7071,.T.);
#7399=ADVANCED_FACE('',(#1044),#733,.F.);
#7400=ADVANCED_FACE('',(#1045),#7072,.F.);
#7401=ADVANCED_FACE('',(#1046),#734,.F.);
#7402=ADVANCED_FACE('',(#1047),#7073,.F.);
#7403=ADVANCED_FACE('',(#1048),#735,.F.);
#7404=ADVANCED_FACE('',(#1049),#7074,.F.);
#7405=ADVANCED_FACE('',(#1050),#736,.F.);
#7406=ADVANCED_FACE('',(#1051),#7075,.F.);
#7407=ADVANCED_FACE('',(#1052,#51),#7076,.T.);
#7408=ADVANCED_FACE('',(#1053),#7077,.F.);
#7409=ADVANCED_FACE('',(#1054),#737,.F.);
#7410=ADVANCED_FACE('',(#1055),#7078,.F.);
#7411=ADVANCED_FACE('',(#1056),#738,.F.);
#7412=ADVANCED_FACE('',(#1057),#7079,.F.);
#7413=ADVANCED_FACE('',(#1058),#739,.F.);
#7414=ADVANCED_FACE('',(#1059),#7080,.F.);
#7415=ADVANCED_FACE('',(#1060),#740,.F.);
#7416=ADVANCED_FACE('',(#1061,#52),#7081,.T.);
#7417=ADVANCED_FACE('',(#1062),#7082,.F.);
#7418=ADVANCED_FACE('',(#1063),#741,.F.);
#7419=ADVANCED_FACE('',(#1064),#7083,.F.);
#7420=ADVANCED_FACE('',(#1065),#742,.F.);
#7421=ADVANCED_FACE('',(#1066),#7084,.F.);
#7422=ADVANCED_FACE('',(#1067),#743,.F.);
#7423=ADVANCED_FACE('',(#1068),#7085,.F.);
#7424=ADVANCED_FACE('',(#1069),#744,.F.);
#7425=ADVANCED_FACE('',(#1070,#53),#7086,.T.);
#7426=ADVANCED_FACE('',(#1071),#7087,.F.);
#7427=ADVANCED_FACE('',(#1072),#745,.F.);
#7428=ADVANCED_FACE('',(#1073),#7088,.F.);
#7429=ADVANCED_FACE('',(#1074),#746,.F.);
#7430=ADVANCED_FACE('',(#1075),#7089,.F.);
#7431=ADVANCED_FACE('',(#1076),#747,.F.);
#7432=ADVANCED_FACE('',(#1077),#7090,.F.);
#7433=ADVANCED_FACE('',(#1078),#748,.F.);
#7434=ADVANCED_FACE('',(#1079,#54),#7091,.T.);
#7435=ADVANCED_FACE('',(#1080),#749,.F.);
#7436=ADVANCED_FACE('',(#1081),#7092,.F.);
#7437=ADVANCED_FACE('',(#1082),#750,.F.);
#7438=ADVANCED_FACE('',(#1083),#7093,.F.);
#7439=ADVANCED_FACE('',(#1084),#751,.F.);
#7440=ADVANCED_FACE('',(#1085),#7094,.F.);
#7441=ADVANCED_FACE('',(#1086),#752,.F.);
#7442=ADVANCED_FACE('',(#1087),#7095,.F.);
#7443=ADVANCED_FACE('',(#1088,#55),#7096,.T.);
#7444=ADVANCED_FACE('',(#1089),#7097,.F.);
#7445=ADVANCED_FACE('',(#1090),#753,.F.);
#7446=ADVANCED_FACE('',(#1091),#7098,.F.);
#7447=ADVANCED_FACE('',(#1092),#754,.F.);
#7448=ADVANCED_FACE('',(#1093),#7099,.F.);
#7449=ADVANCED_FACE('',(#1094),#755,.F.);
#7450=ADVANCED_FACE('',(#1095),#7100,.F.);
#7451=ADVANCED_FACE('',(#1096),#756,.F.);
#7452=ADVANCED_FACE('',(#1097,#56),#7101,.T.);
#7453=ADVANCED_FACE('',(#1098),#7102,.F.);
#7454=ADVANCED_FACE('',(#1099),#757,.F.);
#7455=ADVANCED_FACE('',(#1100),#7103,.F.);
#7456=ADVANCED_FACE('',(#1101),#758,.F.);
#7457=ADVANCED_FACE('',(#1102),#7104,.F.);
#7458=ADVANCED_FACE('',(#1103),#759,.F.);
#7459=ADVANCED_FACE('',(#1104),#7105,.F.);
#7460=ADVANCED_FACE('',(#1105),#760,.F.);
#7461=ADVANCED_FACE('',(#1106,#57),#7106,.T.);
#7462=ADVANCED_FACE('',(#1107),#7107,.F.);
#7463=ADVANCED_FACE('',(#1108),#761,.F.);
#7464=ADVANCED_FACE('',(#1109),#7108,.F.);
#7465=ADVANCED_FACE('',(#1110),#762,.F.);
#7466=ADVANCED_FACE('',(#1111),#7109,.F.);
#7467=ADVANCED_FACE('',(#1112),#763,.F.);
#7468=ADVANCED_FACE('',(#1113),#7110,.F.);
#7469=ADVANCED_FACE('',(#1114),#764,.F.);
#7470=ADVANCED_FACE('',(#1115,#58),#7111,.T.);
#7471=ADVANCED_FACE('',(#1116),#7112,.F.);
#7472=ADVANCED_FACE('',(#1117),#765,.F.);
#7473=ADVANCED_FACE('',(#1118),#7113,.F.);
#7474=ADVANCED_FACE('',(#1119),#766,.F.);
#7475=ADVANCED_FACE('',(#1120),#7114,.F.);
#7476=ADVANCED_FACE('',(#1121),#767,.F.);
#7477=ADVANCED_FACE('',(#1122),#7115,.F.);
#7478=ADVANCED_FACE('',(#1123),#768,.F.);
#7479=ADVANCED_FACE('',(#1124,#59),#7116,.T.);
#7480=ADVANCED_FACE('',(#1125),#769,.F.);
#7481=ADVANCED_FACE('',(#1126),#7117,.F.);
#7482=ADVANCED_FACE('',(#1127),#770,.F.);
#7483=ADVANCED_FACE('',(#1128),#7118,.F.);
#7484=ADVANCED_FACE('',(#1129),#771,.F.);
#7485=ADVANCED_FACE('',(#1130),#7119,.F.);
#7486=ADVANCED_FACE('',(#1131),#772,.F.);
#7487=ADVANCED_FACE('',(#1132),#7120,.F.);
#7488=ADVANCED_FACE('',(#1133,#60),#7121,.T.);
#7489=ADVANCED_FACE('',(#1134),#7122,.F.);
#7490=ADVANCED_FACE('',(#1135),#773,.F.);
#7491=ADVANCED_FACE('',(#1136),#7123,.F.);
#7492=ADVANCED_FACE('',(#1137),#774,.F.);
#7493=ADVANCED_FACE('',(#1138),#7124,.F.);
#7494=ADVANCED_FACE('',(#1139),#775,.F.);
#7495=ADVANCED_FACE('',(#1140),#7125,.F.);
#7496=ADVANCED_FACE('',(#1141),#776,.F.);
#7497=ADVANCED_FACE('',(#1142,#61),#7126,.T.);
#7498=ADVANCED_FACE('',(#1143),#7127,.F.);
#7499=ADVANCED_FACE('',(#1144),#777,.F.);
#7500=ADVANCED_FACE('',(#1145),#7128,.F.);
#7501=ADVANCED_FACE('',(#1146),#778,.F.);
#7502=ADVANCED_FACE('',(#1147),#7129,.F.);
#7503=ADVANCED_FACE('',(#1148),#779,.F.);
#7504=ADVANCED_FACE('',(#1149),#7130,.F.);
#7505=ADVANCED_FACE('',(#1150),#780,.F.);
#7506=ADVANCED_FACE('',(#1151,#62),#7131,.T.);
#7507=ADVANCED_FACE('',(#1152),#7132,.F.);
#7508=ADVANCED_FACE('',(#1153),#781,.F.);
#7509=ADVANCED_FACE('',(#1154),#7133,.F.);
#7510=ADVANCED_FACE('',(#1155),#782,.F.);
#7511=ADVANCED_FACE('',(#1156),#7134,.F.);
#7512=ADVANCED_FACE('',(#1157),#783,.F.);
#7513=ADVANCED_FACE('',(#1158),#7135,.F.);
#7514=ADVANCED_FACE('',(#1159),#784,.F.);
#7515=ADVANCED_FACE('',(#1160,#63),#7136,.T.);
#7516=ADVANCED_FACE('',(#1161),#7137,.F.);
#7517=ADVANCED_FACE('',(#1162),#785,.F.);
#7518=ADVANCED_FACE('',(#1163),#7138,.F.);
#7519=ADVANCED_FACE('',(#1164),#786,.F.);
#7520=ADVANCED_FACE('',(#1165),#7139,.F.);
#7521=ADVANCED_FACE('',(#1166),#787,.F.);
#7522=ADVANCED_FACE('',(#1167),#7140,.F.);
#7523=ADVANCED_FACE('',(#1168),#788,.F.);
#7524=ADVANCED_FACE('',(#1169,#64),#7141,.T.);
#7525=ADVANCED_FACE('',(#1170),#7142,.F.);
#7526=ADVANCED_FACE('',(#1171),#789,.F.);
#7527=ADVANCED_FACE('',(#1172),#7143,.F.);
#7528=ADVANCED_FACE('',(#1173),#790,.F.);
#7529=ADVANCED_FACE('',(#1174),#7144,.F.);
#7530=ADVANCED_FACE('',(#1175),#791,.F.);
#7531=ADVANCED_FACE('',(#1176),#7145,.F.);
#7532=ADVANCED_FACE('',(#1177),#792,.F.);
#7533=ADVANCED_FACE('',(#1178,#65),#7146,.T.);
#7534=ADVANCED_FACE('',(#1179),#7147,.F.);
#7535=ADVANCED_FACE('',(#1180),#793,.F.);
#7536=ADVANCED_FACE('',(#1181),#7148,.F.);
#7537=ADVANCED_FACE('',(#1182),#794,.F.);
#7538=ADVANCED_FACE('',(#1183),#7149,.F.);
#7539=ADVANCED_FACE('',(#1184),#795,.F.);
#7540=ADVANCED_FACE('',(#1185),#7150,.F.);
#7541=ADVANCED_FACE('',(#1186),#796,.F.);
#7542=ADVANCED_FACE('',(#1187,#66),#7151,.T.);
#7543=ADVANCED_FACE('',(#1188),#7152,.F.);
#7544=ADVANCED_FACE('',(#1189),#797,.F.);
#7545=ADVANCED_FACE('',(#1190),#7153,.F.);
#7546=ADVANCED_FACE('',(#1191),#798,.F.);
#7547=ADVANCED_FACE('',(#1192),#7154,.F.);
#7548=ADVANCED_FACE('',(#1193),#799,.F.);
#7549=ADVANCED_FACE('',(#1194),#7155,.F.);
#7550=ADVANCED_FACE('',(#1195),#800,.F.);
#7551=ADVANCED_FACE('',(#1196,#67),#7156,.T.);
#7552=ADVANCED_FACE('',(#1197),#801,.T.);
#7553=ADVANCED_FACE('',(#1198),#802,.F.);
#7554=ADVANCED_FACE('',(#1199),#803,.T.);
#7555=ADVANCED_FACE('',(#1200,#68,#69,#70,#71,#72,#73,#74,#75,#76,#77,#78,
#79,#80,#81,#82,#83,#84),#7157,.T.);
#7556=ADVANCED_FACE('',(#1201,#85,#86,#87,#88,#89,#90,#91,#92,#93,#94,#95,
#96,#97,#98,#99,#100,#101,#102,#103,#104,#105,#106,#107,#108,#109,#110,
#111,#112,#113,#114,#115,#116,#117,#118,#119,#120,#121,#122),#7158,.F.);
#7557=CLOSED_SHELL('',(#7159,#7160,#7161,#7162,#7163,#7164,#7165,#7166,
#7167,#7168,#7169,#7170,#7171,#7172,#7173,#7174,#7175,#7176,#7177,#7178,
#7179,#7180,#7181,#7182,#7183,#7184,#7185,#7186,#7187,#7188,#7189,#7190,
#7191,#7192,#7193,#7194,#7195,#7196,#7197,#7198,#7199,#7200,#7201,#7202,
#7203,#7204,#7205,#7206,#7207,#7208,#7209,#7210,#7211,#7212,#7213,#7214,
#7215,#7216,#7217,#7218,#7219,#7220,#7221,#7222,#7223,#7224,#7225,#7226,
#7227,#7228,#7229,#7230,#7231,#7232,#7233,#7234,#7235,#7236,#7237,#7238,
#7239,#7240,#7241,#7242,#7243,#7244,#7245,#7246,#7247,#7248,#7249,#7250,
#7251,#7252,#7253,#7254,#7255,#7256,#7257,#7258,#7259,#7260,#7261,#7262,
#7263,#7264,#7265,#7266,#7267,#7268,#7269,#7270,#7271,#7272,#7273,#7274,
#7275,#7276,#7277,#7278,#7279,#7280,#7281,#7282,#7283,#7284,#7285,#7286,
#7287,#7288,#7289,#7290,#7291,#7292,#7293,#7294,#7295,#7296,#7297,#7298,
#7299,#7300,#7301,#7302,#7303,#7304,#7305,#7306,#7307,#7308,#7309,#7310,
#7311,#7312,#7313,#7314,#7315,#7316,#7317,#7318,#7319,#7320,#7321,#7322,
#7323,#7324,#7325,#7326,#7327,#7328,#7329,#7330,#7331,#7332,#7333,#7334,
#7335,#7336,#7337,#7338,#7339,#7340,#7341,#7342,#7343,#7344,#7345,#7346,
#7347,#7348,#7349,#7350,#7351,#7352,#7353,#7354,#7355,#7356,#7357,#7358,
#7359,#7360,#7361,#7362,#7363,#7364,#7365,#7366,#7367,#7368,#7369,#7370,
#7371,#7372,#7373,#7374,#7375,#7376,#7377,#7378,#7379,#7380,#7381,#7382,
#7383,#7384,#7385,#7386,#7387,#7388,#7389,#7390,#7391,#7392,#7393,#7394,
#7395,#7396,#7397,#7398,#7399,#7400,#7401,#7402,#7403,#7404,#7405,#7406,
#7407,#7408,#7409,#7410,#7411,#7412,#7413,#7414,#7415,#7416,#7417,#7418,
#7419,#7420,#7421,#7422,#7423,#7424,#7425,#7426,#7427,#7428,#7429,#7430,
#7431,#7432,#7433,#7434,#7435,#7436,#7437,#7438,#7439,#7440,#7441,#7442,
#7443,#7444,#7445,#7446,#7447,#7448,#7449,#7450,#7451,#7452,#7453,#7454,
#7455,#7456,#7457,#7458,#7459,#7460,#7461,#7462,#7463,#7464,#7465,#7466,
#7467,#7468,#7469,#7470,#7471,#7472,#7473,#7474,#7475,#7476,#7477,#7478,
#7479,#7480,#7481,#7482,#7483,#7484,#7485,#7486,#7487,#7488,#7489,#7490,
#7491,#7492,#7493,#7494,#7495,#7496,#7497,#7498,#7499,#7500,#7501,#7502,
#7503,#7504,#7505,#7506,#7507,#7508,#7509,#7510,#7511,#7512,#7513,#7514,
#7515,#7516,#7517,#7518,#7519,#7520,#7521,#7522,#7523,#7524,#7525,#7526,
#7527,#7528,#7529,#7530,#7531,#7532,#7533,#7534,#7535,#7536,#7537,#7538,
#7539,#7540,#7541,#7542,#7543,#7544,#7545,#7546,#7547,#7548,#7549,#7550,
#7551,#7552,#7553,#7554,#7555,#7556));
#7558=DERIVED_UNIT_ELEMENT(#7561,1.);
#7559=DERIVED_UNIT_ELEMENT(#13000,-3.);
#7560=DIMENSIONAL_EXPONENTS(0.,1.,0.,0.,0.,0.,0.);
#7561=(
CONVERSION_BASED_UNIT('gram',#7563)
MASS_UNIT()
NAMED_UNIT(#7560)
);
#7562=(
MASS_UNIT()
NAMED_UNIT(*)
SI_UNIT(.KILO.,.GRAM.)
);
#7563=MASS_MEASURE_WITH_UNIT(MASS_MEASURE(0.001),#7562);
#7564=DERIVED_UNIT((#7558,#7559));
#7565=MEASURE_REPRESENTATION_ITEM('density measure',
POSITIVE_RATIO_MEASURE(1.),#7564);
#7566=PROPERTY_DEFINITION_REPRESENTATION(#7571,#7568);
#7567=PROPERTY_DEFINITION_REPRESENTATION(#7572,#7569);
#7568=REPRESENTATION('material name',(#7570),#12997);
#7569=REPRESENTATION('density',(#7565),#12997);
#7570=DESCRIPTIVE_REPRESENTATION_ITEM('Generic','Generic');
#7571=PROPERTY_DEFINITION('material property','material name',#13007);
#7572=PROPERTY_DEFINITION('material property','density of part',#13007);
#7573=DATE_TIME_ROLE('creation_date');
#7574=APPLIED_DATE_AND_TIME_ASSIGNMENT(#7575,#7573,(#13007));
#7575=DATE_AND_TIME(#7576,#7577);
#7576=CALENDAR_DATE(2025,23,4);
#7577=LOCAL_TIME(0,0,0.,#7578);
#7578=COORDINATED_UNIVERSAL_TIME_OFFSET(0,0,.BEHIND.);
#7579=AXIS2_PLACEMENT_3D('',#10776,#8432,#8433);
#7580=AXIS2_PLACEMENT_3D('',#10777,#8434,#8435);
#7581=AXIS2_PLACEMENT_3D('',#10786,#8440,#8441);
#7582=AXIS2_PLACEMENT_3D('',#10788,#8442,#8443);
#7583=AXIS2_PLACEMENT_3D('',#10790,#8444,#8445);
#7584=AXIS2_PLACEMENT_3D('',#10792,#8447,#8448);
#7585=AXIS2_PLACEMENT_3D('',#10794,#8449,#8450);
#7586=AXIS2_PLACEMENT_3D('',#10796,#8451,#8452);
#7587=AXIS2_PLACEMENT_3D('',#10798,#8454,#8455);
#7588=AXIS2_PLACEMENT_3D('',#10804,#8459,#8460);
#7589=AXIS2_PLACEMENT_3D('',#10806,#8461,#8462);
#7590=AXIS2_PLACEMENT_3D('',#10808,#8463,#8464);
#7591=AXIS2_PLACEMENT_3D('',#10810,#8466,#8467);
#7592=AXIS2_PLACEMENT_3D('',#10812,#8468,#8469);
#7593=AXIS2_PLACEMENT_3D('',#10814,#8470,#8471);
#7594=AXIS2_PLACEMENT_3D('',#10816,#8473,#8474);
#7595=AXIS2_PLACEMENT_3D('',#10818,#8475,#8476);
#7596=AXIS2_PLACEMENT_3D('',#10820,#8477,#8478);
#7597=AXIS2_PLACEMENT_3D('',#10822,#8480,#8481);
#7598=AXIS2_PLACEMENT_3D('',#10828,#8485,#8486);
#7599=AXIS2_PLACEMENT_3D('',#10830,#8487,#8488);
#7600=AXIS2_PLACEMENT_3D('',#10832,#8489,#8490);
#7601=AXIS2_PLACEMENT_3D('',#10834,#8492,#8493);
#7602=AXIS2_PLACEMENT_3D('',#10836,#8494,#8495);
#7603=AXIS2_PLACEMENT_3D('',#10838,#8496,#8497);
#7604=AXIS2_PLACEMENT_3D('',#10840,#8499,#8500);
#7605=AXIS2_PLACEMENT_3D('',#10846,#8504,#8505);
#7606=AXIS2_PLACEMENT_3D('',#10848,#8506,#8507);
#7607=AXIS2_PLACEMENT_3D('',#10850,#8508,#8509);
#7608=AXIS2_PLACEMENT_3D('',#10852,#8511,#8512);
#7609=AXIS2_PLACEMENT_3D('',#10854,#8513,#8514);
#7610=AXIS2_PLACEMENT_3D('',#10856,#8515,#8516);
#7611=AXIS2_PLACEMENT_3D('',#10858,#8518,#8519);
#7612=AXIS2_PLACEMENT_3D('',#10859,#8520,#8521);
#7613=AXIS2_PLACEMENT_3D('',#10860,#8522,#8523);
#7614=AXIS2_PLACEMENT_3D('',#10861,#8524,#8525);
#7615=AXIS2_PLACEMENT_3D('',#10870,#8530,#8531);
#7616=AXIS2_PLACEMENT_3D('',#10872,#8532,#8533);
#7617=AXIS2_PLACEMENT_3D('',#10874,#8534,#8535);
#7618=AXIS2_PLACEMENT_3D('',#10876,#8537,#8538);
#7619=AXIS2_PLACEMENT_3D('',#10878,#8539,#8540);
#7620=AXIS2_PLACEMENT_3D('',#10880,#8541,#8542);
#7621=AXIS2_PLACEMENT_3D('',#10882,#8544,#8545);
#7622=AXIS2_PLACEMENT_3D('',#10888,#8549,#8550);
#7623=AXIS2_PLACEMENT_3D('',#10890,#8551,#8552);
#7624=AXIS2_PLACEMENT_3D('',#10892,#8553,#8554);
#7625=AXIS2_PLACEMENT_3D('',#10894,#8556,#8557);
#7626=AXIS2_PLACEMENT_3D('',#10896,#8558,#8559);
#7627=AXIS2_PLACEMENT_3D('',#10898,#8560,#8561);
#7628=AXIS2_PLACEMENT_3D('',#10900,#8563,#8564);
#7629=AXIS2_PLACEMENT_3D('',#10902,#8565,#8566);
#7630=AXIS2_PLACEMENT_3D('',#10904,#8567,#8568);
#7631=AXIS2_PLACEMENT_3D('',#10906,#8570,#8571);
#7632=AXIS2_PLACEMENT_3D('',#10912,#8575,#8576);
#7633=AXIS2_PLACEMENT_3D('',#10914,#8577,#8578);
#7634=AXIS2_PLACEMENT_3D('',#10916,#8579,#8580);
#7635=AXIS2_PLACEMENT_3D('',#10918,#8582,#8583);
#7636=AXIS2_PLACEMENT_3D('',#10920,#8584,#8585);
#7637=AXIS2_PLACEMENT_3D('',#10922,#8586,#8587);
#7638=AXIS2_PLACEMENT_3D('',#10924,#8589,#8590);
#7639=AXIS2_PLACEMENT_3D('',#10930,#8594,#8595);
#7640=AXIS2_PLACEMENT_3D('',#10932,#8596,#8597);
#7641=AXIS2_PLACEMENT_3D('',#10934,#8598,#8599);
#7642=AXIS2_PLACEMENT_3D('',#10936,#8601,#8602);
#7643=AXIS2_PLACEMENT_3D('',#10938,#8603,#8604);
#7644=AXIS2_PLACEMENT_3D('',#10940,#8605,#8606);
#7645=AXIS2_PLACEMENT_3D('',#10942,#8608,#8609);
#7646=AXIS2_PLACEMENT_3D('',#10943,#8610,#8611);
#7647=AXIS2_PLACEMENT_3D('',#10944,#8612,#8613);
#7648=AXIS2_PLACEMENT_3D('',#10945,#8614,#8615);
#7649=AXIS2_PLACEMENT_3D('',#10954,#8620,#8621);
#7650=AXIS2_PLACEMENT_3D('',#10956,#8622,#8623);
#7651=AXIS2_PLACEMENT_3D('',#10958,#8624,#8625);
#7652=AXIS2_PLACEMENT_3D('',#10960,#8627,#8628);
#7653=AXIS2_PLACEMENT_3D('',#10962,#8629,#8630);
#7654=AXIS2_PLACEMENT_3D('',#10964,#8631,#8632);
#7655=AXIS2_PLACEMENT_3D('',#10966,#8634,#8635);
#7656=AXIS2_PLACEMENT_3D('',#10972,#8639,#8640);
#7657=AXIS2_PLACEMENT_3D('',#10974,#8641,#8642);
#7658=AXIS2_PLACEMENT_3D('',#10976,#8643,#8644);
#7659=AXIS2_PLACEMENT_3D('',#10978,#8646,#8647);
#7660=AXIS2_PLACEMENT_3D('',#10980,#8648,#8649);
#7661=AXIS2_PLACEMENT_3D('',#10982,#8650,#8651);
#7662=AXIS2_PLACEMENT_3D('',#10984,#8653,#8654);
#7663=AXIS2_PLACEMENT_3D('',#10986,#8655,#8656);
#7664=AXIS2_PLACEMENT_3D('',#10988,#8657,#8658);
#7665=AXIS2_PLACEMENT_3D('',#10990,#8660,#8661);
#7666=AXIS2_PLACEMENT_3D('',#10996,#8665,#8666);
#7667=AXIS2_PLACEMENT_3D('',#10998,#8667,#8668);
#7668=AXIS2_PLACEMENT_3D('',#11000,#8669,#8670);
#7669=AXIS2_PLACEMENT_3D('',#11002,#8672,#8673);
#7670=AXIS2_PLACEMENT_3D('',#11004,#8674,#8675);
#7671=AXIS2_PLACEMENT_3D('',#11006,#8676,#8677);
#7672=AXIS2_PLACEMENT_3D('',#11008,#8679,#8680);
#7673=AXIS2_PLACEMENT_3D('',#11014,#8684,#8685);
#7674=AXIS2_PLACEMENT_3D('',#11016,#8686,#8687);
#7675=AXIS2_PLACEMENT_3D('',#11018,#8688,#8689);
#7676=AXIS2_PLACEMENT_3D('',#11020,#8691,#8692);
#7677=AXIS2_PLACEMENT_3D('',#11022,#8693,#8694);
#7678=AXIS2_PLACEMENT_3D('',#11024,#8695,#8696);
#7679=AXIS2_PLACEMENT_3D('',#11026,#8698,#8699);
#7680=AXIS2_PLACEMENT_3D('',#11027,#8700,#8701);
#7681=AXIS2_PLACEMENT_3D('',#11028,#8702,#8703);
#7682=AXIS2_PLACEMENT_3D('',#11029,#8704,#8705);
#7683=AXIS2_PLACEMENT_3D('',#11038,#8710,#8711);
#7684=AXIS2_PLACEMENT_3D('',#11040,#8712,#8713);
#7685=AXIS2_PLACEMENT_3D('',#11042,#8714,#8715);
#7686=AXIS2_PLACEMENT_3D('',#11044,#8717,#8718);
#7687=AXIS2_PLACEMENT_3D('',#11046,#8719,#8720);
#7688=AXIS2_PLACEMENT_3D('',#11048,#8721,#8722);
#7689=AXIS2_PLACEMENT_3D('',#11050,#8724,#8725);
#7690=AXIS2_PLACEMENT_3D('',#11056,#8729,#8730);
#7691=AXIS2_PLACEMENT_3D('',#11058,#8731,#8732);
#7692=AXIS2_PLACEMENT_3D('',#11060,#8733,#8734);
#7693=AXIS2_PLACEMENT_3D('',#11062,#8736,#8737);
#7694=AXIS2_PLACEMENT_3D('',#11064,#8738,#8739);
#7695=AXIS2_PLACEMENT_3D('',#11066,#8740,#8741);
#7696=AXIS2_PLACEMENT_3D('',#11068,#8743,#8744);
#7697=AXIS2_PLACEMENT_3D('',#11070,#8745,#8746);
#7698=AXIS2_PLACEMENT_3D('',#11072,#8747,#8748);
#7699=AXIS2_PLACEMENT_3D('',#11074,#8750,#8751);
#7700=AXIS2_PLACEMENT_3D('',#11080,#8755,#8756);
#7701=AXIS2_PLACEMENT_3D('',#11082,#8757,#8758);
#7702=AXIS2_PLACEMENT_3D('',#11084,#8759,#8760);
#7703=AXIS2_PLACEMENT_3D('',#11086,#8762,#8763);
#7704=AXIS2_PLACEMENT_3D('',#11088,#8764,#8765);
#7705=AXIS2_PLACEMENT_3D('',#11090,#8766,#8767);
#7706=AXIS2_PLACEMENT_3D('',#11092,#8769,#8770);
#7707=AXIS2_PLACEMENT_3D('',#11098,#8774,#8775);
#7708=AXIS2_PLACEMENT_3D('',#11100,#8776,#8777);
#7709=AXIS2_PLACEMENT_3D('',#11102,#8778,#8779);
#7710=AXIS2_PLACEMENT_3D('',#11104,#8781,#8782);
#7711=AXIS2_PLACEMENT_3D('',#11106,#8783,#8784);
#7712=AXIS2_PLACEMENT_3D('',#11108,#8785,#8786);
#7713=AXIS2_PLACEMENT_3D('',#11110,#8788,#8789);
#7714=AXIS2_PLACEMENT_3D('',#11111,#8790,#8791);
#7715=AXIS2_PLACEMENT_3D('',#11112,#8792,#8793);
#7716=AXIS2_PLACEMENT_3D('',#11113,#8794,#8795);
#7717=AXIS2_PLACEMENT_3D('',#11122,#8800,#8801);
#7718=AXIS2_PLACEMENT_3D('',#11124,#8802,#8803);
#7719=AXIS2_PLACEMENT_3D('',#11126,#8804,#8805);
#7720=AXIS2_PLACEMENT_3D('',#11128,#8807,#8808);
#7721=AXIS2_PLACEMENT_3D('',#11130,#8809,#8810);
#7722=AXIS2_PLACEMENT_3D('',#11132,#8811,#8812);
#7723=AXIS2_PLACEMENT_3D('',#11134,#8814,#8815);
#7724=AXIS2_PLACEMENT_3D('',#11140,#8819,#8820);
#7725=AXIS2_PLACEMENT_3D('',#11142,#8821,#8822);
#7726=AXIS2_PLACEMENT_3D('',#11144,#8823,#8824);
#7727=AXIS2_PLACEMENT_3D('',#11146,#8826,#8827);
#7728=AXIS2_PLACEMENT_3D('',#11148,#8828,#8829);
#7729=AXIS2_PLACEMENT_3D('',#11150,#8830,#8831);
#7730=AXIS2_PLACEMENT_3D('',#11152,#8833,#8834);
#7731=AXIS2_PLACEMENT_3D('',#11154,#8835,#8836);
#7732=AXIS2_PLACEMENT_3D('',#11156,#8837,#8838);
#7733=AXIS2_PLACEMENT_3D('',#11158,#8840,#8841);
#7734=AXIS2_PLACEMENT_3D('',#11164,#8845,#8846);
#7735=AXIS2_PLACEMENT_3D('',#11166,#8847,#8848);
#7736=AXIS2_PLACEMENT_3D('',#11168,#8849,#8850);
#7737=AXIS2_PLACEMENT_3D('',#11170,#8852,#8853);
#7738=AXIS2_PLACEMENT_3D('',#11172,#8854,#8855);
#7739=AXIS2_PLACEMENT_3D('',#11174,#8856,#8857);
#7740=AXIS2_PLACEMENT_3D('',#11176,#8859,#8860);
#7741=AXIS2_PLACEMENT_3D('',#11182,#8864,#8865);
#7742=AXIS2_PLACEMENT_3D('',#11184,#8866,#8867);
#7743=AXIS2_PLACEMENT_3D('',#11186,#8868,#8869);
#7744=AXIS2_PLACEMENT_3D('',#11188,#8871,#8872);
#7745=AXIS2_PLACEMENT_3D('',#11190,#8873,#8874);
#7746=AXIS2_PLACEMENT_3D('',#11192,#8875,#8876);
#7747=AXIS2_PLACEMENT_3D('',#11194,#8878,#8879);
#7748=AXIS2_PLACEMENT_3D('',#11195,#8880,#8881);
#7749=AXIS2_PLACEMENT_3D('',#11196,#8882,#8883);
#7750=AXIS2_PLACEMENT_3D('',#11197,#8884,#8885);
#7751=AXIS2_PLACEMENT_3D('',#11206,#8890,#8891);
#7752=AXIS2_PLACEMENT_3D('',#11208,#8892,#8893);
#7753=AXIS2_PLACEMENT_3D('',#11210,#8894,#8895);
#7754=AXIS2_PLACEMENT_3D('',#11212,#8897,#8898);
#7755=AXIS2_PLACEMENT_3D('',#11214,#8899,#8900);
#7756=AXIS2_PLACEMENT_3D('',#11216,#8901,#8902);
#7757=AXIS2_PLACEMENT_3D('',#11218,#8904,#8905);
#7758=AXIS2_PLACEMENT_3D('',#11224,#8909,#8910);
#7759=AXIS2_PLACEMENT_3D('',#11226,#8911,#8912);
#7760=AXIS2_PLACEMENT_3D('',#11228,#8913,#8914);
#7761=AXIS2_PLACEMENT_3D('',#11230,#8916,#8917);
#7762=AXIS2_PLACEMENT_3D('',#11232,#8918,#8919);
#7763=AXIS2_PLACEMENT_3D('',#11234,#8920,#8921);
#7764=AXIS2_PLACEMENT_3D('',#11236,#8923,#8924);
#7765=AXIS2_PLACEMENT_3D('',#11238,#8925,#8926);
#7766=AXIS2_PLACEMENT_3D('',#11240,#8927,#8928);
#7767=AXIS2_PLACEMENT_3D('',#11242,#8930,#8931);
#7768=AXIS2_PLACEMENT_3D('',#11248,#8935,#8936);
#7769=AXIS2_PLACEMENT_3D('',#11250,#8937,#8938);
#7770=AXIS2_PLACEMENT_3D('',#11252,#8939,#8940);
#7771=AXIS2_PLACEMENT_3D('',#11254,#8942,#8943);
#7772=AXIS2_PLACEMENT_3D('',#11256,#8944,#8945);
#7773=AXIS2_PLACEMENT_3D('',#11258,#8946,#8947);
#7774=AXIS2_PLACEMENT_3D('',#11260,#8949,#8950);
#7775=AXIS2_PLACEMENT_3D('',#11266,#8954,#8955);
#7776=AXIS2_PLACEMENT_3D('',#11268,#8956,#8957);
#7777=AXIS2_PLACEMENT_3D('',#11270,#8958,#8959);
#7778=AXIS2_PLACEMENT_3D('',#11272,#8961,#8962);
#7779=AXIS2_PLACEMENT_3D('',#11274,#8963,#8964);
#7780=AXIS2_PLACEMENT_3D('',#11276,#8965,#8966);
#7781=AXIS2_PLACEMENT_3D('',#11278,#8968,#8969);
#7782=AXIS2_PLACEMENT_3D('',#11279,#8970,#8971);
#7783=AXIS2_PLACEMENT_3D('',#11280,#8972,#8973);
#7784=AXIS2_PLACEMENT_3D('',#11281,#8974,#8975);
#7785=AXIS2_PLACEMENT_3D('',#11290,#8980,#8981);
#7786=AXIS2_PLACEMENT_3D('',#11292,#8982,#8983);
#7787=AXIS2_PLACEMENT_3D('',#11294,#8984,#8985);
#7788=AXIS2_PLACEMENT_3D('',#11296,#8987,#8988);
#7789=AXIS2_PLACEMENT_3D('',#11298,#8989,#8990);
#7790=AXIS2_PLACEMENT_3D('',#11300,#8991,#8992);
#7791=AXIS2_PLACEMENT_3D('',#11302,#8994,#8995);
#7792=AXIS2_PLACEMENT_3D('',#11308,#8999,#9000);
#7793=AXIS2_PLACEMENT_3D('',#11310,#9001,#9002);
#7794=AXIS2_PLACEMENT_3D('',#11312,#9003,#9004);
#7795=AXIS2_PLACEMENT_3D('',#11314,#9006,#9007);
#7796=AXIS2_PLACEMENT_3D('',#11316,#9008,#9009);
#7797=AXIS2_PLACEMENT_3D('',#11318,#9010,#9011);
#7798=AXIS2_PLACEMENT_3D('',#11320,#9013,#9014);
#7799=AXIS2_PLACEMENT_3D('',#11322,#9015,#9016);
#7800=AXIS2_PLACEMENT_3D('',#11324,#9017,#9018);
#7801=AXIS2_PLACEMENT_3D('',#11326,#9020,#9021);
#7802=AXIS2_PLACEMENT_3D('',#11332,#9025,#9026);
#7803=AXIS2_PLACEMENT_3D('',#11334,#9027,#9028);
#7804=AXIS2_PLACEMENT_3D('',#11336,#9029,#9030);
#7805=AXIS2_PLACEMENT_3D('',#11338,#9032,#9033);
#7806=AXIS2_PLACEMENT_3D('',#11340,#9034,#9035);
#7807=AXIS2_PLACEMENT_3D('',#11342,#9036,#9037);
#7808=AXIS2_PLACEMENT_3D('',#11344,#9039,#9040);
#7809=AXIS2_PLACEMENT_3D('',#11350,#9044,#9045);
#7810=AXIS2_PLACEMENT_3D('',#11352,#9046,#9047);
#7811=AXIS2_PLACEMENT_3D('',#11354,#9048,#9049);
#7812=AXIS2_PLACEMENT_3D('',#11356,#9051,#9052);
#7813=AXIS2_PLACEMENT_3D('',#11358,#9053,#9054);
#7814=AXIS2_PLACEMENT_3D('',#11360,#9055,#9056);
#7815=AXIS2_PLACEMENT_3D('',#11362,#9058,#9059);
#7816=AXIS2_PLACEMENT_3D('',#11363,#9060,#9061);
#7817=AXIS2_PLACEMENT_3D('',#11364,#9062,#9063);
#7818=AXIS2_PLACEMENT_3D('',#11365,#9064,#9065);
#7819=AXIS2_PLACEMENT_3D('',#11374,#9070,#9071);
#7820=AXIS2_PLACEMENT_3D('',#11376,#9072,#9073);
#7821=AXIS2_PLACEMENT_3D('',#11378,#9074,#9075);
#7822=AXIS2_PLACEMENT_3D('',#11380,#9077,#9078);
#7823=AXIS2_PLACEMENT_3D('',#11382,#9079,#9080);
#7824=AXIS2_PLACEMENT_3D('',#11384,#9081,#9082);
#7825=AXIS2_PLACEMENT_3D('',#11386,#9084,#9085);
#7826=AXIS2_PLACEMENT_3D('',#11392,#9089,#9090);
#7827=AXIS2_PLACEMENT_3D('',#11394,#9091,#9092);
#7828=AXIS2_PLACEMENT_3D('',#11396,#9093,#9094);
#7829=AXIS2_PLACEMENT_3D('',#11398,#9096,#9097);
#7830=AXIS2_PLACEMENT_3D('',#11400,#9098,#9099);
#7831=AXIS2_PLACEMENT_3D('',#11402,#9100,#9101);
#7832=AXIS2_PLACEMENT_3D('',#11404,#9103,#9104);
#7833=AXIS2_PLACEMENT_3D('',#11406,#9105,#9106);
#7834=AXIS2_PLACEMENT_3D('',#11408,#9107,#9108);
#7835=AXIS2_PLACEMENT_3D('',#11410,#9110,#9111);
#7836=AXIS2_PLACEMENT_3D('',#11416,#9115,#9116);
#7837=AXIS2_PLACEMENT_3D('',#11418,#9117,#9118);
#7838=AXIS2_PLACEMENT_3D('',#11420,#9119,#9120);
#7839=AXIS2_PLACEMENT_3D('',#11422,#9122,#9123);
#7840=AXIS2_PLACEMENT_3D('',#11424,#9124,#9125);
#7841=AXIS2_PLACEMENT_3D('',#11426,#9126,#9127);
#7842=AXIS2_PLACEMENT_3D('',#11428,#9129,#9130);
#7843=AXIS2_PLACEMENT_3D('',#11434,#9134,#9135);
#7844=AXIS2_PLACEMENT_3D('',#11436,#9136,#9137);
#7845=AXIS2_PLACEMENT_3D('',#11438,#9138,#9139);
#7846=AXIS2_PLACEMENT_3D('',#11440,#9141,#9142);
#7847=AXIS2_PLACEMENT_3D('',#11442,#9143,#9144);
#7848=AXIS2_PLACEMENT_3D('',#11444,#9145,#9146);
#7849=AXIS2_PLACEMENT_3D('',#11446,#9148,#9149);
#7850=AXIS2_PLACEMENT_3D('',#11447,#9150,#9151);
#7851=AXIS2_PLACEMENT_3D('',#11448,#9152,#9153);
#7852=AXIS2_PLACEMENT_3D('',#11449,#9154,#9155);
#7853=AXIS2_PLACEMENT_3D('',#11451,#9156,#9157);
#7854=AXIS2_PLACEMENT_3D('',#11454,#9159,#9160);
#7855=AXIS2_PLACEMENT_3D('',#11455,#9161,#9162);
#7856=AXIS2_PLACEMENT_3D('',#11456,#9163,#9164);
#7857=AXIS2_PLACEMENT_3D('',#11458,#9165,#9166);
#7858=AXIS2_PLACEMENT_3D('',#11461,#9168,#9169);
#7859=AXIS2_PLACEMENT_3D('',#11462,#9170,#9171);
#7860=AXIS2_PLACEMENT_3D('',#11463,#9172,#9173);
#7861=AXIS2_PLACEMENT_3D('',#11465,#9174,#9175);
#7862=AXIS2_PLACEMENT_3D('',#11468,#9177,#9178);
#7863=AXIS2_PLACEMENT_3D('',#11469,#9179,#9180);
#7864=AXIS2_PLACEMENT_3D('',#11470,#9181,#9182);
#7865=AXIS2_PLACEMENT_3D('',#11472,#9183,#9184);
#7866=AXIS2_PLACEMENT_3D('',#11475,#9186,#9187);
#7867=AXIS2_PLACEMENT_3D('',#11476,#9188,#9189);
#7868=AXIS2_PLACEMENT_3D('',#11477,#9190,#9191);
#7869=AXIS2_PLACEMENT_3D('',#11479,#9192,#9193);
#7870=AXIS2_PLACEMENT_3D('',#11482,#9195,#9196);
#7871=AXIS2_PLACEMENT_3D('',#11483,#9197,#9198);
#7872=AXIS2_PLACEMENT_3D('',#11484,#9199,#9200);
#7873=AXIS2_PLACEMENT_3D('',#11486,#9201,#9202);
#7874=AXIS2_PLACEMENT_3D('',#11489,#9204,#9205);
#7875=AXIS2_PLACEMENT_3D('',#11490,#9206,#9207);
#7876=AXIS2_PLACEMENT_3D('',#11491,#9208,#9209);
#7877=AXIS2_PLACEMENT_3D('',#11493,#9210,#9211);
#7878=AXIS2_PLACEMENT_3D('',#11496,#9213,#9214);
#7879=AXIS2_PLACEMENT_3D('',#11497,#9215,#9216);
#7880=AXIS2_PLACEMENT_3D('',#11498,#9217,#9218);
#7881=AXIS2_PLACEMENT_3D('',#11500,#9219,#9220);
#7882=AXIS2_PLACEMENT_3D('',#11503,#9222,#9223);
#7883=AXIS2_PLACEMENT_3D('',#11504,#9224,#9225);
#7884=AXIS2_PLACEMENT_3D('',#11505,#9226,#9227);
#7885=AXIS2_PLACEMENT_3D('',#11507,#9228,#9229);
#7886=AXIS2_PLACEMENT_3D('',#11510,#9231,#9232);
#7887=AXIS2_PLACEMENT_3D('',#11511,#9233,#9234);
#7888=AXIS2_PLACEMENT_3D('',#11512,#9235,#9236);
#7889=AXIS2_PLACEMENT_3D('',#11514,#9237,#9238);
#7890=AXIS2_PLACEMENT_3D('',#11517,#9240,#9241);
#7891=AXIS2_PLACEMENT_3D('',#11518,#9242,#9243);
#7892=AXIS2_PLACEMENT_3D('',#11519,#9244,#9245);
#7893=AXIS2_PLACEMENT_3D('',#11521,#9246,#9247);
#7894=AXIS2_PLACEMENT_3D('',#11524,#9249,#9250);
#7895=AXIS2_PLACEMENT_3D('',#11525,#9251,#9252);
#7896=AXIS2_PLACEMENT_3D('',#11527,#9253,#9254);
#7897=AXIS2_PLACEMENT_3D('',#11530,#9256,#9257);
#7898=AXIS2_PLACEMENT_3D('',#11531,#9258,#9259);
#7899=AXIS2_PLACEMENT_3D('',#11533,#9260,#9261);
#7900=AXIS2_PLACEMENT_3D('',#11536,#9263,#9264);
#7901=AXIS2_PLACEMENT_3D('',#11537,#9265,#9266);
#7902=AXIS2_PLACEMENT_3D('',#11539,#9267,#9268);
#7903=AXIS2_PLACEMENT_3D('',#11542,#9270,#9271);
#7904=AXIS2_PLACEMENT_3D('',#11543,#9272,#9273);
#7905=AXIS2_PLACEMENT_3D('',#11545,#9274,#9275);
#7906=AXIS2_PLACEMENT_3D('',#11548,#9277,#9278);
#7907=AXIS2_PLACEMENT_3D('',#11549,#9279,#9280);
#7908=AXIS2_PLACEMENT_3D('',#11551,#9281,#9282);
#7909=AXIS2_PLACEMENT_3D('',#11554,#9284,#9285);
#7910=AXIS2_PLACEMENT_3D('',#11555,#9286,#9287);
#7911=AXIS2_PLACEMENT_3D('',#11557,#9288,#9289);
#7912=AXIS2_PLACEMENT_3D('',#11560,#9291,#9292);
#7913=AXIS2_PLACEMENT_3D('',#11561,#9293,#9294);
#7914=AXIS2_PLACEMENT_3D('',#11563,#9295,#9296);
#7915=AXIS2_PLACEMENT_3D('',#11566,#9298,#9299);
#7916=AXIS2_PLACEMENT_3D('',#11567,#9300,#9301);
#7917=AXIS2_PLACEMENT_3D('',#11569,#9302,#9303);
#7918=AXIS2_PLACEMENT_3D('',#11572,#9305,#9306);
#7919=AXIS2_PLACEMENT_3D('',#11573,#9307,#9308);
#7920=AXIS2_PLACEMENT_3D('',#11575,#9309,#9310);
#7921=AXIS2_PLACEMENT_3D('',#11578,#9312,#9313);
#7922=AXIS2_PLACEMENT_3D('',#11579,#9314,#9315);
#7923=AXIS2_PLACEMENT_3D('',#11581,#9316,#9317);
#7924=AXIS2_PLACEMENT_3D('',#11584,#9319,#9320);
#7925=AXIS2_PLACEMENT_3D('',#11585,#9321,#9322);
#7926=AXIS2_PLACEMENT_3D('',#11587,#9323,#9324);
#7927=AXIS2_PLACEMENT_3D('',#11590,#9326,#9327);
#7928=AXIS2_PLACEMENT_3D('',#11591,#9328,#9329);
#7929=AXIS2_PLACEMENT_3D('',#11593,#9330,#9331);
#7930=AXIS2_PLACEMENT_3D('',#11596,#9333,#9334);
#7931=AXIS2_PLACEMENT_3D('',#11597,#9335,#9336);
#7932=AXIS2_PLACEMENT_3D('',#11599,#9337,#9338);
#7933=AXIS2_PLACEMENT_3D('',#11602,#9340,#9341);
#7934=AXIS2_PLACEMENT_3D('',#11603,#9342,#9343);
#7935=AXIS2_PLACEMENT_3D('',#11605,#9344,#9345);
#7936=AXIS2_PLACEMENT_3D('',#11608,#9347,#9348);
#7937=AXIS2_PLACEMENT_3D('',#11609,#9349,#9350);
#7938=AXIS2_PLACEMENT_3D('',#11611,#9351,#9352);
#7939=AXIS2_PLACEMENT_3D('',#11614,#9354,#9355);
#7940=AXIS2_PLACEMENT_3D('',#11615,#9356,#9357);
#7941=AXIS2_PLACEMENT_3D('',#11617,#9358,#9359);
#7942=AXIS2_PLACEMENT_3D('',#11620,#9361,#9362);
#7943=AXIS2_PLACEMENT_3D('',#11621,#9363,#9364);
#7944=AXIS2_PLACEMENT_3D('',#11623,#9365,#9366);
#7945=AXIS2_PLACEMENT_3D('',#11626,#9368,#9369);
#7946=AXIS2_PLACEMENT_3D('',#11627,#9370,#9371);
#7947=AXIS2_PLACEMENT_3D('',#11629,#9372,#9373);
#7948=AXIS2_PLACEMENT_3D('',#11632,#9375,#9376);
#7949=AXIS2_PLACEMENT_3D('',#11633,#9377,#9378);
#7950=AXIS2_PLACEMENT_3D('',#11635,#9379,#9380);
#7951=AXIS2_PLACEMENT_3D('',#11638,#9382,#9383);
#7952=AXIS2_PLACEMENT_3D('',#11639,#9384,#9385);
#7953=AXIS2_PLACEMENT_3D('',#11641,#9386,#9387);
#7954=AXIS2_PLACEMENT_3D('',#11644,#9389,#9390);
#7955=AXIS2_PLACEMENT_3D('',#11645,#9391,#9392);
#7956=AXIS2_PLACEMENT_3D('',#11647,#9393,#9394);
#7957=AXIS2_PLACEMENT_3D('',#11650,#9396,#9397);
#7958=AXIS2_PLACEMENT_3D('',#11651,#9398,#9399);
#7959=AXIS2_PLACEMENT_3D('',#11653,#9400,#9401);
#7960=AXIS2_PLACEMENT_3D('',#11656,#9403,#9404);
#7961=AXIS2_PLACEMENT_3D('',#11657,#9405,#9406);
#7962=AXIS2_PLACEMENT_3D('',#11659,#9407,#9408);
#7963=AXIS2_PLACEMENT_3D('',#11662,#9410,#9411);
#7964=AXIS2_PLACEMENT_3D('',#11663,#9412,#9413);
#7965=AXIS2_PLACEMENT_3D('',#11665,#9414,#9415);
#7966=AXIS2_PLACEMENT_3D('',#11668,#9417,#9418);
#7967=AXIS2_PLACEMENT_3D('',#11669,#9419,#9420);
#7968=AXIS2_PLACEMENT_3D('',#11671,#9421,#9422);
#7969=AXIS2_PLACEMENT_3D('',#11674,#9424,#9425);
#7970=AXIS2_PLACEMENT_3D('',#11675,#9426,#9427);
#7971=AXIS2_PLACEMENT_3D('',#11677,#9428,#9429);
#7972=AXIS2_PLACEMENT_3D('',#11680,#9431,#9432);
#7973=AXIS2_PLACEMENT_3D('',#11681,#9433,#9434);
#7974=AXIS2_PLACEMENT_3D('',#11683,#9435,#9436);
#7975=AXIS2_PLACEMENT_3D('',#11686,#9438,#9439);
#7976=AXIS2_PLACEMENT_3D('',#11687,#9440,#9441);
#7977=AXIS2_PLACEMENT_3D('',#11689,#9442,#9443);
#7978=AXIS2_PLACEMENT_3D('',#11692,#9445,#9446);
#7979=AXIS2_PLACEMENT_3D('',#11693,#9447,#9448);
#7980=AXIS2_PLACEMENT_3D('',#11698,#9450,#9451);
#7981=AXIS2_PLACEMENT_3D('',#11701,#9453,#9454);
#7982=AXIS2_PLACEMENT_3D('',#11702,#9455,#9456);
#7983=AXIS2_PLACEMENT_3D('',#11704,#9458,#9459);
#7984=AXIS2_PLACEMENT_3D('',#11709,#9461,#9462);
#7985=AXIS2_PLACEMENT_3D('',#11712,#9464,#9465);
#7986=AXIS2_PLACEMENT_3D('',#11713,#9466,#9467);
#7987=AXIS2_PLACEMENT_3D('',#11715,#9469,#9470);
#7988=AXIS2_PLACEMENT_3D('',#11720,#9472,#9473);
#7989=AXIS2_PLACEMENT_3D('',#11723,#9475,#9476);
#7990=AXIS2_PLACEMENT_3D('',#11724,#9477,#9478);
#7991=AXIS2_PLACEMENT_3D('',#11726,#9480,#9481);
#7992=AXIS2_PLACEMENT_3D('',#11731,#9483,#9484);
#7993=AXIS2_PLACEMENT_3D('',#11734,#9486,#9487);
#7994=AXIS2_PLACEMENT_3D('',#11735,#9488,#9489);
#7995=AXIS2_PLACEMENT_3D('',#11737,#9491,#9492);
#7996=AXIS2_PLACEMENT_3D('',#11742,#9494,#9495);
#7997=AXIS2_PLACEMENT_3D('',#11745,#9497,#9498);
#7998=AXIS2_PLACEMENT_3D('',#11746,#9499,#9500);
#7999=AXIS2_PLACEMENT_3D('',#11748,#9502,#9503);
#8000=AXIS2_PLACEMENT_3D('',#11753,#9505,#9506);
#8001=AXIS2_PLACEMENT_3D('',#11756,#9508,#9509);
#8002=AXIS2_PLACEMENT_3D('',#11757,#9510,#9511);
#8003=AXIS2_PLACEMENT_3D('',#11759,#9513,#9514);
#8004=AXIS2_PLACEMENT_3D('',#11764,#9516,#9517);
#8005=AXIS2_PLACEMENT_3D('',#11767,#9519,#9520);
#8006=AXIS2_PLACEMENT_3D('',#11768,#9521,#9522);
#8007=AXIS2_PLACEMENT_3D('',#11770,#9524,#9525);
#8008=AXIS2_PLACEMENT_3D('',#11775,#9527,#9528);
#8009=AXIS2_PLACEMENT_3D('',#11778,#9530,#9531);
#8010=AXIS2_PLACEMENT_3D('',#11779,#9532,#9533);
#8011=AXIS2_PLACEMENT_3D('',#11781,#9535,#9536);
#8012=AXIS2_PLACEMENT_3D('',#11786,#9538,#9539);
#8013=AXIS2_PLACEMENT_3D('',#11789,#9541,#9542);
#8014=AXIS2_PLACEMENT_3D('',#11790,#9543,#9544);
#8015=AXIS2_PLACEMENT_3D('',#11792,#9546,#9547);
#8016=AXIS2_PLACEMENT_3D('',#11797,#9549,#9550);
#8017=AXIS2_PLACEMENT_3D('',#11800,#9552,#9553);
#8018=AXIS2_PLACEMENT_3D('',#11801,#9554,#9555);
#8019=AXIS2_PLACEMENT_3D('',#11803,#9557,#9558);
#8020=AXIS2_PLACEMENT_3D('',#11808,#9560,#9561);
#8021=AXIS2_PLACEMENT_3D('',#11811,#9563,#9564);
#8022=AXIS2_PLACEMENT_3D('',#11812,#9565,#9566);
#8023=AXIS2_PLACEMENT_3D('',#11814,#9568,#9569);
#8024=AXIS2_PLACEMENT_3D('',#11819,#9571,#9572);
#8025=AXIS2_PLACEMENT_3D('',#11822,#9574,#9575);
#8026=AXIS2_PLACEMENT_3D('',#11823,#9576,#9577);
#8027=AXIS2_PLACEMENT_3D('',#11825,#9579,#9580);
#8028=AXIS2_PLACEMENT_3D('',#11830,#9582,#9583);
#8029=AXIS2_PLACEMENT_3D('',#11833,#9585,#9586);
#8030=AXIS2_PLACEMENT_3D('',#11834,#9587,#9588);
#8031=AXIS2_PLACEMENT_3D('',#11836,#9590,#9591);
#8032=AXIS2_PLACEMENT_3D('',#11841,#9593,#9594);
#8033=AXIS2_PLACEMENT_3D('',#11844,#9596,#9597);
#8034=AXIS2_PLACEMENT_3D('',#11845,#9598,#9599);
#8035=AXIS2_PLACEMENT_3D('',#11847,#9601,#9602);
#8036=AXIS2_PLACEMENT_3D('',#11852,#9604,#9605);
#8037=AXIS2_PLACEMENT_3D('',#11855,#9607,#9608);
#8038=AXIS2_PLACEMENT_3D('',#11856,#9609,#9610);
#8039=AXIS2_PLACEMENT_3D('',#11858,#9612,#9613);
#8040=AXIS2_PLACEMENT_3D('',#11863,#9615,#9616);
#8041=AXIS2_PLACEMENT_3D('',#11866,#9618,#9619);
#8042=AXIS2_PLACEMENT_3D('',#11867,#9620,#9621);
#8043=AXIS2_PLACEMENT_3D('',#11869,#9623,#9624);
#8044=AXIS2_PLACEMENT_3D('',#11874,#9626,#9627);
#8045=AXIS2_PLACEMENT_3D('',#11877,#9629,#9630);
#8046=AXIS2_PLACEMENT_3D('',#11878,#9631,#9632);
#8047=AXIS2_PLACEMENT_3D('',#11880,#9634,#9635);
#8048=AXIS2_PLACEMENT_3D('',#11885,#9637,#9638);
#8049=AXIS2_PLACEMENT_3D('',#11888,#9640,#9641);
#8050=AXIS2_PLACEMENT_3D('',#11889,#9642,#9643);
#8051=AXIS2_PLACEMENT_3D('',#11891,#9645,#9646);
#8052=AXIS2_PLACEMENT_3D('',#11896,#9648,#9649);
#8053=AXIS2_PLACEMENT_3D('',#11899,#9651,#9652);
#8054=AXIS2_PLACEMENT_3D('',#11900,#9653,#9654);
#8055=AXIS2_PLACEMENT_3D('',#11902,#9656,#9657);
#8056=AXIS2_PLACEMENT_3D('',#11907,#9659,#9660);
#8057=AXIS2_PLACEMENT_3D('',#11910,#9662,#9663);
#8058=AXIS2_PLACEMENT_3D('',#11911,#9664,#9665);
#8059=AXIS2_PLACEMENT_3D('',#11913,#9667,#9668);
#8060=AXIS2_PLACEMENT_3D('',#11918,#9670,#9671);
#8061=AXIS2_PLACEMENT_3D('',#11921,#9673,#9674);
#8062=AXIS2_PLACEMENT_3D('',#11922,#9675,#9676);
#8063=AXIS2_PLACEMENT_3D('',#11924,#9678,#9679);
#8064=AXIS2_PLACEMENT_3D('',#11926,#9680,#9681);
#8065=AXIS2_PLACEMENT_3D('',#11928,#9682,#9683);
#8066=AXIS2_PLACEMENT_3D('',#11932,#9685,#9686);
#8067=AXIS2_PLACEMENT_3D('',#11936,#9688,#9689);
#8068=AXIS2_PLACEMENT_3D('',#11940,#9691,#9692);
#8069=AXIS2_PLACEMENT_3D('',#11944,#9694,#9695);
#8070=AXIS2_PLACEMENT_3D('',#11949,#9698,#9699);
#8071=AXIS2_PLACEMENT_3D('',#11953,#9701,#9702);
#8072=AXIS2_PLACEMENT_3D('',#11957,#9704,#9705);
#8073=AXIS2_PLACEMENT_3D('',#11961,#9707,#9708);
#8074=AXIS2_PLACEMENT_3D('',#11966,#9711,#9712);
#8075=AXIS2_PLACEMENT_3D('',#11970,#9714,#9715);
#8076=AXIS2_PLACEMENT_3D('',#11974,#9717,#9718);
#8077=AXIS2_PLACEMENT_3D('',#11978,#9720,#9721);
#8078=AXIS2_PLACEMENT_3D('',#11983,#9724,#9725);
#8079=AXIS2_PLACEMENT_3D('',#11987,#9727,#9728);
#8080=AXIS2_PLACEMENT_3D('',#11991,#9730,#9731);
#8081=AXIS2_PLACEMENT_3D('',#11995,#9733,#9734);
#8082=AXIS2_PLACEMENT_3D('',#12000,#9737,#9738);
#8083=AXIS2_PLACEMENT_3D('',#12004,#9740,#9741);
#8084=AXIS2_PLACEMENT_3D('',#12008,#9743,#9744);
#8085=AXIS2_PLACEMENT_3D('',#12012,#9746,#9747);
#8086=AXIS2_PLACEMENT_3D('',#12017,#9750,#9751);
#8087=AXIS2_PLACEMENT_3D('',#12021,#9753,#9754);
#8088=AXIS2_PLACEMENT_3D('',#12025,#9756,#9757);
#8089=AXIS2_PLACEMENT_3D('',#12029,#9759,#9760);
#8090=AXIS2_PLACEMENT_3D('',#12034,#9763,#9764);
#8091=AXIS2_PLACEMENT_3D('',#12038,#9766,#9767);
#8092=AXIS2_PLACEMENT_3D('',#12042,#9769,#9770);
#8093=AXIS2_PLACEMENT_3D('',#12046,#9772,#9773);
#8094=AXIS2_PLACEMENT_3D('',#12051,#9776,#9777);
#8095=AXIS2_PLACEMENT_3D('',#12055,#9779,#9780);
#8096=AXIS2_PLACEMENT_3D('',#12059,#9782,#9783);
#8097=AXIS2_PLACEMENT_3D('',#12063,#9785,#9786);
#8098=AXIS2_PLACEMENT_3D('',#12068,#9789,#9790);
#8099=AXIS2_PLACEMENT_3D('',#12072,#9792,#9793);
#8100=AXIS2_PLACEMENT_3D('',#12076,#9795,#9796);
#8101=AXIS2_PLACEMENT_3D('',#12080,#9798,#9799);
#8102=AXIS2_PLACEMENT_3D('',#12085,#9802,#9803);
#8103=AXIS2_PLACEMENT_3D('',#12089,#9805,#9806);
#8104=AXIS2_PLACEMENT_3D('',#12093,#9808,#9809);
#8105=AXIS2_PLACEMENT_3D('',#12097,#9811,#9812);
#8106=AXIS2_PLACEMENT_3D('',#12102,#9815,#9816);
#8107=AXIS2_PLACEMENT_3D('',#12106,#9818,#9819);
#8108=AXIS2_PLACEMENT_3D('',#12110,#9821,#9822);
#8109=AXIS2_PLACEMENT_3D('',#12114,#9824,#9825);
#8110=AXIS2_PLACEMENT_3D('',#12119,#9828,#9829);
#8111=AXIS2_PLACEMENT_3D('',#12123,#9831,#9832);
#8112=AXIS2_PLACEMENT_3D('',#12127,#9834,#9835);
#8113=AXIS2_PLACEMENT_3D('',#12131,#9837,#9838);
#8114=AXIS2_PLACEMENT_3D('',#12136,#9841,#9842);
#8115=AXIS2_PLACEMENT_3D('',#12140,#9844,#9845);
#8116=AXIS2_PLACEMENT_3D('',#12144,#9847,#9848);
#8117=AXIS2_PLACEMENT_3D('',#12148,#9850,#9851);
#8118=AXIS2_PLACEMENT_3D('',#12153,#9854,#9855);
#8119=AXIS2_PLACEMENT_3D('',#12157,#9857,#9858);
#8120=AXIS2_PLACEMENT_3D('',#12161,#9860,#9861);
#8121=AXIS2_PLACEMENT_3D('',#12165,#9863,#9864);
#8122=AXIS2_PLACEMENT_3D('',#12170,#9867,#9868);
#8123=AXIS2_PLACEMENT_3D('',#12174,#9870,#9871);
#8124=AXIS2_PLACEMENT_3D('',#12178,#9873,#9874);
#8125=AXIS2_PLACEMENT_3D('',#12182,#9876,#9877);
#8126=AXIS2_PLACEMENT_3D('',#12187,#9880,#9881);
#8127=AXIS2_PLACEMENT_3D('',#12191,#9883,#9884);
#8128=AXIS2_PLACEMENT_3D('',#12195,#9886,#9887);
#8129=AXIS2_PLACEMENT_3D('',#12199,#9889,#9890);
#8130=AXIS2_PLACEMENT_3D('',#12204,#9893,#9894);
#8131=AXIS2_PLACEMENT_3D('',#12208,#9896,#9897);
#8132=AXIS2_PLACEMENT_3D('',#12212,#9899,#9900);
#8133=AXIS2_PLACEMENT_3D('',#12216,#9902,#9903);
#8134=AXIS2_PLACEMENT_3D('',#12221,#9906,#9907);
#8135=AXIS2_PLACEMENT_3D('',#12225,#9909,#9910);
#8136=AXIS2_PLACEMENT_3D('',#12229,#9912,#9913);
#8137=AXIS2_PLACEMENT_3D('',#12233,#9915,#9916);
#8138=AXIS2_PLACEMENT_3D('',#12238,#9919,#9920);
#8139=AXIS2_PLACEMENT_3D('',#12242,#9922,#9923);
#8140=AXIS2_PLACEMENT_3D('',#12246,#9925,#9926);
#8141=AXIS2_PLACEMENT_3D('',#12250,#9928,#9929);
#8142=AXIS2_PLACEMENT_3D('',#12255,#9932,#9933);
#8143=AXIS2_PLACEMENT_3D('',#12259,#9935,#9936);
#8144=AXIS2_PLACEMENT_3D('',#12263,#9938,#9939);
#8145=AXIS2_PLACEMENT_3D('',#12267,#9941,#9942);
#8146=AXIS2_PLACEMENT_3D('',#12272,#9945,#9946);
#8147=AXIS2_PLACEMENT_3D('',#12276,#9948,#9949);
#8148=AXIS2_PLACEMENT_3D('',#12280,#9951,#9952);
#8149=AXIS2_PLACEMENT_3D('',#12284,#9954,#9955);
#8150=AXIS2_PLACEMENT_3D('',#12286,#9957,#9958);
#8151=AXIS2_PLACEMENT_3D('',#12292,#9962,#9963);
#8152=AXIS2_PLACEMENT_3D('',#12295,#9965,#9966);
#8153=AXIS2_PLACEMENT_3D('',#12296,#9967,#9968);
#8154=AXIS2_PLACEMENT_3D('',#12300,#9971,#9972);
#8155=AXIS2_PLACEMENT_3D('',#12303,#9974,#9975);
#8156=AXIS2_PLACEMENT_3D('',#12304,#9976,#9977);
#8157=AXIS2_PLACEMENT_3D('',#12308,#9980,#9981);
#8158=AXIS2_PLACEMENT_3D('',#12311,#9983,#9984);
#8159=AXIS2_PLACEMENT_3D('',#12312,#9985,#9986);
#8160=AXIS2_PLACEMENT_3D('',#12316,#9989,#9990);
#8161=AXIS2_PLACEMENT_3D('',#12317,#9991,#9992);
#8162=AXIS2_PLACEMENT_3D('',#12318,#9993,#9994);
#8163=AXIS2_PLACEMENT_3D('',#12319,#9995,#9996);
#8164=AXIS2_PLACEMENT_3D('',#12325,#10000,#10001);
#8165=AXIS2_PLACEMENT_3D('',#12328,#10003,#10004);
#8166=AXIS2_PLACEMENT_3D('',#12329,#10005,#10006);
#8167=AXIS2_PLACEMENT_3D('',#12333,#10009,#10010);
#8168=AXIS2_PLACEMENT_3D('',#12336,#10012,#10013);
#8169=AXIS2_PLACEMENT_3D('',#12337,#10014,#10015);
#8170=AXIS2_PLACEMENT_3D('',#12341,#10018,#10019);
#8171=AXIS2_PLACEMENT_3D('',#12344,#10021,#10022);
#8172=AXIS2_PLACEMENT_3D('',#12345,#10023,#10024);
#8173=AXIS2_PLACEMENT_3D('',#12349,#10027,#10028);
#8174=AXIS2_PLACEMENT_3D('',#12350,#10029,#10030);
#8175=AXIS2_PLACEMENT_3D('',#12351,#10031,#10032);
#8176=AXIS2_PLACEMENT_3D('',#12352,#10033,#10034);
#8177=AXIS2_PLACEMENT_3D('',#12358,#10038,#10039);
#8178=AXIS2_PLACEMENT_3D('',#12361,#10041,#10042);
#8179=AXIS2_PLACEMENT_3D('',#12362,#10043,#10044);
#8180=AXIS2_PLACEMENT_3D('',#12366,#10047,#10048);
#8181=AXIS2_PLACEMENT_3D('',#12369,#10050,#10051);
#8182=AXIS2_PLACEMENT_3D('',#12370,#10052,#10053);
#8183=AXIS2_PLACEMENT_3D('',#12374,#10056,#10057);
#8184=AXIS2_PLACEMENT_3D('',#12377,#10059,#10060);
#8185=AXIS2_PLACEMENT_3D('',#12378,#10061,#10062);
#8186=AXIS2_PLACEMENT_3D('',#12382,#10065,#10066);
#8187=AXIS2_PLACEMENT_3D('',#12383,#10067,#10068);
#8188=AXIS2_PLACEMENT_3D('',#12384,#10069,#10070);
#8189=AXIS2_PLACEMENT_3D('',#12385,#10071,#10072);
#8190=AXIS2_PLACEMENT_3D('',#12389,#10074,#10075);
#8191=AXIS2_PLACEMENT_3D('',#12391,#10077,#10078);
#8192=AXIS2_PLACEMENT_3D('',#12395,#10081,#10082);
#8193=AXIS2_PLACEMENT_3D('',#12398,#10084,#10085);
#8194=AXIS2_PLACEMENT_3D('',#12399,#10086,#10087);
#8195=AXIS2_PLACEMENT_3D('',#12403,#10090,#10091);
#8196=AXIS2_PLACEMENT_3D('',#12406,#10093,#10094);
#8197=AXIS2_PLACEMENT_3D('',#12407,#10095,#10096);
#8198=AXIS2_PLACEMENT_3D('',#12411,#10099,#10100);
#8199=AXIS2_PLACEMENT_3D('',#12414,#10102,#10103);
#8200=AXIS2_PLACEMENT_3D('',#12415,#10104,#10105);
#8201=AXIS2_PLACEMENT_3D('',#12417,#10107,#10108);
#8202=AXIS2_PLACEMENT_3D('',#12418,#10109,#10110);
#8203=AXIS2_PLACEMENT_3D('',#12422,#10112,#10113);
#8204=AXIS2_PLACEMENT_3D('',#12424,#10115,#10116);
#8205=AXIS2_PLACEMENT_3D('',#12428,#10119,#10120);
#8206=AXIS2_PLACEMENT_3D('',#12431,#10122,#10123);
#8207=AXIS2_PLACEMENT_3D('',#12432,#10124,#10125);
#8208=AXIS2_PLACEMENT_3D('',#12436,#10128,#10129);
#8209=AXIS2_PLACEMENT_3D('',#12439,#10131,#10132);
#8210=AXIS2_PLACEMENT_3D('',#12440,#10133,#10134);
#8211=AXIS2_PLACEMENT_3D('',#12444,#10137,#10138);
#8212=AXIS2_PLACEMENT_3D('',#12447,#10140,#10141);
#8213=AXIS2_PLACEMENT_3D('',#12448,#10142,#10143);
#8214=AXIS2_PLACEMENT_3D('',#12450,#10145,#10146);
#8215=AXIS2_PLACEMENT_3D('',#12451,#10147,#10148);
#8216=AXIS2_PLACEMENT_3D('',#12457,#10152,#10153);
#8217=AXIS2_PLACEMENT_3D('',#12460,#10155,#10156);
#8218=AXIS2_PLACEMENT_3D('',#12461,#10157,#10158);
#8219=AXIS2_PLACEMENT_3D('',#12465,#10161,#10162);
#8220=AXIS2_PLACEMENT_3D('',#12468,#10164,#10165);
#8221=AXIS2_PLACEMENT_3D('',#12469,#10166,#10167);
#8222=AXIS2_PLACEMENT_3D('',#12473,#10170,#10171);
#8223=AXIS2_PLACEMENT_3D('',#12476,#10173,#10174);
#8224=AXIS2_PLACEMENT_3D('',#12477,#10175,#10176);
#8225=AXIS2_PLACEMENT_3D('',#12481,#10179,#10180);
#8226=AXIS2_PLACEMENT_3D('',#12482,#10181,#10182);
#8227=AXIS2_PLACEMENT_3D('',#12483,#10183,#10184);
#8228=AXIS2_PLACEMENT_3D('',#12484,#10185,#10186);
#8229=AXIS2_PLACEMENT_3D('',#12490,#10190,#10191);
#8230=AXIS2_PLACEMENT_3D('',#12493,#10193,#10194);
#8231=AXIS2_PLACEMENT_3D('',#12494,#10195,#10196);
#8232=AXIS2_PLACEMENT_3D('',#12498,#10199,#10200);
#8233=AXIS2_PLACEMENT_3D('',#12501,#10202,#10203);
#8234=AXIS2_PLACEMENT_3D('',#12502,#10204,#10205);
#8235=AXIS2_PLACEMENT_3D('',#12506,#10208,#10209);
#8236=AXIS2_PLACEMENT_3D('',#12509,#10211,#10212);
#8237=AXIS2_PLACEMENT_3D('',#12510,#10213,#10214);
#8238=AXIS2_PLACEMENT_3D('',#12514,#10217,#10218);
#8239=AXIS2_PLACEMENT_3D('',#12515,#10219,#10220);
#8240=AXIS2_PLACEMENT_3D('',#12516,#10221,#10222);
#8241=AXIS2_PLACEMENT_3D('',#12517,#10223,#10224);
#8242=AXIS2_PLACEMENT_3D('',#12523,#10228,#10229);
#8243=AXIS2_PLACEMENT_3D('',#12526,#10231,#10232);
#8244=AXIS2_PLACEMENT_3D('',#12527,#10233,#10234);
#8245=AXIS2_PLACEMENT_3D('',#12531,#10237,#10238);
#8246=AXIS2_PLACEMENT_3D('',#12534,#10240,#10241);
#8247=AXIS2_PLACEMENT_3D('',#12535,#10242,#10243);
#8248=AXIS2_PLACEMENT_3D('',#12539,#10246,#10247);
#8249=AXIS2_PLACEMENT_3D('',#12542,#10249,#10250);
#8250=AXIS2_PLACEMENT_3D('',#12543,#10251,#10252);
#8251=AXIS2_PLACEMENT_3D('',#12547,#10255,#10256);
#8252=AXIS2_PLACEMENT_3D('',#12548,#10257,#10258);
#8253=AXIS2_PLACEMENT_3D('',#12549,#10259,#10260);
#8254=AXIS2_PLACEMENT_3D('',#12550,#10261,#10262);
#8255=AXIS2_PLACEMENT_3D('',#12554,#10264,#10265);
#8256=AXIS2_PLACEMENT_3D('',#12556,#10267,#10268);
#8257=AXIS2_PLACEMENT_3D('',#12560,#10271,#10272);
#8258=AXIS2_PLACEMENT_3D('',#12563,#10274,#10275);
#8259=AXIS2_PLACEMENT_3D('',#12564,#10276,#10277);
#8260=AXIS2_PLACEMENT_3D('',#12568,#10280,#10281);
#8261=AXIS2_PLACEMENT_3D('',#12571,#10283,#10284);
#8262=AXIS2_PLACEMENT_3D('',#12572,#10285,#10286);
#8263=AXIS2_PLACEMENT_3D('',#12576,#10289,#10290);
#8264=AXIS2_PLACEMENT_3D('',#12579,#10292,#10293);
#8265=AXIS2_PLACEMENT_3D('',#12580,#10294,#10295);
#8266=AXIS2_PLACEMENT_3D('',#12582,#10297,#10298);
#8267=AXIS2_PLACEMENT_3D('',#12583,#10299,#10300);
#8268=AXIS2_PLACEMENT_3D('',#12589,#10304,#10305);
#8269=AXIS2_PLACEMENT_3D('',#12592,#10307,#10308);
#8270=AXIS2_PLACEMENT_3D('',#12593,#10309,#10310);
#8271=AXIS2_PLACEMENT_3D('',#12597,#10313,#10314);
#8272=AXIS2_PLACEMENT_3D('',#12600,#10316,#10317);
#8273=AXIS2_PLACEMENT_3D('',#12601,#10318,#10319);
#8274=AXIS2_PLACEMENT_3D('',#12605,#10322,#10323);
#8275=AXIS2_PLACEMENT_3D('',#12608,#10325,#10326);
#8276=AXIS2_PLACEMENT_3D('',#12609,#10327,#10328);
#8277=AXIS2_PLACEMENT_3D('',#12613,#10331,#10332);
#8278=AXIS2_PLACEMENT_3D('',#12614,#10333,#10334);
#8279=AXIS2_PLACEMENT_3D('',#12615,#10335,#10336);
#8280=AXIS2_PLACEMENT_3D('',#12616,#10337,#10338);
#8281=AXIS2_PLACEMENT_3D('',#12622,#10342,#10343);
#8282=AXIS2_PLACEMENT_3D('',#12625,#10345,#10346);
#8283=AXIS2_PLACEMENT_3D('',#12626,#10347,#10348);
#8284=AXIS2_PLACEMENT_3D('',#12630,#10351,#10352);
#8285=AXIS2_PLACEMENT_3D('',#12633,#10354,#10355);
#8286=AXIS2_PLACEMENT_3D('',#12634,#10356,#10357);
#8287=AXIS2_PLACEMENT_3D('',#12638,#10360,#10361);
#8288=AXIS2_PLACEMENT_3D('',#12641,#10363,#10364);
#8289=AXIS2_PLACEMENT_3D('',#12642,#10365,#10366);
#8290=AXIS2_PLACEMENT_3D('',#12646,#10369,#10370);
#8291=AXIS2_PLACEMENT_3D('',#12647,#10371,#10372);
#8292=AXIS2_PLACEMENT_3D('',#12648,#10373,#10374);
#8293=AXIS2_PLACEMENT_3D('',#12649,#10375,#10376);
#8294=AXIS2_PLACEMENT_3D('',#12655,#10380,#10381);
#8295=AXIS2_PLACEMENT_3D('',#12658,#10383,#10384);
#8296=AXIS2_PLACEMENT_3D('',#12659,#10385,#10386);
#8297=AXIS2_PLACEMENT_3D('',#12663,#10389,#10390);
#8298=AXIS2_PLACEMENT_3D('',#12666,#10392,#10393);
#8299=AXIS2_PLACEMENT_3D('',#12667,#10394,#10395);
#8300=AXIS2_PLACEMENT_3D('',#12671,#10398,#10399);
#8301=AXIS2_PLACEMENT_3D('',#12674,#10401,#10402);
#8302=AXIS2_PLACEMENT_3D('',#12675,#10403,#10404);
#8303=AXIS2_PLACEMENT_3D('',#12679,#10407,#10408);
#8304=AXIS2_PLACEMENT_3D('',#12680,#10409,#10410);
#8305=AXIS2_PLACEMENT_3D('',#12681,#10411,#10412);
#8306=AXIS2_PLACEMENT_3D('',#12682,#10413,#10414);
#8307=AXIS2_PLACEMENT_3D('',#12688,#10418,#10419);
#8308=AXIS2_PLACEMENT_3D('',#12691,#10421,#10422);
#8309=AXIS2_PLACEMENT_3D('',#12692,#10423,#10424);
#8310=AXIS2_PLACEMENT_3D('',#12696,#10427,#10428);
#8311=AXIS2_PLACEMENT_3D('',#12699,#10430,#10431);
#8312=AXIS2_PLACEMENT_3D('',#12700,#10432,#10433);
#8313=AXIS2_PLACEMENT_3D('',#12704,#10436,#10437);
#8314=AXIS2_PLACEMENT_3D('',#12707,#10439,#10440);
#8315=AXIS2_PLACEMENT_3D('',#12708,#10441,#10442);
#8316=AXIS2_PLACEMENT_3D('',#12712,#10445,#10446);
#8317=AXIS2_PLACEMENT_3D('',#12713,#10447,#10448);
#8318=AXIS2_PLACEMENT_3D('',#12714,#10449,#10450);
#8319=AXIS2_PLACEMENT_3D('',#12715,#10451,#10452);
#8320=AXIS2_PLACEMENT_3D('',#12719,#10454,#10455);
#8321=AXIS2_PLACEMENT_3D('',#12721,#10457,#10458);
#8322=AXIS2_PLACEMENT_3D('',#12725,#10461,#10462);
#8323=AXIS2_PLACEMENT_3D('',#12728,#10464,#10465);
#8324=AXIS2_PLACEMENT_3D('',#12729,#10466,#10467);
#8325=AXIS2_PLACEMENT_3D('',#12733,#10470,#10471);
#8326=AXIS2_PLACEMENT_3D('',#12736,#10473,#10474);
#8327=AXIS2_PLACEMENT_3D('',#12737,#10475,#10476);
#8328=AXIS2_PLACEMENT_3D('',#12741,#10479,#10480);
#8329=AXIS2_PLACEMENT_3D('',#12744,#10482,#10483);
#8330=AXIS2_PLACEMENT_3D('',#12745,#10484,#10485);
#8331=AXIS2_PLACEMENT_3D('',#12747,#10487,#10488);
#8332=AXIS2_PLACEMENT_3D('',#12748,#10489,#10490);
#8333=AXIS2_PLACEMENT_3D('',#12754,#10494,#10495);
#8334=AXIS2_PLACEMENT_3D('',#12757,#10497,#10498);
#8335=AXIS2_PLACEMENT_3D('',#12758,#10499,#10500);
#8336=AXIS2_PLACEMENT_3D('',#12762,#10503,#10504);
#8337=AXIS2_PLACEMENT_3D('',#12765,#10506,#10507);
#8338=AXIS2_PLACEMENT_3D('',#12766,#10508,#10509);
#8339=AXIS2_PLACEMENT_3D('',#12770,#10512,#10513);
#8340=AXIS2_PLACEMENT_3D('',#12773,#10515,#10516);
#8341=AXIS2_PLACEMENT_3D('',#12774,#10517,#10518);
#8342=AXIS2_PLACEMENT_3D('',#12778,#10521,#10522);
#8343=AXIS2_PLACEMENT_3D('',#12779,#10523,#10524);
#8344=AXIS2_PLACEMENT_3D('',#12780,#10525,#10526);
#8345=AXIS2_PLACEMENT_3D('',#12781,#10527,#10528);
#8346=AXIS2_PLACEMENT_3D('',#12787,#10532,#10533);
#8347=AXIS2_PLACEMENT_3D('',#12790,#10535,#10536);
#8348=AXIS2_PLACEMENT_3D('',#12791,#10537,#10538);
#8349=AXIS2_PLACEMENT_3D('',#12795,#10541,#10542);
#8350=AXIS2_PLACEMENT_3D('',#12798,#10544,#10545);
#8351=AXIS2_PLACEMENT_3D('',#12799,#10546,#10547);
#8352=AXIS2_PLACEMENT_3D('',#12803,#10550,#10551);
#8353=AXIS2_PLACEMENT_3D('',#12806,#10553,#10554);
#8354=AXIS2_PLACEMENT_3D('',#12807,#10555,#10556);
#8355=AXIS2_PLACEMENT_3D('',#12811,#10559,#10560);
#8356=AXIS2_PLACEMENT_3D('',#12812,#10561,#10562);
#8357=AXIS2_PLACEMENT_3D('',#12813,#10563,#10564);
#8358=AXIS2_PLACEMENT_3D('',#12814,#10565,#10566);
#8359=AXIS2_PLACEMENT_3D('',#12820,#10570,#10571);
#8360=AXIS2_PLACEMENT_3D('',#12823,#10573,#10574);
#8361=AXIS2_PLACEMENT_3D('',#12824,#10575,#10576);
#8362=AXIS2_PLACEMENT_3D('',#12828,#10579,#10580);
#8363=AXIS2_PLACEMENT_3D('',#12831,#10582,#10583);
#8364=AXIS2_PLACEMENT_3D('',#12832,#10584,#10585);
#8365=AXIS2_PLACEMENT_3D('',#12836,#10588,#10589);
#8366=AXIS2_PLACEMENT_3D('',#12839,#10591,#10592);
#8367=AXIS2_PLACEMENT_3D('',#12840,#10593,#10594);
#8368=AXIS2_PLACEMENT_3D('',#12844,#10597,#10598);
#8369=AXIS2_PLACEMENT_3D('',#12845,#10599,#10600);
#8370=AXIS2_PLACEMENT_3D('',#12846,#10601,#10602);
#8371=AXIS2_PLACEMENT_3D('',#12847,#10603,#10604);
#8372=AXIS2_PLACEMENT_3D('',#12853,#10608,#10609);
#8373=AXIS2_PLACEMENT_3D('',#12856,#10611,#10612);
#8374=AXIS2_PLACEMENT_3D('',#12857,#10613,#10614);
#8375=AXIS2_PLACEMENT_3D('',#12861,#10617,#10618);
#8376=AXIS2_PLACEMENT_3D('',#12864,#10620,#10621);
#8377=AXIS2_PLACEMENT_3D('',#12865,#10622,#10623);
#8378=AXIS2_PLACEMENT_3D('',#12869,#10626,#10627);
#8379=AXIS2_PLACEMENT_3D('',#12872,#10629,#10630);
#8380=AXIS2_PLACEMENT_3D('',#12873,#10631,#10632);
#8381=AXIS2_PLACEMENT_3D('',#12877,#10635,#10636);
#8382=AXIS2_PLACEMENT_3D('',#12878,#10637,#10638);
#8383=AXIS2_PLACEMENT_3D('',#12879,#10639,#10640);
#8384=AXIS2_PLACEMENT_3D('',#12880,#10641,#10642);
#8385=AXIS2_PLACEMENT_3D('',#12886,#10646,#10647);
#8386=AXIS2_PLACEMENT_3D('',#12889,#10649,#10650);
#8387=AXIS2_PLACEMENT_3D('',#12890,#10651,#10652);
#8388=AXIS2_PLACEMENT_3D('',#12894,#10655,#10656);
#8389=AXIS2_PLACEMENT_3D('',#12897,#10658,#10659);
#8390=AXIS2_PLACEMENT_3D('',#12898,#10660,#10661);
#8391=AXIS2_PLACEMENT_3D('',#12902,#10664,#10665);
#8392=AXIS2_PLACEMENT_3D('',#12905,#10667,#10668);
#8393=AXIS2_PLACEMENT_3D('',#12906,#10669,#10670);
#8394=AXIS2_PLACEMENT_3D('',#12910,#10673,#10674);
#8395=AXIS2_PLACEMENT_3D('',#12911,#10675,#10676);
#8396=AXIS2_PLACEMENT_3D('',#12912,#10677,#10678);
#8397=AXIS2_PLACEMENT_3D('',#12913,#10679,#10680);
#8398=AXIS2_PLACEMENT_3D('',#12919,#10684,#10685);
#8399=AXIS2_PLACEMENT_3D('',#12922,#10687,#10688);
#8400=AXIS2_PLACEMENT_3D('',#12923,#10689,#10690);
#8401=AXIS2_PLACEMENT_3D('',#12927,#10693,#10694);
#8402=AXIS2_PLACEMENT_3D('',#12930,#10696,#10697);
#8403=AXIS2_PLACEMENT_3D('',#12931,#10698,#10699);
#8404=AXIS2_PLACEMENT_3D('',#12935,#10702,#10703);
#8405=AXIS2_PLACEMENT_3D('',#12938,#10705,#10706);
#8406=AXIS2_PLACEMENT_3D('',#12939,#10707,#10708);
#8407=AXIS2_PLACEMENT_3D('',#12943,#10711,#10712);
#8408=AXIS2_PLACEMENT_3D('',#12944,#10713,#10714);
#8409=AXIS2_PLACEMENT_3D('',#12945,#10715,#10716);
#8410=AXIS2_PLACEMENT_3D('',#12946,#10717,#10718);
#8411=AXIS2_PLACEMENT_3D('',#12952,#10722,#10723);
#8412=AXIS2_PLACEMENT_3D('',#12955,#10725,#10726);
#8413=AXIS2_PLACEMENT_3D('',#12956,#10727,#10728);
#8414=AXIS2_PLACEMENT_3D('',#12960,#10731,#10732);
#8415=AXIS2_PLACEMENT_3D('',#12963,#10734,#10735);
#8416=AXIS2_PLACEMENT_3D('',#12964,#10736,#10737);
#8417=AXIS2_PLACEMENT_3D('',#12968,#10740,#10741);
#8418=AXIS2_PLACEMENT_3D('',#12971,#10743,#10744);
#8419=AXIS2_PLACEMENT_3D('',#12972,#10745,#10746);
#8420=AXIS2_PLACEMENT_3D('',#12976,#10749,#10750);
#8421=AXIS2_PLACEMENT_3D('',#12977,#10751,#10752);
#8422=AXIS2_PLACEMENT_3D('',#12978,#10753,#10754);
#8423=AXIS2_PLACEMENT_3D('',#12979,#10755,#10756);
#8424=AXIS2_PLACEMENT_3D('',#12982,#10758,#10759);
#8425=AXIS2_PLACEMENT_3D('',#12983,#10760,#10761);
#8426=AXIS2_PLACEMENT_3D('',#12986,#10763,#10764);
#8427=AXIS2_PLACEMENT_3D('',#12987,#10765,#10766);
#8428=AXIS2_PLACEMENT_3D('',#12989,#10767,#10768);
#8429=AXIS2_PLACEMENT_3D('',#12992,#10770,#10771);
#8430=AXIS2_PLACEMENT_3D('',#12993,#10772,#10773);
#8431=AXIS2_PLACEMENT_3D('',#12994,#10774,#10775);
#8432=DIRECTION('axis',(0.,0.,1.));
#8433=DIRECTION('refdir',(1.,0.,0.));
#8434=DIRECTION('center_axis',(-0.566406236983117,0.824126188581958,0.));
#8435=DIRECTION('ref_axis',(0.824126188581958,0.566406236983117,0.));
#8436=DIRECTION('',(-0.824126188581958,-0.566406236983117,0.));
#8437=DIRECTION('',(0.,0.,-1.));
#8438=DIRECTION('',(0.824126188581958,0.566406236983117,0.));
#8439=DIRECTION('',(0.,0.,-1.));
#8440=DIRECTION('center_axis',(0.,0.,-1.));
#8441=DIRECTION('ref_axis',(0.786474344111571,0.617622948127961,0.));
#8442=DIRECTION('center_axis',(0.,0.,1.));
#8443=DIRECTION('ref_axis',(0.786474344111571,0.617622948127961,0.));
#8444=DIRECTION('center_axis',(0.,0.,-1.));
#8445=DIRECTION('ref_axis',(0.786474344111571,0.617622948127961,0.));
#8446=DIRECTION('',(0.,0.,-1.));
#8447=DIRECTION('center_axis',(0.,0.,-1.));
#8448=DIRECTION('ref_axis',(0.775526839689343,0.63131459742466,0.));
#8449=DIRECTION('center_axis',(0.,0.,1.));
#8450=DIRECTION('ref_axis',(0.775526839689343,0.63131459742466,0.));
#8451=DIRECTION('center_axis',(0.,0.,-1.));
#8452=DIRECTION('ref_axis',(0.775526839689343,0.63131459742466,0.));
#8453=DIRECTION('',(0.,0.,-1.));
#8454=DIRECTION('center_axis',(-0.580702955712692,0.814115518355069,0.));
#8455=DIRECTION('ref_axis',(0.814115518355069,0.580702955712692,0.));
#8456=DIRECTION('',(-0.814115518355069,-0.580702955712692,0.));
#8457=DIRECTION('',(0.814115518355069,0.580702955712692,0.));
#8458=DIRECTION('',(0.,0.,-1.));
#8459=DIRECTION('center_axis',(0.,0.,-1.));
#8460=DIRECTION('ref_axis',(-0.580702955623959,0.814115518418362,0.));
#8461=DIRECTION('center_axis',(0.,0.,1.));
#8462=DIRECTION('ref_axis',(-0.580702955623959,0.814115518418362,0.));
#8463=DIRECTION('center_axis',(0.,0.,-1.));
#8464=DIRECTION('ref_axis',(-0.580702955623959,0.814115518418362,0.));
#8465=DIRECTION('',(0.,0.,-1.));
#8466=DIRECTION('center_axis',(0.,0.,-1.));
#8467=DIRECTION('ref_axis',(-0.995305407869603,-0.0967840124479378,0.));
#8468=DIRECTION('center_axis',(0.,0.,-1.));
#8469=DIRECTION('ref_axis',(-0.995305407869603,-0.0967840124479378,0.));
#8470=DIRECTION('center_axis',(0.,0.,1.));
#8471=DIRECTION('ref_axis',(-0.995305407869603,-0.0967840124479378,0.));
#8472=DIRECTION('',(0.,0.,-1.));
#8473=DIRECTION('center_axis',(0.,0.,-1.));
#8474=DIRECTION('ref_axis',(-0.995305407869703,-0.0967840124469106,0.));
#8475=DIRECTION('center_axis',(0.,0.,1.));
#8476=DIRECTION('ref_axis',(-0.995305407869703,-0.0967840124469106,0.));
#8477=DIRECTION('center_axis',(0.,0.,-1.));
#8478=DIRECTION('ref_axis',(-0.995305407869703,-0.0967840124469106,0.));
#8479=DIRECTION('',(0.,0.,-1.));
#8480=DIRECTION('center_axis',(0.165047605863337,-0.986285601536787,0.));
#8481=DIRECTION('ref_axis',(-0.986285601536786,-0.165047605863337,0.));
#8482=DIRECTION('',(0.986285601536786,0.165047605863337,0.));
#8483=DIRECTION('',(-0.986285601536786,-0.165047605863337,0.));
#8484=DIRECTION('',(0.,0.,-1.));
#8485=DIRECTION('center_axis',(0.,0.,-1.));
#8486=DIRECTION('ref_axis',(0.165047605907693,-0.986285601529364,0.));
#8487=DIRECTION('center_axis',(0.,0.,1.));
#8488=DIRECTION('ref_axis',(0.165047605907693,-0.986285601529364,0.));
#8489=DIRECTION('center_axis',(0.,0.,-1.));
#8490=DIRECTION('ref_axis',(0.165047605907693,-0.986285601529364,0.));
#8491=DIRECTION('',(0.,0.,-1.));
#8492=DIRECTION('center_axis',(0.,0.,-1.));
#8493=DIRECTION('ref_axis',(0.994787120298862,0.101973453837252,0.));
#8494=DIRECTION('center_axis',(0.,0.,1.));
#8495=DIRECTION('ref_axis',(0.994787120298862,0.101973453837252,0.));
#8496=DIRECTION('center_axis',(0.,0.,-1.));
#8497=DIRECTION('ref_axis',(0.994787120298862,0.101973453837252,0.));
#8498=DIRECTION('',(0.,0.,-1.));
#8499=DIRECTION('center_axis',(0.18223552542261,-0.983254907576843,0.));
#8500=DIRECTION('ref_axis',(-0.983254907576843,-0.18223552542261,0.));
#8501=DIRECTION('',(0.983254907576843,0.18223552542261,0.));
#8502=DIRECTION('',(-0.983254907576843,-0.18223552542261,0.));
#8503=DIRECTION('',(0.,0.,-1.));
#8504=DIRECTION('center_axis',(0.,0.,-1.));
#8505=DIRECTION('ref_axis',(0.182235525393595,-0.98325490758222,0.));
#8506=DIRECTION('center_axis',(0.,0.,1.));
#8507=DIRECTION('ref_axis',(0.182235525393595,-0.98325490758222,0.));
#8508=DIRECTION('center_axis',(0.,0.,-1.));
#8509=DIRECTION('ref_axis',(0.182235525393595,-0.98325490758222,0.));
#8510=DIRECTION('',(0.,0.,-1.));
#8511=DIRECTION('center_axis',(0.,0.,-1.));
#8512=DIRECTION('ref_axis',(0.990067078855766,0.140595801381159,0.));
#8513=DIRECTION('center_axis',(0.,0.,1.));
#8514=DIRECTION('ref_axis',(0.990067078855766,0.140595801381159,0.));
#8515=DIRECTION('center_axis',(0.,0.,-1.));
#8516=DIRECTION('ref_axis',(0.990067078855766,0.140595801381159,0.));
#8517=DIRECTION('',(0.,0.,-1.));
#8518=DIRECTION('center_axis',(0.,0.,-1.));
#8519=DIRECTION('ref_axis',(0.799499389851443,0.600666900725494,0.));
#8520=DIRECTION('center_axis',(0.,0.,1.));
#8521=DIRECTION('ref_axis',(0.799499389851443,0.600666900725494,0.));
#8522=DIRECTION('center_axis',(0.,0.,-1.));
#8523=DIRECTION('ref_axis',(0.799499389851443,0.600666900725494,0.));
#8524=DIRECTION('center_axis',(0.18223552542261,0.983254907576843,0.));
#8525=DIRECTION('ref_axis',(0.983254907576843,-0.18223552542261,0.));
#8526=DIRECTION('',(-0.983254907576843,0.18223552542261,0.));
#8527=DIRECTION('',(0.,0.,-1.));
#8528=DIRECTION('',(0.983254907576843,-0.18223552542261,0.));
#8529=DIRECTION('',(0.,0.,-1.));
#8530=DIRECTION('center_axis',(0.,0.,-1.));
#8531=DIRECTION('ref_axis',(0.992846716788243,-0.119395967112826,0.));
#8532=DIRECTION('center_axis',(0.,0.,1.));
#8533=DIRECTION('ref_axis',(0.992846716788243,-0.119395967112826,0.));
#8534=DIRECTION('center_axis',(0.,0.,-1.));
#8535=DIRECTION('ref_axis',(0.992846716788243,-0.119395967112826,0.));
#8536=DIRECTION('',(0.,0.,-1.));
#8537=DIRECTION('center_axis',(0.,0.,-1.));
#8538=DIRECTION('ref_axis',(0.994787120237539,-0.101973454435475,0.));
#8539=DIRECTION('center_axis',(0.,0.,1.));
#8540=DIRECTION('ref_axis',(0.994787120237539,-0.101973454435475,0.));
#8541=DIRECTION('center_axis',(0.,0.,-1.));
#8542=DIRECTION('ref_axis',(0.994787120237539,-0.101973454435475,0.));
#8543=DIRECTION('',(0.,0.,-1.));
#8544=DIRECTION('center_axis',(0.165047605858555,0.986285601537587,0.));
#8545=DIRECTION('ref_axis',(0.986285601537587,-0.165047605858555,0.));
#8546=DIRECTION('',(-0.986285601537587,0.165047605858555,0.));
#8547=DIRECTION('',(0.986285601537587,-0.165047605858555,0.));
#8548=DIRECTION('',(0.,0.,-1.));
#8549=DIRECTION('center_axis',(0.,0.,-1.));
#8550=DIRECTION('ref_axis',(0.165047605966053,0.986285601519598,0.));
#8551=DIRECTION('center_axis',(0.,0.,1.));
#8552=DIRECTION('ref_axis',(0.165047605966053,0.986285601519598,0.));
#8553=DIRECTION('center_axis',(0.,0.,-1.));
#8554=DIRECTION('ref_axis',(0.165047605966053,0.986285601519598,0.));
#8555=DIRECTION('',(0.,0.,-1.));
#8556=DIRECTION('center_axis',(0.,0.,-1.));
#8557=DIRECTION('ref_axis',(-0.772223834768619,0.635350571743859,0.));
#8558=DIRECTION('center_axis',(0.,0.,-1.));
#8559=DIRECTION('ref_axis',(-0.772223834768619,0.635350571743859,0.));
#8560=DIRECTION('center_axis',(0.,0.,1.));
#8561=DIRECTION('ref_axis',(-0.772223834768619,0.635350571743859,0.));
#8562=DIRECTION('',(0.,0.,-1.));
#8563=DIRECTION('center_axis',(0.,0.,-1.));
#8564=DIRECTION('ref_axis',(-0.772223834767963,0.635350571744656,0.));
#8565=DIRECTION('center_axis',(0.,0.,1.));
#8566=DIRECTION('ref_axis',(-0.772223834767963,0.635350571744656,0.));
#8567=DIRECTION('center_axis',(0.,0.,-1.));
#8568=DIRECTION('ref_axis',(-0.772223834767963,0.635350571744656,0.));
#8569=DIRECTION('',(0.,0.,-1.));
#8570=DIRECTION('center_axis',(-0.580702955708745,-0.814115518357885,0.));
#8571=DIRECTION('ref_axis',(-0.814115518357885,0.580702955708745,0.));
#8572=DIRECTION('',(0.814115518357885,-0.580702955708745,0.));
#8573=DIRECTION('',(-0.814115518357885,0.580702955708745,0.));
#8574=DIRECTION('',(0.,0.,-1.));
#8575=DIRECTION('center_axis',(0.,0.,-1.));
#8576=DIRECTION('ref_axis',(-0.580702955672131,-0.814115518384001,0.));
#8577=DIRECTION('center_axis',(0.,0.,1.));
#8578=DIRECTION('ref_axis',(-0.580702955672131,-0.814115518384001,0.));
#8579=DIRECTION('center_axis',(0.,0.,-1.));
#8580=DIRECTION('ref_axis',(-0.580702955672131,-0.814115518384001,0.));
#8581=DIRECTION('',(0.,0.,-1.));
#8582=DIRECTION('center_axis',(0.,0.,-1.));
#8583=DIRECTION('ref_axis',(0.775526839309697,-0.631314597891029,0.));
#8584=DIRECTION('center_axis',(0.,0.,1.));
#8585=DIRECTION('ref_axis',(0.775526839309697,-0.631314597891029,0.));
#8586=DIRECTION('center_axis',(0.,0.,-1.));
#8587=DIRECTION('ref_axis',(0.775526839309697,-0.631314597891029,0.));
#8588=DIRECTION('',(0.,0.,-1.));
#8589=DIRECTION('center_axis',(-0.566406236983117,-0.824126188581958,0.));
#8590=DIRECTION('ref_axis',(-0.824126188581958,0.566406236983117,0.));
#8591=DIRECTION('',(0.824126188581958,-0.566406236983117,0.));
#8592=DIRECTION('',(-0.824126188581958,0.566406236983117,0.));
#8593=DIRECTION('',(0.,0.,-1.));
#8594=DIRECTION('center_axis',(0.,0.,-1.));
#8595=DIRECTION('ref_axis',(-0.566406237007436,-0.824126188565244,0.));
#8596=DIRECTION('center_axis',(0.,0.,1.));
#8597=DIRECTION('ref_axis',(-0.566406237007436,-0.824126188565244,0.));
#8598=DIRECTION('center_axis',(0.,0.,-1.));
#8599=DIRECTION('ref_axis',(-0.566406237007436,-0.824126188565244,0.));
#8600=DIRECTION('',(0.,0.,-1.));
#8601=DIRECTION('center_axis',(0.,0.,-1.));
#8602=DIRECTION('ref_axis',(0.799499389851443,-0.600666900725494,0.));
#8603=DIRECTION('center_axis',(0.,0.,1.));
#8604=DIRECTION('ref_axis',(0.799499389851443,-0.600666900725494,0.));
#8605=DIRECTION('center_axis',(0.,0.,-1.));
#8606=DIRECTION('ref_axis',(0.799499389851443,-0.600666900725494,0.));
#8607=DIRECTION('',(0.,0.,-1.));
#8608=DIRECTION('center_axis',(0.,0.,-1.));
#8609=DIRECTION('ref_axis',(0.990067078855766,-0.140595801381159,0.));
#8610=DIRECTION('center_axis',(0.,0.,1.));
#8611=DIRECTION('ref_axis',(0.990067078855766,-0.140595801381159,0.));
#8612=DIRECTION('center_axis',(0.,0.,-1.));
#8613=DIRECTION('ref_axis',(0.990067078855766,-0.140595801381159,0.));
#8614=DIRECTION('center_axis',(0.824126188581958,0.566406236983117,0.));
#8615=DIRECTION('ref_axis',(0.566406236983117,-0.824126188581958,0.));
#8616=DIRECTION('',(-0.566406236983117,0.824126188581958,0.));
#8617=DIRECTION('',(0.,0.,-1.));
#8618=DIRECTION('',(0.566406236983117,-0.824126188581958,0.));
#8619=DIRECTION('',(0.,0.,-1.));
#8620=DIRECTION('center_axis',(0.,0.,-1.));
#8621=DIRECTION('ref_axis',(0.617622948127961,-0.786474344111571,0.));
#8622=DIRECTION('center_axis',(0.,0.,1.));
#8623=DIRECTION('ref_axis',(0.617622948127961,-0.786474344111571,0.));
#8624=DIRECTION('center_axis',(0.,0.,-1.));
#8625=DIRECTION('ref_axis',(0.617622948127961,-0.786474344111571,0.));
#8626=DIRECTION('',(0.,0.,-1.));
#8627=DIRECTION('center_axis',(0.,0.,-1.));
#8628=DIRECTION('ref_axis',(0.63131459742466,-0.775526839689343,0.));
#8629=DIRECTION('center_axis',(0.,0.,1.));
#8630=DIRECTION('ref_axis',(0.63131459742466,-0.775526839689343,0.));
#8631=DIRECTION('center_axis',(0.,0.,-1.));
#8632=DIRECTION('ref_axis',(0.63131459742466,-0.775526839689343,0.));
#8633=DIRECTION('',(0.,0.,-1.));
#8634=DIRECTION('center_axis',(0.814115518355069,0.580702955712692,0.));
#8635=DIRECTION('ref_axis',(0.580702955712692,-0.814115518355069,0.));
#8636=DIRECTION('',(-0.580702955712692,0.814115518355069,0.));
#8637=DIRECTION('',(0.580702955712692,-0.814115518355069,0.));
#8638=DIRECTION('',(0.,0.,-1.));
#8639=DIRECTION('center_axis',(0.,0.,-1.));
#8640=DIRECTION('ref_axis',(0.814115518418362,0.580702955623959,0.));
#8641=DIRECTION('center_axis',(0.,0.,1.));
#8642=DIRECTION('ref_axis',(0.814115518418362,0.580702955623959,0.));
#8643=DIRECTION('center_axis',(0.,0.,-1.));
#8644=DIRECTION('ref_axis',(0.814115518418362,0.580702955623959,0.));
#8645=DIRECTION('',(0.,0.,-1.));
#8646=DIRECTION('center_axis',(0.,0.,-1.));
#8647=DIRECTION('ref_axis',(-0.0967840124479379,0.995305407869603,0.));
#8648=DIRECTION('center_axis',(0.,0.,-1.));
#8649=DIRECTION('ref_axis',(-0.0967840124479379,0.995305407869603,0.));
#8650=DIRECTION('center_axis',(0.,0.,1.));
#8651=DIRECTION('ref_axis',(-0.0967840124479379,0.995305407869603,0.));
#8652=DIRECTION('',(0.,0.,-1.));
#8653=DIRECTION('center_axis',(0.,0.,-1.));
#8654=DIRECTION('ref_axis',(-0.0967840124469106,0.995305407869703,0.));
#8655=DIRECTION('center_axis',(0.,0.,1.));
#8656=DIRECTION('ref_axis',(-0.0967840124469106,0.995305407869703,0.));
#8657=DIRECTION('center_axis',(0.,0.,-1.));
#8658=DIRECTION('ref_axis',(-0.0967840124469106,0.995305407869703,0.));
#8659=DIRECTION('',(0.,0.,-1.));
#8660=DIRECTION('center_axis',(-0.986285601536786,-0.165047605863337,0.));
#8661=DIRECTION('ref_axis',(-0.165047605863337,0.986285601536786,0.));
#8662=DIRECTION('',(0.165047605863337,-0.986285601536786,0.));
#8663=DIRECTION('',(-0.165047605863337,0.986285601536786,0.));
#8664=DIRECTION('',(0.,0.,-1.));
#8665=DIRECTION('center_axis',(0.,0.,-1.));
#8666=DIRECTION('ref_axis',(-0.986285601529364,-0.165047605907693,0.));
#8667=DIRECTION('center_axis',(0.,0.,1.));
#8668=DIRECTION('ref_axis',(-0.986285601529364,-0.165047605907693,0.));
#8669=DIRECTION('center_axis',(0.,0.,-1.));
#8670=DIRECTION('ref_axis',(-0.986285601529364,-0.165047605907693,0.));
#8671=DIRECTION('',(0.,0.,-1.));
#8672=DIRECTION('center_axis',(0.,0.,-1.));
#8673=DIRECTION('ref_axis',(0.101973453837252,-0.994787120298862,0.));
#8674=DIRECTION('center_axis',(0.,0.,1.));
#8675=DIRECTION('ref_axis',(0.101973453837252,-0.994787120298862,0.));
#8676=DIRECTION('center_axis',(0.,0.,-1.));
#8677=DIRECTION('ref_axis',(0.101973453837252,-0.994787120298862,0.));
#8678=DIRECTION('',(0.,0.,-1.));
#8679=DIRECTION('center_axis',(-0.983254907576843,-0.18223552542261,0.));
#8680=DIRECTION('ref_axis',(-0.18223552542261,0.983254907576843,0.));
#8681=DIRECTION('',(0.18223552542261,-0.983254907576843,0.));
#8682=DIRECTION('',(-0.18223552542261,0.983254907576843,0.));
#8683=DIRECTION('',(0.,0.,-1.));
#8684=DIRECTION('center_axis',(0.,0.,-1.));
#8685=DIRECTION('ref_axis',(-0.98325490758222,-0.182235525393595,0.));
#8686=DIRECTION('center_axis',(0.,0.,1.));
#8687=DIRECTION('ref_axis',(-0.98325490758222,-0.182235525393595,0.));
#8688=DIRECTION('center_axis',(0.,0.,-1.));
#8689=DIRECTION('ref_axis',(-0.98325490758222,-0.182235525393595,0.));
#8690=DIRECTION('',(0.,0.,-1.));
#8691=DIRECTION('center_axis',(0.,0.,-1.));
#8692=DIRECTION('ref_axis',(0.140595801381159,-0.990067078855766,0.));
#8693=DIRECTION('center_axis',(0.,0.,1.));
#8694=DIRECTION('ref_axis',(0.140595801381159,-0.990067078855766,0.));
#8695=DIRECTION('center_axis',(0.,0.,-1.));
#8696=DIRECTION('ref_axis',(0.140595801381159,-0.990067078855766,0.));
#8697=DIRECTION('',(0.,0.,-1.));
#8698=DIRECTION('center_axis',(0.,0.,-1.));
#8699=DIRECTION('ref_axis',(0.600666900725494,-0.799499389851443,0.));
#8700=DIRECTION('center_axis',(0.,0.,1.));
#8701=DIRECTION('ref_axis',(0.600666900725494,-0.799499389851443,0.));
#8702=DIRECTION('center_axis',(0.,0.,-1.));
#8703=DIRECTION('ref_axis',(0.600666900725494,-0.799499389851443,0.));
#8704=DIRECTION('center_axis',(0.983254907576843,-0.18223552542261,0.));
#8705=DIRECTION('ref_axis',(-0.18223552542261,-0.983254907576843,0.));
#8706=DIRECTION('',(0.18223552542261,0.983254907576843,0.));
#8707=DIRECTION('',(0.,0.,-1.));
#8708=DIRECTION('',(-0.18223552542261,-0.983254907576843,0.));
#8709=DIRECTION('',(0.,0.,-1.));
#8710=DIRECTION('center_axis',(0.,0.,-1.));
#8711=DIRECTION('ref_axis',(-0.119395967112826,-0.992846716788243,0.));
#8712=DIRECTION('center_axis',(0.,0.,1.));
#8713=DIRECTION('ref_axis',(-0.119395967112826,-0.992846716788243,0.));
#8714=DIRECTION('center_axis',(0.,0.,-1.));
#8715=DIRECTION('ref_axis',(-0.119395967112826,-0.992846716788243,0.));
#8716=DIRECTION('',(0.,0.,-1.));
#8717=DIRECTION('center_axis',(0.,0.,-1.));
#8718=DIRECTION('ref_axis',(-0.101973454435475,-0.994787120237539,0.));
#8719=DIRECTION('center_axis',(0.,0.,1.));
#8720=DIRECTION('ref_axis',(-0.101973454435475,-0.994787120237539,0.));
#8721=DIRECTION('center_axis',(0.,0.,-1.));
#8722=DIRECTION('ref_axis',(-0.101973454435475,-0.994787120237539,0.));
#8723=DIRECTION('',(0.,0.,-1.));
#8724=DIRECTION('center_axis',(0.986285601537587,-0.165047605858555,0.));
#8725=DIRECTION('ref_axis',(-0.165047605858555,-0.986285601537587,0.));
#8726=DIRECTION('',(0.165047605858555,0.986285601537587,0.));
#8727=DIRECTION('',(-0.165047605858555,-0.986285601537587,0.));
#8728=DIRECTION('',(0.,0.,-1.));
#8729=DIRECTION('center_axis',(0.,0.,-1.));
#8730=DIRECTION('ref_axis',(0.986285601519598,-0.165047605966053,0.));
#8731=DIRECTION('center_axis',(0.,0.,1.));
#8732=DIRECTION('ref_axis',(0.986285601519598,-0.165047605966053,0.));
#8733=DIRECTION('center_axis',(0.,0.,-1.));
#8734=DIRECTION('ref_axis',(0.986285601519598,-0.165047605966053,0.));
#8735=DIRECTION('',(0.,0.,-1.));
#8736=DIRECTION('center_axis',(0.,0.,-1.));
#8737=DIRECTION('ref_axis',(0.635350571743859,0.772223834768619,0.));
#8738=DIRECTION('center_axis',(0.,0.,-1.));
#8739=DIRECTION('ref_axis',(0.635350571743859,0.772223834768619,0.));
#8740=DIRECTION('center_axis',(0.,0.,1.));
#8741=DIRECTION('ref_axis',(0.635350571743859,0.772223834768619,0.));
#8742=DIRECTION('',(0.,0.,-1.));
#8743=DIRECTION('center_axis',(0.,0.,-1.));
#8744=DIRECTION('ref_axis',(0.635350571744656,0.772223834767963,0.));
#8745=DIRECTION('center_axis',(0.,0.,1.));
#8746=DIRECTION('ref_axis',(0.635350571744656,0.772223834767963,0.));
#8747=DIRECTION('center_axis',(0.,0.,-1.));
#8748=DIRECTION('ref_axis',(0.635350571744656,0.772223834767963,0.));
#8749=DIRECTION('',(0.,0.,-1.));
#8750=DIRECTION('center_axis',(-0.814115518357885,0.580702955708745,0.));
#8751=DIRECTION('ref_axis',(0.580702955708745,0.814115518357885,0.));
#8752=DIRECTION('',(-0.580702955708745,-0.814115518357885,0.));
#8753=DIRECTION('',(0.580702955708745,0.814115518357885,0.));
#8754=DIRECTION('',(0.,0.,-1.));
#8755=DIRECTION('center_axis',(0.,0.,-1.));
#8756=DIRECTION('ref_axis',(-0.814115518384001,0.580702955672131,0.));
#8757=DIRECTION('center_axis',(0.,0.,1.));
#8758=DIRECTION('ref_axis',(-0.814115518384001,0.580702955672131,0.));
#8759=DIRECTION('center_axis',(0.,0.,-1.));
#8760=DIRECTION('ref_axis',(-0.814115518384001,0.580702955672131,0.));
#8761=DIRECTION('',(0.,0.,-1.));
#8762=DIRECTION('center_axis',(0.,0.,-1.));
#8763=DIRECTION('ref_axis',(-0.631314597891029,-0.775526839309697,0.));
#8764=DIRECTION('center_axis',(0.,0.,1.));
#8765=DIRECTION('ref_axis',(-0.631314597891029,-0.775526839309697,0.));
#8766=DIRECTION('center_axis',(0.,0.,-1.));
#8767=DIRECTION('ref_axis',(-0.631314597891029,-0.775526839309697,0.));
#8768=DIRECTION('',(0.,0.,-1.));
#8769=DIRECTION('center_axis',(-0.824126188581958,0.566406236983117,0.));
#8770=DIRECTION('ref_axis',(0.566406236983117,0.824126188581958,0.));
#8771=DIRECTION('',(-0.566406236983117,-0.824126188581958,0.));
#8772=DIRECTION('',(0.566406236983117,0.824126188581958,0.));
#8773=DIRECTION('',(0.,0.,-1.));
#8774=DIRECTION('center_axis',(0.,0.,-1.));
#8775=DIRECTION('ref_axis',(-0.824126188565244,0.566406237007436,0.));
#8776=DIRECTION('center_axis',(0.,0.,1.));
#8777=DIRECTION('ref_axis',(-0.824126188565244,0.566406237007436,0.));
#8778=DIRECTION('center_axis',(0.,0.,-1.));
#8779=DIRECTION('ref_axis',(-0.824126188565244,0.566406237007436,0.));
#8780=DIRECTION('',(0.,0.,-1.));
#8781=DIRECTION('center_axis',(0.,0.,-1.));
#8782=DIRECTION('ref_axis',(-0.600666900725494,-0.799499389851443,0.));
#8783=DIRECTION('center_axis',(0.,0.,1.));
#8784=DIRECTION('ref_axis',(-0.600666900725494,-0.799499389851443,0.));
#8785=DIRECTION('center_axis',(0.,0.,-1.));
#8786=DIRECTION('ref_axis',(-0.600666900725494,-0.799499389851443,0.));
#8787=DIRECTION('',(0.,0.,-1.));
#8788=DIRECTION('center_axis',(0.,0.,-1.));
#8789=DIRECTION('ref_axis',(-0.140595801381159,-0.990067078855766,0.));
#8790=DIRECTION('center_axis',(0.,0.,1.));
#8791=DIRECTION('ref_axis',(-0.140595801381159,-0.990067078855766,0.));
#8792=DIRECTION('center_axis',(0.,0.,-1.));
#8793=DIRECTION('ref_axis',(-0.140595801381159,-0.990067078855766,0.));
#8794=DIRECTION('center_axis',(0.566406236983117,-0.824126188581958,0.));
#8795=DIRECTION('ref_axis',(-0.824126188581958,-0.566406236983117,0.));
#8796=DIRECTION('',(0.824126188581958,0.566406236983117,0.));
#8797=DIRECTION('',(0.,0.,-1.));
#8798=DIRECTION('',(-0.824126188581958,-0.566406236983117,0.));
#8799=DIRECTION('',(0.,0.,-1.));
#8800=DIRECTION('center_axis',(0.,0.,-1.));
#8801=DIRECTION('ref_axis',(-0.786474344111571,-0.617622948127961,0.));
#8802=DIRECTION('center_axis',(0.,0.,1.));
#8803=DIRECTION('ref_axis',(-0.786474344111571,-0.617622948127961,0.));
#8804=DIRECTION('center_axis',(0.,0.,-1.));
#8805=DIRECTION('ref_axis',(-0.786474344111571,-0.617622948127961,0.));
#8806=DIRECTION('',(0.,0.,-1.));
#8807=DIRECTION('center_axis',(0.,0.,-1.));
#8808=DIRECTION('ref_axis',(-0.775526839689343,-0.63131459742466,0.));
#8809=DIRECTION('center_axis',(0.,0.,1.));
#8810=DIRECTION('ref_axis',(-0.775526839689343,-0.63131459742466,0.));
#8811=DIRECTION('center_axis',(0.,0.,-1.));
#8812=DIRECTION('ref_axis',(-0.775526839689343,-0.63131459742466,0.));
#8813=DIRECTION('',(0.,0.,-1.));
#8814=DIRECTION('center_axis',(0.580702955712692,-0.814115518355069,0.));
#8815=DIRECTION('ref_axis',(-0.814115518355069,-0.580702955712692,0.));
#8816=DIRECTION('',(0.814115518355069,0.580702955712692,0.));
#8817=DIRECTION('',(-0.814115518355069,-0.580702955712692,0.));
#8818=DIRECTION('',(0.,0.,-1.));
#8819=DIRECTION('center_axis',(0.,0.,-1.));
#8820=DIRECTION('ref_axis',(0.580702955623959,-0.814115518418362,0.));
#8821=DIRECTION('center_axis',(0.,0.,1.));
#8822=DIRECTION('ref_axis',(0.580702955623959,-0.814115518418362,0.));
#8823=DIRECTION('center_axis',(0.,0.,-1.));
#8824=DIRECTION('ref_axis',(0.580702955623959,-0.814115518418362,0.));
#8825=DIRECTION('',(0.,0.,-1.));
#8826=DIRECTION('center_axis',(0.,0.,-1.));
#8827=DIRECTION('ref_axis',(0.995305407869603,0.0967840124479379,0.));
#8828=DIRECTION('center_axis',(0.,0.,-1.));
#8829=DIRECTION('ref_axis',(0.995305407869603,0.0967840124479379,0.));
#8830=DIRECTION('center_axis',(0.,0.,1.));
#8831=DIRECTION('ref_axis',(0.995305407869603,0.0967840124479379,0.));
#8832=DIRECTION('',(0.,0.,-1.));
#8833=DIRECTION('center_axis',(0.,0.,-1.));
#8834=DIRECTION('ref_axis',(0.995305407869703,0.0967840124469106,0.));
#8835=DIRECTION('center_axis',(0.,0.,1.));
#8836=DIRECTION('ref_axis',(0.995305407869703,0.0967840124469106,0.));
#8837=DIRECTION('center_axis',(0.,0.,-1.));
#8838=DIRECTION('ref_axis',(0.995305407869703,0.0967840124469106,0.));
#8839=DIRECTION('',(0.,0.,-1.));
#8840=DIRECTION('center_axis',(-0.165047605863337,0.986285601536786,0.));
#8841=DIRECTION('ref_axis',(0.986285601536786,0.165047605863337,0.));
#8842=DIRECTION('',(-0.986285601536786,-0.165047605863337,0.));
#8843=DIRECTION('',(0.986285601536786,0.165047605863337,0.));
#8844=DIRECTION('',(0.,0.,-1.));
#8845=DIRECTION('center_axis',(0.,0.,-1.));
#8846=DIRECTION('ref_axis',(-0.165047605907693,0.986285601529364,0.));
#8847=DIRECTION('center_axis',(0.,0.,1.));
#8848=DIRECTION('ref_axis',(-0.165047605907693,0.986285601529364,0.));
#8849=DIRECTION('center_axis',(0.,0.,-1.));
#8850=DIRECTION('ref_axis',(-0.165047605907693,0.986285601529364,0.));
#8851=DIRECTION('',(0.,0.,-1.));
#8852=DIRECTION('center_axis',(0.,0.,-1.));
#8853=DIRECTION('ref_axis',(-0.994787120298862,-0.101973453837252,0.));
#8854=DIRECTION('center_axis',(0.,0.,1.));
#8855=DIRECTION('ref_axis',(-0.994787120298862,-0.101973453837252,0.));
#8856=DIRECTION('center_axis',(0.,0.,-1.));
#8857=DIRECTION('ref_axis',(-0.994787120298862,-0.101973453837252,0.));
#8858=DIRECTION('',(0.,0.,-1.));
#8859=DIRECTION('center_axis',(-0.18223552542261,0.983254907576843,0.));
#8860=DIRECTION('ref_axis',(0.983254907576843,0.18223552542261,0.));
#8861=DIRECTION('',(-0.983254907576843,-0.18223552542261,0.));
#8862=DIRECTION('',(0.983254907576843,0.18223552542261,0.));
#8863=DIRECTION('',(0.,0.,-1.));
#8864=DIRECTION('center_axis',(0.,0.,-1.));
#8865=DIRECTION('ref_axis',(-0.182235525393595,0.98325490758222,0.));
#8866=DIRECTION('center_axis',(0.,0.,1.));
#8867=DIRECTION('ref_axis',(-0.182235525393595,0.98325490758222,0.));
#8868=DIRECTION('center_axis',(0.,0.,-1.));
#8869=DIRECTION('ref_axis',(-0.182235525393595,0.98325490758222,0.));
#8870=DIRECTION('',(0.,0.,-1.));
#8871=DIRECTION('center_axis',(0.,0.,-1.));
#8872=DIRECTION('ref_axis',(-0.990067078855766,-0.140595801381159,0.));
#8873=DIRECTION('center_axis',(0.,0.,1.));
#8874=DIRECTION('ref_axis',(-0.990067078855766,-0.140595801381159,0.));
#8875=DIRECTION('center_axis',(0.,0.,-1.));
#8876=DIRECTION('ref_axis',(-0.990067078855766,-0.140595801381159,0.));
#8877=DIRECTION('',(0.,0.,-1.));
#8878=DIRECTION('center_axis',(0.,0.,-1.));
#8879=DIRECTION('ref_axis',(-0.799499389851443,-0.600666900725494,0.));
#8880=DIRECTION('center_axis',(0.,0.,1.));
#8881=DIRECTION('ref_axis',(-0.799499389851443,-0.600666900725494,0.));
#8882=DIRECTION('center_axis',(0.,0.,-1.));
#8883=DIRECTION('ref_axis',(-0.799499389851443,-0.600666900725494,0.));
#8884=DIRECTION('center_axis',(-0.18223552542261,-0.983254907576843,0.));
#8885=DIRECTION('ref_axis',(-0.983254907576843,0.182235525422609,0.));
#8886=DIRECTION('',(0.983254907576843,-0.182235525422609,0.));
#8887=DIRECTION('',(0.,0.,-1.));
#8888=DIRECTION('',(-0.983254907576843,0.182235525422609,0.));
#8889=DIRECTION('',(0.,0.,-1.));
#8890=DIRECTION('center_axis',(0.,0.,-1.));
#8891=DIRECTION('ref_axis',(-0.992846716788243,0.119395967112826,0.));
#8892=DIRECTION('center_axis',(0.,0.,1.));
#8893=DIRECTION('ref_axis',(-0.992846716788243,0.119395967112826,0.));
#8894=DIRECTION('center_axis',(0.,0.,-1.));
#8895=DIRECTION('ref_axis',(-0.992846716788243,0.119395967112826,0.));
#8896=DIRECTION('',(0.,0.,-1.));
#8897=DIRECTION('center_axis',(0.,0.,-1.));
#8898=DIRECTION('ref_axis',(-0.994787120237539,0.101973454435474,0.));
#8899=DIRECTION('center_axis',(0.,0.,1.));
#8900=DIRECTION('ref_axis',(-0.994787120237539,0.101973454435474,0.));
#8901=DIRECTION('center_axis',(0.,0.,-1.));
#8902=DIRECTION('ref_axis',(-0.994787120237539,0.101973454435474,0.));
#8903=DIRECTION('',(0.,0.,-1.));
#8904=DIRECTION('center_axis',(-0.165047605858555,-0.986285601537587,0.));
#8905=DIRECTION('ref_axis',(-0.986285601537587,0.165047605858555,0.));
#8906=DIRECTION('',(0.986285601537587,-0.165047605858555,0.));
#8907=DIRECTION('',(-0.986285601537587,0.165047605858555,0.));
#8908=DIRECTION('',(0.,0.,-1.));
#8909=DIRECTION('center_axis',(0.,0.,-1.));
#8910=DIRECTION('ref_axis',(-0.165047605966053,-0.986285601519598,0.));
#8911=DIRECTION('center_axis',(0.,0.,1.));
#8912=DIRECTION('ref_axis',(-0.165047605966053,-0.986285601519598,0.));
#8913=DIRECTION('center_axis',(0.,0.,-1.));
#8914=DIRECTION('ref_axis',(-0.165047605966053,-0.986285601519598,0.));
#8915=DIRECTION('',(0.,0.,-1.));
#8916=DIRECTION('center_axis',(0.,0.,-1.));
#8917=DIRECTION('ref_axis',(0.772223834768619,-0.635350571743859,0.));
#8918=DIRECTION('center_axis',(0.,0.,-1.));
#8919=DIRECTION('ref_axis',(0.772223834768619,-0.635350571743859,0.));
#8920=DIRECTION('center_axis',(0.,0.,1.));
#8921=DIRECTION('ref_axis',(0.772223834768619,-0.635350571743859,0.));
#8922=DIRECTION('',(0.,0.,-1.));
#8923=DIRECTION('center_axis',(0.,0.,-1.));
#8924=DIRECTION('ref_axis',(0.772223834767964,-0.635350571744656,0.));
#8925=DIRECTION('center_axis',(0.,0.,1.));
#8926=DIRECTION('ref_axis',(0.772223834767964,-0.635350571744656,0.));
#8927=DIRECTION('center_axis',(0.,0.,-1.));
#8928=DIRECTION('ref_axis',(0.772223834767964,-0.635350571744656,0.));
#8929=DIRECTION('',(0.,0.,-1.));
#8930=DIRECTION('center_axis',(0.580702955708745,0.814115518357885,0.));
#8931=DIRECTION('ref_axis',(0.814115518357885,-0.580702955708745,0.));
#8932=DIRECTION('',(-0.814115518357885,0.580702955708745,0.));
#8933=DIRECTION('',(0.814115518357885,-0.580702955708745,0.));
#8934=DIRECTION('',(0.,0.,-1.));
#8935=DIRECTION('center_axis',(0.,0.,-1.));
#8936=DIRECTION('ref_axis',(0.580702955672131,0.814115518384001,0.));
#8937=DIRECTION('center_axis',(0.,0.,1.));
#8938=DIRECTION('ref_axis',(0.580702955672131,0.814115518384001,0.));
#8939=DIRECTION('center_axis',(0.,0.,-1.));
#8940=DIRECTION('ref_axis',(0.580702955672131,0.814115518384001,0.));
#8941=DIRECTION('',(0.,0.,-1.));
#8942=DIRECTION('center_axis',(0.,0.,-1.));
#8943=DIRECTION('ref_axis',(-0.775526839309697,0.631314597891029,0.));
#8944=DIRECTION('center_axis',(0.,0.,1.));
#8945=DIRECTION('ref_axis',(-0.775526839309697,0.631314597891029,0.));
#8946=DIRECTION('center_axis',(0.,0.,-1.));
#8947=DIRECTION('ref_axis',(-0.775526839309697,0.631314597891029,0.));
#8948=DIRECTION('',(0.,0.,-1.));
#8949=DIRECTION('center_axis',(0.566406236983117,0.824126188581959,0.));
#8950=DIRECTION('ref_axis',(0.824126188581958,-0.566406236983117,0.));
#8951=DIRECTION('',(-0.824126188581958,0.566406236983117,0.));
#8952=DIRECTION('',(0.824126188581958,-0.566406236983117,0.));
#8953=DIRECTION('',(0.,0.,-1.));
#8954=DIRECTION('center_axis',(0.,0.,-1.));
#8955=DIRECTION('ref_axis',(0.566406237007436,0.824126188565244,0.));
#8956=DIRECTION('center_axis',(0.,0.,1.));
#8957=DIRECTION('ref_axis',(0.566406237007436,0.824126188565244,0.));
#8958=DIRECTION('center_axis',(0.,0.,-1.));
#8959=DIRECTION('ref_axis',(0.566406237007436,0.824126188565244,0.));
#8960=DIRECTION('',(0.,0.,-1.));
#8961=DIRECTION('center_axis',(0.,0.,-1.));
#8962=DIRECTION('ref_axis',(-0.799499389851443,0.600666900725494,0.));
#8963=DIRECTION('center_axis',(0.,0.,1.));
#8964=DIRECTION('ref_axis',(-0.799499389851443,0.600666900725494,0.));
#8965=DIRECTION('center_axis',(0.,0.,-1.));
#8966=DIRECTION('ref_axis',(-0.799499389851443,0.600666900725494,0.));
#8967=DIRECTION('',(0.,0.,-1.));
#8968=DIRECTION('center_axis',(0.,0.,-1.));
#8969=DIRECTION('ref_axis',(-0.990067078855766,0.140595801381158,0.));
#8970=DIRECTION('center_axis',(0.,0.,1.));
#8971=DIRECTION('ref_axis',(-0.990067078855766,0.140595801381158,0.));
#8972=DIRECTION('center_axis',(0.,0.,-1.));
#8973=DIRECTION('ref_axis',(-0.990067078855766,0.140595801381158,0.));
#8974=DIRECTION('center_axis',(-0.824126188581958,-0.566406236983117,0.));
#8975=DIRECTION('ref_axis',(-0.566406236983117,0.824126188581958,0.));
#8976=DIRECTION('',(0.566406236983117,-0.824126188581958,0.));
#8977=DIRECTION('',(0.,0.,-1.));
#8978=DIRECTION('',(-0.566406236983117,0.824126188581958,0.));
#8979=DIRECTION('',(0.,0.,-1.));
#8980=DIRECTION('center_axis',(0.,0.,-1.));
#8981=DIRECTION('ref_axis',(-0.617622948127961,0.786474344111571,0.));
#8982=DIRECTION('center_axis',(0.,0.,1.));
#8983=DIRECTION('ref_axis',(-0.617622948127961,0.786474344111571,0.));
#8984=DIRECTION('center_axis',(0.,0.,-1.));
#8985=DIRECTION('ref_axis',(-0.617622948127961,0.786474344111571,0.));
#8986=DIRECTION('',(0.,0.,-1.));
#8987=DIRECTION('center_axis',(0.,0.,-1.));
#8988=DIRECTION('ref_axis',(-0.63131459742466,0.775526839689343,0.));
#8989=DIRECTION('center_axis',(0.,0.,1.));
#8990=DIRECTION('ref_axis',(-0.63131459742466,0.775526839689343,0.));
#8991=DIRECTION('center_axis',(0.,0.,-1.));
#8992=DIRECTION('ref_axis',(-0.63131459742466,0.775526839689343,0.));
#8993=DIRECTION('',(0.,0.,-1.));
#8994=DIRECTION('center_axis',(-0.814115518355069,-0.580702955712692,0.));
#8995=DIRECTION('ref_axis',(-0.580702955712692,0.814115518355069,0.));
#8996=DIRECTION('',(0.580702955712692,-0.814115518355069,0.));
#8997=DIRECTION('',(-0.580702955712692,0.814115518355069,0.));
#8998=DIRECTION('',(0.,0.,-1.));
#8999=DIRECTION('center_axis',(0.,0.,-1.));
#9000=DIRECTION('ref_axis',(-0.814115518418362,-0.580702955623959,0.));
#9001=DIRECTION('center_axis',(0.,0.,1.));
#9002=DIRECTION('ref_axis',(-0.814115518418362,-0.580702955623959,0.));
#9003=DIRECTION('center_axis',(0.,0.,-1.));
#9004=DIRECTION('ref_axis',(-0.814115518418362,-0.580702955623959,0.));
#9005=DIRECTION('',(0.,0.,-1.));
#9006=DIRECTION('center_axis',(0.,0.,-1.));
#9007=DIRECTION('ref_axis',(0.0967840124479381,-0.995305407869603,0.));
#9008=DIRECTION('center_axis',(0.,0.,-1.));
#9009=DIRECTION('ref_axis',(0.0967840124479381,-0.995305407869603,0.));
#9010=DIRECTION('center_axis',(0.,0.,1.));
#9011=DIRECTION('ref_axis',(0.0967840124479381,-0.995305407869603,0.));
#9012=DIRECTION('',(0.,0.,-1.));
#9013=DIRECTION('center_axis',(0.,0.,-1.));
#9014=DIRECTION('ref_axis',(0.0967840124469108,-0.995305407869703,0.));
#9015=DIRECTION('center_axis',(0.,0.,1.));
#9016=DIRECTION('ref_axis',(0.0967840124469108,-0.995305407869703,0.));
#9017=DIRECTION('center_axis',(0.,0.,-1.));
#9018=DIRECTION('ref_axis',(0.0967840124469108,-0.995305407869703,0.));
#9019=DIRECTION('',(0.,0.,-1.));
#9020=DIRECTION('center_axis',(0.986285601536786,0.165047605863337,0.));
#9021=DIRECTION('ref_axis',(0.165047605863337,-0.986285601536786,0.));
#9022=DIRECTION('',(-0.165047605863337,0.986285601536786,0.));
#9023=DIRECTION('',(0.165047605863337,-0.986285601536786,0.));
#9024=DIRECTION('',(0.,0.,-1.));
#9025=DIRECTION('center_axis',(0.,0.,-1.));
#9026=DIRECTION('ref_axis',(0.986285601529364,0.165047605907694,0.));
#9027=DIRECTION('center_axis',(0.,0.,1.));
#9028=DIRECTION('ref_axis',(0.986285601529364,0.165047605907694,0.));
#9029=DIRECTION('center_axis',(0.,0.,-1.));
#9030=DIRECTION('ref_axis',(0.986285601529364,0.165047605907694,0.));
#9031=DIRECTION('',(0.,0.,-1.));
#9032=DIRECTION('center_axis',(0.,0.,-1.));
#9033=DIRECTION('ref_axis',(-0.101973453837252,0.994787120298862,0.));
#9034=DIRECTION('center_axis',(0.,0.,1.));
#9035=DIRECTION('ref_axis',(-0.101973453837252,0.994787120298862,0.));
#9036=DIRECTION('center_axis',(0.,0.,-1.));
#9037=DIRECTION('ref_axis',(-0.101973453837252,0.994787120298862,0.));
#9038=DIRECTION('',(0.,0.,-1.));
#9039=DIRECTION('center_axis',(0.983254907576843,0.18223552542261,0.));
#9040=DIRECTION('ref_axis',(0.18223552542261,-0.983254907576843,0.));
#9041=DIRECTION('',(-0.18223552542261,0.983254907576843,0.));
#9042=DIRECTION('',(0.18223552542261,-0.983254907576843,0.));
#9043=DIRECTION('',(0.,0.,-1.));
#9044=DIRECTION('center_axis',(0.,0.,-1.));
#9045=DIRECTION('ref_axis',(0.98325490758222,0.182235525393595,0.));
#9046=DIRECTION('center_axis',(0.,0.,1.));
#9047=DIRECTION('ref_axis',(0.98325490758222,0.182235525393595,0.));
#9048=DIRECTION('center_axis',(0.,0.,-1.));
#9049=DIRECTION('ref_axis',(0.98325490758222,0.182235525393595,0.));
#9050=DIRECTION('',(0.,0.,-1.));
#9051=DIRECTION('center_axis',(0.,0.,-1.));
#9052=DIRECTION('ref_axis',(-0.140595801381159,0.990067078855766,0.));
#9053=DIRECTION('center_axis',(0.,0.,1.));
#9054=DIRECTION('ref_axis',(-0.140595801381159,0.990067078855766,0.));
#9055=DIRECTION('center_axis',(0.,0.,-1.));
#9056=DIRECTION('ref_axis',(-0.140595801381159,0.990067078855766,0.));
#9057=DIRECTION('',(0.,0.,-1.));
#9058=DIRECTION('center_axis',(0.,0.,-1.));
#9059=DIRECTION('ref_axis',(-0.600666900725495,0.799499389851443,0.));
#9060=DIRECTION('center_axis',(0.,0.,1.));
#9061=DIRECTION('ref_axis',(-0.600666900725495,0.799499389851443,0.));
#9062=DIRECTION('center_axis',(0.,0.,-1.));
#9063=DIRECTION('ref_axis',(-0.600666900725495,0.799499389851443,0.));
#9064=DIRECTION('center_axis',(-0.983254907576843,0.18223552542261,0.));
#9065=DIRECTION('ref_axis',(0.182235525422609,0.983254907576843,0.));
#9066=DIRECTION('',(-0.182235525422609,-0.983254907576843,0.));
#9067=DIRECTION('',(0.,0.,-1.));
#9068=DIRECTION('',(0.182235525422609,0.983254907576843,0.));
#9069=DIRECTION('',(0.,0.,-1.));
#9070=DIRECTION('center_axis',(0.,0.,-1.));
#9071=DIRECTION('ref_axis',(0.119395967112826,0.992846716788243,0.));
#9072=DIRECTION('center_axis',(0.,0.,1.));
#9073=DIRECTION('ref_axis',(0.119395967112826,0.992846716788243,0.));
#9074=DIRECTION('center_axis',(0.,0.,-1.));
#9075=DIRECTION('ref_axis',(0.119395967112826,0.992846716788243,0.));
#9076=DIRECTION('',(0.,0.,-1.));
#9077=DIRECTION('center_axis',(0.,0.,-1.));
#9078=DIRECTION('ref_axis',(0.101973454435475,0.994787120237539,0.));
#9079=DIRECTION('center_axis',(0.,0.,1.));
#9080=DIRECTION('ref_axis',(0.101973454435475,0.994787120237539,0.));
#9081=DIRECTION('center_axis',(0.,0.,-1.));
#9082=DIRECTION('ref_axis',(0.101973454435475,0.994787120237539,0.));
#9083=DIRECTION('',(0.,0.,-1.));
#9084=DIRECTION('center_axis',(-0.986285601537587,0.165047605858555,0.));
#9085=DIRECTION('ref_axis',(0.165047605858555,0.986285601537587,0.));
#9086=DIRECTION('',(-0.165047605858555,-0.986285601537587,0.));
#9087=DIRECTION('',(0.165047605858555,0.986285601537587,0.));
#9088=DIRECTION('',(0.,0.,-1.));
#9089=DIRECTION('center_axis',(0.,0.,-1.));
#9090=DIRECTION('ref_axis',(-0.986285601519598,0.165047605966053,0.));
#9091=DIRECTION('center_axis',(0.,0.,1.));
#9092=DIRECTION('ref_axis',(-0.986285601519598,0.165047605966053,0.));
#9093=DIRECTION('center_axis',(0.,0.,-1.));
#9094=DIRECTION('ref_axis',(-0.986285601519598,0.165047605966053,0.));
#9095=DIRECTION('',(0.,0.,-1.));
#9096=DIRECTION('center_axis',(0.,0.,-1.));
#9097=DIRECTION('ref_axis',(-0.635350571743859,-0.772223834768619,0.));
#9098=DIRECTION('center_axis',(0.,0.,-1.));
#9099=DIRECTION('ref_axis',(-0.635350571743859,-0.772223834768619,0.));
#9100=DIRECTION('center_axis',(0.,0.,1.));
#9101=DIRECTION('ref_axis',(-0.635350571743859,-0.772223834768619,0.));
#9102=DIRECTION('',(0.,0.,-1.));
#9103=DIRECTION('center_axis',(0.,0.,-1.));
#9104=DIRECTION('ref_axis',(-0.635350571744656,-0.772223834767964,0.));
#9105=DIRECTION('center_axis',(0.,0.,1.));
#9106=DIRECTION('ref_axis',(-0.635350571744656,-0.772223834767964,0.));
#9107=DIRECTION('center_axis',(0.,0.,-1.));
#9108=DIRECTION('ref_axis',(-0.635350571744656,-0.772223834767964,0.));
#9109=DIRECTION('',(0.,0.,-1.));
#9110=DIRECTION('center_axis',(0.814115518357885,-0.580702955708745,0.));
#9111=DIRECTION('ref_axis',(-0.580702955708745,-0.814115518357885,0.));
#9112=DIRECTION('',(0.580702955708745,0.814115518357885,0.));
#9113=DIRECTION('',(-0.580702955708745,-0.814115518357885,0.));
#9114=DIRECTION('',(0.,0.,-1.));
#9115=DIRECTION('center_axis',(0.,0.,-1.));
#9116=DIRECTION('ref_axis',(0.814115518384001,-0.580702955672131,0.));
#9117=DIRECTION('center_axis',(0.,0.,1.));
#9118=DIRECTION('ref_axis',(0.814115518384001,-0.580702955672131,0.));
#9119=DIRECTION('center_axis',(0.,0.,-1.));
#9120=DIRECTION('ref_axis',(0.814115518384001,-0.580702955672131,0.));
#9121=DIRECTION('',(0.,0.,-1.));
#9122=DIRECTION('center_axis',(0.,0.,-1.));
#9123=DIRECTION('ref_axis',(0.631314597891029,0.775526839309697,0.));
#9124=DIRECTION('center_axis',(0.,0.,1.));
#9125=DIRECTION('ref_axis',(0.631314597891029,0.775526839309697,0.));
#9126=DIRECTION('center_axis',(0.,0.,-1.));
#9127=DIRECTION('ref_axis',(0.631314597891029,0.775526839309697,0.));
#9128=DIRECTION('',(0.,0.,-1.));
#9129=DIRECTION('center_axis',(0.824126188581958,-0.566406236983117,0.));
#9130=DIRECTION('ref_axis',(-0.566406236983117,-0.824126188581958,0.));
#9131=DIRECTION('',(0.566406236983117,0.824126188581958,0.));
#9132=DIRECTION('',(-0.566406236983117,-0.824126188581958,0.));
#9133=DIRECTION('',(0.,0.,-1.));
#9134=DIRECTION('center_axis',(0.,0.,-1.));
#9135=DIRECTION('ref_axis',(0.824126188565244,-0.566406237007436,0.));
#9136=DIRECTION('center_axis',(0.,0.,1.));
#9137=DIRECTION('ref_axis',(0.824126188565244,-0.566406237007436,0.));
#9138=DIRECTION('center_axis',(0.,0.,-1.));
#9139=DIRECTION('ref_axis',(0.824126188565244,-0.566406237007436,0.));
#9140=DIRECTION('',(0.,0.,-1.));
#9141=DIRECTION('center_axis',(0.,0.,-1.));
#9142=DIRECTION('ref_axis',(0.600666900725494,0.799499389851443,0.));
#9143=DIRECTION('center_axis',(0.,0.,1.));
#9144=DIRECTION('ref_axis',(0.600666900725494,0.799499389851443,0.));
#9145=DIRECTION('center_axis',(0.,0.,-1.));
#9146=DIRECTION('ref_axis',(0.600666900725494,0.799499389851443,0.));
#9147=DIRECTION('',(0.,0.,-1.));
#9148=DIRECTION('center_axis',(0.,0.,-1.));
#9149=DIRECTION('ref_axis',(0.140595801381158,0.990067078855766,0.));
#9150=DIRECTION('center_axis',(0.,0.,1.));
#9151=DIRECTION('ref_axis',(0.140595801381158,0.990067078855766,0.));
#9152=DIRECTION('center_axis',(0.,0.,-1.));
#9153=DIRECTION('ref_axis',(0.140595801381158,0.990067078855766,0.));
#9154=DIRECTION('center_axis',(0.,0.,-1.));
#9155=DIRECTION('ref_axis',(1.,0.,0.));
#9156=DIRECTION('center_axis',(0.,0.,-1.));
#9157=DIRECTION('ref_axis',(1.,0.,0.));
#9158=DIRECTION('',(0.,0.,-1.));
#9159=DIRECTION('center_axis',(0.,0.,-1.));
#9160=DIRECTION('ref_axis',(1.,0.,0.));
#9161=DIRECTION('center_axis',(0.,0.,1.));
#9162=DIRECTION('ref_axis',(1.,0.,0.));
#9163=DIRECTION('center_axis',(0.,0.,-1.));
#9164=DIRECTION('ref_axis',(1.,0.,0.));
#9165=DIRECTION('center_axis',(0.,0.,-1.));
#9166=DIRECTION('ref_axis',(1.,0.,0.));
#9167=DIRECTION('',(0.,0.,-1.));
#9168=DIRECTION('center_axis',(0.,0.,-1.));
#9169=DIRECTION('ref_axis',(1.,0.,0.));
#9170=DIRECTION('center_axis',(0.,0.,1.));
#9171=DIRECTION('ref_axis',(1.,0.,0.));
#9172=DIRECTION('center_axis',(0.,0.,-1.));
#9173=DIRECTION('ref_axis',(1.,0.,0.));
#9174=DIRECTION('center_axis',(0.,0.,-1.));
#9175=DIRECTION('ref_axis',(1.,0.,0.));
#9176=DIRECTION('',(0.,0.,-1.));
#9177=DIRECTION('center_axis',(0.,0.,-1.));
#9178=DIRECTION('ref_axis',(1.,0.,0.));
#9179=DIRECTION('center_axis',(0.,0.,1.));
#9180=DIRECTION('ref_axis',(1.,0.,0.));
#9181=DIRECTION('center_axis',(0.,0.,-1.));
#9182=DIRECTION('ref_axis',(1.,0.,0.));
#9183=DIRECTION('center_axis',(0.,0.,-1.));
#9184=DIRECTION('ref_axis',(1.,0.,0.));
#9185=DIRECTION('',(0.,0.,-1.));
#9186=DIRECTION('center_axis',(0.,0.,-1.));
#9187=DIRECTION('ref_axis',(1.,0.,0.));
#9188=DIRECTION('center_axis',(0.,0.,1.));
#9189=DIRECTION('ref_axis',(1.,0.,0.));
#9190=DIRECTION('center_axis',(0.,0.,-1.));
#9191=DIRECTION('ref_axis',(1.,0.,0.));
#9192=DIRECTION('center_axis',(0.,0.,-1.));
#9193=DIRECTION('ref_axis',(1.,0.,0.));
#9194=DIRECTION('',(0.,0.,-1.));
#9195=DIRECTION('center_axis',(0.,0.,-1.));
#9196=DIRECTION('ref_axis',(1.,0.,0.));
#9197=DIRECTION('center_axis',(0.,0.,1.));
#9198=DIRECTION('ref_axis',(1.,0.,0.));
#9199=DIRECTION('center_axis',(0.,0.,-1.));
#9200=DIRECTION('ref_axis',(1.,0.,0.));
#9201=DIRECTION('center_axis',(0.,0.,-1.));
#9202=DIRECTION('ref_axis',(1.,0.,0.));
#9203=DIRECTION('',(0.,0.,-1.));
#9204=DIRECTION('center_axis',(0.,0.,-1.));
#9205=DIRECTION('ref_axis',(1.,0.,0.));
#9206=DIRECTION('center_axis',(0.,0.,1.));
#9207=DIRECTION('ref_axis',(1.,0.,0.));
#9208=DIRECTION('center_axis',(0.,0.,-1.));
#9209=DIRECTION('ref_axis',(1.,0.,0.));
#9210=DIRECTION('center_axis',(0.,0.,-1.));
#9211=DIRECTION('ref_axis',(1.,0.,0.));
#9212=DIRECTION('',(0.,0.,-1.));
#9213=DIRECTION('center_axis',(0.,0.,-1.));
#9214=DIRECTION('ref_axis',(1.,0.,0.));
#9215=DIRECTION('center_axis',(0.,0.,1.));
#9216=DIRECTION('ref_axis',(1.,0.,0.));
#9217=DIRECTION('center_axis',(0.,0.,-1.));
#9218=DIRECTION('ref_axis',(1.,0.,0.));
#9219=DIRECTION('center_axis',(0.,0.,-1.));
#9220=DIRECTION('ref_axis',(1.,0.,0.));
#9221=DIRECTION('',(0.,0.,-1.));
#9222=DIRECTION('center_axis',(0.,0.,-1.));
#9223=DIRECTION('ref_axis',(1.,0.,0.));
#9224=DIRECTION('center_axis',(0.,0.,1.));
#9225=DIRECTION('ref_axis',(1.,0.,0.));
#9226=DIRECTION('center_axis',(0.,0.,-1.));
#9227=DIRECTION('ref_axis',(1.,0.,0.));
#9228=DIRECTION('center_axis',(0.,0.,-1.));
#9229=DIRECTION('ref_axis',(1.,0.,0.));
#9230=DIRECTION('',(0.,0.,-1.));
#9231=DIRECTION('center_axis',(0.,0.,-1.));
#9232=DIRECTION('ref_axis',(1.,0.,0.));
#9233=DIRECTION('center_axis',(0.,0.,1.));
#9234=DIRECTION('ref_axis',(1.,0.,0.));
#9235=DIRECTION('center_axis',(0.,0.,-1.));
#9236=DIRECTION('ref_axis',(1.,0.,0.));
#9237=DIRECTION('center_axis',(0.,0.,-1.));
#9238=DIRECTION('ref_axis',(1.,0.,0.));
#9239=DIRECTION('',(0.,0.,-1.));
#9240=DIRECTION('center_axis',(0.,0.,-1.));
#9241=DIRECTION('ref_axis',(1.,0.,0.));
#9242=DIRECTION('center_axis',(0.,0.,1.));
#9243=DIRECTION('ref_axis',(1.,0.,0.));
#9244=DIRECTION('center_axis',(0.,0.,-1.));
#9245=DIRECTION('ref_axis',(1.,0.,0.));
#9246=DIRECTION('center_axis',(0.,0.,-1.));
#9247=DIRECTION('ref_axis',(1.,0.,0.));
#9248=DIRECTION('',(0.,0.,-1.));
#9249=DIRECTION('center_axis',(0.,0.,1.));
#9250=DIRECTION('ref_axis',(1.,0.,0.));
#9251=DIRECTION('center_axis',(0.,0.,-1.));
#9252=DIRECTION('ref_axis',(1.,0.,0.));
#9253=DIRECTION('center_axis',(0.,0.,-1.));
#9254=DIRECTION('ref_axis',(1.,0.,0.));
#9255=DIRECTION('',(0.,0.,-1.));
#9256=DIRECTION('center_axis',(0.,0.,1.));
#9257=DIRECTION('ref_axis',(1.,0.,0.));
#9258=DIRECTION('center_axis',(0.,0.,-1.));
#9259=DIRECTION('ref_axis',(1.,0.,0.));
#9260=DIRECTION('center_axis',(0.,0.,-1.));
#9261=DIRECTION('ref_axis',(1.,0.,0.));
#9262=DIRECTION('',(0.,0.,-1.));
#9263=DIRECTION('center_axis',(0.,0.,1.));
#9264=DIRECTION('ref_axis',(1.,0.,0.));
#9265=DIRECTION('center_axis',(0.,0.,-1.));
#9266=DIRECTION('ref_axis',(1.,0.,0.));
#9267=DIRECTION('center_axis',(0.,0.,-1.));
#9268=DIRECTION('ref_axis',(1.,0.,0.));
#9269=DIRECTION('',(0.,0.,-1.));
#9270=DIRECTION('center_axis',(0.,0.,1.));
#9271=DIRECTION('ref_axis',(1.,0.,0.));
#9272=DIRECTION('center_axis',(0.,0.,-1.));
#9273=DIRECTION('ref_axis',(1.,0.,0.));
#9274=DIRECTION('center_axis',(0.,0.,-1.));
#9275=DIRECTION('ref_axis',(1.,0.,0.));
#9276=DIRECTION('',(0.,0.,-1.));
#9277=DIRECTION('center_axis',(0.,0.,1.));
#9278=DIRECTION('ref_axis',(1.,0.,0.));
#9279=DIRECTION('center_axis',(0.,0.,-1.));
#9280=DIRECTION('ref_axis',(1.,0.,0.));
#9281=DIRECTION('center_axis',(0.,0.,-1.));
#9282=DIRECTION('ref_axis',(1.,0.,0.));
#9283=DIRECTION('',(0.,0.,-1.));
#9284=DIRECTION('center_axis',(0.,0.,1.));
#9285=DIRECTION('ref_axis',(1.,0.,0.));
#9286=DIRECTION('center_axis',(0.,0.,-1.));
#9287=DIRECTION('ref_axis',(1.,0.,0.));
#9288=DIRECTION('center_axis',(0.,0.,-1.));
#9289=DIRECTION('ref_axis',(1.,0.,0.));
#9290=DIRECTION('',(0.,0.,-1.));
#9291=DIRECTION('center_axis',(0.,0.,1.));
#9292=DIRECTION('ref_axis',(1.,0.,0.));
#9293=DIRECTION('center_axis',(0.,0.,-1.));
#9294=DIRECTION('ref_axis',(1.,0.,0.));
#9295=DIRECTION('center_axis',(0.,0.,-1.));
#9296=DIRECTION('ref_axis',(1.,0.,0.));
#9297=DIRECTION('',(0.,0.,-1.));
#9298=DIRECTION('center_axis',(0.,0.,1.));
#9299=DIRECTION('ref_axis',(1.,0.,0.));
#9300=DIRECTION('center_axis',(0.,0.,-1.));
#9301=DIRECTION('ref_axis',(0.0747300938350596,-0.997203797162548,0.));
#9302=DIRECTION('center_axis',(0.,0.,-1.));
#9303=DIRECTION('ref_axis',(0.0747300938350596,-0.997203797162548,0.));
#9304=DIRECTION('',(0.,0.,-1.));
#9305=DIRECTION('center_axis',(0.,0.,1.));
#9306=DIRECTION('ref_axis',(0.0747300938350596,-0.997203797162548,0.));
#9307=DIRECTION('center_axis',(0.,0.,-1.));
#9308=DIRECTION('ref_axis',(0.62348980183924,0.781831482483575,0.));
#9309=DIRECTION('center_axis',(0.,0.,-1.));
#9310=DIRECTION('ref_axis',(0.62348980183924,0.781831482483575,0.));
#9311=DIRECTION('',(0.,0.,-1.));
#9312=DIRECTION('center_axis',(0.,0.,1.));
#9313=DIRECTION('ref_axis',(0.62348980183924,0.781831482483575,0.));
#9314=DIRECTION('center_axis',(0.,0.,-1.));
#9315=DIRECTION('ref_axis',(-0.988830826150806,-0.14904226666927,0.));
#9316=DIRECTION('center_axis',(0.,0.,-1.));
#9317=DIRECTION('ref_axis',(-0.988830826150806,-0.14904226666927,0.));
#9318=DIRECTION('',(0.,0.,-1.));
#9319=DIRECTION('center_axis',(0.,0.,1.));
#9320=DIRECTION('ref_axis',(-0.988830826150806,-0.14904226666927,0.));
#9321=DIRECTION('center_axis',(0.,0.,-1.));
#9322=DIRECTION('ref_axis',(0.826238774175541,-0.56332005826963,0.));
#9323=DIRECTION('center_axis',(0.,0.,-1.));
#9324=DIRECTION('ref_axis',(0.826238774175541,-0.56332005826963,0.));
#9325=DIRECTION('',(0.,0.,-1.));
#9326=DIRECTION('center_axis',(0.,0.,1.));
#9327=DIRECTION('ref_axis',(0.826238774175541,-0.56332005826963,0.));
#9328=DIRECTION('center_axis',(0.,0.,-1.));
#9329=DIRECTION('ref_axis',(-0.22252093468556,0.974927912015378,0.));
#9330=DIRECTION('center_axis',(0.,0.,-1.));
#9331=DIRECTION('ref_axis',(-0.22252093468556,0.974927912015378,0.));
#9332=DIRECTION('',(0.,0.,-1.));
#9333=DIRECTION('center_axis',(0.,0.,1.));
#9334=DIRECTION('ref_axis',(-0.22252093468556,0.974927912015378,0.));
#9335=DIRECTION('center_axis',(0.,0.,-1.));
#9336=DIRECTION('ref_axis',(-0.733051871321058,0.680172738319241,0.));
#9337=DIRECTION('center_axis',(0.,0.,-1.));
#9338=DIRECTION('ref_axis',(-0.733051871321058,0.680172738319241,0.));
#9339=DIRECTION('',(0.,0.,-1.));
#9340=DIRECTION('center_axis',(0.,0.,1.));
#9341=DIRECTION('ref_axis',(-0.733051871321058,0.680172738319241,0.));
#9342=DIRECTION('center_axis',(0.,0.,-1.));
#9343=DIRECTION('ref_axis',(1.,2.56739074444562E-16,0.));
#9344=DIRECTION('center_axis',(0.,0.,-1.));
#9345=DIRECTION('ref_axis',(1.,2.56739074444562E-16,0.));
#9346=DIRECTION('',(0.,0.,-1.));
#9347=DIRECTION('center_axis',(0.,0.,1.));
#9348=DIRECTION('ref_axis',(1.,2.56739074444562E-16,0.));
#9349=DIRECTION('center_axis',(0.,0.,-1.));
#9350=DIRECTION('ref_axis',(-0.733051871321058,-0.680172738319241,0.));
#9351=DIRECTION('center_axis',(0.,0.,-1.));
#9352=DIRECTION('ref_axis',(-0.733051871321058,-0.680172738319241,0.));
#9353=DIRECTION('',(0.,0.,-1.));
#9354=DIRECTION('center_axis',(0.,0.,1.));
#9355=DIRECTION('ref_axis',(-0.733051871321058,-0.680172738319241,0.));
#9356=DIRECTION('center_axis',(0.,0.,-1.));
#9357=DIRECTION('ref_axis',(0.0747300936610149,0.99720379717559,0.));
#9358=DIRECTION('center_axis',(0.,0.,-1.));
#9359=DIRECTION('ref_axis',(0.0747300936610149,0.99720379717559,0.));
#9360=DIRECTION('',(0.,0.,-1.));
#9361=DIRECTION('center_axis',(0.,0.,1.));
#9362=DIRECTION('ref_axis',(0.0747300936610149,0.99720379717559,0.));
#9363=DIRECTION('center_axis',(0.,0.,-1.));
#9364=DIRECTION('ref_axis',(0.623489802248606,-0.781831482157117,0.));
#9365=DIRECTION('center_axis',(0.,0.,-1.));
#9366=DIRECTION('ref_axis',(0.623489802248606,-0.781831482157117,0.));
#9367=DIRECTION('',(0.,0.,-1.));
#9368=DIRECTION('center_axis',(0.,0.,1.));
#9369=DIRECTION('ref_axis',(0.623489802248606,-0.781831482157117,0.));
#9370=DIRECTION('center_axis',(0.,0.,-1.));
#9371=DIRECTION('ref_axis',(-0.500000000000001,-0.866025403784438,0.));
#9372=DIRECTION('center_axis',(0.,0.,-1.));
#9373=DIRECTION('ref_axis',(-0.500000000000001,-0.866025403784438,0.));
#9374=DIRECTION('',(0.,0.,-1.));
#9375=DIRECTION('center_axis',(0.,0.,1.));
#9376=DIRECTION('ref_axis',(-0.500000000000001,-0.866025403784438,0.));
#9377=DIRECTION('center_axis',(0.,0.,-1.));
#9378=DIRECTION('ref_axis',(0.955572805800839,0.294755174363253,0.));
#9379=DIRECTION('center_axis',(0.,0.,-1.));
#9380=DIRECTION('ref_axis',(0.955572805800839,0.294755174363253,0.));
#9381=DIRECTION('',(0.,0.,-1.));
#9382=DIRECTION('center_axis',(0.,0.,1.));
#9383=DIRECTION('ref_axis',(0.955572805800839,0.294755174363253,0.));
#9384=DIRECTION('center_axis',(0.,0.,-1.));
#9385=DIRECTION('ref_axis',(-0.900968868010601,0.433883738892917,0.));
#9386=DIRECTION('center_axis',(0.,0.,-1.));
#9387=DIRECTION('ref_axis',(-0.900968868010601,0.433883738892917,0.));
#9388=DIRECTION('',(0.,0.,-1.));
#9389=DIRECTION('center_axis',(0.,0.,1.));
#9390=DIRECTION('ref_axis',(-0.900968868010601,0.433883738892917,0.));
#9391=DIRECTION('center_axis',(0.,0.,-1.));
#9392=DIRECTION('ref_axis',(0.365341023902201,-0.930873748826387,0.));
#9393=DIRECTION('center_axis',(0.,0.,-1.));
#9394=DIRECTION('ref_axis',(0.365341023902201,-0.930873748826387,0.));
#9395=DIRECTION('',(0.,0.,-1.));
#9396=DIRECTION('center_axis',(0.,0.,1.));
#9397=DIRECTION('ref_axis',(0.365341023902201,-0.930873748826387,0.));
#9398=DIRECTION('center_axis',(0.,0.,-1.));
#9399=DIRECTION('ref_axis',(0.365341024389605,0.930873748635095,0.));
#9400=DIRECTION('center_axis',(0.,0.,-1.));
#9401=DIRECTION('ref_axis',(0.365341024389605,0.930873748635095,0.));
#9402=DIRECTION('',(0.,0.,-1.));
#9403=DIRECTION('center_axis',(0.,0.,1.));
#9404=DIRECTION('ref_axis',(0.365341024389605,0.930873748635095,0.));
#9405=DIRECTION('center_axis',(0.,0.,-1.));
#9406=DIRECTION('ref_axis',(-0.988830826150806,0.149042266669269,0.));
#9407=DIRECTION('center_axis',(0.,0.,-1.));
#9408=DIRECTION('ref_axis',(-0.988830826150806,0.149042266669269,0.));
#9409=DIRECTION('',(0.,0.,-1.));
#9410=DIRECTION('center_axis',(0.,0.,1.));
#9411=DIRECTION('ref_axis',(-0.988830826150806,0.149042266669269,0.));
#9412=DIRECTION('center_axis',(0.,0.,-1.));
#9413=DIRECTION('ref_axis',(0.826238774273859,0.563320058125424,0.));
#9414=DIRECTION('center_axis',(0.,0.,-1.));
#9415=DIRECTION('ref_axis',(0.826238774273859,0.563320058125424,0.));
#9416=DIRECTION('',(0.,0.,-1.));
#9417=DIRECTION('center_axis',(0.,0.,1.));
#9418=DIRECTION('ref_axis',(0.826238774273859,0.563320058125424,0.));
#9419=DIRECTION('center_axis',(0.,0.,-1.));
#9420=DIRECTION('ref_axis',(-0.222520934685559,-0.974927912015378,0.));
#9421=DIRECTION('center_axis',(0.,0.,-1.));
#9422=DIRECTION('ref_axis',(-0.222520934685559,-0.974927912015378,0.));
#9423=DIRECTION('',(0.,0.,-1.));
#9424=DIRECTION('center_axis',(0.,0.,1.));
#9425=DIRECTION('ref_axis',(-0.222520934685559,-0.974927912015378,0.));
#9426=DIRECTION('center_axis',(0.,0.,-1.));
#9427=DIRECTION('ref_axis',(-0.5,0.866025403784439,0.));
#9428=DIRECTION('center_axis',(0.,0.,-1.));
#9429=DIRECTION('ref_axis',(-0.5,0.866025403784439,0.));
#9430=DIRECTION('',(0.,0.,-1.));
#9431=DIRECTION('center_axis',(0.,0.,1.));
#9432=DIRECTION('ref_axis',(-0.5,0.866025403784439,0.));
#9433=DIRECTION('center_axis',(0.,0.,-1.));
#9434=DIRECTION('ref_axis',(0.955572806006617,-0.294755173696138,0.));
#9435=DIRECTION('center_axis',(0.,0.,-1.));
#9436=DIRECTION('ref_axis',(0.955572806006617,-0.294755173696138,0.));
#9437=DIRECTION('',(0.,0.,-1.));
#9438=DIRECTION('center_axis',(0.,0.,1.));
#9439=DIRECTION('ref_axis',(0.955572806006617,-0.294755173696138,0.));
#9440=DIRECTION('center_axis',(0.,0.,-1.));
#9441=DIRECTION('ref_axis',(-0.900968868010601,-0.433883738892917,0.));
#9442=DIRECTION('center_axis',(0.,0.,-1.));
#9443=DIRECTION('ref_axis',(-0.900968868010601,-0.433883738892917,0.));
#9444=DIRECTION('',(0.,0.,-1.));
#9445=DIRECTION('center_axis',(0.,0.,1.));
#9446=DIRECTION('ref_axis',(-0.900968868010601,-0.433883738892917,0.));
#9447=DIRECTION('center_axis',(0.,0.,-1.));
#9448=DIRECTION('ref_axis',(-0.365341024389603,-0.930873748635096,0.));
#9449=DIRECTION('',(0.,0.,1.));
#9450=DIRECTION('center_axis',(0.,0.,-1.));
#9451=DIRECTION('ref_axis',(0.365341024389605,0.930873748635095,0.));
#9452=DIRECTION('',(0.,0.,-1.));
#9453=DIRECTION('center_axis',(0.,0.,-1.));
#9454=DIRECTION('ref_axis',(0.365341024389605,0.930873748635095,0.));
#9455=DIRECTION('center_axis',(0.,0.,1.));
#9456=DIRECTION('ref_axis',(1.,0.,0.));
#9457=DIRECTION('',(0.930873748635095,-0.365341024389605,0.));
#9458=DIRECTION('center_axis',(0.,0.,-1.));
#9459=DIRECTION('ref_axis',(0.900968868010601,0.433883738892916,0.));
#9460=DIRECTION('',(0.,0.,1.));
#9461=DIRECTION('center_axis',(0.,0.,-1.));
#9462=DIRECTION('ref_axis',(-0.900968868010601,-0.433883738892917,0.));
#9463=DIRECTION('',(0.,0.,-1.));
#9464=DIRECTION('center_axis',(0.,0.,-1.));
#9465=DIRECTION('ref_axis',(-0.900968868010601,-0.433883738892917,0.));
#9466=DIRECTION('center_axis',(0.,0.,1.));
#9467=DIRECTION('ref_axis',(1.,0.,0.));
#9468=DIRECTION('',(-0.433883738892917,0.900968868010601,0.));
#9469=DIRECTION('center_axis',(0.,0.,-1.));
#9470=DIRECTION('ref_axis',(-0.955572806006616,0.294755173696142,0.));
#9471=DIRECTION('',(0.,0.,1.));
#9472=DIRECTION('center_axis',(0.,0.,-1.));
#9473=DIRECTION('ref_axis',(0.955572806006617,-0.294755173696138,0.));
#9474=DIRECTION('',(0.,0.,-1.));
#9475=DIRECTION('center_axis',(0.,0.,-1.));
#9476=DIRECTION('ref_axis',(0.955572806006617,-0.294755173696138,0.));
#9477=DIRECTION('center_axis',(0.,0.,1.));
#9478=DIRECTION('ref_axis',(1.,0.,0.));
#9479=DIRECTION('',(-0.294755173696138,-0.955572806006617,0.));
#9480=DIRECTION('center_axis',(0.,0.,-1.));
#9481=DIRECTION('ref_axis',(0.500000000000004,-0.866025403784436,0.));
#9482=DIRECTION('',(0.,0.,1.));
#9483=DIRECTION('center_axis',(0.,0.,-1.));
#9484=DIRECTION('ref_axis',(-0.5,0.866025403784439,0.));
#9485=DIRECTION('',(0.,0.,-1.));
#9486=DIRECTION('center_axis',(0.,0.,-1.));
#9487=DIRECTION('ref_axis',(-0.5,0.866025403784439,0.));
#9488=DIRECTION('center_axis',(0.,0.,1.));
#9489=DIRECTION('ref_axis',(1.,0.,0.));
#9490=DIRECTION('',(0.866025403784439,0.5,0.));
#9491=DIRECTION('center_axis',(0.,0.,-1.));
#9492=DIRECTION('ref_axis',(0.22252093468556,0.974927912015378,0.));
#9493=DIRECTION('',(0.,0.,1.));
#9494=DIRECTION('center_axis',(0.,0.,-1.));
#9495=DIRECTION('ref_axis',(-0.222520934685559,-0.974927912015378,0.));
#9496=DIRECTION('',(0.,0.,-1.));
#9497=DIRECTION('center_axis',(0.,0.,-1.));
#9498=DIRECTION('ref_axis',(-0.222520934685559,-0.974927912015378,0.));
#9499=DIRECTION('center_axis',(0.,0.,1.));
#9500=DIRECTION('ref_axis',(1.,0.,0.));
#9501=DIRECTION('',(-0.974927912015378,0.222520934685559,0.));
#9502=DIRECTION('center_axis',(0.,0.,-1.));
#9503=DIRECTION('ref_axis',(-0.3653410239022,0.930873748826388,0.));
#9504=DIRECTION('',(0.,0.,1.));
#9505=DIRECTION('center_axis',(0.,0.,-1.));
#9506=DIRECTION('ref_axis',(0.365341023902201,-0.930873748826387,0.));
#9507=DIRECTION('',(0.,0.,-1.));
#9508=DIRECTION('center_axis',(0.,0.,-1.));
#9509=DIRECTION('ref_axis',(0.365341023902201,-0.930873748826387,0.));
#9510=DIRECTION('center_axis',(0.,0.,1.));
#9511=DIRECTION('ref_axis',(1.,0.,0.));
#9512=DIRECTION('',(-0.930873748826387,-0.3653410239022,0.));
#9513=DIRECTION('center_axis',(0.,0.,-1.));
#9514=DIRECTION('ref_axis',(0.900968868010602,-0.433883738892914,0.));
#9515=DIRECTION('',(0.,0.,1.));
#9516=DIRECTION('center_axis',(0.,0.,-1.));
#9517=DIRECTION('ref_axis',(-0.900968868010601,0.433883738892917,0.));
#9518=DIRECTION('',(0.,0.,-1.));
#9519=DIRECTION('center_axis',(0.,0.,-1.));
#9520=DIRECTION('ref_axis',(-0.900968868010601,0.433883738892917,0.));
#9521=DIRECTION('center_axis',(0.,0.,1.));
#9522=DIRECTION('ref_axis',(1.,0.,0.));
#9523=DIRECTION('',(0.433883738892917,0.900968868010601,0.));
#9524=DIRECTION('center_axis',(0.,0.,-1.));
#9525=DIRECTION('ref_axis',(-0.95557280580084,-0.29475517436325,0.));
#9526=DIRECTION('',(0.,0.,1.));
#9527=DIRECTION('center_axis',(0.,0.,-1.));
#9528=DIRECTION('ref_axis',(0.955572805800839,0.294755174363253,0.));
#9529=DIRECTION('',(0.,0.,-1.));
#9530=DIRECTION('center_axis',(0.,0.,-1.));
#9531=DIRECTION('ref_axis',(0.955572805800839,0.294755174363253,0.));
#9532=DIRECTION('center_axis',(0.,0.,1.));
#9533=DIRECTION('ref_axis',(1.,0.,0.));
#9534=DIRECTION('',(0.294755174363253,-0.955572805800839,0.));
#9535=DIRECTION('center_axis',(0.,0.,-1.));
#9536=DIRECTION('ref_axis',(0.500000000000001,0.866025403784438,0.));
#9537=DIRECTION('',(0.,0.,1.));
#9538=DIRECTION('center_axis',(0.,0.,-1.));
#9539=DIRECTION('ref_axis',(-0.500000000000001,-0.866025403784438,0.));
#9540=DIRECTION('',(0.,0.,-1.));
#9541=DIRECTION('center_axis',(0.,0.,-1.));
#9542=DIRECTION('ref_axis',(-0.500000000000001,-0.866025403784438,0.));
#9543=DIRECTION('center_axis',(0.,0.,1.));
#9544=DIRECTION('ref_axis',(1.,0.,0.));
#9545=DIRECTION('',(-0.866025403784438,0.500000000000001,0.));
#9546=DIRECTION('center_axis',(0.,0.,-1.));
#9547=DIRECTION('ref_axis',(0.222520934685567,-0.974927912015377,0.));
#9548=DIRECTION('',(0.,0.,1.));
#9549=DIRECTION('center_axis',(0.,0.,-1.));
#9550=DIRECTION('ref_axis',(-0.22252093468556,0.974927912015378,0.));
#9551=DIRECTION('',(0.,0.,-1.));
#9552=DIRECTION('center_axis',(0.,0.,-1.));
#9553=DIRECTION('ref_axis',(-0.22252093468556,0.974927912015378,0.));
#9554=DIRECTION('center_axis',(0.,0.,1.));
#9555=DIRECTION('ref_axis',(1.,0.,0.));
#9556=DIRECTION('',(0.974927912015378,0.22252093468556,0.));
#9557=DIRECTION('center_axis',(0.,0.,-1.));
#9558=DIRECTION('ref_axis',(-0.826238774273859,-0.563320058125424,0.));
#9559=DIRECTION('',(0.,0.,1.));
#9560=DIRECTION('center_axis',(0.,0.,-1.));
#9561=DIRECTION('ref_axis',(0.826238774273859,0.563320058125424,0.));
#9562=DIRECTION('',(0.,0.,-1.));
#9563=DIRECTION('center_axis',(0.,0.,-1.));
#9564=DIRECTION('ref_axis',(0.826238774273859,0.563320058125424,0.));
#9565=DIRECTION('center_axis',(0.,0.,1.));
#9566=DIRECTION('ref_axis',(1.,0.,0.));
#9567=DIRECTION('',(0.563320058125424,-0.826238774273859,0.));
#9568=DIRECTION('center_axis',(0.,0.,-1.));
#9569=DIRECTION('ref_axis',(0.988830826150807,-0.149042266669265,0.));
#9570=DIRECTION('',(0.,0.,1.));
#9571=DIRECTION('center_axis',(0.,0.,-1.));
#9572=DIRECTION('ref_axis',(-0.988830826150806,0.149042266669269,0.));
#9573=DIRECTION('',(0.,0.,-1.));
#9574=DIRECTION('center_axis',(0.,0.,-1.));
#9575=DIRECTION('ref_axis',(-0.988830826150806,0.149042266669269,0.));
#9576=DIRECTION('center_axis',(0.,0.,1.));
#9577=DIRECTION('ref_axis',(1.,0.,0.));
#9578=DIRECTION('',(0.149042266669269,0.988830826150806,0.));
#9579=DIRECTION('center_axis',(0.,0.,-1.));
#9580=DIRECTION('ref_axis',(-0.62348980224861,0.781831482157114,0.));
#9581=DIRECTION('',(0.,0.,1.));
#9582=DIRECTION('center_axis',(0.,0.,-1.));
#9583=DIRECTION('ref_axis',(0.623489802248606,-0.781831482157117,0.));
#9584=DIRECTION('',(0.,0.,-1.));
#9585=DIRECTION('center_axis',(0.,0.,-1.));
#9586=DIRECTION('ref_axis',(0.623489802248606,-0.781831482157117,0.));
#9587=DIRECTION('center_axis',(0.,0.,1.));
#9588=DIRECTION('ref_axis',(1.,0.,0.));
#9589=DIRECTION('',(-0.781831482157117,-0.623489802248606,0.));
#9590=DIRECTION('center_axis',(0.,0.,-1.));
#9591=DIRECTION('ref_axis',(-0.0747300936610161,-0.99720379717559,0.));
#9592=DIRECTION('',(0.,0.,1.));
#9593=DIRECTION('center_axis',(0.,0.,-1.));
#9594=DIRECTION('ref_axis',(0.0747300936610149,0.99720379717559,0.));
#9595=DIRECTION('',(0.,0.,-1.));
#9596=DIRECTION('center_axis',(0.,0.,-1.));
#9597=DIRECTION('ref_axis',(0.0747300936610149,0.99720379717559,0.));
#9598=DIRECTION('center_axis',(0.,0.,1.));
#9599=DIRECTION('ref_axis',(1.,0.,0.));
#9600=DIRECTION('',(0.99720379717559,-0.0747300936610149,0.));
#9601=DIRECTION('center_axis',(0.,0.,-1.));
#9602=DIRECTION('ref_axis',(0.733051871321056,0.680172738319244,0.));
#9603=DIRECTION('',(0.,0.,1.));
#9604=DIRECTION('center_axis',(0.,0.,-1.));
#9605=DIRECTION('ref_axis',(-0.733051871321058,-0.680172738319241,0.));
#9606=DIRECTION('',(0.,0.,-1.));
#9607=DIRECTION('center_axis',(0.,0.,-1.));
#9608=DIRECTION('ref_axis',(-0.733051871321058,-0.680172738319241,0.));
#9609=DIRECTION('center_axis',(0.,0.,1.));
#9610=DIRECTION('ref_axis',(1.,0.,0.));
#9611=DIRECTION('',(-0.680172738319241,0.733051871321058,0.));
#9612=DIRECTION('center_axis',(0.,0.,-1.));
#9613=DIRECTION('ref_axis',(-0.82623877417554,0.563320058269632,0.));
#9614=DIRECTION('',(0.,0.,1.));
#9615=DIRECTION('center_axis',(0.,0.,-1.));
#9616=DIRECTION('ref_axis',(0.826238774175541,-0.56332005826963,0.));
#9617=DIRECTION('',(0.,0.,-1.));
#9618=DIRECTION('center_axis',(0.,0.,-1.));
#9619=DIRECTION('ref_axis',(0.826238774175541,-0.56332005826963,0.));
#9620=DIRECTION('center_axis',(0.,0.,1.));
#9621=DIRECTION('ref_axis',(1.,0.,0.));
#9622=DIRECTION('',(-0.56332005826963,-0.826238774175541,0.));
#9623=DIRECTION('center_axis',(0.,0.,-1.));
#9624=DIRECTION('ref_axis',(0.988830826150806,0.149042266669271,0.));
#9625=DIRECTION('',(0.,0.,1.));
#9626=DIRECTION('center_axis',(0.,0.,-1.));
#9627=DIRECTION('ref_axis',(-0.988830826150806,-0.14904226666927,0.));
#9628=DIRECTION('',(0.,0.,-1.));
#9629=DIRECTION('center_axis',(0.,0.,-1.));
#9630=DIRECTION('ref_axis',(-0.988830826150806,-0.14904226666927,0.));
#9631=DIRECTION('center_axis',(0.,0.,1.));
#9632=DIRECTION('ref_axis',(1.,0.,0.));
#9633=DIRECTION('',(-0.14904226666927,0.988830826150806,0.));
#9634=DIRECTION('center_axis',(0.,0.,-1.));
#9635=DIRECTION('ref_axis',(-0.623489801839238,-0.781831482483577,0.));
#9636=DIRECTION('',(0.,0.,1.));
#9637=DIRECTION('center_axis',(0.,0.,-1.));
#9638=DIRECTION('ref_axis',(0.62348980183924,0.781831482483576,0.));
#9639=DIRECTION('',(0.,0.,-1.));
#9640=DIRECTION('center_axis',(0.,0.,-1.));
#9641=DIRECTION('ref_axis',(0.62348980183924,0.781831482483576,0.));
#9642=DIRECTION('center_axis',(0.,0.,1.));
#9643=DIRECTION('ref_axis',(1.,0.,0.));
#9644=DIRECTION('',(0.781831482483576,-0.62348980183924,0.));
#9645=DIRECTION('center_axis',(0.,0.,-1.));
#9646=DIRECTION('ref_axis',(-0.0747300938350606,0.997203797162547,0.));
#9647=DIRECTION('',(0.,0.,1.));
#9648=DIRECTION('center_axis',(0.,0.,-1.));
#9649=DIRECTION('ref_axis',(0.0747300938350596,-0.997203797162548,0.));
#9650=DIRECTION('',(0.,0.,-1.));
#9651=DIRECTION('center_axis',(0.,0.,-1.));
#9652=DIRECTION('ref_axis',(0.0747300938350596,-0.997203797162548,0.));
#9653=DIRECTION('center_axis',(0.,0.,1.));
#9654=DIRECTION('ref_axis',(1.,0.,0.));
#9655=DIRECTION('',(-0.997203797162548,-0.0747300938350596,0.));
#9656=DIRECTION('center_axis',(0.,0.,-1.));
#9657=DIRECTION('ref_axis',(0.73305187132106,-0.680172738319239,0.));
#9658=DIRECTION('',(0.,0.,1.));
#9659=DIRECTION('center_axis',(0.,0.,-1.));
#9660=DIRECTION('ref_axis',(-0.733051871321058,0.680172738319241,0.));
#9661=DIRECTION('',(0.,0.,-1.));
#9662=DIRECTION('center_axis',(0.,0.,-1.));
#9663=DIRECTION('ref_axis',(-0.733051871321058,0.680172738319241,0.));
#9664=DIRECTION('center_axis',(0.,0.,1.));
#9665=DIRECTION('ref_axis',(1.,0.,0.));
#9666=DIRECTION('',(0.680172738319241,0.733051871321058,0.));
#9667=DIRECTION('center_axis',(0.,0.,-1.));
#9668=DIRECTION('ref_axis',(-1.,-3.79203754359297E-16,0.));
#9669=DIRECTION('',(0.,0.,1.));
#9670=DIRECTION('center_axis',(0.,0.,-1.));
#9671=DIRECTION('ref_axis',(1.,2.56739074444562E-16,0.));
#9672=DIRECTION('',(0.,0.,-1.));
#9673=DIRECTION('center_axis',(0.,0.,-1.));
#9674=DIRECTION('ref_axis',(1.,2.56739074444562E-16,0.));
#9675=DIRECTION('center_axis',(0.,0.,1.));
#9676=DIRECTION('ref_axis',(1.,0.,0.));
#9677=DIRECTION('',(2.56739074444562E-16,-1.,0.));
#9678=DIRECTION('center_axis',(0.,0.,1.));
#9679=DIRECTION('ref_axis',(1.,0.,0.));
#9680=DIRECTION('center_axis',(0.,0.,1.));
#9681=DIRECTION('ref_axis',(1.,0.,0.));
#9682=DIRECTION('center_axis',(0.,0.,-1.));
#9683=DIRECTION('ref_axis',(-1.,0.,0.));
#9684=DIRECTION('',(-2.56739074444562E-16,1.,0.));
#9685=DIRECTION('center_axis',(0.,0.,-1.));
#9686=DIRECTION('ref_axis',(1.,2.56739074444562E-16,0.));
#9687=DIRECTION('',(1.,3.50192190995501E-16,0.));
#9688=DIRECTION('center_axis',(0.,0.,-1.));
#9689=DIRECTION('ref_axis',(1.,2.56739074444562E-16,0.));
#9690=DIRECTION('',(2.56739074444562E-16,-1.,0.));
#9691=DIRECTION('center_axis',(0.,0.,-1.));
#9692=DIRECTION('ref_axis',(1.,2.56739074444562E-16,0.));
#9693=DIRECTION('',(-1.,-5.37098424097379E-16,0.));
#9694=DIRECTION('center_axis',(0.,0.,-1.));
#9695=DIRECTION('ref_axis',(1.,2.56739074444562E-16,0.));
#9696=DIRECTION('',(-2.56739074444562E-16,1.,0.));
#9697=DIRECTION('',(-0.680172738319241,-0.733051871321058,0.));
#9698=DIRECTION('center_axis',(0.,0.,-1.));
#9699=DIRECTION('ref_axis',(-0.733051871321058,0.680172738319241,0.));
#9700=DIRECTION('',(-0.733051871321058,0.680172738319241,0.));
#9701=DIRECTION('center_axis',(0.,0.,-1.));
#9702=DIRECTION('ref_axis',(-0.733051871321058,0.680172738319241,0.));
#9703=DIRECTION('',(0.680172738319241,0.733051871321058,0.));
#9704=DIRECTION('center_axis',(0.,0.,-1.));
#9705=DIRECTION('ref_axis',(-0.733051871321058,0.680172738319241,0.));
#9706=DIRECTION('',(0.733051871321059,-0.680172738319241,0.));
#9707=DIRECTION('center_axis',(0.,0.,-1.));
#9708=DIRECTION('ref_axis',(-0.733051871321058,0.680172738319241,0.));
#9709=DIRECTION('',(-0.680172738319241,-0.733051871321058,0.));
#9710=DIRECTION('',(0.997203797162548,0.0747300938350596,0.));
#9711=DIRECTION('center_axis',(0.,0.,-1.));
#9712=DIRECTION('ref_axis',(0.0747300938350596,-0.997203797162547,0.));
#9713=DIRECTION('',(0.0747300938350597,-0.997203797162548,0.));
#9714=DIRECTION('center_axis',(0.,0.,-1.));
#9715=DIRECTION('ref_axis',(0.0747300938350596,-0.997203797162547,0.));
#9716=DIRECTION('',(-0.997203797162548,-0.0747300938350596,0.));
#9717=DIRECTION('center_axis',(0.,0.,-1.));
#9718=DIRECTION('ref_axis',(0.0747300938350596,-0.997203797162547,0.));
#9719=DIRECTION('',(-0.0747300938350598,0.997203797162548,0.));
#9720=DIRECTION('center_axis',(0.,0.,-1.));
#9721=DIRECTION('ref_axis',(0.0747300938350596,-0.997203797162547,0.));
#9722=DIRECTION('',(0.997203797162548,0.0747300938350596,0.));
#9723=DIRECTION('',(-0.781831482483576,0.62348980183924,0.));
#9724=DIRECTION('center_axis',(0.,0.,-1.));
#9725=DIRECTION('ref_axis',(0.62348980183924,0.781831482483575,0.));
#9726=DIRECTION('',(0.62348980183924,0.781831482483576,0.));
#9727=DIRECTION('center_axis',(0.,0.,-1.));
#9728=DIRECTION('ref_axis',(0.62348980183924,0.781831482483575,0.));
#9729=DIRECTION('',(0.781831482483575,-0.62348980183924,0.));
#9730=DIRECTION('center_axis',(0.,0.,-1.));
#9731=DIRECTION('ref_axis',(0.62348980183924,0.781831482483575,0.));
#9732=DIRECTION('',(-0.62348980183924,-0.781831482483576,0.));
#9733=DIRECTION('center_axis',(0.,0.,-1.));
#9734=DIRECTION('ref_axis',(0.62348980183924,0.781831482483575,0.));
#9735=DIRECTION('',(-0.781831482483576,0.62348980183924,0.));
#9736=DIRECTION('',(0.14904226666927,-0.988830826150806,0.));
#9737=DIRECTION('center_axis',(0.,0.,-1.));
#9738=DIRECTION('ref_axis',(-0.988830826150806,-0.14904226666927,0.));
#9739=DIRECTION('',(-0.988830826150806,-0.14904226666927,0.));
#9740=DIRECTION('center_axis',(0.,0.,-1.));
#9741=DIRECTION('ref_axis',(-0.988830826150806,-0.14904226666927,0.));
#9742=DIRECTION('',(-0.14904226666927,0.988830826150806,0.));
#9743=DIRECTION('center_axis',(0.,0.,-1.));
#9744=DIRECTION('ref_axis',(-0.988830826150806,-0.14904226666927,0.));
#9745=DIRECTION('',(0.988830826150806,0.14904226666927,0.));
#9746=DIRECTION('center_axis',(0.,0.,-1.));
#9747=DIRECTION('ref_axis',(-0.988830826150806,-0.14904226666927,0.));
#9748=DIRECTION('',(0.14904226666927,-0.988830826150806,0.));
#9749=DIRECTION('',(0.56332005826963,0.826238774175541,0.));
#9750=DIRECTION('center_axis',(0.,0.,-1.));
#9751=DIRECTION('ref_axis',(0.826238774175541,-0.56332005826963,0.));
#9752=DIRECTION('',(0.826238774175541,-0.56332005826963,0.));
#9753=DIRECTION('center_axis',(0.,0.,-1.));
#9754=DIRECTION('ref_axis',(0.826238774175541,-0.56332005826963,0.));
#9755=DIRECTION('',(-0.56332005826963,-0.826238774175541,0.));
#9756=DIRECTION('center_axis',(0.,0.,-1.));
#9757=DIRECTION('ref_axis',(0.826238774175541,-0.56332005826963,0.));
#9758=DIRECTION('',(-0.826238774175541,0.563320058269629,0.));
#9759=DIRECTION('center_axis',(0.,0.,-1.));
#9760=DIRECTION('ref_axis',(0.826238774175541,-0.56332005826963,0.));
#9761=DIRECTION('',(0.56332005826963,0.826238774175541,0.));
#9762=DIRECTION('',(0.680172738319241,-0.733051871321058,0.));
#9763=DIRECTION('center_axis',(0.,0.,-1.));
#9764=DIRECTION('ref_axis',(-0.733051871321058,-0.680172738319241,0.));
#9765=DIRECTION('',(-0.733051871321058,-0.680172738319241,0.));
#9766=DIRECTION('center_axis',(0.,0.,-1.));
#9767=DIRECTION('ref_axis',(-0.733051871321058,-0.680172738319241,0.));
#9768=DIRECTION('',(-0.680172738319241,0.733051871321058,0.));
#9769=DIRECTION('center_axis',(0.,0.,-1.));
#9770=DIRECTION('ref_axis',(-0.733051871321058,-0.680172738319241,0.));
#9771=DIRECTION('',(0.733051871321058,0.680172738319241,0.));
#9772=DIRECTION('center_axis',(0.,0.,-1.));
#9773=DIRECTION('ref_axis',(-0.733051871321058,-0.680172738319241,0.));
#9774=DIRECTION('',(0.680172738319241,-0.733051871321058,0.));
#9775=DIRECTION('',(-0.99720379717559,0.0747300936610149,0.));
#9776=DIRECTION('center_axis',(0.,0.,-1.));
#9777=DIRECTION('ref_axis',(0.0747300936610149,0.99720379717559,0.));
#9778=DIRECTION('',(0.0747300936610148,0.99720379717559,0.));
#9779=DIRECTION('center_axis',(0.,0.,-1.));
#9780=DIRECTION('ref_axis',(0.0747300936610149,0.99720379717559,0.));
#9781=DIRECTION('',(0.99720379717559,-0.0747300936610149,0.));
#9782=DIRECTION('center_axis',(0.,0.,-1.));
#9783=DIRECTION('ref_axis',(0.0747300936610149,0.99720379717559,0.));
#9784=DIRECTION('',(-0.0747300936610146,-0.99720379717559,0.));
#9785=DIRECTION('center_axis',(0.,0.,-1.));
#9786=DIRECTION('ref_axis',(0.0747300936610149,0.99720379717559,0.));
#9787=DIRECTION('',(-0.99720379717559,0.0747300936610149,0.));
#9788=DIRECTION('',(0.781831482157117,0.623489802248606,0.));
#9789=DIRECTION('center_axis',(0.,0.,-1.));
#9790=DIRECTION('ref_axis',(0.623489802248606,-0.781831482157117,0.));
#9791=DIRECTION('',(0.623489802248606,-0.781831482157117,0.));
#9792=DIRECTION('center_axis',(0.,0.,-1.));
#9793=DIRECTION('ref_axis',(0.623489802248606,-0.781831482157117,0.));
#9794=DIRECTION('',(-0.781831482157117,-0.623489802248606,0.));
#9795=DIRECTION('center_axis',(0.,0.,-1.));
#9796=DIRECTION('ref_axis',(0.623489802248606,-0.781831482157117,0.));
#9797=DIRECTION('',(-0.623489802248607,0.781831482157117,0.));
#9798=DIRECTION('center_axis',(0.,0.,-1.));
#9799=DIRECTION('ref_axis',(0.623489802248606,-0.781831482157117,0.));
#9800=DIRECTION('',(0.781831482157117,0.623489802248606,0.));
#9801=DIRECTION('',(-0.149042266669269,-0.988830826150806,0.));
#9802=DIRECTION('center_axis',(0.,0.,-1.));
#9803=DIRECTION('ref_axis',(-0.988830826150806,0.149042266669269,0.));
#9804=DIRECTION('',(-0.988830826150806,0.149042266669269,0.));
#9805=DIRECTION('center_axis',(0.,0.,-1.));
#9806=DIRECTION('ref_axis',(-0.988830826150806,0.149042266669269,0.));
#9807=DIRECTION('',(0.149042266669269,0.988830826150806,0.));
#9808=DIRECTION('center_axis',(0.,0.,-1.));
#9809=DIRECTION('ref_axis',(-0.988830826150806,0.149042266669269,0.));
#9810=DIRECTION('',(0.988830826150807,-0.149042266669269,0.));
#9811=DIRECTION('center_axis',(0.,0.,-1.));
#9812=DIRECTION('ref_axis',(-0.988830826150806,0.149042266669269,0.));
#9813=DIRECTION('',(-0.149042266669269,-0.988830826150806,0.));
#9814=DIRECTION('',(-0.563320058125424,0.826238774273859,0.));
#9815=DIRECTION('center_axis',(0.,0.,-1.));
#9816=DIRECTION('ref_axis',(0.826238774273859,0.563320058125425,0.));
#9817=DIRECTION('',(0.826238774273859,0.563320058125425,0.));
#9818=DIRECTION('center_axis',(0.,0.,-1.));
#9819=DIRECTION('ref_axis',(0.826238774273859,0.563320058125425,0.));
#9820=DIRECTION('',(0.563320058125424,-0.826238774273859,0.));
#9821=DIRECTION('center_axis',(0.,0.,-1.));
#9822=DIRECTION('ref_axis',(0.826238774273859,0.563320058125425,0.));
#9823=DIRECTION('',(-0.826238774273859,-0.563320058125425,0.));
#9824=DIRECTION('center_axis',(0.,0.,-1.));
#9825=DIRECTION('ref_axis',(0.826238774273859,0.563320058125425,0.));
#9826=DIRECTION('',(-0.563320058125424,0.826238774273859,0.));
#9827=DIRECTION('',(-0.974927912015378,-0.22252093468556,0.));
#9828=DIRECTION('center_axis',(0.,0.,-1.));
#9829=DIRECTION('ref_axis',(-0.22252093468556,0.974927912015378,0.));
#9830=DIRECTION('',(-0.22252093468556,0.974927912015378,0.));
#9831=DIRECTION('center_axis',(0.,0.,-1.));
#9832=DIRECTION('ref_axis',(-0.22252093468556,0.974927912015378,0.));
#9833=DIRECTION('',(0.974927912015378,0.22252093468556,0.));
#9834=DIRECTION('center_axis',(0.,0.,-1.));
#9835=DIRECTION('ref_axis',(-0.22252093468556,0.974927912015378,0.));
#9836=DIRECTION('',(0.22252093468556,-0.974927912015378,0.));
#9837=DIRECTION('center_axis',(0.,0.,-1.));
#9838=DIRECTION('ref_axis',(-0.22252093468556,0.974927912015378,0.));
#9839=DIRECTION('',(-0.974927912015378,-0.22252093468556,0.));
#9840=DIRECTION('',(0.866025403784438,-0.500000000000001,0.));
#9841=DIRECTION('center_axis',(0.,0.,-1.));
#9842=DIRECTION('ref_axis',(-0.500000000000001,-0.866025403784438,0.));
#9843=DIRECTION('',(-0.500000000000001,-0.866025403784438,0.));
#9844=DIRECTION('center_axis',(0.,0.,-1.));
#9845=DIRECTION('ref_axis',(-0.500000000000001,-0.866025403784438,0.));
#9846=DIRECTION('',(-0.866025403784438,0.500000000000001,0.));
#9847=DIRECTION('center_axis',(0.,0.,-1.));
#9848=DIRECTION('ref_axis',(-0.500000000000001,-0.866025403784438,0.));
#9849=DIRECTION('',(0.500000000000001,0.866025403784438,0.));
#9850=DIRECTION('center_axis',(0.,0.,-1.));
#9851=DIRECTION('ref_axis',(-0.500000000000001,-0.866025403784438,0.));
#9852=DIRECTION('',(0.866025403784438,-0.500000000000001,0.));
#9853=DIRECTION('',(-0.294755174363253,0.955572805800839,0.));
#9854=DIRECTION('center_axis',(0.,0.,-1.));
#9855=DIRECTION('ref_axis',(0.955572805800839,0.294755174363253,0.));
#9856=DIRECTION('',(0.955572805800839,0.294755174363253,0.));
#9857=DIRECTION('center_axis',(0.,0.,-1.));
#9858=DIRECTION('ref_axis',(0.955572805800839,0.294755174363253,0.));
#9859=DIRECTION('',(0.294755174363253,-0.955572805800839,0.));
#9860=DIRECTION('center_axis',(0.,0.,-1.));
#9861=DIRECTION('ref_axis',(0.955572805800839,0.294755174363253,0.));
#9862=DIRECTION('',(-0.955572805800839,-0.294755174363254,0.));
#9863=DIRECTION('center_axis',(0.,0.,-1.));
#9864=DIRECTION('ref_axis',(0.955572805800839,0.294755174363253,0.));
#9865=DIRECTION('',(-0.294755174363253,0.955572805800839,0.));
#9866=DIRECTION('',(-0.433883738892917,-0.900968868010601,0.));
#9867=DIRECTION('center_axis',(0.,0.,-1.));
#9868=DIRECTION('ref_axis',(-0.900968868010601,0.433883738892917,0.));
#9869=DIRECTION('',(-0.900968868010601,0.433883738892917,0.));
#9870=DIRECTION('center_axis',(0.,0.,-1.));
#9871=DIRECTION('ref_axis',(-0.900968868010601,0.433883738892917,0.));
#9872=DIRECTION('',(0.433883738892917,0.900968868010601,0.));
#9873=DIRECTION('center_axis',(0.,0.,-1.));
#9874=DIRECTION('ref_axis',(-0.900968868010601,0.433883738892917,0.));
#9875=DIRECTION('',(0.900968868010601,-0.433883738892917,0.));
#9876=DIRECTION('center_axis',(0.,0.,-1.));
#9877=DIRECTION('ref_axis',(-0.900968868010601,0.433883738892917,0.));
#9878=DIRECTION('',(-0.433883738892917,-0.900968868010601,0.));
#9879=DIRECTION('',(0.930873748826387,0.3653410239022,0.));
#9880=DIRECTION('center_axis',(0.,0.,-1.));
#9881=DIRECTION('ref_axis',(0.3653410239022,-0.930873748826387,0.));
#9882=DIRECTION('',(0.365341023902201,-0.930873748826387,0.));
#9883=DIRECTION('center_axis',(0.,0.,-1.));
#9884=DIRECTION('ref_axis',(0.3653410239022,-0.930873748826387,0.));
#9885=DIRECTION('',(-0.930873748826387,-0.365341023902201,0.));
#9886=DIRECTION('center_axis',(0.,0.,-1.));
#9887=DIRECTION('ref_axis',(0.3653410239022,-0.930873748826387,0.));
#9888=DIRECTION('',(-0.365341023902201,0.930873748826387,0.));
#9889=DIRECTION('center_axis',(0.,0.,-1.));
#9890=DIRECTION('ref_axis',(0.3653410239022,-0.930873748826387,0.));
#9891=DIRECTION('',(0.930873748826387,0.3653410239022,0.));
#9892=DIRECTION('',(0.974927912015378,-0.222520934685559,0.));
#9893=DIRECTION('center_axis',(0.,0.,-1.));
#9894=DIRECTION('ref_axis',(-0.222520934685559,-0.974927912015378,0.));
#9895=DIRECTION('',(-0.222520934685559,-0.974927912015378,0.));
#9896=DIRECTION('center_axis',(0.,0.,-1.));
#9897=DIRECTION('ref_axis',(-0.222520934685559,-0.974927912015378,0.));
#9898=DIRECTION('',(-0.974927912015378,0.222520934685559,0.));
#9899=DIRECTION('center_axis',(0.,0.,-1.));
#9900=DIRECTION('ref_axis',(-0.222520934685559,-0.974927912015378,0.));
#9901=DIRECTION('',(0.222520934685559,0.974927912015378,0.));
#9902=DIRECTION('center_axis',(0.,0.,-1.));
#9903=DIRECTION('ref_axis',(-0.222520934685559,-0.974927912015378,0.));
#9904=DIRECTION('',(0.974927912015378,-0.222520934685559,0.));
#9905=DIRECTION('',(-0.866025403784439,-0.5,0.));
#9906=DIRECTION('center_axis',(0.,0.,-1.));
#9907=DIRECTION('ref_axis',(-0.5,0.866025403784439,0.));
#9908=DIRECTION('',(-0.5,0.866025403784439,0.));
#9909=DIRECTION('center_axis',(0.,0.,-1.));
#9910=DIRECTION('ref_axis',(-0.5,0.866025403784439,0.));
#9911=DIRECTION('',(0.866025403784439,0.5,0.));
#9912=DIRECTION('center_axis',(0.,0.,-1.));
#9913=DIRECTION('ref_axis',(-0.5,0.866025403784439,0.));
#9914=DIRECTION('',(0.5,-0.866025403784439,0.));
#9915=DIRECTION('center_axis',(0.,0.,-1.));
#9916=DIRECTION('ref_axis',(-0.5,0.866025403784439,0.));
#9917=DIRECTION('',(-0.866025403784439,-0.5,0.));
#9918=DIRECTION('',(0.294755173696138,0.955572806006617,0.));
#9919=DIRECTION('center_axis',(0.,0.,-1.));
#9920=DIRECTION('ref_axis',(0.955572806006617,-0.294755173696138,0.));
#9921=DIRECTION('',(0.955572806006617,-0.294755173696138,0.));
#9922=DIRECTION('center_axis',(0.,0.,-1.));
#9923=DIRECTION('ref_axis',(0.955572806006617,-0.294755173696138,0.));
#9924=DIRECTION('',(-0.294755173696138,-0.955572806006617,0.));
#9925=DIRECTION('center_axis',(0.,0.,-1.));
#9926=DIRECTION('ref_axis',(0.955572806006617,-0.294755173696138,0.));
#9927=DIRECTION('',(-0.955572806006617,0.294755173696138,0.));
#9928=DIRECTION('center_axis',(0.,0.,-1.));
#9929=DIRECTION('ref_axis',(0.955572806006617,-0.294755173696138,0.));
#9930=DIRECTION('',(0.294755173696138,0.955572806006617,0.));
#9931=DIRECTION('',(0.433883738892917,-0.900968868010601,0.));
#9932=DIRECTION('center_axis',(0.,0.,-1.));
#9933=DIRECTION('ref_axis',(-0.900968868010601,-0.433883738892917,0.));
#9934=DIRECTION('',(-0.900968868010601,-0.433883738892917,0.));
#9935=DIRECTION('center_axis',(0.,0.,-1.));
#9936=DIRECTION('ref_axis',(-0.900968868010601,-0.433883738892917,0.));
#9937=DIRECTION('',(-0.433883738892917,0.900968868010601,0.));
#9938=DIRECTION('center_axis',(0.,0.,-1.));
#9939=DIRECTION('ref_axis',(-0.900968868010601,-0.433883738892917,0.));
#9940=DIRECTION('',(0.9009688680106,0.433883738892917,0.));
#9941=DIRECTION('center_axis',(0.,0.,-1.));
#9942=DIRECTION('ref_axis',(-0.900968868010601,-0.433883738892917,0.));
#9943=DIRECTION('',(0.433883738892917,-0.900968868010601,0.));
#9944=DIRECTION('',(-0.930873748635095,0.365341024389605,0.));
#9945=DIRECTION('center_axis',(0.,0.,-1.));
#9946=DIRECTION('ref_axis',(0.365341024389605,0.930873748635095,0.));
#9947=DIRECTION('',(0.365341024389605,0.930873748635095,0.));
#9948=DIRECTION('center_axis',(0.,0.,-1.));
#9949=DIRECTION('ref_axis',(0.365341024389605,0.930873748635095,0.));
#9950=DIRECTION('',(0.930873748635095,-0.365341024389605,0.));
#9951=DIRECTION('center_axis',(0.,0.,-1.));
#9952=DIRECTION('ref_axis',(0.365341024389605,0.930873748635095,0.));
#9953=DIRECTION('',(-0.365341024389604,-0.930873748635095,0.));
#9954=DIRECTION('center_axis',(0.,0.,-1.));
#9955=DIRECTION('ref_axis',(0.365341024389605,0.930873748635095,0.));
#9956=DIRECTION('',(-0.930873748635095,0.365341024389605,0.));
#9957=DIRECTION('center_axis',(0.365341024389605,0.930873748635095,0.));
#9958=DIRECTION('ref_axis',(0.930873748635095,-0.365341024389605,0.));
#9959=DIRECTION('',(0.,0.,-1.));
#9960=DIRECTION('',(0.930873748635095,-0.365341024389605,0.));
#9961=DIRECTION('',(0.,0.,-1.));
#9962=DIRECTION('center_axis',(0.,0.,-1.));
#9963=DIRECTION('ref_axis',(0.365341024389605,0.930873748635095,0.));
#9964=DIRECTION('',(0.,0.,-1.));
#9965=DIRECTION('center_axis',(0.,0.,-1.));
#9966=DIRECTION('ref_axis',(0.365341024389605,0.930873748635095,0.));
#9967=DIRECTION('center_axis',(-0.930873748635095,0.365341024389605,0.));
#9968=DIRECTION('ref_axis',(0.365341024389605,0.930873748635095,0.));
#9969=DIRECTION('',(0.,0.,-1.));
#9970=DIRECTION('',(0.365341024389605,0.930873748635095,0.));
#9971=DIRECTION('center_axis',(0.,0.,-1.));
#9972=DIRECTION('ref_axis',(-0.916562255879947,-0.399892024296888,0.));
#9973=DIRECTION('',(0.,0.,-1.));
#9974=DIRECTION('center_axis',(0.,0.,-1.));
#9975=DIRECTION('ref_axis',(0.365341024389605,0.930873748635095,0.));
#9976=DIRECTION('center_axis',(-0.365341024389605,-0.930873748635095,0.));
#9977=DIRECTION('ref_axis',(-0.930873748635095,0.365341024389605,0.));
#9978=DIRECTION('',(0.,0.,-1.));
#9979=DIRECTION('',(-0.930873748635095,0.365341024389605,0.));
#9980=DIRECTION('center_axis',(0.,0.,-1.));
#9981=DIRECTION('ref_axis',(0.399892024296891,-0.916562255879946,0.));
#9982=DIRECTION('',(0.,0.,-1.));
#9983=DIRECTION('center_axis',(0.,0.,-1.));
#9984=DIRECTION('ref_axis',(0.365341024389605,0.930873748635095,0.));
#9985=DIRECTION('center_axis',(0.930873748635095,-0.365341024389604,0.));
#9986=DIRECTION('ref_axis',(-0.365341024389604,-0.930873748635095,0.));
#9987=DIRECTION('',(0.,0.,-1.));
#9988=DIRECTION('',(-0.365341024389604,-0.930873748635095,0.));
#9989=DIRECTION('center_axis',(0.,0.,-1.));
#9990=DIRECTION('ref_axis',(0.365341024389605,0.930873748635095,0.));
#9991=DIRECTION('center_axis',(0.,0.,-1.));
#9992=DIRECTION('ref_axis',(0.365341024389605,0.930873748635095,0.));
#9993=DIRECTION('center_axis',(0.,0.,1.));
#9994=DIRECTION('ref_axis',(1.,0.,0.));
#9995=DIRECTION('center_axis',(0.900968868010601,0.433883738892917,0.));
#9996=DIRECTION('ref_axis',(0.433883738892917,-0.900968868010601,0.));
#9997=DIRECTION('',(0.,0.,-1.));
#9998=DIRECTION('',(0.433883738892917,-0.900968868010601,0.));
#9999=DIRECTION('',(0.,0.,-1.));
#10000=DIRECTION('center_axis',(0.,0.,-1.));
#10001=DIRECTION('ref_axis',(0.330279062190504,0.94388333022602,0.));
#10002=DIRECTION('',(0.,0.,-1.));
#10003=DIRECTION('center_axis',(0.,0.,-1.));
#10004=DIRECTION('ref_axis',(-0.900968868010601,-0.433883738892917,0.));
#10005=DIRECTION('center_axis',(-0.433883738892917,0.9009688680106,0.));
#10006=DIRECTION('ref_axis',(0.9009688680106,0.433883738892917,0.));
#10007=DIRECTION('',(0.,0.,-1.));
#10008=DIRECTION('',(0.9009688680106,0.433883738892917,0.));
#10009=DIRECTION('center_axis',(0.,0.,-1.));
#10010=DIRECTION('ref_axis',(-0.900968868010601,-0.433883738892917,0.));
#10011=DIRECTION('',(0.,0.,-1.));
#10012=DIRECTION('center_axis',(0.,0.,-1.));
#10013=DIRECTION('ref_axis',(-0.900968868010601,-0.433883738892917,0.));
#10014=DIRECTION('center_axis',(-0.900968868010601,-0.433883738892917,0.));
#10015=DIRECTION('ref_axis',(-0.433883738892917,0.900968868010601,0.));
#10016=DIRECTION('',(0.,0.,-1.));
#10017=DIRECTION('',(-0.433883738892917,0.900968868010601,0.));
#10018=DIRECTION('center_axis',(0.,0.,-1.));
#10019=DIRECTION('ref_axis',(-0.900968868010601,-0.433883738892917,0.));
#10020=DIRECTION('',(0.,0.,-1.));
#10021=DIRECTION('center_axis',(0.,0.,-1.));
#10022=DIRECTION('ref_axis',(-0.900968868010601,-0.433883738892917,0.));
#10023=DIRECTION('center_axis',(0.433883738892917,-0.900968868010601,0.));
#10024=DIRECTION('ref_axis',(-0.900968868010601,-0.433883738892917,0.));
#10025=DIRECTION('',(0.,0.,-1.));
#10026=DIRECTION('',(-0.900968868010601,-0.433883738892917,0.));
#10027=DIRECTION('center_axis',(0.,0.,-1.));
#10028=DIRECTION('ref_axis',(0.943883330226019,-0.330279062190506,0.));
#10029=DIRECTION('center_axis',(0.,0.,-1.));
#10030=DIRECTION('ref_axis',(-0.900968868010601,-0.433883738892917,0.));
#10031=DIRECTION('center_axis',(0.,0.,1.));
#10032=DIRECTION('ref_axis',(1.,0.,0.));
#10033=DIRECTION('center_axis',(0.294755173696138,0.955572806006617,0.));
#10034=DIRECTION('ref_axis',(0.955572806006617,-0.294755173696138,0.));
#10035=DIRECTION('',(0.,0.,-1.));
#10036=DIRECTION('',(0.955572806006617,-0.294755173696138,0.));
#10037=DIRECTION('',(0.,0.,-1.));
#10038=DIRECTION('center_axis',(0.,0.,-1.));
#10039=DIRECTION('ref_axis',(-0.467268628934378,0.884115393155094,0.));
#10040=DIRECTION('',(0.,0.,-1.));
#10041=DIRECTION('center_axis',(0.,0.,-1.));
#10042=DIRECTION('ref_axis',(0.955572806006617,-0.294755173696138,0.));
#10043=DIRECTION('center_axis',(-0.955572806006617,0.294755173696138,0.));
#10044=DIRECTION('ref_axis',(0.294755173696138,0.955572806006617,0.));
#10045=DIRECTION('',(0.,0.,-1.));
#10046=DIRECTION('',(0.294755173696138,0.955572806006617,0.));
#10047=DIRECTION('center_axis',(0.,0.,-1.));
#10048=DIRECTION('ref_axis',(-0.884115393155091,-0.467268628934383,0.));
#10049=DIRECTION('',(0.,0.,-1.));
#10050=DIRECTION('center_axis',(0.,0.,-1.));
#10051=DIRECTION('ref_axis',(0.955572806006617,-0.294755173696138,0.));
#10052=DIRECTION('center_axis',(-0.294755173696138,-0.955572806006617,0.));
#10053=DIRECTION('ref_axis',(-0.955572806006617,0.294755173696138,0.));
#10054=DIRECTION('',(0.,0.,-1.));
#10055=DIRECTION('',(-0.955572806006617,0.294755173696138,0.));
#10056=DIRECTION('center_axis',(0.,0.,-1.));
#10057=DIRECTION('ref_axis',(0.955572806006617,-0.294755173696138,0.));
#10058=DIRECTION('',(0.,0.,-1.));
#10059=DIRECTION('center_axis',(0.,0.,-1.));
#10060=DIRECTION('ref_axis',(0.955572806006617,-0.294755173696138,0.));
#10061=DIRECTION('center_axis',(0.955572806006617,-0.294755173696138,0.));
#10062=DIRECTION('ref_axis',(-0.294755173696138,-0.955572806006617,0.));
#10063=DIRECTION('',(0.,0.,-1.));
#10064=DIRECTION('',(-0.294755173696138,-0.955572806006617,0.));
#10065=DIRECTION('center_axis',(0.,0.,-1.));
#10066=DIRECTION('ref_axis',(0.955572806006617,-0.294755173696138,0.));
#10067=DIRECTION('center_axis',(0.,0.,-1.));
#10068=DIRECTION('ref_axis',(0.955572806006617,-0.294755173696138,0.));
#10069=DIRECTION('center_axis',(0.,0.,1.));
#10070=DIRECTION('ref_axis',(1.,0.,0.));
#10071=DIRECTION('center_axis',(0.,0.,-1.));
#10072=DIRECTION('ref_axis',(-0.5,0.866025403784439,0.));
#10073=DIRECTION('',(0.,0.,-1.));
#10074=DIRECTION('center_axis',(0.,0.,-1.));
#10075=DIRECTION('ref_axis',(-0.5,0.866025403784439,0.));
#10076=DIRECTION('',(0.,0.,-1.));
#10077=DIRECTION('center_axis',(-0.866025403784439,-0.5,0.));
#10078=DIRECTION('ref_axis',(-0.5,0.866025403784439,0.));
#10079=DIRECTION('',(0.,0.,-1.));
#10080=DIRECTION('',(-0.5,0.866025403784439,0.));
#10081=DIRECTION('center_axis',(0.,0.,-1.));
#10082=DIRECTION('ref_axis',(-0.258819045102514,-0.96592582628907,0.));
#10083=DIRECTION('',(0.,0.,-1.));
#10084=DIRECTION('center_axis',(0.,0.,-1.));
#10085=DIRECTION('ref_axis',(-0.5,0.866025403784439,0.));
#10086=DIRECTION('center_axis',(0.5,-0.866025403784439,0.));
#10087=DIRECTION('ref_axis',(-0.866025403784439,-0.5,0.));
#10088=DIRECTION('',(0.,0.,-1.));
#10089=DIRECTION('',(-0.866025403784439,-0.5,0.));
#10090=DIRECTION('center_axis',(0.,0.,-1.));
#10091=DIRECTION('ref_axis',(0.965925826289068,-0.258819045102524,0.));
#10092=DIRECTION('',(0.,0.,-1.));
#10093=DIRECTION('center_axis',(0.,0.,-1.));
#10094=DIRECTION('ref_axis',(-0.5,0.866025403784439,0.));
#10095=DIRECTION('center_axis',(0.866025403784439,0.5,0.));
#10096=DIRECTION('ref_axis',(0.5,-0.866025403784439,0.));
#10097=DIRECTION('',(0.,0.,-1.));
#10098=DIRECTION('',(0.5,-0.866025403784439,0.));
#10099=DIRECTION('center_axis',(0.,0.,-1.));
#10100=DIRECTION('ref_axis',(-0.5,0.866025403784439,0.));
#10101=DIRECTION('',(0.,0.,-1.));
#10102=DIRECTION('center_axis',(0.,0.,-1.));
#10103=DIRECTION('ref_axis',(-0.5,0.866025403784439,0.));
#10104=DIRECTION('center_axis',(-0.5,0.866025403784439,0.));
#10105=DIRECTION('ref_axis',(0.866025403784439,0.5,0.));
#10106=DIRECTION('',(0.866025403784439,0.5,0.));
#10107=DIRECTION('center_axis',(0.,0.,1.));
#10108=DIRECTION('ref_axis',(1.,0.,0.));
#10109=DIRECTION('center_axis',(0.,0.,-1.));
#10110=DIRECTION('ref_axis',(-0.222520934685559,-0.974927912015378,0.));
#10111=DIRECTION('',(0.,0.,-1.));
#10112=DIRECTION('center_axis',(0.,0.,-1.));
#10113=DIRECTION('ref_axis',(-0.222520934685559,-0.974927912015378,0.));
#10114=DIRECTION('',(0.,0.,-1.));
#10115=DIRECTION('center_axis',(0.974927912015378,-0.222520934685559,0.));
#10116=DIRECTION('ref_axis',(-0.222520934685559,-0.974927912015378,0.));
#10117=DIRECTION('',(0.,0.,-1.));
#10118=DIRECTION('',(-0.222520934685559,-0.974927912015378,0.));
#10119=DIRECTION('center_axis',(0.,0.,-1.));
#10120=DIRECTION('ref_axis',(0.846724199626243,0.532032075881988,0.));
#10121=DIRECTION('',(0.,0.,-1.));
#10122=DIRECTION('center_axis',(0.,0.,-1.));
#10123=DIRECTION('ref_axis',(-0.222520934685559,-0.974927912015378,0.));
#10124=DIRECTION('center_axis',(0.222520934685559,0.974927912015378,0.));
#10125=DIRECTION('ref_axis',(0.974927912015378,-0.222520934685559,0.));
#10126=DIRECTION('',(0.,0.,-1.));
#10127=DIRECTION('',(0.974927912015378,-0.222520934685559,0.));
#10128=DIRECTION('center_axis',(0.,0.,-1.));
#10129=DIRECTION('ref_axis',(-0.532032075881993,0.846724199626241,0.));
#10130=DIRECTION('',(0.,0.,-1.));
#10131=DIRECTION('center_axis',(0.,0.,-1.));
#10132=DIRECTION('ref_axis',(-0.222520934685559,-0.974927912015378,0.));
#10133=DIRECTION('center_axis',(-0.974927912015378,0.222520934685559,0.));
#10134=DIRECTION('ref_axis',(0.222520934685559,0.974927912015378,0.));
#10135=DIRECTION('',(0.,0.,-1.));
#10136=DIRECTION('',(0.222520934685559,0.974927912015378,0.));
#10137=DIRECTION('center_axis',(0.,0.,-1.));
#10138=DIRECTION('ref_axis',(-0.222520934685559,-0.974927912015378,0.));
#10139=DIRECTION('',(0.,0.,-1.));
#10140=DIRECTION('center_axis',(0.,0.,-1.));
#10141=DIRECTION('ref_axis',(-0.222520934685559,-0.974927912015378,0.));
#10142=DIRECTION('center_axis',(-0.222520934685559,-0.974927912015378,0.));
#10143=DIRECTION('ref_axis',(-0.974927912015378,0.222520934685559,0.));
#10144=DIRECTION('',(-0.974927912015378,0.222520934685559,0.));
#10145=DIRECTION('center_axis',(0.,0.,1.));
#10146=DIRECTION('ref_axis',(1.,0.,0.));
#10147=DIRECTION('center_axis',(0.365341023902201,-0.930873748826387,0.));
#10148=DIRECTION('ref_axis',(-0.930873748826387,-0.365341023902201,0.));
#10149=DIRECTION('',(0.,0.,-1.));
#10150=DIRECTION('',(-0.930873748826387,-0.365341023902201,0.));
#10151=DIRECTION('',(0.,0.,-1.));
#10152=DIRECTION('center_axis',(0.,0.,-1.));
#10153=DIRECTION('ref_axis',(0.3653410239022,-0.930873748826387,0.));
#10154=DIRECTION('',(0.,0.,-1.));
#10155=DIRECTION('center_axis',(0.,0.,-1.));
#10156=DIRECTION('ref_axis',(0.3653410239022,-0.930873748826387,0.));
#10157=DIRECTION('center_axis',(0.930873748826387,0.365341023902201,0.));
#10158=DIRECTION('ref_axis',(0.365341023902201,-0.930873748826387,0.));
#10159=DIRECTION('',(0.,0.,-1.));
#10160=DIRECTION('',(0.365341023902201,-0.930873748826387,0.));
#10161=DIRECTION('center_axis',(0.,0.,-1.));
#10162=DIRECTION('ref_axis',(0.399892024776797,0.916562255670564,0.));
#10163=DIRECTION('',(0.,0.,-1.));
#10164=DIRECTION('center_axis',(0.,0.,-1.));
#10165=DIRECTION('ref_axis',(0.3653410239022,-0.930873748826387,0.));
#10166=DIRECTION('center_axis',(-0.365341023902201,0.930873748826387,0.));
#10167=DIRECTION('ref_axis',(0.930873748826387,0.3653410239022,0.));
#10168=DIRECTION('',(0.,0.,-1.));
#10169=DIRECTION('',(0.930873748826387,0.3653410239022,0.));
#10170=DIRECTION('center_axis',(0.,0.,-1.));
#10171=DIRECTION('ref_axis',(-0.916562255670567,0.399892024776792,0.));
#10172=DIRECTION('',(0.,0.,-1.));
#10173=DIRECTION('center_axis',(0.,0.,-1.));
#10174=DIRECTION('ref_axis',(0.3653410239022,-0.930873748826387,0.));
#10175=DIRECTION('center_axis',(-0.930873748826387,-0.365341023902201,0.));
#10176=DIRECTION('ref_axis',(-0.365341023902201,0.930873748826387,0.));
#10177=DIRECTION('',(0.,0.,-1.));
#10178=DIRECTION('',(-0.365341023902201,0.930873748826387,0.));
#10179=DIRECTION('center_axis',(0.,0.,-1.));
#10180=DIRECTION('ref_axis',(0.3653410239022,-0.930873748826387,0.));
#10181=DIRECTION('center_axis',(0.,0.,-1.));
#10182=DIRECTION('ref_axis',(0.3653410239022,-0.930873748826387,0.));
#10183=DIRECTION('center_axis',(0.,0.,1.));
#10184=DIRECTION('ref_axis',(1.,0.,0.));
#10185=DIRECTION('center_axis',(-0.900968868010601,0.433883738892917,0.));
#10186=DIRECTION('ref_axis',(0.433883738892917,0.900968868010601,0.));
#10187=DIRECTION('',(0.,0.,-1.));
#10188=DIRECTION('',(0.433883738892917,0.900968868010601,0.));
#10189=DIRECTION('',(0.,0.,-1.));
#10190=DIRECTION('center_axis',(0.,0.,-1.));
#10191=DIRECTION('ref_axis',(-0.900968868010601,0.433883738892917,0.));
#10192=DIRECTION('',(0.,0.,-1.));
#10193=DIRECTION('center_axis',(0.,0.,-1.));
#10194=DIRECTION('ref_axis',(-0.900968868010601,0.433883738892917,0.));
#10195=DIRECTION('center_axis',(-0.433883738892917,-0.900968868010601,0.));
#10196=DIRECTION('ref_axis',(-0.900968868010601,0.433883738892917,0.));
#10197=DIRECTION('',(0.,0.,-1.));
#10198=DIRECTION('',(-0.900968868010601,0.433883738892917,0.));
#10199=DIRECTION('center_axis',(0.,0.,-1.));
#10200=DIRECTION('ref_axis',(0.330279062190514,-0.943883330226016,0.));
#10201=DIRECTION('',(0.,0.,-1.));
#10202=DIRECTION('center_axis',(0.,0.,-1.));
#10203=DIRECTION('ref_axis',(-0.900968868010601,0.433883738892917,0.));
#10204=DIRECTION('center_axis',(0.900968868010601,-0.433883738892917,0.));
#10205=DIRECTION('ref_axis',(-0.433883738892917,-0.900968868010601,0.));
#10206=DIRECTION('',(0.,0.,-1.));
#10207=DIRECTION('',(-0.433883738892917,-0.900968868010601,0.));
#10208=DIRECTION('center_axis',(0.,0.,-1.));
#10209=DIRECTION('ref_axis',(0.943883330226018,0.330279062190509,0.));
#10210=DIRECTION('',(0.,0.,-1.));
#10211=DIRECTION('center_axis',(0.,0.,-1.));
#10212=DIRECTION('ref_axis',(-0.900968868010601,0.433883738892917,0.));
#10213=DIRECTION('center_axis',(0.433883738892917,0.900968868010601,0.));
#10214=DIRECTION('ref_axis',(0.900968868010601,-0.433883738892917,0.));
#10215=DIRECTION('',(0.,0.,-1.));
#10216=DIRECTION('',(0.900968868010601,-0.433883738892917,0.));
#10217=DIRECTION('center_axis',(0.,0.,-1.));
#10218=DIRECTION('ref_axis',(-0.900968868010601,0.433883738892917,0.));
#10219=DIRECTION('center_axis',(0.,0.,-1.));
#10220=DIRECTION('ref_axis',(-0.900968868010601,0.433883738892917,0.));
#10221=DIRECTION('center_axis',(0.,0.,1.));
#10222=DIRECTION('ref_axis',(1.,0.,0.));
#10223=DIRECTION('center_axis',(-0.294755174363253,0.955572805800839,0.));
#10224=DIRECTION('ref_axis',(0.955572805800839,0.294755174363253,0.));
#10225=DIRECTION('',(0.,0.,-1.));
#10226=DIRECTION('',(0.955572805800839,0.294755174363253,0.));
#10227=DIRECTION('',(0.,0.,-1.));
#10228=DIRECTION('center_axis',(0.,0.,-1.));
#10229=DIRECTION('ref_axis',(-0.884115393481314,0.46726862831714,0.));
#10230=DIRECTION('',(0.,0.,-1.));
#10231=DIRECTION('center_axis',(0.,0.,-1.));
#10232=DIRECTION('ref_axis',(0.955572805800839,0.294755174363253,0.));
#10233=DIRECTION('center_axis',(-0.955572805800839,-0.294755174363253,0.));
#10234=DIRECTION('ref_axis',(-0.294755174363253,0.955572805800839,0.));
#10235=DIRECTION('',(0.,0.,-1.));
#10236=DIRECTION('',(-0.294755174363253,0.955572805800839,0.));
#10237=DIRECTION('center_axis',(0.,0.,-1.));
#10238=DIRECTION('ref_axis',(-0.467268628317149,-0.884115393481309,0.));
#10239=DIRECTION('',(0.,0.,-1.));
#10240=DIRECTION('center_axis',(0.,0.,-1.));
#10241=DIRECTION('ref_axis',(0.955572805800839,0.294755174363253,0.));
#10242=DIRECTION('center_axis',(0.294755174363254,-0.955572805800839,0.));
#10243=DIRECTION('ref_axis',(-0.955572805800839,-0.294755174363254,0.));
#10244=DIRECTION('',(0.,0.,-1.));
#10245=DIRECTION('',(-0.955572805800839,-0.294755174363254,0.));
#10246=DIRECTION('center_axis',(0.,0.,-1.));
#10247=DIRECTION('ref_axis',(0.955572805800839,0.294755174363253,0.));
#10248=DIRECTION('',(0.,0.,-1.));
#10249=DIRECTION('center_axis',(0.,0.,-1.));
#10250=DIRECTION('ref_axis',(0.955572805800839,0.294755174363253,0.));
#10251=DIRECTION('center_axis',(0.955572805800839,0.294755174363253,0.));
#10252=DIRECTION('ref_axis',(0.294755174363253,-0.955572805800839,0.));
#10253=DIRECTION('',(0.,0.,-1.));
#10254=DIRECTION('',(0.294755174363253,-0.955572805800839,0.));
#10255=DIRECTION('center_axis',(0.,0.,-1.));
#10256=DIRECTION('ref_axis',(0.955572805800839,0.294755174363253,0.));
#10257=DIRECTION('center_axis',(0.,0.,-1.));
#10258=DIRECTION('ref_axis',(0.955572805800839,0.294755174363253,0.));
#10259=DIRECTION('center_axis',(0.,0.,1.));
#10260=DIRECTION('ref_axis',(1.,0.,0.));
#10261=DIRECTION('center_axis',(0.,0.,-1.));
#10262=DIRECTION('ref_axis',(0.965925826289069,0.258819045102519,0.));
#10263=DIRECTION('',(0.,0.,-1.));
#10264=DIRECTION('center_axis',(0.,0.,-1.));
#10265=DIRECTION('ref_axis',(-0.500000000000001,-0.866025403784438,0.));
#10266=DIRECTION('',(0.,0.,-1.));
#10267=DIRECTION('center_axis',(0.500000000000001,0.866025403784438,0.));
#10268=DIRECTION('ref_axis',(0.866025403784438,-0.500000000000001,0.));
#10269=DIRECTION('',(0.,0.,-1.));
#10270=DIRECTION('',(0.866025403784438,-0.500000000000001,0.));
#10271=DIRECTION('center_axis',(0.,0.,-1.));
#10272=DIRECTION('ref_axis',(-0.258819045102521,0.965925826289068,0.));
#10273=DIRECTION('',(0.,0.,-1.));
#10274=DIRECTION('center_axis',(0.,0.,-1.));
#10275=DIRECTION('ref_axis',(-0.500000000000001,-0.866025403784438,0.));
#10276=DIRECTION('center_axis',(-0.866025403784438,0.500000000000001,0.));
#10277=DIRECTION('ref_axis',(0.500000000000001,0.866025403784438,0.));
#10278=DIRECTION('',(0.,0.,-1.));
#10279=DIRECTION('',(0.500000000000001,0.866025403784438,0.));
#10280=DIRECTION('center_axis',(0.,0.,-1.));
#10281=DIRECTION('ref_axis',(-0.500000000000001,-0.866025403784438,0.));
#10282=DIRECTION('',(0.,0.,-1.));
#10283=DIRECTION('center_axis',(0.,0.,-1.));
#10284=DIRECTION('ref_axis',(-0.500000000000001,-0.866025403784438,0.));
#10285=DIRECTION('center_axis',(-0.500000000000001,-0.866025403784438,0.));
#10286=DIRECTION('ref_axis',(-0.866025403784438,0.500000000000001,0.));
#10287=DIRECTION('',(0.,0.,-1.));
#10288=DIRECTION('',(-0.866025403784438,0.500000000000001,0.));
#10289=DIRECTION('center_axis',(0.,0.,-1.));
#10290=DIRECTION('ref_axis',(-0.500000000000001,-0.866025403784438,0.));
#10291=DIRECTION('',(0.,0.,-1.));
#10292=DIRECTION('center_axis',(0.,0.,-1.));
#10293=DIRECTION('ref_axis',(-0.500000000000001,-0.866025403784438,0.));
#10294=DIRECTION('center_axis',(0.866025403784438,-0.500000000000001,0.));
#10295=DIRECTION('ref_axis',(-0.500000000000001,-0.866025403784438,0.));
#10296=DIRECTION('',(-0.500000000000001,-0.866025403784438,0.));
#10297=DIRECTION('center_axis',(0.,0.,1.));
#10298=DIRECTION('ref_axis',(1.,0.,0.));
#10299=DIRECTION('center_axis',(0.22252093468556,-0.974927912015378,0.));
#10300=DIRECTION('ref_axis',(-0.974927912015378,-0.22252093468556,0.));
#10301=DIRECTION('',(0.,0.,-1.));
#10302=DIRECTION('',(-0.974927912015378,-0.22252093468556,0.));
#10303=DIRECTION('',(0.,0.,-1.));
#10304=DIRECTION('center_axis',(0.,0.,-1.));
#10305=DIRECTION('ref_axis',(0.846724199626248,-0.532032075881981,0.));
#10306=DIRECTION('',(0.,0.,-1.));
#10307=DIRECTION('center_axis',(0.,0.,-1.));
#10308=DIRECTION('ref_axis',(-0.22252093468556,0.974927912015378,0.));
#10309=DIRECTION('center_axis',(0.974927912015378,0.22252093468556,0.));
#10310=DIRECTION('ref_axis',(0.22252093468556,-0.974927912015378,0.));
#10311=DIRECTION('',(0.,0.,-1.));
#10312=DIRECTION('',(0.22252093468556,-0.974927912015378,0.));
#10313=DIRECTION('center_axis',(0.,0.,-1.));
#10314=DIRECTION('ref_axis',(-0.22252093468556,0.974927912015378,0.));
#10315=DIRECTION('',(0.,0.,-1.));
#10316=DIRECTION('center_axis',(0.,0.,-1.));
#10317=DIRECTION('ref_axis',(-0.22252093468556,0.974927912015378,0.));
#10318=DIRECTION('center_axis',(-0.22252093468556,0.974927912015378,0.));
#10319=DIRECTION('ref_axis',(0.974927912015378,0.22252093468556,0.));
#10320=DIRECTION('',(0.,0.,-1.));
#10321=DIRECTION('',(0.974927912015378,0.22252093468556,0.));
#10322=DIRECTION('center_axis',(0.,0.,-1.));
#10323=DIRECTION('ref_axis',(-0.22252093468556,0.974927912015378,0.));
#10324=DIRECTION('',(0.,0.,-1.));
#10325=DIRECTION('center_axis',(0.,0.,-1.));
#10326=DIRECTION('ref_axis',(-0.22252093468556,0.974927912015378,0.));
#10327=DIRECTION('center_axis',(-0.974927912015378,-0.22252093468556,0.));
#10328=DIRECTION('ref_axis',(-0.22252093468556,0.974927912015378,0.));
#10329=DIRECTION('',(0.,0.,-1.));
#10330=DIRECTION('',(-0.22252093468556,0.974927912015378,0.));
#10331=DIRECTION('center_axis',(0.,0.,-1.));
#10332=DIRECTION('ref_axis',(-0.532032075881981,-0.846724199626248,0.));
#10333=DIRECTION('center_axis',(0.,0.,-1.));
#10334=DIRECTION('ref_axis',(-0.22252093468556,0.974927912015378,0.));
#10335=DIRECTION('center_axis',(0.,0.,1.));
#10336=DIRECTION('ref_axis',(1.,0.,0.));
#10337=DIRECTION('center_axis',(-0.826238774273859,-0.563320058125424,0.));
#10338=DIRECTION('ref_axis',(-0.563320058125424,0.826238774273859,0.));
#10339=DIRECTION('',(0.,0.,-1.));
#10340=DIRECTION('',(-0.563320058125424,0.826238774273859,0.));
#10341=DIRECTION('',(0.,0.,-1.));
#10342=DIRECTION('center_axis',(0.,0.,-1.));
#10343=DIRECTION('ref_axis',(-0.185911607089418,-0.982566473247194,0.));
#10344=DIRECTION('',(0.,0.,-1.));
#10345=DIRECTION('center_axis',(0.,0.,-1.));
#10346=DIRECTION('ref_axis',(0.826238774273859,0.563320058125425,0.));
#10347=DIRECTION('center_axis',(0.563320058125425,-0.826238774273859,0.));
#10348=DIRECTION('ref_axis',(-0.826238774273859,-0.563320058125425,0.));
#10349=DIRECTION('',(0.,0.,-1.));
#10350=DIRECTION('',(-0.826238774273859,-0.563320058125425,0.));
#10351=DIRECTION('center_axis',(0.,0.,-1.));
#10352=DIRECTION('ref_axis',(0.826238774273859,0.563320058125425,0.));
#10353=DIRECTION('',(0.,0.,-1.));
#10354=DIRECTION('center_axis',(0.,0.,-1.));
#10355=DIRECTION('ref_axis',(0.826238774273859,0.563320058125425,0.));
#10356=DIRECTION('center_axis',(0.826238774273859,0.563320058125424,0.));
#10357=DIRECTION('ref_axis',(0.563320058125424,-0.826238774273859,0.));
#10358=DIRECTION('',(0.,0.,-1.));
#10359=DIRECTION('',(0.563320058125424,-0.826238774273859,0.));
#10360=DIRECTION('center_axis',(0.,0.,-1.));
#10361=DIRECTION('ref_axis',(0.826238774273859,0.563320058125425,0.));
#10362=DIRECTION('',(0.,0.,-1.));
#10363=DIRECTION('center_axis',(0.,0.,-1.));
#10364=DIRECTION('ref_axis',(0.826238774273859,0.563320058125425,0.));
#10365=DIRECTION('center_axis',(-0.563320058125425,0.826238774273859,0.));
#10366=DIRECTION('ref_axis',(0.826238774273859,0.563320058125425,0.));
#10367=DIRECTION('',(0.,0.,-1.));
#10368=DIRECTION('',(0.826238774273859,0.563320058125425,0.));
#10369=DIRECTION('center_axis',(0.,0.,-1.));
#10370=DIRECTION('ref_axis',(-0.982566473247195,0.185911607089413,0.));
#10371=DIRECTION('center_axis',(0.,0.,-1.));
#10372=DIRECTION('ref_axis',(0.826238774273859,0.563320058125425,0.));
#10373=DIRECTION('center_axis',(0.,0.,1.));
#10374=DIRECTION('ref_axis',(1.,0.,0.));
#10375=DIRECTION('center_axis',(-0.149042266669269,-0.988830826150807,0.));
#10376=DIRECTION('ref_axis',(-0.988830826150806,0.149042266669269,0.));
#10377=DIRECTION('',(0.,0.,-1.));
#10378=DIRECTION('',(-0.988830826150806,0.149042266669269,0.));
#10379=DIRECTION('',(0.,0.,-1.));
#10380=DIRECTION('center_axis',(0.,0.,-1.));
#10381=DIRECTION('ref_axis',(0.593820185172275,-0.804597780062787,0.));
#10382=DIRECTION('',(0.,0.,-1.));
#10383=DIRECTION('center_axis',(0.,0.,-1.));
#10384=DIRECTION('ref_axis',(-0.988830826150806,0.149042266669269,0.));
#10385=DIRECTION('center_axis',(0.988830826150807,-0.149042266669269,0.));
#10386=DIRECTION('ref_axis',(-0.149042266669269,-0.988830826150806,0.));
#10387=DIRECTION('',(0.,0.,-1.));
#10388=DIRECTION('',(-0.149042266669269,-0.988830826150806,0.));
#10389=DIRECTION('center_axis',(0.,0.,-1.));
#10390=DIRECTION('ref_axis',(0.804597780062784,0.593820185172279,0.));
#10391=DIRECTION('',(0.,0.,-1.));
#10392=DIRECTION('center_axis',(0.,0.,-1.));
#10393=DIRECTION('ref_axis',(-0.988830826150806,0.149042266669269,0.));
#10394=DIRECTION('center_axis',(0.149042266669269,0.988830826150807,0.));
#10395=DIRECTION('ref_axis',(0.988830826150807,-0.149042266669269,0.));
#10396=DIRECTION('',(0.,0.,-1.));
#10397=DIRECTION('',(0.988830826150807,-0.149042266669269,0.));
#10398=DIRECTION('center_axis',(0.,0.,-1.));
#10399=DIRECTION('ref_axis',(-0.988830826150806,0.149042266669269,0.));
#10400=DIRECTION('',(0.,0.,-1.));
#10401=DIRECTION('center_axis',(0.,0.,-1.));
#10402=DIRECTION('ref_axis',(-0.988830826150806,0.149042266669269,0.));
#10403=DIRECTION('center_axis',(-0.988830826150807,0.149042266669269,0.));
#10404=DIRECTION('ref_axis',(0.149042266669269,0.988830826150806,0.));
#10405=DIRECTION('',(0.,0.,-1.));
#10406=DIRECTION('',(0.149042266669269,0.988830826150806,0.));
#10407=DIRECTION('center_axis',(0.,0.,-1.));
#10408=DIRECTION('ref_axis',(-0.988830826150806,0.149042266669269,0.));
#10409=DIRECTION('center_axis',(0.,0.,-1.));
#10410=DIRECTION('ref_axis',(-0.988830826150806,0.149042266669269,0.));
#10411=DIRECTION('center_axis',(0.,0.,1.));
#10412=DIRECTION('ref_axis',(1.,0.,0.));
#10413=DIRECTION('center_axis',(0.781831482157117,0.623489802248606,0.));
#10414=DIRECTION('ref_axis',(0.623489802248606,-0.781831482157117,0.));
#10415=DIRECTION('',(0.,0.,-1.));
#10416=DIRECTION('',(0.623489802248606,-0.781831482157117,0.));
#10417=DIRECTION('',(0.,0.,-1.));
#10418=DIRECTION('center_axis',(0.,0.,-1.));
#10419=DIRECTION('ref_axis',(0.111964475607775,0.993712209949076,0.));
#10420=DIRECTION('',(0.,0.,-1.));
#10421=DIRECTION('center_axis',(0.,0.,-1.));
#10422=DIRECTION('ref_axis',(0.623489802248606,-0.781831482157117,0.));
#10423=DIRECTION('center_axis',(-0.623489802248606,0.781831482157117,0.));
#10424=DIRECTION('ref_axis',(0.781831482157117,0.623489802248606,0.));
#10425=DIRECTION('',(0.,0.,-1.));
#10426=DIRECTION('',(0.781831482157117,0.623489802248606,0.));
#10427=DIRECTION('center_axis',(0.,0.,-1.));
#10428=DIRECTION('ref_axis',(-0.993712209949076,0.111964475607771,0.));
#10429=DIRECTION('',(0.,0.,-1.));
#10430=DIRECTION('center_axis',(0.,0.,-1.));
#10431=DIRECTION('ref_axis',(0.623489802248606,-0.781831482157117,0.));
#10432=DIRECTION('center_axis',(-0.781831482157117,-0.623489802248607,0.));
#10433=DIRECTION('ref_axis',(-0.623489802248607,0.781831482157117,0.));
#10434=DIRECTION('',(0.,0.,-1.));
#10435=DIRECTION('',(-0.623489802248607,0.781831482157117,0.));
#10436=DIRECTION('center_axis',(0.,0.,-1.));
#10437=DIRECTION('ref_axis',(0.623489802248606,-0.781831482157117,0.));
#10438=DIRECTION('',(0.,0.,-1.));
#10439=DIRECTION('center_axis',(0.,0.,-1.));
#10440=DIRECTION('ref_axis',(0.623489802248606,-0.781831482157117,0.));
#10441=DIRECTION('center_axis',(0.623489802248606,-0.781831482157117,0.));
#10442=DIRECTION('ref_axis',(-0.781831482157117,-0.623489802248606,0.));
#10443=DIRECTION('',(0.,0.,-1.));
#10444=DIRECTION('',(-0.781831482157117,-0.623489802248606,0.));
#10445=DIRECTION('center_axis',(0.,0.,-1.));
#10446=DIRECTION('ref_axis',(0.623489802248606,-0.781831482157117,0.));
#10447=DIRECTION('center_axis',(0.,0.,-1.));
#10448=DIRECTION('ref_axis',(0.623489802248606,-0.781831482157117,0.));
#10449=DIRECTION('center_axis',(0.,0.,1.));
#10450=DIRECTION('ref_axis',(1.,0.,0.));
#10451=DIRECTION('center_axis',(0.,0.,-1.));
#10452=DIRECTION('ref_axis',(0.0747300936610149,0.99720379717559,0.));
#10453=DIRECTION('',(0.,0.,-1.));
#10454=DIRECTION('center_axis',(0.,0.,-1.));
#10455=DIRECTION('ref_axis',(0.0747300936610149,0.99720379717559,0.));
#10456=DIRECTION('',(0.,0.,-1.));
#10457=DIRECTION('center_axis',(-0.99720379717559,0.0747300936610148,0.));
#10458=DIRECTION('ref_axis',(0.0747300936610148,0.99720379717559,0.));
#10459=DIRECTION('',(0.,0.,-1.));
#10460=DIRECTION('',(0.0747300936610148,0.99720379717559,0.));
#10461=DIRECTION('center_axis',(0.,0.,-1.));
#10462=DIRECTION('ref_axis',(-0.757971723194243,-0.652287411221427,0.));
#10463=DIRECTION('',(0.,0.,-1.));
#10464=DIRECTION('center_axis',(0.,0.,-1.));
#10465=DIRECTION('ref_axis',(0.0747300936610149,0.99720379717559,0.));
#10466=DIRECTION('center_axis',(-0.0747300936610149,-0.99720379717559,0.));
#10467=DIRECTION('ref_axis',(-0.99720379717559,0.0747300936610149,0.));
#10468=DIRECTION('',(0.,0.,-1.));
#10469=DIRECTION('',(-0.99720379717559,0.0747300936610149,0.));
#10470=DIRECTION('center_axis',(0.,0.,-1.));
#10471=DIRECTION('ref_axis',(0.652287411221428,-0.757971723194242,0.));
#10472=DIRECTION('',(0.,0.,-1.));
#10473=DIRECTION('center_axis',(0.,0.,-1.));
#10474=DIRECTION('ref_axis',(0.0747300936610149,0.99720379717559,0.));
#10475=DIRECTION('center_axis',(0.99720379717559,-0.0747300936610146,0.));
#10476=DIRECTION('ref_axis',(-0.0747300936610146,-0.99720379717559,0.));
#10477=DIRECTION('',(0.,0.,-1.));
#10478=DIRECTION('',(-0.0747300936610146,-0.99720379717559,0.));
#10479=DIRECTION('center_axis',(0.,0.,-1.));
#10480=DIRECTION('ref_axis',(0.0747300936610149,0.99720379717559,0.));
#10481=DIRECTION('',(0.,0.,-1.));
#10482=DIRECTION('center_axis',(0.,0.,-1.));
#10483=DIRECTION('ref_axis',(0.0747300936610149,0.99720379717559,0.));
#10484=DIRECTION('center_axis',(0.0747300936610149,0.99720379717559,0.));
#10485=DIRECTION('ref_axis',(0.99720379717559,-0.0747300936610149,0.));
#10486=DIRECTION('',(0.99720379717559,-0.0747300936610149,0.));
#10487=DIRECTION('center_axis',(0.,0.,1.));
#10488=DIRECTION('ref_axis',(1.,0.,0.));
#10489=DIRECTION('center_axis',(0.680172738319241,-0.733051871321058,0.));
#10490=DIRECTION('ref_axis',(-0.733051871321058,-0.680172738319241,0.));
#10491=DIRECTION('',(0.,0.,-1.));
#10492=DIRECTION('',(-0.733051871321058,-0.680172738319241,0.));
#10493=DIRECTION('',(0.,0.,-1.));
#10494=DIRECTION('center_axis',(0.,0.,-1.));
#10495=DIRECTION('ref_axis',(0.999300704816367,-0.0373911935288482,0.));
#10496=DIRECTION('',(0.,0.,-1.));
#10497=DIRECTION('center_axis',(0.,0.,-1.));
#10498=DIRECTION('ref_axis',(-0.733051871321058,-0.680172738319241,0.));
#10499=DIRECTION('center_axis',(0.733051871321058,0.680172738319241,0.));
#10500=DIRECTION('ref_axis',(0.680172738319241,-0.733051871321058,0.));
#10501=DIRECTION('',(0.,0.,-1.));
#10502=DIRECTION('',(0.680172738319241,-0.733051871321058,0.));
#10503=DIRECTION('center_axis',(0.,0.,-1.));
#10504=DIRECTION('ref_axis',(0.0373911935288456,0.999300704816367,0.));
#10505=DIRECTION('',(0.,0.,-1.));
#10506=DIRECTION('center_axis',(0.,0.,-1.));
#10507=DIRECTION('ref_axis',(-0.733051871321058,-0.680172738319241,0.));
#10508=DIRECTION('center_axis',(-0.680172738319241,0.733051871321058,0.));
#10509=DIRECTION('ref_axis',(0.733051871321058,0.680172738319241,0.));
#10510=DIRECTION('',(0.,0.,-1.));
#10511=DIRECTION('',(0.733051871321058,0.680172738319241,0.));
#10512=DIRECTION('center_axis',(0.,0.,-1.));
#10513=DIRECTION('ref_axis',(-0.733051871321058,-0.680172738319241,0.));
#10514=DIRECTION('',(0.,0.,-1.));
#10515=DIRECTION('center_axis',(0.,0.,-1.));
#10516=DIRECTION('ref_axis',(-0.733051871321058,-0.680172738319241,0.));
#10517=DIRECTION('center_axis',(-0.733051871321058,-0.680172738319241,0.));
#10518=DIRECTION('ref_axis',(-0.680172738319241,0.733051871321058,0.));
#10519=DIRECTION('',(0.,0.,-1.));
#10520=DIRECTION('',(-0.680172738319241,0.733051871321058,0.));
#10521=DIRECTION('center_axis',(0.,0.,-1.));
#10522=DIRECTION('ref_axis',(-0.733051871321058,-0.680172738319241,0.));
#10523=DIRECTION('center_axis',(0.,0.,-1.));
#10524=DIRECTION('ref_axis',(-0.733051871321058,-0.680172738319241,0.));
#10525=DIRECTION('center_axis',(0.,0.,1.));
#10526=DIRECTION('ref_axis',(1.,0.,0.));
#10527=DIRECTION('center_axis',(0.826238774175541,-0.56332005826963,0.));
#10528=DIRECTION('ref_axis',(-0.56332005826963,-0.826238774175541,0.));
#10529=DIRECTION('',(0.,0.,-1.));
#10530=DIRECTION('',(-0.56332005826963,-0.826238774175541,0.));
#10531=DIRECTION('',(0.,0.,-1.));
#10532=DIRECTION('center_axis',(0.,0.,-1.));
#10533=DIRECTION('ref_axis',(0.826238774175541,-0.56332005826963,0.));
#10534=DIRECTION('',(0.,0.,-1.));
#10535=DIRECTION('center_axis',(0.,0.,-1.));
#10536=DIRECTION('ref_axis',(0.826238774175541,-0.56332005826963,0.));
#10537=DIRECTION('center_axis',(0.56332005826963,0.826238774175541,0.));
#10538=DIRECTION('ref_axis',(0.826238774175541,-0.56332005826963,0.));
#10539=DIRECTION('',(0.,0.,-1.));
#10540=DIRECTION('',(0.826238774175541,-0.56332005826963,0.));
#10541=DIRECTION('center_axis',(0.,0.,-1.));
#10542=DIRECTION('ref_axis',(-0.185911606917924,0.982566473279643,0.));
#10543=DIRECTION('',(0.,0.,-1.));
#10544=DIRECTION('center_axis',(0.,0.,-1.));
#10545=DIRECTION('ref_axis',(0.826238774175541,-0.56332005826963,0.));
#10546=DIRECTION('center_axis',(-0.826238774175541,0.56332005826963,0.));
#10547=DIRECTION('ref_axis',(0.56332005826963,0.826238774175541,0.));
#10548=DIRECTION('',(0.,0.,-1.));
#10549=DIRECTION('',(0.56332005826963,0.826238774175541,0.));
#10550=DIRECTION('center_axis',(0.,0.,-1.));
#10551=DIRECTION('ref_axis',(-0.98256647327964,-0.185911606917938,0.));
#10552=DIRECTION('',(0.,0.,-1.));
#10553=DIRECTION('center_axis',(0.,0.,-1.));
#10554=DIRECTION('ref_axis',(0.826238774175541,-0.56332005826963,0.));
#10555=DIRECTION('center_axis',(-0.563320058269629,-0.826238774175541,0.));
#10556=DIRECTION('ref_axis',(-0.826238774175541,0.563320058269629,0.));
#10557=DIRECTION('',(0.,0.,-1.));
#10558=DIRECTION('',(-0.826238774175541,0.563320058269629,0.));
#10559=DIRECTION('center_axis',(0.,0.,-1.));
#10560=DIRECTION('ref_axis',(0.826238774175541,-0.56332005826963,0.));
#10561=DIRECTION('center_axis',(0.,0.,-1.));
#10562=DIRECTION('ref_axis',(0.826238774175541,-0.56332005826963,0.));
#10563=DIRECTION('center_axis',(0.,0.,1.));
#10564=DIRECTION('ref_axis',(1.,0.,0.));
#10565=DIRECTION('center_axis',(-0.988830826150806,-0.14904226666927,0.));
#10566=DIRECTION('ref_axis',(-0.14904226666927,0.988830826150806,0.));
#10567=DIRECTION('',(0.,0.,-1.));
#10568=DIRECTION('',(-0.14904226666927,0.988830826150806,0.));
#10569=DIRECTION('',(0.,0.,-1.));
#10570=DIRECTION('center_axis',(0.,0.,-1.));
#10571=DIRECTION('ref_axis',(-0.988830826150806,-0.14904226666927,0.));
#10572=DIRECTION('',(0.,0.,-1.));
#10573=DIRECTION('center_axis',(0.,0.,-1.));
#10574=DIRECTION('ref_axis',(-0.988830826150806,-0.14904226666927,0.));
#10575=DIRECTION('center_axis',(0.14904226666927,-0.988830826150806,0.));
#10576=DIRECTION('ref_axis',(-0.988830826150806,-0.14904226666927,0.));
#10577=DIRECTION('',(0.,0.,-1.));
#10578=DIRECTION('',(-0.988830826150806,-0.14904226666927,0.));
#10579=DIRECTION('center_axis',(0.,0.,-1.));
#10580=DIRECTION('ref_axis',(0.804597780062787,-0.593820185172275,0.));
#10581=DIRECTION('',(0.,0.,-1.));
#10582=DIRECTION('center_axis',(0.,0.,-1.));
#10583=DIRECTION('ref_axis',(-0.988830826150806,-0.14904226666927,0.));
#10584=DIRECTION('center_axis',(0.988830826150807,0.14904226666927,0.));
#10585=DIRECTION('ref_axis',(0.14904226666927,-0.988830826150806,0.));
#10586=DIRECTION('',(0.,0.,-1.));
#10587=DIRECTION('',(0.14904226666927,-0.988830826150806,0.));
#10588=DIRECTION('center_axis',(0.,0.,-1.));
#10589=DIRECTION('ref_axis',(0.593820185172274,0.804597780062788,0.));
#10590=DIRECTION('',(0.,0.,-1.));
#10591=DIRECTION('center_axis',(0.,0.,-1.));
#10592=DIRECTION('ref_axis',(-0.988830826150806,-0.14904226666927,0.));
#10593=DIRECTION('center_axis',(-0.14904226666927,0.988830826150806,0.));
#10594=DIRECTION('ref_axis',(0.988830826150806,0.14904226666927,0.));
#10595=DIRECTION('',(0.,0.,-1.));
#10596=DIRECTION('',(0.988830826150806,0.14904226666927,0.));
#10597=DIRECTION('center_axis',(0.,0.,-1.));
#10598=DIRECTION('ref_axis',(-0.988830826150806,-0.14904226666927,0.));
#10599=DIRECTION('center_axis',(0.,0.,-1.));
#10600=DIRECTION('ref_axis',(-0.988830826150806,-0.14904226666927,0.));
#10601=DIRECTION('center_axis',(0.,0.,1.));
#10602=DIRECTION('ref_axis',(1.,0.,0.));
#10603=DIRECTION('center_axis',(-0.781831482483576,0.62348980183924,0.));
#10604=DIRECTION('ref_axis',(0.62348980183924,0.781831482483576,0.));
#10605=DIRECTION('',(0.,0.,-1.));
#10606=DIRECTION('',(0.62348980183924,0.781831482483576,0.));
#10607=DIRECTION('',(0.,0.,-1.));
#10608=DIRECTION('center_axis',(0.,0.,-1.));
#10609=DIRECTION('ref_axis',(-0.99371220989045,-0.111964476128091,0.));
#10610=DIRECTION('',(0.,0.,-1.));
#10611=DIRECTION('center_axis',(0.,0.,-1.));
#10612=DIRECTION('ref_axis',(0.62348980183924,0.781831482483575,0.));
#10613=DIRECTION('center_axis',(-0.62348980183924,-0.781831482483576,0.));
#10614=DIRECTION('ref_axis',(-0.781831482483576,0.62348980183924,0.));
#10615=DIRECTION('',(0.,0.,-1.));
#10616=DIRECTION('',(-0.781831482483576,0.62348980183924,0.));
#10617=DIRECTION('center_axis',(0.,0.,-1.));
#10618=DIRECTION('ref_axis',(0.111964476128087,-0.993712209890451,0.));
#10619=DIRECTION('',(0.,0.,-1.));
#10620=DIRECTION('center_axis',(0.,0.,-1.));
#10621=DIRECTION('ref_axis',(0.62348980183924,0.781831482483575,0.));
#10622=DIRECTION('center_axis',(0.781831482483576,-0.62348980183924,0.));
#10623=DIRECTION('ref_axis',(-0.62348980183924,-0.781831482483576,0.));
#10624=DIRECTION('',(0.,0.,-1.));
#10625=DIRECTION('',(-0.62348980183924,-0.781831482483576,0.));
#10626=DIRECTION('center_axis',(0.,0.,-1.));
#10627=DIRECTION('ref_axis',(0.62348980183924,0.781831482483575,0.));
#10628=DIRECTION('',(0.,0.,-1.));
#10629=DIRECTION('center_axis',(0.,0.,-1.));
#10630=DIRECTION('ref_axis',(0.62348980183924,0.781831482483575,0.));
#10631=DIRECTION('center_axis',(0.62348980183924,0.781831482483575,0.));
#10632=DIRECTION('ref_axis',(0.781831482483575,-0.62348980183924,0.));
#10633=DIRECTION('',(0.,0.,-1.));
#10634=DIRECTION('',(0.781831482483575,-0.62348980183924,0.));
#10635=DIRECTION('center_axis',(0.,0.,-1.));
#10636=DIRECTION('ref_axis',(0.62348980183924,0.781831482483575,0.));
#10637=DIRECTION('center_axis',(0.,0.,-1.));
#10638=DIRECTION('ref_axis',(0.62348980183924,0.781831482483575,0.));
#10639=DIRECTION('center_axis',(0.,0.,1.));
#10640=DIRECTION('ref_axis',(1.,0.,0.));
#10641=DIRECTION('center_axis',(-0.0747300938350596,0.997203797162547,0.));
#10642=DIRECTION('ref_axis',(0.997203797162548,0.0747300938350596,0.));
#10643=DIRECTION('',(0.,0.,-1.));
#10644=DIRECTION('',(0.997203797162548,0.0747300938350596,0.));
#10645=DIRECTION('',(0.,0.,-1.));
#10646=DIRECTION('center_axis',(0.,0.,-1.));
#10647=DIRECTION('ref_axis',(-0.75797172330809,0.652287411089134,0.));
#10648=DIRECTION('',(0.,0.,-1.));
#10649=DIRECTION('center_axis',(0.,0.,-1.));
#10650=DIRECTION('ref_axis',(0.0747300938350596,-0.997203797162547,0.));
#10651=DIRECTION('center_axis',(-0.997203797162547,-0.0747300938350598,
0.));
#10652=DIRECTION('ref_axis',(-0.0747300938350598,0.997203797162548,0.));
#10653=DIRECTION('',(0.,0.,-1.));
#10654=DIRECTION('',(-0.0747300938350598,0.997203797162548,0.));
#10655=DIRECTION('center_axis',(0.,0.,-1.));
#10656=DIRECTION('ref_axis',(0.0747300938350596,-0.997203797162547,0.));
#10657=DIRECTION('',(0.,0.,-1.));
#10658=DIRECTION('center_axis',(0.,0.,-1.));
#10659=DIRECTION('ref_axis',(0.0747300938350596,-0.997203797162547,0.));
#10660=DIRECTION('center_axis',(0.0747300938350596,-0.997203797162547,0.));
#10661=DIRECTION('ref_axis',(-0.997203797162548,-0.0747300938350596,0.));
#10662=DIRECTION('',(0.,0.,-1.));
#10663=DIRECTION('',(-0.997203797162548,-0.0747300938350596,0.));
#10664=DIRECTION('center_axis',(0.,0.,-1.));
#10665=DIRECTION('ref_axis',(0.0747300938350596,-0.997203797162547,0.));
#10666=DIRECTION('',(0.,0.,-1.));
#10667=DIRECTION('center_axis',(0.,0.,-1.));
#10668=DIRECTION('ref_axis',(0.0747300938350596,-0.997203797162547,0.));
#10669=DIRECTION('center_axis',(0.997203797162547,0.0747300938350597,0.));
#10670=DIRECTION('ref_axis',(0.0747300938350597,-0.997203797162548,0.));
#10671=DIRECTION('',(0.,0.,-1.));
#10672=DIRECTION('',(0.0747300938350597,-0.997203797162548,0.));
#10673=DIRECTION('center_axis',(0.,0.,-1.));
#10674=DIRECTION('ref_axis',(0.652287411089132,0.757971723308091,0.));
#10675=DIRECTION('center_axis',(0.,0.,-1.));
#10676=DIRECTION('ref_axis',(0.0747300938350596,-0.997203797162547,0.));
#10677=DIRECTION('center_axis',(0.,0.,1.));
#10678=DIRECTION('ref_axis',(1.,0.,0.));
#10679=DIRECTION('center_axis',(-0.680172738319241,-0.733051871321058,0.));
#10680=DIRECTION('ref_axis',(-0.733051871321058,0.680172738319241,0.));
#10681=DIRECTION('',(0.,0.,-1.));
#10682=DIRECTION('',(-0.733051871321058,0.680172738319241,0.));
#10683=DIRECTION('',(0.,0.,-1.));
#10684=DIRECTION('center_axis',(0.,0.,-1.));
#10685=DIRECTION('ref_axis',(0.0373911935288496,-0.999300704816367,0.));
#10686=DIRECTION('',(0.,0.,-1.));
#10687=DIRECTION('center_axis',(0.,0.,-1.));
#10688=DIRECTION('ref_axis',(-0.733051871321058,0.680172738319241,0.));
#10689=DIRECTION('center_axis',(0.733051871321058,-0.680172738319241,0.));
#10690=DIRECTION('ref_axis',(-0.680172738319241,-0.733051871321058,0.));
#10691=DIRECTION('',(0.,0.,-1.));
#10692=DIRECTION('',(-0.680172738319241,-0.733051871321058,0.));
#10693=DIRECTION('center_axis',(0.,0.,-1.));
#10694=DIRECTION('ref_axis',(0.999300704816367,0.0373911935288563,0.));
#10695=DIRECTION('',(0.,0.,-1.));
#10696=DIRECTION('center_axis',(0.,0.,-1.));
#10697=DIRECTION('ref_axis',(-0.733051871321058,0.680172738319241,0.));
#10698=DIRECTION('center_axis',(0.680172738319241,0.733051871321059,0.));
#10699=DIRECTION('ref_axis',(0.733051871321059,-0.680172738319241,0.));
#10700=DIRECTION('',(0.,0.,-1.));
#10701=DIRECTION('',(0.733051871321059,-0.680172738319241,0.));
#10702=DIRECTION('center_axis',(0.,0.,-1.));
#10703=DIRECTION('ref_axis',(-0.733051871321058,0.680172738319241,0.));
#10704=DIRECTION('',(0.,0.,-1.));
#10705=DIRECTION('center_axis',(0.,0.,-1.));
#10706=DIRECTION('ref_axis',(-0.733051871321058,0.680172738319241,0.));
#10707=DIRECTION('center_axis',(-0.733051871321058,0.680172738319241,0.));
#10708=DIRECTION('ref_axis',(0.680172738319241,0.733051871321058,0.));
#10709=DIRECTION('',(0.,0.,-1.));
#10710=DIRECTION('',(0.680172738319241,0.733051871321058,0.));
#10711=DIRECTION('center_axis',(0.,0.,-1.));
#10712=DIRECTION('ref_axis',(-0.733051871321058,0.680172738319241,0.));
#10713=DIRECTION('center_axis',(0.,0.,-1.));
#10714=DIRECTION('ref_axis',(-0.733051871321058,0.680172738319241,0.));
#10715=DIRECTION('center_axis',(0.,0.,1.));
#10716=DIRECTION('ref_axis',(1.,0.,0.));
#10717=DIRECTION('center_axis',(-1.,-2.56739074444562E-16,0.));
#10718=DIRECTION('ref_axis',(-2.56739074444562E-16,1.,0.));
#10719=DIRECTION('',(0.,0.,-1.));
#10720=DIRECTION('',(-2.56739074444562E-16,1.,0.));
#10721=DIRECTION('',(0.,0.,-1.));
#10722=DIRECTION('center_axis',(0.,0.,-1.));
#10723=DIRECTION('ref_axis',(-0.707106781186546,-0.707106781186549,0.));
#10724=DIRECTION('',(0.,0.,-1.));
#10725=DIRECTION('center_axis',(0.,0.,-1.));
#10726=DIRECTION('ref_axis',(1.,2.56739074444562E-16,0.));
#10727=DIRECTION('center_axis',(5.37098424097379E-16,-1.,0.));
#10728=DIRECTION('ref_axis',(-1.,-5.37098424097379E-16,0.));
#10729=DIRECTION('',(0.,0.,-1.));
#10730=DIRECTION('',(-1.,-5.37098424097379E-16,0.));
#10731=DIRECTION('center_axis',(0.,0.,-1.));
#10732=DIRECTION('ref_axis',(1.,2.56739074444562E-16,0.));
#10733=DIRECTION('',(0.,0.,-1.));
#10734=DIRECTION('center_axis',(0.,0.,-1.));
#10735=DIRECTION('ref_axis',(1.,2.56739074444562E-16,0.));
#10736=DIRECTION('center_axis',(1.,2.56739074444562E-16,0.));
#10737=DIRECTION('ref_axis',(2.56739074444562E-16,-1.,0.));
#10738=DIRECTION('',(0.,0.,-1.));
#10739=DIRECTION('',(2.56739074444562E-16,-1.,0.));
#10740=DIRECTION('center_axis',(0.,0.,-1.));
#10741=DIRECTION('ref_axis',(1.,2.56739074444562E-16,0.));
#10742=DIRECTION('',(0.,0.,-1.));
#10743=DIRECTION('center_axis',(0.,0.,-1.));
#10744=DIRECTION('ref_axis',(1.,2.56739074444562E-16,0.));
#10745=DIRECTION('center_axis',(-3.50192190995501E-16,1.,0.));
#10746=DIRECTION('ref_axis',(1.,3.50192190995501E-16,0.));
#10747=DIRECTION('',(0.,0.,-1.));
#10748=DIRECTION('',(1.,3.50192190995501E-16,0.));
#10749=DIRECTION('center_axis',(0.,0.,-1.));
#10750=DIRECTION('ref_axis',(-0.707106781186547,0.707106781186548,0.));
#10751=DIRECTION('center_axis',(0.,0.,-1.));
#10752=DIRECTION('ref_axis',(1.,2.56739074444562E-16,0.));
#10753=DIRECTION('center_axis',(0.,0.,1.));
#10754=DIRECTION('ref_axis',(1.,0.,0.));
#10755=DIRECTION('center_axis',(0.,0.,1.));
#10756=DIRECTION('ref_axis',(1.,0.,0.));
#10757=DIRECTION('',(0.,0.,-1.));
#10758=DIRECTION('center_axis',(0.,0.,-1.));
#10759=DIRECTION('ref_axis',(1.,0.,0.));
#10760=DIRECTION('center_axis',(0.,0.,1.));
#10761=DIRECTION('ref_axis',(-1.,0.,0.));
#10762=DIRECTION('',(0.,0.,-1.));
#10763=DIRECTION('center_axis',(0.,0.,-1.));
#10764=DIRECTION('ref_axis',(-1.,0.,0.));
#10765=DIRECTION('center_axis',(0.,0.,1.));
#10766=DIRECTION('ref_axis',(1.,0.,0.));
#10767=DIRECTION('center_axis',(0.,0.,1.));
#10768=DIRECTION('ref_axis',(1.,0.,0.));
#10769=DIRECTION('',(0.,0.,-1.));
#10770=DIRECTION('center_axis',(0.,0.,1.));
#10771=DIRECTION('ref_axis',(1.,0.,0.));
#10772=DIRECTION('center_axis',(0.,0.,1.));
#10773=DIRECTION('ref_axis',(1.,0.,0.));
#10774=DIRECTION('center_axis',(0.,0.,1.));
#10775=DIRECTION('ref_axis',(1.,0.,0.));
#10776=CARTESIAN_POINT('',(0.,0.,0.));
#10777=CARTESIAN_POINT('Origin',(88.7143060158088,69.6678685488525,12.));
#10778=CARTESIAN_POINT('',(88.9840560845982,69.853262634741,0.));
#10779=CARTESIAN_POINT('',(88.7143060158088,69.6678685488525,0.));
#10780=CARTESIAN_POINT('',(42.3274989201003,37.7870992968157,0.));
#10781=CARTESIAN_POINT('',(88.9840560845982,69.853262634741,12.));
#10782=CARTESIAN_POINT('',(88.9840560845982,69.853262634741,12.));
#10783=CARTESIAN_POINT('',(88.7143060158088,69.6678685488525,12.));
#10784=CARTESIAN_POINT('',(42.3274989201003,37.7870992968157,12.));
#10785=CARTESIAN_POINT('',(88.7143060158088,69.6678685488525,12.));
#10786=CARTESIAN_POINT('Origin',(0.,0.,12.));
#10787=CARTESIAN_POINT('',(87.479427517055,71.2122865895803,0.));
#10788=CARTESIAN_POINT('Origin',(0.,0.,0.));
#10789=CARTESIAN_POINT('',(87.479427517055,71.2122865895803,12.));
#10790=CARTESIAN_POINT('Origin',(0.,0.,12.));
#10791=CARTESIAN_POINT('',(87.479427517055,71.2122865895803,12.));
#10792=CARTESIAN_POINT('Origin',(85.6181631017985,69.6971315557595,12.));
#10793=CARTESIAN_POINT('',(84.2244760084242,71.6510088000769,0.));
#10794=CARTESIAN_POINT('Origin',(85.6181631017985,69.6971315557595,0.));
#10795=CARTESIAN_POINT('',(84.2244760084242,71.6510088000769,12.));
#10796=CARTESIAN_POINT('Origin',(85.6181631017985,69.6971315557595,12.));
#10797=CARTESIAN_POINT('',(84.2244760084242,71.6510088000769,12.));
#10798=CARTESIAN_POINT('Origin',(77.3708805101637,66.7623866409753,12.));
#10799=CARTESIAN_POINT('',(77.3708805101637,66.7623866409753,0.));
#10800=CARTESIAN_POINT('',(35.9495175084768,37.2168155488921,0.));
#10801=CARTESIAN_POINT('',(77.3708805101637,66.7623866409753,12.));
#10802=CARTESIAN_POINT('',(35.9495175084768,37.2168155488921,12.));
#10803=CARTESIAN_POINT('',(77.3708805101637,66.7623866409753,12.));
#10804=CARTESIAN_POINT('Origin',(78.7645676036627,64.8085093967691,12.));
#10805=CARTESIAN_POINT('',(76.9112836600471,63.2836032933157,0.));
#10806=CARTESIAN_POINT('Origin',(78.7645676036627,64.8085093967691,0.));
#10807=CARTESIAN_POINT('',(76.9112836600471,63.2836032933157,12.));
#10808=CARTESIAN_POINT('Origin',(78.7645676036627,64.8085093967691,12.));
#10809=CARTESIAN_POINT('',(76.9112836600471,63.2836032933157,12.));
#10810=CARTESIAN_POINT('Origin',(0.,0.,12.));
#10811=CARTESIAN_POINT('',(99.1324186239223,9.63968763982528,0.));
#10812=CARTESIAN_POINT('Origin',(0.,0.,0.));
#10813=CARTESIAN_POINT('',(99.1324186239223,9.63968763982528,12.));
#10814=CARTESIAN_POINT('Origin',(0.,0.,12.));
#10815=CARTESIAN_POINT('',(99.1324186239223,9.63968763982528,12.));
#10816=CARTESIAN_POINT('Origin',(101.52446129915,9.87229110628117,12.));
#10817=CARTESIAN_POINT('',(101.921124387227,7.50192595987955,0.));
#10818=CARTESIAN_POINT('Origin',(101.52446129915,9.87229110628117,0.));
#10819=CARTESIAN_POINT('',(101.921124387227,7.50192595987955,12.));
#10820=CARTESIAN_POINT('Origin',(101.52446129915,9.87229110628117,12.));
#10821=CARTESIAN_POINT('',(101.921124387227,7.50192595987955,12.));
#10822=CARTESIAN_POINT('Origin',(110.220612328521,8.89078392603849,12.));
#10823=CARTESIAN_POINT('',(110.220612328521,8.89078392603849,0.));
#10824=CARTESIAN_POINT('',(55.8879111251715,-0.201392051921809,-1.11022302462516E-15));
#10825=CARTESIAN_POINT('',(110.220612328521,8.89078392603849,12.));
#10826=CARTESIAN_POINT('',(55.8879111251715,-0.201392051921809,12.));
#10827=CARTESIAN_POINT('',(110.220612328521,8.89078392603849,12.));
#10828=CARTESIAN_POINT('Origin',(109.824498074346,11.2578693696892,12.));
#10829=CARTESIAN_POINT('',(112.211987162919,11.5026056603346,0.));
#10830=CARTESIAN_POINT('Origin',(109.824498074346,11.2578693696892,0.));
#10831=CARTESIAN_POINT('',(112.211987162919,11.5026056603346,12.));
#10832=CARTESIAN_POINT('Origin',(109.824498074346,11.2578693696892,12.));
#10833=CARTESIAN_POINT('',(112.211987162919,11.5026056603346,12.));
#10834=CARTESIAN_POINT('Origin',(0.,0.,12.));
#10835=CARTESIAN_POINT('',(111.993109653581,13.4678650903419,0.));
#10836=CARTESIAN_POINT('Origin',(0.,0.,0.));
#10837=CARTESIAN_POINT('',(111.993109653581,13.4678650903419,12.));
#10838=CARTESIAN_POINT('Origin',(0.,0.,12.));
#10839=CARTESIAN_POINT('',(111.993109653581,13.4678650903419,12.));
#10840=CARTESIAN_POINT('Origin',(112.314945171771,13.5275137778847,12.));
#10841=CARTESIAN_POINT('',(112.314945171771,13.5275137778847,0.));
#10842=CARTESIAN_POINT('',(56.8104934302272,3.2403717067187,0.));
#10843=CARTESIAN_POINT('',(112.314945171771,13.5275137778847,12.));
#10844=CARTESIAN_POINT('',(56.8104934302272,3.2403717067187,12.));
#10845=CARTESIAN_POINT('',(112.314945171771,13.5275137778847,12.));
#10846=CARTESIAN_POINT('Origin',(111.877579910826,15.8873255560885,12.));
#10847=CARTESIAN_POINT('',(114.253740900082,16.2247554794037,0.));
#10848=CARTESIAN_POINT('Origin',(111.877579910826,15.8873255560885,0.));
#10849=CARTESIAN_POINT('',(114.253740900082,16.2247554794037,12.));
#10850=CARTESIAN_POINT('Origin',(111.877579910826,15.8873255560885,12.));
#10851=CARTESIAN_POINT('',(114.253740900082,16.2247554794037,12.));
#10852=CARTESIAN_POINT('Origin',(0.,0.,12.));
#10853=CARTESIAN_POINT('',(92.2622295889587,69.3169603437989,0.));
#10854=CARTESIAN_POINT('Origin',(0.,0.,0.));
#10855=CARTESIAN_POINT('',(92.2622295889587,69.3169603437989,12.));
#10856=CARTESIAN_POINT('Origin',(0.,0.,12.));
#10857=CARTESIAN_POINT('',(92.2622295889587,69.3169603437989,12.));
#10858=CARTESIAN_POINT('Origin',(90.3434310533131,67.8753597820561,12.));
#10859=CARTESIAN_POINT('Origin',(90.3434310533131,67.8753597820561,0.));
#10860=CARTESIAN_POINT('Origin',(90.3434310533131,67.8753597820561,12.));
#10861=CARTESIAN_POINT('Origin',(111.993109653744,-13.4678650903303,12.));
#10862=CARTESIAN_POINT('',(112.314945171934,-13.5275137778732,0.));
#10863=CARTESIAN_POINT('',(111.993109653744,-13.4678650903303,0.));
#10864=CARTESIAN_POINT('',(56.649575671217,-3.21054736292141,0.));
#10865=CARTESIAN_POINT('',(112.314945171934,-13.5275137778732,12.));
#10866=CARTESIAN_POINT('',(112.314945171934,-13.5275137778732,12.));
#10867=CARTESIAN_POINT('',(111.993109653744,-13.4678650903303,12.));
#10868=CARTESIAN_POINT('',(56.649575671217,-3.21054736292141,12.));
#10869=CARTESIAN_POINT('',(111.993109653744,-13.4678650903303,12.));
#10870=CARTESIAN_POINT('Origin',(0.,0.,12.));
#10871=CARTESIAN_POINT('',(112.211987162919,-11.5026056603345,0.));
#10872=CARTESIAN_POINT('Origin',(0.,0.,0.));
#10873=CARTESIAN_POINT('',(112.211987162919,-11.5026056603345,12.));
#10874=CARTESIAN_POINT('Origin',(0.,0.,12.));
#10875=CARTESIAN_POINT('',(112.211987162919,-11.5026056603345,12.));
#10876=CARTESIAN_POINT('Origin',(109.824498074346,-11.2578693696891,12.));
#10877=CARTESIAN_POINT('',(110.220612328832,-8.89078392604904,0.));
#10878=CARTESIAN_POINT('Origin',(109.824498074346,-11.2578693696891,0.));
#10879=CARTESIAN_POINT('',(110.220612328832,-8.89078392604904,12.));
#10880=CARTESIAN_POINT('Origin',(109.824498074346,-11.2578693696891,12.));
#10881=CARTESIAN_POINT('',(110.220612328832,-8.89078392604904,12.));
#10882=CARTESIAN_POINT('Origin',(101.917610597143,-7.50133795307899,12.));
#10883=CARTESIAN_POINT('',(101.917610597143,-7.50133795307899,0.));
#10884=CARTESIAN_POINT('',(51.736410259419,0.896115038162069,-1.11022302462516E-15));
#10885=CARTESIAN_POINT('',(101.917610597143,-7.50133795307899,12.));
#10886=CARTESIAN_POINT('',(51.736410259419,0.896115038162069,12.));
#10887=CARTESIAN_POINT('',(101.917610597143,-7.50133795307899,12.));
#10888=CARTESIAN_POINT('Origin',(101.521496342824,-9.86842339672866,12.));
#10889=CARTESIAN_POINT('',(99.1327552524043,-9.63622519915856,0.));
#10890=CARTESIAN_POINT('Origin',(101.521496342824,-9.86842339672866,0.));
#10891=CARTESIAN_POINT('',(99.1327552524043,-9.63622519915856,12.));
#10892=CARTESIAN_POINT('Origin',(101.521496342824,-9.86842339672866,12.));
#10893=CARTESIAN_POINT('',(99.1327552524043,-9.63622519915856,12.));
#10894=CARTESIAN_POINT('Origin',(0.,0.,12.));
#10895=CARTESIAN_POINT('',(76.9134939430397,-63.2809169457585,0.));
#10896=CARTESIAN_POINT('Origin',(0.,0.,0.));
#10897=CARTESIAN_POINT('',(76.9134939430397,-63.2809169457585,12.));
#10898=CARTESIAN_POINT('Origin',(0.,0.,12.));
#10899=CARTESIAN_POINT('',(76.9134939430397,-63.2809169457585,12.));
#10900=CARTESIAN_POINT('Origin',(78.7693990280393,-64.8078710538411,12.));
#10901=CARTESIAN_POINT('',(77.3737809185562,-66.7644554821757,0.));
#10902=CARTESIAN_POINT('Origin',(78.7693990280393,-64.8078710538411,0.));
#10903=CARTESIAN_POINT('',(77.3737809185562,-66.7644554821757,12.));
#10904=CARTESIAN_POINT('Origin',(78.7693990280393,-64.8078710538411,12.));
#10905=CARTESIAN_POINT('',(77.3737809185562,-66.7644554821757,12.));
#10906=CARTESIAN_POINT('Origin',(84.2244760081971,-71.6510087998647,12.));
#10907=CARTESIAN_POINT('',(84.2244760081971,-71.6510087998647,0.));
#10908=CARTESIAN_POINT('',(39.3763152573689,-39.6611266285509,1.11022302462516E-15));
#10909=CARTESIAN_POINT('',(84.2244760081971,-71.6510087998647,12.));
#10910=CARTESIAN_POINT('',(39.3763152573689,-39.6611266285509,12.));
#10911=CARTESIAN_POINT('',(84.2244760081971,-71.6510087998647,12.));
#10912=CARTESIAN_POINT('Origin',(85.6181631017986,-69.6971315557595,12.));
#10913=CARTESIAN_POINT('',(87.4794275170551,-71.2122865895803,0.));
#10914=CARTESIAN_POINT('Origin',(85.6181631017986,-69.6971315557595,0.));
#10915=CARTESIAN_POINT('',(87.4794275170551,-71.2122865895803,12.));
#10916=CARTESIAN_POINT('Origin',(85.6181631017986,-69.6971315557595,12.));
#10917=CARTESIAN_POINT('',(87.4794275170551,-71.2122865895803,12.));
#10918=CARTESIAN_POINT('Origin',(0.,0.,12.));
#10919=CARTESIAN_POINT('',(88.7143060157022,-69.6678685487296,0.));
#10920=CARTESIAN_POINT('Origin',(0.,0.,0.));
#10921=CARTESIAN_POINT('',(88.7143060157022,-69.6678685487296,12.));
#10922=CARTESIAN_POINT('Origin',(0.,0.,12.));
#10923=CARTESIAN_POINT('',(88.7143060157022,-69.6678685487296,12.));
#10924=CARTESIAN_POINT('Origin',(88.9840560844916,-69.8532626346181,12.));
#10925=CARTESIAN_POINT('',(88.9840560844916,-69.8532626346181,0.));
#10926=CARTESIAN_POINT('',(42.4623739544533,-37.8797963396816,0.));
#10927=CARTESIAN_POINT('',(88.9840560844916,-69.8532626346181,12.));
#10928=CARTESIAN_POINT('',(42.4623739544533,-37.8797963396816,12.));
#10929=CARTESIAN_POINT('',(88.9840560844916,-69.8532626346181,12.));
#10930=CARTESIAN_POINT('Origin',(90.3434310533132,-67.8753597820561,12.));
#10931=CARTESIAN_POINT('',(92.2622295889588,-69.3169603437989,0.));
#10932=CARTESIAN_POINT('Origin',(90.3434310533132,-67.8753597820561,0.));
#10933=CARTESIAN_POINT('',(92.2622295889588,-69.3169603437989,12.));
#10934=CARTESIAN_POINT('Origin',(90.3434310533132,-67.8753597820561,12.));
#10935=CARTESIAN_POINT('',(92.2622295889588,-69.3169603437989,12.));
#10936=CARTESIAN_POINT('Origin',(0.,0.,12.));
#10937=CARTESIAN_POINT('',(114.253740900082,-16.2247554794036,0.));
#10938=CARTESIAN_POINT('Origin',(0.,0.,0.));
#10939=CARTESIAN_POINT('',(114.253740900082,-16.2247554794036,12.));
#10940=CARTESIAN_POINT('Origin',(0.,0.,12.));
#10941=CARTESIAN_POINT('',(114.253740900082,-16.2247554794036,12.));
#10942=CARTESIAN_POINT('Origin',(111.877579910826,-15.8873255560885,12.));
#10943=CARTESIAN_POINT('Origin',(111.877579910826,-15.8873255560885,0.));
#10944=CARTESIAN_POINT('Origin',(111.877579910826,-15.8873255560885,12.));
#10945=CARTESIAN_POINT('Origin',(69.6678685488525,-88.7143060158088,12.));
#10946=CARTESIAN_POINT('',(69.853262634741,-88.9840560845982,0.));
#10947=CARTESIAN_POINT('',(69.6678685488525,-88.7143060158088,0.));
#10948=CARTESIAN_POINT('',(37.7870992968157,-42.3274989201003,0.));
#10949=CARTESIAN_POINT('',(69.853262634741,-88.9840560845982,12.));
#10950=CARTESIAN_POINT('',(69.853262634741,-88.9840560845982,12.));
#10951=CARTESIAN_POINT('',(69.6678685488525,-88.7143060158088,12.));
#10952=CARTESIAN_POINT('',(37.7870992968157,-42.3274989201003,12.));
#10953=CARTESIAN_POINT('',(69.6678685488525,-88.7143060158088,12.));
#10954=CARTESIAN_POINT('Origin',(0.,0.,12.));
#10955=CARTESIAN_POINT('',(71.2122865895804,-87.479427517055,0.));
#10956=CARTESIAN_POINT('Origin',(0.,0.,0.));
#10957=CARTESIAN_POINT('',(71.2122865895804,-87.479427517055,12.));
#10958=CARTESIAN_POINT('Origin',(0.,0.,12.));
#10959=CARTESIAN_POINT('',(71.2122865895804,-87.479427517055,12.));
#10960=CARTESIAN_POINT('Origin',(69.6971315557595,-85.6181631017985,12.));
#10961=CARTESIAN_POINT('',(71.651008800077,-84.2244760084242,0.));
#10962=CARTESIAN_POINT('Origin',(69.6971315557595,-85.6181631017985,0.));
#10963=CARTESIAN_POINT('',(71.651008800077,-84.2244760084242,12.));
#10964=CARTESIAN_POINT('Origin',(69.6971315557595,-85.6181631017985,12.));
#10965=CARTESIAN_POINT('',(71.651008800077,-84.2244760084242,12.));
#10966=CARTESIAN_POINT('Origin',(66.7623866409753,-77.3708805101636,12.));
#10967=CARTESIAN_POINT('',(66.7623866409753,-77.3708805101636,0.));
#10968=CARTESIAN_POINT('',(37.2168155488921,-35.9495175084768,0.));
#10969=CARTESIAN_POINT('',(66.7623866409753,-77.3708805101636,12.));
#10970=CARTESIAN_POINT('',(37.2168155488921,-35.9495175084768,12.));
#10971=CARTESIAN_POINT('',(66.7623866409753,-77.3708805101636,12.));
#10972=CARTESIAN_POINT('Origin',(64.8085093967691,-78.7645676036627,12.));
#10973=CARTESIAN_POINT('',(63.2836032933157,-76.9112836600471,0.));
#10974=CARTESIAN_POINT('Origin',(64.8085093967691,-78.7645676036627,0.));
#10975=CARTESIAN_POINT('',(63.2836032933157,-76.9112836600471,12.));
#10976=CARTESIAN_POINT('Origin',(64.8085093967691,-78.7645676036627,12.));
#10977=CARTESIAN_POINT('',(63.2836032933157,-76.9112836600471,12.));
#10978=CARTESIAN_POINT('Origin',(0.,0.,12.));
#10979=CARTESIAN_POINT('',(9.6396876398253,-99.1324186239223,0.));
#10980=CARTESIAN_POINT('Origin',(0.,0.,0.));
#10981=CARTESIAN_POINT('',(9.6396876398253,-99.1324186239223,12.));
#10982=CARTESIAN_POINT('Origin',(0.,0.,12.));
#10983=CARTESIAN_POINT('',(9.6396876398253,-99.1324186239223,12.));
#10984=CARTESIAN_POINT('Origin',(9.87229110628119,-101.52446129915,12.));
#10985=CARTESIAN_POINT('',(7.50192595987956,-101.921124387227,0.));
#10986=CARTESIAN_POINT('Origin',(9.87229110628119,-101.52446129915,0.));
#10987=CARTESIAN_POINT('',(7.50192595987956,-101.921124387227,12.));
#10988=CARTESIAN_POINT('Origin',(9.87229110628119,-101.52446129915,12.));
#10989=CARTESIAN_POINT('',(7.50192595987956,-101.921124387227,12.));
#10990=CARTESIAN_POINT('Origin',(8.89078392603849,-110.220612328521,12.));
#10991=CARTESIAN_POINT('',(8.89078392603849,-110.220612328521,0.));
#10992=CARTESIAN_POINT('',(-0.201392051921805,-55.8879111251715,0.));
#10993=CARTESIAN_POINT('',(8.89078392603849,-110.220612328521,12.));
#10994=CARTESIAN_POINT('',(-0.201392051921805,-55.8879111251715,12.));
#10995=CARTESIAN_POINT('',(8.89078392603849,-110.220612328521,12.));
#10996=CARTESIAN_POINT('Origin',(11.2578693696892,-109.824498074346,12.));
#10997=CARTESIAN_POINT('',(11.5026056603346,-112.211987162919,0.));
#10998=CARTESIAN_POINT('Origin',(11.2578693696892,-109.824498074346,0.));
#10999=CARTESIAN_POINT('',(11.5026056603346,-112.211987162919,12.));
#11000=CARTESIAN_POINT('Origin',(11.2578693696892,-109.824498074346,12.));
#11001=CARTESIAN_POINT('',(11.5026056603346,-112.211987162919,12.));
#11002=CARTESIAN_POINT('Origin',(0.,0.,12.));
#11003=CARTESIAN_POINT('',(13.4678650903419,-111.993109653581,0.));
#11004=CARTESIAN_POINT('Origin',(0.,0.,0.));
#11005=CARTESIAN_POINT('',(13.4678650903419,-111.993109653581,12.));
#11006=CARTESIAN_POINT('Origin',(0.,0.,12.));
#11007=CARTESIAN_POINT('',(13.4678650903419,-111.993109653581,12.));
#11008=CARTESIAN_POINT('Origin',(13.5275137778847,-112.314945171771,12.));
#11009=CARTESIAN_POINT('',(13.5275137778847,-112.314945171771,0.));
#11010=CARTESIAN_POINT('',(3.24037170671872,-56.8104934302272,0.));
#11011=CARTESIAN_POINT('',(13.5275137778847,-112.314945171771,12.));
#11012=CARTESIAN_POINT('',(3.24037170671872,-56.8104934302272,12.));
#11013=CARTESIAN_POINT('',(13.5275137778847,-112.314945171771,12.));
#11014=CARTESIAN_POINT('Origin',(15.8873255560885,-111.877579910826,12.));
#11015=CARTESIAN_POINT('',(16.2247554794037,-114.253740900082,0.));
#11016=CARTESIAN_POINT('Origin',(15.8873255560885,-111.877579910826,0.));
#11017=CARTESIAN_POINT('',(16.2247554794037,-114.253740900082,12.));
#11018=CARTESIAN_POINT('Origin',(15.8873255560885,-111.877579910826,12.));
#11019=CARTESIAN_POINT('',(16.2247554794037,-114.253740900082,12.));
#11020=CARTESIAN_POINT('Origin',(0.,0.,12.));
#11021=CARTESIAN_POINT('',(69.3169603437989,-92.2622295889587,0.));
#11022=CARTESIAN_POINT('Origin',(0.,0.,0.));
#11023=CARTESIAN_POINT('',(69.3169603437989,-92.2622295889587,12.));
#11024=CARTESIAN_POINT('Origin',(0.,0.,12.));
#11025=CARTESIAN_POINT('',(69.3169603437989,-92.2622295889587,12.));
#11026=CARTESIAN_POINT('Origin',(67.8753597820561,-90.3434310533131,12.));
#11027=CARTESIAN_POINT('Origin',(67.8753597820561,-90.3434310533131,0.));
#11028=CARTESIAN_POINT('Origin',(67.8753597820561,-90.3434310533131,12.));
#11029=CARTESIAN_POINT('Origin',(-13.4678650903303,-111.993109653744,12.));
#11030=CARTESIAN_POINT('',(-13.5275137778732,-112.314945171934,0.));
#11031=CARTESIAN_POINT('',(-13.4678650903303,-111.993109653744,0.));
#11032=CARTESIAN_POINT('',(-3.21054736292141,-56.649575671217,0.));
#11033=CARTESIAN_POINT('',(-13.5275137778732,-112.314945171934,12.));
#11034=CARTESIAN_POINT('',(-13.5275137778732,-112.314945171934,12.));
#11035=CARTESIAN_POINT('',(-13.4678650903303,-111.993109653744,12.));
#11036=CARTESIAN_POINT('',(-3.21054736292141,-56.649575671217,12.));
#11037=CARTESIAN_POINT('',(-13.4678650903303,-111.993109653744,12.));
#11038=CARTESIAN_POINT('Origin',(0.,0.,12.));
#11039=CARTESIAN_POINT('',(-11.5026056603345,-112.211987162919,0.));
#11040=CARTESIAN_POINT('Origin',(0.,0.,0.));
#11041=CARTESIAN_POINT('',(-11.5026056603345,-112.211987162919,12.));
#11042=CARTESIAN_POINT('Origin',(0.,0.,12.));
#11043=CARTESIAN_POINT('',(-11.5026056603345,-112.211987162919,12.));
#11044=CARTESIAN_POINT('Origin',(-11.2578693696891,-109.824498074346,12.));
#11045=CARTESIAN_POINT('',(-8.89078392604904,-110.220612328832,0.));
#11046=CARTESIAN_POINT('Origin',(-11.2578693696891,-109.824498074346,0.));
#11047=CARTESIAN_POINT('',(-8.89078392604904,-110.220612328832,12.));
#11048=CARTESIAN_POINT('Origin',(-11.2578693696891,-109.824498074346,12.));
#11049=CARTESIAN_POINT('',(-8.89078392604904,-110.220612328832,12.));
#11050=CARTESIAN_POINT('Origin',(-7.50133795307899,-101.917610597143,12.));
#11051=CARTESIAN_POINT('',(-7.50133795307899,-101.917610597143,0.));
#11052=CARTESIAN_POINT('',(0.896115038162069,-51.736410259419,-1.11022302462516E-15));
#11053=CARTESIAN_POINT('',(-7.50133795307899,-101.917610597143,12.));
#11054=CARTESIAN_POINT('',(0.896115038162069,-51.736410259419,12.));
#11055=CARTESIAN_POINT('',(-7.50133795307899,-101.917610597143,12.));
#11056=CARTESIAN_POINT('Origin',(-9.86842339672866,-101.521496342824,12.));
#11057=CARTESIAN_POINT('',(-9.63622519915856,-99.1327552524043,0.));
#11058=CARTESIAN_POINT('Origin',(-9.86842339672866,-101.521496342824,0.));
#11059=CARTESIAN_POINT('',(-9.63622519915856,-99.1327552524043,12.));
#11060=CARTESIAN_POINT('Origin',(-9.86842339672866,-101.521496342824,12.));
#11061=CARTESIAN_POINT('',(-9.63622519915856,-99.1327552524043,12.));
#11062=CARTESIAN_POINT('Origin',(0.,0.,12.));
#11063=CARTESIAN_POINT('',(-63.2809169457585,-76.9134939430397,0.));
#11064=CARTESIAN_POINT('Origin',(0.,0.,0.));
#11065=CARTESIAN_POINT('',(-63.2809169457585,-76.9134939430397,12.));
#11066=CARTESIAN_POINT('Origin',(0.,0.,12.));
#11067=CARTESIAN_POINT('',(-63.2809169457585,-76.9134939430397,12.));
#11068=CARTESIAN_POINT('Origin',(-64.8078710538411,-78.7693990280393,12.));
#11069=CARTESIAN_POINT('',(-66.7644554821757,-77.3737809185562,0.));
#11070=CARTESIAN_POINT('Origin',(-64.8078710538411,-78.7693990280393,0.));
#11071=CARTESIAN_POINT('',(-66.7644554821757,-77.3737809185562,12.));
#11072=CARTESIAN_POINT('Origin',(-64.8078710538411,-78.7693990280393,12.));
#11073=CARTESIAN_POINT('',(-66.7644554821757,-77.3737809185562,12.));
#11074=CARTESIAN_POINT('Origin',(-71.6510087998647,-84.2244760081971,12.));
#11075=CARTESIAN_POINT('',(-71.6510087998647,-84.2244760081971,0.));
#11076=CARTESIAN_POINT('',(-39.6611266285509,-39.3763152573689,1.11022302462516E-15));
#11077=CARTESIAN_POINT('',(-71.6510087998647,-84.2244760081971,12.));
#11078=CARTESIAN_POINT('',(-39.6611266285509,-39.3763152573689,12.));
#11079=CARTESIAN_POINT('',(-71.6510087998647,-84.2244760081971,12.));
#11080=CARTESIAN_POINT('Origin',(-69.6971315557595,-85.6181631017986,12.));
#11081=CARTESIAN_POINT('',(-71.2122865895803,-87.4794275170551,0.));
#11082=CARTESIAN_POINT('Origin',(-69.6971315557595,-85.6181631017986,0.));
#11083=CARTESIAN_POINT('',(-71.2122865895803,-87.4794275170551,12.));
#11084=CARTESIAN_POINT('Origin',(-69.6971315557595,-85.6181631017986,12.));
#11085=CARTESIAN_POINT('',(-71.2122865895803,-87.4794275170551,12.));
#11086=CARTESIAN_POINT('Origin',(0.,0.,12.));
#11087=CARTESIAN_POINT('',(-69.6678685487296,-88.7143060157022,0.));
#11088=CARTESIAN_POINT('Origin',(0.,0.,0.));
#11089=CARTESIAN_POINT('',(-69.6678685487296,-88.7143060157022,12.));
#11090=CARTESIAN_POINT('Origin',(0.,0.,12.));
#11091=CARTESIAN_POINT('',(-69.6678685487296,-88.7143060157022,12.));
#11092=CARTESIAN_POINT('Origin',(-69.8532626346181,-88.9840560844916,12.));
#11093=CARTESIAN_POINT('',(-69.8532626346181,-88.9840560844916,0.));
#11094=CARTESIAN_POINT('',(-37.8797963396816,-42.4623739544533,0.));
#11095=CARTESIAN_POINT('',(-69.8532626346181,-88.9840560844916,12.));
#11096=CARTESIAN_POINT('',(-37.8797963396816,-42.4623739544533,12.));
#11097=CARTESIAN_POINT('',(-69.8532626346181,-88.9840560844916,12.));
#11098=CARTESIAN_POINT('Origin',(-67.8753597820561,-90.3434310533132,12.));
#11099=CARTESIAN_POINT('',(-69.3169603437989,-92.2622295889588,0.));
#11100=CARTESIAN_POINT('Origin',(-67.8753597820561,-90.3434310533132,0.));
#11101=CARTESIAN_POINT('',(-69.3169603437989,-92.2622295889588,12.));
#11102=CARTESIAN_POINT('Origin',(-67.8753597820561,-90.3434310533132,12.));
#11103=CARTESIAN_POINT('',(-69.3169603437989,-92.2622295889588,12.));
#11104=CARTESIAN_POINT('Origin',(0.,0.,12.));
#11105=CARTESIAN_POINT('',(-16.2247554794036,-114.253740900082,0.));
#11106=CARTESIAN_POINT('Origin',(0.,0.,0.));
#11107=CARTESIAN_POINT('',(-16.2247554794036,-114.253740900082,12.));
#11108=CARTESIAN_POINT('Origin',(0.,0.,12.));
#11109=CARTESIAN_POINT('',(-16.2247554794036,-114.253740900082,12.));
#11110=CARTESIAN_POINT('Origin',(-15.8873255560885,-111.877579910826,12.));
#11111=CARTESIAN_POINT('Origin',(-15.8873255560885,-111.877579910826,0.));
#11112=CARTESIAN_POINT('Origin',(-15.8873255560885,-111.877579910826,12.));
#11113=CARTESIAN_POINT('Origin',(-88.7143060158088,-69.6678685488525,12.));
#11114=CARTESIAN_POINT('',(-88.9840560845982,-69.853262634741,0.));
#11115=CARTESIAN_POINT('',(-88.7143060158088,-69.6678685488525,0.));
#11116=CARTESIAN_POINT('',(-42.3274989201003,-37.7870992968157,0.));
#11117=CARTESIAN_POINT('',(-88.9840560845982,-69.853262634741,12.));
#11118=CARTESIAN_POINT('',(-88.9840560845982,-69.853262634741,12.));
#11119=CARTESIAN_POINT('',(-88.7143060158088,-69.6678685488525,12.));
#11120=CARTESIAN_POINT('',(-42.3274989201003,-37.7870992968157,12.));
#11121=CARTESIAN_POINT('',(-88.7143060158088,-69.6678685488525,12.));
#11122=CARTESIAN_POINT('Origin',(0.,0.,12.));
#11123=CARTESIAN_POINT('',(-87.479427517055,-71.2122865895804,0.));
#11124=CARTESIAN_POINT('Origin',(0.,0.,0.));
#11125=CARTESIAN_POINT('',(-87.479427517055,-71.2122865895804,12.));
#11126=CARTESIAN_POINT('Origin',(0.,0.,12.));
#11127=CARTESIAN_POINT('',(-87.479427517055,-71.2122865895804,12.));
#11128=CARTESIAN_POINT('Origin',(-85.6181631017985,-69.6971315557595,12.));
#11129=CARTESIAN_POINT('',(-84.2244760084242,-71.651008800077,0.));
#11130=CARTESIAN_POINT('Origin',(-85.6181631017985,-69.6971315557595,0.));
#11131=CARTESIAN_POINT('',(-84.2244760084242,-71.651008800077,12.));
#11132=CARTESIAN_POINT('Origin',(-85.6181631017985,-69.6971315557595,12.));
#11133=CARTESIAN_POINT('',(-84.2244760084242,-71.651008800077,12.));
#11134=CARTESIAN_POINT('Origin',(-77.3708805101636,-66.7623866409753,12.));
#11135=CARTESIAN_POINT('',(-77.3708805101636,-66.7623866409753,0.));
#11136=CARTESIAN_POINT('',(-35.9495175084768,-37.2168155488921,0.));
#11137=CARTESIAN_POINT('',(-77.3708805101636,-66.7623866409753,12.));
#11138=CARTESIAN_POINT('',(-35.9495175084768,-37.2168155488921,12.));
#11139=CARTESIAN_POINT('',(-77.3708805101636,-66.7623866409753,12.));
#11140=CARTESIAN_POINT('Origin',(-78.7645676036627,-64.8085093967691,12.));
#11141=CARTESIAN_POINT('',(-76.9112836600471,-63.2836032933157,0.));
#11142=CARTESIAN_POINT('Origin',(-78.7645676036627,-64.8085093967691,0.));
#11143=CARTESIAN_POINT('',(-76.9112836600471,-63.2836032933157,12.));
#11144=CARTESIAN_POINT('Origin',(-78.7645676036627,-64.8085093967691,12.));
#11145=CARTESIAN_POINT('',(-76.9112836600471,-63.2836032933157,12.));
#11146=CARTESIAN_POINT('Origin',(0.,0.,12.));
#11147=CARTESIAN_POINT('',(-99.1324186239223,-9.6396876398253,0.));
#11148=CARTESIAN_POINT('Origin',(0.,0.,0.));
#11149=CARTESIAN_POINT('',(-99.1324186239223,-9.6396876398253,12.));
#11150=CARTESIAN_POINT('Origin',(0.,0.,12.));
#11151=CARTESIAN_POINT('',(-99.1324186239223,-9.6396876398253,12.));
#11152=CARTESIAN_POINT('Origin',(-101.52446129915,-9.87229110628119,12.));
#11153=CARTESIAN_POINT('',(-101.921124387227,-7.50192595987956,0.));
#11154=CARTESIAN_POINT('Origin',(-101.52446129915,-9.87229110628119,0.));
#11155=CARTESIAN_POINT('',(-101.921124387227,-7.50192595987956,12.));
#11156=CARTESIAN_POINT('Origin',(-101.52446129915,-9.87229110628119,12.));
#11157=CARTESIAN_POINT('',(-101.921124387227,-7.50192595987956,12.));
#11158=CARTESIAN_POINT('Origin',(-110.220612328521,-8.89078392603849,12.));
#11159=CARTESIAN_POINT('',(-110.220612328521,-8.89078392603849,0.));
#11160=CARTESIAN_POINT('',(-55.8879111251715,0.201392051921805,0.));
#11161=CARTESIAN_POINT('',(-110.220612328521,-8.89078392603849,12.));
#11162=CARTESIAN_POINT('',(-55.8879111251715,0.201392051921805,12.));
#11163=CARTESIAN_POINT('',(-110.220612328521,-8.89078392603849,12.));
#11164=CARTESIAN_POINT('Origin',(-109.824498074346,-11.2578693696892,12.));
#11165=CARTESIAN_POINT('',(-112.211987162919,-11.5026056603346,0.));
#11166=CARTESIAN_POINT('Origin',(-109.824498074346,-11.2578693696892,0.));
#11167=CARTESIAN_POINT('',(-112.211987162919,-11.5026056603346,12.));
#11168=CARTESIAN_POINT('Origin',(-109.824498074346,-11.2578693696892,12.));
#11169=CARTESIAN_POINT('',(-112.211987162919,-11.5026056603346,12.));
#11170=CARTESIAN_POINT('Origin',(0.,0.,12.));
#11171=CARTESIAN_POINT('',(-111.993109653581,-13.4678650903419,0.));
#11172=CARTESIAN_POINT('Origin',(0.,0.,0.));
#11173=CARTESIAN_POINT('',(-111.993109653581,-13.4678650903419,12.));
#11174=CARTESIAN_POINT('Origin',(0.,0.,12.));
#11175=CARTESIAN_POINT('',(-111.993109653581,-13.4678650903419,12.));
#11176=CARTESIAN_POINT('Origin',(-112.314945171771,-13.5275137778847,12.));
#11177=CARTESIAN_POINT('',(-112.314945171771,-13.5275137778847,0.));
#11178=CARTESIAN_POINT('',(-56.8104934302272,-3.24037170671872,0.));
#11179=CARTESIAN_POINT('',(-112.314945171771,-13.5275137778847,12.));
#11180=CARTESIAN_POINT('',(-56.8104934302272,-3.24037170671872,12.));
#11181=CARTESIAN_POINT('',(-112.314945171771,-13.5275137778847,12.));
#11182=CARTESIAN_POINT('Origin',(-111.877579910826,-15.8873255560885,12.));
#11183=CARTESIAN_POINT('',(-114.253740900082,-16.2247554794037,0.));
#11184=CARTESIAN_POINT('Origin',(-111.877579910826,-15.8873255560885,0.));
#11185=CARTESIAN_POINT('',(-114.253740900082,-16.2247554794037,12.));
#11186=CARTESIAN_POINT('Origin',(-111.877579910826,-15.8873255560885,12.));
#11187=CARTESIAN_POINT('',(-114.253740900082,-16.2247554794037,12.));
#11188=CARTESIAN_POINT('Origin',(0.,0.,12.));
#11189=CARTESIAN_POINT('',(-92.2622295889587,-69.3169603437989,0.));
#11190=CARTESIAN_POINT('Origin',(0.,0.,0.));
#11191=CARTESIAN_POINT('',(-92.2622295889587,-69.3169603437989,12.));
#11192=CARTESIAN_POINT('Origin',(0.,0.,12.));
#11193=CARTESIAN_POINT('',(-92.2622295889587,-69.3169603437989,12.));
#11194=CARTESIAN_POINT('Origin',(-90.3434310533131,-67.8753597820561,12.));
#11195=CARTESIAN_POINT('Origin',(-90.3434310533131,-67.8753597820561,0.));
#11196=CARTESIAN_POINT('Origin',(-90.3434310533131,-67.8753597820561,12.));
#11197=CARTESIAN_POINT('Origin',(-111.993109653744,13.4678650903303,12.));
#11198=CARTESIAN_POINT('',(-112.314945171934,13.5275137778732,0.));
#11199=CARTESIAN_POINT('',(-111.993109653744,13.4678650903303,0.));
#11200=CARTESIAN_POINT('',(-56.649575671217,3.2105473629214,-1.11022302462516E-15));
#11201=CARTESIAN_POINT('',(-112.314945171934,13.5275137778732,12.));
#11202=CARTESIAN_POINT('',(-112.314945171934,13.5275137778732,12.));
#11203=CARTESIAN_POINT('',(-111.993109653744,13.4678650903303,12.));
#11204=CARTESIAN_POINT('',(-56.649575671217,3.2105473629214,12.));
#11205=CARTESIAN_POINT('',(-111.993109653744,13.4678650903303,12.));
#11206=CARTESIAN_POINT('Origin',(0.,0.,12.));
#11207=CARTESIAN_POINT('',(-112.211987162919,11.5026056603345,0.));
#11208=CARTESIAN_POINT('Origin',(0.,0.,0.));
#11209=CARTESIAN_POINT('',(-112.211987162919,11.5026056603345,12.));
#11210=CARTESIAN_POINT('Origin',(0.,0.,12.));
#11211=CARTESIAN_POINT('',(-112.211987162919,11.5026056603345,12.));
#11212=CARTESIAN_POINT('Origin',(-109.824498074346,11.2578693696891,12.));
#11213=CARTESIAN_POINT('',(-110.220612328832,8.89078392604901,0.));
#11214=CARTESIAN_POINT('Origin',(-109.824498074346,11.2578693696891,0.));
#11215=CARTESIAN_POINT('',(-110.220612328832,8.89078392604901,12.));
#11216=CARTESIAN_POINT('Origin',(-109.824498074346,11.2578693696891,12.));
#11217=CARTESIAN_POINT('',(-110.220612328832,8.89078392604901,12.));
#11218=CARTESIAN_POINT('Origin',(-101.917610597143,7.50133795307897,12.));
#11219=CARTESIAN_POINT('',(-101.917610597143,7.50133795307897,0.));
#11220=CARTESIAN_POINT('',(-51.736410259419,-0.896115038162081,0.));
#11221=CARTESIAN_POINT('',(-101.917610597143,7.50133795307897,12.));
#11222=CARTESIAN_POINT('',(-51.736410259419,-0.896115038162081,12.));
#11223=CARTESIAN_POINT('',(-101.917610597143,7.50133795307897,12.));
#11224=CARTESIAN_POINT('Origin',(-101.521496342824,9.86842339672863,12.));
#11225=CARTESIAN_POINT('',(-99.1327552524043,9.63622519915855,0.));
#11226=CARTESIAN_POINT('Origin',(-101.521496342824,9.86842339672863,0.));
#11227=CARTESIAN_POINT('',(-99.1327552524043,9.63622519915855,12.));
#11228=CARTESIAN_POINT('Origin',(-101.521496342824,9.86842339672863,12.));
#11229=CARTESIAN_POINT('',(-99.1327552524043,9.63622519915855,12.));
#11230=CARTESIAN_POINT('Origin',(0.,0.,12.));
#11231=CARTESIAN_POINT('',(-76.9134939430397,63.2809169457584,0.));
#11232=CARTESIAN_POINT('Origin',(0.,0.,0.));
#11233=CARTESIAN_POINT('',(-76.9134939430397,63.2809169457584,12.));
#11234=CARTESIAN_POINT('Origin',(0.,0.,12.));
#11235=CARTESIAN_POINT('',(-76.9134939430397,63.2809169457584,12.));
#11236=CARTESIAN_POINT('Origin',(-78.7693990280393,64.8078710538411,12.));
#11237=CARTESIAN_POINT('',(-77.3737809185562,66.7644554821757,0.));
#11238=CARTESIAN_POINT('Origin',(-78.7693990280393,64.8078710538411,0.));
#11239=CARTESIAN_POINT('',(-77.3737809185562,66.7644554821757,12.));
#11240=CARTESIAN_POINT('Origin',(-78.7693990280393,64.8078710538411,12.));
#11241=CARTESIAN_POINT('',(-77.3737809185562,66.7644554821757,12.));
#11242=CARTESIAN_POINT('Origin',(-84.2244760081971,71.6510087998647,12.));
#11243=CARTESIAN_POINT('',(-84.2244760081971,71.6510087998647,0.));
#11244=CARTESIAN_POINT('',(-39.3763152573689,39.6611266285509,0.));
#11245=CARTESIAN_POINT('',(-84.2244760081971,71.6510087998647,12.));
#11246=CARTESIAN_POINT('',(-39.3763152573689,39.6611266285509,12.));
#11247=CARTESIAN_POINT('',(-84.2244760081971,71.6510087998647,12.));
#11248=CARTESIAN_POINT('Origin',(-85.6181631017986,69.6971315557594,12.));
#11249=CARTESIAN_POINT('',(-87.4794275170551,71.2122865895803,0.));
#11250=CARTESIAN_POINT('Origin',(-85.6181631017986,69.6971315557594,0.));
#11251=CARTESIAN_POINT('',(-87.4794275170551,71.2122865895803,12.));
#11252=CARTESIAN_POINT('Origin',(-85.6181631017986,69.6971315557594,12.));
#11253=CARTESIAN_POINT('',(-87.4794275170551,71.2122865895803,12.));
#11254=CARTESIAN_POINT('Origin',(0.,0.,12.));
#11255=CARTESIAN_POINT('',(-88.7143060157022,69.6678685487296,0.));
#11256=CARTESIAN_POINT('Origin',(0.,0.,0.));
#11257=CARTESIAN_POINT('',(-88.7143060157022,69.6678685487296,12.));
#11258=CARTESIAN_POINT('Origin',(0.,0.,12.));
#11259=CARTESIAN_POINT('',(-88.7143060157022,69.6678685487296,12.));
#11260=CARTESIAN_POINT('Origin',(-88.9840560844916,69.8532626346181,12.));
#11261=CARTESIAN_POINT('',(-88.9840560844916,69.8532626346181,0.));
#11262=CARTESIAN_POINT('',(-42.4623739544533,37.8797963396816,-1.11022302462516E-15));
#11263=CARTESIAN_POINT('',(-88.9840560844916,69.8532626346181,12.));
#11264=CARTESIAN_POINT('',(-42.4623739544533,37.8797963396816,12.));
#11265=CARTESIAN_POINT('',(-88.9840560844916,69.8532626346181,12.));
#11266=CARTESIAN_POINT('Origin',(-90.3434310533132,67.8753597820561,12.));
#11267=CARTESIAN_POINT('',(-92.2622295889588,69.3169603437989,0.));
#11268=CARTESIAN_POINT('Origin',(-90.3434310533132,67.8753597820561,0.));
#11269=CARTESIAN_POINT('',(-92.2622295889588,69.3169603437989,12.));
#11270=CARTESIAN_POINT('Origin',(-90.3434310533132,67.8753597820561,12.));
#11271=CARTESIAN_POINT('',(-92.2622295889588,69.3169603437989,12.));
#11272=CARTESIAN_POINT('Origin',(0.,0.,12.));
#11273=CARTESIAN_POINT('',(-114.253740900082,16.2247554794036,0.));
#11274=CARTESIAN_POINT('Origin',(0.,0.,0.));
#11275=CARTESIAN_POINT('',(-114.253740900082,16.2247554794036,12.));
#11276=CARTESIAN_POINT('Origin',(0.,0.,12.));
#11277=CARTESIAN_POINT('',(-114.253740900082,16.2247554794036,12.));
#11278=CARTESIAN_POINT('Origin',(-111.877579910826,15.8873255560884,12.));
#11279=CARTESIAN_POINT('Origin',(-111.877579910826,15.8873255560884,0.));
#11280=CARTESIAN_POINT('Origin',(-111.877579910826,15.8873255560884,12.));
#11281=CARTESIAN_POINT('Origin',(-69.6678685488525,88.7143060158088,12.));
#11282=CARTESIAN_POINT('',(-69.853262634741,88.9840560845982,0.));
#11283=CARTESIAN_POINT('',(-69.6678685488525,88.7143060158088,0.));
#11284=CARTESIAN_POINT('',(-37.7870992968157,42.3274989201003,0.));
#11285=CARTESIAN_POINT('',(-69.853262634741,88.9840560845982,12.));
#11286=CARTESIAN_POINT('',(-69.853262634741,88.9840560845982,12.));
#11287=CARTESIAN_POINT('',(-69.6678685488525,88.7143060158088,12.));
#11288=CARTESIAN_POINT('',(-37.7870992968157,42.3274989201003,12.));
#11289=CARTESIAN_POINT('',(-69.6678685488525,88.7143060158088,12.));
#11290=CARTESIAN_POINT('Origin',(0.,0.,12.));
#11291=CARTESIAN_POINT('',(-71.2122865895804,87.479427517055,0.));
#11292=CARTESIAN_POINT('Origin',(0.,0.,0.));
#11293=CARTESIAN_POINT('',(-71.2122865895804,87.479427517055,12.));
#11294=CARTESIAN_POINT('Origin',(0.,0.,12.));
#11295=CARTESIAN_POINT('',(-71.2122865895804,87.479427517055,12.));
#11296=CARTESIAN_POINT('Origin',(-69.6971315557595,85.6181631017985,12.));
#11297=CARTESIAN_POINT('',(-71.651008800077,84.2244760084242,0.));
#11298=CARTESIAN_POINT('Origin',(-69.6971315557595,85.6181631017985,0.));
#11299=CARTESIAN_POINT('',(-71.651008800077,84.2244760084242,12.));
#11300=CARTESIAN_POINT('Origin',(-69.6971315557595,85.6181631017985,12.));
#11301=CARTESIAN_POINT('',(-71.651008800077,84.2244760084242,12.));
#11302=CARTESIAN_POINT('Origin',(-66.7623866409753,77.3708805101636,12.));
#11303=CARTESIAN_POINT('',(-66.7623866409753,77.3708805101636,0.));
#11304=CARTESIAN_POINT('',(-37.2168155488921,35.9495175084768,0.));
#11305=CARTESIAN_POINT('',(-66.7623866409753,77.3708805101636,12.));
#11306=CARTESIAN_POINT('',(-37.2168155488921,35.9495175084768,12.));
#11307=CARTESIAN_POINT('',(-66.7623866409753,77.3708805101636,12.));
#11308=CARTESIAN_POINT('Origin',(-64.8085093967691,78.7645676036627,12.));
#11309=CARTESIAN_POINT('',(-63.2836032933157,76.9112836600471,0.));
#11310=CARTESIAN_POINT('Origin',(-64.8085093967691,78.7645676036627,0.));
#11311=CARTESIAN_POINT('',(-63.2836032933157,76.9112836600471,12.));
#11312=CARTESIAN_POINT('Origin',(-64.8085093967691,78.7645676036627,12.));
#11313=CARTESIAN_POINT('',(-63.2836032933157,76.9112836600471,12.));
#11314=CARTESIAN_POINT('Origin',(0.,0.,12.));
#11315=CARTESIAN_POINT('',(-9.63968763982531,99.1324186239223,0.));
#11316=CARTESIAN_POINT('Origin',(0.,0.,0.));
#11317=CARTESIAN_POINT('',(-9.63968763982531,99.1324186239223,12.));
#11318=CARTESIAN_POINT('Origin',(0.,0.,12.));
#11319=CARTESIAN_POINT('',(-9.63968763982531,99.1324186239223,12.));
#11320=CARTESIAN_POINT('Origin',(-9.8722911062812,101.52446129915,12.));
#11321=CARTESIAN_POINT('',(-7.50192595987958,101.921124387227,0.));
#11322=CARTESIAN_POINT('Origin',(-9.8722911062812,101.52446129915,0.));
#11323=CARTESIAN_POINT('',(-7.50192595987958,101.921124387227,12.));
#11324=CARTESIAN_POINT('Origin',(-9.8722911062812,101.52446129915,12.));
#11325=CARTESIAN_POINT('',(-7.50192595987958,101.921124387227,12.));
#11326=CARTESIAN_POINT('Origin',(-8.8907839260385,110.220612328521,12.));
#11327=CARTESIAN_POINT('',(-8.8907839260385,110.220612328521,0.));
#11328=CARTESIAN_POINT('',(0.201392051921805,55.8879111251715,1.11022302462516E-15));
#11329=CARTESIAN_POINT('',(-8.8907839260385,110.220612328521,12.));
#11330=CARTESIAN_POINT('',(0.201392051921805,55.8879111251715,12.));
#11331=CARTESIAN_POINT('',(-8.8907839260385,110.220612328521,12.));
#11332=CARTESIAN_POINT('Origin',(-11.2578693696892,109.824498074346,12.));
#11333=CARTESIAN_POINT('',(-11.5026056603346,112.211987162919,0.));
#11334=CARTESIAN_POINT('Origin',(-11.2578693696892,109.824498074346,0.));
#11335=CARTESIAN_POINT('',(-11.5026056603346,112.211987162919,12.));
#11336=CARTESIAN_POINT('Origin',(-11.2578693696892,109.824498074346,12.));
#11337=CARTESIAN_POINT('',(-11.5026056603346,112.211987162919,12.));
#11338=CARTESIAN_POINT('Origin',(0.,0.,12.));
#11339=CARTESIAN_POINT('',(-13.4678650903419,111.993109653581,0.));
#11340=CARTESIAN_POINT('Origin',(0.,0.,0.));
#11341=CARTESIAN_POINT('',(-13.4678650903419,111.993109653581,12.));
#11342=CARTESIAN_POINT('Origin',(0.,0.,12.));
#11343=CARTESIAN_POINT('',(-13.4678650903419,111.993109653581,12.));
#11344=CARTESIAN_POINT('Origin',(-13.5275137778847,112.314945171771,12.));
#11345=CARTESIAN_POINT('',(-13.5275137778847,112.314945171771,0.));
#11346=CARTESIAN_POINT('',(-3.24037170671872,56.8104934302272,0.));
#11347=CARTESIAN_POINT('',(-13.5275137778847,112.314945171771,12.));
#11348=CARTESIAN_POINT('',(-3.24037170671872,56.8104934302272,12.));
#11349=CARTESIAN_POINT('',(-13.5275137778847,112.314945171771,12.));
#11350=CARTESIAN_POINT('Origin',(-15.8873255560886,111.877579910826,12.));
#11351=CARTESIAN_POINT('',(-16.2247554794037,114.253740900082,0.));
#11352=CARTESIAN_POINT('Origin',(-15.8873255560886,111.877579910826,0.));
#11353=CARTESIAN_POINT('',(-16.2247554794037,114.253740900082,12.));
#11354=CARTESIAN_POINT('Origin',(-15.8873255560886,111.877579910826,12.));
#11355=CARTESIAN_POINT('',(-16.2247554794037,114.253740900082,12.));
#11356=CARTESIAN_POINT('Origin',(0.,0.,12.));
#11357=CARTESIAN_POINT('',(-69.316960343799,92.2622295889587,0.));
#11358=CARTESIAN_POINT('Origin',(0.,0.,0.));
#11359=CARTESIAN_POINT('',(-69.316960343799,92.2622295889587,12.));
#11360=CARTESIAN_POINT('Origin',(0.,0.,12.));
#11361=CARTESIAN_POINT('',(-69.316960343799,92.2622295889587,12.));
#11362=CARTESIAN_POINT('Origin',(-67.8753597820562,90.3434310533131,12.));
#11363=CARTESIAN_POINT('Origin',(-67.8753597820562,90.3434310533131,0.));
#11364=CARTESIAN_POINT('Origin',(-67.8753597820562,90.3434310533131,12.));
#11365=CARTESIAN_POINT('Origin',(13.4678650903303,111.993109653744,12.));
#11366=CARTESIAN_POINT('',(13.5275137778732,112.314945171934,0.));
#11367=CARTESIAN_POINT('',(13.4678650903303,111.993109653744,0.));
#11368=CARTESIAN_POINT('',(3.21054736292139,56.649575671217,-1.11022302462516E-15));
#11369=CARTESIAN_POINT('',(13.5275137778732,112.314945171934,12.));
#11370=CARTESIAN_POINT('',(13.5275137778732,112.314945171934,12.));
#11371=CARTESIAN_POINT('',(13.4678650903303,111.993109653744,12.));
#11372=CARTESIAN_POINT('',(3.21054736292139,56.649575671217,12.));
#11373=CARTESIAN_POINT('',(13.4678650903303,111.993109653744,12.));
#11374=CARTESIAN_POINT('Origin',(0.,0.,12.));
#11375=CARTESIAN_POINT('',(11.5026056603345,112.211987162919,0.));
#11376=CARTESIAN_POINT('Origin',(0.,0.,0.));
#11377=CARTESIAN_POINT('',(11.5026056603345,112.211987162919,12.));
#11378=CARTESIAN_POINT('Origin',(0.,0.,12.));
#11379=CARTESIAN_POINT('',(11.5026056603345,112.211987162919,12.));
#11380=CARTESIAN_POINT('Origin',(11.2578693696891,109.824498074346,12.));
#11381=CARTESIAN_POINT('',(8.89078392604901,110.220612328832,0.));
#11382=CARTESIAN_POINT('Origin',(11.2578693696891,109.824498074346,0.));
#11383=CARTESIAN_POINT('',(8.89078392604901,110.220612328832,12.));
#11384=CARTESIAN_POINT('Origin',(11.2578693696891,109.824498074346,12.));
#11385=CARTESIAN_POINT('',(8.89078392604901,110.220612328832,12.));
#11386=CARTESIAN_POINT('Origin',(7.50133795307897,101.917610597143,12.));
#11387=CARTESIAN_POINT('',(7.50133795307897,101.917610597143,0.));
#11388=CARTESIAN_POINT('',(-0.896115038162076,51.736410259419,0.));
#11389=CARTESIAN_POINT('',(7.50133795307897,101.917610597143,12.));
#11390=CARTESIAN_POINT('',(-0.896115038162076,51.736410259419,12.));
#11391=CARTESIAN_POINT('',(7.50133795307897,101.917610597143,12.));
#11392=CARTESIAN_POINT('Origin',(9.86842339672864,101.521496342824,12.));
#11393=CARTESIAN_POINT('',(9.63622519915855,99.1327552524043,0.));
#11394=CARTESIAN_POINT('Origin',(9.86842339672864,101.521496342824,0.));
#11395=CARTESIAN_POINT('',(9.63622519915855,99.1327552524043,12.));
#11396=CARTESIAN_POINT('Origin',(9.86842339672864,101.521496342824,12.));
#11397=CARTESIAN_POINT('',(9.63622519915855,99.1327552524043,12.));
#11398=CARTESIAN_POINT('Origin',(0.,0.,12.));
#11399=CARTESIAN_POINT('',(63.2809169457584,76.9134939430397,0.));
#11400=CARTESIAN_POINT('Origin',(0.,0.,0.));
#11401=CARTESIAN_POINT('',(63.2809169457584,76.9134939430397,12.));
#11402=CARTESIAN_POINT('Origin',(0.,0.,12.));
#11403=CARTESIAN_POINT('',(63.2809169457584,76.9134939430397,12.));
#11404=CARTESIAN_POINT('Origin',(64.8078710538411,78.7693990280393,12.));
#11405=CARTESIAN_POINT('',(66.7644554821757,77.3737809185562,0.));
#11406=CARTESIAN_POINT('Origin',(64.8078710538411,78.7693990280393,0.));
#11407=CARTESIAN_POINT('',(66.7644554821757,77.3737809185562,12.));
#11408=CARTESIAN_POINT('Origin',(64.8078710538411,78.7693990280393,12.));
#11409=CARTESIAN_POINT('',(66.7644554821757,77.3737809185562,12.));
#11410=CARTESIAN_POINT('Origin',(71.6510087998647,84.2244760081971,12.));
#11411=CARTESIAN_POINT('',(71.6510087998647,84.2244760081971,0.));
#11412=CARTESIAN_POINT('',(39.6611266285509,39.3763152573689,0.));
#11413=CARTESIAN_POINT('',(71.6510087998647,84.2244760081971,12.));
#11414=CARTESIAN_POINT('',(39.6611266285509,39.3763152573689,12.));
#11415=CARTESIAN_POINT('',(71.6510087998647,84.2244760081971,12.));
#11416=CARTESIAN_POINT('Origin',(69.6971315557594,85.6181631017986,12.));
#11417=CARTESIAN_POINT('',(71.2122865895803,87.4794275170551,0.));
#11418=CARTESIAN_POINT('Origin',(69.6971315557594,85.6181631017986,0.));
#11419=CARTESIAN_POINT('',(71.2122865895803,87.4794275170551,12.));
#11420=CARTESIAN_POINT('Origin',(69.6971315557594,85.6181631017986,12.));
#11421=CARTESIAN_POINT('',(71.2122865895803,87.4794275170551,12.));
#11422=CARTESIAN_POINT('Origin',(0.,0.,12.));
#11423=CARTESIAN_POINT('',(69.6678685487296,88.7143060157022,0.));
#11424=CARTESIAN_POINT('Origin',(0.,0.,0.));
#11425=CARTESIAN_POINT('',(69.6678685487296,88.7143060157022,12.));
#11426=CARTESIAN_POINT('Origin',(0.,0.,12.));
#11427=CARTESIAN_POINT('',(69.6678685487296,88.7143060157022,12.));
#11428=CARTESIAN_POINT('Origin',(69.8532626346181,88.9840560844916,12.));
#11429=CARTESIAN_POINT('',(69.8532626346181,88.9840560844916,0.));
#11430=CARTESIAN_POINT('',(37.8797963396816,42.4623739544533,0.));
#11431=CARTESIAN_POINT('',(69.8532626346181,88.9840560844916,12.));
#11432=CARTESIAN_POINT('',(37.8797963396816,42.4623739544533,12.));
#11433=CARTESIAN_POINT('',(69.8532626346181,88.9840560844916,12.));
#11434=CARTESIAN_POINT('Origin',(67.8753597820561,90.3434310533132,12.));
#11435=CARTESIAN_POINT('',(69.3169603437989,92.2622295889587,0.));
#11436=CARTESIAN_POINT('Origin',(67.8753597820561,90.3434310533132,0.));
#11437=CARTESIAN_POINT('',(69.3169603437989,92.2622295889587,12.));
#11438=CARTESIAN_POINT('Origin',(67.8753597820561,90.3434310533132,12.));
#11439=CARTESIAN_POINT('',(69.3169603437989,92.2622295889587,12.));
#11440=CARTESIAN_POINT('Origin',(0.,0.,12.));
#11441=CARTESIAN_POINT('',(16.2247554794036,114.253740900082,0.));
#11442=CARTESIAN_POINT('Origin',(0.,0.,0.));
#11443=CARTESIAN_POINT('',(16.2247554794036,114.253740900082,12.));
#11444=CARTESIAN_POINT('Origin',(0.,0.,12.));
#11445=CARTESIAN_POINT('',(16.2247554794036,114.253740900082,12.));
#11446=CARTESIAN_POINT('Origin',(15.8873255560884,111.877579910826,12.));
#11447=CARTESIAN_POINT('Origin',(15.8873255560884,111.877579910826,0.));
#11448=CARTESIAN_POINT('Origin',(15.8873255560884,111.877579910826,12.));
#11449=CARTESIAN_POINT('Origin',(32.833677275516,-54.6444154197596,14.));
#11450=CARTESIAN_POINT('',(30.733677275516,-54.6444154197596,14.));
#11451=CARTESIAN_POINT('Origin',(32.833677275516,-54.6444154197596,14.));
#11452=CARTESIAN_POINT('',(30.733677275516,-54.6444154197596,6.));
#11453=CARTESIAN_POINT('',(30.733677275516,-54.6444154197596,14.));
#11454=CARTESIAN_POINT('Origin',(32.833677275516,-54.6444154197596,6.));
#11455=CARTESIAN_POINT('Origin',(32.833677275516,-54.6444154197596,6.));
#11456=CARTESIAN_POINT('Origin',(-7.62612749042008,-87.1670360830277,14.));
#11457=CARTESIAN_POINT('',(-9.72612749042008,-87.1670360830277,14.));
#11458=CARTESIAN_POINT('Origin',(-7.62612749042008,-87.1670360830277,14.));
#11459=CARTESIAN_POINT('',(-9.72612749042008,-87.1670360830277,6.));
#11460=CARTESIAN_POINT('',(-9.72612749042008,-87.1670360830277,14.));
#11461=CARTESIAN_POINT('Origin',(-7.62612749042008,-87.1670360830277,6.));
#11462=CARTESIAN_POINT('Origin',(-7.62612749042008,-87.1670360830277,6.));
#11463=CARTESIAN_POINT('Origin',(-45.0658315546298,75.0021388114348,14.));
#11464=CARTESIAN_POINT('',(-47.1658315546298,75.0021388114348,14.));
#11465=CARTESIAN_POINT('Origin',(-45.0658315546298,75.0021388114348,14.));
#11466=CARTESIAN_POINT('',(-47.1658315546298,75.0021388114348,6.));
#11467=CARTESIAN_POINT('',(-47.1658315546298,75.0021388114348,14.));
#11468=CARTESIAN_POINT('Origin',(-45.0658315546298,75.0021388114348,6.));
#11469=CARTESIAN_POINT('Origin',(-45.0658315546298,75.0021388114348,6.));
#11470=CARTESIAN_POINT('Origin',(-85.2573806687081,-19.6832172550882,14.));
#11471=CARTESIAN_POINT('',(-87.3573806687081,-19.6832172550882,14.));
#11472=CARTESIAN_POINT('Origin',(-85.2573806687081,-19.6832172550882,14.));
#11473=CARTESIAN_POINT('',(-87.3573806687081,-19.6832172550882,6.));
#11474=CARTESIAN_POINT('',(-87.3573806687081,-19.6832172550882,14.));
#11475=CARTESIAN_POINT('Origin',(-85.2573806687081,-19.6832172550882,6.));
#11476=CARTESIAN_POINT('Origin',(-85.2573806687081,-19.6832172550882,6.));
#11477=CARTESIAN_POINT('Origin',(62.1160916300587,14.3406297144214,14.));
#11478=CARTESIAN_POINT('',(60.0160916300587,14.3406297144214,14.));
#11479=CARTESIAN_POINT('Origin',(62.1160916300587,14.3406297144214,14.));
#11480=CARTESIAN_POINT('',(60.0160916300587,14.3406297144214,6.));
#11481=CARTESIAN_POINT('',(60.0160916300587,14.3406297144214,14.));
#11482=CARTESIAN_POINT('Origin',(62.1160916300587,14.3406297144214,6.));
#11483=CARTESIAN_POINT('Origin',(62.1160916300587,14.3406297144214,6.));
#11484=CARTESIAN_POINT('Origin',(-41.8237630981448,-48.1127357392017,14.));
#11485=CARTESIAN_POINT('',(-43.9237630981448,-48.1127357392017,14.));
#11486=CARTESIAN_POINT('Origin',(-41.8237630981448,-48.1127357392017,14.));
#11487=CARTESIAN_POINT('',(-43.9237630981448,-48.1127357392017,6.));
#11488=CARTESIAN_POINT('',(-43.9237630981448,-48.1127357392017,14.));
#11489=CARTESIAN_POINT('Origin',(-41.8237630981448,-48.1127357392017,6.));
#11490=CARTESIAN_POINT('Origin',(-41.8237630981448,-48.1127357392017,6.));
#11491=CARTESIAN_POINT('Origin',(80.5441746770886,-34.1889737428114,14.));
#11492=CARTESIAN_POINT('',(78.4441746770886,-34.1889737428114,14.));
#11493=CARTESIAN_POINT('Origin',(80.5441746770886,-34.1889737428114,14.));
#11494=CARTESIAN_POINT('',(78.4441746770886,-34.1889737428114,6.));
#11495=CARTESIAN_POINT('',(78.4441746770886,-34.1889737428114,14.));
#11496=CARTESIAN_POINT('Origin',(80.5441746770886,-34.1889737428114,6.));
#11497=CARTESIAN_POINT('Origin',(80.5441746770886,-34.1889737428114,6.));
#11498=CARTESIAN_POINT('Origin',(57.4051650366694,66.0370882694926,14.));
#11499=CARTESIAN_POINT('',(55.3051650366694,66.0370882694926,14.));
#11500=CARTESIAN_POINT('Origin',(57.4051650366694,66.0370882694926,14.));
#11501=CARTESIAN_POINT('',(55.3051650366694,66.0370882694926,6.));
#11502=CARTESIAN_POINT('',(55.3051650366694,66.0370882694926,14.));
#11503=CARTESIAN_POINT('Origin',(57.4051650366694,66.0370882694926,6.));
#11504=CARTESIAN_POINT('Origin',(57.4051650366694,66.0370882694926,6.));
#11505=CARTESIAN_POINT('Origin',(-58.6821844075931,24.9091094411912,14.));
#11506=CARTESIAN_POINT('',(-60.7821844075931,24.9091094411912,14.));
#11507=CARTESIAN_POINT('Origin',(-58.6821844075931,24.9091094411912,14.));
#11508=CARTESIAN_POINT('',(-60.7821844075931,24.9091094411912,6.));
#11509=CARTESIAN_POINT('',(-60.7821844075931,24.9091094411912,14.));
#11510=CARTESIAN_POINT('Origin',(-58.6821844075931,24.9091094411912,6.));
#11511=CARTESIAN_POINT('Origin',(-58.6821844075931,24.9091094411912,6.));
#11512=CARTESIAN_POINT('Origin',(5.55617860016317,63.5074120033488,14.));
#11513=CARTESIAN_POINT('',(3.45617860016317,63.5074120033488,14.));
#11514=CARTESIAN_POINT('Origin',(5.55617860016317,63.5074120033488,14.));
#11515=CARTESIAN_POINT('',(3.45617860016317,63.5074120033488,6.));
#11516=CARTESIAN_POINT('',(3.45617860016317,63.5074120033488,14.));
#11517=CARTESIAN_POINT('Origin',(5.55617860016317,63.5074120033488,6.));
#11518=CARTESIAN_POINT('Origin',(5.55617860016317,63.5074120033488,6.));
#11519=CARTESIAN_POINT('Origin',(107.5,-1.97474296362511E-14,12.));
#11520=CARTESIAN_POINT('',(105.35,-1.94841305744344E-14,12.));
#11521=CARTESIAN_POINT('Origin',(107.5,-1.97474296362511E-14,12.));
#11522=CARTESIAN_POINT('',(105.35,-2.00107286980678E-14,0.));
#11523=CARTESIAN_POINT('',(105.35,-1.94841305744344E-14,12.));
#11524=CARTESIAN_POINT('Origin',(107.5,-1.97474296362511E-14,0.));
#11525=CARTESIAN_POINT('Origin',(-107.5,6.58247654541702E-15,12.));
#11526=CARTESIAN_POINT('',(-109.65,6.8457756072337E-15,12.));
#11527=CARTESIAN_POINT('Origin',(-107.5,6.58247654541702E-15,12.));
#11528=CARTESIAN_POINT('',(-109.65,6.31917748360034E-15,0.));
#11529=CARTESIAN_POINT('',(-109.65,6.8457756072337E-15,12.));
#11530=CARTESIAN_POINT('Origin',(-107.5,6.58247654541702E-15,0.));
#11531=CARTESIAN_POINT('Origin',(-76.0139789775539,-76.0139789775538,12.));
#11532=CARTESIAN_POINT('',(-78.1639789775539,-76.0139789775538,12.));
#11533=CARTESIAN_POINT('Origin',(-76.0139789775539,-76.0139789775538,12.));
#11534=CARTESIAN_POINT('',(-78.1639789775539,-76.0139789775538,0.));
#11535=CARTESIAN_POINT('',(-78.1639789775539,-76.0139789775538,12.));
#11536=CARTESIAN_POINT('Origin',(-76.0139789775539,-76.0139789775538,0.));
#11537=CARTESIAN_POINT('Origin',(76.0139789775539,76.0139789775538,12.));
#11538=CARTESIAN_POINT('',(73.8639789775539,76.0139789775538,12.));
#11539=CARTESIAN_POINT('Origin',(76.0139789775539,76.0139789775538,12.));
#11540=CARTESIAN_POINT('',(73.8639789775539,76.0139789775538,0.));
#11541=CARTESIAN_POINT('',(73.8639789775539,76.0139789775538,12.));
#11542=CARTESIAN_POINT('Origin',(76.0139789775539,76.0139789775538,0.));
#11543=CARTESIAN_POINT('Origin',(76.0139789775538,-76.0139789775539,12.));
#11544=CARTESIAN_POINT('',(73.8639789775539,-76.0139789775539,12.));
#11545=CARTESIAN_POINT('Origin',(76.0139789775538,-76.0139789775539,12.));
#11546=CARTESIAN_POINT('',(73.8639789775539,-76.0139789775539,0.));
#11547=CARTESIAN_POINT('',(73.8639789775539,-76.0139789775539,12.));
#11548=CARTESIAN_POINT('Origin',(76.0139789775538,-76.0139789775539,0.));
#11549=CARTESIAN_POINT('Origin',(-76.0139789775539,76.0139789775539,12.));
#11550=CARTESIAN_POINT('',(-78.1639789775539,76.0139789775539,12.));
#11551=CARTESIAN_POINT('Origin',(-76.0139789775539,76.0139789775539,12.));
#11552=CARTESIAN_POINT('',(-78.1639789775539,76.0139789775539,0.));
#11553=CARTESIAN_POINT('',(-78.1639789775539,76.0139789775539,12.));
#11554=CARTESIAN_POINT('Origin',(-76.0139789775539,76.0139789775539,0.));
#11555=CARTESIAN_POINT('Origin',(-1.3164953090834E-14,-107.5,12.));
#11556=CARTESIAN_POINT('',(-2.15000000000001,-107.5,12.));
#11557=CARTESIAN_POINT('Origin',(-1.3164953090834E-14,-107.5,12.));
#11558=CARTESIAN_POINT('',(-2.15000000000001,-107.5,0.));
#11559=CARTESIAN_POINT('',(-2.15000000000001,-107.5,12.));
#11560=CARTESIAN_POINT('Origin',(-1.3164953090834E-14,-107.5,0.));
#11561=CARTESIAN_POINT('Origin',(0.,107.5,12.));
#11562=CARTESIAN_POINT('',(-2.15,107.5,12.));
#11563=CARTESIAN_POINT('Origin',(0.,107.5,12.));
#11564=CARTESIAN_POINT('',(-2.15,107.5,0.));
#11565=CARTESIAN_POINT('',(-2.15,107.5,12.));
#11566=CARTESIAN_POINT('Origin',(0.,107.5,0.));
#11567=CARTESIAN_POINT('Origin',(-53.8683168014148,49.982493635096,14.));
#11568=CARTESIAN_POINT('',(-54.017776989085,51.9769012294211,2.));
#11569=CARTESIAN_POINT('Origin',(-53.8683168014148,49.982493635096,2.));
#11570=CARTESIAN_POINT('',(-54.017776989085,51.9769012294211,0.));
#11571=CARTESIAN_POINT('',(-54.017776989085,51.9769012294211,14.));
#11572=CARTESIAN_POINT('Origin',(-53.8683168014148,49.982493635096,0.));
#11573=CARTESIAN_POINT('Origin',(-66.2076972578093,-31.8839465690538,14.));
#11574=CARTESIAN_POINT('',(-67.4546768614878,-33.4476095340209,2.));
#11575=CARTESIAN_POINT('Origin',(-66.2076972578093,-31.8839465690538,2.));
#11576=CARTESIAN_POINT('',(-67.4546768614878,-33.4476095340209,0.));
#11577=CARTESIAN_POINT('',(-67.4546768614878,-33.4476095340209,14.));
#11578=CARTESIAN_POINT('Origin',(-66.2076972578093,-31.8839465690538,0.));
#11579=CARTESIAN_POINT('Origin',(5.49154092719842,-73.279521035859,14.));
#11580=CARTESIAN_POINT('',(7.46920257950003,-72.9814365025205,2.));
#11581=CARTESIAN_POINT('Origin',(5.49154092719842,-73.279521035859,2.));
#11582=CARTESIAN_POINT('',(7.46920257950003,-72.9814365025205,0.));
#11583=CARTESIAN_POINT('',(7.46920257950003,-72.9814365025205,14.));
#11584=CARTESIAN_POINT('Origin',(5.49154092719842,-73.279521035859,0.));
#11585=CARTESIAN_POINT('Origin',(70.2202676331946,-21.6600839915853,14.));
#11586=CARTESIAN_POINT('',(68.5677900848435,-20.533443875046,2.));
#11587=CARTESIAN_POINT('Origin',(70.2202676331946,-21.6600839915853,2.));
#11588=CARTESIAN_POINT('',(68.5677900848435,-20.533443875046,0.));
#11589=CARTESIAN_POINT('',(68.5677900848435,-20.533443875046,14.));
#11590=CARTESIAN_POINT('Origin',(70.2202676331946,-21.6600839915853,0.));
#11591=CARTESIAN_POINT('Origin',(45.817148089589,57.4528864891632,14.));
#11592=CARTESIAN_POINT('',(46.2621899589601,55.5030306651324,2.));
#11593=CARTESIAN_POINT('Origin',(45.817148089589,57.4528864891632,2.));
#11594=CARTESIAN_POINT('',(46.2621899589601,55.5030306651324,0.));
#11595=CARTESIAN_POINT('',(46.2621899589601,55.5030306651324,14.));
#11596=CARTESIAN_POINT('Origin',(45.817148089589,57.4528864891632,0.));
#11597=CARTESIAN_POINT('Origin',(26.8470851755645,68.4052574191194,14.));
#11598=CARTESIAN_POINT('',(28.3131889182066,67.0449119424809,2.));
#11599=CARTESIAN_POINT('Origin',(26.8470851755645,68.4052574191194,2.));
#11600=CARTESIAN_POINT('',(28.3131889182066,67.0449119424809,0.));
#11601=CARTESIAN_POINT('',(28.3131889182066,67.0449119424809,14.));
#11602=CARTESIAN_POINT('Origin',(26.8470851755645,68.4052574191194,0.));
#11603=CARTESIAN_POINT('Origin',(73.485,2.66366789736239E-14,14.));
#11604=CARTESIAN_POINT('',(71.485,2.63681301845642E-14,2.));
#11605=CARTESIAN_POINT('Origin',(73.485,2.66366789736239E-14,2.));
#11606=CARTESIAN_POINT('',(71.485,2.58782714649053E-14,0.));
#11607=CARTESIAN_POINT('',(71.485,2.63681301845642E-14,14.));
#11608=CARTESIAN_POINT('Origin',(73.485,2.66366789736239E-14,0.));
#11609=CARTESIAN_POINT('Origin',(26.8470851755645,-68.4052574191194,14.));
#11610=CARTESIAN_POINT('',(28.3131889182067,-67.0449119424808,2.));
#11611=CARTESIAN_POINT('Origin',(26.8470851755645,-68.4052574191194,2.));
#11612=CARTESIAN_POINT('',(28.3131889182067,-67.0449119424808,0.));
#11613=CARTESIAN_POINT('',(28.3131889182067,-67.0449119424808,14.));
#11614=CARTESIAN_POINT('Origin',(26.8470851755645,-68.4052574191194,0.));
#11615=CARTESIAN_POINT('Origin',(-53.8683168014148,-49.982493635096,14.));
#11616=CARTESIAN_POINT('',(-54.0177769887369,-51.9769012294474,2.));
#11617=CARTESIAN_POINT('Origin',(-53.8683168014148,-49.982493635096,2.));
#11618=CARTESIAN_POINT('',(-54.0177769887369,-51.9769012294474,0.));
#11619=CARTESIAN_POINT('',(-54.0177769887369,-51.9769012294474,14.));
#11620=CARTESIAN_POINT('Origin',(-53.8683168014148,-49.982493635096,0.));
#11621=CARTESIAN_POINT('Origin',(-66.2076972578093,31.8839465690537,14.));
#11622=CARTESIAN_POINT('',(-67.4546768623067,33.4476095333682,2.));
#11623=CARTESIAN_POINT('Origin',(-66.2076972578093,31.8839465690537,2.));
#11624=CARTESIAN_POINT('',(-67.4546768623067,33.4476095333682,0.));
#11625=CARTESIAN_POINT('',(-67.4546768623066,33.4476095333682,14.));
#11626=CARTESIAN_POINT('Origin',(-66.2076972578093,31.8839465690537,0.));
#11627=CARTESIAN_POINT('Origin',(-36.7425000000001,63.6398767970995,14.));
#11628=CARTESIAN_POINT('',(-35.7425,65.3719276046684,2.));
#11629=CARTESIAN_POINT('Origin',(-36.7425000000001,63.6398767970995,2.));
#11630=CARTESIAN_POINT('',(-35.7425,65.3719276046684,0.));
#11631=CARTESIAN_POINT('',(-35.7425,65.3719276046684,14.));
#11632=CARTESIAN_POINT('Origin',(-36.7425000000001,63.6398767970995,0.));
#11633=CARTESIAN_POINT('Origin',(-72.6642332651536,-10.9523709299562,14.));
#11634=CARTESIAN_POINT('',(-74.5753788767553,-11.5418812786827,2.));
#11635=CARTESIAN_POINT('Origin',(-72.6642332651536,-10.9523709299562,2.));
#11636=CARTESIAN_POINT('',(-74.5753788767553,-11.5418812786827,0.));
#11637=CARTESIAN_POINT('',(-74.5753788767553,-11.5418812786827,14.));
#11638=CARTESIAN_POINT('Origin',(-72.6642332651536,-10.9523709299562,0.));
#11639=CARTESIAN_POINT('Origin',(-16.3519508317798,-71.6425776266813,14.));
#11640=CARTESIAN_POINT('',(-14.5500130957585,-72.5103451044672,2.));
#11641=CARTESIAN_POINT('Origin',(-16.3519508317798,-71.6425776266813,2.));
#11642=CARTESIAN_POINT('',(-14.5500130957585,-72.5103451044672,0.));
#11643=CARTESIAN_POINT('',(-14.5500130957585,-72.5103451044672,14.));
#11644=CARTESIAN_POINT('Origin',(-16.3519508317798,-71.6425776266813,0.));
#11645=CARTESIAN_POINT('Origin',(60.7161563306109,-41.3955744668053,14.));
#11646=CARTESIAN_POINT('',(59.9854742828065,-39.5338269691524,2.));
#11647=CARTESIAN_POINT('Origin',(60.7161563306109,-41.3955744668053,2.));
#11648=CARTESIAN_POINT('',(59.9854742828065,-39.5338269691524,0.));
#11649=CARTESIAN_POINT('',(59.9854742828065,-39.5338269691524,14.));
#11650=CARTESIAN_POINT('Origin',(60.7161563306109,-41.3955744668053,0.));
#11651=CARTESIAN_POINT('Origin',(60.7161563306109,41.3955744668053,14.));
#11652=CARTESIAN_POINT('',(59.9854742818316,39.533826969535,2.));
#11653=CARTESIAN_POINT('Origin',(60.7161563306109,41.3955744668053,2.));
#11654=CARTESIAN_POINT('',(59.9854742818316,39.533826969535,0.));
#11655=CARTESIAN_POINT('',(59.9854742818316,39.533826969535,14.));
#11656=CARTESIAN_POINT('Origin',(60.7161563306109,41.3955744668053,0.));
#11657=CARTESIAN_POINT('Origin',(5.49154092719834,73.279521035859,14.));
#11658=CARTESIAN_POINT('',(7.46920257949996,72.9814365025205,2.));
#11659=CARTESIAN_POINT('Origin',(5.49154092719834,73.279521035859,2.));
#11660=CARTESIAN_POINT('',(7.46920257949996,72.9814365025205,0.));
#11661=CARTESIAN_POINT('',(7.46920257949996,72.9814365025205,14.));
#11662=CARTESIAN_POINT('Origin',(5.49154092719834,73.279521035859,0.));
#11663=CARTESIAN_POINT('Origin',(70.2202676331946,21.6600839915853,14.));
#11664=CARTESIAN_POINT('',(68.5677900846468,20.5334438753345,2.));
#11665=CARTESIAN_POINT('Origin',(70.2202676331946,21.6600839915853,2.));
#11666=CARTESIAN_POINT('',(68.5677900846468,20.5334438753345,0.));
#11667=CARTESIAN_POINT('',(68.5677900846468,20.5334438753345,14.));
#11668=CARTESIAN_POINT('Origin',(70.2202676331946,21.6600839915853,0.));
#11669=CARTESIAN_POINT('Origin',(45.8171480895891,-57.4528864891632,14.));
#11670=CARTESIAN_POINT('',(46.2621899589602,-55.5030306651322,2.));
#11671=CARTESIAN_POINT('Origin',(45.8171480895891,-57.4528864891632,2.));
#11672=CARTESIAN_POINT('',(46.2621899589602,-55.5030306651322,0.));
#11673=CARTESIAN_POINT('',(46.2621899589602,-55.5030306651322,14.));
#11674=CARTESIAN_POINT('Origin',(45.8171480895891,-57.4528864891632,0.));
#11675=CARTESIAN_POINT('Origin',(-36.7425,-63.6398767970995,14.));
#11676=CARTESIAN_POINT('',(-35.7425,-65.3719276046684,2.));
#11677=CARTESIAN_POINT('Origin',(-36.7425,-63.6398767970995,2.));
#11678=CARTESIAN_POINT('',(-35.7425,-65.3719276046684,0.));
#11679=CARTESIAN_POINT('',(-35.7425,-65.3719276046684,14.));
#11680=CARTESIAN_POINT('Origin',(-36.7425,-63.6398767970995,0.));
#11681=CARTESIAN_POINT('Origin',(-72.6642332651536,10.9523709299562,14.));
#11682=CARTESIAN_POINT('',(-74.5753788771669,11.5418812773485,2.));
#11683=CARTESIAN_POINT('Origin',(-72.6642332651536,10.9523709299562,2.));
#11684=CARTESIAN_POINT('',(-74.5753788771669,11.5418812773485,0.));
#11685=CARTESIAN_POINT('',(-74.5753788771669,11.5418812773485,14.));
#11686=CARTESIAN_POINT('Origin',(-72.6642332651536,10.9523709299562,0.));
#11687=CARTESIAN_POINT('Origin',(-16.3519508317798,71.6425776266813,14.));
#11688=CARTESIAN_POINT('',(-14.5500130957586,72.5103451044672,2.));
#11689=CARTESIAN_POINT('Origin',(-16.3519508317798,71.6425776266813,2.));
#11690=CARTESIAN_POINT('',(-14.5500130957586,72.5103451044672,0.));
#11691=CARTESIAN_POINT('',(-14.5500130957586,72.5103451044672,14.));
#11692=CARTESIAN_POINT('Origin',(-16.3519508317798,71.6425776266813,0.));
#11693=CARTESIAN_POINT('Origin',(58.4145078769562,35.5310698504038,14.));
#11694=CARTESIAN_POINT('',(59.1585003002095,35.6258077738653,12.));
#11695=CARTESIAN_POINT('',(59.1585003002095,35.6258077738653,14.));
#11696=CARTESIAN_POINT('',(59.1585003002095,35.6258077738653,14.));
#11697=CARTESIAN_POINT('',(57.9335609912634,36.1065610259595,12.));
#11698=CARTESIAN_POINT('Origin',(58.4145078769562,35.5310698504038,12.));
#11699=CARTESIAN_POINT('',(57.9335609912634,36.1065610259595,14.));
#11700=CARTESIAN_POINT('',(57.9335609912634,36.1065610259595,14.));
#11701=CARTESIAN_POINT('Origin',(58.4145078769562,35.5310698504038,14.));
#11702=CARTESIAN_POINT('Origin',(58.4145078769562,35.5310698504038,12.));
#11703=CARTESIAN_POINT('',(59.92999689266,35.3230176739057,12.));
#11704=CARTESIAN_POINT('Origin',(-10.675846963313,74.3760451817067,14.));
#11705=CARTESIAN_POINT('',(-11.2856701544796,74.8126407331218,12.));
#11706=CARTESIAN_POINT('',(-11.2856701544796,74.8126407331218,14.));
#11707=CARTESIAN_POINT('',(-11.2856701544796,74.8126407331218,14.));
#11708=CARTESIAN_POINT('',(-10.714721357114,73.6270533382888,12.));
#11709=CARTESIAN_POINT('Origin',(-10.675846963313,74.3760451817067,12.));
#11710=CARTESIAN_POINT('',(-10.714721357114,73.6270533382888,14.));
#11711=CARTESIAN_POINT('',(-10.714721357114,73.6270533382888,14.));
#11712=CARTESIAN_POINT('Origin',(-10.675846963313,74.3760451817067,14.));
#11713=CARTESIAN_POINT('Origin',(-10.675846963313,74.3760451817067,12.));
#11714=CARTESIAN_POINT('',(-11.6452676042588,75.5593525322174,12.));
#11715=CARTESIAN_POINT('Origin',(-78.6843419429954,12.8093285242419,14.));
#11716=CARTESIAN_POINT('',(-78.5342703019972,12.0744962287022,12.));
#11717=CARTESIAN_POINT('',(-78.5342703019972,12.0744962287022,14.));
#11718=CARTESIAN_POINT('',(-78.5342703019972,12.0744962287022,14.));
#11719=CARTESIAN_POINT('',(-78.1464011636689,13.3319370947204,12.));
#11720=CARTESIAN_POINT('Origin',(-78.6843419429954,12.8093285242419,12.));
#11721=CARTESIAN_POINT('',(-78.1464011636689,13.3319370947204,14.));
#11722=CARTESIAN_POINT('',(-78.1464011636689,13.3319370947204,14.));
#11723=CARTESIAN_POINT('Origin',(-78.6843419429954,12.8093285242419,14.));
#11724=CARTESIAN_POINT('Origin',(-78.6843419429954,12.8093285242419,12.));
#11725=CARTESIAN_POINT('',(-78.7785597262582,11.2825293645023,12.));
#11726=CARTESIAN_POINT('Origin',(-33.5925,-69.0958368409415,14.));
#11727=CARTESIAN_POINT('',(-33.2026974026033,-68.4550920125872,12.));
#11728=CARTESIAN_POINT('',(-33.2026974026033,-68.4550920125872,14.));
#11729=CARTESIAN_POINT('',(-33.2026974026033,-68.4550920125872,14.));
#11730=CARTESIAN_POINT('',(-34.3423025973967,-69.113043378571,12.));
#11731=CARTESIAN_POINT('Origin',(-33.5925,-69.0958368409415,12.));
#11732=CARTESIAN_POINT('',(-34.3423025973967,-69.113043378571,14.));
#11733=CARTESIAN_POINT('',(-34.3423025973967,-69.113043378571,14.));
#11734=CARTESIAN_POINT('Origin',(-33.5925,-69.0958368409415,14.));
#11735=CARTESIAN_POINT('Origin',(-33.5925,-69.0958368409415,12.));
#11736=CARTESIAN_POINT('',(-32.4849463123239,-68.0406982274032,12.));
#11737=CARTESIAN_POINT('Origin',(47.2190299781082,-51.3108406434656,14.));
#11738=CARTESIAN_POINT('',(46.4974672901751,-51.5154067388548,12.));
#11739=CARTESIAN_POINT('',(46.4974672901751,-51.5154067388548,14.));
#11740=CARTESIAN_POINT('',(46.4974672901751,-51.5154067388548,14.));
#11741=CARTESIAN_POINT('',(47.7803775930678,-51.8082226447276,12.));
#11742=CARTESIAN_POINT('Origin',(47.2190299781082,-51.3108406434656,12.));
#11743=CARTESIAN_POINT('',(47.7803775930678,-51.8082226447276,14.));
#11744=CARTESIAN_POINT('',(47.7803775930678,-51.8082226447276,14.));
#11745=CARTESIAN_POINT('Origin',(47.2190299781082,-51.3108406434656,14.));
#11746=CARTESIAN_POINT('Origin',(47.2190299781082,-51.3108406434656,12.));
#11747=CARTESIAN_POINT('',(45.6894591546919,-51.3309841540407,12.));
#11748=CARTESIAN_POINT('Origin',(58.414507880027,-35.5310698491989,14.));
#11749=CARTESIAN_POINT('',(57.9335609940329,-36.1065610245028,12.));
#11750=CARTESIAN_POINT('',(57.9335609940329,-36.1065610245028,14.));
#11751=CARTESIAN_POINT('',(57.9335609940329,-36.1065610245028,14.));
#11752=CARTESIAN_POINT('',(59.1585003032306,-35.62580777305,12.));
#11753=CARTESIAN_POINT('Origin',(58.414507880027,-35.5310698491989,12.));
#11754=CARTESIAN_POINT('',(59.1585003032306,-35.62580777305,14.));
#11755=CARTESIAN_POINT('',(59.1585003032306,-35.62580777305,14.));
#11756=CARTESIAN_POINT('Origin',(58.414507880027,-35.5310698491989,14.));
#11757=CARTESIAN_POINT('Origin',(58.414507880027,-35.5310698491989,12.));
#11758=CARTESIAN_POINT('',(57.1620644014238,-36.4093511240584,12.));
#11759=CARTESIAN_POINT('Origin',(-10.6758469633128,-74.3760451817068,14.));
#11760=CARTESIAN_POINT('',(-10.7147213571139,-73.6270533382888,12.));
#11761=CARTESIAN_POINT('',(-10.7147213571139,-73.6270533382888,14.));
#11762=CARTESIAN_POINT('',(-10.7147213571139,-73.6270533382888,14.));
#11763=CARTESIAN_POINT('',(-11.2856701544794,-74.8126407331218,12.));
#11764=CARTESIAN_POINT('Origin',(-10.6758469633128,-74.3760451817068,12.));
#11765=CARTESIAN_POINT('',(-11.2856701544794,-74.8126407331218,14.));
#11766=CARTESIAN_POINT('',(-11.2856701544794,-74.8126407331218,14.));
#11767=CARTESIAN_POINT('Origin',(-10.6758469633128,-74.3760451817068,14.));
#11768=CARTESIAN_POINT('Origin',(-10.6758469633128,-74.3760451817068,12.));
#11769=CARTESIAN_POINT('',(-10.3551239073347,-72.8803415391932,12.));
#11770=CARTESIAN_POINT('Origin',(-78.684341941699,-12.8093285284447,14.));
#11771=CARTESIAN_POINT('',(-78.1464011620075,-13.3319370985476,12.));
#11772=CARTESIAN_POINT('',(-78.1464011620075,-13.3319370985476,14.));
#11773=CARTESIAN_POINT('',(-78.1464011620075,-13.3319370985476,14.));
#11774=CARTESIAN_POINT('',(-78.5342703012138,-12.0744962328003,12.));
#11775=CARTESIAN_POINT('Origin',(-78.684341941699,-12.8093285284447,12.));
#11776=CARTESIAN_POINT('',(-78.5342703012138,-12.0744962328003,14.));
#11777=CARTESIAN_POINT('',(-78.5342703012138,-12.0744962328003,14.));
#11778=CARTESIAN_POINT('Origin',(-78.684341941699,-12.8093285284447,14.));
#11779=CARTESIAN_POINT('Origin',(-78.684341941699,-12.8093285284447,12.));
#11780=CARTESIAN_POINT('',(-77.9021117371936,-14.1239039625769,12.));
#11781=CARTESIAN_POINT('Origin',(-33.5925,69.0958368409415,14.));
#11782=CARTESIAN_POINT('',(-34.3423025973967,69.113043378571,12.));
#11783=CARTESIAN_POINT('',(-34.3423025973967,69.113043378571,14.));
#11784=CARTESIAN_POINT('',(-34.3423025973967,69.113043378571,14.));
#11785=CARTESIAN_POINT('',(-33.2026974026033,68.4550920125872,12.));
#11786=CARTESIAN_POINT('Origin',(-33.5925,69.0958368409415,12.));
#11787=CARTESIAN_POINT('',(-33.2026974026033,68.4550920125872,14.));
#11788=CARTESIAN_POINT('',(-33.2026974026033,68.4550920125872,14.));
#11789=CARTESIAN_POINT('Origin',(-33.5925,69.0958368409415,14.));
#11790=CARTESIAN_POINT('Origin',(-33.5925,69.0958368409415,12.));
#11791=CARTESIAN_POINT('',(-35.0600536876761,69.527437163755,12.));
#11792=CARTESIAN_POINT('Origin',(47.2190299781081,51.3108406434662,14.));
#11793=CARTESIAN_POINT('',(47.7803775930676,51.8082226447281,12.));
#11794=CARTESIAN_POINT('',(47.7803775930676,51.8082226447281,14.));
#11795=CARTESIAN_POINT('',(47.7803775930676,51.8082226447281,14.));
#11796=CARTESIAN_POINT('',(46.497467290175,51.5154067388553,12.));
#11797=CARTESIAN_POINT('Origin',(47.2190299781081,51.3108406434662,12.));
#11798=CARTESIAN_POINT('',(46.497467290175,51.5154067388553,14.));
#11799=CARTESIAN_POINT('',(46.497467290175,51.5154067388553,14.));
#11800=CARTESIAN_POINT('Origin',(47.2190299781081,51.3108406434662,14.));
#11801=CARTESIAN_POINT('Origin',(47.2190299781081,51.3108406434662,12.));
#11802=CARTESIAN_POINT('',(48.5883857285507,51.9926452295421,12.));
#11803=CARTESIAN_POINT('Origin',(65.0149633552692,18.1111676253952,14.));
#11804=CARTESIAN_POINT('',(65.6830465157375,17.770337916158,12.));
#11805=CARTESIAN_POINT('',(65.6830465157375,17.770337916158,14.));
#11806=CARTESIAN_POINT('',(65.6830465157375,17.770337916158,14.));
#11807=CARTESIAN_POINT('',(64.9417721122781,18.8575877764826,12.));
#11808=CARTESIAN_POINT('Origin',(65.0149633552692,18.1111676253952,12.));
#11809=CARTESIAN_POINT('',(64.9417721122781,18.8575877764826,14.));
#11810=CARTESIAN_POINT('',(64.9417721122781,18.8575877764826,14.));
#11811=CARTESIAN_POINT('Origin',(65.0149633552692,18.1111676253952,14.));
#11812=CARTESIAN_POINT('Origin',(65.0149633552692,18.1111676253952,12.));
#11813=CARTESIAN_POINT('',(66.1499191780508,17.0855614898839,12.));
#11814=CARTESIAN_POINT('Origin',(11.7211751319484,72.3405547558426,14.));
#11815=CARTESIAN_POINT('',(11.4632585974785,73.0448125646364,12.));
#11816=CARTESIAN_POINT('',(11.4632585974785,73.0448125646364,14.));
#11817=CARTESIAN_POINT('',(11.4632585974785,73.0448125646364,14.));
#11818=CARTESIAN_POINT('',(11.2671334715898,71.7436073790507,12.));
#11819=CARTESIAN_POINT('Origin',(11.7211751319484,72.3405547558426,12.));
#11820=CARTESIAN_POINT('',(11.2671334715898,71.7436073790507,14.));
#11821=CARTESIAN_POINT('',(11.2671334715898,71.7436073790507,14.));
#11822=CARTESIAN_POINT('Origin',(11.7211751319484,72.3405547558426,14.));
#11823=CARTESIAN_POINT('Origin',(11.7211751319484,72.3405547558426,12.));
#11824=CARTESIAN_POINT('',(11.5867829755535,73.8643432625469,12.));
#11825=CARTESIAN_POINT('Origin',(-70.135683011976,36.8094849066441,14.));
#11826=CARTESIAN_POINT('',(-70.4256337748209,36.117799606001,12.));
#11827=CARTESIAN_POINT('',(-70.4256337748209,36.117799606001,14.));
#11828=CARTESIAN_POINT('',(-70.4256337748209,36.117799606001,14.));
#11829=CARTESIAN_POINT('',(-69.3968195915119,36.9382515401341,12.));
#11830=CARTESIAN_POINT('Origin',(-70.135683011976,36.8094849066441,12.));
#11831=CARTESIAN_POINT('',(-69.3968195915119,36.9382515401341,14.));
#11832=CARTESIAN_POINT('',(-69.3968195915119,36.9382515401341,14.));
#11833=CARTESIAN_POINT('Origin',(-70.135683011976,36.8094849066441,14.));
#11834=CARTESIAN_POINT('Origin',(-70.135683011976,36.8094849066441,12.));
#11835=CARTESIAN_POINT('',(-71.0736059893551,35.6010590076462,12.));
#11836=CARTESIAN_POINT('Origin',(-54.3391163914793,-56.2648775573029,14.));
#11837=CARTESIAN_POINT('',(-53.6561019572453,-55.955052957524,12.));
#11838=CARTESIAN_POINT('',(-53.6561019572453,-55.955052957524,14.));
#11839=CARTESIAN_POINT('',(-53.6561019572453,-55.955052957524,14.));
#11840=CARTESIAN_POINT('',(-54.9683251582773,-55.8567154231153,12.));
#11841=CARTESIAN_POINT('Origin',(-54.3391163914793,-56.2648775573029,12.));
#11842=CARTESIAN_POINT('',(-54.9683251582773,-55.8567154231153,14.));
#11843=CARTESIAN_POINT('',(-54.9683251582773,-55.8567154231153,14.));
#11844=CARTESIAN_POINT('Origin',(-54.3391163914793,-56.2648775573029,14.));
#11845=CARTESIAN_POINT('Origin',(-54.3391163914793,-56.2648775573029,12.));
#11846=CARTESIAN_POINT('',(-52.8296318450224,-56.0169883302827,12.));
#11847=CARTESIAN_POINT('Origin',(31.4653119648873,-64.120169167708,14.));
#11848=CARTESIAN_POINT('',(30.7538927089296,-63.8827188734302,12.));
#11849=CARTESIAN_POINT('',(30.7538927089296,-63.8827188734302,14.));
#11850=CARTESIAN_POINT('',(30.7538927089296,-63.8827188734302,14.));
#11851=CARTESIAN_POINT('',(31.6489338734939,-64.8473438335757,12.));
#11852=CARTESIAN_POINT('Origin',(31.4653119648873,-64.120169167708,12.));
#11853=CARTESIAN_POINT('',(31.6489338734939,-64.8473438335757,14.));
#11854=CARTESIAN_POINT('',(31.6489338734939,-64.8473438335757,14.));
#11855=CARTESIAN_POINT('Origin',(31.4653119648873,-64.120169167708,14.));
#11856=CARTESIAN_POINT('Origin',(31.4653119648873,-64.120169167708,12.));
#11857=CARTESIAN_POINT('',(30.1901739977075,-63.2751745940444,12.));
#11858=CARTESIAN_POINT('Origin',(65.0149633558886,-18.1111676244866,14.));
#11859=CARTESIAN_POINT('',(64.9417721127672,-18.8575877755613,12.));
#11860=CARTESIAN_POINT('',(64.9417721127672,-18.8575877755613,14.));
#11861=CARTESIAN_POINT('',(64.9417721127672,-18.8575877755613,14.));
#11862=CARTESIAN_POINT('',(65.6830465164164,-17.770337915366,12.));
#11863=CARTESIAN_POINT('Origin',(65.0149633558886,-18.1111676244866,12.));
#11864=CARTESIAN_POINT('',(65.6830465164164,-17.770337915366,14.));
#11865=CARTESIAN_POINT('',(65.6830465164164,-17.770337915366,14.));
#11866=CARTESIAN_POINT('Origin',(65.0149633558886,-18.1111676244866,14.));
#11867=CARTESIAN_POINT('Origin',(65.0149633558886,-18.1111676244866,12.));
#11868=CARTESIAN_POINT('',(64.4748994503344,-19.542364201754,12.));
#11869=CARTESIAN_POINT('Origin',(11.7211751319485,-72.3405547558426,14.));
#11870=CARTESIAN_POINT('',(11.2671334715898,-71.7436073790507,12.));
#11871=CARTESIAN_POINT('',(11.2671334715898,-71.7436073790507,14.));
#11872=CARTESIAN_POINT('',(11.2671334715898,-71.7436073790507,14.));
#11873=CARTESIAN_POINT('',(11.4632585974786,-73.0448125646364,12.));
#11874=CARTESIAN_POINT('Origin',(11.7211751319485,-72.3405547558426,12.));
#11875=CARTESIAN_POINT('',(11.4632585974786,-73.0448125646364,14.));
#11876=CARTESIAN_POINT('',(11.4632585974786,-73.0448125646364,14.));
#11877=CARTESIAN_POINT('Origin',(11.7211751319485,-72.3405547558426,14.));
#11878=CARTESIAN_POINT('Origin',(11.7211751319485,-72.3405547558426,12.));
#11879=CARTESIAN_POINT('',(11.1436090935149,-70.9240766811403,12.));
#11880=CARTESIAN_POINT('Origin',(-70.1356830093966,-36.8094849087003,14.));
#11881=CARTESIAN_POINT('',(-69.3968195888652,-36.9382515418034,12.));
#11882=CARTESIAN_POINT('',(-69.3968195888652,-36.9382515418034,14.));
#11883=CARTESIAN_POINT('',(-69.3968195888652,-36.9382515418034,14.));
#11884=CARTESIAN_POINT('',(-70.4256337726037,-36.1177996082091,12.));
#11885=CARTESIAN_POINT('Origin',(-70.1356830093966,-36.8094849087003,12.));
#11886=CARTESIAN_POINT('',(-70.4256337726037,-36.1177996082091,14.));
#11887=CARTESIAN_POINT('',(-70.4256337726037,-36.1177996082091,14.));
#11888=CARTESIAN_POINT('Origin',(-70.1356830093966,-36.8094849087003,14.));
#11889=CARTESIAN_POINT('Origin',(-70.1356830093966,-36.8094849087003,12.));
#11890=CARTESIAN_POINT('',(-68.7488473740605,-37.4549921398189,12.));
#11891=CARTESIAN_POINT('Origin',(-54.3391163925757,56.2648775572201,14.));
#11892=CARTESIAN_POINT('',(-54.9683251593024,55.8567154229227,12.));
#11893=CARTESIAN_POINT('',(-54.9683251593024,55.8567154229227,14.));
#11894=CARTESIAN_POINT('',(-54.9683251593024,55.8567154229227,14.));
#11895=CARTESIAN_POINT('',(-53.6561019582877,55.9550529575604,12.));
#11896=CARTESIAN_POINT('Origin',(-54.3391163925757,56.2648775572201,12.));
#11897=CARTESIAN_POINT('',(-53.6561019582877,55.9550529575604,14.));
#11898=CARTESIAN_POINT('',(-53.6561019582877,55.9550529575604,14.));
#11899=CARTESIAN_POINT('Origin',(-54.3391163925757,56.2648775572201,14.));
#11900=CARTESIAN_POINT('Origin',(-54.3391163925757,56.2648775572201,12.));
#11901=CARTESIAN_POINT('',(-55.7947952715145,55.7947800500198,12.));
#11902=CARTESIAN_POINT('Origin',(31.4653119648873,64.120169167708,14.));
#11903=CARTESIAN_POINT('',(31.6489338734938,64.8473438335757,12.));
#11904=CARTESIAN_POINT('',(31.6489338734938,64.8473438335757,14.));
#11905=CARTESIAN_POINT('',(31.6489338734938,64.8473438335757,14.));
#11906=CARTESIAN_POINT('',(30.7538927089296,63.8827188734302,12.));
#11907=CARTESIAN_POINT('Origin',(31.4653119648873,64.120169167708,12.));
#11908=CARTESIAN_POINT('',(30.7538927089296,63.8827188734302,14.));
#11909=CARTESIAN_POINT('',(30.7538927089296,63.8827188734302,14.));
#11910=CARTESIAN_POINT('Origin',(31.4653119648873,64.120169167708,14.));
#11911=CARTESIAN_POINT('Origin',(31.4653119648873,64.120169167708,12.));
#11912=CARTESIAN_POINT('',(32.2126525847159,65.4548881129615,12.));
#11913=CARTESIAN_POINT('Origin',(67.1849999999999,2.50233861409654E-14,
14.));
#11914=CARTESIAN_POINT('',(67.5449999999999,-0.657951365983831,12.));
#11915=CARTESIAN_POINT('',(67.5449999999999,-0.657951365983831,14.));
#11916=CARTESIAN_POINT('',(67.5449999999999,-0.657951365983831,14.));
#11917=CARTESIAN_POINT('',(67.5449999999999,0.657951365983881,12.));
#11918=CARTESIAN_POINT('Origin',(67.1849999999999,2.50233861409654E-14,
12.));
#11919=CARTESIAN_POINT('',(67.5449999999999,0.657951365983881,14.));
#11920=CARTESIAN_POINT('',(67.5449999999999,0.657951365983881,14.));
#11921=CARTESIAN_POINT('Origin',(67.1849999999999,2.50233861409654E-14,
14.));
#11922=CARTESIAN_POINT('Origin',(67.1849999999999,2.4980018054066E-14,12.));
#11923=CARTESIAN_POINT('',(67.5449999999999,-1.48673893635174,12.));
#11924=CARTESIAN_POINT('Origin',(0.,0.,14.));
#11925=CARTESIAN_POINT('',(-95.,-1.16341445918999E-14,14.));
#11926=CARTESIAN_POINT('Origin',(0.,0.,14.));
#11927=CARTESIAN_POINT('',(60.,7.34788079488412E-15,14.));
#11928=CARTESIAN_POINT('Origin',(0.,0.,14.));
#11929=CARTESIAN_POINT('',(67.5449999999999,2.97347787270354,14.));
#11930=CARTESIAN_POINT('',(67.5449999999999,-1.48673893635174,14.));
#11931=CARTESIAN_POINT('',(70.5115221272965,5.94000000000015,14.));
#11932=CARTESIAN_POINT('Origin',(68.9579999999999,4.52700000000012,14.));
#11933=CARTESIAN_POINT('',(76.4584778727035,5.94000000000015,14.));
#11934=CARTESIAN_POINT('',(35.2557610636482,5.94000000000014,14.));
#11935=CARTESIAN_POINT('',(79.4250000000001,2.97347787270355,14.));
#11936=CARTESIAN_POINT('Origin',(78.0120000000001,4.52700000000012,14.));
#11937=CARTESIAN_POINT('',(79.4250000000001,-2.97347787270351,14.));
#11938=CARTESIAN_POINT('',(79.4250000000001,1.48673893635179,14.));
#11939=CARTESIAN_POINT('',(76.4584778727035,-5.94000000000011,14.));
#11940=CARTESIAN_POINT('Origin',(78.0120000000001,-4.52700000000008,14.));
#11941=CARTESIAN_POINT('',(70.5115221272965,-5.94000000000011,14.));
#11942=CARTESIAN_POINT('',(38.2292389363518,-5.94000000000013,14.));
#11943=CARTESIAN_POINT('',(67.5449999999999,-2.9734778727035,14.));
#11944=CARTESIAN_POINT('Origin',(68.9579999999999,-4.52700000000008,14.));
#11945=CARTESIAN_POINT('',(67.5449999999999,-1.48673893635174,14.));
#11946=CARTESIAN_POINT('',(29.1789347042033,62.1853178345859,14.));
#11947=CARTESIAN_POINT('',(8.94895696444791,40.3825871406799,14.));
#11948=CARTESIAN_POINT('',(24.9865726288652,62.0284507164637,14.));
#11949=CARTESIAN_POINT('Origin',(27.0864690106637,62.0075896112776,14.));
#11950=CARTESIAN_POINT('',(20.627145591031,66.0734078904806,14.));
#11951=CARTESIAN_POINT('',(33.7368689018924,53.9093622726899,14.));
#11952=CARTESIAN_POINT('',(20.4702784729089,70.2657699658187,14.));
#11953=CARTESIAN_POINT('Origin',(20.4494173677227,68.1658735840201,14.));
#11954=CARTESIAN_POINT('',(24.5152356469257,74.6251970036528,14.));
#11955=CARTESIAN_POINT('',(-1.78217785385494,46.2833257529956,14.));
#11956=CARTESIAN_POINT('',(28.7075977222638,74.782064121775,14.));
#11957=CARTESIAN_POINT('Origin',(26.6077013404653,74.8029252269612,14.));
#11958=CARTESIAN_POINT('',(33.067024760098,70.7371069477581,14.));
#11959=CARTESIAN_POINT('',(39.6376075142081,64.6404970909928,14.));
#11960=CARTESIAN_POINT('',(33.2238918782201,66.5447448724201,14.));
#11961=CARTESIAN_POINT('Origin',(33.2447529834063,68.6446412542186,14.));
#11962=CARTESIAN_POINT('',(8.94895696444791,40.3825871406799,14.));
#11963=CARTESIAN_POINT('',(-51.3470501333564,56.1280924706852,14.));
#11964=CARTESIAN_POINT('',(-30.8734290559259,57.6623782692484,14.));
#11965=CARTESIAN_POINT('',(-48.1671345267129,53.391553817915,14.));
#11966=CARTESIAN_POINT('Origin',(-49.6922783464513,54.8351383596422,14.));
#11967=CARTESIAN_POINT('',(-47.7227179658257,47.4612269670375,14.));
#11968=CARTESIAN_POINT('',(-46.0432382013722,25.050127068419,14.));
#11969=CARTESIAN_POINT('',(-50.4592566185959,44.281311360394,14.));
#11970=CARTESIAN_POINT('Origin',(-49.0156720768686,45.8064551801324,14.));
#11971=CARTESIAN_POINT('',(-56.3895834694733,43.8368947995068,14.));
#11972=CARTESIAN_POINT('',(-27.0204721157267,46.0378054394009,14.));
#11973=CARTESIAN_POINT('',(-59.5694990761168,46.573433452277,14.));
#11974=CARTESIAN_POINT('Origin',(-58.0443552563784,45.1298489105498,14.));
#11975=CARTESIAN_POINT('',(-60.013915637004,52.5037603031544,14.));
#11976=CARTESIAN_POINT('',(-57.6678110312197,21.1971701282197,14.));
#11977=CARTESIAN_POINT('',(-57.2773769842338,55.683675909798,14.));
#11978=CARTESIAN_POINT('Origin',(-58.720961525961,54.1585320900596,14.));
#11979=CARTESIAN_POINT('',(-30.8734290559259,57.6623782692484,14.));
#11980=CARTESIAN_POINT('',(-72.2359852940823,-34.674092445381,14.));
#11981=CARTESIAN_POINT('',(-56.28491076666,-47.3946499044296,14.));
#11982=CARTESIAN_POINT('',(-72.7057093933871,-30.5051757594765,14.));
#11983=CARTESIAN_POINT('Origin',(-72.5695867119388,-32.6007593573307,14.));
#11984=CARTESIAN_POINT('',(-68.9978431341365,-25.8556585327808,14.));
#11985=CARTESIAN_POINT('',(-51.1388308070703,-3.46116540366495,14.));
#11986=CARTESIAN_POINT('',(-64.8289264482321,-25.385934433476,14.));
#11987=CARTESIAN_POINT('Origin',(-66.9245100460862,-25.5220571149243,14.));
#11988=CARTESIAN_POINT('',(-60.1794092215363,-29.0938006927265,14.));
#11989=CARTESIAN_POINT('',(-51.2026105341576,-36.2525587628994,14.));
#11990=CARTESIAN_POINT('',(-59.7096851222316,-33.262717378631,14.));
#11991=CARTESIAN_POINT('Origin',(-59.8458078036799,-31.1671337807769,14.));
#11992=CARTESIAN_POINT('',(-63.4175513814821,-37.9122346053267,14.));
#11993=CARTESIAN_POINT('',(-39.9967396655401,-8.54346563616731,14.));
#11994=CARTESIAN_POINT('',(-67.5864680673866,-38.3819587046315,14.));
#11995=CARTESIAN_POINT('Origin',(-65.4908844695324,-38.2458360231832,14.));
#11996=CARTESIAN_POINT('',(-56.28491076666,-47.3946499044296,14.));
#11997=CARTESIAN_POINT('',(11.8083699165729,-75.3344765532501,14.));
#11998=CARTESIAN_POINT('',(5.68273613590754,-34.6935520195823,14.));
#11999=CARTESIAN_POINT('',(9.31711857262039,-78.7100022611562,14.));
#12000=CARTESIAN_POINT('Origin',(10.6426924183949,-77.081243844632,14.));
#12001=CARTESIAN_POINT('',(3.43658540980738,-79.5963500252335,14.));
#12002=CARTESIAN_POINT('',(10.5620877759253,-78.522353345804,14.));
#12003=CARTESIAN_POINT('',(0.0610597019012565,-77.105098681281,14.));
#12004=CARTESIAN_POINT('Origin',(1.68981811842551,-78.4306725270555,14.));
#12005=CARTESIAN_POINT('',(-0.825288062176027,-71.224565518468,14.));
#12006=CARTESIAN_POINT('',(-5.62140019672542,-39.4044407290197,14.));
#12007=CARTESIAN_POINT('',(1.66596328177647,-67.8490398105619,14.));
#12008=CARTESIAN_POINT('Origin',(0.340389436001942,-69.4777982270861,14.));
#12009=CARTESIAN_POINT('',(7.54649644458945,-66.9626920464846,14.));
#12010=CARTESIAN_POINT('',(5.85119906648787,-67.2182170131711,14.));
#12011=CARTESIAN_POINT('',(10.9220221524956,-69.4539433904371,14.));
#12012=CARTESIAN_POINT('Origin',(9.29326373597134,-68.1283695446625,14.));
#12013=CARTESIAN_POINT('',(5.68273613590754,-34.6935520195823,14.));
#12014=CARTESIAN_POINT('',(66.9874290431066,-15.857160132883,14.));
#12015=CARTESIAN_POINT('',(58.3741195572706,-28.4905648318603,14.));
#12016=CARTESIAN_POINT('',(71.1095860667356,-15.0772059444677,14.));
#12017=CARTESIAN_POINT('Origin',(69.0300346062885,-15.3695511571059,14.));
#12018=CARTESIAN_POINT('',(76.0231914918968,-18.4272454014973,14.));
#12019=CARTESIAN_POINT('',(43.3286334994924,3.86352681717382,14.));
#12020=CARTESIAN_POINT('',(76.8031456803121,-22.5494024251263,14.));
#12021=CARTESIAN_POINT('Origin',(76.5108004676739,-20.4698509646792,14.));
#12022=CARTESIAN_POINT('',(73.4531062232825,-27.4630078502875,14.));
#12023=CARTESIAN_POINT('',(69.8648559229909,-32.7260044115229,14.));
#12024=CARTESIAN_POINT('',(69.3309491996535,-28.2429620387028,14.));
#12025=CARTESIAN_POINT('Origin',(71.4105006601006,-27.9506168260646,14.));
#12026=CARTESIAN_POINT('',(64.4173437744923,-24.8929225816733,14.));
#12027=CARTESIAN_POINT('',(39.0931939198298,-7.62720954854647,14.));
#12028=CARTESIAN_POINT('',(63.637389586077,-20.7707655580443,14.));
#12029=CARTESIAN_POINT('Origin',(63.9297347987152,-22.8503170184913,14.));
#12030=CARTESIAN_POINT('',(58.3741195572706,-28.4905648318603,14.));
#12031=CARTESIAN_POINT('',(33.2238918782202,-66.54474487242,14.));
#12032=CARTESIAN_POINT('',(6.92647837743949,-38.2028736217628,14.));
#12033=CARTESIAN_POINT('',(33.067024760098,-70.7371069477581,14.));
#12034=CARTESIAN_POINT('Origin',(33.2447529834063,-68.6446412542186,14.));
#12035=CARTESIAN_POINT('',(28.7075977222639,-74.782064121775,14.));
#12036=CARTESIAN_POINT('',(41.8173210331252,-62.6180185039843,14.));
#12037=CARTESIAN_POINT('',(24.5152356469258,-74.6251970036528,14.));
#12038=CARTESIAN_POINT('Origin',(26.6077013404653,-74.8029252269611,14.));
#12039=CARTESIAN_POINT('',(20.4702784729089,-70.2657699658186,14.));
#12040=CARTESIAN_POINT('',(0.24030073315354,-48.4630392719126,14.));
#12041=CARTESIAN_POINT('',(20.6271455910311,-66.0734078904806,14.));
#12042=CARTESIAN_POINT('Origin',(20.4494173677228,-68.1658735840201,14.));
#12043=CARTESIAN_POINT('',(24.9865726288652,-62.0284507164637,14.));
#12044=CARTESIAN_POINT('',(31.5571553829754,-55.9318408596983,14.));
#12045=CARTESIAN_POINT('',(29.1789347042033,-62.1853178345859,14.));
#12046=CARTESIAN_POINT('Origin',(27.0864690106638,-62.0075896112776,14.));
#12047=CARTESIAN_POINT('',(6.92647837743949,-38.2028736217628,14.));
#12048=CARTESIAN_POINT('',(-57.2773769832391,-55.6836759103935,14.));
#12049=CARTESIAN_POINT('',(-27.9082656244202,-57.884586545513,14.));
#12050=CARTESIAN_POINT('',(-60.0139156365645,-52.5037603042273,14.));
#12051=CARTESIAN_POINT('Origin',(-58.7209615252326,-54.158532090907,14.));
#12052=CARTESIAN_POINT('',(-59.5694990767123,-46.5734334532717,14.));
#12053=CARTESIAN_POINT('',(-57.8900193164963,-24.1623335587101,14.));
#12054=CARTESIAN_POINT('',(-56.3895834705461,-43.8368947999463,14.));
#12055=CARTESIAN_POINT('Origin',(-58.0443552572257,-45.1298489112782,14.));
#12056=CARTESIAN_POINT('',(-50.4592566195906,-44.2813113597985,14.));
#12057=CARTESIAN_POINT('',(-29.985635537205,-45.8155971551397,14.));
#12058=CARTESIAN_POINT('',(-47.7227179662651,-47.4612269659647,14.));
#12059=CARTESIAN_POINT('Origin',(-49.015672077597,-45.8064551792851,14.));
#12060=CARTESIAN_POINT('',(-48.1671345261173,-53.3915538169203,14.));
#12061=CARTESIAN_POINT('',(-45.821029926123,-22.0849636459252,14.));
#12062=CARTESIAN_POINT('',(-51.3470501322835,-56.1280924702458,14.));
#12063=CARTESIAN_POINT('Origin',(-49.6922783456039,-54.8351383589138,14.));
#12064=CARTESIAN_POINT('',(-27.9082656244202,-57.884586545513,14.));
#12065=CARTESIAN_POINT('',(-67.586468070789,38.3819587039102,14.));
#12066=CARTESIAN_POINT('',(-58.6096694007106,45.540716767976,14.));
#12067=CARTESIAN_POINT('',(-63.4175513846382,37.9122346067883,14.));
#12068=CARTESIAN_POINT('Origin',(-65.4908844728634,38.2458360235592,14.));
#12069=CARTESIAN_POINT('',(-59.7096851229528,33.2627173820335,14.));
#12070=CARTESIAN_POINT('',(-41.8506727789567,10.8682242557429,14.));
#12071=CARTESIAN_POINT('',(-60.1794092200747,29.0938006958826,14.));
#12072=CARTESIAN_POINT('Origin',(-59.8458078033039,31.1671337841078,14.));
#12073=CARTESIAN_POINT('',(-64.8289264448295,25.3859344341972,14.));
#12074=CARTESIAN_POINT('',(-48.8778519376189,38.1064918907911,14.));
#12075=CARTESIAN_POINT('',(-68.9978431309804,25.8556585313192,14.));
#12076=CARTESIAN_POINT('Origin',(-66.9245100427552,25.5220571145483,14.));
#12077=CARTESIAN_POINT('',(-72.7057093926658,30.505175756074,14.));
#12078=CARTESIAN_POINT('',(-49.2848976561416,1.13640679265121,14.));
#12079=CARTESIAN_POINT('',(-72.2359852955439,34.6740924422248,14.));
#12080=CARTESIAN_POINT('Origin',(-72.5695867123147,32.6007593539996,14.));
#12081=CARTESIAN_POINT('',(-58.6096694007106,45.540716767976,14.));
#12082=CARTESIAN_POINT('',(10.9220221524955,69.4539433904371,14.));
#12083=CARTESIAN_POINT('',(6.12591001794614,37.6338186009888,14.));
#12084=CARTESIAN_POINT('',(7.54649644458939,66.9626920464846,14.));
#12085=CARTESIAN_POINT('Origin',(9.29326373597129,68.1283695446625,14.));
#12086=CARTESIAN_POINT('',(1.66596328177636,67.8490398105619,14.));
#12087=CARTESIAN_POINT('',(8.79146564789431,66.7750431311324,14.));
#12088=CARTESIAN_POINT('',(-0.825288062176122,71.224565518468,14.));
#12089=CARTESIAN_POINT('Origin',(0.340389436001836,69.4777982270861,14.));
#12090=CARTESIAN_POINT('',(0.0610597019011583,77.105098681281,14.));
#12091=CARTESIAN_POINT('',(-6.06457407876415,36.4641741476132,14.));
#12092=CARTESIAN_POINT('',(3.4365854098073,79.5963500252335,14.));
#12093=CARTESIAN_POINT('Origin',(1.6898181184254,78.4306725270556,14.));
#12094=CARTESIAN_POINT('',(9.31711857262032,78.7100022611562,14.));
#12095=CARTESIAN_POINT('',(7.62182119451872,78.9655272278427,14.));
#12096=CARTESIAN_POINT('',(11.8083699165728,75.3344765532501,14.));
#12097=CARTESIAN_POINT('Origin',(10.6426924183949,77.081243844632,14.));
#12098=CARTESIAN_POINT('',(6.12591001794614,37.6338186009888,14.));
#12099=CARTESIAN_POINT('',(63.6373895859219,20.7707655591933,14.));
#12100=CARTESIAN_POINT('',(60.0491392900007,26.0337621159919,14.));
#12101=CARTESIAN_POINT('',(64.4173437750566,24.8929225826861,14.));
#12102=CARTESIAN_POINT('Origin',(63.929734798923,22.8503170195893,14.));
#12103=CARTESIAN_POINT('',(69.3309492008025,28.242962038858,14.));
#12104=CARTESIAN_POINT('',(36.6363912029459,5.95218982482839,14.));
#12105=CARTESIAN_POINT('',(73.4531062242953,27.4630078497233,14.));
#12106=CARTESIAN_POINT('Origin',(71.4105006611985,27.9506168258569,14.));
#12107=CARTESIAN_POINT('',(76.8031456804672,22.5494024239774,14.));
#12108=CARTESIAN_POINT('',(68.1898362002882,35.1828071193948,14.));
#12109=CARTESIAN_POINT('',(76.0231914913325,18.4272454004846,14.));
#12110=CARTESIAN_POINT('Origin',(76.5108004674661,20.4698509635814,14.));
#12111=CARTESIAN_POINT('',(71.1095860655866,15.0772059443126,14.));
#12112=CARTESIAN_POINT('',(45.7854362063489,-2.18850708545908,14.));
#12113=CARTESIAN_POINT('',(66.9874290420938,15.8571601334474,14.));
#12114=CARTESIAN_POINT('Origin',(69.0300346051906,15.3695511573138,14.));
#12115=CARTESIAN_POINT('',(60.0491392900007,26.0337621159919,14.));
#12116=CARTESIAN_POINT('',(44.2399958677625,51.0001536162909,14.));
#12117=CARTESIAN_POINT('',(20.5821743797765,45.6004102247531,14.));
#12118=CARTESIAN_POINT('',(40.6877373677183,53.2321855632722,14.));
#12119=CARTESIAN_POINT('Origin',(42.4110017032169,52.0320355601479,14.));
#12120=CARTESIAN_POINT('',(39.3644152167167,59.0300387109897,14.));
#12121=CARTESIAN_POINT('',(45.4545441339476,32.347440610409,14.));
#12122=CARTESIAN_POINT('',(41.596447163698,62.5822972110339,14.));
#12123=CARTESIAN_POINT('Origin',(40.3962971605738,60.8590328755354,14.));
#12124=CARTESIAN_POINT('',(47.3943003114156,63.9056193620355,14.));
#12125=CARTESIAN_POINT('',(15.0396991018532,56.5208927439953,14.));
#12126=CARTESIAN_POINT('',(50.9465588114597,61.6735874150542,14.));
#12127=CARTESIAN_POINT('Origin',(49.2232944759612,62.8737374181785,14.));
#12128=CARTESIAN_POINT('',(52.2698809624613,55.8757342673367,14.));
#12129=CARTESIAN_POINT('',(56.3750266531898,37.8899158883323,14.));
#12130=CARTESIAN_POINT('',(50.0378490154801,52.3234757672925,14.));
#12131=CARTESIAN_POINT('Origin',(51.2379990186043,54.046740102791,14.));
#12132=CARTESIAN_POINT('',(20.5821743797765,45.6004102247531,14.));
#12133=CARTESIAN_POINT('',(-31.1973926246479,67.2973287592274,14.));
#12134=CARTESIAN_POINT('',(-7.50317868767606,53.6174679644801,14.));
#12135=CARTESIAN_POINT('',(-30.1115701651687,63.2449841724516,14.));
#12136=CARTESIAN_POINT('Origin',(-30.5585029970678,65.2968738000316,14.));
#12137=CARTESIAN_POINT('',(-33.0850480378722,58.0947694217473,14.));
#12138=CARTESIAN_POINT('',(-40.0405646333446,46.0474612855007,14.));
#12139=CARTESIAN_POINT('',(-37.137392624648,57.0089469622681,14.));
#12140=CARTESIAN_POINT('Origin',(-35.0855029970679,57.4558797941673,14.));
#12141=CARTESIAN_POINT('',(-42.2876073753523,59.9824248349716,14.));
#12142=CARTESIAN_POINT('',(-10.868071312324,41.8423472311691,14.));
#12143=CARTESIAN_POINT('',(-43.3734298348314,64.0347694217474,14.));
#12144=CARTESIAN_POINT('Origin',(-42.9264970029323,61.9828797941673,14.));
#12145=CARTESIAN_POINT('',(-40.399951962128,69.1849841724516,14.));
#12146=CARTESIAN_POINT('',(-51.8156853666556,49.4123539101486,14.));
#12147=CARTESIAN_POINT('',(-36.3476073753522,70.2708066319309,14.));
#12148=CARTESIAN_POINT('Origin',(-38.3994970029322,69.8238738000317,14.));
#12149=CARTESIAN_POINT('',(-7.50317868767606,53.6174679644801,14.));
#12150=CARTESIAN_POINT('',(-79.2167837204446,-9.86184207186798,14.));
#12151=CARTESIAN_POINT('',(-76.2879777361525,-19.3567978707005,14.));
#12152=CARTESIAN_POINT('',(-77.2564535946774,-6.15271645233315,14.));
#12153=CARTESIAN_POINT('Origin',(-78.3244680313565,-7.96084951243822,14.));
#12154=CARTESIAN_POINT('',(-71.5737044070654,-4.39982047466517,14.));
#12155=CARTESIAN_POINT('',(-41.1177836662387,4.99458691518557,14.));
#12156=CARTESIAN_POINT('',(-67.8645787875306,-6.36015060043248,14.));
#12157=CARTESIAN_POINT('Origin',(-69.6727118476356,-5.29213616375331,14.));
#12158=CARTESIAN_POINT('',(-66.1116828098626,-12.0428997880444,14.));
#12159=CARTESIAN_POINT('',(-65.8122207920725,-13.0137318054591,14.));
#12160=CARTESIAN_POINT('',(-68.0720129356299,-15.7520254075792,14.));
#12161=CARTESIAN_POINT('Origin',(-67.0039984989507,-13.9438923474742,14.));
#12162=CARTESIAN_POINT('',(-73.7547621232418,-17.5049213852472,14.));
#12163=CARTESIAN_POINT('',(-34.7747176009972,-5.4811700288945,14.));
#12164=CARTESIAN_POINT('',(-77.4638877427766,-15.5445912594799,14.));
#12165=CARTESIAN_POINT('Origin',(-75.6557546826716,-16.6126056961591,14.));
#12166=CARTESIAN_POINT('',(-76.2879777361525,-19.3567978707005,14.));
#12167=CARTESIAN_POINT('',(-12.2903394527206,-76.8988580287296,14.));
#12168=CARTESIAN_POINT('',(5.18715081584509,-40.6064755045202,14.));
#12169=CARTESIAN_POINT('',(-16.2502092477795,-78.2844763995884,14.));
#12170=CARTESIAN_POINT('Origin',(-14.2374564522639,-77.6854553781337,14.));
#12171=CARTESIAN_POINT('',(-21.608231233828,-75.7041890057405,14.));
#12172=CARTESIAN_POINT('',(-24.9560140515815,-74.0919817724588,14.));
#12173=CARTESIAN_POINT('',(-22.9938496046868,-71.7443192106816,14.));
#12174=CARTESIAN_POINT('Origin',(-22.3948285832321,-73.7570720061971,14.));
#12175=CARTESIAN_POINT('',(-20.4135622108389,-66.386297224633,14.));
#12176=CARTESIAN_POINT('',(-6.80650303304511,-38.1309476794965,14.));
#12177=CARTESIAN_POINT('',(-16.45369241578,-65.0006788537742,14.));
#12178=CARTESIAN_POINT('Origin',(-18.4664452112956,-65.5996998752289,14.));
#12179=CARTESIAN_POINT('',(-11.0956704297315,-67.5809662476222,14.));
#12180=CARTESIAN_POINT('',(-22.4804862265578,-62.0983279235686,14.));
#12181=CARTESIAN_POINT('',(-9.71005205887268,-71.540836042681,14.));
#12182=CARTESIAN_POINT('Origin',(-10.3090730803274,-69.5280832471655,14.));
#12183=CARTESIAN_POINT('',(5.18715081584509,-40.6064755045202,14.));
#12184=CARTESIAN_POINT('',(61.3139631430476,-34.7798509482123,14.));
#12185=CARTESIAN_POINT('',(37.8950375929633,-43.9711019099503,14.));
#12186=CARTESIAN_POINT('',(65.1592129480757,-36.4575162904103,14.));
#12187=CARTESIAN_POINT('Origin',(63.2763229763427,-35.5276101906628,14.));
#12188=CARTESIAN_POINT('',(67.3318798492038,-41.993381279242,14.));
#12189=CARTESIAN_POINT('',(54.6113283165128,-9.58194451832364,14.));
#12190=CARTESIAN_POINT('',(65.6542145070059,-45.8386310842701,14.));
#12191=CARTESIAN_POINT('Origin',(66.5841206067533,-43.9557411125371,14.));
#12192=CARTESIAN_POINT('',(60.1183495181742,-48.0112979853982,14.));
#12193=CARTESIAN_POINT('',(45.0032214513374,-53.9435485954441,14.));
#12194=CARTESIAN_POINT('',(56.2730997131461,-46.3336326432002,14.));
#12195=CARTESIAN_POINT('Origin',(58.155989684879,-47.2635387429477,14.));
#12196=CARTESIAN_POINT('',(54.100432812018,-40.7977676543685,14.));
#12197=CARTESIAN_POINT('',(44.6388816310191,-16.6901283766977,14.));
#12198=CARTESIAN_POINT('',(55.7780981542159,-36.9525178493404,14.));
#12199=CARTESIAN_POINT('Origin',(54.8481920544684,-38.8354078210734,14.));
#12200=CARTESIAN_POINT('',(37.8950375929633,-43.9711019099503,14.));
#12201=CARTESIAN_POINT('',(50.0378490154804,-52.3234757672921,14.));
#12202=CARTESIAN_POINT('',(17.6832478059177,-44.9387491492517,14.));
#12203=CARTESIAN_POINT('',(52.2698809624619,-55.8757342673365,14.));
#12204=CARTESIAN_POINT('Origin',(51.2379990186048,-54.0467401027907,14.));
#12205=CARTESIAN_POINT('',(50.9465588114602,-61.6735874150545,14.));
#12206=CARTESIAN_POINT('',(57.0366877286911,-34.9909893144734,14.));
#12207=CARTESIAN_POINT('',(47.3943003114157,-63.905619362036,14.));
#12208=CARTESIAN_POINT('Origin',(49.2232944759615,-62.8737374181789,14.));
#12209=CARTESIAN_POINT('',(41.5964471636977,-62.5822972110343,14.));
#12210=CARTESIAN_POINT('',(17.938625675712,-57.1825538194966,14.));
#12211=CARTESIAN_POINT('',(39.3644152167162,-59.0300387109898,14.));
#12212=CARTESIAN_POINT('Origin',(40.3962971605733,-60.8590328755356,14.));
#12213=CARTESIAN_POINT('',(40.687737367718,-53.2321855632718,14.));
#12214=CARTESIAN_POINT('',(44.7928830584463,-35.2463671842677,14.));
#12215=CARTESIAN_POINT('',(44.2399958677624,-51.0001536162903,14.));
#12216=CARTESIAN_POINT('Origin',(42.4110017032166,-52.0320355601474,14.));
#12217=CARTESIAN_POINT('',(17.6832478059177,-44.9387491492517,14.));
#12218=CARTESIAN_POINT('',(-36.3476073753521,-70.2708066319308,14.));
#12219=CARTESIAN_POINT('',(-4.92807131232393,-52.1307290281284,14.));
#12220=CARTESIAN_POINT('',(-40.3999519621278,-69.1849841724516,14.));
#12221=CARTESIAN_POINT('Origin',(-38.3994970029321,-69.8238738000317,14.));
#12222=CARTESIAN_POINT('',(-43.3734298348313,-64.0347694217474,14.));
#12223=CARTESIAN_POINT('',(-50.3289464303037,-51.9874612855007,14.));
#12224=CARTESIAN_POINT('',(-42.2876073753521,-59.9824248349717,14.));
#12225=CARTESIAN_POINT('Origin',(-42.9264970029321,-61.9828797941674,14.));
#12226=CARTESIAN_POINT('',(-37.1373926246479,-57.0089469622682,14.));
#12227=CARTESIAN_POINT('',(-13.443178687676,-43.3290861675209,14.));
#12228=CARTESIAN_POINT('',(-33.0850480378721,-58.0947694217474,14.));
#12229=CARTESIAN_POINT('Origin',(-35.0855029970678,-57.4558797941674,14.));
#12230=CARTESIAN_POINT('',(-30.1115701651687,-63.2449841724516,14.));
#12231=CARTESIAN_POINT('',(-41.5273035696963,-43.4723539101486,14.));
#12232=CARTESIAN_POINT('',(-31.1973926246479,-67.2973287592274,14.));
#12233=CARTESIAN_POINT('Origin',(-30.5585029970678,-65.2968738000317,14.));
#12234=CARTESIAN_POINT('',(-4.92807131232393,-52.1307290281284,14.));
#12235=CARTESIAN_POINT('',(-77.4638877459827,15.5445912561291,14.));
#12236=CARTESIAN_POINT('',(-77.1644257363467,16.5154232495151,14.));
#12237=CARTESIAN_POINT('',(-73.7547621278164,17.5049213844859,14.));
#12238=CARTESIAN_POINT('Origin',(-75.6557546866232,16.6126056940706,14.));
#12239=CARTESIAN_POINT('',(-68.0720129389807,15.7520254107852,14.));
#12240=CARTESIAN_POINT('',(-37.6160921879422,6.35761804106986,14.));
#12241=CARTESIAN_POINT('',(-66.1116828106239,12.042899792619,14.));
#12242=CARTESIAN_POINT('Origin',(-67.0039985010392,13.9438923514258,14.));
#12243=CARTESIAN_POINT('',(-67.8645787843246,6.36015060378324,14.));
#12244=CARTESIAN_POINT('',(-64.9357728141376,15.8551063804228,14.));
#12245=CARTESIAN_POINT('',(-71.5737044024909,4.39982047542646,14.));
#12246=CARTESIAN_POINT('Origin',(-69.6727118436841,5.29213616584174,14.));
#12247=CARTESIAN_POINT('',(-77.2564535913266,6.15271644912715,14.));
#12248=CARTESIAN_POINT('',(-38.2764090570345,-5.87103488113925,14.));
#12249=CARTESIAN_POINT('',(-79.2167837196834,9.8618420672934,14.));
#12250=CARTESIAN_POINT('Origin',(-78.3244680292681,7.9608495084866,14.));
#12251=CARTESIAN_POINT('',(-77.1644257363467,16.5154232495151,14.));
#12252=CARTESIAN_POINT('',(-9.71005205887284,71.5408360426811,14.));
#12253=CARTESIAN_POINT('',(3.897007118921,43.2854864975444,14.));
#12254=CARTESIAN_POINT('',(-11.0956704297316,67.5809662476222,14.));
#12255=CARTESIAN_POINT('Origin',(-10.3090730803275,69.5280832471656,14.));
#12256=CARTESIAN_POINT('',(-16.4536924157801,65.0006788537744,14.));
#12257=CARTESIAN_POINT('',(-19.8014752335336,63.3884716204926,14.));
#12258=CARTESIAN_POINT('',(-20.4135622108389,66.3862972246331,14.));
#12259=CARTESIAN_POINT('Origin',(-18.4664452112956,65.599699875229,14.));
#12260=CARTESIAN_POINT('',(-22.9938496046868,71.7443192106816,14.));
#12261=CARTESIAN_POINT('',(-5.51635933612111,35.4519366864723,14.));
#12262=CARTESIAN_POINT('',(-21.608231233828,75.7041890057404,14.));
#12263=CARTESIAN_POINT('Origin',(-22.3948285832321,73.7570720061971,14.));
#12264=CARTESIAN_POINT('',(-16.2502092477796,78.2844763995883,14.));
#12265=CARTESIAN_POINT('',(-27.6350250446057,72.8018380755347,14.));
#12266=CARTESIAN_POINT('',(-12.2903394527207,76.8988580287295,14.));
#12267=CARTESIAN_POINT('Origin',(-14.237456452264,77.6854553781336,14.));
#12268=CARTESIAN_POINT('',(3.897007118921,43.2854864975444,14.));
#12269=CARTESIAN_POINT('',(55.7780981518893,36.9525178519258,14.));
#12270=CARTESIAN_POINT('',(40.6629701029555,42.8847684640786,14.));
#12271=CARTESIAN_POINT('',(54.1004328117046,40.7977676578325,14.));
#12272=CARTESIAN_POINT('Origin',(54.8481920531276,38.8354078241458,14.));
#12273=CARTESIAN_POINT('',(56.2730997157314,46.3336326455269,14.));
#12274=CARTESIAN_POINT('',(43.5525481621104,13.9221958811806,14.));
#12275=CARTESIAN_POINT('',(60.1183495216381,48.0112979857116,14.));
#12276=CARTESIAN_POINT('Origin',(58.1559896879513,47.2635387442886,14.));
#12277=CARTESIAN_POINT('',(65.6542145093325,45.8386310816848,14.));
#12278=CARTESIAN_POINT('',(42.2352889788572,55.0298820498777,14.));
#12279=CARTESIAN_POINT('',(67.3318798495171,41.993381275778,14.));
#12280=CARTESIAN_POINT('Origin',(66.5841206080941,43.9557411094648,14.));
#12281=CARTESIAN_POINT('',(65.1592129454904,36.4575162880837,14.));
#12282=CARTESIAN_POINT('',(55.6976617479095,12.349877005279,14.));
#12283=CARTESIAN_POINT('',(61.3139631395836,34.779850947899,14.));
#12284=CARTESIAN_POINT('Origin',(63.2763229732704,35.527610189322,14.));
#12285=CARTESIAN_POINT('',(40.6629701029555,42.8847684640786,14.));
#12286=CARTESIAN_POINT('Origin',(60.1183495216381,48.0112979857116,14.));
#12287=CARTESIAN_POINT('',(60.1183495216381,48.0112979857116,2.));
#12288=CARTESIAN_POINT('',(60.1183495216381,48.0112979857116,14.));
#12289=CARTESIAN_POINT('',(65.6542145093325,45.8386310816848,2.));
#12290=CARTESIAN_POINT('',(68.4156720823782,44.7548388488238,2.));
#12291=CARTESIAN_POINT('',(65.6542145093325,45.8386310816848,14.));
#12292=CARTESIAN_POINT('Origin',(58.1559896879513,47.2635387442886,14.));
#12293=CARTESIAN_POINT('',(56.2730997157314,46.3336326455269,2.));
#12294=CARTESIAN_POINT('',(56.2730997157314,46.3336326455269,14.));
#12295=CARTESIAN_POINT('Origin',(58.1559896879513,47.2635387442886,2.));
#12296=CARTESIAN_POINT('Origin',(54.1004328117046,40.7977676578325,14.));
#12297=CARTESIAN_POINT('',(54.1004328117046,40.7977676578325,2.));
#12298=CARTESIAN_POINT('',(54.1004328117046,40.7977676578325,14.));
#12299=CARTESIAN_POINT('',(57.3568919485924,49.0950902185726,2.));
#12300=CARTESIAN_POINT('Origin',(54.8481920531276,38.8354078241458,14.));
#12301=CARTESIAN_POINT('',(55.7780981518893,36.9525178519258,2.));
#12302=CARTESIAN_POINT('',(55.7780981518893,36.9525178519258,14.));
#12303=CARTESIAN_POINT('Origin',(54.8481920531276,38.8354078241458,2.));
#12304=CARTESIAN_POINT('Origin',(61.3139631395836,34.779850947899,14.));
#12305=CARTESIAN_POINT('',(61.3139631395836,34.779850947899,2.));
#12306=CARTESIAN_POINT('',(61.3139631395836,34.779850947899,14.));
#12307=CARTESIAN_POINT('',(53.0166405788436,38.0363100847868,2.));
#12308=CARTESIAN_POINT('Origin',(63.2763229732704,35.527610189322,14.));
#12309=CARTESIAN_POINT('',(65.1592129454904,36.4575162880837,2.));
#12310=CARTESIAN_POINT('',(65.1592129454904,36.4575162880837,14.));
#12311=CARTESIAN_POINT('Origin',(63.2763229732704,35.527610189322,2.));
#12312=CARTESIAN_POINT('Origin',(67.3318798495171,41.993381275778,14.));
#12313=CARTESIAN_POINT('',(67.3318798495171,41.993381275778,2.));
#12314=CARTESIAN_POINT('',(67.3318798495171,41.993381275778,14.));
#12315=CARTESIAN_POINT('',(64.0754207126293,33.696058715038,2.));
#12316=CARTESIAN_POINT('Origin',(66.5841206080941,43.9557411094648,14.));
#12317=CARTESIAN_POINT('Origin',(66.5841206080941,43.9557411094648,2.));
#12318=CARTESIAN_POINT('Origin',(60.7161563306109,41.3955744668053,2.));
#12319=CARTESIAN_POINT('Origin',(-12.2903394527207,76.8988580287295,14.));
#12320=CARTESIAN_POINT('',(-12.2903394527207,76.8988580287295,2.));
#12321=CARTESIAN_POINT('',(-12.2903394527207,76.8988580287295,14.));
#12322=CARTESIAN_POINT('',(-9.71005205887284,71.5408360426811,2.));
#12323=CARTESIAN_POINT('',(-8.42292634677283,68.8680919597222,2.));
#12324=CARTESIAN_POINT('',(-9.71005205887284,71.5408360426811,14.));
#12325=CARTESIAN_POINT('Origin',(-14.237456452264,77.6854553781336,14.));
#12326=CARTESIAN_POINT('',(-16.2502092477796,78.2844763995883,2.));
#12327=CARTESIAN_POINT('',(-16.2502092477796,78.2844763995883,14.));
#12328=CARTESIAN_POINT('Origin',(-14.237456452264,77.6854553781336,2.));
#12329=CARTESIAN_POINT('Origin',(-21.608231233828,75.7041890057404,14.));
#12330=CARTESIAN_POINT('',(-21.608231233828,75.7041890057404,2.));
#12331=CARTESIAN_POINT('',(-21.608231233828,75.7041890057404,14.));
#12332=CARTESIAN_POINT('',(-13.5774651648207,79.5716021116883,2.));
#12333=CARTESIAN_POINT('Origin',(-22.3948285832321,73.7570720061971,14.));
#12334=CARTESIAN_POINT('',(-22.9938496046868,71.7443192106816,2.));
#12335=CARTESIAN_POINT('',(-22.9938496046868,71.7443192106816,14.));
#12336=CARTESIAN_POINT('Origin',(-22.3948285832321,73.7570720061971,2.));
#12337=CARTESIAN_POINT('Origin',(-20.4135622108389,66.3862972246331,14.));
#12338=CARTESIAN_POINT('',(-20.4135622108389,66.3862972246331,2.));
#12339=CARTESIAN_POINT('',(-20.4135622108389,66.3862972246331,14.));
#12340=CARTESIAN_POINT('',(-24.2809753167868,74.4170632936404,2.));
#12341=CARTESIAN_POINT('Origin',(-18.4664452112956,65.599699875229,14.));
#12342=CARTESIAN_POINT('',(-16.4536924157801,65.0006788537744,2.));
#12343=CARTESIAN_POINT('',(-16.4536924157801,65.0006788537744,14.));
#12344=CARTESIAN_POINT('Origin',(-18.4664452112956,65.599699875229,2.));
#12345=CARTESIAN_POINT('Origin',(-11.0956704297316,67.5809662476223,14.));
#12346=CARTESIAN_POINT('',(-11.0956704297316,67.5809662476222,2.));
#12347=CARTESIAN_POINT('',(-11.0956704297316,67.5809662476222,14.));
#12348=CARTESIAN_POINT('',(-19.1264364987389,63.7135531416743,2.));
#12349=CARTESIAN_POINT('Origin',(-10.3090730803275,69.5280832471656,14.));
#12350=CARTESIAN_POINT('Origin',(-10.3090730803275,69.5280832471656,2.));
#12351=CARTESIAN_POINT('Origin',(-16.3519508317798,71.6425776266813,2.));
#12352=CARTESIAN_POINT('Origin',(-73.7547621278164,17.5049213844859,14.));
#12353=CARTESIAN_POINT('',(-73.7547621278164,17.5049213844859,2.));
#12354=CARTESIAN_POINT('',(-73.7547621278164,17.5049213844859,14.));
#12355=CARTESIAN_POINT('',(-68.0720129389807,15.7520254107852,2.));
#12356=CARTESIAN_POINT('',(-65.2372850657192,14.8776276658805,2.));
#12357=CARTESIAN_POINT('',(-68.0720129389807,15.7520254107852,14.));
#12358=CARTESIAN_POINT('Origin',(-75.6557546866232,16.6126056940706,14.));
#12359=CARTESIAN_POINT('',(-77.4638877459827,15.5445912561291,2.));
#12360=CARTESIAN_POINT('',(-77.4638877459827,15.5445912561291,14.));
#12361=CARTESIAN_POINT('Origin',(-75.6557546866232,16.6126056940706,2.));
#12362=CARTESIAN_POINT('Origin',(-79.2167837196834,9.8618420672934,14.));
#12363=CARTESIAN_POINT('',(-79.2167837196834,9.8618420672934,2.));
#12364=CARTESIAN_POINT('',(-79.2167837196834,9.8618420672934,14.));
#12365=CARTESIAN_POINT('',(-76.5894900010779,18.3793191293907,2.));
#12366=CARTESIAN_POINT('Origin',(-78.3244680292681,7.9608495084866,14.));
#12367=CARTESIAN_POINT('',(-77.2564535913266,6.15271644912715,2.));
#12368=CARTESIAN_POINT('',(-77.2564535913266,6.15271644912715,14.));
#12369=CARTESIAN_POINT('Origin',(-78.3244680292681,7.9608495084866,2.));
#12370=CARTESIAN_POINT('Origin',(-71.5737044024909,4.39982047542647,14.));
#12371=CARTESIAN_POINT('',(-71.5737044024909,4.39982047542646,2.));
#12372=CARTESIAN_POINT('',(-71.5737044024909,4.39982047542646,14.));
#12373=CARTESIAN_POINT('',(-80.0911814645881,7.02711419403189,2.));
#12374=CARTESIAN_POINT('Origin',(-69.6727118436841,5.29213616584174,14.));
#12375=CARTESIAN_POINT('',(-67.8645787843246,6.36015060378324,2.));
#12376=CARTESIAN_POINT('',(-67.8645787843246,6.36015060378324,14.));
#12377=CARTESIAN_POINT('Origin',(-69.6727118436841,5.29213616584174,2.));
#12378=CARTESIAN_POINT('Origin',(-66.1116828106239,12.042899792619,14.));
#12379=CARTESIAN_POINT('',(-66.1116828106239,12.042899792619,2.));
#12380=CARTESIAN_POINT('',(-66.1116828106239,12.042899792619,14.));
#12381=CARTESIAN_POINT('',(-68.7389765292293,3.52542273052172,2.));
#12382=CARTESIAN_POINT('Origin',(-67.0039985010392,13.9438923514258,14.));
#12383=CARTESIAN_POINT('Origin',(-67.0039985010392,13.9438923514258,2.));
#12384=CARTESIAN_POINT('Origin',(-72.6642332651536,10.9523709299562,2.));
#12385=CARTESIAN_POINT('Origin',(-42.9264970029321,-61.9828797941674,14.));
#12386=CARTESIAN_POINT('',(-43.3734298348313,-64.0347694217474,2.));
#12387=CARTESIAN_POINT('',(-43.3734298348313,-64.0347694217474,14.));
#12388=CARTESIAN_POINT('',(-42.2876073753521,-59.9824248349717,2.));
#12389=CARTESIAN_POINT('Origin',(-42.9264970029321,-61.9828797941674,2.));
#12390=CARTESIAN_POINT('',(-42.2876073753521,-59.9824248349717,14.));
#12391=CARTESIAN_POINT('Origin',(-40.3999519621278,-69.1849841724516,14.));
#12392=CARTESIAN_POINT('',(-40.3999519621278,-69.1849841724516,2.));
#12393=CARTESIAN_POINT('',(-40.3999519621278,-69.1849841724516,14.));
#12394=CARTESIAN_POINT('',(-44.8566908984796,-61.46568589862,2.));
#12395=CARTESIAN_POINT('Origin',(-38.3994970029321,-69.8238738000317,14.));
#12396=CARTESIAN_POINT('',(-36.3476073753521,-70.2708066319308,2.));
#12397=CARTESIAN_POINT('',(-36.3476073753521,-70.2708066319308,14.));
#12398=CARTESIAN_POINT('Origin',(-38.3994970029321,-69.8238738000317,2.));
#12399=CARTESIAN_POINT('Origin',(-31.1973926246479,-67.2973287592274,14.));
#12400=CARTESIAN_POINT('',(-31.1973926246479,-67.2973287592274,2.));
#12401=CARTESIAN_POINT('',(-31.1973926246479,-67.2973287592274,14.));
#12402=CARTESIAN_POINT('',(-38.9166908984796,-71.7540676955791,2.));
#12403=CARTESIAN_POINT('Origin',(-30.5585029970678,-65.2968738000317,14.));
#12404=CARTESIAN_POINT('',(-30.1115701651687,-63.2449841724516,2.));
#12405=CARTESIAN_POINT('',(-30.1115701651687,-63.2449841724516,14.));
#12406=CARTESIAN_POINT('Origin',(-30.5585029970678,-65.2968738000317,2.));
#12407=CARTESIAN_POINT('Origin',(-33.0850480378721,-58.0947694217474,14.));
#12408=CARTESIAN_POINT('',(-33.0850480378721,-58.0947694217474,2.));
#12409=CARTESIAN_POINT('',(-33.0850480378721,-58.0947694217474,14.));
#12410=CARTESIAN_POINT('',(-28.6283091015204,-65.8140676955791,2.));
#12411=CARTESIAN_POINT('Origin',(-35.0855029970678,-57.4558797941674,14.));
#12412=CARTESIAN_POINT('',(-37.1373926246479,-57.0089469622682,2.));
#12413=CARTESIAN_POINT('',(-37.1373926246479,-57.0089469622682,14.));
#12414=CARTESIAN_POINT('Origin',(-35.0855029970678,-57.4558797941674,2.));
#12415=CARTESIAN_POINT('Origin',(-42.2876073753521,-59.9824248349717,14.));
#12416=CARTESIAN_POINT('',(-34.5683091015204,-55.5256858986199,2.));
#12417=CARTESIAN_POINT('Origin',(-36.7425,-63.6398767970995,2.));
#12418=CARTESIAN_POINT('Origin',(49.2232944759615,-62.8737374181789,14.));
#12419=CARTESIAN_POINT('',(50.9465588114602,-61.6735874150545,2.));
#12420=CARTESIAN_POINT('',(50.9465588114602,-61.6735874150545,14.));
#12421=CARTESIAN_POINT('',(47.3943003114157,-63.905619362036,2.));
#12422=CARTESIAN_POINT('Origin',(49.2232944759615,-62.8737374181789,2.));
#12423=CARTESIAN_POINT('',(47.3943003114157,-63.905619362036,14.));
#12424=CARTESIAN_POINT('Origin',(52.2698809624619,-55.8757342673365,14.));
#12425=CARTESIAN_POINT('',(52.2698809624619,-55.8757342673365,2.));
#12426=CARTESIAN_POINT('',(52.2698809624619,-55.8757342673365,14.));
#12427=CARTESIAN_POINT('',(50.2864455349287,-64.5657326385675,2.));
#12428=CARTESIAN_POINT('Origin',(51.2379990186048,-54.0467401027907,14.));
#12429=CARTESIAN_POINT('',(50.0378490154804,-52.3234757672921,2.));
#12430=CARTESIAN_POINT('',(50.0378490154804,-52.3234757672921,14.));
#12431=CARTESIAN_POINT('Origin',(51.2379990186048,-54.0467401027907,2.));
#12432=CARTESIAN_POINT('Origin',(44.2399958677624,-51.0001536162903,14.));
#12433=CARTESIAN_POINT('',(44.2399958677624,-51.0001536162903,2.));
#12434=CARTESIAN_POINT('',(44.2399958677624,-51.0001536162903,14.));
#12435=CARTESIAN_POINT('',(52.9299942389934,-52.9835890438235,2.));
#12436=CARTESIAN_POINT('Origin',(42.4110017032166,-52.0320355601474,14.));
#12437=CARTESIAN_POINT('',(40.687737367718,-53.2321855632718,2.));
#12438=CARTESIAN_POINT('',(40.687737367718,-53.2321855632718,14.));
#12439=CARTESIAN_POINT('Origin',(42.4110017032166,-52.0320355601474,2.));
#12440=CARTESIAN_POINT('Origin',(39.3644152167162,-59.0300387109898,14.));
#12441=CARTESIAN_POINT('',(39.3644152167162,-59.0300387109898,2.));
#12442=CARTESIAN_POINT('',(39.3644152167162,-59.0300387109898,14.));
#12443=CARTESIAN_POINT('',(41.3478506442494,-50.3400403397588,2.));
#12444=CARTESIAN_POINT('Origin',(40.3962971605733,-60.8590328755356,14.));
#12445=CARTESIAN_POINT('',(41.5964471636977,-62.5822972110343,2.));
#12446=CARTESIAN_POINT('',(41.5964471636977,-62.5822972110343,14.));
#12447=CARTESIAN_POINT('Origin',(40.3962971605733,-60.8590328755356,2.));
#12448=CARTESIAN_POINT('Origin',(47.3943003114157,-63.905619362036,14.));
#12449=CARTESIAN_POINT('',(38.7043019401847,-61.9221839345028,2.));
#12450=CARTESIAN_POINT('Origin',(45.8171480895891,-57.4528864891631,2.));
#12451=CARTESIAN_POINT('Origin',(65.6542145070059,-45.8386310842701,14.));
#12452=CARTESIAN_POINT('',(65.6542145070059,-45.8386310842701,2.));
#12453=CARTESIAN_POINT('',(65.6542145070059,-45.8386310842701,14.));
#12454=CARTESIAN_POINT('',(60.1183495181742,-48.0112979853982,2.));
#12455=CARTESIAN_POINT('',(57.3568919445611,-49.0950902168133,2.));
#12456=CARTESIAN_POINT('',(60.1183495181742,-48.0112979853982,14.));
#12457=CARTESIAN_POINT('Origin',(66.5841206067533,-43.9557411125371,14.));
#12458=CARTESIAN_POINT('',(67.3318798492038,-41.993381279242,2.));
#12459=CARTESIAN_POINT('',(67.3318798492038,-41.993381279242,14.));
#12460=CARTESIAN_POINT('Origin',(66.5841206067533,-43.9557411125371,2.));
#12461=CARTESIAN_POINT('Origin',(65.1592129480757,-36.4575162904103,14.));
#12462=CARTESIAN_POINT('',(65.1592129480757,-36.4575162904103,2.));
#12463=CARTESIAN_POINT('',(65.1592129480757,-36.4575162904103,14.));
#12464=CARTESIAN_POINT('',(68.4156720806189,-44.754838852855,2.));
#12465=CARTESIAN_POINT('Origin',(63.2763229763427,-35.5276101906628,14.));
#12466=CARTESIAN_POINT('',(61.3139631430476,-34.7798509482123,2.));
#12467=CARTESIAN_POINT('',(61.3139631430476,-34.7798509482123,14.));
#12468=CARTESIAN_POINT('Origin',(63.2763229763427,-35.5276101906628,2.));
#12469=CARTESIAN_POINT('Origin',(55.7780981542159,-36.9525178493404,14.));
#12470=CARTESIAN_POINT('',(55.7780981542159,-36.9525178493404,2.));
#12471=CARTESIAN_POINT('',(55.7780981542159,-36.9525178493404,14.));
#12472=CARTESIAN_POINT('',(64.0754207166606,-33.6960587167973,2.));
#12473=CARTESIAN_POINT('Origin',(54.8481920544684,-38.8354078210734,14.));
#12474=CARTESIAN_POINT('',(54.100432812018,-40.7977676543685,2.));
#12475=CARTESIAN_POINT('',(54.100432812018,-40.7977676543685,14.));
#12476=CARTESIAN_POINT('Origin',(54.8481920544684,-38.8354078210734,2.));
#12477=CARTESIAN_POINT('Origin',(56.2730997131461,-46.3336326432002,14.));
#12478=CARTESIAN_POINT('',(56.2730997131461,-46.3336326432002,2.));
#12479=CARTESIAN_POINT('',(56.2730997131461,-46.3336326432002,14.));
#12480=CARTESIAN_POINT('',(53.0166405806029,-38.0363100807555,2.));
#12481=CARTESIAN_POINT('Origin',(58.155989684879,-47.2635387429477,14.));
#12482=CARTESIAN_POINT('Origin',(58.155989684879,-47.2635387429477,2.));
#12483=CARTESIAN_POINT('Origin',(60.7161563306109,-41.3955744668052,2.));
#12484=CARTESIAN_POINT('Origin',(-22.9938496046868,-71.7443192106816,14.));
#12485=CARTESIAN_POINT('',(-22.9938496046868,-71.7443192106816,2.));
#12486=CARTESIAN_POINT('',(-22.9938496046868,-71.7443192106816,14.));
#12487=CARTESIAN_POINT('',(-20.4135622108389,-66.386297224633,2.));
#12488=CARTESIAN_POINT('',(-19.1264364987389,-63.7135531416742,2.));
#12489=CARTESIAN_POINT('',(-20.4135622108389,-66.386297224633,14.));
#12490=CARTESIAN_POINT('Origin',(-22.3948285832321,-73.7570720061971,14.));
#12491=CARTESIAN_POINT('',(-21.608231233828,-75.7041890057405,2.));
#12492=CARTESIAN_POINT('',(-21.608231233828,-75.7041890057405,14.));
#12493=CARTESIAN_POINT('Origin',(-22.3948285832321,-73.7570720061971,2.));
#12494=CARTESIAN_POINT('Origin',(-16.2502092477795,-78.2844763995884,14.));
#12495=CARTESIAN_POINT('',(-16.2502092477795,-78.2844763995884,2.));
#12496=CARTESIAN_POINT('',(-16.2502092477795,-78.2844763995884,14.));
#12497=CARTESIAN_POINT('',(-24.2809753167869,-74.4170632936404,2.));
#12498=CARTESIAN_POINT('Origin',(-14.2374564522639,-77.6854553781337,14.));
#12499=CARTESIAN_POINT('',(-12.2903394527206,-76.8988580287296,2.));
#12500=CARTESIAN_POINT('',(-12.2903394527206,-76.8988580287296,14.));
#12501=CARTESIAN_POINT('Origin',(-14.2374564522639,-77.6854553781337,2.));
#12502=CARTESIAN_POINT('Origin',(-9.71005205887268,-71.540836042681,14.));
#12503=CARTESIAN_POINT('',(-9.71005205887268,-71.540836042681,2.));
#12504=CARTESIAN_POINT('',(-9.71005205887268,-71.540836042681,14.));
#12505=CARTESIAN_POINT('',(-13.5774651648206,-79.5716021116884,2.));
#12506=CARTESIAN_POINT('Origin',(-10.3090730803274,-69.5280832471655,14.));
#12507=CARTESIAN_POINT('',(-11.0956704297315,-67.5809662476222,2.));
#12508=CARTESIAN_POINT('',(-11.0956704297315,-67.5809662476222,14.));
#12509=CARTESIAN_POINT('Origin',(-10.3090730803274,-69.5280832471655,2.));
#12510=CARTESIAN_POINT('Origin',(-16.45369241578,-65.0006788537742,14.));
#12511=CARTESIAN_POINT('',(-16.45369241578,-65.0006788537742,2.));
#12512=CARTESIAN_POINT('',(-16.45369241578,-65.0006788537742,14.));
#12513=CARTESIAN_POINT('',(-8.42292634677264,-68.8680919597222,2.));
#12514=CARTESIAN_POINT('Origin',(-18.4664452112956,-65.5996998752289,14.));
#12515=CARTESIAN_POINT('Origin',(-18.4664452112956,-65.5996998752289,2.));
#12516=CARTESIAN_POINT('Origin',(-16.3519508317798,-71.6425776266813,2.));
#12517=CARTESIAN_POINT('Origin',(-77.2564535946774,-6.15271645233316,14.));
#12518=CARTESIAN_POINT('',(-77.2564535946774,-6.15271645233315,2.));
#12519=CARTESIAN_POINT('',(-77.2564535946774,-6.15271645233315,14.));
#12520=CARTESIAN_POINT('',(-71.5737044070654,-4.39982047466517,2.));
#12521=CARTESIAN_POINT('',(-68.7389765344143,-3.52542272778142,2.));
#12522=CARTESIAN_POINT('',(-71.5737044070654,-4.39982047466517,14.));
#12523=CARTESIAN_POINT('Origin',(-78.3244680313565,-7.96084951243822,14.));
#12524=CARTESIAN_POINT('',(-79.2167837204446,-9.86184207186798,2.));
#12525=CARTESIAN_POINT('',(-79.2167837204446,-9.86184207186798,14.));
#12526=CARTESIAN_POINT('Origin',(-78.3244680313565,-7.96084951243822,2.));
#12527=CARTESIAN_POINT('Origin',(-77.4638877427766,-15.5445912594799,14.));
#12528=CARTESIAN_POINT('',(-77.4638877427766,-15.5445912594799,2.));
#12529=CARTESIAN_POINT('',(-77.4638877427766,-15.5445912594799,14.));
#12530=CARTESIAN_POINT('',(-80.0911814673284,-7.0271141992169,2.));
#12531=CARTESIAN_POINT('Origin',(-75.6557546826716,-16.6126056961591,14.));
#12532=CARTESIAN_POINT('',(-73.7547621232418,-17.5049213852472,2.));
#12533=CARTESIAN_POINT('',(-73.7547621232418,-17.5049213852472,14.));
#12534=CARTESIAN_POINT('Origin',(-75.6557546826716,-16.6126056961591,2.));
#12535=CARTESIAN_POINT('Origin',(-68.0720129356299,-15.7520254075792,14.));
#12536=CARTESIAN_POINT('',(-68.0720129356299,-15.7520254075792,2.));
#12537=CARTESIAN_POINT('',(-68.0720129356299,-15.7520254075792,14.));
#12538=CARTESIAN_POINT('',(-76.5894899958929,-18.379319132131,2.));
#12539=CARTESIAN_POINT('Origin',(-67.0039984989507,-13.9438923474742,14.));
#12540=CARTESIAN_POINT('',(-66.1116828098626,-12.0428997880444,2.));
#12541=CARTESIAN_POINT('',(-66.1116828098626,-12.0428997880444,14.));
#12542=CARTESIAN_POINT('Origin',(-67.0039984989507,-13.9438923474742,2.));
#12543=CARTESIAN_POINT('Origin',(-67.8645787875306,-6.36015060043248,14.));
#12544=CARTESIAN_POINT('',(-67.8645787875306,-6.36015060043248,2.));
#12545=CARTESIAN_POINT('',(-67.8645787875306,-6.36015060043248,14.));
#12546=CARTESIAN_POINT('',(-65.2372850629788,-14.8776276606955,2.));
#12547=CARTESIAN_POINT('Origin',(-69.6727118476356,-5.29213616375331,14.));
#12548=CARTESIAN_POINT('Origin',(-69.6727118476356,-5.29213616375331,2.));
#12549=CARTESIAN_POINT('Origin',(-72.6642332651536,-10.9523709299562,2.));
#12550=CARTESIAN_POINT('Origin',(-30.5585029970678,65.2968738000316,14.));
#12551=CARTESIAN_POINT('',(-31.1973926246479,67.2973287592274,2.));
#12552=CARTESIAN_POINT('',(-31.1973926246479,67.2973287592274,14.));
#12553=CARTESIAN_POINT('',(-30.1115701651687,63.2449841724516,2.));
#12554=CARTESIAN_POINT('Origin',(-30.5585029970678,65.2968738000316,2.));
#12555=CARTESIAN_POINT('',(-30.1115701651687,63.2449841724516,14.));
#12556=CARTESIAN_POINT('Origin',(-36.3476073753522,70.2708066319309,14.));
#12557=CARTESIAN_POINT('',(-36.3476073753522,70.2708066319309,2.));
#12558=CARTESIAN_POINT('',(-36.3476073753522,70.2708066319309,14.));
#12559=CARTESIAN_POINT('',(-28.6283091015204,65.8140676955791,2.));
#12560=CARTESIAN_POINT('Origin',(-38.3994970029322,69.8238738000317,14.));
#12561=CARTESIAN_POINT('',(-40.399951962128,69.1849841724516,2.));
#12562=CARTESIAN_POINT('',(-40.399951962128,69.1849841724516,14.));
#12563=CARTESIAN_POINT('Origin',(-38.3994970029322,69.8238738000317,2.));
#12564=CARTESIAN_POINT('Origin',(-43.3734298348314,64.0347694217474,14.));
#12565=CARTESIAN_POINT('',(-43.3734298348314,64.0347694217474,2.));
#12566=CARTESIAN_POINT('',(-43.3734298348314,64.0347694217474,14.));
#12567=CARTESIAN_POINT('',(-38.9166908984797,71.7540676955792,2.));
#12568=CARTESIAN_POINT('Origin',(-42.9264970029323,61.9828797941673,14.));
#12569=CARTESIAN_POINT('',(-42.2876073753523,59.9824248349716,2.));
#12570=CARTESIAN_POINT('',(-42.2876073753523,59.9824248349716,14.));
#12571=CARTESIAN_POINT('Origin',(-42.9264970029323,61.9828797941673,2.));
#12572=CARTESIAN_POINT('Origin',(-37.137392624648,57.0089469622681,14.));
#12573=CARTESIAN_POINT('',(-37.137392624648,57.0089469622681,2.));
#12574=CARTESIAN_POINT('',(-37.137392624648,57.0089469622681,14.));
#12575=CARTESIAN_POINT('',(-44.8566908984797,61.4656858986199,2.));
#12576=CARTESIAN_POINT('Origin',(-35.0855029970679,57.4558797941673,14.));
#12577=CARTESIAN_POINT('',(-33.0850480378722,58.0947694217473,2.));
#12578=CARTESIAN_POINT('',(-33.0850480378722,58.0947694217473,14.));
#12579=CARTESIAN_POINT('Origin',(-35.0855029970679,57.4558797941673,2.));
#12580=CARTESIAN_POINT('Origin',(-30.1115701651687,63.2449841724516,14.));
#12581=CARTESIAN_POINT('',(-34.5683091015205,55.5256858986198,2.));
#12582=CARTESIAN_POINT('Origin',(-36.7425000000001,63.6398767970995,2.));
#12583=CARTESIAN_POINT('Origin',(50.0378490154801,52.3234757672925,14.));
#12584=CARTESIAN_POINT('',(50.0378490154801,52.3234757672925,2.));
#12585=CARTESIAN_POINT('',(50.0378490154801,52.3234757672925,14.));
#12586=CARTESIAN_POINT('',(44.2399958677625,51.0001536162909,2.));
#12587=CARTESIAN_POINT('',(41.3478506442498,50.3400403397594,2.));
#12588=CARTESIAN_POINT('',(44.2399958677625,51.0001536162909,14.));
#12589=CARTESIAN_POINT('Origin',(51.2379990186043,54.046740102791,14.));
#12590=CARTESIAN_POINT('',(52.2698809624613,55.8757342673367,2.));
#12591=CARTESIAN_POINT('',(52.2698809624613,55.8757342673367,14.));
#12592=CARTESIAN_POINT('Origin',(51.2379990186043,54.046740102791,2.));
#12593=CARTESIAN_POINT('Origin',(50.9465588114597,61.6735874150542,14.));
#12594=CARTESIAN_POINT('',(50.9465588114597,61.6735874150542,2.));
#12595=CARTESIAN_POINT('',(50.9465588114597,61.6735874150542,14.));
#12596=CARTESIAN_POINT('',(52.9299942389928,52.983589043824,2.));
#12597=CARTESIAN_POINT('Origin',(49.2232944759612,62.8737374181785,14.));
#12598=CARTESIAN_POINT('',(47.3943003114156,63.9056193620355,2.));
#12599=CARTESIAN_POINT('',(47.3943003114156,63.9056193620355,14.));
#12600=CARTESIAN_POINT('Origin',(49.2232944759612,62.8737374181785,2.));
#12601=CARTESIAN_POINT('Origin',(41.596447163698,62.5822972110339,14.));
#12602=CARTESIAN_POINT('',(41.596447163698,62.5822972110339,2.));
#12603=CARTESIAN_POINT('',(41.596447163698,62.5822972110339,14.));
#12604=CARTESIAN_POINT('',(50.2864455349283,64.565732638567,2.));
#12605=CARTESIAN_POINT('Origin',(40.3962971605738,60.8590328755354,14.));
#12606=CARTESIAN_POINT('',(39.3644152167167,59.0300387109897,2.));
#12607=CARTESIAN_POINT('',(39.3644152167167,59.0300387109897,14.));
#12608=CARTESIAN_POINT('Origin',(40.3962971605738,60.8590328755354,2.));
#12609=CARTESIAN_POINT('Origin',(40.6877373677183,53.2321855632722,14.));
#12610=CARTESIAN_POINT('',(40.6877373677183,53.2321855632722,2.));
#12611=CARTESIAN_POINT('',(40.6877373677183,53.2321855632722,14.));
#12612=CARTESIAN_POINT('',(38.7043019401853,61.9221839345025,2.));
#12613=CARTESIAN_POINT('Origin',(42.4110017032169,52.0320355601479,14.));
#12614=CARTESIAN_POINT('Origin',(42.4110017032169,52.0320355601479,2.));
#12615=CARTESIAN_POINT('Origin',(45.817148089589,57.4528864891632,2.));
#12616=CARTESIAN_POINT('Origin',(66.9874290420938,15.8571601334474,14.));
#12617=CARTESIAN_POINT('',(66.9874290420938,15.8571601334474,2.));
#12618=CARTESIAN_POINT('',(66.9874290420938,15.8571601334474,14.));
#12619=CARTESIAN_POINT('',(63.6373895859219,20.7707655591933,2.));
#12620=CARTESIAN_POINT('',(61.9662881687428,23.221821165507,2.));
#12621=CARTESIAN_POINT('',(63.6373895859219,20.7707655591933,14.));
#12622=CARTESIAN_POINT('Origin',(69.0300346051906,15.3695511573138,14.));
#12623=CARTESIAN_POINT('',(71.1095860655866,15.0772059443126,2.));
#12624=CARTESIAN_POINT('',(71.1095860655866,15.0772059443126,14.));
#12625=CARTESIAN_POINT('Origin',(69.0300346051906,15.3695511573138,2.));
#12626=CARTESIAN_POINT('Origin',(76.0231914913325,18.4272454004846,14.));
#12627=CARTESIAN_POINT('',(76.0231914913325,18.4272454004846,2.));
#12628=CARTESIAN_POINT('',(76.0231914913325,18.4272454004846,14.));
#12629=CARTESIAN_POINT('',(68.6585304592728,13.4061045271336,2.));
#12630=CARTESIAN_POINT('Origin',(76.5108004674661,20.4698509635814,14.));
#12631=CARTESIAN_POINT('',(76.8031456804672,22.5494024239774,2.));
#12632=CARTESIAN_POINT('',(76.8031456804672,22.5494024239774,14.));
#12633=CARTESIAN_POINT('Origin',(76.5108004674661,20.4698509635814,2.));
#12634=CARTESIAN_POINT('Origin',(73.4531062242953,27.4630078497233,14.));
#12635=CARTESIAN_POINT('',(73.4531062242953,27.4630078497233,2.));
#12636=CARTESIAN_POINT('',(73.4531062242953,27.4630078497233,14.));
#12637=CARTESIAN_POINT('',(78.4742470976463,20.0983468176636,2.));
#12638=CARTESIAN_POINT('Origin',(71.4105006611985,27.9506168258569,14.));
#12639=CARTESIAN_POINT('',(69.3309492008025,28.242962038858,2.));
#12640=CARTESIAN_POINT('',(69.3309492008025,28.242962038858,14.));
#12641=CARTESIAN_POINT('Origin',(71.4105006611985,27.9506168258569,2.));
#12642=CARTESIAN_POINT('Origin',(64.4173437750566,24.8929225826861,14.));
#12643=CARTESIAN_POINT('',(64.4173437750566,24.8929225826861,2.));
#12644=CARTESIAN_POINT('',(64.4173437750566,24.8929225826861,14.));
#12645=CARTESIAN_POINT('',(71.7820048071163,29.9140634560371,2.));
#12646=CARTESIAN_POINT('Origin',(63.929734798923,22.8503170195893,14.));
#12647=CARTESIAN_POINT('Origin',(63.929734798923,22.8503170195893,2.));
#12648=CARTESIAN_POINT('Origin',(70.2202676331945,21.6600839915853,2.));
#12649=CARTESIAN_POINT('Origin',(7.54649644458939,66.9626920464846,14.));
#12650=CARTESIAN_POINT('',(7.54649644458939,66.9626920464846,2.));
#12651=CARTESIAN_POINT('',(7.54649644458939,66.9626920464846,14.));
#12652=CARTESIAN_POINT('',(1.66596328177636,67.8490398105619,2.));
#12653=CARTESIAN_POINT('',(-1.26742524415294,68.2911769925387,2.));
#12654=CARTESIAN_POINT('',(1.66596328177636,67.8490398105619,14.));
#12655=CARTESIAN_POINT('Origin',(9.29326373597129,68.1283695446625,14.));
#12656=CARTESIAN_POINT('',(10.9220221524955,69.4539433904371,2.));
#12657=CARTESIAN_POINT('',(10.9220221524955,69.4539433904371,14.));
#12658=CARTESIAN_POINT('Origin',(9.29326373597129,68.1283695446625,2.));
#12659=CARTESIAN_POINT('Origin',(11.8083699165728,75.3344765532501,14.));
#12660=CARTESIAN_POINT('',(11.8083699165728,75.3344765532501,2.));
#12661=CARTESIAN_POINT('',(11.8083699165728,75.3344765532501,14.));
#12662=CARTESIAN_POINT('',(10.4798849705187,66.5205548645078,2.));
#12663=CARTESIAN_POINT('Origin',(10.6426924183949,77.081243844632,14.));
#12664=CARTESIAN_POINT('',(9.31711857262032,78.7100022611562,2.));
#12665=CARTESIAN_POINT('',(9.31711857262032,78.7100022611562,14.));
#12666=CARTESIAN_POINT('Origin',(10.6426924183949,77.081243844632,2.));
#12667=CARTESIAN_POINT('Origin',(3.4365854098073,79.5963500252335,14.));
#12668=CARTESIAN_POINT('',(3.4365854098073,79.5963500252335,2.));
#12669=CARTESIAN_POINT('',(3.4365854098073,79.5963500252335,14.));
#12670=CARTESIAN_POINT('',(12.2505070985496,78.2678650791794,2.));
#12671=CARTESIAN_POINT('Origin',(1.6898181184254,78.4306725270556,14.));
#12672=CARTESIAN_POINT('',(0.0610597019011583,77.105098681281,2.));
#12673=CARTESIAN_POINT('',(0.0610597019011583,77.105098681281,14.));
#12674=CARTESIAN_POINT('Origin',(1.6898181184254,78.4306725270556,2.));
#12675=CARTESIAN_POINT('Origin',(-0.825288062176124,71.224565518468,14.));
#12676=CARTESIAN_POINT('',(-0.825288062176122,71.224565518468,2.));
#12677=CARTESIAN_POINT('',(-0.825288062176122,71.224565518468,14.));
#12678=CARTESIAN_POINT('',(0.503196883877983,80.0384872072104,2.));
#12679=CARTESIAN_POINT('Origin',(0.340389436001836,69.4777982270861,14.));
#12680=CARTESIAN_POINT('Origin',(0.340389436001836,69.4777982270861,2.));
#12681=CARTESIAN_POINT('Origin',(5.49154092719835,73.279521035859,2.));
#12682=CARTESIAN_POINT('Origin',(-63.4175513846382,37.9122346067883,14.));
#12683=CARTESIAN_POINT('',(-63.4175513846382,37.9122346067883,2.));
#12684=CARTESIAN_POINT('',(-63.4175513846382,37.9122346067883,14.));
#12685=CARTESIAN_POINT('',(-59.7096851229528,33.2627173820335,2.));
#12686=CARTESIAN_POINT('',(-57.8600888284383,30.9433969903971,2.));
#12687=CARTESIAN_POINT('',(-59.7096851229528,33.2627173820335,14.));
#12688=CARTESIAN_POINT('Origin',(-65.4908844728634,38.2458360235592,14.));
#12689=CARTESIAN_POINT('',(-67.586468070789,38.3819587039102,2.));
#12690=CARTESIAN_POINT('',(-67.586468070789,38.3819587039102,14.));
#12691=CARTESIAN_POINT('Origin',(-65.4908844728634,38.2458360235592,2.));
#12692=CARTESIAN_POINT('Origin',(-72.2359852955439,34.6740924422248,14.));
#12693=CARTESIAN_POINT('',(-72.2359852955439,34.6740924422248,2.));
#12694=CARTESIAN_POINT('',(-72.2359852955439,34.6740924422248,14.));
#12695=CARTESIAN_POINT('',(-65.2671476791526,40.2315549984247,2.));
#12696=CARTESIAN_POINT('Origin',(-72.5695867123147,32.6007593539996,14.));
#12697=CARTESIAN_POINT('',(-72.7057093926658,30.505175756074,2.));
#12698=CARTESIAN_POINT('',(-72.7057093926658,30.505175756074,14.));
#12699=CARTESIAN_POINT('Origin',(-72.5695867123147,32.6007593539996,2.));
#12700=CARTESIAN_POINT('Origin',(-68.9978431309804,25.8556585313192,14.));
#12701=CARTESIAN_POINT('',(-68.9978431309804,25.8556585313192,2.));
#12702=CARTESIAN_POINT('',(-68.9978431309804,25.8556585313192,14.));
#12703=CARTESIAN_POINT('',(-74.5553056871803,32.8244961477104,2.));
#12704=CARTESIAN_POINT('Origin',(-66.9245100427552,25.5220571145483,14.));
#12705=CARTESIAN_POINT('',(-64.8289264448295,25.3859344341972,2.));
#12706=CARTESIAN_POINT('',(-64.8289264448295,25.3859344341972,14.));
#12707=CARTESIAN_POINT('Origin',(-66.9245100427552,25.5220571145483,2.));
#12708=CARTESIAN_POINT('Origin',(-60.1794092200747,29.0938006958826,14.));
#12709=CARTESIAN_POINT('',(-60.1794092200747,29.0938006958826,2.));
#12710=CARTESIAN_POINT('',(-60.1794092200747,29.0938006958826,14.));
#12711=CARTESIAN_POINT('',(-67.1482468364659,23.5363381396828,2.));
#12712=CARTESIAN_POINT('Origin',(-59.8458078033039,31.1671337841078,14.));
#12713=CARTESIAN_POINT('Origin',(-59.8458078033039,31.1671337841078,2.));
#12714=CARTESIAN_POINT('Origin',(-66.2076972578093,31.8839465690538,2.));
#12715=CARTESIAN_POINT('Origin',(-58.0443552572257,-45.1298489112782,14.));
#12716=CARTESIAN_POINT('',(-59.5694990767123,-46.5734334532717,2.));
#12717=CARTESIAN_POINT('',(-59.5694990767123,-46.5734334532717,14.));
#12718=CARTESIAN_POINT('',(-56.3895834705461,-43.8368947999463,2.));
#12719=CARTESIAN_POINT('Origin',(-58.0443552572257,-45.1298489112782,2.));
#12720=CARTESIAN_POINT('',(-56.3895834705461,-43.8368947999463,14.));
#12721=CARTESIAN_POINT('Origin',(-60.0139156365645,-52.5037603042273,14.));
#12722=CARTESIAN_POINT('',(-60.0139156365645,-52.5037603042273,2.));
#12723=CARTESIAN_POINT('',(-60.0139156365645,-52.5037603042273,14.));
#12724=CARTESIAN_POINT('',(-59.347810600292,-43.6152063235259,2.));
#12725=CARTESIAN_POINT('Origin',(-58.7209615252326,-54.158532090907,14.));
#12726=CARTESIAN_POINT('',(-57.2773769832391,-55.6836759103935,2.));
#12727=CARTESIAN_POINT('',(-57.2773769832391,-55.6836759103935,14.));
#12728=CARTESIAN_POINT('Origin',(-58.7209615252326,-54.158532090907,2.));
#12729=CARTESIAN_POINT('Origin',(-51.3470501322835,-56.1280924702458,14.));
#12730=CARTESIAN_POINT('',(-51.3470501322835,-56.1280924702458,2.));
#12731=CARTESIAN_POINT('',(-51.3470501322835,-56.1280924702458,14.));
#12732=CARTESIAN_POINT('',(-60.2356041129849,-55.4619874339732,2.));
#12733=CARTESIAN_POINT('Origin',(-49.6922783456039,-54.8351383589138,14.));
#12734=CARTESIAN_POINT('',(-48.1671345261173,-53.3915538169203,2.));
#12735=CARTESIAN_POINT('',(-48.1671345261173,-53.3915538169203,14.));
#12736=CARTESIAN_POINT('Origin',(-49.6922783456039,-54.8351383589138,2.));
#12737=CARTESIAN_POINT('Origin',(-47.7227179662651,-47.4612269659647,14.));
#12738=CARTESIAN_POINT('',(-47.7227179662651,-47.4612269659647,2.));
#12739=CARTESIAN_POINT('',(-47.7227179662651,-47.4612269659647,14.));
#12740=CARTESIAN_POINT('',(-48.3888230025377,-56.3497809466661,2.));
#12741=CARTESIAN_POINT('Origin',(-49.015672077597,-45.8064551792851,14.));
#12742=CARTESIAN_POINT('',(-50.4592566195906,-44.2813113597985,2.));
#12743=CARTESIAN_POINT('',(-50.4592566195906,-44.2813113597985,14.));
#12744=CARTESIAN_POINT('Origin',(-49.015672077597,-45.8064551792851,2.));
#12745=CARTESIAN_POINT('Origin',(-56.3895834705461,-43.8368947999463,14.));
#12746=CARTESIAN_POINT('',(-47.5010294898447,-44.5029998362189,2.));
#12747=CARTESIAN_POINT('Origin',(-53.8683168014148,-49.982493635096,2.));
#12748=CARTESIAN_POINT('Origin',(33.067024760098,-70.7371069477581,14.));
#12749=CARTESIAN_POINT('',(33.067024760098,-70.7371069477581,2.));
#12750=CARTESIAN_POINT('',(33.067024760098,-70.7371069477581,14.));
#12751=CARTESIAN_POINT('',(28.7075977222639,-74.782064121775,2.));
#12752=CARTESIAN_POINT('',(26.5329831255337,-76.7998116003829,2.));
#12753=CARTESIAN_POINT('',(28.7075977222639,-74.782064121775,14.));
#12754=CARTESIAN_POINT('Origin',(33.2447529834063,-68.6446412542186,14.));
#12755=CARTESIAN_POINT('',(33.2238918782202,-66.54474487242,2.));
#12756=CARTESIAN_POINT('',(33.2238918782202,-66.54474487242,14.));
#12757=CARTESIAN_POINT('Origin',(33.2447529834063,-68.6446412542186,2.));
#12758=CARTESIAN_POINT('Origin',(29.1789347042033,-62.1853178345859,14.));
#12759=CARTESIAN_POINT('',(29.1789347042033,-62.1853178345859,2.));
#12760=CARTESIAN_POINT('',(29.1789347042033,-62.1853178345859,14.));
#12761=CARTESIAN_POINT('',(35.2416393568281,-68.7193594691501,2.));
#12762=CARTESIAN_POINT('Origin',(27.0864690106638,-62.0075896112776,14.));
#12763=CARTESIAN_POINT('',(24.9865726288652,-62.0284507164637,2.));
#12764=CARTESIAN_POINT('',(24.9865726288652,-62.0284507164637,14.));
#12765=CARTESIAN_POINT('Origin',(27.0864690106638,-62.0075896112776,2.));
#12766=CARTESIAN_POINT('Origin',(20.6271455910311,-66.0734078904806,14.));
#12767=CARTESIAN_POINT('',(20.6271455910311,-66.0734078904806,2.));
#12768=CARTESIAN_POINT('',(20.6271455910311,-66.0734078904806,14.));
#12769=CARTESIAN_POINT('',(27.1611872255953,-60.0107032378558,2.));
#12770=CARTESIAN_POINT('Origin',(20.4494173677228,-68.1658735840201,14.));
#12771=CARTESIAN_POINT('',(20.4702784729089,-70.2657699658186,2.));
#12772=CARTESIAN_POINT('',(20.4702784729089,-70.2657699658186,14.));
#12773=CARTESIAN_POINT('Origin',(20.4494173677228,-68.1658735840201,2.));
#12774=CARTESIAN_POINT('Origin',(24.5152356469258,-74.6251970036528,14.));
#12775=CARTESIAN_POINT('',(24.5152356469258,-74.6251970036528,2.));
#12776=CARTESIAN_POINT('',(24.5152356469258,-74.6251970036528,14.));
#12777=CARTESIAN_POINT('',(18.452530994301,-68.0911553690885,2.));
#12778=CARTESIAN_POINT('Origin',(26.6077013404653,-74.8029252269611,14.));
#12779=CARTESIAN_POINT('Origin',(26.6077013404653,-74.8029252269611,2.));
#12780=CARTESIAN_POINT('Origin',(26.8470851755645,-68.4052574191193,2.));
#12781=CARTESIAN_POINT('Origin',(76.8031456803121,-22.5494024251263,14.));
#12782=CARTESIAN_POINT('',(76.8031456803121,-22.5494024251263,2.));
#12783=CARTESIAN_POINT('',(76.8031456803121,-22.5494024251263,14.));
#12784=CARTESIAN_POINT('',(73.4531062232825,-27.4630078502875,2.));
#12785=CARTESIAN_POINT('',(71.7820048056757,-29.9140634563097,2.));
#12786=CARTESIAN_POINT('',(73.4531062232825,-27.4630078502875,14.));
#12787=CARTESIAN_POINT('Origin',(76.5108004676739,-20.4698509646792,14.));
#12788=CARTESIAN_POINT('',(76.0231914918968,-18.4272454014973,2.));
#12789=CARTESIAN_POINT('',(76.0231914918968,-18.4272454014973,14.));
#12790=CARTESIAN_POINT('Origin',(76.5108004676739,-20.4698509646792,2.));
#12791=CARTESIAN_POINT('Origin',(71.1095860667356,-15.0772059444677,14.));
#12792=CARTESIAN_POINT('',(71.1095860667356,-15.0772059444677,2.));
#12793=CARTESIAN_POINT('',(71.1095860667356,-15.0772059444677,14.));
#12794=CARTESIAN_POINT('',(78.4742470979189,-20.0983468191041,2.));
#12795=CARTESIAN_POINT('Origin',(69.0300346062885,-15.3695511571059,14.));
#12796=CARTESIAN_POINT('',(66.9874290431066,-15.857160132883,2.));
#12797=CARTESIAN_POINT('',(66.9874290431066,-15.857160132883,14.));
#12798=CARTESIAN_POINT('Origin',(69.0300346062885,-15.3695511571059,2.));
#12799=CARTESIAN_POINT('Origin',(63.637389586077,-20.7707655580443,14.));
#12800=CARTESIAN_POINT('',(63.637389586077,-20.7707655580443,2.));
#12801=CARTESIAN_POINT('',(63.637389586077,-20.7707655580443,14.));
#12802=CARTESIAN_POINT('',(68.6585304607134,-13.4061045268609,2.));
#12803=CARTESIAN_POINT('Origin',(63.9297347987152,-22.8503170184913,14.));
#12804=CARTESIAN_POINT('',(64.4173437744923,-24.8929225816733,2.));
#12805=CARTESIAN_POINT('',(64.4173437744923,-24.8929225816733,14.));
#12806=CARTESIAN_POINT('Origin',(63.9297347987152,-22.8503170184913,2.));
#12807=CARTESIAN_POINT('Origin',(69.3309491996535,-28.2429620387028,14.));
#12808=CARTESIAN_POINT('',(69.3309491996535,-28.2429620387028,2.));
#12809=CARTESIAN_POINT('',(69.3309491996535,-28.2429620387028,14.));
#12810=CARTESIAN_POINT('',(61.9662881684702,-23.2218211640664,2.));
#12811=CARTESIAN_POINT('Origin',(71.4105006601006,-27.9506168260646,14.));
#12812=CARTESIAN_POINT('Origin',(71.4105006601006,-27.9506168260646,2.));
#12813=CARTESIAN_POINT('Origin',(70.2202676331946,-21.6600839915853,2.));
#12814=CARTESIAN_POINT('Origin',(0.0610597019012593,-77.105098681281,14.));
#12815=CARTESIAN_POINT('',(0.0610597019012565,-77.105098681281,2.));
#12816=CARTESIAN_POINT('',(0.0610597019012565,-77.105098681281,14.));
#12817=CARTESIAN_POINT('',(-0.825288062176027,-71.224565518468,2.));
#12818=CARTESIAN_POINT('',(-1.26742524415285,-68.2911769925387,2.));
#12819=CARTESIAN_POINT('',(-0.825288062176027,-71.224565518468,14.));
#12820=CARTESIAN_POINT('Origin',(1.68981811842551,-78.4306725270555,14.));
#12821=CARTESIAN_POINT('',(3.43658540980738,-79.5963500252335,2.));
#12822=CARTESIAN_POINT('',(3.43658540980738,-79.5963500252335,14.));
#12823=CARTESIAN_POINT('Origin',(1.68981811842551,-78.4306725270555,2.));
#12824=CARTESIAN_POINT('Origin',(9.31711857262039,-78.7100022611562,14.));
#12825=CARTESIAN_POINT('',(9.31711857262039,-78.7100022611562,2.));
#12826=CARTESIAN_POINT('',(9.31711857262039,-78.7100022611562,14.));
#12827=CARTESIAN_POINT('',(0.503196883878072,-80.0384872072103,2.));
#12828=CARTESIAN_POINT('Origin',(10.6426924183949,-77.081243844632,14.));
#12829=CARTESIAN_POINT('',(11.8083699165729,-75.3344765532501,2.));
#12830=CARTESIAN_POINT('',(11.8083699165729,-75.3344765532501,14.));
#12831=CARTESIAN_POINT('Origin',(10.6426924183949,-77.081243844632,2.));
#12832=CARTESIAN_POINT('Origin',(10.9220221524956,-69.4539433904371,14.));
#12833=CARTESIAN_POINT('',(10.9220221524956,-69.4539433904371,2.));
#12834=CARTESIAN_POINT('',(10.9220221524956,-69.4539433904371,14.));
#12835=CARTESIAN_POINT('',(12.2505070985497,-78.2678650791794,2.));
#12836=CARTESIAN_POINT('Origin',(9.29326373597134,-68.1283695446625,14.));
#12837=CARTESIAN_POINT('',(7.54649644458945,-66.9626920464846,2.));
#12838=CARTESIAN_POINT('',(7.54649644458945,-66.9626920464846,14.));
#12839=CARTESIAN_POINT('Origin',(9.29326373597134,-68.1283695446625,2.));
#12840=CARTESIAN_POINT('Origin',(1.66596328177647,-67.8490398105619,14.));
#12841=CARTESIAN_POINT('',(1.66596328177647,-67.8490398105619,2.));
#12842=CARTESIAN_POINT('',(1.66596328177647,-67.8490398105619,14.));
#12843=CARTESIAN_POINT('',(10.4798849705188,-66.5205548645078,2.));
#12844=CARTESIAN_POINT('Origin',(0.340389436001942,-69.4777982270861,14.));
#12845=CARTESIAN_POINT('Origin',(0.340389436001942,-69.4777982270861,2.));
#12846=CARTESIAN_POINT('Origin',(5.49154092719843,-73.279521035859,2.));
#12847=CARTESIAN_POINT('Origin',(-72.7057093933871,-30.5051757594765,14.));
#12848=CARTESIAN_POINT('',(-72.7057093933871,-30.5051757594765,2.));
#12849=CARTESIAN_POINT('',(-72.7057093933871,-30.5051757594765,14.));
#12850=CARTESIAN_POINT('',(-68.9978431341365,-25.8556585327808,2.));
#12851=CARTESIAN_POINT('',(-67.1482468408367,-23.5363381401762,2.));
#12852=CARTESIAN_POINT('',(-68.9978431341365,-25.8556585327808,14.));
#12853=CARTESIAN_POINT('Origin',(-72.5695867119388,-32.6007593573307,14.));
#12854=CARTESIAN_POINT('',(-72.2359852940823,-34.674092445381,2.));
#12855=CARTESIAN_POINT('',(-72.2359852940823,-34.674092445381,14.));
#12856=CARTESIAN_POINT('Origin',(-72.5695867119388,-32.6007593573307,2.));
#12857=CARTESIAN_POINT('Origin',(-67.5864680673866,-38.3819587046315,14.));
#12858=CARTESIAN_POINT('',(-67.5864680673866,-38.3819587046315,2.));
#12859=CARTESIAN_POINT('',(-67.5864680673866,-38.3819587046315,14.));
#12860=CARTESIAN_POINT('',(-74.5553056866869,-32.8244961520811,2.));
#12861=CARTESIAN_POINT('Origin',(-65.4908844695324,-38.2458360231832,14.));
#12862=CARTESIAN_POINT('',(-63.4175513814821,-37.9122346053267,2.));
#12863=CARTESIAN_POINT('',(-63.4175513814821,-37.9122346053267,14.));
#12864=CARTESIAN_POINT('Origin',(-65.4908844695324,-38.2458360231832,2.));
#12865=CARTESIAN_POINT('Origin',(-59.7096851222316,-33.262717378631,14.));
#12866=CARTESIAN_POINT('',(-59.7096851222316,-33.262717378631,2.));
#12867=CARTESIAN_POINT('',(-59.7096851222316,-33.262717378631,14.));
#12868=CARTESIAN_POINT('',(-65.267147674782,-40.2315549979314,2.));
#12869=CARTESIAN_POINT('Origin',(-59.8458078036799,-31.1671337807769,14.));
#12870=CARTESIAN_POINT('',(-60.1794092215363,-29.0938006927265,2.));
#12871=CARTESIAN_POINT('',(-60.1794092215363,-29.0938006927265,14.));
#12872=CARTESIAN_POINT('Origin',(-59.8458078036799,-31.1671337807769,2.));
#12873=CARTESIAN_POINT('Origin',(-64.8289264482321,-25.385934433476,14.));
#12874=CARTESIAN_POINT('',(-64.8289264482321,-25.385934433476,2.));
#12875=CARTESIAN_POINT('',(-64.8289264482321,-25.385934433476,14.));
#12876=CARTESIAN_POINT('',(-57.8600888289317,-30.9433969860264,2.));
#12877=CARTESIAN_POINT('Origin',(-66.9245100460862,-25.5220571149243,14.));
#12878=CARTESIAN_POINT('Origin',(-66.9245100460862,-25.5220571149243,2.));
#12879=CARTESIAN_POINT('Origin',(-66.2076972578093,-31.8839465690538,2.));
#12880=CARTESIAN_POINT('Origin',(-57.2773769842338,55.683675909798,14.));
#12881=CARTESIAN_POINT('',(-57.2773769842338,55.683675909798,2.));
#12882=CARTESIAN_POINT('',(-57.2773769842338,55.683675909798,14.));
#12883=CARTESIAN_POINT('',(-51.3470501333564,56.1280924706852,2.));
#12884=CARTESIAN_POINT('',(-48.3888230036495,56.3497809476218,2.));
#12885=CARTESIAN_POINT('',(-51.3470501333564,56.1280924706852,14.));
#12886=CARTESIAN_POINT('Origin',(-58.720961525961,54.1585320900596,14.));
#12887=CARTESIAN_POINT('',(-60.013915637004,52.5037603031544,2.));
#12888=CARTESIAN_POINT('',(-60.013915637004,52.5037603031544,14.));
#12889=CARTESIAN_POINT('Origin',(-58.720961525961,54.1585320900596,2.));
#12890=CARTESIAN_POINT('Origin',(-59.5694990761168,46.573433452277,14.));
#12891=CARTESIAN_POINT('',(-59.5694990761168,46.573433452277,2.));
#12892=CARTESIAN_POINT('',(-59.5694990761168,46.573433452277,14.));
#12893=CARTESIAN_POINT('',(-60.2356041139407,55.4619874328613,2.));
#12894=CARTESIAN_POINT('Origin',(-58.0443552563784,45.1298489105498,14.));
#12895=CARTESIAN_POINT('',(-56.3895834694733,43.8368947995068,2.));
#12896=CARTESIAN_POINT('',(-56.3895834694733,43.8368947995068,14.));
#12897=CARTESIAN_POINT('Origin',(-58.0443552563784,45.1298489105498,2.));
#12898=CARTESIAN_POINT('Origin',(-50.4592566185959,44.281311360394,14.));
#12899=CARTESIAN_POINT('',(-50.4592566185959,44.281311360394,2.));
#12900=CARTESIAN_POINT('',(-50.4592566185959,44.281311360394,14.));
#12901=CARTESIAN_POINT('',(-59.3478105991801,43.6152063225702,2.));
#12902=CARTESIAN_POINT('Origin',(-49.0156720768686,45.8064551801324,14.));
#12903=CARTESIAN_POINT('',(-47.7227179658257,47.4612269670375,2.));
#12904=CARTESIAN_POINT('',(-47.7227179658257,47.4612269670375,14.));
#12905=CARTESIAN_POINT('Origin',(-49.0156720768686,45.8064551801324,2.));
#12906=CARTESIAN_POINT('Origin',(-48.1671345267129,53.391553817915,14.));
#12907=CARTESIAN_POINT('',(-48.1671345267129,53.391553817915,2.));
#12908=CARTESIAN_POINT('',(-48.1671345267129,53.391553817915,14.));
#12909=CARTESIAN_POINT('',(-47.501029488889,44.5029998373307,2.));
#12910=CARTESIAN_POINT('Origin',(-49.6922783464513,54.8351383596422,14.));
#12911=CARTESIAN_POINT('Origin',(-49.6922783464513,54.8351383596422,2.));
#12912=CARTESIAN_POINT('Origin',(-53.8683168014148,49.982493635096,2.));
#12913=CARTESIAN_POINT('Origin',(24.9865726288652,62.0284507164637,14.));
#12914=CARTESIAN_POINT('',(24.9865726288652,62.0284507164637,2.));
#12915=CARTESIAN_POINT('',(24.9865726288652,62.0284507164637,14.));
#12916=CARTESIAN_POINT('',(20.627145591031,66.0734078904806,2.));
#12917=CARTESIAN_POINT('',(18.4525309943009,68.0911553690886,2.));
#12918=CARTESIAN_POINT('',(20.627145591031,66.0734078904806,14.));
#12919=CARTESIAN_POINT('Origin',(27.0864690106637,62.0075896112776,14.));
#12920=CARTESIAN_POINT('',(29.1789347042033,62.1853178345859,2.));
#12921=CARTESIAN_POINT('',(29.1789347042033,62.1853178345859,14.));
#12922=CARTESIAN_POINT('Origin',(27.0864690106637,62.0075896112776,2.));
#12923=CARTESIAN_POINT('Origin',(33.2238918782201,66.5447448724201,14.));
#12924=CARTESIAN_POINT('',(33.2238918782201,66.5447448724201,2.));
#12925=CARTESIAN_POINT('',(33.2238918782201,66.5447448724201,14.));
#12926=CARTESIAN_POINT('',(27.1611872255953,60.0107032378558,2.));
#12927=CARTESIAN_POINT('Origin',(33.2447529834063,68.6446412542186,14.));
#12928=CARTESIAN_POINT('',(33.067024760098,70.7371069477581,2.));
#12929=CARTESIAN_POINT('',(33.067024760098,70.7371069477581,14.));
#12930=CARTESIAN_POINT('Origin',(33.2447529834063,68.6446412542186,2.));
#12931=CARTESIAN_POINT('Origin',(28.7075977222638,74.782064121775,14.));
#12932=CARTESIAN_POINT('',(28.7075977222638,74.782064121775,2.));
#12933=CARTESIAN_POINT('',(28.7075977222638,74.782064121775,14.));
#12934=CARTESIAN_POINT('',(35.2416393568281,68.7193594691502,2.));
#12935=CARTESIAN_POINT('Origin',(26.6077013404653,74.8029252269612,14.));
#12936=CARTESIAN_POINT('',(24.5152356469257,74.6251970036528,2.));
#12937=CARTESIAN_POINT('',(24.5152356469257,74.6251970036528,14.));
#12938=CARTESIAN_POINT('Origin',(26.6077013404653,74.8029252269612,2.));
#12939=CARTESIAN_POINT('Origin',(20.4702784729089,70.2657699658187,14.));
#12940=CARTESIAN_POINT('',(20.4702784729089,70.2657699658187,2.));
#12941=CARTESIAN_POINT('',(20.4702784729089,70.2657699658187,14.));
#12942=CARTESIAN_POINT('',(26.5329831255337,76.799811600383,2.));
#12943=CARTESIAN_POINT('Origin',(20.4494173677227,68.1658735840201,14.));
#12944=CARTESIAN_POINT('Origin',(20.4494173677227,68.1658735840201,2.));
#12945=CARTESIAN_POINT('Origin',(26.8470851755645,68.4052574191194,2.));
#12946=CARTESIAN_POINT('Origin',(67.5449999999999,-2.9734778727035,14.));
#12947=CARTESIAN_POINT('',(67.5449999999999,-2.9734778727035,2.));
#12948=CARTESIAN_POINT('',(67.5449999999999,-2.9734778727035,14.));
#12949=CARTESIAN_POINT('',(67.5449999999999,2.97347787270354,2.));
#12950=CARTESIAN_POINT('',(67.5449999999999,5.94000000000015,2.));
#12951=CARTESIAN_POINT('',(67.5449999999999,2.97347787270354,14.));
#12952=CARTESIAN_POINT('Origin',(68.9579999999999,-4.52700000000008,14.));
#12953=CARTESIAN_POINT('',(70.5115221272965,-5.94000000000011,2.));
#12954=CARTESIAN_POINT('',(70.5115221272965,-5.94000000000011,14.));
#12955=CARTESIAN_POINT('Origin',(68.9579999999999,-4.52700000000008,2.));
#12956=CARTESIAN_POINT('Origin',(76.4584778727035,-5.94000000000011,14.));
#12957=CARTESIAN_POINT('',(76.4584778727035,-5.94000000000011,2.));
#12958=CARTESIAN_POINT('',(76.4584778727035,-5.94000000000011,14.));
#12959=CARTESIAN_POINT('',(67.5449999999999,-5.94000000000011,2.));
#12960=CARTESIAN_POINT('Origin',(78.0120000000001,-4.52700000000008,14.));
#12961=CARTESIAN_POINT('',(79.4250000000001,-2.97347787270351,2.));
#12962=CARTESIAN_POINT('',(79.4250000000001,-2.97347787270351,14.));
#12963=CARTESIAN_POINT('Origin',(78.0120000000001,-4.52700000000008,2.));
#12964=CARTESIAN_POINT('Origin',(79.4250000000001,2.97347787270355,14.));
#12965=CARTESIAN_POINT('',(79.4250000000001,2.97347787270355,2.));
#12966=CARTESIAN_POINT('',(79.4250000000001,2.97347787270355,14.));
#12967=CARTESIAN_POINT('',(79.4250000000001,-5.94000000000011,2.));
#12968=CARTESIAN_POINT('Origin',(78.0120000000001,4.52700000000012,14.));
#12969=CARTESIAN_POINT('',(76.4584778727035,5.94000000000015,2.));
#12970=CARTESIAN_POINT('',(76.4584778727035,5.94000000000015,14.));
#12971=CARTESIAN_POINT('Origin',(78.0120000000001,4.52700000000012,2.));
#12972=CARTESIAN_POINT('Origin',(70.5115221272965,5.94000000000015,14.));
#12973=CARTESIAN_POINT('',(70.5115221272965,5.94000000000015,2.));
#12974=CARTESIAN_POINT('',(70.5115221272965,5.94000000000015,14.));
#12975=CARTESIAN_POINT('',(79.4250000000001,5.94000000000016,2.));
#12976=CARTESIAN_POINT('Origin',(68.9579999999999,4.52700000000012,14.));
#12977=CARTESIAN_POINT('Origin',(68.9579999999999,4.52700000000012,2.));
#12978=CARTESIAN_POINT('Origin',(73.485,2.1094237467878E-14,2.));
#12979=CARTESIAN_POINT('Origin',(0.,0.,0.));
#12980=CARTESIAN_POINT('',(-95.,1.16341445918999E-14,12.));
#12981=CARTESIAN_POINT('',(-95.,-1.16341445918999E-14,0.));
#12982=CARTESIAN_POINT('Origin',(0.,0.,12.));
#12983=CARTESIAN_POINT('Origin',(0.,0.,0.));
#12984=CARTESIAN_POINT('',(60.,7.34788079488412E-15,0.));
#12985=CARTESIAN_POINT('',(60.,7.34788079488412E-15,0.));
#12986=CARTESIAN_POINT('Origin',(0.,0.,0.));
#12987=CARTESIAN_POINT('Origin',(0.,0.,0.));
#12988=CARTESIAN_POINT('',(-120.,-1.46957615897682E-14,12.));
#12989=CARTESIAN_POINT('Origin',(0.,0.,12.));
#12990=CARTESIAN_POINT('',(-120.,-1.46957615897682E-14,0.));
#12991=CARTESIAN_POINT('',(-120.,-1.46957615897682E-14,0.));
#12992=CARTESIAN_POINT('Origin',(0.,0.,0.));
#12993=CARTESIAN_POINT('Origin',(0.,0.,12.));
#12994=CARTESIAN_POINT('Origin',(0.,0.,0.));
#12995=UNCERTAINTY_MEASURE_WITH_UNIT(LENGTH_MEASURE(0.01),#12999,
'DISTANCE_ACCURACY_VALUE',
'Maximum model space distance between geometric entities at asserted c
onnectivities');
#12996=UNCERTAINTY_MEASURE_WITH_UNIT(LENGTH_MEASURE(0.01),#12999,
'DISTANCE_ACCURACY_VALUE',
'Maximum model space distance between geometric entities at asserted c
onnectivities');
#12997=(
GEOMETRIC_REPRESENTATION_CONTEXT(3)
GLOBAL_UNCERTAINTY_ASSIGNED_CONTEXT((#12995))
GLOBAL_UNIT_ASSIGNED_CONTEXT((#12999,#13001,#13002))
REPRESENTATION_CONTEXT('','3D')
);
#12998=(
GEOMETRIC_REPRESENTATION_CONTEXT(3)
GLOBAL_UNCERTAINTY_ASSIGNED_CONTEXT((#12996))
GLOBAL_UNIT_ASSIGNED_CONTEXT((#12999,#13001,#13002))
REPRESENTATION_CONTEXT('','3D')
);
#12999=(
LENGTH_UNIT()
NAMED_UNIT(*)
SI_UNIT(.MILLI.,.METRE.)
);
#13000=(
LENGTH_UNIT()
NAMED_UNIT(*)
SI_UNIT(.CENTI.,.METRE.)
);
#13001=(
NAMED_UNIT(*)
PLANE_ANGLE_UNIT()
SI_UNIT($,.RADIAN.)
);
#13002=(
NAMED_UNIT(*)
SI_UNIT($,.STERADIAN.)
SOLID_ANGLE_UNIT()
);
#13003=SHAPE_DEFINITION_REPRESENTATION(#13004,#13005);
#13004=PRODUCT_DEFINITION_SHAPE('',$,#13007);
#13005=SHAPE_REPRESENTATION('',(#7579),#12997);
#13006=PRODUCT_DEFINITION_CONTEXT('part definition',#13011,'design');
#13007=PRODUCT_DEFINITION('Ring_0','Ring_0',#13008,#13006);
#13008=PRODUCT_DEFINITION_FORMATION('',$,#13013);
#13009=PRODUCT_RELATED_PRODUCT_CATEGORY('Ring_0','Ring_0',(#13013));
#13010=APPLICATION_PROTOCOL_DEFINITION('international standard',
'automotive_design',2009,#13011);
#13011=APPLICATION_CONTEXT(
'Core Data for Automotive Mechanical Design Process');
#13012=PRODUCT_CONTEXT('part definition',#13011,'mechanical');
#13013=PRODUCT('Ring_0','Ring_0',$,(#13012));
#13014=PRESENTATION_STYLE_ASSIGNMENT((#13015));
#13015=SURFACE_STYLE_USAGE(.BOTH.,#13018);
#13016=SURFACE_STYLE_RENDERING_WITH_PROPERTIES($,#13022,(#13017));
#13017=SURFACE_STYLE_TRANSPARENT(0.);
#13018=SURFACE_SIDE_STYLE('',(#13019,#13016));
#13019=SURFACE_STYLE_FILL_AREA(#13020);
#13020=FILL_AREA_STYLE('',(#13021));
#13021=FILL_AREA_STYLE_COLOUR('',#13022);
#13022=COLOUR_RGB('',0.749019607843137,0.749019607843137,0.749019607843137);
ENDSEC;
END-ISO-10303-21;
