ISO-10303-21;
HEADER;
/* Generated by software containing ST-Developer
 * from STEP Tools, Inc. (www.steptools.com) 
 */

FILE_DESCRIPTION(
/* description */ (''),
/* implementation_level */ '2;1');

FILE_NAME(
/* name */ 'Ring_10_back.stp',
/* time_stamp */ '2025-05-08T13:46:37+02:00',
/* author */ ('23661194'),
/* organization */ (''),
/* preprocessor_version */ 'ST-DEVELOPER v20',
/* originating_system */ 'Autodesk Inventor 2024',
/* authorisation */ '');

FILE_SCHEMA (('AUTOMOTIVE_DESIGN { 1 0 10303 214 3 1 1 }'));
ENDSEC;

DATA;
#10=MECHANICAL_DESIGN_GEOMETRIC_PRESENTATION_REPRESENTATION('',(#13),#11319);
#11=SHAPE_REPRESENTATION_RELATIONSHIP('SRR','None',#11326,#12);
#12=ADVANCED_BREP_SHAPE_REPRESENTATION('',(#14),#11318);
#13=STYLED_ITEM('',(#11335),#14);
#14=MANIFOLD_SOLID_BREP('Solid1',#6546);
#15=FACE_BOUND('',#766,.T.);
#16=FACE_BOUND('',#767,.T.);
#17=FACE_BOUND('',#768,.T.);
#18=FACE_BOUND('',#769,.T.);
#19=FACE_BOUND('',#770,.T.);
#20=FACE_BOUND('',#771,.T.);
#21=FACE_BOUND('',#772,.T.);
#22=FACE_BOUND('',#773,.T.);
#23=FACE_BOUND('',#774,.T.);
#24=FACE_BOUND('',#775,.T.);
#25=FACE_BOUND('',#776,.T.);
#26=FACE_BOUND('',#777,.T.);
#27=FACE_BOUND('',#778,.T.);
#28=FACE_BOUND('',#779,.T.);
#29=FACE_BOUND('',#780,.T.);
#30=FACE_BOUND('',#781,.T.);
#31=FACE_BOUND('',#782,.T.);
#32=FACE_BOUND('',#783,.T.);
#33=FACE_BOUND('',#784,.T.);
#34=FACE_BOUND('',#785,.T.);
#35=FACE_BOUND('',#786,.T.);
#36=FACE_BOUND('',#787,.T.);
#37=FACE_BOUND('',#788,.T.);
#38=FACE_BOUND('',#789,.T.);
#39=FACE_BOUND('',#790,.T.);
#40=FACE_BOUND('',#791,.T.);
#41=FACE_BOUND('',#792,.T.);
#42=FACE_BOUND('',#793,.T.);
#43=FACE_BOUND('',#794,.T.);
#44=FACE_BOUND('',#795,.T.);
#45=FACE_BOUND('',#796,.T.);
#46=FACE_BOUND('',#797,.T.);
#47=FACE_BOUND('',#798,.T.);
#48=FACE_BOUND('',#799,.T.);
#49=FACE_BOUND('',#800,.T.);
#50=FACE_BOUND('',#801,.T.);
#51=FACE_BOUND('',#802,.T.);
#52=FACE_BOUND('',#803,.T.);
#53=FACE_BOUND('',#804,.T.);
#54=FACE_BOUND('',#805,.T.);
#55=FACE_BOUND('',#806,.T.);
#56=FACE_BOUND('',#807,.T.);
#57=FACE_BOUND('',#808,.T.);
#58=FACE_BOUND('',#809,.T.);
#59=FACE_BOUND('',#810,.T.);
#60=FACE_BOUND('',#811,.T.);
#61=FACE_BOUND('',#901,.T.);
#62=FACE_BOUND('',#902,.T.);
#63=FACE_BOUND('',#903,.T.);
#64=FACE_BOUND('',#904,.T.);
#65=FACE_BOUND('',#905,.T.);
#66=FACE_BOUND('',#906,.T.);
#67=FACE_BOUND('',#907,.T.);
#68=FACE_BOUND('',#908,.T.);
#69=FACE_BOUND('',#909,.T.);
#70=FACE_BOUND('',#910,.T.);
#71=FACE_BOUND('',#911,.T.);
#72=FACE_BOUND('',#912,.T.);
#73=FACE_BOUND('',#913,.T.);
#74=FACE_BOUND('',#914,.T.);
#75=FACE_BOUND('',#915,.T.);
#76=FACE_BOUND('',#916,.T.);
#77=FACE_BOUND('',#917,.T.);
#78=FACE_BOUND('',#918,.T.);
#79=FACE_BOUND('',#919,.T.);
#80=FACE_BOUND('',#920,.T.);
#81=FACE_BOUND('',#921,.T.);
#82=FACE_BOUND('',#922,.T.);
#83=FACE_BOUND('',#923,.T.);
#84=FACE_BOUND('',#924,.T.);
#85=FACE_BOUND('',#934,.T.);
#86=FACE_BOUND('',#944,.T.);
#87=FACE_BOUND('',#954,.T.);
#88=FACE_BOUND('',#964,.T.);
#89=FACE_BOUND('',#974,.T.);
#90=FACE_BOUND('',#984,.T.);
#91=FACE_BOUND('',#994,.T.);
#92=FACE_BOUND('',#1004,.T.);
#93=FACE_BOUND('',#1014,.T.);
#94=FACE_BOUND('',#1024,.T.);
#95=FACE_BOUND('',#1034,.T.);
#96=FACE_BOUND('',#1044,.T.);
#97=FACE_BOUND('',#1054,.T.);
#98=FACE_BOUND('',#1058,.T.);
#99=FACE_BOUND('',#1059,.T.);
#100=FACE_BOUND('',#1060,.T.);
#101=FACE_BOUND('',#1061,.T.);
#102=FACE_BOUND('',#1062,.T.);
#103=FACE_BOUND('',#1063,.T.);
#104=FACE_BOUND('',#1064,.T.);
#105=FACE_BOUND('',#1065,.T.);
#106=FACE_BOUND('',#1066,.T.);
#107=FACE_BOUND('',#1067,.T.);
#108=FACE_BOUND('',#1068,.T.);
#109=FACE_BOUND('',#1069,.T.);
#110=FACE_BOUND('',#1070,.T.);
#111=FACE_BOUND('',#1071,.T.);
#112=FACE_BOUND('',#1072,.T.);
#113=FACE_BOUND('',#1073,.T.);
#114=FACE_BOUND('',#1074,.T.);
#115=PLANE('',#6572);
#116=PLANE('',#6576);
#117=PLANE('',#6580);
#118=PLANE('',#6584);
#119=PLANE('',#6588);
#120=PLANE('',#6592);
#121=PLANE('',#6596);
#122=PLANE('',#6600);
#123=PLANE('',#6604);
#124=PLANE('',#6608);
#125=PLANE('',#6612);
#126=PLANE('',#6616);
#127=PLANE('',#6620);
#128=PLANE('',#6624);
#129=PLANE('',#6628);
#130=PLANE('',#6632);
#131=PLANE('',#6633);
#132=PLANE('',#6640);
#133=PLANE('',#6650);
#134=PLANE('',#6657);
#135=PLANE('',#6667);
#136=PLANE('',#6674);
#137=PLANE('',#6684);
#138=PLANE('',#6691);
#139=PLANE('',#6701);
#140=PLANE('',#6708);
#141=PLANE('',#6718);
#142=PLANE('',#6725);
#143=PLANE('',#6735);
#144=PLANE('',#6742);
#145=PLANE('',#6752);
#146=PLANE('',#6759);
#147=PLANE('',#6769);
#148=PLANE('',#6776);
#149=PLANE('',#6786);
#150=PLANE('',#6793);
#151=PLANE('',#6803);
#152=PLANE('',#6810);
#153=PLANE('',#6820);
#154=PLANE('',#6827);
#155=PLANE('',#6837);
#156=PLANE('',#6844);
#157=PLANE('',#6854);
#158=PLANE('',#6861);
#159=PLANE('',#6871);
#160=PLANE('',#6878);
#161=PLANE('',#6888);
#162=PLANE('',#6895);
#163=PLANE('',#6908);
#164=PLANE('',#6941);
#165=PLANE('',#6946);
#166=PLANE('',#6949);
#167=PLANE('',#6952);
#168=PLANE('',#6957);
#169=PLANE('',#6960);
#170=PLANE('',#6963);
#171=PLANE('',#6966);
#172=PLANE('',#6967);
#173=PLANE('',#6968);
#174=PLANE('',#6969);
#175=PLANE('',#6975);
#176=PLANE('',#6979);
#177=PLANE('',#6983);
#178=PLANE('',#6987);
#179=PLANE('',#6991);
#180=PLANE('',#6995);
#181=PLANE('',#6999);
#182=PLANE('',#7003);
#183=PLANE('',#7007);
#184=PLANE('',#7011);
#185=PLANE('',#7057);
#186=PLANE('',#7061);
#187=PLANE('',#7065);
#188=PLANE('',#7069);
#189=PLANE('',#7073);
#190=PLANE('',#7077);
#191=PLANE('',#7081);
#192=PLANE('',#7085);
#193=PLANE('',#7089);
#194=PLANE('',#7093);
#195=PLANE('',#7097);
#196=PLANE('',#7101);
#197=PLANE('',#7105);
#198=PLANE('',#7106);
#199=PLANE('',#7161);
#200=PLANE('',#7164);
#201=PLANE('',#7167);
#202=PLANE('',#7170);
#203=PLANE('',#7173);
#204=PLANE('',#7176);
#205=PLANE('',#7179);
#206=PLANE('',#7182);
#207=PLANE('',#7185);
#208=PLANE('',#7186);
#209=PLANE('',#7187);
#210=PLANE('',#7190);
#211=PLANE('',#7193);
#212=PLANE('',#7196);
#213=PLANE('',#7199);
#214=PLANE('',#7200);
#215=PLANE('',#7203);
#216=PLANE('',#7206);
#217=PLANE('',#7209);
#218=PLANE('',#7212);
#219=PLANE('',#7213);
#220=PLANE('',#7216);
#221=PLANE('',#7219);
#222=PLANE('',#7222);
#223=PLANE('',#7225);
#224=PLANE('',#7226);
#225=PLANE('',#7229);
#226=PLANE('',#7232);
#227=PLANE('',#7235);
#228=PLANE('',#7238);
#229=PLANE('',#7241);
#230=PLANE('',#7244);
#231=PLANE('',#7247);
#232=PLANE('',#7250);
#233=PLANE('',#7251);
#234=PLANE('',#7252);
#235=PLANE('',#7255);
#236=PLANE('',#7258);
#237=PLANE('',#7261);
#238=PLANE('',#7264);
#239=PLANE('',#7265);
#240=PLANE('',#7268);
#241=PLANE('',#7271);
#242=PLANE('',#7274);
#243=PLANE('',#7277);
#244=PLANE('',#7280);
#245=PLANE('',#7283);
#246=PLANE('',#7286);
#247=PLANE('',#7289);
#248=PLANE('',#7290);
#249=PLANE('',#7291);
#250=PLANE('',#7294);
#251=PLANE('',#7297);
#252=PLANE('',#7300);
#253=PLANE('',#7303);
#254=PLANE('',#7304);
#255=PLANE('',#7307);
#256=PLANE('',#7310);
#257=PLANE('',#7313);
#258=PLANE('',#7316);
#259=PLANE('',#7317);
#260=PLANE('',#7320);
#261=PLANE('',#7323);
#262=PLANE('',#7326);
#263=PLANE('',#7329);
#264=PLANE('',#7333);
#265=FACE_OUTER_BOUND('',#620,.T.);
#266=FACE_OUTER_BOUND('',#621,.T.);
#267=FACE_OUTER_BOUND('',#622,.T.);
#268=FACE_OUTER_BOUND('',#623,.T.);
#269=FACE_OUTER_BOUND('',#624,.T.);
#270=FACE_OUTER_BOUND('',#625,.T.);
#271=FACE_OUTER_BOUND('',#626,.T.);
#272=FACE_OUTER_BOUND('',#627,.T.);
#273=FACE_OUTER_BOUND('',#628,.T.);
#274=FACE_OUTER_BOUND('',#629,.T.);
#275=FACE_OUTER_BOUND('',#630,.T.);
#276=FACE_OUTER_BOUND('',#631,.T.);
#277=FACE_OUTER_BOUND('',#632,.T.);
#278=FACE_OUTER_BOUND('',#633,.T.);
#279=FACE_OUTER_BOUND('',#634,.T.);
#280=FACE_OUTER_BOUND('',#635,.T.);
#281=FACE_OUTER_BOUND('',#636,.T.);
#282=FACE_OUTER_BOUND('',#637,.T.);
#283=FACE_OUTER_BOUND('',#638,.T.);
#284=FACE_OUTER_BOUND('',#639,.T.);
#285=FACE_OUTER_BOUND('',#640,.T.);
#286=FACE_OUTER_BOUND('',#641,.T.);
#287=FACE_OUTER_BOUND('',#642,.T.);
#288=FACE_OUTER_BOUND('',#643,.T.);
#289=FACE_OUTER_BOUND('',#644,.T.);
#290=FACE_OUTER_BOUND('',#645,.T.);
#291=FACE_OUTER_BOUND('',#646,.T.);
#292=FACE_OUTER_BOUND('',#647,.T.);
#293=FACE_OUTER_BOUND('',#648,.T.);
#294=FACE_OUTER_BOUND('',#649,.T.);
#295=FACE_OUTER_BOUND('',#650,.T.);
#296=FACE_OUTER_BOUND('',#651,.T.);
#297=FACE_OUTER_BOUND('',#652,.T.);
#298=FACE_OUTER_BOUND('',#653,.T.);
#299=FACE_OUTER_BOUND('',#654,.T.);
#300=FACE_OUTER_BOUND('',#655,.T.);
#301=FACE_OUTER_BOUND('',#656,.T.);
#302=FACE_OUTER_BOUND('',#657,.T.);
#303=FACE_OUTER_BOUND('',#658,.T.);
#304=FACE_OUTER_BOUND('',#659,.T.);
#305=FACE_OUTER_BOUND('',#660,.T.);
#306=FACE_OUTER_BOUND('',#661,.T.);
#307=FACE_OUTER_BOUND('',#662,.T.);
#308=FACE_OUTER_BOUND('',#663,.T.);
#309=FACE_OUTER_BOUND('',#664,.T.);
#310=FACE_OUTER_BOUND('',#665,.T.);
#311=FACE_OUTER_BOUND('',#666,.T.);
#312=FACE_OUTER_BOUND('',#667,.T.);
#313=FACE_OUTER_BOUND('',#668,.T.);
#314=FACE_OUTER_BOUND('',#669,.T.);
#315=FACE_OUTER_BOUND('',#670,.T.);
#316=FACE_OUTER_BOUND('',#671,.T.);
#317=FACE_OUTER_BOUND('',#672,.T.);
#318=FACE_OUTER_BOUND('',#673,.T.);
#319=FACE_OUTER_BOUND('',#674,.T.);
#320=FACE_OUTER_BOUND('',#675,.T.);
#321=FACE_OUTER_BOUND('',#676,.T.);
#322=FACE_OUTER_BOUND('',#677,.T.);
#323=FACE_OUTER_BOUND('',#678,.T.);
#324=FACE_OUTER_BOUND('',#679,.T.);
#325=FACE_OUTER_BOUND('',#680,.T.);
#326=FACE_OUTER_BOUND('',#681,.T.);
#327=FACE_OUTER_BOUND('',#682,.T.);
#328=FACE_OUTER_BOUND('',#683,.T.);
#329=FACE_OUTER_BOUND('',#684,.T.);
#330=FACE_OUTER_BOUND('',#685,.T.);
#331=FACE_OUTER_BOUND('',#686,.T.);
#332=FACE_OUTER_BOUND('',#687,.T.);
#333=FACE_OUTER_BOUND('',#688,.T.);
#334=FACE_OUTER_BOUND('',#689,.T.);
#335=FACE_OUTER_BOUND('',#690,.T.);
#336=FACE_OUTER_BOUND('',#691,.T.);
#337=FACE_OUTER_BOUND('',#692,.T.);
#338=FACE_OUTER_BOUND('',#693,.T.);
#339=FACE_OUTER_BOUND('',#694,.T.);
#340=FACE_OUTER_BOUND('',#695,.T.);
#341=FACE_OUTER_BOUND('',#696,.T.);
#342=FACE_OUTER_BOUND('',#697,.T.);
#343=FACE_OUTER_BOUND('',#698,.T.);
#344=FACE_OUTER_BOUND('',#699,.T.);
#345=FACE_OUTER_BOUND('',#700,.T.);
#346=FACE_OUTER_BOUND('',#701,.T.);
#347=FACE_OUTER_BOUND('',#702,.T.);
#348=FACE_OUTER_BOUND('',#703,.T.);
#349=FACE_OUTER_BOUND('',#704,.T.);
#350=FACE_OUTER_BOUND('',#705,.T.);
#351=FACE_OUTER_BOUND('',#706,.T.);
#352=FACE_OUTER_BOUND('',#707,.T.);
#353=FACE_OUTER_BOUND('',#708,.T.);
#354=FACE_OUTER_BOUND('',#709,.T.);
#355=FACE_OUTER_BOUND('',#710,.T.);
#356=FACE_OUTER_BOUND('',#711,.T.);
#357=FACE_OUTER_BOUND('',#712,.T.);
#358=FACE_OUTER_BOUND('',#713,.T.);
#359=FACE_OUTER_BOUND('',#714,.T.);
#360=FACE_OUTER_BOUND('',#715,.T.);
#361=FACE_OUTER_BOUND('',#716,.T.);
#362=FACE_OUTER_BOUND('',#717,.T.);
#363=FACE_OUTER_BOUND('',#718,.T.);
#364=FACE_OUTER_BOUND('',#719,.T.);
#365=FACE_OUTER_BOUND('',#720,.T.);
#366=FACE_OUTER_BOUND('',#721,.T.);
#367=FACE_OUTER_BOUND('',#722,.T.);
#368=FACE_OUTER_BOUND('',#723,.T.);
#369=FACE_OUTER_BOUND('',#724,.T.);
#370=FACE_OUTER_BOUND('',#725,.T.);
#371=FACE_OUTER_BOUND('',#726,.T.);
#372=FACE_OUTER_BOUND('',#727,.T.);
#373=FACE_OUTER_BOUND('',#728,.T.);
#374=FACE_OUTER_BOUND('',#729,.T.);
#375=FACE_OUTER_BOUND('',#730,.T.);
#376=FACE_OUTER_BOUND('',#731,.T.);
#377=FACE_OUTER_BOUND('',#732,.T.);
#378=FACE_OUTER_BOUND('',#733,.T.);
#379=FACE_OUTER_BOUND('',#734,.T.);
#380=FACE_OUTER_BOUND('',#735,.T.);
#381=FACE_OUTER_BOUND('',#736,.T.);
#382=FACE_OUTER_BOUND('',#737,.T.);
#383=FACE_OUTER_BOUND('',#738,.T.);
#384=FACE_OUTER_BOUND('',#739,.T.);
#385=FACE_OUTER_BOUND('',#740,.T.);
#386=FACE_OUTER_BOUND('',#741,.T.);
#387=FACE_OUTER_BOUND('',#742,.T.);
#388=FACE_OUTER_BOUND('',#743,.T.);
#389=FACE_OUTER_BOUND('',#744,.T.);
#390=FACE_OUTER_BOUND('',#745,.T.);
#391=FACE_OUTER_BOUND('',#746,.T.);
#392=FACE_OUTER_BOUND('',#747,.T.);
#393=FACE_OUTER_BOUND('',#748,.T.);
#394=FACE_OUTER_BOUND('',#749,.T.);
#395=FACE_OUTER_BOUND('',#750,.T.);
#396=FACE_OUTER_BOUND('',#751,.T.);
#397=FACE_OUTER_BOUND('',#752,.T.);
#398=FACE_OUTER_BOUND('',#753,.T.);
#399=FACE_OUTER_BOUND('',#754,.T.);
#400=FACE_OUTER_BOUND('',#755,.T.);
#401=FACE_OUTER_BOUND('',#756,.T.);
#402=FACE_OUTER_BOUND('',#757,.T.);
#403=FACE_OUTER_BOUND('',#758,.T.);
#404=FACE_OUTER_BOUND('',#759,.T.);
#405=FACE_OUTER_BOUND('',#760,.T.);
#406=FACE_OUTER_BOUND('',#761,.T.);
#407=FACE_OUTER_BOUND('',#762,.T.);
#408=FACE_OUTER_BOUND('',#763,.T.);
#409=FACE_OUTER_BOUND('',#764,.T.);
#410=FACE_OUTER_BOUND('',#765,.T.);
#411=FACE_OUTER_BOUND('',#812,.T.);
#412=FACE_OUTER_BOUND('',#813,.T.);
#413=FACE_OUTER_BOUND('',#814,.T.);
#414=FACE_OUTER_BOUND('',#815,.T.);
#415=FACE_OUTER_BOUND('',#816,.T.);
#416=FACE_OUTER_BOUND('',#817,.T.);
#417=FACE_OUTER_BOUND('',#818,.T.);
#418=FACE_OUTER_BOUND('',#819,.T.);
#419=FACE_OUTER_BOUND('',#820,.T.);
#420=FACE_OUTER_BOUND('',#821,.T.);
#421=FACE_OUTER_BOUND('',#822,.T.);
#422=FACE_OUTER_BOUND('',#823,.T.);
#423=FACE_OUTER_BOUND('',#824,.T.);
#424=FACE_OUTER_BOUND('',#825,.T.);
#425=FACE_OUTER_BOUND('',#826,.T.);
#426=FACE_OUTER_BOUND('',#827,.T.);
#427=FACE_OUTER_BOUND('',#828,.T.);
#428=FACE_OUTER_BOUND('',#829,.T.);
#429=FACE_OUTER_BOUND('',#830,.T.);
#430=FACE_OUTER_BOUND('',#831,.T.);
#431=FACE_OUTER_BOUND('',#832,.T.);
#432=FACE_OUTER_BOUND('',#833,.T.);
#433=FACE_OUTER_BOUND('',#834,.T.);
#434=FACE_OUTER_BOUND('',#835,.T.);
#435=FACE_OUTER_BOUND('',#836,.T.);
#436=FACE_OUTER_BOUND('',#837,.T.);
#437=FACE_OUTER_BOUND('',#838,.T.);
#438=FACE_OUTER_BOUND('',#839,.T.);
#439=FACE_OUTER_BOUND('',#840,.T.);
#440=FACE_OUTER_BOUND('',#841,.T.);
#441=FACE_OUTER_BOUND('',#842,.T.);
#442=FACE_OUTER_BOUND('',#843,.T.);
#443=FACE_OUTER_BOUND('',#844,.T.);
#444=FACE_OUTER_BOUND('',#845,.T.);
#445=FACE_OUTER_BOUND('',#846,.T.);
#446=FACE_OUTER_BOUND('',#847,.T.);
#447=FACE_OUTER_BOUND('',#848,.T.);
#448=FACE_OUTER_BOUND('',#849,.T.);
#449=FACE_OUTER_BOUND('',#850,.T.);
#450=FACE_OUTER_BOUND('',#851,.T.);
#451=FACE_OUTER_BOUND('',#852,.T.);
#452=FACE_OUTER_BOUND('',#853,.T.);
#453=FACE_OUTER_BOUND('',#854,.T.);
#454=FACE_OUTER_BOUND('',#855,.T.);
#455=FACE_OUTER_BOUND('',#856,.T.);
#456=FACE_OUTER_BOUND('',#857,.T.);
#457=FACE_OUTER_BOUND('',#858,.T.);
#458=FACE_OUTER_BOUND('',#859,.T.);
#459=FACE_OUTER_BOUND('',#860,.T.);
#460=FACE_OUTER_BOUND('',#861,.T.);
#461=FACE_OUTER_BOUND('',#862,.T.);
#462=FACE_OUTER_BOUND('',#863,.T.);
#463=FACE_OUTER_BOUND('',#864,.T.);
#464=FACE_OUTER_BOUND('',#865,.T.);
#465=FACE_OUTER_BOUND('',#866,.T.);
#466=FACE_OUTER_BOUND('',#867,.T.);
#467=FACE_OUTER_BOUND('',#868,.T.);
#468=FACE_OUTER_BOUND('',#869,.T.);
#469=FACE_OUTER_BOUND('',#870,.T.);
#470=FACE_OUTER_BOUND('',#871,.T.);
#471=FACE_OUTER_BOUND('',#872,.T.);
#472=FACE_OUTER_BOUND('',#873,.T.);
#473=FACE_OUTER_BOUND('',#874,.T.);
#474=FACE_OUTER_BOUND('',#875,.T.);
#475=FACE_OUTER_BOUND('',#876,.T.);
#476=FACE_OUTER_BOUND('',#877,.T.);
#477=FACE_OUTER_BOUND('',#878,.T.);
#478=FACE_OUTER_BOUND('',#879,.T.);
#479=FACE_OUTER_BOUND('',#880,.T.);
#480=FACE_OUTER_BOUND('',#881,.T.);
#481=FACE_OUTER_BOUND('',#882,.T.);
#482=FACE_OUTER_BOUND('',#883,.T.);
#483=FACE_OUTER_BOUND('',#884,.T.);
#484=FACE_OUTER_BOUND('',#885,.T.);
#485=FACE_OUTER_BOUND('',#886,.T.);
#486=FACE_OUTER_BOUND('',#887,.T.);
#487=FACE_OUTER_BOUND('',#888,.T.);
#488=FACE_OUTER_BOUND('',#889,.T.);
#489=FACE_OUTER_BOUND('',#890,.T.);
#490=FACE_OUTER_BOUND('',#891,.T.);
#491=FACE_OUTER_BOUND('',#892,.T.);
#492=FACE_OUTER_BOUND('',#893,.T.);
#493=FACE_OUTER_BOUND('',#894,.T.);
#494=FACE_OUTER_BOUND('',#895,.T.);
#495=FACE_OUTER_BOUND('',#896,.T.);
#496=FACE_OUTER_BOUND('',#897,.T.);
#497=FACE_OUTER_BOUND('',#898,.T.);
#498=FACE_OUTER_BOUND('',#899,.T.);
#499=FACE_OUTER_BOUND('',#900,.T.);
#500=FACE_OUTER_BOUND('',#925,.T.);
#501=FACE_OUTER_BOUND('',#926,.T.);
#502=FACE_OUTER_BOUND('',#927,.T.);
#503=FACE_OUTER_BOUND('',#928,.T.);
#504=FACE_OUTER_BOUND('',#929,.T.);
#505=FACE_OUTER_BOUND('',#930,.T.);
#506=FACE_OUTER_BOUND('',#931,.T.);
#507=FACE_OUTER_BOUND('',#932,.T.);
#508=FACE_OUTER_BOUND('',#933,.T.);
#509=FACE_OUTER_BOUND('',#935,.T.);
#510=FACE_OUTER_BOUND('',#936,.T.);
#511=FACE_OUTER_BOUND('',#937,.T.);
#512=FACE_OUTER_BOUND('',#938,.T.);
#513=FACE_OUTER_BOUND('',#939,.T.);
#514=FACE_OUTER_BOUND('',#940,.T.);
#515=FACE_OUTER_BOUND('',#941,.T.);
#516=FACE_OUTER_BOUND('',#942,.T.);
#517=FACE_OUTER_BOUND('',#943,.T.);
#518=FACE_OUTER_BOUND('',#945,.T.);
#519=FACE_OUTER_BOUND('',#946,.T.);
#520=FACE_OUTER_BOUND('',#947,.T.);
#521=FACE_OUTER_BOUND('',#948,.T.);
#522=FACE_OUTER_BOUND('',#949,.T.);
#523=FACE_OUTER_BOUND('',#950,.T.);
#524=FACE_OUTER_BOUND('',#951,.T.);
#525=FACE_OUTER_BOUND('',#952,.T.);
#526=FACE_OUTER_BOUND('',#953,.T.);
#527=FACE_OUTER_BOUND('',#955,.T.);
#528=FACE_OUTER_BOUND('',#956,.T.);
#529=FACE_OUTER_BOUND('',#957,.T.);
#530=FACE_OUTER_BOUND('',#958,.T.);
#531=FACE_OUTER_BOUND('',#959,.T.);
#532=FACE_OUTER_BOUND('',#960,.T.);
#533=FACE_OUTER_BOUND('',#961,.T.);
#534=FACE_OUTER_BOUND('',#962,.T.);
#535=FACE_OUTER_BOUND('',#963,.T.);
#536=FACE_OUTER_BOUND('',#965,.T.);
#537=FACE_OUTER_BOUND('',#966,.T.);
#538=FACE_OUTER_BOUND('',#967,.T.);
#539=FACE_OUTER_BOUND('',#968,.T.);
#540=FACE_OUTER_BOUND('',#969,.T.);
#541=FACE_OUTER_BOUND('',#970,.T.);
#542=FACE_OUTER_BOUND('',#971,.T.);
#543=FACE_OUTER_BOUND('',#972,.T.);
#544=FACE_OUTER_BOUND('',#973,.T.);
#545=FACE_OUTER_BOUND('',#975,.T.);
#546=FACE_OUTER_BOUND('',#976,.T.);
#547=FACE_OUTER_BOUND('',#977,.T.);
#548=FACE_OUTER_BOUND('',#978,.T.);
#549=FACE_OUTER_BOUND('',#979,.T.);
#550=FACE_OUTER_BOUND('',#980,.T.);
#551=FACE_OUTER_BOUND('',#981,.T.);
#552=FACE_OUTER_BOUND('',#982,.T.);
#553=FACE_OUTER_BOUND('',#983,.T.);
#554=FACE_OUTER_BOUND('',#985,.T.);
#555=FACE_OUTER_BOUND('',#986,.T.);
#556=FACE_OUTER_BOUND('',#987,.T.);
#557=FACE_OUTER_BOUND('',#988,.T.);
#558=FACE_OUTER_BOUND('',#989,.T.);
#559=FACE_OUTER_BOUND('',#990,.T.);
#560=FACE_OUTER_BOUND('',#991,.T.);
#561=FACE_OUTER_BOUND('',#992,.T.);
#562=FACE_OUTER_BOUND('',#993,.T.);
#563=FACE_OUTER_BOUND('',#995,.T.);
#564=FACE_OUTER_BOUND('',#996,.T.);
#565=FACE_OUTER_BOUND('',#997,.T.);
#566=FACE_OUTER_BOUND('',#998,.T.);
#567=FACE_OUTER_BOUND('',#999,.T.);
#568=FACE_OUTER_BOUND('',#1000,.T.);
#569=FACE_OUTER_BOUND('',#1001,.T.);
#570=FACE_OUTER_BOUND('',#1002,.T.);
#571=FACE_OUTER_BOUND('',#1003,.T.);
#572=FACE_OUTER_BOUND('',#1005,.T.);
#573=FACE_OUTER_BOUND('',#1006,.T.);
#574=FACE_OUTER_BOUND('',#1007,.T.);
#575=FACE_OUTER_BOUND('',#1008,.T.);
#576=FACE_OUTER_BOUND('',#1009,.T.);
#577=FACE_OUTER_BOUND('',#1010,.T.);
#578=FACE_OUTER_BOUND('',#1011,.T.);
#579=FACE_OUTER_BOUND('',#1012,.T.);
#580=FACE_OUTER_BOUND('',#1013,.T.);
#581=FACE_OUTER_BOUND('',#1015,.T.);
#582=FACE_OUTER_BOUND('',#1016,.T.);
#583=FACE_OUTER_BOUND('',#1017,.T.);
#584=FACE_OUTER_BOUND('',#1018,.T.);
#585=FACE_OUTER_BOUND('',#1019,.T.);
#586=FACE_OUTER_BOUND('',#1020,.T.);
#587=FACE_OUTER_BOUND('',#1021,.T.);
#588=FACE_OUTER_BOUND('',#1022,.T.);
#589=FACE_OUTER_BOUND('',#1023,.T.);
#590=FACE_OUTER_BOUND('',#1025,.T.);
#591=FACE_OUTER_BOUND('',#1026,.T.);
#592=FACE_OUTER_BOUND('',#1027,.T.);
#593=FACE_OUTER_BOUND('',#1028,.T.);
#594=FACE_OUTER_BOUND('',#1029,.T.);
#595=FACE_OUTER_BOUND('',#1030,.T.);
#596=FACE_OUTER_BOUND('',#1031,.T.);
#597=FACE_OUTER_BOUND('',#1032,.T.);
#598=FACE_OUTER_BOUND('',#1033,.T.);
#599=FACE_OUTER_BOUND('',#1035,.T.);
#600=FACE_OUTER_BOUND('',#1036,.T.);
#601=FACE_OUTER_BOUND('',#1037,.T.);
#602=FACE_OUTER_BOUND('',#1038,.T.);
#603=FACE_OUTER_BOUND('',#1039,.T.);
#604=FACE_OUTER_BOUND('',#1040,.T.);
#605=FACE_OUTER_BOUND('',#1041,.T.);
#606=FACE_OUTER_BOUND('',#1042,.T.);
#607=FACE_OUTER_BOUND('',#1043,.T.);
#608=FACE_OUTER_BOUND('',#1045,.T.);
#609=FACE_OUTER_BOUND('',#1046,.T.);
#610=FACE_OUTER_BOUND('',#1047,.T.);
#611=FACE_OUTER_BOUND('',#1048,.T.);
#612=FACE_OUTER_BOUND('',#1049,.T.);
#613=FACE_OUTER_BOUND('',#1050,.T.);
#614=FACE_OUTER_BOUND('',#1051,.T.);
#615=FACE_OUTER_BOUND('',#1052,.T.);
#616=FACE_OUTER_BOUND('',#1053,.T.);
#617=FACE_OUTER_BOUND('',#1055,.T.);
#618=FACE_OUTER_BOUND('',#1056,.T.);
#619=FACE_OUTER_BOUND('',#1057,.T.);
#620=EDGE_LOOP('',(#4108,#4109,#4110,#4111));
#621=EDGE_LOOP('',(#4112));
#622=EDGE_LOOP('',(#4113,#4114,#4115,#4116));
#623=EDGE_LOOP('',(#4117));
#624=EDGE_LOOP('',(#4118,#4119,#4120,#4121));
#625=EDGE_LOOP('',(#4122));
#626=EDGE_LOOP('',(#4123,#4124,#4125,#4126));
#627=EDGE_LOOP('',(#4127));
#628=EDGE_LOOP('',(#4128,#4129,#4130,#4131));
#629=EDGE_LOOP('',(#4132));
#630=EDGE_LOOP('',(#4133,#4134,#4135,#4136));
#631=EDGE_LOOP('',(#4137));
#632=EDGE_LOOP('',(#4138,#4139,#4140,#4141));
#633=EDGE_LOOP('',(#4142));
#634=EDGE_LOOP('',(#4143,#4144,#4145,#4146));
#635=EDGE_LOOP('',(#4147));
#636=EDGE_LOOP('',(#4148,#4149,#4150,#4151));
#637=EDGE_LOOP('',(#4152));
#638=EDGE_LOOP('',(#4153,#4154,#4155,#4156));
#639=EDGE_LOOP('',(#4157));
#640=EDGE_LOOP('',(#4158,#4159,#4160,#4161));
#641=EDGE_LOOP('',(#4162));
#642=EDGE_LOOP('',(#4163,#4164,#4165,#4166));
#643=EDGE_LOOP('',(#4167));
#644=EDGE_LOOP('',(#4168,#4169,#4170,#4171));
#645=EDGE_LOOP('',(#4172));
#646=EDGE_LOOP('',(#4173,#4174,#4175,#4176));
#647=EDGE_LOOP('',(#4177));
#648=EDGE_LOOP('',(#4178,#4179,#4180,#4181));
#649=EDGE_LOOP('',(#4182));
#650=EDGE_LOOP('',(#4183,#4184,#4185,#4186));
#651=EDGE_LOOP('',(#4187));
#652=EDGE_LOOP('',(#4188,#4189,#4190,#4191));
#653=EDGE_LOOP('',(#4192,#4193,#4194,#4195));
#654=EDGE_LOOP('',(#4196,#4197,#4198,#4199));
#655=EDGE_LOOP('',(#4200,#4201,#4202,#4203));
#656=EDGE_LOOP('',(#4204,#4205,#4206,#4207));
#657=EDGE_LOOP('',(#4208,#4209,#4210,#4211));
#658=EDGE_LOOP('',(#4212,#4213,#4214,#4215));
#659=EDGE_LOOP('',(#4216,#4217,#4218,#4219));
#660=EDGE_LOOP('',(#4220,#4221,#4222,#4223));
#661=EDGE_LOOP('',(#4224,#4225,#4226,#4227));
#662=EDGE_LOOP('',(#4228,#4229,#4230,#4231));
#663=EDGE_LOOP('',(#4232,#4233,#4234,#4235));
#664=EDGE_LOOP('',(#4236,#4237,#4238,#4239));
#665=EDGE_LOOP('',(#4240,#4241,#4242,#4243));
#666=EDGE_LOOP('',(#4244,#4245,#4246,#4247));
#667=EDGE_LOOP('',(#4248,#4249,#4250,#4251));
#668=EDGE_LOOP('',(#4252,#4253,#4254,#4255));
#669=EDGE_LOOP('',(#4256,#4257,#4258,#4259));
#670=EDGE_LOOP('',(#4260,#4261,#4262,#4263));
#671=EDGE_LOOP('',(#4264,#4265,#4266,#4267));
#672=EDGE_LOOP('',(#4268,#4269,#4270,#4271));
#673=EDGE_LOOP('',(#4272,#4273,#4274,#4275));
#674=EDGE_LOOP('',(#4276,#4277,#4278,#4279));
#675=EDGE_LOOP('',(#4280,#4281,#4282,#4283));
#676=EDGE_LOOP('',(#4284,#4285,#4286,#4287));
#677=EDGE_LOOP('',(#4288,#4289,#4290,#4291));
#678=EDGE_LOOP('',(#4292,#4293,#4294,#4295));
#679=EDGE_LOOP('',(#4296,#4297,#4298,#4299));
#680=EDGE_LOOP('',(#4300,#4301,#4302,#4303));
#681=EDGE_LOOP('',(#4304,#4305,#4306,#4307));
#682=EDGE_LOOP('',(#4308,#4309,#4310,#4311));
#683=EDGE_LOOP('',(#4312,#4313,#4314,#4315));
#684=EDGE_LOOP('',(#4316,#4317,#4318,#4319));
#685=EDGE_LOOP('',(#4320,#4321,#4322,#4323));
#686=EDGE_LOOP('',(#4324,#4325,#4326,#4327));
#687=EDGE_LOOP('',(#4328,#4329,#4330,#4331));
#688=EDGE_LOOP('',(#4332,#4333,#4334,#4335));
#689=EDGE_LOOP('',(#4336,#4337,#4338,#4339));
#690=EDGE_LOOP('',(#4340,#4341,#4342,#4343));
#691=EDGE_LOOP('',(#4344,#4345,#4346,#4347));
#692=EDGE_LOOP('',(#4348,#4349,#4350,#4351));
#693=EDGE_LOOP('',(#4352,#4353,#4354,#4355));
#694=EDGE_LOOP('',(#4356,#4357,#4358,#4359));
#695=EDGE_LOOP('',(#4360,#4361,#4362,#4363));
#696=EDGE_LOOP('',(#4364,#4365,#4366,#4367));
#697=EDGE_LOOP('',(#4368,#4369,#4370,#4371));
#698=EDGE_LOOP('',(#4372,#4373,#4374,#4375));
#699=EDGE_LOOP('',(#4376,#4377,#4378,#4379));
#700=EDGE_LOOP('',(#4380,#4381,#4382,#4383));
#701=EDGE_LOOP('',(#4384,#4385,#4386,#4387));
#702=EDGE_LOOP('',(#4388,#4389,#4390,#4391));
#703=EDGE_LOOP('',(#4392,#4393,#4394,#4395));
#704=EDGE_LOOP('',(#4396,#4397,#4398,#4399));
#705=EDGE_LOOP('',(#4400,#4401,#4402,#4403));
#706=EDGE_LOOP('',(#4404,#4405,#4406,#4407));
#707=EDGE_LOOP('',(#4408,#4409,#4410,#4411));
#708=EDGE_LOOP('',(#4412,#4413,#4414,#4415));
#709=EDGE_LOOP('',(#4416,#4417,#4418,#4419));
#710=EDGE_LOOP('',(#4420,#4421,#4422,#4423));
#711=EDGE_LOOP('',(#4424,#4425,#4426,#4427));
#712=EDGE_LOOP('',(#4428,#4429,#4430,#4431));
#713=EDGE_LOOP('',(#4432,#4433,#4434,#4435));
#714=EDGE_LOOP('',(#4436,#4437,#4438,#4439));
#715=EDGE_LOOP('',(#4440,#4441,#4442,#4443));
#716=EDGE_LOOP('',(#4444,#4445,#4446,#4447));
#717=EDGE_LOOP('',(#4448,#4449,#4450,#4451));
#718=EDGE_LOOP('',(#4452,#4453,#4454,#4455));
#719=EDGE_LOOP('',(#4456,#4457,#4458,#4459));
#720=EDGE_LOOP('',(#4460,#4461,#4462,#4463));
#721=EDGE_LOOP('',(#4464,#4465,#4466,#4467));
#722=EDGE_LOOP('',(#4468,#4469,#4470,#4471));
#723=EDGE_LOOP('',(#4472,#4473,#4474,#4475));
#724=EDGE_LOOP('',(#4476,#4477,#4478,#4479));
#725=EDGE_LOOP('',(#4480,#4481,#4482,#4483));
#726=EDGE_LOOP('',(#4484,#4485,#4486,#4487));
#727=EDGE_LOOP('',(#4488,#4489,#4490,#4491));
#728=EDGE_LOOP('',(#4492,#4493,#4494,#4495));
#729=EDGE_LOOP('',(#4496,#4497,#4498,#4499));
#730=EDGE_LOOP('',(#4500,#4501,#4502,#4503));
#731=EDGE_LOOP('',(#4504,#4505,#4506,#4507));
#732=EDGE_LOOP('',(#4508,#4509,#4510,#4511));
#733=EDGE_LOOP('',(#4512,#4513,#4514,#4515));
#734=EDGE_LOOP('',(#4516,#4517,#4518,#4519));
#735=EDGE_LOOP('',(#4520,#4521,#4522,#4523));
#736=EDGE_LOOP('',(#4524,#4525,#4526,#4527));
#737=EDGE_LOOP('',(#4528,#4529,#4530,#4531));
#738=EDGE_LOOP('',(#4532,#4533,#4534,#4535));
#739=EDGE_LOOP('',(#4536,#4537,#4538,#4539));
#740=EDGE_LOOP('',(#4540,#4541,#4542,#4543));
#741=EDGE_LOOP('',(#4544,#4545,#4546,#4547));
#742=EDGE_LOOP('',(#4548,#4549,#4550,#4551));
#743=EDGE_LOOP('',(#4552,#4553,#4554,#4555));
#744=EDGE_LOOP('',(#4556,#4557,#4558,#4559));
#745=EDGE_LOOP('',(#4560,#4561,#4562,#4563));
#746=EDGE_LOOP('',(#4564,#4565,#4566,#4567));
#747=EDGE_LOOP('',(#4568,#4569,#4570,#4571));
#748=EDGE_LOOP('',(#4572,#4573,#4574,#4575));
#749=EDGE_LOOP('',(#4576,#4577,#4578,#4579));
#750=EDGE_LOOP('',(#4580,#4581,#4582,#4583));
#751=EDGE_LOOP('',(#4584,#4585,#4586,#4587));
#752=EDGE_LOOP('',(#4588,#4589,#4590,#4591));
#753=EDGE_LOOP('',(#4592,#4593,#4594,#4595));
#754=EDGE_LOOP('',(#4596,#4597,#4598,#4599));
#755=EDGE_LOOP('',(#4600,#4601,#4602,#4603));
#756=EDGE_LOOP('',(#4604,#4605,#4606,#4607));
#757=EDGE_LOOP('',(#4608,#4609,#4610,#4611));
#758=EDGE_LOOP('',(#4612,#4613,#4614,#4615));
#759=EDGE_LOOP('',(#4616,#4617,#4618,#4619));
#760=EDGE_LOOP('',(#4620,#4621,#4622,#4623));
#761=EDGE_LOOP('',(#4624,#4625,#4626,#4627));
#762=EDGE_LOOP('',(#4628,#4629,#4630,#4631));
#763=EDGE_LOOP('',(#4632,#4633,#4634,#4635));
#764=EDGE_LOOP('',(#4636,#4637,#4638,#4639));
#765=EDGE_LOOP('',(#4640,#4641,#4642,#4643,#4644,#4645,#4646,#4647,#4648,
#4649,#4650,#4651,#4652,#4653,#4654,#4655,#4656,#4657,#4658,#4659,#4660,
#4661));
#766=EDGE_LOOP('',(#4662));
#767=EDGE_LOOP('',(#4663));
#768=EDGE_LOOP('',(#4664));
#769=EDGE_LOOP('',(#4665));
#770=EDGE_LOOP('',(#4666));
#771=EDGE_LOOP('',(#4667));
#772=EDGE_LOOP('',(#4668));
#773=EDGE_LOOP('',(#4669));
#774=EDGE_LOOP('',(#4670));
#775=EDGE_LOOP('',(#4671));
#776=EDGE_LOOP('',(#4672));
#777=EDGE_LOOP('',(#4673));
#778=EDGE_LOOP('',(#4674));
#779=EDGE_LOOP('',(#4675));
#780=EDGE_LOOP('',(#4676));
#781=EDGE_LOOP('',(#4677));
#782=EDGE_LOOP('',(#4678,#4679,#4680,#4681,#4682,#4683,#4684,#4685,#4686,
#4687,#4688,#4689,#4690,#4691));
#783=EDGE_LOOP('',(#4692,#4693,#4694,#4695,#4696,#4697,#4698,#4699,#4700,
#4701,#4702,#4703,#4704,#4705));
#784=EDGE_LOOP('',(#4706,#4707,#4708,#4709,#4710,#4711,#4712,#4713,#4714,
#4715,#4716,#4717,#4718,#4719));
#785=EDGE_LOOP('',(#4720,#4721,#4722,#4723,#4724,#4725,#4726,#4727,#4728,
#4729,#4730,#4731,#4732,#4733));
#786=EDGE_LOOP('',(#4734,#4735,#4736,#4737,#4738,#4739,#4740,#4741,#4742,
#4743,#4744,#4745,#4746,#4747));
#787=EDGE_LOOP('',(#4748,#4749,#4750,#4751,#4752,#4753,#4754,#4755,#4756,
#4757,#4758,#4759,#4760,#4761));
#788=EDGE_LOOP('',(#4762,#4763,#4764,#4765,#4766,#4767,#4768,#4769,#4770,
#4771,#4772,#4773,#4774,#4775));
#789=EDGE_LOOP('',(#4776,#4777,#4778,#4779,#4780,#4781,#4782,#4783,#4784,
#4785,#4786,#4787,#4788,#4789));
#790=EDGE_LOOP('',(#4790));
#791=EDGE_LOOP('',(#4791));
#792=EDGE_LOOP('',(#4792));
#793=EDGE_LOOP('',(#4793));
#794=EDGE_LOOP('',(#4794));
#795=EDGE_LOOP('',(#4795));
#796=EDGE_LOOP('',(#4796));
#797=EDGE_LOOP('',(#4797));
#798=EDGE_LOOP('',(#4798));
#799=EDGE_LOOP('',(#4799));
#800=EDGE_LOOP('',(#4800));
#801=EDGE_LOOP('',(#4801));
#802=EDGE_LOOP('',(#4802));
#803=EDGE_LOOP('',(#4803));
#804=EDGE_LOOP('',(#4804));
#805=EDGE_LOOP('',(#4805));
#806=EDGE_LOOP('',(#4806));
#807=EDGE_LOOP('',(#4807));
#808=EDGE_LOOP('',(#4808));
#809=EDGE_LOOP('',(#4809));
#810=EDGE_LOOP('',(#4810));
#811=EDGE_LOOP('',(#4811));
#812=EDGE_LOOP('',(#4812,#4813,#4814,#4815));
#813=EDGE_LOOP('',(#4816,#4817,#4818,#4819));
#814=EDGE_LOOP('',(#4820,#4821,#4822,#4823));
#815=EDGE_LOOP('',(#4824,#4825,#4826,#4827));
#816=EDGE_LOOP('',(#4828,#4829,#4830,#4831));
#817=EDGE_LOOP('',(#4832,#4833,#4834,#4835));
#818=EDGE_LOOP('',(#4836,#4837,#4838,#4839));
#819=EDGE_LOOP('',(#4840,#4841,#4842,#4843));
#820=EDGE_LOOP('',(#4844,#4845,#4846,#4847));
#821=EDGE_LOOP('',(#4848,#4849,#4850,#4851));
#822=EDGE_LOOP('',(#4852,#4853,#4854,#4855));
#823=EDGE_LOOP('',(#4856,#4857,#4858,#4859));
#824=EDGE_LOOP('',(#4860,#4861,#4862,#4863));
#825=EDGE_LOOP('',(#4864,#4865,#4866,#4867));
#826=EDGE_LOOP('',(#4868,#4869,#4870,#4871));
#827=EDGE_LOOP('',(#4872,#4873,#4874,#4875));
#828=EDGE_LOOP('',(#4876,#4877,#4878,#4879));
#829=EDGE_LOOP('',(#4880,#4881,#4882,#4883));
#830=EDGE_LOOP('',(#4884,#4885,#4886,#4887));
#831=EDGE_LOOP('',(#4888,#4889,#4890,#4891));
#832=EDGE_LOOP('',(#4892,#4893,#4894,#4895));
#833=EDGE_LOOP('',(#4896,#4897,#4898,#4899));
#834=EDGE_LOOP('',(#4900));
#835=EDGE_LOOP('',(#4901,#4902,#4903,#4904));
#836=EDGE_LOOP('',(#4905));
#837=EDGE_LOOP('',(#4906,#4907,#4908,#4909));
#838=EDGE_LOOP('',(#4910));
#839=EDGE_LOOP('',(#4911,#4912,#4913,#4914));
#840=EDGE_LOOP('',(#4915));
#841=EDGE_LOOP('',(#4916,#4917,#4918,#4919));
#842=EDGE_LOOP('',(#4920));
#843=EDGE_LOOP('',(#4921,#4922,#4923,#4924));
#844=EDGE_LOOP('',(#4925));
#845=EDGE_LOOP('',(#4926,#4927,#4928,#4929));
#846=EDGE_LOOP('',(#4930));
#847=EDGE_LOOP('',(#4931,#4932,#4933,#4934));
#848=EDGE_LOOP('',(#4935));
#849=EDGE_LOOP('',(#4936,#4937,#4938,#4939));
#850=EDGE_LOOP('',(#4940));
#851=EDGE_LOOP('',(#4941,#4942,#4943,#4944));
#852=EDGE_LOOP('',(#4945));
#853=EDGE_LOOP('',(#4946,#4947,#4948,#4949));
#854=EDGE_LOOP('',(#4950,#4951,#4952,#4953));
#855=EDGE_LOOP('',(#4954,#4955,#4956,#4957));
#856=EDGE_LOOP('',(#4958,#4959,#4960,#4961));
#857=EDGE_LOOP('',(#4962,#4963,#4964,#4965));
#858=EDGE_LOOP('',(#4966,#4967,#4968,#4969));
#859=EDGE_LOOP('',(#4970,#4971,#4972,#4973));
#860=EDGE_LOOP('',(#4974,#4975,#4976,#4977));
#861=EDGE_LOOP('',(#4978,#4979,#4980,#4981));
#862=EDGE_LOOP('',(#4982,#4983,#4984,#4985));
#863=EDGE_LOOP('',(#4986,#4987,#4988,#4989));
#864=EDGE_LOOP('',(#4990,#4991,#4992,#4993));
#865=EDGE_LOOP('',(#4994,#4995,#4996,#4997));
#866=EDGE_LOOP('',(#4998,#4999,#5000,#5001));
#867=EDGE_LOOP('',(#5002,#5003,#5004,#5005));
#868=EDGE_LOOP('',(#5006,#5007,#5008,#5009));
#869=EDGE_LOOP('',(#5010,#5011,#5012,#5013));
#870=EDGE_LOOP('',(#5014,#5015,#5016,#5017));
#871=EDGE_LOOP('',(#5018,#5019,#5020,#5021));
#872=EDGE_LOOP('',(#5022,#5023,#5024,#5025));
#873=EDGE_LOOP('',(#5026,#5027,#5028,#5029));
#874=EDGE_LOOP('',(#5030,#5031,#5032,#5033));
#875=EDGE_LOOP('',(#5034,#5035));
#876=EDGE_LOOP('',(#5036,#5037,#5038,#5039));
#877=EDGE_LOOP('',(#5040,#5041));
#878=EDGE_LOOP('',(#5042,#5043,#5044,#5045));
#879=EDGE_LOOP('',(#5046,#5047));
#880=EDGE_LOOP('',(#5048,#5049,#5050,#5051));
#881=EDGE_LOOP('',(#5052,#5053));
#882=EDGE_LOOP('',(#5054,#5055,#5056,#5057));
#883=EDGE_LOOP('',(#5058,#5059));
#884=EDGE_LOOP('',(#5060,#5061,#5062,#5063));
#885=EDGE_LOOP('',(#5064,#5065));
#886=EDGE_LOOP('',(#5066,#5067,#5068,#5069));
#887=EDGE_LOOP('',(#5070,#5071));
#888=EDGE_LOOP('',(#5072,#5073,#5074,#5075));
#889=EDGE_LOOP('',(#5076,#5077));
#890=EDGE_LOOP('',(#5078,#5079,#5080,#5081));
#891=EDGE_LOOP('',(#5082,#5083));
#892=EDGE_LOOP('',(#5084,#5085,#5086,#5087));
#893=EDGE_LOOP('',(#5088,#5089));
#894=EDGE_LOOP('',(#5090,#5091,#5092,#5093));
#895=EDGE_LOOP('',(#5094,#5095));
#896=EDGE_LOOP('',(#5096,#5097,#5098,#5099));
#897=EDGE_LOOP('',(#5100,#5101));
#898=EDGE_LOOP('',(#5102,#5103,#5104,#5105));
#899=EDGE_LOOP('',(#5106,#5107));
#900=EDGE_LOOP('',(#5108));
#901=EDGE_LOOP('',(#5109));
#902=EDGE_LOOP('',(#5110));
#903=EDGE_LOOP('',(#5111));
#904=EDGE_LOOP('',(#5112));
#905=EDGE_LOOP('',(#5113));
#906=EDGE_LOOP('',(#5114));
#907=EDGE_LOOP('',(#5115));
#908=EDGE_LOOP('',(#5116));
#909=EDGE_LOOP('',(#5117));
#910=EDGE_LOOP('',(#5118));
#911=EDGE_LOOP('',(#5119));
#912=EDGE_LOOP('',(#5120,#5121,#5122,#5123,#5124,#5125,#5126,#5127,#5128,
#5129));
#913=EDGE_LOOP('',(#5130,#5131,#5132,#5133,#5134,#5135,#5136,#5137,#5138,
#5139));
#914=EDGE_LOOP('',(#5140,#5141,#5142,#5143,#5144,#5145,#5146,#5147,#5148,
#5149));
#915=EDGE_LOOP('',(#5150,#5151,#5152,#5153,#5154,#5155,#5156,#5157,#5158,
#5159));
#916=EDGE_LOOP('',(#5160,#5161,#5162,#5163,#5164,#5165,#5166,#5167,#5168,
#5169));
#917=EDGE_LOOP('',(#5170,#5171,#5172,#5173,#5174,#5175,#5176,#5177,#5178,
#5179));
#918=EDGE_LOOP('',(#5180,#5181,#5182,#5183,#5184,#5185,#5186,#5187,#5188,
#5189));
#919=EDGE_LOOP('',(#5190,#5191,#5192,#5193,#5194,#5195,#5196,#5197,#5198,
#5199));
#920=EDGE_LOOP('',(#5200,#5201,#5202,#5203,#5204,#5205,#5206,#5207,#5208,
#5209));
#921=EDGE_LOOP('',(#5210,#5211,#5212,#5213,#5214,#5215,#5216,#5217,#5218,
#5219));
#922=EDGE_LOOP('',(#5220,#5221,#5222,#5223,#5224,#5225,#5226,#5227,#5228,
#5229));
#923=EDGE_LOOP('',(#5230,#5231,#5232,#5233,#5234,#5235,#5236,#5237,#5238,
#5239));
#924=EDGE_LOOP('',(#5240,#5241,#5242,#5243,#5244,#5245,#5246,#5247,#5248,
#5249));
#925=EDGE_LOOP('',(#5250,#5251,#5252,#5253));
#926=EDGE_LOOP('',(#5254,#5255,#5256,#5257));
#927=EDGE_LOOP('',(#5258,#5259,#5260,#5261));
#928=EDGE_LOOP('',(#5262,#5263,#5264,#5265));
#929=EDGE_LOOP('',(#5266,#5267,#5268,#5269,#5270,#5271,#5272,#5273));
#930=EDGE_LOOP('',(#5274,#5275,#5276,#5277));
#931=EDGE_LOOP('',(#5278,#5279,#5280,#5281));
#932=EDGE_LOOP('',(#5282,#5283,#5284,#5285));
#933=EDGE_LOOP('',(#5286,#5287,#5288,#5289,#5290,#5291,#5292,#5293));
#934=EDGE_LOOP('',(#5294));
#935=EDGE_LOOP('',(#5295,#5296,#5297,#5298));
#936=EDGE_LOOP('',(#5299,#5300,#5301,#5302,#5303,#5304,#5305,#5306));
#937=EDGE_LOOP('',(#5307,#5308,#5309,#5310));
#938=EDGE_LOOP('',(#5311,#5312,#5313,#5314));
#939=EDGE_LOOP('',(#5315,#5316,#5317,#5318));
#940=EDGE_LOOP('',(#5319,#5320,#5321,#5322));
#941=EDGE_LOOP('',(#5323,#5324,#5325,#5326));
#942=EDGE_LOOP('',(#5327,#5328,#5329,#5330));
#943=EDGE_LOOP('',(#5331,#5332,#5333,#5334,#5335,#5336,#5337,#5338));
#944=EDGE_LOOP('',(#5339));
#945=EDGE_LOOP('',(#5340,#5341,#5342,#5343));
#946=EDGE_LOOP('',(#5344,#5345,#5346,#5347));
#947=EDGE_LOOP('',(#5348,#5349,#5350,#5351));
#948=EDGE_LOOP('',(#5352,#5353,#5354,#5355));
#949=EDGE_LOOP('',(#5356,#5357,#5358,#5359,#5360,#5361,#5362,#5363));
#950=EDGE_LOOP('',(#5364,#5365,#5366,#5367));
#951=EDGE_LOOP('',(#5368,#5369,#5370,#5371));
#952=EDGE_LOOP('',(#5372,#5373,#5374,#5375));
#953=EDGE_LOOP('',(#5376,#5377,#5378,#5379,#5380,#5381,#5382,#5383));
#954=EDGE_LOOP('',(#5384));
#955=EDGE_LOOP('',(#5385,#5386,#5387,#5388));
#956=EDGE_LOOP('',(#5389,#5390,#5391,#5392));
#957=EDGE_LOOP('',(#5393,#5394,#5395,#5396));
#958=EDGE_LOOP('',(#5397,#5398,#5399,#5400));
#959=EDGE_LOOP('',(#5401,#5402,#5403,#5404,#5405,#5406,#5407,#5408));
#960=EDGE_LOOP('',(#5409,#5410,#5411,#5412));
#961=EDGE_LOOP('',(#5413,#5414,#5415,#5416));
#962=EDGE_LOOP('',(#5417,#5418,#5419,#5420));
#963=EDGE_LOOP('',(#5421,#5422,#5423,#5424,#5425,#5426,#5427,#5428));
#964=EDGE_LOOP('',(#5429));
#965=EDGE_LOOP('',(#5430,#5431,#5432,#5433));
#966=EDGE_LOOP('',(#5434,#5435,#5436,#5437));
#967=EDGE_LOOP('',(#5438,#5439,#5440,#5441,#5442,#5443,#5444,#5445));
#968=EDGE_LOOP('',(#5446,#5447,#5448,#5449));
#969=EDGE_LOOP('',(#5450,#5451,#5452,#5453));
#970=EDGE_LOOP('',(#5454,#5455,#5456,#5457));
#971=EDGE_LOOP('',(#5458,#5459,#5460,#5461));
#972=EDGE_LOOP('',(#5462,#5463,#5464,#5465));
#973=EDGE_LOOP('',(#5466,#5467,#5468,#5469,#5470,#5471,#5472,#5473));
#974=EDGE_LOOP('',(#5474));
#975=EDGE_LOOP('',(#5475,#5476,#5477,#5478));
#976=EDGE_LOOP('',(#5479,#5480,#5481,#5482));
#977=EDGE_LOOP('',(#5483,#5484,#5485,#5486));
#978=EDGE_LOOP('',(#5487,#5488,#5489,#5490));
#979=EDGE_LOOP('',(#5491,#5492,#5493,#5494,#5495,#5496,#5497,#5498));
#980=EDGE_LOOP('',(#5499,#5500,#5501,#5502));
#981=EDGE_LOOP('',(#5503,#5504,#5505,#5506));
#982=EDGE_LOOP('',(#5507,#5508,#5509,#5510));
#983=EDGE_LOOP('',(#5511,#5512,#5513,#5514,#5515,#5516,#5517,#5518));
#984=EDGE_LOOP('',(#5519));
#985=EDGE_LOOP('',(#5520,#5521,#5522,#5523));
#986=EDGE_LOOP('',(#5524,#5525,#5526,#5527,#5528,#5529,#5530,#5531));
#987=EDGE_LOOP('',(#5532,#5533,#5534,#5535));
#988=EDGE_LOOP('',(#5536,#5537,#5538,#5539));
#989=EDGE_LOOP('',(#5540,#5541,#5542,#5543));
#990=EDGE_LOOP('',(#5544,#5545,#5546,#5547));
#991=EDGE_LOOP('',(#5548,#5549,#5550,#5551));
#992=EDGE_LOOP('',(#5552,#5553,#5554,#5555));
#993=EDGE_LOOP('',(#5556,#5557,#5558,#5559,#5560,#5561,#5562,#5563));
#994=EDGE_LOOP('',(#5564));
#995=EDGE_LOOP('',(#5565,#5566,#5567,#5568,#5569,#5570,#5571,#5572));
#996=EDGE_LOOP('',(#5573,#5574,#5575,#5576));
#997=EDGE_LOOP('',(#5577,#5578,#5579,#5580));
#998=EDGE_LOOP('',(#5581,#5582,#5583,#5584));
#999=EDGE_LOOP('',(#5585,#5586,#5587,#5588));
#1000=EDGE_LOOP('',(#5589,#5590,#5591,#5592));
#1001=EDGE_LOOP('',(#5593,#5594,#5595,#5596));
#1002=EDGE_LOOP('',(#5597,#5598,#5599,#5600));
#1003=EDGE_LOOP('',(#5601,#5602,#5603,#5604,#5605,#5606,#5607,#5608));
#1004=EDGE_LOOP('',(#5609));
#1005=EDGE_LOOP('',(#5610,#5611,#5612,#5613));
#1006=EDGE_LOOP('',(#5614,#5615,#5616,#5617));
#1007=EDGE_LOOP('',(#5618,#5619,#5620,#5621));
#1008=EDGE_LOOP('',(#5622,#5623,#5624,#5625));
#1009=EDGE_LOOP('',(#5626,#5627,#5628,#5629,#5630,#5631,#5632,#5633));
#1010=EDGE_LOOP('',(#5634,#5635,#5636,#5637));
#1011=EDGE_LOOP('',(#5638,#5639,#5640,#5641));
#1012=EDGE_LOOP('',(#5642,#5643,#5644,#5645));
#1013=EDGE_LOOP('',(#5646,#5647,#5648,#5649,#5650,#5651,#5652,#5653));
#1014=EDGE_LOOP('',(#5654));
#1015=EDGE_LOOP('',(#5655,#5656,#5657,#5658));
#1016=EDGE_LOOP('',(#5659,#5660,#5661,#5662));
#1017=EDGE_LOOP('',(#5663,#5664,#5665,#5666));
#1018=EDGE_LOOP('',(#5667,#5668,#5669,#5670,#5671,#5672,#5673,#5674));
#1019=EDGE_LOOP('',(#5675,#5676,#5677,#5678));
#1020=EDGE_LOOP('',(#5679,#5680,#5681,#5682));
#1021=EDGE_LOOP('',(#5683,#5684,#5685,#5686));
#1022=EDGE_LOOP('',(#5687,#5688,#5689,#5690));
#1023=EDGE_LOOP('',(#5691,#5692,#5693,#5694,#5695,#5696,#5697,#5698));
#1024=EDGE_LOOP('',(#5699));
#1025=EDGE_LOOP('',(#5700,#5701,#5702,#5703));
#1026=EDGE_LOOP('',(#5704,#5705,#5706,#5707));
#1027=EDGE_LOOP('',(#5708,#5709,#5710,#5711,#5712,#5713,#5714,#5715));
#1028=EDGE_LOOP('',(#5716,#5717,#5718,#5719));
#1029=EDGE_LOOP('',(#5720,#5721,#5722,#5723));
#1030=EDGE_LOOP('',(#5724,#5725,#5726,#5727));
#1031=EDGE_LOOP('',(#5728,#5729,#5730,#5731));
#1032=EDGE_LOOP('',(#5732,#5733,#5734,#5735));
#1033=EDGE_LOOP('',(#5736,#5737,#5738,#5739,#5740,#5741,#5742,#5743));
#1034=EDGE_LOOP('',(#5744));
#1035=EDGE_LOOP('',(#5745,#5746,#5747,#5748));
#1036=EDGE_LOOP('',(#5749,#5750,#5751,#5752));
#1037=EDGE_LOOP('',(#5753,#5754,#5755,#5756,#5757,#5758,#5759,#5760));
#1038=EDGE_LOOP('',(#5761,#5762,#5763,#5764));
#1039=EDGE_LOOP('',(#5765,#5766,#5767,#5768));
#1040=EDGE_LOOP('',(#5769,#5770,#5771,#5772));
#1041=EDGE_LOOP('',(#5773,#5774,#5775,#5776));
#1042=EDGE_LOOP('',(#5777,#5778,#5779,#5780));
#1043=EDGE_LOOP('',(#5781,#5782,#5783,#5784,#5785,#5786,#5787,#5788));
#1044=EDGE_LOOP('',(#5789));
#1045=EDGE_LOOP('',(#5790,#5791,#5792,#5793));
#1046=EDGE_LOOP('',(#5794,#5795,#5796,#5797));
#1047=EDGE_LOOP('',(#5798,#5799,#5800,#5801));
#1048=EDGE_LOOP('',(#5802,#5803,#5804,#5805));
#1049=EDGE_LOOP('',(#5806,#5807,#5808,#5809,#5810,#5811,#5812,#5813));
#1050=EDGE_LOOP('',(#5814,#5815,#5816,#5817));
#1051=EDGE_LOOP('',(#5818,#5819,#5820,#5821));
#1052=EDGE_LOOP('',(#5822,#5823,#5824,#5825));
#1053=EDGE_LOOP('',(#5826,#5827,#5828,#5829,#5830,#5831,#5832,#5833));
#1054=EDGE_LOOP('',(#5834));
#1055=EDGE_LOOP('',(#5835,#5836,#5837,#5838));
#1056=EDGE_LOOP('',(#5839,#5840,#5841,#5842));
#1057=EDGE_LOOP('',(#5843,#5844,#5845,#5846,#5847,#5848,#5849,#5850,#5851,
#5852,#5853,#5854,#5855,#5856,#5857,#5858,#5859,#5860,#5861,#5862,#5863,
#5864));
#1058=EDGE_LOOP('',(#5865,#5866,#5867,#5868,#5869,#5870,#5871,#5872,#5873,
#5874,#5875,#5876,#5877,#5878));
#1059=EDGE_LOOP('',(#5879,#5880,#5881,#5882,#5883,#5884,#5885,#5886,#5887,
#5888,#5889,#5890,#5891,#5892));
#1060=EDGE_LOOP('',(#5893,#5894,#5895,#5896,#5897,#5898,#5899,#5900,#5901,
#5902,#5903,#5904,#5905,#5906));
#1061=EDGE_LOOP('',(#5907,#5908,#5909,#5910,#5911,#5912,#5913,#5914,#5915,
#5916,#5917,#5918,#5919,#5920));
#1062=EDGE_LOOP('',(#5921,#5922,#5923,#5924,#5925,#5926,#5927,#5928,#5929,
#5930,#5931,#5932,#5933,#5934));
#1063=EDGE_LOOP('',(#5935,#5936,#5937,#5938,#5939,#5940,#5941,#5942,#5943,
#5944,#5945,#5946,#5947,#5948));
#1064=EDGE_LOOP('',(#5949,#5950,#5951,#5952,#5953,#5954,#5955,#5956,#5957,
#5958,#5959,#5960,#5961,#5962));
#1065=EDGE_LOOP('',(#5963,#5964,#5965,#5966,#5967,#5968,#5969,#5970,#5971,
#5972,#5973,#5974,#5975,#5976));
#1066=EDGE_LOOP('',(#5977));
#1067=EDGE_LOOP('',(#5978));
#1068=EDGE_LOOP('',(#5979));
#1069=EDGE_LOOP('',(#5980));
#1070=EDGE_LOOP('',(#5981));
#1071=EDGE_LOOP('',(#5982));
#1072=EDGE_LOOP('',(#5983));
#1073=EDGE_LOOP('',(#5984));
#1074=EDGE_LOOP('',(#5985));
#1075=LINE('',#9400,#1604);
#1076=LINE('',#9407,#1605);
#1077=LINE('',#9414,#1606);
#1078=LINE('',#9421,#1607);
#1079=LINE('',#9428,#1608);
#1080=LINE('',#9435,#1609);
#1081=LINE('',#9442,#1610);
#1082=LINE('',#9449,#1611);
#1083=LINE('',#9456,#1612);
#1084=LINE('',#9463,#1613);
#1085=LINE('',#9470,#1614);
#1086=LINE('',#9477,#1615);
#1087=LINE('',#9484,#1616);
#1088=LINE('',#9491,#1617);
#1089=LINE('',#9498,#1618);
#1090=LINE('',#9505,#1619);
#1091=LINE('',#9511,#1620);
#1092=LINE('',#9513,#1621);
#1093=LINE('',#9515,#1622);
#1094=LINE('',#9516,#1623);
#1095=LINE('',#9522,#1624);
#1096=LINE('',#9528,#1625);
#1097=LINE('',#9531,#1626);
#1098=LINE('',#9533,#1627);
#1099=LINE('',#9534,#1628);
#1100=LINE('',#9540,#1629);
#1101=LINE('',#9546,#1630);
#1102=LINE('',#9552,#1631);
#1103=LINE('',#9555,#1632);
#1104=LINE('',#9557,#1633);
#1105=LINE('',#9558,#1634);
#1106=LINE('',#9564,#1635);
#1107=LINE('',#9570,#1636);
#1108=LINE('',#9573,#1637);
#1109=LINE('',#9575,#1638);
#1110=LINE('',#9576,#1639);
#1111=LINE('',#9582,#1640);
#1112=LINE('',#9588,#1641);
#1113=LINE('',#9595,#1642);
#1114=LINE('',#9597,#1643);
#1115=LINE('',#9599,#1644);
#1116=LINE('',#9600,#1645);
#1117=LINE('',#9606,#1646);
#1118=LINE('',#9612,#1647);
#1119=LINE('',#9615,#1648);
#1120=LINE('',#9617,#1649);
#1121=LINE('',#9618,#1650);
#1122=LINE('',#9624,#1651);
#1123=LINE('',#9630,#1652);
#1124=LINE('',#9636,#1653);
#1125=LINE('',#9639,#1654);
#1126=LINE('',#9641,#1655);
#1127=LINE('',#9642,#1656);
#1128=LINE('',#9648,#1657);
#1129=LINE('',#9654,#1658);
#1130=LINE('',#9657,#1659);
#1131=LINE('',#9659,#1660);
#1132=LINE('',#9660,#1661);
#1133=LINE('',#9666,#1662);
#1134=LINE('',#9672,#1663);
#1135=LINE('',#9679,#1664);
#1136=LINE('',#9681,#1665);
#1137=LINE('',#9683,#1666);
#1138=LINE('',#9684,#1667);
#1139=LINE('',#9690,#1668);
#1140=LINE('',#9696,#1669);
#1141=LINE('',#9699,#1670);
#1142=LINE('',#9701,#1671);
#1143=LINE('',#9702,#1672);
#1144=LINE('',#9708,#1673);
#1145=LINE('',#9714,#1674);
#1146=LINE('',#9720,#1675);
#1147=LINE('',#9723,#1676);
#1148=LINE('',#9725,#1677);
#1149=LINE('',#9726,#1678);
#1150=LINE('',#9732,#1679);
#1151=LINE('',#9738,#1680);
#1152=LINE('',#9741,#1681);
#1153=LINE('',#9743,#1682);
#1154=LINE('',#9744,#1683);
#1155=LINE('',#9750,#1684);
#1156=LINE('',#9756,#1685);
#1157=LINE('',#9763,#1686);
#1158=LINE('',#9765,#1687);
#1159=LINE('',#9767,#1688);
#1160=LINE('',#9768,#1689);
#1161=LINE('',#9774,#1690);
#1162=LINE('',#9780,#1691);
#1163=LINE('',#9783,#1692);
#1164=LINE('',#9785,#1693);
#1165=LINE('',#9786,#1694);
#1166=LINE('',#9792,#1695);
#1167=LINE('',#9798,#1696);
#1168=LINE('',#9804,#1697);
#1169=LINE('',#9807,#1698);
#1170=LINE('',#9809,#1699);
#1171=LINE('',#9810,#1700);
#1172=LINE('',#9816,#1701);
#1173=LINE('',#9822,#1702);
#1174=LINE('',#9825,#1703);
#1175=LINE('',#9827,#1704);
#1176=LINE('',#9828,#1705);
#1177=LINE('',#9834,#1706);
#1178=LINE('',#9840,#1707);
#1179=LINE('',#9847,#1708);
#1180=LINE('',#9849,#1709);
#1181=LINE('',#9851,#1710);
#1182=LINE('',#9852,#1711);
#1183=LINE('',#9858,#1712);
#1184=LINE('',#9864,#1713);
#1185=LINE('',#9867,#1714);
#1186=LINE('',#9869,#1715);
#1187=LINE('',#9870,#1716);
#1188=LINE('',#9876,#1717);
#1189=LINE('',#9882,#1718);
#1190=LINE('',#9888,#1719);
#1191=LINE('',#9891,#1720);
#1192=LINE('',#9893,#1721);
#1193=LINE('',#9894,#1722);
#1194=LINE('',#9900,#1723);
#1195=LINE('',#9906,#1724);
#1196=LINE('',#9909,#1725);
#1197=LINE('',#9911,#1726);
#1198=LINE('',#9912,#1727);
#1199=LINE('',#9918,#1728);
#1200=LINE('',#9924,#1729);
#1201=LINE('',#9931,#1730);
#1202=LINE('',#9933,#1731);
#1203=LINE('',#9935,#1732);
#1204=LINE('',#9936,#1733);
#1205=LINE('',#9942,#1734);
#1206=LINE('',#9948,#1735);
#1207=LINE('',#9951,#1736);
#1208=LINE('',#9953,#1737);
#1209=LINE('',#9954,#1738);
#1210=LINE('',#9960,#1739);
#1211=LINE('',#9966,#1740);
#1212=LINE('',#9972,#1741);
#1213=LINE('',#9975,#1742);
#1214=LINE('',#9977,#1743);
#1215=LINE('',#9978,#1744);
#1216=LINE('',#9984,#1745);
#1217=LINE('',#9990,#1746);
#1218=LINE('',#9993,#1747);
#1219=LINE('',#9995,#1748);
#1220=LINE('',#9996,#1749);
#1221=LINE('',#10002,#1750);
#1222=LINE('',#10008,#1751);
#1223=LINE('',#10015,#1752);
#1224=LINE('',#10017,#1753);
#1225=LINE('',#10019,#1754);
#1226=LINE('',#10020,#1755);
#1227=LINE('',#10026,#1756);
#1228=LINE('',#10032,#1757);
#1229=LINE('',#10035,#1758);
#1230=LINE('',#10037,#1759);
#1231=LINE('',#10038,#1760);
#1232=LINE('',#10044,#1761);
#1233=LINE('',#10050,#1762);
#1234=LINE('',#10056,#1763);
#1235=LINE('',#10059,#1764);
#1236=LINE('',#10061,#1765);
#1237=LINE('',#10062,#1766);
#1238=LINE('',#10068,#1767);
#1239=LINE('',#10074,#1768);
#1240=LINE('',#10077,#1769);
#1241=LINE('',#10079,#1770);
#1242=LINE('',#10080,#1771);
#1243=LINE('',#10086,#1772);
#1244=LINE('',#10092,#1773);
#1245=LINE('',#10099,#1774);
#1246=LINE('',#10101,#1775);
#1247=LINE('',#10103,#1776);
#1248=LINE('',#10104,#1777);
#1249=LINE('',#10110,#1778);
#1250=LINE('',#10116,#1779);
#1251=LINE('',#10119,#1780);
#1252=LINE('',#10121,#1781);
#1253=LINE('',#10122,#1782);
#1254=LINE('',#10128,#1783);
#1255=LINE('',#10134,#1784);
#1256=LINE('',#10140,#1785);
#1257=LINE('',#10143,#1786);
#1258=LINE('',#10145,#1787);
#1259=LINE('',#10146,#1788);
#1260=LINE('',#10152,#1789);
#1261=LINE('',#10158,#1790);
#1262=LINE('',#10161,#1791);
#1263=LINE('',#10163,#1792);
#1264=LINE('',#10164,#1793);
#1265=LINE('',#10170,#1794);
#1266=LINE('',#10176,#1795);
#1267=LINE('',#10185,#1796);
#1268=LINE('',#10188,#1797);
#1269=LINE('',#10191,#1798);
#1270=LINE('',#10195,#1799);
#1271=LINE('',#10199,#1800);
#1272=LINE('',#10203,#1801);
#1273=LINE('',#10207,#1802);
#1274=LINE('',#10211,#1803);
#1275=LINE('',#10215,#1804);
#1276=LINE('',#10219,#1805);
#1277=LINE('',#10223,#1806);
#1278=LINE('',#10227,#1807);
#1279=LINE('',#10230,#1808);
#1280=LINE('',#10277,#1809);
#1281=LINE('',#10278,#1810);
#1282=LINE('',#10282,#1811);
#1283=LINE('',#10287,#1812);
#1284=LINE('',#10288,#1813);
#1285=LINE('',#10291,#1814);
#1286=LINE('',#10292,#1815);
#1287=LINE('',#10295,#1816);
#1288=LINE('',#10298,#1817);
#1289=LINE('',#10301,#1818);
#1290=LINE('',#10302,#1819);
#1291=LINE('',#10306,#1820);
#1292=LINE('',#10308,#1821);
#1293=LINE('',#10312,#1822);
#1294=LINE('',#10317,#1823);
#1295=LINE('',#10318,#1824);
#1296=LINE('',#10321,#1825);
#1297=LINE('',#10322,#1826);
#1298=LINE('',#10326,#1827);
#1299=LINE('',#10329,#1828);
#1300=LINE('',#10330,#1829);
#1301=LINE('',#10334,#1830);
#1302=LINE('',#10337,#1831);
#1303=LINE('',#10338,#1832);
#1304=LINE('',#10342,#1833);
#1305=LINE('',#10344,#1834);
#1306=LINE('',#10347,#1835);
#1307=LINE('',#10348,#1836);
#1308=LINE('',#10350,#1837);
#1309=LINE('',#10353,#1838);
#1310=LINE('',#10354,#1839);
#1311=LINE('',#10361,#1840);
#1312=LINE('',#10368,#1841);
#1313=LINE('',#10375,#1842);
#1314=LINE('',#10382,#1843);
#1315=LINE('',#10389,#1844);
#1316=LINE('',#10396,#1845);
#1317=LINE('',#10403,#1846);
#1318=LINE('',#10410,#1847);
#1319=LINE('',#10417,#1848);
#1320=LINE('',#10424,#1849);
#1321=LINE('',#10430,#1850);
#1322=LINE('',#10434,#1851);
#1323=LINE('',#10438,#1852);
#1324=LINE('',#10442,#1853);
#1325=LINE('',#10446,#1854);
#1326=LINE('',#10450,#1855);
#1327=LINE('',#10454,#1856);
#1328=LINE('',#10458,#1857);
#1329=LINE('',#10462,#1858);
#1330=LINE('',#10466,#1859);
#1331=LINE('',#10470,#1860);
#1332=LINE('',#10474,#1861);
#1333=LINE('',#10478,#1862);
#1334=LINE('',#10482,#1863);
#1335=LINE('',#10486,#1864);
#1336=LINE('',#10490,#1865);
#1337=LINE('',#10494,#1866);
#1338=LINE('',#10498,#1867);
#1339=LINE('',#10502,#1868);
#1340=LINE('',#10506,#1869);
#1341=LINE('',#10510,#1870);
#1342=LINE('',#10514,#1871);
#1343=LINE('',#10518,#1872);
#1344=LINE('',#10521,#1873);
#1345=LINE('',#10525,#1874);
#1346=LINE('',#10529,#1875);
#1347=LINE('',#10532,#1876);
#1348=LINE('',#10536,#1877);
#1349=LINE('',#10540,#1878);
#1350=LINE('',#10543,#1879);
#1351=LINE('',#10547,#1880);
#1352=LINE('',#10551,#1881);
#1353=LINE('',#10554,#1882);
#1354=LINE('',#10558,#1883);
#1355=LINE('',#10562,#1884);
#1356=LINE('',#10565,#1885);
#1357=LINE('',#10569,#1886);
#1358=LINE('',#10573,#1887);
#1359=LINE('',#10576,#1888);
#1360=LINE('',#10580,#1889);
#1361=LINE('',#10584,#1890);
#1362=LINE('',#10587,#1891);
#1363=LINE('',#10591,#1892);
#1364=LINE('',#10595,#1893);
#1365=LINE('',#10598,#1894);
#1366=LINE('',#10602,#1895);
#1367=LINE('',#10606,#1896);
#1368=LINE('',#10609,#1897);
#1369=LINE('',#10613,#1898);
#1370=LINE('',#10617,#1899);
#1371=LINE('',#10620,#1900);
#1372=LINE('',#10624,#1901);
#1373=LINE('',#10628,#1902);
#1374=LINE('',#10631,#1903);
#1375=LINE('',#10635,#1904);
#1376=LINE('',#10639,#1905);
#1377=LINE('',#10642,#1906);
#1378=LINE('',#10646,#1907);
#1379=LINE('',#10650,#1908);
#1380=LINE('',#10653,#1909);
#1381=LINE('',#10660,#1910);
#1382=LINE('',#10664,#1911);
#1383=LINE('',#10668,#1912);
#1384=LINE('',#10672,#1913);
#1385=LINE('',#10675,#1914);
#1386=LINE('',#10677,#1915);
#1387=LINE('',#10681,#1916);
#1388=LINE('',#10685,#1917);
#1389=LINE('',#10689,#1918);
#1390=LINE('',#10692,#1919);
#1391=LINE('',#10694,#1920);
#1392=LINE('',#10698,#1921);
#1393=LINE('',#10702,#1922);
#1394=LINE('',#10706,#1923);
#1395=LINE('',#10709,#1924);
#1396=LINE('',#10711,#1925);
#1397=LINE('',#10715,#1926);
#1398=LINE('',#10719,#1927);
#1399=LINE('',#10723,#1928);
#1400=LINE('',#10726,#1929);
#1401=LINE('',#10728,#1930);
#1402=LINE('',#10732,#1931);
#1403=LINE('',#10736,#1932);
#1404=LINE('',#10740,#1933);
#1405=LINE('',#10743,#1934);
#1406=LINE('',#10745,#1935);
#1407=LINE('',#10749,#1936);
#1408=LINE('',#10753,#1937);
#1409=LINE('',#10757,#1938);
#1410=LINE('',#10760,#1939);
#1411=LINE('',#10762,#1940);
#1412=LINE('',#10766,#1941);
#1413=LINE('',#10770,#1942);
#1414=LINE('',#10774,#1943);
#1415=LINE('',#10777,#1944);
#1416=LINE('',#10779,#1945);
#1417=LINE('',#10783,#1946);
#1418=LINE('',#10787,#1947);
#1419=LINE('',#10791,#1948);
#1420=LINE('',#10794,#1949);
#1421=LINE('',#10796,#1950);
#1422=LINE('',#10800,#1951);
#1423=LINE('',#10804,#1952);
#1424=LINE('',#10808,#1953);
#1425=LINE('',#10811,#1954);
#1426=LINE('',#10813,#1955);
#1427=LINE('',#10817,#1956);
#1428=LINE('',#10821,#1957);
#1429=LINE('',#10825,#1958);
#1430=LINE('',#10828,#1959);
#1431=LINE('',#10830,#1960);
#1432=LINE('',#10834,#1961);
#1433=LINE('',#10838,#1962);
#1434=LINE('',#10842,#1963);
#1435=LINE('',#10845,#1964);
#1436=LINE('',#10847,#1965);
#1437=LINE('',#10851,#1966);
#1438=LINE('',#10855,#1967);
#1439=LINE('',#10859,#1968);
#1440=LINE('',#10862,#1969);
#1441=LINE('',#10864,#1970);
#1442=LINE('',#10868,#1971);
#1443=LINE('',#10872,#1972);
#1444=LINE('',#10876,#1973);
#1445=LINE('',#10879,#1974);
#1446=LINE('',#10882,#1975);
#1447=LINE('',#10884,#1976);
#1448=LINE('',#10885,#1977);
#1449=LINE('',#10888,#1978);
#1450=LINE('',#10892,#1979);
#1451=LINE('',#10893,#1980);
#1452=LINE('',#10896,#1981);
#1453=LINE('',#10900,#1982);
#1454=LINE('',#10901,#1983);
#1455=LINE('',#10904,#1984);
#1456=LINE('',#10908,#1985);
#1457=LINE('',#10909,#1986);
#1458=LINE('',#10915,#1987);
#1459=LINE('',#10918,#1988);
#1460=LINE('',#10921,#1989);
#1461=LINE('',#10922,#1990);
#1462=LINE('',#10925,#1991);
#1463=LINE('',#10929,#1992);
#1464=LINE('',#10930,#1993);
#1465=LINE('',#10933,#1994);
#1466=LINE('',#10937,#1995);
#1467=LINE('',#10938,#1996);
#1468=LINE('',#10941,#1997);
#1469=LINE('',#10944,#1998);
#1470=LINE('',#10948,#1999);
#1471=LINE('',#10950,#2000);
#1472=LINE('',#10951,#2001);
#1473=LINE('',#10954,#2002);
#1474=LINE('',#10958,#2003);
#1475=LINE('',#10959,#2004);
#1476=LINE('',#10962,#2005);
#1477=LINE('',#10966,#2006);
#1478=LINE('',#10967,#2007);
#1479=LINE('',#10970,#2008);
#1480=LINE('',#10974,#2009);
#1481=LINE('',#10975,#2010);
#1482=LINE('',#10981,#2011);
#1483=LINE('',#10983,#2012);
#1484=LINE('',#10984,#2013);
#1485=LINE('',#10987,#2014);
#1486=LINE('',#10991,#2015);
#1487=LINE('',#10992,#2016);
#1488=LINE('',#10995,#2017);
#1489=LINE('',#10999,#2018);
#1490=LINE('',#11000,#2019);
#1491=LINE('',#11003,#2020);
#1492=LINE('',#11007,#2021);
#1493=LINE('',#11008,#2022);
#1494=LINE('',#11014,#2023);
#1495=LINE('',#11016,#2024);
#1496=LINE('',#11017,#2025);
#1497=LINE('',#11020,#2026);
#1498=LINE('',#11024,#2027);
#1499=LINE('',#11025,#2028);
#1500=LINE('',#11028,#2029);
#1501=LINE('',#11032,#2030);
#1502=LINE('',#11033,#2031);
#1503=LINE('',#11036,#2032);
#1504=LINE('',#11040,#2033);
#1505=LINE('',#11041,#2034);
#1506=LINE('',#11047,#2035);
#1507=LINE('',#11049,#2036);
#1508=LINE('',#11050,#2037);
#1509=LINE('',#11053,#2038);
#1510=LINE('',#11057,#2039);
#1511=LINE('',#11058,#2040);
#1512=LINE('',#11061,#2041);
#1513=LINE('',#11065,#2042);
#1514=LINE('',#11066,#2043);
#1515=LINE('',#11069,#2044);
#1516=LINE('',#11073,#2045);
#1517=LINE('',#11074,#2046);
#1518=LINE('',#11080,#2047);
#1519=LINE('',#11083,#2048);
#1520=LINE('',#11086,#2049);
#1521=LINE('',#11087,#2050);
#1522=LINE('',#11090,#2051);
#1523=LINE('',#11094,#2052);
#1524=LINE('',#11095,#2053);
#1525=LINE('',#11098,#2054);
#1526=LINE('',#11102,#2055);
#1527=LINE('',#11103,#2056);
#1528=LINE('',#11106,#2057);
#1529=LINE('',#11109,#2058);
#1530=LINE('',#11113,#2059);
#1531=LINE('',#11115,#2060);
#1532=LINE('',#11116,#2061);
#1533=LINE('',#11119,#2062);
#1534=LINE('',#11123,#2063);
#1535=LINE('',#11124,#2064);
#1536=LINE('',#11127,#2065);
#1537=LINE('',#11131,#2066);
#1538=LINE('',#11132,#2067);
#1539=LINE('',#11135,#2068);
#1540=LINE('',#11139,#2069);
#1541=LINE('',#11140,#2070);
#1542=LINE('',#11146,#2071);
#1543=LINE('',#11148,#2072);
#1544=LINE('',#11149,#2073);
#1545=LINE('',#11152,#2074);
#1546=LINE('',#11156,#2075);
#1547=LINE('',#11157,#2076);
#1548=LINE('',#11160,#2077);
#1549=LINE('',#11164,#2078);
#1550=LINE('',#11165,#2079);
#1551=LINE('',#11168,#2080);
#1552=LINE('',#11172,#2081);
#1553=LINE('',#11173,#2082);
#1554=LINE('',#11179,#2083);
#1555=LINE('',#11182,#2084);
#1556=LINE('',#11185,#2085);
#1557=LINE('',#11186,#2086);
#1558=LINE('',#11189,#2087);
#1559=LINE('',#11193,#2088);
#1560=LINE('',#11194,#2089);
#1561=LINE('',#11197,#2090);
#1562=LINE('',#11201,#2091);
#1563=LINE('',#11202,#2092);
#1564=LINE('',#11205,#2093);
#1565=LINE('',#11208,#2094);
#1566=LINE('',#11212,#2095);
#1567=LINE('',#11214,#2096);
#1568=LINE('',#11215,#2097);
#1569=LINE('',#11218,#2098);
#1570=LINE('',#11222,#2099);
#1571=LINE('',#11223,#2100);
#1572=LINE('',#11226,#2101);
#1573=LINE('',#11230,#2102);
#1574=LINE('',#11231,#2103);
#1575=LINE('',#11234,#2104);
#1576=LINE('',#11238,#2105);
#1577=LINE('',#11239,#2106);
#1578=LINE('',#11245,#2107);
#1579=LINE('',#11247,#2108);
#1580=LINE('',#11248,#2109);
#1581=LINE('',#11251,#2110);
#1582=LINE('',#11255,#2111);
#1583=LINE('',#11256,#2112);
#1584=LINE('',#11259,#2113);
#1585=LINE('',#11263,#2114);
#1586=LINE('',#11264,#2115);
#1587=LINE('',#11267,#2116);
#1588=LINE('',#11271,#2117);
#1589=LINE('',#11272,#2118);
#1590=LINE('',#11278,#2119);
#1591=LINE('',#11280,#2120);
#1592=LINE('',#11281,#2121);
#1593=LINE('',#11284,#2122);
#1594=LINE('',#11288,#2123);
#1595=LINE('',#11289,#2124);
#1596=LINE('',#11292,#2125);
#1597=LINE('',#11296,#2126);
#1598=LINE('',#11297,#2127);
#1599=LINE('',#11300,#2128);
#1600=LINE('',#11304,#2129);
#1601=LINE('',#11305,#2130);
#1602=LINE('',#11311,#2131);
#1603=LINE('',#11314,#2132);
#1604=VECTOR('',#7340,2.09999999999999);
#1605=VECTOR('',#7349,2.1);
#1606=VECTOR('',#7358,2.09999999999999);
#1607=VECTOR('',#7367,2.1);
#1608=VECTOR('',#7376,2.09999999999999);
#1609=VECTOR('',#7385,2.1);
#1610=VECTOR('',#7394,2.09999999999999);
#1611=VECTOR('',#7403,2.1);
#1612=VECTOR('',#7412,2.09999999999999);
#1613=VECTOR('',#7421,2.1);
#1614=VECTOR('',#7430,2.09999999999999);
#1615=VECTOR('',#7439,2.1);
#1616=VECTOR('',#7448,2.09999999999999);
#1617=VECTOR('',#7457,2.1);
#1618=VECTOR('',#7466,2.09999999999999);
#1619=VECTOR('',#7475,2.1);
#1620=VECTOR('',#7482,10.);
#1621=VECTOR('',#7483,10.);
#1622=VECTOR('',#7484,10.);
#1623=VECTOR('',#7485,10.);
#1624=VECTOR('',#7492,10.);
#1625=VECTOR('',#7499,10.);
#1626=VECTOR('',#7502,10.);
#1627=VECTOR('',#7503,10.);
#1628=VECTOR('',#7504,10.);
#1629=VECTOR('',#7511,10.);
#1630=VECTOR('',#7518,10.);
#1631=VECTOR('',#7525,10.);
#1632=VECTOR('',#7528,10.);
#1633=VECTOR('',#7529,10.);
#1634=VECTOR('',#7530,10.);
#1635=VECTOR('',#7537,10.);
#1636=VECTOR('',#7544,10.);
#1637=VECTOR('',#7547,10.);
#1638=VECTOR('',#7548,10.);
#1639=VECTOR('',#7549,10.);
#1640=VECTOR('',#7556,10.);
#1641=VECTOR('',#7563,10.);
#1642=VECTOR('',#7572,10.);
#1643=VECTOR('',#7573,10.);
#1644=VECTOR('',#7574,10.);
#1645=VECTOR('',#7575,10.);
#1646=VECTOR('',#7582,10.);
#1647=VECTOR('',#7589,10.);
#1648=VECTOR('',#7592,10.);
#1649=VECTOR('',#7593,10.);
#1650=VECTOR('',#7594,10.);
#1651=VECTOR('',#7601,10.);
#1652=VECTOR('',#7608,10.);
#1653=VECTOR('',#7615,10.);
#1654=VECTOR('',#7618,10.);
#1655=VECTOR('',#7619,10.);
#1656=VECTOR('',#7620,10.);
#1657=VECTOR('',#7627,10.);
#1658=VECTOR('',#7634,10.);
#1659=VECTOR('',#7637,10.);
#1660=VECTOR('',#7638,10.);
#1661=VECTOR('',#7639,10.);
#1662=VECTOR('',#7646,10.);
#1663=VECTOR('',#7653,10.);
#1664=VECTOR('',#7662,10.);
#1665=VECTOR('',#7663,10.);
#1666=VECTOR('',#7664,10.);
#1667=VECTOR('',#7665,10.);
#1668=VECTOR('',#7672,10.);
#1669=VECTOR('',#7679,10.);
#1670=VECTOR('',#7682,10.);
#1671=VECTOR('',#7683,10.);
#1672=VECTOR('',#7684,10.);
#1673=VECTOR('',#7691,10.);
#1674=VECTOR('',#7698,10.);
#1675=VECTOR('',#7705,10.);
#1676=VECTOR('',#7708,10.);
#1677=VECTOR('',#7709,10.);
#1678=VECTOR('',#7710,10.);
#1679=VECTOR('',#7717,10.);
#1680=VECTOR('',#7724,10.);
#1681=VECTOR('',#7727,10.);
#1682=VECTOR('',#7728,10.);
#1683=VECTOR('',#7729,10.);
#1684=VECTOR('',#7736,10.);
#1685=VECTOR('',#7743,10.);
#1686=VECTOR('',#7752,10.);
#1687=VECTOR('',#7753,10.);
#1688=VECTOR('',#7754,10.);
#1689=VECTOR('',#7755,10.);
#1690=VECTOR('',#7762,10.);
#1691=VECTOR('',#7769,10.);
#1692=VECTOR('',#7772,10.);
#1693=VECTOR('',#7773,10.);
#1694=VECTOR('',#7774,10.);
#1695=VECTOR('',#7781,10.);
#1696=VECTOR('',#7788,10.);
#1697=VECTOR('',#7795,10.);
#1698=VECTOR('',#7798,10.);
#1699=VECTOR('',#7799,10.);
#1700=VECTOR('',#7800,10.);
#1701=VECTOR('',#7807,10.);
#1702=VECTOR('',#7814,10.);
#1703=VECTOR('',#7817,10.);
#1704=VECTOR('',#7818,10.);
#1705=VECTOR('',#7819,10.);
#1706=VECTOR('',#7826,10.);
#1707=VECTOR('',#7833,10.);
#1708=VECTOR('',#7842,10.);
#1709=VECTOR('',#7843,10.);
#1710=VECTOR('',#7844,10.);
#1711=VECTOR('',#7845,10.);
#1712=VECTOR('',#7852,10.);
#1713=VECTOR('',#7859,10.);
#1714=VECTOR('',#7862,10.);
#1715=VECTOR('',#7863,10.);
#1716=VECTOR('',#7864,10.);
#1717=VECTOR('',#7871,10.);
#1718=VECTOR('',#7878,10.);
#1719=VECTOR('',#7885,10.);
#1720=VECTOR('',#7888,10.);
#1721=VECTOR('',#7889,10.);
#1722=VECTOR('',#7890,10.);
#1723=VECTOR('',#7897,10.);
#1724=VECTOR('',#7904,10.);
#1725=VECTOR('',#7907,10.);
#1726=VECTOR('',#7908,10.);
#1727=VECTOR('',#7909,10.);
#1728=VECTOR('',#7916,10.);
#1729=VECTOR('',#7923,10.);
#1730=VECTOR('',#7932,10.);
#1731=VECTOR('',#7933,10.);
#1732=VECTOR('',#7934,10.);
#1733=VECTOR('',#7935,10.);
#1734=VECTOR('',#7942,10.);
#1735=VECTOR('',#7949,10.);
#1736=VECTOR('',#7952,10.);
#1737=VECTOR('',#7953,10.);
#1738=VECTOR('',#7954,10.);
#1739=VECTOR('',#7961,10.);
#1740=VECTOR('',#7968,10.);
#1741=VECTOR('',#7975,10.);
#1742=VECTOR('',#7978,10.);
#1743=VECTOR('',#7979,10.);
#1744=VECTOR('',#7980,10.);
#1745=VECTOR('',#7987,10.);
#1746=VECTOR('',#7994,10.);
#1747=VECTOR('',#7997,10.);
#1748=VECTOR('',#7998,10.);
#1749=VECTOR('',#7999,10.);
#1750=VECTOR('',#8006,10.);
#1751=VECTOR('',#8013,10.);
#1752=VECTOR('',#8022,10.);
#1753=VECTOR('',#8023,10.);
#1754=VECTOR('',#8024,10.);
#1755=VECTOR('',#8025,10.);
#1756=VECTOR('',#8032,10.);
#1757=VECTOR('',#8039,10.);
#1758=VECTOR('',#8042,10.);
#1759=VECTOR('',#8043,10.);
#1760=VECTOR('',#8044,10.);
#1761=VECTOR('',#8051,10.);
#1762=VECTOR('',#8058,10.);
#1763=VECTOR('',#8065,10.);
#1764=VECTOR('',#8068,10.);
#1765=VECTOR('',#8069,10.);
#1766=VECTOR('',#8070,10.);
#1767=VECTOR('',#8077,10.);
#1768=VECTOR('',#8084,10.);
#1769=VECTOR('',#8087,10.);
#1770=VECTOR('',#8088,10.);
#1771=VECTOR('',#8089,10.);
#1772=VECTOR('',#8096,10.);
#1773=VECTOR('',#8103,10.);
#1774=VECTOR('',#8112,10.);
#1775=VECTOR('',#8113,10.);
#1776=VECTOR('',#8114,10.);
#1777=VECTOR('',#8115,10.);
#1778=VECTOR('',#8122,10.);
#1779=VECTOR('',#8129,10.);
#1780=VECTOR('',#8132,10.);
#1781=VECTOR('',#8133,10.);
#1782=VECTOR('',#8134,10.);
#1783=VECTOR('',#8141,10.);
#1784=VECTOR('',#8148,10.);
#1785=VECTOR('',#8155,10.);
#1786=VECTOR('',#8158,10.);
#1787=VECTOR('',#8159,10.);
#1788=VECTOR('',#8160,10.);
#1789=VECTOR('',#8167,10.);
#1790=VECTOR('',#8174,10.);
#1791=VECTOR('',#8177,10.);
#1792=VECTOR('',#8178,10.);
#1793=VECTOR('',#8179,10.);
#1794=VECTOR('',#8186,10.);
#1795=VECTOR('',#8193,10.);
#1796=VECTOR('',#8204,10.);
#1797=VECTOR('',#8207,10.);
#1798=VECTOR('',#8210,10.);
#1799=VECTOR('',#8213,10.);
#1800=VECTOR('',#8216,10.);
#1801=VECTOR('',#8219,10.);
#1802=VECTOR('',#8222,10.);
#1803=VECTOR('',#8225,10.);
#1804=VECTOR('',#8228,10.);
#1805=VECTOR('',#8231,10.);
#1806=VECTOR('',#8234,10.);
#1807=VECTOR('',#8237,10.);
#1808=VECTOR('',#8240,10.);
#1809=VECTOR('',#8287,10.);
#1810=VECTOR('',#8288,10.);
#1811=VECTOR('',#8293,10.);
#1812=VECTOR('',#8298,10.);
#1813=VECTOR('',#8299,10.);
#1814=VECTOR('',#8302,10.);
#1815=VECTOR('',#8303,10.);
#1816=VECTOR('',#8306,10.);
#1817=VECTOR('',#8309,10.);
#1818=VECTOR('',#8312,10.);
#1819=VECTOR('',#8313,10.);
#1820=VECTOR('',#8318,10.);
#1821=VECTOR('',#8321,10.);
#1822=VECTOR('',#8326,10.);
#1823=VECTOR('',#8331,10.);
#1824=VECTOR('',#8332,10.);
#1825=VECTOR('',#8335,10.);
#1826=VECTOR('',#8336,10.);
#1827=VECTOR('',#8341,10.);
#1828=VECTOR('',#8344,10.);
#1829=VECTOR('',#8345,10.);
#1830=VECTOR('',#8350,10.);
#1831=VECTOR('',#8353,10.);
#1832=VECTOR('',#8354,10.);
#1833=VECTOR('',#8359,10.);
#1834=VECTOR('',#8362,10.);
#1835=VECTOR('',#8365,10.);
#1836=VECTOR('',#8366,10.);
#1837=VECTOR('',#8369,10.);
#1838=VECTOR('',#8372,10.);
#1839=VECTOR('',#8373,10.);
#1840=VECTOR('',#8382,2.1);
#1841=VECTOR('',#8391,2.1);
#1842=VECTOR('',#8400,2.1);
#1843=VECTOR('',#8409,2.1);
#1844=VECTOR('',#8418,2.1);
#1845=VECTOR('',#8427,2.1);
#1846=VECTOR('',#8436,2.1);
#1847=VECTOR('',#8445,2.1);
#1848=VECTOR('',#8454,2.1);
#1849=VECTOR('',#8463,2.1);
#1850=VECTOR('',#8472,2.15);
#1851=VECTOR('',#8477,2.15);
#1852=VECTOR('',#8482,2.15);
#1853=VECTOR('',#8487,2.15);
#1854=VECTOR('',#8492,2.15);
#1855=VECTOR('',#8497,2.15);
#1856=VECTOR('',#8502,2.15);
#1857=VECTOR('',#8507,2.15);
#1858=VECTOR('',#8512,2.00000000000004);
#1859=VECTOR('',#8517,2.00000000000001);
#1860=VECTOR('',#8522,2.00000000000007);
#1861=VECTOR('',#8527,2.00000000000035);
#1862=VECTOR('',#8532,2.00000000000008);
#1863=VECTOR('',#8537,2.00000000000007);
#1864=VECTOR('',#8542,2.0000000000016);
#1865=VECTOR('',#8547,2.);
#1866=VECTOR('',#8552,2.00000000000026);
#1867=VECTOR('',#8557,2.00000000000011);
#1868=VECTOR('',#8562,2.00000000000009);
#1869=VECTOR('',#8567,2.00000000000011);
#1870=VECTOR('',#8572,2.00000000000003);
#1871=VECTOR('',#8575,10.);
#1872=VECTOR('',#8578,10.);
#1873=VECTOR('',#8583,10.);
#1874=VECTOR('',#8586,10.);
#1875=VECTOR('',#8589,10.);
#1876=VECTOR('',#8594,10.);
#1877=VECTOR('',#8597,10.);
#1878=VECTOR('',#8600,10.);
#1879=VECTOR('',#8605,10.);
#1880=VECTOR('',#8608,10.);
#1881=VECTOR('',#8611,10.);
#1882=VECTOR('',#8616,10.);
#1883=VECTOR('',#8619,10.);
#1884=VECTOR('',#8622,10.);
#1885=VECTOR('',#8627,10.);
#1886=VECTOR('',#8630,10.);
#1887=VECTOR('',#8633,10.);
#1888=VECTOR('',#8638,10.);
#1889=VECTOR('',#8641,10.);
#1890=VECTOR('',#8644,10.);
#1891=VECTOR('',#8649,10.);
#1892=VECTOR('',#8652,10.);
#1893=VECTOR('',#8655,10.);
#1894=VECTOR('',#8660,10.);
#1895=VECTOR('',#8663,10.);
#1896=VECTOR('',#8666,10.);
#1897=VECTOR('',#8671,10.);
#1898=VECTOR('',#8674,10.);
#1899=VECTOR('',#8677,10.);
#1900=VECTOR('',#8682,10.);
#1901=VECTOR('',#8685,10.);
#1902=VECTOR('',#8688,10.);
#1903=VECTOR('',#8693,10.);
#1904=VECTOR('',#8696,10.);
#1905=VECTOR('',#8699,10.);
#1906=VECTOR('',#8704,10.);
#1907=VECTOR('',#8707,10.);
#1908=VECTOR('',#8710,10.);
#1909=VECTOR('',#8715,10.);
#1910=VECTOR('',#8722,10.);
#1911=VECTOR('',#8725,10.);
#1912=VECTOR('',#8728,10.);
#1913=VECTOR('',#8731,10.);
#1914=VECTOR('',#8734,10.);
#1915=VECTOR('',#8735,10.);
#1916=VECTOR('',#8738,10.);
#1917=VECTOR('',#8741,10.);
#1918=VECTOR('',#8744,10.);
#1919=VECTOR('',#8747,10.);
#1920=VECTOR('',#8748,10.);
#1921=VECTOR('',#8751,10.);
#1922=VECTOR('',#8754,10.);
#1923=VECTOR('',#8757,10.);
#1924=VECTOR('',#8760,10.);
#1925=VECTOR('',#8761,10.);
#1926=VECTOR('',#8764,10.);
#1927=VECTOR('',#8767,10.);
#1928=VECTOR('',#8770,10.);
#1929=VECTOR('',#8773,10.);
#1930=VECTOR('',#8774,10.);
#1931=VECTOR('',#8777,10.);
#1932=VECTOR('',#8780,10.);
#1933=VECTOR('',#8783,10.);
#1934=VECTOR('',#8786,10.);
#1935=VECTOR('',#8787,10.);
#1936=VECTOR('',#8790,10.);
#1937=VECTOR('',#8793,10.);
#1938=VECTOR('',#8796,10.);
#1939=VECTOR('',#8799,10.);
#1940=VECTOR('',#8800,10.);
#1941=VECTOR('',#8803,10.);
#1942=VECTOR('',#8806,10.);
#1943=VECTOR('',#8809,10.);
#1944=VECTOR('',#8812,10.);
#1945=VECTOR('',#8813,10.);
#1946=VECTOR('',#8816,10.);
#1947=VECTOR('',#8819,10.);
#1948=VECTOR('',#8822,10.);
#1949=VECTOR('',#8825,10.);
#1950=VECTOR('',#8826,10.);
#1951=VECTOR('',#8829,10.);
#1952=VECTOR('',#8832,10.);
#1953=VECTOR('',#8835,10.);
#1954=VECTOR('',#8838,10.);
#1955=VECTOR('',#8839,10.);
#1956=VECTOR('',#8842,10.);
#1957=VECTOR('',#8845,10.);
#1958=VECTOR('',#8848,10.);
#1959=VECTOR('',#8851,10.);
#1960=VECTOR('',#8852,10.);
#1961=VECTOR('',#8855,10.);
#1962=VECTOR('',#8858,10.);
#1963=VECTOR('',#8861,10.);
#1964=VECTOR('',#8864,10.);
#1965=VECTOR('',#8865,10.);
#1966=VECTOR('',#8868,10.);
#1967=VECTOR('',#8871,10.);
#1968=VECTOR('',#8874,10.);
#1969=VECTOR('',#8877,10.);
#1970=VECTOR('',#8878,10.);
#1971=VECTOR('',#8881,10.);
#1972=VECTOR('',#8884,10.);
#1973=VECTOR('',#8887,10.);
#1974=VECTOR('',#8890,10.);
#1975=VECTOR('',#8893,10.);
#1976=VECTOR('',#8894,10.);
#1977=VECTOR('',#8895,10.);
#1978=VECTOR('',#8898,10.);
#1979=VECTOR('',#8903,10.);
#1980=VECTOR('',#8904,10.);
#1981=VECTOR('',#8907,10.);
#1982=VECTOR('',#8912,10.);
#1983=VECTOR('',#8913,10.);
#1984=VECTOR('',#8916,10.);
#1985=VECTOR('',#8921,10.);
#1986=VECTOR('',#8922,10.);
#1987=VECTOR('',#8931,10.);
#1988=VECTOR('',#8934,10.);
#1989=VECTOR('',#8937,10.);
#1990=VECTOR('',#8938,10.);
#1991=VECTOR('',#8941,10.);
#1992=VECTOR('',#8946,10.);
#1993=VECTOR('',#8947,10.);
#1994=VECTOR('',#8950,10.);
#1995=VECTOR('',#8955,10.);
#1996=VECTOR('',#8956,10.);
#1997=VECTOR('',#8959,10.);
#1998=VECTOR('',#8964,10.);
#1999=VECTOR('',#8969,10.);
#2000=VECTOR('',#8970,10.);
#2001=VECTOR('',#8971,10.);
#2002=VECTOR('',#8974,10.);
#2003=VECTOR('',#8979,10.);
#2004=VECTOR('',#8980,10.);
#2005=VECTOR('',#8983,10.);
#2006=VECTOR('',#8988,10.);
#2007=VECTOR('',#8989,10.);
#2008=VECTOR('',#8992,10.);
#2009=VECTOR('',#8997,10.);
#2010=VECTOR('',#8998,10.);
#2011=VECTOR('',#9007,10.);
#2012=VECTOR('',#9008,10.);
#2013=VECTOR('',#9009,10.);
#2014=VECTOR('',#9012,10.);
#2015=VECTOR('',#9017,10.);
#2016=VECTOR('',#9018,10.);
#2017=VECTOR('',#9021,10.);
#2018=VECTOR('',#9026,10.);
#2019=VECTOR('',#9027,10.);
#2020=VECTOR('',#9030,10.);
#2021=VECTOR('',#9035,10.);
#2022=VECTOR('',#9036,10.);
#2023=VECTOR('',#9045,10.);
#2024=VECTOR('',#9046,10.);
#2025=VECTOR('',#9047,10.);
#2026=VECTOR('',#9050,10.);
#2027=VECTOR('',#9055,10.);
#2028=VECTOR('',#9056,10.);
#2029=VECTOR('',#9059,10.);
#2030=VECTOR('',#9064,10.);
#2031=VECTOR('',#9065,10.);
#2032=VECTOR('',#9068,10.);
#2033=VECTOR('',#9073,10.);
#2034=VECTOR('',#9074,10.);
#2035=VECTOR('',#9083,10.);
#2036=VECTOR('',#9084,10.);
#2037=VECTOR('',#9085,10.);
#2038=VECTOR('',#9088,10.);
#2039=VECTOR('',#9093,10.);
#2040=VECTOR('',#9094,10.);
#2041=VECTOR('',#9097,10.);
#2042=VECTOR('',#9102,10.);
#2043=VECTOR('',#9103,10.);
#2044=VECTOR('',#9106,10.);
#2045=VECTOR('',#9111,10.);
#2046=VECTOR('',#9112,10.);
#2047=VECTOR('',#9121,10.);
#2048=VECTOR('',#9124,10.);
#2049=VECTOR('',#9127,10.);
#2050=VECTOR('',#9128,10.);
#2051=VECTOR('',#9131,10.);
#2052=VECTOR('',#9136,10.);
#2053=VECTOR('',#9137,10.);
#2054=VECTOR('',#9140,10.);
#2055=VECTOR('',#9145,10.);
#2056=VECTOR('',#9146,10.);
#2057=VECTOR('',#9149,10.);
#2058=VECTOR('',#9154,10.);
#2059=VECTOR('',#9159,10.);
#2060=VECTOR('',#9160,10.);
#2061=VECTOR('',#9161,10.);
#2062=VECTOR('',#9164,10.);
#2063=VECTOR('',#9169,10.);
#2064=VECTOR('',#9170,10.);
#2065=VECTOR('',#9173,10.);
#2066=VECTOR('',#9178,10.);
#2067=VECTOR('',#9179,10.);
#2068=VECTOR('',#9182,10.);
#2069=VECTOR('',#9187,10.);
#2070=VECTOR('',#9188,10.);
#2071=VECTOR('',#9197,10.);
#2072=VECTOR('',#9198,10.);
#2073=VECTOR('',#9199,10.);
#2074=VECTOR('',#9202,10.);
#2075=VECTOR('',#9207,10.);
#2076=VECTOR('',#9208,10.);
#2077=VECTOR('',#9211,10.);
#2078=VECTOR('',#9216,10.);
#2079=VECTOR('',#9217,10.);
#2080=VECTOR('',#9220,10.);
#2081=VECTOR('',#9225,10.);
#2082=VECTOR('',#9226,10.);
#2083=VECTOR('',#9235,10.);
#2084=VECTOR('',#9238,10.);
#2085=VECTOR('',#9241,10.);
#2086=VECTOR('',#9242,10.);
#2087=VECTOR('',#9245,10.);
#2088=VECTOR('',#9250,10.);
#2089=VECTOR('',#9251,10.);
#2090=VECTOR('',#9254,10.);
#2091=VECTOR('',#9259,10.);
#2092=VECTOR('',#9260,10.);
#2093=VECTOR('',#9263,10.);
#2094=VECTOR('',#9268,10.);
#2095=VECTOR('',#9273,10.);
#2096=VECTOR('',#9274,10.);
#2097=VECTOR('',#9275,10.);
#2098=VECTOR('',#9278,10.);
#2099=VECTOR('',#9283,10.);
#2100=VECTOR('',#9284,10.);
#2101=VECTOR('',#9287,10.);
#2102=VECTOR('',#9292,10.);
#2103=VECTOR('',#9293,10.);
#2104=VECTOR('',#9296,10.);
#2105=VECTOR('',#9301,10.);
#2106=VECTOR('',#9302,10.);
#2107=VECTOR('',#9311,10.);
#2108=VECTOR('',#9312,10.);
#2109=VECTOR('',#9313,10.);
#2110=VECTOR('',#9316,10.);
#2111=VECTOR('',#9321,10.);
#2112=VECTOR('',#9322,10.);
#2113=VECTOR('',#9325,10.);
#2114=VECTOR('',#9330,10.);
#2115=VECTOR('',#9331,10.);
#2116=VECTOR('',#9334,10.);
#2117=VECTOR('',#9339,10.);
#2118=VECTOR('',#9340,10.);
#2119=VECTOR('',#9349,10.);
#2120=VECTOR('',#9350,10.);
#2121=VECTOR('',#9351,10.);
#2122=VECTOR('',#9354,10.);
#2123=VECTOR('',#9359,10.);
#2124=VECTOR('',#9360,10.);
#2125=VECTOR('',#9363,10.);
#2126=VECTOR('',#9368,10.);
#2127=VECTOR('',#9369,10.);
#2128=VECTOR('',#9372,10.);
#2129=VECTOR('',#9377,10.);
#2130=VECTOR('',#9378,10.);
#2131=VECTOR('',#9387,95.);
#2132=VECTOR('',#9392,60.);
#2133=CIRCLE('',#6570,2.09999999999999);
#2134=CIRCLE('',#6571,2.09999999999999);
#2135=CIRCLE('',#6574,2.1);
#2136=CIRCLE('',#6575,2.1);
#2137=CIRCLE('',#6578,2.09999999999999);
#2138=CIRCLE('',#6579,2.09999999999999);
#2139=CIRCLE('',#6582,2.1);
#2140=CIRCLE('',#6583,2.1);
#2141=CIRCLE('',#6586,2.09999999999999);
#2142=CIRCLE('',#6587,2.09999999999999);
#2143=CIRCLE('',#6590,2.1);
#2144=CIRCLE('',#6591,2.1);
#2145=CIRCLE('',#6594,2.09999999999999);
#2146=CIRCLE('',#6595,2.09999999999999);
#2147=CIRCLE('',#6598,2.1);
#2148=CIRCLE('',#6599,2.1);
#2149=CIRCLE('',#6602,2.09999999999999);
#2150=CIRCLE('',#6603,2.09999999999999);
#2151=CIRCLE('',#6606,2.1);
#2152=CIRCLE('',#6607,2.1);
#2153=CIRCLE('',#6610,2.09999999999999);
#2154=CIRCLE('',#6611,2.09999999999999);
#2155=CIRCLE('',#6614,2.1);
#2156=CIRCLE('',#6615,2.1);
#2157=CIRCLE('',#6618,2.09999999999999);
#2158=CIRCLE('',#6619,2.09999999999999);
#2159=CIRCLE('',#6622,2.1);
#2160=CIRCLE('',#6623,2.1);
#2161=CIRCLE('',#6626,2.09999999999999);
#2162=CIRCLE('',#6627,2.09999999999999);
#2163=CIRCLE('',#6630,2.1);
#2164=CIRCLE('',#6631,2.1);
#2165=CIRCLE('',#6635,112.800000000553);
#2166=CIRCLE('',#6636,112.800000000553);
#2167=CIRCLE('',#6638,2.40000000001176);
#2168=CIRCLE('',#6639,2.40000000001176);
#2169=CIRCLE('',#6642,2.40000000001177);
#2170=CIRCLE('',#6643,2.40000000001177);
#2171=CIRCLE('',#6645,99.6000000004885);
#2172=CIRCLE('',#6646,99.6000000004885);
#2173=CIRCLE('',#6648,2.40332530731345);
#2174=CIRCLE('',#6649,2.40332530731345);
#2175=CIRCLE('',#6652,2.40000000001176);
#2176=CIRCLE('',#6653,2.40000000001176);
#2177=CIRCLE('',#6655,112.800000000287);
#2178=CIRCLE('',#6656,112.800000000287);
#2179=CIRCLE('',#6659,2.40000000001175);
#2180=CIRCLE('',#6660,2.40000000001175);
#2181=CIRCLE('',#6662,115.400000000566);
#2182=CIRCLE('',#6663,115.400000000566);
#2183=CIRCLE('',#6665,2.40000000001175);
#2184=CIRCLE('',#6666,2.40000000001175);
#2185=CIRCLE('',#6669,112.800000000553);
#2186=CIRCLE('',#6670,112.800000000553);
#2187=CIRCLE('',#6672,2.40000000001176);
#2188=CIRCLE('',#6673,2.40000000001176);
#2189=CIRCLE('',#6676,2.40000000001177);
#2190=CIRCLE('',#6677,2.40000000001177);
#2191=CIRCLE('',#6679,99.6000000004885);
#2192=CIRCLE('',#6680,99.6000000004885);
#2193=CIRCLE('',#6682,2.40332530731345);
#2194=CIRCLE('',#6683,2.40332530731345);
#2195=CIRCLE('',#6686,2.40000000001176);
#2196=CIRCLE('',#6687,2.40000000001176);
#2197=CIRCLE('',#6689,112.800000000287);
#2198=CIRCLE('',#6690,112.800000000287);
#2199=CIRCLE('',#6693,2.40000000001175);
#2200=CIRCLE('',#6694,2.40000000001175);
#2201=CIRCLE('',#6696,115.400000000566);
#2202=CIRCLE('',#6697,115.400000000566);
#2203=CIRCLE('',#6699,2.40000000001175);
#2204=CIRCLE('',#6700,2.40000000001175);
#2205=CIRCLE('',#6703,112.800000000553);
#2206=CIRCLE('',#6704,112.800000000553);
#2207=CIRCLE('',#6706,2.40000000001176);
#2208=CIRCLE('',#6707,2.40000000001176);
#2209=CIRCLE('',#6710,2.40000000001177);
#2210=CIRCLE('',#6711,2.40000000001177);
#2211=CIRCLE('',#6713,99.6000000004885);
#2212=CIRCLE('',#6714,99.6000000004885);
#2213=CIRCLE('',#6716,2.40332530731345);
#2214=CIRCLE('',#6717,2.40332530731345);
#2215=CIRCLE('',#6720,2.40000000001176);
#2216=CIRCLE('',#6721,2.40000000001176);
#2217=CIRCLE('',#6723,112.800000000287);
#2218=CIRCLE('',#6724,112.800000000287);
#2219=CIRCLE('',#6727,2.40000000001175);
#2220=CIRCLE('',#6728,2.40000000001175);
#2221=CIRCLE('',#6730,115.400000000566);
#2222=CIRCLE('',#6731,115.400000000566);
#2223=CIRCLE('',#6733,2.40000000001175);
#2224=CIRCLE('',#6734,2.40000000001175);
#2225=CIRCLE('',#6737,112.800000000553);
#2226=CIRCLE('',#6738,112.800000000553);
#2227=CIRCLE('',#6740,2.40000000001176);
#2228=CIRCLE('',#6741,2.40000000001176);
#2229=CIRCLE('',#6744,2.40000000001177);
#2230=CIRCLE('',#6745,2.40000000001177);
#2231=CIRCLE('',#6747,99.6000000004885);
#2232=CIRCLE('',#6748,99.6000000004885);
#2233=CIRCLE('',#6750,2.40332530731345);
#2234=CIRCLE('',#6751,2.40332530731345);
#2235=CIRCLE('',#6754,2.40000000001176);
#2236=CIRCLE('',#6755,2.40000000001176);
#2237=CIRCLE('',#6757,112.800000000287);
#2238=CIRCLE('',#6758,112.800000000287);
#2239=CIRCLE('',#6761,2.40000000001175);
#2240=CIRCLE('',#6762,2.40000000001175);
#2241=CIRCLE('',#6764,115.400000000566);
#2242=CIRCLE('',#6765,115.400000000566);
#2243=CIRCLE('',#6767,2.40000000001175);
#2244=CIRCLE('',#6768,2.40000000001175);
#2245=CIRCLE('',#6771,112.800000000553);
#2246=CIRCLE('',#6772,112.800000000553);
#2247=CIRCLE('',#6774,2.40000000001176);
#2248=CIRCLE('',#6775,2.40000000001176);
#2249=CIRCLE('',#6778,2.40000000001177);
#2250=CIRCLE('',#6779,2.40000000001177);
#2251=CIRCLE('',#6781,99.6000000004885);
#2252=CIRCLE('',#6782,99.6000000004885);
#2253=CIRCLE('',#6784,2.40332530731345);
#2254=CIRCLE('',#6785,2.40332530731345);
#2255=CIRCLE('',#6788,2.40000000001176);
#2256=CIRCLE('',#6789,2.40000000001176);
#2257=CIRCLE('',#6791,112.800000000287);
#2258=CIRCLE('',#6792,112.800000000287);
#2259=CIRCLE('',#6795,2.40000000001175);
#2260=CIRCLE('',#6796,2.40000000001175);
#2261=CIRCLE('',#6798,115.400000000566);
#2262=CIRCLE('',#6799,115.400000000566);
#2263=CIRCLE('',#6801,2.40000000001175);
#2264=CIRCLE('',#6802,2.40000000001175);
#2265=CIRCLE('',#6805,112.800000000553);
#2266=CIRCLE('',#6806,112.800000000553);
#2267=CIRCLE('',#6808,2.40000000001176);
#2268=CIRCLE('',#6809,2.40000000001176);
#2269=CIRCLE('',#6812,2.40000000001177);
#2270=CIRCLE('',#6813,2.40000000001177);
#2271=CIRCLE('',#6815,99.6000000004885);
#2272=CIRCLE('',#6816,99.6000000004885);
#2273=CIRCLE('',#6818,2.40332530731345);
#2274=CIRCLE('',#6819,2.40332530731345);
#2275=CIRCLE('',#6822,2.40000000001176);
#2276=CIRCLE('',#6823,2.40000000001176);
#2277=CIRCLE('',#6825,112.800000000287);
#2278=CIRCLE('',#6826,112.800000000287);
#2279=CIRCLE('',#6829,2.40000000001175);
#2280=CIRCLE('',#6830,2.40000000001175);
#2281=CIRCLE('',#6832,115.400000000566);
#2282=CIRCLE('',#6833,115.400000000566);
#2283=CIRCLE('',#6835,2.40000000001175);
#2284=CIRCLE('',#6836,2.40000000001175);
#2285=CIRCLE('',#6839,112.800000000553);
#2286=CIRCLE('',#6840,112.800000000553);
#2287=CIRCLE('',#6842,2.40000000001176);
#2288=CIRCLE('',#6843,2.40000000001176);
#2289=CIRCLE('',#6846,2.40000000001177);
#2290=CIRCLE('',#6847,2.40000000001177);
#2291=CIRCLE('',#6849,99.6000000004885);
#2292=CIRCLE('',#6850,99.6000000004885);
#2293=CIRCLE('',#6852,2.40332530731345);
#2294=CIRCLE('',#6853,2.40332530731345);
#2295=CIRCLE('',#6856,2.40000000001176);
#2296=CIRCLE('',#6857,2.40000000001176);
#2297=CIRCLE('',#6859,112.800000000287);
#2298=CIRCLE('',#6860,112.800000000287);
#2299=CIRCLE('',#6863,2.40000000001175);
#2300=CIRCLE('',#6864,2.40000000001175);
#2301=CIRCLE('',#6866,115.400000000566);
#2302=CIRCLE('',#6867,115.400000000566);
#2303=CIRCLE('',#6869,2.40000000001175);
#2304=CIRCLE('',#6870,2.40000000001175);
#2305=CIRCLE('',#6873,112.800000000553);
#2306=CIRCLE('',#6874,112.800000000553);
#2307=CIRCLE('',#6876,2.40000000001176);
#2308=CIRCLE('',#6877,2.40000000001176);
#2309=CIRCLE('',#6880,2.40000000001177);
#2310=CIRCLE('',#6881,2.40000000001177);
#2311=CIRCLE('',#6883,99.6000000004885);
#2312=CIRCLE('',#6884,99.6000000004885);
#2313=CIRCLE('',#6886,2.40332530731345);
#2314=CIRCLE('',#6887,2.40332530731345);
#2315=CIRCLE('',#6890,2.40000000001176);
#2316=CIRCLE('',#6891,2.40000000001176);
#2317=CIRCLE('',#6893,112.800000000287);
#2318=CIRCLE('',#6894,112.800000000287);
#2319=CIRCLE('',#6897,2.40000000001175);
#2320=CIRCLE('',#6898,2.40000000001175);
#2321=CIRCLE('',#6900,115.400000000566);
#2322=CIRCLE('',#6901,115.400000000566);
#2323=CIRCLE('',#6903,2.40000000001175);
#2324=CIRCLE('',#6904,2.40000000001175);
#2325=CIRCLE('',#6906,2.);
#2326=CIRCLE('',#6907,2.);
#2327=CIRCLE('',#6909,2.);
#2328=CIRCLE('',#6910,2.);
#2329=CIRCLE('',#6911,2.);
#2330=CIRCLE('',#6912,2.);
#2331=CIRCLE('',#6913,2.);
#2332=CIRCLE('',#6914,2.);
#2333=CIRCLE('',#6915,2.);
#2334=CIRCLE('',#6916,2.);
#2335=CIRCLE('',#6917,2.);
#2336=CIRCLE('',#6918,120.);
#2337=CIRCLE('',#6919,60.);
#2338=CIRCLE('',#6920,2.00000000000003);
#2339=CIRCLE('',#6921,2.00000000000011);
#2340=CIRCLE('',#6922,2.00000000000009);
#2341=CIRCLE('',#6923,2.00000000000011);
#2342=CIRCLE('',#6924,2.00000000000026);
#2343=CIRCLE('',#6925,2.);
#2344=CIRCLE('',#6926,2.0000000000016);
#2345=CIRCLE('',#6927,2.00000000000007);
#2346=CIRCLE('',#6928,2.00000000000008);
#2347=CIRCLE('',#6929,2.00000000000035);
#2348=CIRCLE('',#6930,2.00000000000007);
#2349=CIRCLE('',#6931,2.00000000000001);
#2350=CIRCLE('',#6932,2.00000000000004);
#2351=CIRCLE('',#6933,2.15);
#2352=CIRCLE('',#6934,2.15);
#2353=CIRCLE('',#6935,2.15);
#2354=CIRCLE('',#6936,2.15);
#2355=CIRCLE('',#6937,2.15);
#2356=CIRCLE('',#6938,2.15);
#2357=CIRCLE('',#6939,2.15);
#2358=CIRCLE('',#6940,2.15);
#2359=CIRCLE('',#6943,2.);
#2360=CIRCLE('',#6945,2.);
#2361=CIRCLE('',#6948,2.);
#2362=CIRCLE('',#6951,2.);
#2363=CIRCLE('',#6954,2.);
#2364=CIRCLE('',#6956,2.);
#2365=CIRCLE('',#6959,2.);
#2366=CIRCLE('',#6962,2.);
#2367=CIRCLE('',#6965,2.);
#2368=CIRCLE('',#6971,120.);
#2369=CIRCLE('',#6973,2.1);
#2370=CIRCLE('',#6974,2.1);
#2371=CIRCLE('',#6977,2.1);
#2372=CIRCLE('',#6978,2.1);
#2373=CIRCLE('',#6981,2.1);
#2374=CIRCLE('',#6982,2.1);
#2375=CIRCLE('',#6985,2.1);
#2376=CIRCLE('',#6986,2.1);
#2377=CIRCLE('',#6989,2.1);
#2378=CIRCLE('',#6990,2.1);
#2379=CIRCLE('',#6993,2.1);
#2380=CIRCLE('',#6994,2.1);
#2381=CIRCLE('',#6997,2.1);
#2382=CIRCLE('',#6998,2.1);
#2383=CIRCLE('',#7001,2.1);
#2384=CIRCLE('',#7002,2.1);
#2385=CIRCLE('',#7005,2.1);
#2386=CIRCLE('',#7006,2.1);
#2387=CIRCLE('',#7009,2.1);
#2388=CIRCLE('',#7010,2.1);
#2389=CIRCLE('',#7013,2.15);
#2390=CIRCLE('',#7015,2.15);
#2391=CIRCLE('',#7017,2.15);
#2392=CIRCLE('',#7019,2.15);
#2393=CIRCLE('',#7021,2.15);
#2394=CIRCLE('',#7023,2.15);
#2395=CIRCLE('',#7025,2.15);
#2396=CIRCLE('',#7027,2.15);
#2397=CIRCLE('',#7029,2.00000000000004);
#2398=CIRCLE('',#7031,2.00000000000001);
#2399=CIRCLE('',#7033,2.00000000000007);
#2400=CIRCLE('',#7035,2.00000000000035);
#2401=CIRCLE('',#7037,2.00000000000008);
#2402=CIRCLE('',#7039,2.00000000000007);
#2403=CIRCLE('',#7041,2.0000000000016);
#2404=CIRCLE('',#7043,2.);
#2405=CIRCLE('',#7045,2.00000000000026);
#2406=CIRCLE('',#7047,2.00000000000011);
#2407=CIRCLE('',#7049,2.00000000000009);
#2408=CIRCLE('',#7051,2.00000000000011);
#2409=CIRCLE('',#7053,2.00000000000003);
#2410=CIRCLE('',#7055,0.750000000000132);
#2411=CIRCLE('',#7056,0.750000000000132);
#2412=CIRCLE('',#7059,0.750000000000015);
#2413=CIRCLE('',#7060,0.750000000000015);
#2414=CIRCLE('',#7063,0.750000000000005);
#2415=CIRCLE('',#7064,0.750000000000005);
#2416=CIRCLE('',#7067,0.750000000000032);
#2417=CIRCLE('',#7068,0.750000000000032);
#2418=CIRCLE('',#7071,0.750000000000028);
#2419=CIRCLE('',#7072,0.750000000000028);
#2420=CIRCLE('',#7075,0.750000000000042);
#2421=CIRCLE('',#7076,0.750000000000042);
#2422=CIRCLE('',#7079,0.750000000000028);
#2423=CIRCLE('',#7080,0.750000000000028);
#2424=CIRCLE('',#7083,0.750000000000601);
#2425=CIRCLE('',#7084,0.750000000000601);
#2426=CIRCLE('',#7087,0.750000000000002);
#2427=CIRCLE('',#7088,0.750000000000002);
#2428=CIRCLE('',#7091,0.750000000000036);
#2429=CIRCLE('',#7092,0.750000000000036);
#2430=CIRCLE('',#7095,0.750000000000043);
#2431=CIRCLE('',#7096,0.750000000000043);
#2432=CIRCLE('',#7099,0.75000000000001);
#2433=CIRCLE('',#7100,0.75000000000001);
#2434=CIRCLE('',#7103,0.7500000000001);
#2435=CIRCLE('',#7104,0.7500000000001);
#2436=CIRCLE('',#7107,95.);
#2437=CIRCLE('',#7108,60.);
#2438=CIRCLE('',#7109,2.1000000000001);
#2439=CIRCLE('',#7110,2.1000000000001);
#2440=CIRCLE('',#7111,2.1000000000001);
#2441=CIRCLE('',#7112,2.1000000000001);
#2442=CIRCLE('',#7113,2.10000000000012);
#2443=CIRCLE('',#7114,2.10000000000012);
#2444=CIRCLE('',#7115,2.10000000000012);
#2445=CIRCLE('',#7116,2.10000000000012);
#2446=CIRCLE('',#7117,2.10000000000008);
#2447=CIRCLE('',#7118,2.10000000000008);
#2448=CIRCLE('',#7119,2.10000000000008);
#2449=CIRCLE('',#7120,2.10000000000008);
#2450=CIRCLE('',#7121,2.10000000000009);
#2451=CIRCLE('',#7122,2.10000000000009);
#2452=CIRCLE('',#7123,2.10000000000009);
#2453=CIRCLE('',#7124,2.10000000000009);
#2454=CIRCLE('',#7125,2.10000000000012);
#2455=CIRCLE('',#7126,2.10000000000012);
#2456=CIRCLE('',#7127,2.10000000000012);
#2457=CIRCLE('',#7128,2.10000000000012);
#2458=CIRCLE('',#7129,2.10000000000003);
#2459=CIRCLE('',#7130,2.10000000000003);
#2460=CIRCLE('',#7131,2.10000000000003);
#2461=CIRCLE('',#7132,2.10000000000003);
#2462=CIRCLE('',#7133,2.10000000000028);
#2463=CIRCLE('',#7134,2.10000000000028);
#2464=CIRCLE('',#7135,2.10000000000028);
#2465=CIRCLE('',#7136,2.10000000000028);
#2466=CIRCLE('',#7137,2.10000000000037);
#2467=CIRCLE('',#7138,2.10000000000037);
#2468=CIRCLE('',#7139,2.10000000000037);
#2469=CIRCLE('',#7140,2.10000000000037);
#2470=CIRCLE('',#7141,2.10000000000004);
#2471=CIRCLE('',#7142,2.10000000000004);
#2472=CIRCLE('',#7143,2.10000000000004);
#2473=CIRCLE('',#7144,2.10000000000004);
#2474=CIRCLE('',#7145,2.10000000000001);
#2475=CIRCLE('',#7146,2.10000000000001);
#2476=CIRCLE('',#7147,2.10000000000001);
#2477=CIRCLE('',#7148,2.10000000000001);
#2478=CIRCLE('',#7149,2.1);
#2479=CIRCLE('',#7150,2.1);
#2480=CIRCLE('',#7151,2.1);
#2481=CIRCLE('',#7152,2.1);
#2482=CIRCLE('',#7153,2.10000000000168);
#2483=CIRCLE('',#7154,2.10000000000168);
#2484=CIRCLE('',#7155,2.10000000000168);
#2485=CIRCLE('',#7156,2.10000000000168);
#2486=CIRCLE('',#7157,2.10000000000008);
#2487=CIRCLE('',#7158,2.10000000000008);
#2488=CIRCLE('',#7159,2.10000000000008);
#2489=CIRCLE('',#7160,2.10000000000008);
#2490=CIRCLE('',#7163,2.10000000000008);
#2491=CIRCLE('',#7166,2.10000000000008);
#2492=CIRCLE('',#7169,2.10000000000008);
#2493=CIRCLE('',#7172,2.10000000000008);
#2494=CIRCLE('',#7175,2.10000000000168);
#2495=CIRCLE('',#7178,2.10000000000168);
#2496=CIRCLE('',#7181,2.10000000000168);
#2497=CIRCLE('',#7184,2.10000000000168);
#2498=CIRCLE('',#7189,2.1);
#2499=CIRCLE('',#7192,2.1);
#2500=CIRCLE('',#7195,2.1);
#2501=CIRCLE('',#7198,2.1);
#2502=CIRCLE('',#7202,2.10000000000001);
#2503=CIRCLE('',#7205,2.10000000000001);
#2504=CIRCLE('',#7208,2.10000000000001);
#2505=CIRCLE('',#7211,2.10000000000001);
#2506=CIRCLE('',#7215,2.10000000000004);
#2507=CIRCLE('',#7218,2.10000000000004);
#2508=CIRCLE('',#7221,2.10000000000004);
#2509=CIRCLE('',#7224,2.10000000000004);
#2510=CIRCLE('',#7228,2.10000000000037);
#2511=CIRCLE('',#7231,2.10000000000037);
#2512=CIRCLE('',#7234,2.10000000000037);
#2513=CIRCLE('',#7237,2.10000000000037);
#2514=CIRCLE('',#7240,2.10000000000028);
#2515=CIRCLE('',#7243,2.10000000000028);
#2516=CIRCLE('',#7246,2.10000000000028);
#2517=CIRCLE('',#7249,2.10000000000028);
#2518=CIRCLE('',#7254,2.10000000000003);
#2519=CIRCLE('',#7257,2.10000000000003);
#2520=CIRCLE('',#7260,2.10000000000003);
#2521=CIRCLE('',#7263,2.10000000000003);
#2522=CIRCLE('',#7267,2.10000000000012);
#2523=CIRCLE('',#7270,2.10000000000012);
#2524=CIRCLE('',#7273,2.10000000000012);
#2525=CIRCLE('',#7276,2.10000000000012);
#2526=CIRCLE('',#7279,2.10000000000009);
#2527=CIRCLE('',#7282,2.10000000000009);
#2528=CIRCLE('',#7285,2.10000000000009);
#2529=CIRCLE('',#7288,2.10000000000009);
#2530=CIRCLE('',#7293,2.10000000000008);
#2531=CIRCLE('',#7296,2.10000000000008);
#2532=CIRCLE('',#7299,2.10000000000008);
#2533=CIRCLE('',#7302,2.10000000000008);
#2534=CIRCLE('',#7306,2.10000000000012);
#2535=CIRCLE('',#7309,2.10000000000012);
#2536=CIRCLE('',#7312,2.10000000000012);
#2537=CIRCLE('',#7315,2.10000000000012);
#2538=CIRCLE('',#7319,2.1000000000001);
#2539=CIRCLE('',#7322,2.1000000000001);
#2540=CIRCLE('',#7325,2.1000000000001);
#2541=CIRCLE('',#7328,2.1000000000001);
#2542=CIRCLE('',#7331,95.);
#2543=VERTEX_POINT('',#9397);
#2544=VERTEX_POINT('',#9399);
#2545=VERTEX_POINT('',#9404);
#2546=VERTEX_POINT('',#9406);
#2547=VERTEX_POINT('',#9411);
#2548=VERTEX_POINT('',#9413);
#2549=VERTEX_POINT('',#9418);
#2550=VERTEX_POINT('',#9420);
#2551=VERTEX_POINT('',#9425);
#2552=VERTEX_POINT('',#9427);
#2553=VERTEX_POINT('',#9432);
#2554=VERTEX_POINT('',#9434);
#2555=VERTEX_POINT('',#9439);
#2556=VERTEX_POINT('',#9441);
#2557=VERTEX_POINT('',#9446);
#2558=VERTEX_POINT('',#9448);
#2559=VERTEX_POINT('',#9453);
#2560=VERTEX_POINT('',#9455);
#2561=VERTEX_POINT('',#9460);
#2562=VERTEX_POINT('',#9462);
#2563=VERTEX_POINT('',#9467);
#2564=VERTEX_POINT('',#9469);
#2565=VERTEX_POINT('',#9474);
#2566=VERTEX_POINT('',#9476);
#2567=VERTEX_POINT('',#9481);
#2568=VERTEX_POINT('',#9483);
#2569=VERTEX_POINT('',#9488);
#2570=VERTEX_POINT('',#9490);
#2571=VERTEX_POINT('',#9495);
#2572=VERTEX_POINT('',#9497);
#2573=VERTEX_POINT('',#9502);
#2574=VERTEX_POINT('',#9504);
#2575=VERTEX_POINT('',#9509);
#2576=VERTEX_POINT('',#9510);
#2577=VERTEX_POINT('',#9512);
#2578=VERTEX_POINT('',#9514);
#2579=VERTEX_POINT('',#9518);
#2580=VERTEX_POINT('',#9520);
#2581=VERTEX_POINT('',#9524);
#2582=VERTEX_POINT('',#9526);
#2583=VERTEX_POINT('',#9530);
#2584=VERTEX_POINT('',#9532);
#2585=VERTEX_POINT('',#9536);
#2586=VERTEX_POINT('',#9538);
#2587=VERTEX_POINT('',#9542);
#2588=VERTEX_POINT('',#9544);
#2589=VERTEX_POINT('',#9548);
#2590=VERTEX_POINT('',#9550);
#2591=VERTEX_POINT('',#9554);
#2592=VERTEX_POINT('',#9556);
#2593=VERTEX_POINT('',#9560);
#2594=VERTEX_POINT('',#9562);
#2595=VERTEX_POINT('',#9566);
#2596=VERTEX_POINT('',#9568);
#2597=VERTEX_POINT('',#9572);
#2598=VERTEX_POINT('',#9574);
#2599=VERTEX_POINT('',#9578);
#2600=VERTEX_POINT('',#9580);
#2601=VERTEX_POINT('',#9584);
#2602=VERTEX_POINT('',#9586);
#2603=VERTEX_POINT('',#9593);
#2604=VERTEX_POINT('',#9594);
#2605=VERTEX_POINT('',#9596);
#2606=VERTEX_POINT('',#9598);
#2607=VERTEX_POINT('',#9602);
#2608=VERTEX_POINT('',#9604);
#2609=VERTEX_POINT('',#9608);
#2610=VERTEX_POINT('',#9610);
#2611=VERTEX_POINT('',#9614);
#2612=VERTEX_POINT('',#9616);
#2613=VERTEX_POINT('',#9620);
#2614=VERTEX_POINT('',#9622);
#2615=VERTEX_POINT('',#9626);
#2616=VERTEX_POINT('',#9628);
#2617=VERTEX_POINT('',#9632);
#2618=VERTEX_POINT('',#9634);
#2619=VERTEX_POINT('',#9638);
#2620=VERTEX_POINT('',#9640);
#2621=VERTEX_POINT('',#9644);
#2622=VERTEX_POINT('',#9646);
#2623=VERTEX_POINT('',#9650);
#2624=VERTEX_POINT('',#9652);
#2625=VERTEX_POINT('',#9656);
#2626=VERTEX_POINT('',#9658);
#2627=VERTEX_POINT('',#9662);
#2628=VERTEX_POINT('',#9664);
#2629=VERTEX_POINT('',#9668);
#2630=VERTEX_POINT('',#9670);
#2631=VERTEX_POINT('',#9677);
#2632=VERTEX_POINT('',#9678);
#2633=VERTEX_POINT('',#9680);
#2634=VERTEX_POINT('',#9682);
#2635=VERTEX_POINT('',#9686);
#2636=VERTEX_POINT('',#9688);
#2637=VERTEX_POINT('',#9692);
#2638=VERTEX_POINT('',#9694);
#2639=VERTEX_POINT('',#9698);
#2640=VERTEX_POINT('',#9700);
#2641=VERTEX_POINT('',#9704);
#2642=VERTEX_POINT('',#9706);
#2643=VERTEX_POINT('',#9710);
#2644=VERTEX_POINT('',#9712);
#2645=VERTEX_POINT('',#9716);
#2646=VERTEX_POINT('',#9718);
#2647=VERTEX_POINT('',#9722);
#2648=VERTEX_POINT('',#9724);
#2649=VERTEX_POINT('',#9728);
#2650=VERTEX_POINT('',#9730);
#2651=VERTEX_POINT('',#9734);
#2652=VERTEX_POINT('',#9736);
#2653=VERTEX_POINT('',#9740);
#2654=VERTEX_POINT('',#9742);
#2655=VERTEX_POINT('',#9746);
#2656=VERTEX_POINT('',#9748);
#2657=VERTEX_POINT('',#9752);
#2658=VERTEX_POINT('',#9754);
#2659=VERTEX_POINT('',#9761);
#2660=VERTEX_POINT('',#9762);
#2661=VERTEX_POINT('',#9764);
#2662=VERTEX_POINT('',#9766);
#2663=VERTEX_POINT('',#9770);
#2664=VERTEX_POINT('',#9772);
#2665=VERTEX_POINT('',#9776);
#2666=VERTEX_POINT('',#9778);
#2667=VERTEX_POINT('',#9782);
#2668=VERTEX_POINT('',#9784);
#2669=VERTEX_POINT('',#9788);
#2670=VERTEX_POINT('',#9790);
#2671=VERTEX_POINT('',#9794);
#2672=VERTEX_POINT('',#9796);
#2673=VERTEX_POINT('',#9800);
#2674=VERTEX_POINT('',#9802);
#2675=VERTEX_POINT('',#9806);
#2676=VERTEX_POINT('',#9808);
#2677=VERTEX_POINT('',#9812);
#2678=VERTEX_POINT('',#9814);
#2679=VERTEX_POINT('',#9818);
#2680=VERTEX_POINT('',#9820);
#2681=VERTEX_POINT('',#9824);
#2682=VERTEX_POINT('',#9826);
#2683=VERTEX_POINT('',#9830);
#2684=VERTEX_POINT('',#9832);
#2685=VERTEX_POINT('',#9836);
#2686=VERTEX_POINT('',#9838);
#2687=VERTEX_POINT('',#9845);
#2688=VERTEX_POINT('',#9846);
#2689=VERTEX_POINT('',#9848);
#2690=VERTEX_POINT('',#9850);
#2691=VERTEX_POINT('',#9854);
#2692=VERTEX_POINT('',#9856);
#2693=VERTEX_POINT('',#9860);
#2694=VERTEX_POINT('',#9862);
#2695=VERTEX_POINT('',#9866);
#2696=VERTEX_POINT('',#9868);
#2697=VERTEX_POINT('',#9872);
#2698=VERTEX_POINT('',#9874);
#2699=VERTEX_POINT('',#9878);
#2700=VERTEX_POINT('',#9880);
#2701=VERTEX_POINT('',#9884);
#2702=VERTEX_POINT('',#9886);
#2703=VERTEX_POINT('',#9890);
#2704=VERTEX_POINT('',#9892);
#2705=VERTEX_POINT('',#9896);
#2706=VERTEX_POINT('',#9898);
#2707=VERTEX_POINT('',#9902);
#2708=VERTEX_POINT('',#9904);
#2709=VERTEX_POINT('',#9908);
#2710=VERTEX_POINT('',#9910);
#2711=VERTEX_POINT('',#9914);
#2712=VERTEX_POINT('',#9916);
#2713=VERTEX_POINT('',#9920);
#2714=VERTEX_POINT('',#9922);
#2715=VERTEX_POINT('',#9929);
#2716=VERTEX_POINT('',#9930);
#2717=VERTEX_POINT('',#9932);
#2718=VERTEX_POINT('',#9934);
#2719=VERTEX_POINT('',#9938);
#2720=VERTEX_POINT('',#9940);
#2721=VERTEX_POINT('',#9944);
#2722=VERTEX_POINT('',#9946);
#2723=VERTEX_POINT('',#9950);
#2724=VERTEX_POINT('',#9952);
#2725=VERTEX_POINT('',#9956);
#2726=VERTEX_POINT('',#9958);
#2727=VERTEX_POINT('',#9962);
#2728=VERTEX_POINT('',#9964);
#2729=VERTEX_POINT('',#9968);
#2730=VERTEX_POINT('',#9970);
#2731=VERTEX_POINT('',#9974);
#2732=VERTEX_POINT('',#9976);
#2733=VERTEX_POINT('',#9980);
#2734=VERTEX_POINT('',#9982);
#2735=VERTEX_POINT('',#9986);
#2736=VERTEX_POINT('',#9988);
#2737=VERTEX_POINT('',#9992);
#2738=VERTEX_POINT('',#9994);
#2739=VERTEX_POINT('',#9998);
#2740=VERTEX_POINT('',#10000);
#2741=VERTEX_POINT('',#10004);
#2742=VERTEX_POINT('',#10006);
#2743=VERTEX_POINT('',#10013);
#2744=VERTEX_POINT('',#10014);
#2745=VERTEX_POINT('',#10016);
#2746=VERTEX_POINT('',#10018);
#2747=VERTEX_POINT('',#10022);
#2748=VERTEX_POINT('',#10024);
#2749=VERTEX_POINT('',#10028);
#2750=VERTEX_POINT('',#10030);
#2751=VERTEX_POINT('',#10034);
#2752=VERTEX_POINT('',#10036);
#2753=VERTEX_POINT('',#10040);
#2754=VERTEX_POINT('',#10042);
#2755=VERTEX_POINT('',#10046);
#2756=VERTEX_POINT('',#10048);
#2757=VERTEX_POINT('',#10052);
#2758=VERTEX_POINT('',#10054);
#2759=VERTEX_POINT('',#10058);
#2760=VERTEX_POINT('',#10060);
#2761=VERTEX_POINT('',#10064);
#2762=VERTEX_POINT('',#10066);
#2763=VERTEX_POINT('',#10070);
#2764=VERTEX_POINT('',#10072);
#2765=VERTEX_POINT('',#10076);
#2766=VERTEX_POINT('',#10078);
#2767=VERTEX_POINT('',#10082);
#2768=VERTEX_POINT('',#10084);
#2769=VERTEX_POINT('',#10088);
#2770=VERTEX_POINT('',#10090);
#2771=VERTEX_POINT('',#10097);
#2772=VERTEX_POINT('',#10098);
#2773=VERTEX_POINT('',#10100);
#2774=VERTEX_POINT('',#10102);
#2775=VERTEX_POINT('',#10106);
#2776=VERTEX_POINT('',#10108);
#2777=VERTEX_POINT('',#10112);
#2778=VERTEX_POINT('',#10114);
#2779=VERTEX_POINT('',#10118);
#2780=VERTEX_POINT('',#10120);
#2781=VERTEX_POINT('',#10124);
#2782=VERTEX_POINT('',#10126);
#2783=VERTEX_POINT('',#10130);
#2784=VERTEX_POINT('',#10132);
#2785=VERTEX_POINT('',#10136);
#2786=VERTEX_POINT('',#10138);
#2787=VERTEX_POINT('',#10142);
#2788=VERTEX_POINT('',#10144);
#2789=VERTEX_POINT('',#10148);
#2790=VERTEX_POINT('',#10150);
#2791=VERTEX_POINT('',#10154);
#2792=VERTEX_POINT('',#10156);
#2793=VERTEX_POINT('',#10160);
#2794=VERTEX_POINT('',#10162);
#2795=VERTEX_POINT('',#10166);
#2796=VERTEX_POINT('',#10168);
#2797=VERTEX_POINT('',#10172);
#2798=VERTEX_POINT('',#10174);
#2799=VERTEX_POINT('',#10181);
#2800=VERTEX_POINT('',#10182);
#2801=VERTEX_POINT('',#10184);
#2802=VERTEX_POINT('',#10186);
#2803=VERTEX_POINT('',#10190);
#2804=VERTEX_POINT('',#10192);
#2805=VERTEX_POINT('',#10194);
#2806=VERTEX_POINT('',#10196);
#2807=VERTEX_POINT('',#10198);
#2808=VERTEX_POINT('',#10200);
#2809=VERTEX_POINT('',#10202);
#2810=VERTEX_POINT('',#10204);
#2811=VERTEX_POINT('',#10206);
#2812=VERTEX_POINT('',#10208);
#2813=VERTEX_POINT('',#10210);
#2814=VERTEX_POINT('',#10212);
#2815=VERTEX_POINT('',#10214);
#2816=VERTEX_POINT('',#10216);
#2817=VERTEX_POINT('',#10218);
#2818=VERTEX_POINT('',#10220);
#2819=VERTEX_POINT('',#10222);
#2820=VERTEX_POINT('',#10224);
#2821=VERTEX_POINT('',#10226);
#2822=VERTEX_POINT('',#10228);
#2823=VERTEX_POINT('',#10231);
#2824=VERTEX_POINT('',#10233);
#2825=VERTEX_POINT('',#10235);
#2826=VERTEX_POINT('',#10237);
#2827=VERTEX_POINT('',#10239);
#2828=VERTEX_POINT('',#10241);
#2829=VERTEX_POINT('',#10243);
#2830=VERTEX_POINT('',#10245);
#2831=VERTEX_POINT('',#10247);
#2832=VERTEX_POINT('',#10249);
#2833=VERTEX_POINT('',#10251);
#2834=VERTEX_POINT('',#10253);
#2835=VERTEX_POINT('',#10255);
#2836=VERTEX_POINT('',#10257);
#2837=VERTEX_POINT('',#10259);
#2838=VERTEX_POINT('',#10261);
#2839=VERTEX_POINT('',#10263);
#2840=VERTEX_POINT('',#10265);
#2841=VERTEX_POINT('',#10267);
#2842=VERTEX_POINT('',#10269);
#2843=VERTEX_POINT('',#10271);
#2844=VERTEX_POINT('',#10273);
#2845=VERTEX_POINT('',#10276);
#2846=VERTEX_POINT('',#10280);
#2847=VERTEX_POINT('',#10284);
#2848=VERTEX_POINT('',#10285);
#2849=VERTEX_POINT('',#10290);
#2850=VERTEX_POINT('',#10294);
#2851=VERTEX_POINT('',#10296);
#2852=VERTEX_POINT('',#10300);
#2853=VERTEX_POINT('',#10304);
#2854=VERTEX_POINT('',#10310);
#2855=VERTEX_POINT('',#10314);
#2856=VERTEX_POINT('',#10315);
#2857=VERTEX_POINT('',#10320);
#2858=VERTEX_POINT('',#10324);
#2859=VERTEX_POINT('',#10328);
#2860=VERTEX_POINT('',#10332);
#2861=VERTEX_POINT('',#10336);
#2862=VERTEX_POINT('',#10340);
#2863=VERTEX_POINT('',#10346);
#2864=VERTEX_POINT('',#10352);
#2865=VERTEX_POINT('',#10358);
#2866=VERTEX_POINT('',#10360);
#2867=VERTEX_POINT('',#10365);
#2868=VERTEX_POINT('',#10367);
#2869=VERTEX_POINT('',#10372);
#2870=VERTEX_POINT('',#10374);
#2871=VERTEX_POINT('',#10379);
#2872=VERTEX_POINT('',#10381);
#2873=VERTEX_POINT('',#10386);
#2874=VERTEX_POINT('',#10388);
#2875=VERTEX_POINT('',#10393);
#2876=VERTEX_POINT('',#10395);
#2877=VERTEX_POINT('',#10400);
#2878=VERTEX_POINT('',#10402);
#2879=VERTEX_POINT('',#10407);
#2880=VERTEX_POINT('',#10409);
#2881=VERTEX_POINT('',#10414);
#2882=VERTEX_POINT('',#10416);
#2883=VERTEX_POINT('',#10421);
#2884=VERTEX_POINT('',#10423);
#2885=VERTEX_POINT('',#10428);
#2886=VERTEX_POINT('',#10432);
#2887=VERTEX_POINT('',#10436);
#2888=VERTEX_POINT('',#10440);
#2889=VERTEX_POINT('',#10444);
#2890=VERTEX_POINT('',#10448);
#2891=VERTEX_POINT('',#10452);
#2892=VERTEX_POINT('',#10456);
#2893=VERTEX_POINT('',#10460);
#2894=VERTEX_POINT('',#10464);
#2895=VERTEX_POINT('',#10468);
#2896=VERTEX_POINT('',#10472);
#2897=VERTEX_POINT('',#10476);
#2898=VERTEX_POINT('',#10480);
#2899=VERTEX_POINT('',#10484);
#2900=VERTEX_POINT('',#10488);
#2901=VERTEX_POINT('',#10492);
#2902=VERTEX_POINT('',#10496);
#2903=VERTEX_POINT('',#10500);
#2904=VERTEX_POINT('',#10504);
#2905=VERTEX_POINT('',#10508);
#2906=VERTEX_POINT('',#10512);
#2907=VERTEX_POINT('',#10513);
#2908=VERTEX_POINT('',#10515);
#2909=VERTEX_POINT('',#10517);
#2910=VERTEX_POINT('',#10523);
#2911=VERTEX_POINT('',#10524);
#2912=VERTEX_POINT('',#10526);
#2913=VERTEX_POINT('',#10528);
#2914=VERTEX_POINT('',#10534);
#2915=VERTEX_POINT('',#10535);
#2916=VERTEX_POINT('',#10537);
#2917=VERTEX_POINT('',#10539);
#2918=VERTEX_POINT('',#10545);
#2919=VERTEX_POINT('',#10546);
#2920=VERTEX_POINT('',#10548);
#2921=VERTEX_POINT('',#10550);
#2922=VERTEX_POINT('',#10556);
#2923=VERTEX_POINT('',#10557);
#2924=VERTEX_POINT('',#10559);
#2925=VERTEX_POINT('',#10561);
#2926=VERTEX_POINT('',#10567);
#2927=VERTEX_POINT('',#10568);
#2928=VERTEX_POINT('',#10570);
#2929=VERTEX_POINT('',#10572);
#2930=VERTEX_POINT('',#10578);
#2931=VERTEX_POINT('',#10579);
#2932=VERTEX_POINT('',#10581);
#2933=VERTEX_POINT('',#10583);
#2934=VERTEX_POINT('',#10589);
#2935=VERTEX_POINT('',#10590);
#2936=VERTEX_POINT('',#10592);
#2937=VERTEX_POINT('',#10594);
#2938=VERTEX_POINT('',#10600);
#2939=VERTEX_POINT('',#10601);
#2940=VERTEX_POINT('',#10603);
#2941=VERTEX_POINT('',#10605);
#2942=VERTEX_POINT('',#10611);
#2943=VERTEX_POINT('',#10612);
#2944=VERTEX_POINT('',#10614);
#2945=VERTEX_POINT('',#10616);
#2946=VERTEX_POINT('',#10622);
#2947=VERTEX_POINT('',#10623);
#2948=VERTEX_POINT('',#10625);
#2949=VERTEX_POINT('',#10627);
#2950=VERTEX_POINT('',#10633);
#2951=VERTEX_POINT('',#10634);
#2952=VERTEX_POINT('',#10636);
#2953=VERTEX_POINT('',#10638);
#2954=VERTEX_POINT('',#10644);
#2955=VERTEX_POINT('',#10645);
#2956=VERTEX_POINT('',#10647);
#2957=VERTEX_POINT('',#10649);
#2958=VERTEX_POINT('',#10655);
#2959=VERTEX_POINT('',#10657);
#2960=VERTEX_POINT('',#10659);
#2961=VERTEX_POINT('',#10661);
#2962=VERTEX_POINT('',#10663);
#2963=VERTEX_POINT('',#10665);
#2964=VERTEX_POINT('',#10667);
#2965=VERTEX_POINT('',#10669);
#2966=VERTEX_POINT('',#10671);
#2967=VERTEX_POINT('',#10673);
#2968=VERTEX_POINT('',#10676);
#2969=VERTEX_POINT('',#10678);
#2970=VERTEX_POINT('',#10680);
#2971=VERTEX_POINT('',#10682);
#2972=VERTEX_POINT('',#10684);
#2973=VERTEX_POINT('',#10686);
#2974=VERTEX_POINT('',#10688);
#2975=VERTEX_POINT('',#10690);
#2976=VERTEX_POINT('',#10693);
#2977=VERTEX_POINT('',#10695);
#2978=VERTEX_POINT('',#10697);
#2979=VERTEX_POINT('',#10699);
#2980=VERTEX_POINT('',#10701);
#2981=VERTEX_POINT('',#10703);
#2982=VERTEX_POINT('',#10705);
#2983=VERTEX_POINT('',#10707);
#2984=VERTEX_POINT('',#10710);
#2985=VERTEX_POINT('',#10712);
#2986=VERTEX_POINT('',#10714);
#2987=VERTEX_POINT('',#10716);
#2988=VERTEX_POINT('',#10718);
#2989=VERTEX_POINT('',#10720);
#2990=VERTEX_POINT('',#10722);
#2991=VERTEX_POINT('',#10724);
#2992=VERTEX_POINT('',#10727);
#2993=VERTEX_POINT('',#10729);
#2994=VERTEX_POINT('',#10731);
#2995=VERTEX_POINT('',#10733);
#2996=VERTEX_POINT('',#10735);
#2997=VERTEX_POINT('',#10737);
#2998=VERTEX_POINT('',#10739);
#2999=VERTEX_POINT('',#10741);
#3000=VERTEX_POINT('',#10744);
#3001=VERTEX_POINT('',#10746);
#3002=VERTEX_POINT('',#10748);
#3003=VERTEX_POINT('',#10750);
#3004=VERTEX_POINT('',#10752);
#3005=VERTEX_POINT('',#10754);
#3006=VERTEX_POINT('',#10756);
#3007=VERTEX_POINT('',#10758);
#3008=VERTEX_POINT('',#10761);
#3009=VERTEX_POINT('',#10763);
#3010=VERTEX_POINT('',#10765);
#3011=VERTEX_POINT('',#10767);
#3012=VERTEX_POINT('',#10769);
#3013=VERTEX_POINT('',#10771);
#3014=VERTEX_POINT('',#10773);
#3015=VERTEX_POINT('',#10775);
#3016=VERTEX_POINT('',#10778);
#3017=VERTEX_POINT('',#10780);
#3018=VERTEX_POINT('',#10782);
#3019=VERTEX_POINT('',#10784);
#3020=VERTEX_POINT('',#10786);
#3021=VERTEX_POINT('',#10788);
#3022=VERTEX_POINT('',#10790);
#3023=VERTEX_POINT('',#10792);
#3024=VERTEX_POINT('',#10795);
#3025=VERTEX_POINT('',#10797);
#3026=VERTEX_POINT('',#10799);
#3027=VERTEX_POINT('',#10801);
#3028=VERTEX_POINT('',#10803);
#3029=VERTEX_POINT('',#10805);
#3030=VERTEX_POINT('',#10807);
#3031=VERTEX_POINT('',#10809);
#3032=VERTEX_POINT('',#10812);
#3033=VERTEX_POINT('',#10814);
#3034=VERTEX_POINT('',#10816);
#3035=VERTEX_POINT('',#10818);
#3036=VERTEX_POINT('',#10820);
#3037=VERTEX_POINT('',#10822);
#3038=VERTEX_POINT('',#10824);
#3039=VERTEX_POINT('',#10826);
#3040=VERTEX_POINT('',#10829);
#3041=VERTEX_POINT('',#10831);
#3042=VERTEX_POINT('',#10833);
#3043=VERTEX_POINT('',#10835);
#3044=VERTEX_POINT('',#10837);
#3045=VERTEX_POINT('',#10839);
#3046=VERTEX_POINT('',#10841);
#3047=VERTEX_POINT('',#10843);
#3048=VERTEX_POINT('',#10846);
#3049=VERTEX_POINT('',#10848);
#3050=VERTEX_POINT('',#10850);
#3051=VERTEX_POINT('',#10852);
#3052=VERTEX_POINT('',#10854);
#3053=VERTEX_POINT('',#10856);
#3054=VERTEX_POINT('',#10858);
#3055=VERTEX_POINT('',#10860);
#3056=VERTEX_POINT('',#10863);
#3057=VERTEX_POINT('',#10865);
#3058=VERTEX_POINT('',#10867);
#3059=VERTEX_POINT('',#10869);
#3060=VERTEX_POINT('',#10871);
#3061=VERTEX_POINT('',#10873);
#3062=VERTEX_POINT('',#10875);
#3063=VERTEX_POINT('',#10877);
#3064=VERTEX_POINT('',#10881);
#3065=VERTEX_POINT('',#10883);
#3066=VERTEX_POINT('',#10887);
#3067=VERTEX_POINT('',#10891);
#3068=VERTEX_POINT('',#10895);
#3069=VERTEX_POINT('',#10899);
#3070=VERTEX_POINT('',#10903);
#3071=VERTEX_POINT('',#10907);
#3072=VERTEX_POINT('',#10914);
#3073=VERTEX_POINT('',#10916);
#3074=VERTEX_POINT('',#10920);
#3075=VERTEX_POINT('',#10924);
#3076=VERTEX_POINT('',#10928);
#3077=VERTEX_POINT('',#10932);
#3078=VERTEX_POINT('',#10936);
#3079=VERTEX_POINT('',#10940);
#3080=VERTEX_POINT('',#10947);
#3081=VERTEX_POINT('',#10949);
#3082=VERTEX_POINT('',#10953);
#3083=VERTEX_POINT('',#10957);
#3084=VERTEX_POINT('',#10961);
#3085=VERTEX_POINT('',#10965);
#3086=VERTEX_POINT('',#10969);
#3087=VERTEX_POINT('',#10973);
#3088=VERTEX_POINT('',#10980);
#3089=VERTEX_POINT('',#10982);
#3090=VERTEX_POINT('',#10986);
#3091=VERTEX_POINT('',#10990);
#3092=VERTEX_POINT('',#10994);
#3093=VERTEX_POINT('',#10998);
#3094=VERTEX_POINT('',#11002);
#3095=VERTEX_POINT('',#11006);
#3096=VERTEX_POINT('',#11013);
#3097=VERTEX_POINT('',#11015);
#3098=VERTEX_POINT('',#11019);
#3099=VERTEX_POINT('',#11023);
#3100=VERTEX_POINT('',#11027);
#3101=VERTEX_POINT('',#11031);
#3102=VERTEX_POINT('',#11035);
#3103=VERTEX_POINT('',#11039);
#3104=VERTEX_POINT('',#11046);
#3105=VERTEX_POINT('',#11048);
#3106=VERTEX_POINT('',#11052);
#3107=VERTEX_POINT('',#11056);
#3108=VERTEX_POINT('',#11060);
#3109=VERTEX_POINT('',#11064);
#3110=VERTEX_POINT('',#11068);
#3111=VERTEX_POINT('',#11072);
#3112=VERTEX_POINT('',#11079);
#3113=VERTEX_POINT('',#11081);
#3114=VERTEX_POINT('',#11085);
#3115=VERTEX_POINT('',#11089);
#3116=VERTEX_POINT('',#11093);
#3117=VERTEX_POINT('',#11097);
#3118=VERTEX_POINT('',#11101);
#3119=VERTEX_POINT('',#11105);
#3120=VERTEX_POINT('',#11112);
#3121=VERTEX_POINT('',#11114);
#3122=VERTEX_POINT('',#11118);
#3123=VERTEX_POINT('',#11122);
#3124=VERTEX_POINT('',#11126);
#3125=VERTEX_POINT('',#11130);
#3126=VERTEX_POINT('',#11134);
#3127=VERTEX_POINT('',#11138);
#3128=VERTEX_POINT('',#11145);
#3129=VERTEX_POINT('',#11147);
#3130=VERTEX_POINT('',#11151);
#3131=VERTEX_POINT('',#11155);
#3132=VERTEX_POINT('',#11159);
#3133=VERTEX_POINT('',#11163);
#3134=VERTEX_POINT('',#11167);
#3135=VERTEX_POINT('',#11171);
#3136=VERTEX_POINT('',#11178);
#3137=VERTEX_POINT('',#11180);
#3138=VERTEX_POINT('',#11184);
#3139=VERTEX_POINT('',#11188);
#3140=VERTEX_POINT('',#11192);
#3141=VERTEX_POINT('',#11196);
#3142=VERTEX_POINT('',#11200);
#3143=VERTEX_POINT('',#11204);
#3144=VERTEX_POINT('',#11211);
#3145=VERTEX_POINT('',#11213);
#3146=VERTEX_POINT('',#11217);
#3147=VERTEX_POINT('',#11221);
#3148=VERTEX_POINT('',#11225);
#3149=VERTEX_POINT('',#11229);
#3150=VERTEX_POINT('',#11233);
#3151=VERTEX_POINT('',#11237);
#3152=VERTEX_POINT('',#11244);
#3153=VERTEX_POINT('',#11246);
#3154=VERTEX_POINT('',#11250);
#3155=VERTEX_POINT('',#11254);
#3156=VERTEX_POINT('',#11258);
#3157=VERTEX_POINT('',#11262);
#3158=VERTEX_POINT('',#11266);
#3159=VERTEX_POINT('',#11270);
#3160=VERTEX_POINT('',#11277);
#3161=VERTEX_POINT('',#11279);
#3162=VERTEX_POINT('',#11283);
#3163=VERTEX_POINT('',#11287);
#3164=VERTEX_POINT('',#11291);
#3165=VERTEX_POINT('',#11295);
#3166=VERTEX_POINT('',#11299);
#3167=VERTEX_POINT('',#11303);
#3168=VERTEX_POINT('',#11310);
#3169=EDGE_CURVE('',#2543,#2543,#2133,.T.);
#3170=EDGE_CURVE('',#2543,#2544,#1075,.T.);
#3171=EDGE_CURVE('',#2544,#2544,#2134,.T.);
#3172=EDGE_CURVE('',#2545,#2545,#2135,.T.);
#3173=EDGE_CURVE('',#2545,#2546,#1076,.T.);
#3174=EDGE_CURVE('',#2546,#2546,#2136,.T.);
#3175=EDGE_CURVE('',#2547,#2547,#2137,.T.);
#3176=EDGE_CURVE('',#2547,#2548,#1077,.T.);
#3177=EDGE_CURVE('',#2548,#2548,#2138,.T.);
#3178=EDGE_CURVE('',#2549,#2549,#2139,.T.);
#3179=EDGE_CURVE('',#2549,#2550,#1078,.T.);
#3180=EDGE_CURVE('',#2550,#2550,#2140,.T.);
#3181=EDGE_CURVE('',#2551,#2551,#2141,.T.);
#3182=EDGE_CURVE('',#2551,#2552,#1079,.T.);
#3183=EDGE_CURVE('',#2552,#2552,#2142,.T.);
#3184=EDGE_CURVE('',#2553,#2553,#2143,.T.);
#3185=EDGE_CURVE('',#2553,#2554,#1080,.T.);
#3186=EDGE_CURVE('',#2554,#2554,#2144,.T.);
#3187=EDGE_CURVE('',#2555,#2555,#2145,.T.);
#3188=EDGE_CURVE('',#2555,#2556,#1081,.T.);
#3189=EDGE_CURVE('',#2556,#2556,#2146,.T.);
#3190=EDGE_CURVE('',#2557,#2557,#2147,.T.);
#3191=EDGE_CURVE('',#2557,#2558,#1082,.T.);
#3192=EDGE_CURVE('',#2558,#2558,#2148,.T.);
#3193=EDGE_CURVE('',#2559,#2559,#2149,.T.);
#3194=EDGE_CURVE('',#2559,#2560,#1083,.T.);
#3195=EDGE_CURVE('',#2560,#2560,#2150,.T.);
#3196=EDGE_CURVE('',#2561,#2561,#2151,.T.);
#3197=EDGE_CURVE('',#2561,#2562,#1084,.T.);
#3198=EDGE_CURVE('',#2562,#2562,#2152,.T.);
#3199=EDGE_CURVE('',#2563,#2563,#2153,.T.);
#3200=EDGE_CURVE('',#2563,#2564,#1085,.T.);
#3201=EDGE_CURVE('',#2564,#2564,#2154,.T.);
#3202=EDGE_CURVE('',#2565,#2565,#2155,.T.);
#3203=EDGE_CURVE('',#2565,#2566,#1086,.T.);
#3204=EDGE_CURVE('',#2566,#2566,#2156,.T.);
#3205=EDGE_CURVE('',#2567,#2567,#2157,.T.);
#3206=EDGE_CURVE('',#2567,#2568,#1087,.T.);
#3207=EDGE_CURVE('',#2568,#2568,#2158,.T.);
#3208=EDGE_CURVE('',#2569,#2569,#2159,.T.);
#3209=EDGE_CURVE('',#2569,#2570,#1088,.T.);
#3210=EDGE_CURVE('',#2570,#2570,#2160,.T.);
#3211=EDGE_CURVE('',#2571,#2571,#2161,.T.);
#3212=EDGE_CURVE('',#2571,#2572,#1089,.T.);
#3213=EDGE_CURVE('',#2572,#2572,#2162,.T.);
#3214=EDGE_CURVE('',#2573,#2573,#2163,.T.);
#3215=EDGE_CURVE('',#2573,#2574,#1090,.T.);
#3216=EDGE_CURVE('',#2574,#2574,#2164,.T.);
#3217=EDGE_CURVE('',#2575,#2576,#1091,.T.);
#3218=EDGE_CURVE('',#2577,#2575,#1092,.T.);
#3219=EDGE_CURVE('',#2578,#2577,#1093,.T.);
#3220=EDGE_CURVE('',#2578,#2576,#1094,.T.);
#3221=EDGE_CURVE('',#2576,#2579,#2165,.T.);
#3222=EDGE_CURVE('',#2580,#2578,#2166,.T.);
#3223=EDGE_CURVE('',#2580,#2579,#1095,.T.);
#3224=EDGE_CURVE('',#2579,#2581,#2167,.T.);
#3225=EDGE_CURVE('',#2582,#2580,#2168,.T.);
#3226=EDGE_CURVE('',#2582,#2581,#1096,.T.);
#3227=EDGE_CURVE('',#2581,#2583,#1097,.T.);
#3228=EDGE_CURVE('',#2584,#2582,#1098,.T.);
#3229=EDGE_CURVE('',#2584,#2583,#1099,.T.);
#3230=EDGE_CURVE('',#2583,#2585,#2169,.T.);
#3231=EDGE_CURVE('',#2586,#2584,#2170,.T.);
#3232=EDGE_CURVE('',#2586,#2585,#1100,.T.);
#3233=EDGE_CURVE('',#2585,#2587,#2171,.T.);
#3234=EDGE_CURVE('',#2588,#2586,#2172,.T.);
#3235=EDGE_CURVE('',#2588,#2587,#1101,.T.);
#3236=EDGE_CURVE('',#2587,#2589,#2173,.T.);
#3237=EDGE_CURVE('',#2590,#2588,#2174,.T.);
#3238=EDGE_CURVE('',#2590,#2589,#1102,.T.);
#3239=EDGE_CURVE('',#2589,#2591,#1103,.T.);
#3240=EDGE_CURVE('',#2592,#2590,#1104,.T.);
#3241=EDGE_CURVE('',#2592,#2591,#1105,.T.);
#3242=EDGE_CURVE('',#2591,#2593,#2175,.T.);
#3243=EDGE_CURVE('',#2594,#2592,#2176,.T.);
#3244=EDGE_CURVE('',#2594,#2593,#1106,.T.);
#3245=EDGE_CURVE('',#2593,#2595,#2177,.T.);
#3246=EDGE_CURVE('',#2596,#2594,#2178,.T.);
#3247=EDGE_CURVE('',#2596,#2595,#1107,.T.);
#3248=EDGE_CURVE('',#2595,#2597,#1108,.T.);
#3249=EDGE_CURVE('',#2598,#2596,#1109,.T.);
#3250=EDGE_CURVE('',#2598,#2597,#1110,.T.);
#3251=EDGE_CURVE('',#2597,#2599,#2179,.T.);
#3252=EDGE_CURVE('',#2600,#2598,#2180,.T.);
#3253=EDGE_CURVE('',#2600,#2599,#1111,.T.);
#3254=EDGE_CURVE('',#2599,#2601,#2181,.T.);
#3255=EDGE_CURVE('',#2602,#2600,#2182,.T.);
#3256=EDGE_CURVE('',#2602,#2601,#1112,.T.);
#3257=EDGE_CURVE('',#2601,#2575,#2183,.T.);
#3258=EDGE_CURVE('',#2577,#2602,#2184,.T.);
#3259=EDGE_CURVE('',#2603,#2604,#1113,.T.);
#3260=EDGE_CURVE('',#2605,#2603,#1114,.T.);
#3261=EDGE_CURVE('',#2606,#2605,#1115,.T.);
#3262=EDGE_CURVE('',#2606,#2604,#1116,.T.);
#3263=EDGE_CURVE('',#2604,#2607,#2185,.T.);
#3264=EDGE_CURVE('',#2608,#2606,#2186,.T.);
#3265=EDGE_CURVE('',#2608,#2607,#1117,.T.);
#3266=EDGE_CURVE('',#2607,#2609,#2187,.T.);
#3267=EDGE_CURVE('',#2610,#2608,#2188,.T.);
#3268=EDGE_CURVE('',#2610,#2609,#1118,.T.);
#3269=EDGE_CURVE('',#2609,#2611,#1119,.T.);
#3270=EDGE_CURVE('',#2612,#2610,#1120,.T.);
#3271=EDGE_CURVE('',#2612,#2611,#1121,.T.);
#3272=EDGE_CURVE('',#2611,#2613,#2189,.T.);
#3273=EDGE_CURVE('',#2614,#2612,#2190,.T.);
#3274=EDGE_CURVE('',#2614,#2613,#1122,.T.);
#3275=EDGE_CURVE('',#2613,#2615,#2191,.T.);
#3276=EDGE_CURVE('',#2616,#2614,#2192,.T.);
#3277=EDGE_CURVE('',#2616,#2615,#1123,.T.);
#3278=EDGE_CURVE('',#2615,#2617,#2193,.T.);
#3279=EDGE_CURVE('',#2618,#2616,#2194,.T.);
#3280=EDGE_CURVE('',#2618,#2617,#1124,.T.);
#3281=EDGE_CURVE('',#2617,#2619,#1125,.T.);
#3282=EDGE_CURVE('',#2620,#2618,#1126,.T.);
#3283=EDGE_CURVE('',#2620,#2619,#1127,.T.);
#3284=EDGE_CURVE('',#2619,#2621,#2195,.T.);
#3285=EDGE_CURVE('',#2622,#2620,#2196,.T.);
#3286=EDGE_CURVE('',#2622,#2621,#1128,.T.);
#3287=EDGE_CURVE('',#2621,#2623,#2197,.T.);
#3288=EDGE_CURVE('',#2624,#2622,#2198,.T.);
#3289=EDGE_CURVE('',#2624,#2623,#1129,.T.);
#3290=EDGE_CURVE('',#2623,#2625,#1130,.T.);
#3291=EDGE_CURVE('',#2626,#2624,#1131,.T.);
#3292=EDGE_CURVE('',#2626,#2625,#1132,.T.);
#3293=EDGE_CURVE('',#2625,#2627,#2199,.T.);
#3294=EDGE_CURVE('',#2628,#2626,#2200,.T.);
#3295=EDGE_CURVE('',#2628,#2627,#1133,.T.);
#3296=EDGE_CURVE('',#2627,#2629,#2201,.T.);
#3297=EDGE_CURVE('',#2630,#2628,#2202,.T.);
#3298=EDGE_CURVE('',#2630,#2629,#1134,.T.);
#3299=EDGE_CURVE('',#2629,#2603,#2203,.T.);
#3300=EDGE_CURVE('',#2605,#2630,#2204,.T.);
#3301=EDGE_CURVE('',#2631,#2632,#1135,.T.);
#3302=EDGE_CURVE('',#2633,#2631,#1136,.T.);
#3303=EDGE_CURVE('',#2634,#2633,#1137,.T.);
#3304=EDGE_CURVE('',#2634,#2632,#1138,.T.);
#3305=EDGE_CURVE('',#2632,#2635,#2205,.T.);
#3306=EDGE_CURVE('',#2636,#2634,#2206,.T.);
#3307=EDGE_CURVE('',#2636,#2635,#1139,.T.);
#3308=EDGE_CURVE('',#2635,#2637,#2207,.T.);
#3309=EDGE_CURVE('',#2638,#2636,#2208,.T.);
#3310=EDGE_CURVE('',#2638,#2637,#1140,.T.);
#3311=EDGE_CURVE('',#2637,#2639,#1141,.T.);
#3312=EDGE_CURVE('',#2640,#2638,#1142,.T.);
#3313=EDGE_CURVE('',#2640,#2639,#1143,.T.);
#3314=EDGE_CURVE('',#2639,#2641,#2209,.T.);
#3315=EDGE_CURVE('',#2642,#2640,#2210,.T.);
#3316=EDGE_CURVE('',#2642,#2641,#1144,.T.);
#3317=EDGE_CURVE('',#2641,#2643,#2211,.T.);
#3318=EDGE_CURVE('',#2644,#2642,#2212,.T.);
#3319=EDGE_CURVE('',#2644,#2643,#1145,.T.);
#3320=EDGE_CURVE('',#2643,#2645,#2213,.T.);
#3321=EDGE_CURVE('',#2646,#2644,#2214,.T.);
#3322=EDGE_CURVE('',#2646,#2645,#1146,.T.);
#3323=EDGE_CURVE('',#2645,#2647,#1147,.T.);
#3324=EDGE_CURVE('',#2648,#2646,#1148,.T.);
#3325=EDGE_CURVE('',#2648,#2647,#1149,.T.);
#3326=EDGE_CURVE('',#2647,#2649,#2215,.T.);
#3327=EDGE_CURVE('',#2650,#2648,#2216,.T.);
#3328=EDGE_CURVE('',#2650,#2649,#1150,.T.);
#3329=EDGE_CURVE('',#2649,#2651,#2217,.T.);
#3330=EDGE_CURVE('',#2652,#2650,#2218,.T.);
#3331=EDGE_CURVE('',#2652,#2651,#1151,.T.);
#3332=EDGE_CURVE('',#2651,#2653,#1152,.T.);
#3333=EDGE_CURVE('',#2654,#2652,#1153,.T.);
#3334=EDGE_CURVE('',#2654,#2653,#1154,.T.);
#3335=EDGE_CURVE('',#2653,#2655,#2219,.T.);
#3336=EDGE_CURVE('',#2656,#2654,#2220,.T.);
#3337=EDGE_CURVE('',#2656,#2655,#1155,.T.);
#3338=EDGE_CURVE('',#2655,#2657,#2221,.T.);
#3339=EDGE_CURVE('',#2658,#2656,#2222,.T.);
#3340=EDGE_CURVE('',#2658,#2657,#1156,.T.);
#3341=EDGE_CURVE('',#2657,#2631,#2223,.T.);
#3342=EDGE_CURVE('',#2633,#2658,#2224,.T.);
#3343=EDGE_CURVE('',#2659,#2660,#1157,.T.);
#3344=EDGE_CURVE('',#2661,#2659,#1158,.T.);
#3345=EDGE_CURVE('',#2662,#2661,#1159,.T.);
#3346=EDGE_CURVE('',#2662,#2660,#1160,.T.);
#3347=EDGE_CURVE('',#2660,#2663,#2225,.T.);
#3348=EDGE_CURVE('',#2664,#2662,#2226,.T.);
#3349=EDGE_CURVE('',#2664,#2663,#1161,.T.);
#3350=EDGE_CURVE('',#2663,#2665,#2227,.T.);
#3351=EDGE_CURVE('',#2666,#2664,#2228,.T.);
#3352=EDGE_CURVE('',#2666,#2665,#1162,.T.);
#3353=EDGE_CURVE('',#2665,#2667,#1163,.T.);
#3354=EDGE_CURVE('',#2668,#2666,#1164,.T.);
#3355=EDGE_CURVE('',#2668,#2667,#1165,.T.);
#3356=EDGE_CURVE('',#2667,#2669,#2229,.T.);
#3357=EDGE_CURVE('',#2670,#2668,#2230,.T.);
#3358=EDGE_CURVE('',#2670,#2669,#1166,.T.);
#3359=EDGE_CURVE('',#2669,#2671,#2231,.T.);
#3360=EDGE_CURVE('',#2672,#2670,#2232,.T.);
#3361=EDGE_CURVE('',#2672,#2671,#1167,.T.);
#3362=EDGE_CURVE('',#2671,#2673,#2233,.T.);
#3363=EDGE_CURVE('',#2674,#2672,#2234,.T.);
#3364=EDGE_CURVE('',#2674,#2673,#1168,.T.);
#3365=EDGE_CURVE('',#2673,#2675,#1169,.T.);
#3366=EDGE_CURVE('',#2676,#2674,#1170,.T.);
#3367=EDGE_CURVE('',#2676,#2675,#1171,.T.);
#3368=EDGE_CURVE('',#2675,#2677,#2235,.T.);
#3369=EDGE_CURVE('',#2678,#2676,#2236,.T.);
#3370=EDGE_CURVE('',#2678,#2677,#1172,.T.);
#3371=EDGE_CURVE('',#2677,#2679,#2237,.T.);
#3372=EDGE_CURVE('',#2680,#2678,#2238,.T.);
#3373=EDGE_CURVE('',#2680,#2679,#1173,.T.);
#3374=EDGE_CURVE('',#2679,#2681,#1174,.T.);
#3375=EDGE_CURVE('',#2682,#2680,#1175,.T.);
#3376=EDGE_CURVE('',#2682,#2681,#1176,.T.);
#3377=EDGE_CURVE('',#2681,#2683,#2239,.T.);
#3378=EDGE_CURVE('',#2684,#2682,#2240,.T.);
#3379=EDGE_CURVE('',#2684,#2683,#1177,.T.);
#3380=EDGE_CURVE('',#2683,#2685,#2241,.T.);
#3381=EDGE_CURVE('',#2686,#2684,#2242,.T.);
#3382=EDGE_CURVE('',#2686,#2685,#1178,.T.);
#3383=EDGE_CURVE('',#2685,#2659,#2243,.T.);
#3384=EDGE_CURVE('',#2661,#2686,#2244,.T.);
#3385=EDGE_CURVE('',#2687,#2688,#1179,.T.);
#3386=EDGE_CURVE('',#2689,#2687,#1180,.T.);
#3387=EDGE_CURVE('',#2690,#2689,#1181,.T.);
#3388=EDGE_CURVE('',#2690,#2688,#1182,.T.);
#3389=EDGE_CURVE('',#2688,#2691,#2245,.T.);
#3390=EDGE_CURVE('',#2692,#2690,#2246,.T.);
#3391=EDGE_CURVE('',#2692,#2691,#1183,.T.);
#3392=EDGE_CURVE('',#2691,#2693,#2247,.T.);
#3393=EDGE_CURVE('',#2694,#2692,#2248,.T.);
#3394=EDGE_CURVE('',#2694,#2693,#1184,.T.);
#3395=EDGE_CURVE('',#2693,#2695,#1185,.T.);
#3396=EDGE_CURVE('',#2696,#2694,#1186,.T.);
#3397=EDGE_CURVE('',#2696,#2695,#1187,.T.);
#3398=EDGE_CURVE('',#2695,#2697,#2249,.T.);
#3399=EDGE_CURVE('',#2698,#2696,#2250,.T.);
#3400=EDGE_CURVE('',#2698,#2697,#1188,.T.);
#3401=EDGE_CURVE('',#2697,#2699,#2251,.T.);
#3402=EDGE_CURVE('',#2700,#2698,#2252,.T.);
#3403=EDGE_CURVE('',#2700,#2699,#1189,.T.);
#3404=EDGE_CURVE('',#2699,#2701,#2253,.T.);
#3405=EDGE_CURVE('',#2702,#2700,#2254,.T.);
#3406=EDGE_CURVE('',#2702,#2701,#1190,.T.);
#3407=EDGE_CURVE('',#2701,#2703,#1191,.T.);
#3408=EDGE_CURVE('',#2704,#2702,#1192,.T.);
#3409=EDGE_CURVE('',#2704,#2703,#1193,.T.);
#3410=EDGE_CURVE('',#2703,#2705,#2255,.T.);
#3411=EDGE_CURVE('',#2706,#2704,#2256,.T.);
#3412=EDGE_CURVE('',#2706,#2705,#1194,.T.);
#3413=EDGE_CURVE('',#2705,#2707,#2257,.T.);
#3414=EDGE_CURVE('',#2708,#2706,#2258,.T.);
#3415=EDGE_CURVE('',#2708,#2707,#1195,.T.);
#3416=EDGE_CURVE('',#2707,#2709,#1196,.T.);
#3417=EDGE_CURVE('',#2710,#2708,#1197,.T.);
#3418=EDGE_CURVE('',#2710,#2709,#1198,.T.);
#3419=EDGE_CURVE('',#2709,#2711,#2259,.T.);
#3420=EDGE_CURVE('',#2712,#2710,#2260,.T.);
#3421=EDGE_CURVE('',#2712,#2711,#1199,.T.);
#3422=EDGE_CURVE('',#2711,#2713,#2261,.T.);
#3423=EDGE_CURVE('',#2714,#2712,#2262,.T.);
#3424=EDGE_CURVE('',#2714,#2713,#1200,.T.);
#3425=EDGE_CURVE('',#2713,#2687,#2263,.T.);
#3426=EDGE_CURVE('',#2689,#2714,#2264,.T.);
#3427=EDGE_CURVE('',#2715,#2716,#1201,.T.);
#3428=EDGE_CURVE('',#2717,#2715,#1202,.T.);
#3429=EDGE_CURVE('',#2718,#2717,#1203,.T.);
#3430=EDGE_CURVE('',#2718,#2716,#1204,.T.);
#3431=EDGE_CURVE('',#2716,#2719,#2265,.T.);
#3432=EDGE_CURVE('',#2720,#2718,#2266,.T.);
#3433=EDGE_CURVE('',#2720,#2719,#1205,.T.);
#3434=EDGE_CURVE('',#2719,#2721,#2267,.T.);
#3435=EDGE_CURVE('',#2722,#2720,#2268,.T.);
#3436=EDGE_CURVE('',#2722,#2721,#1206,.T.);
#3437=EDGE_CURVE('',#2721,#2723,#1207,.T.);
#3438=EDGE_CURVE('',#2724,#2722,#1208,.T.);
#3439=EDGE_CURVE('',#2724,#2723,#1209,.T.);
#3440=EDGE_CURVE('',#2723,#2725,#2269,.T.);
#3441=EDGE_CURVE('',#2726,#2724,#2270,.T.);
#3442=EDGE_CURVE('',#2726,#2725,#1210,.T.);
#3443=EDGE_CURVE('',#2725,#2727,#2271,.T.);
#3444=EDGE_CURVE('',#2728,#2726,#2272,.T.);
#3445=EDGE_CURVE('',#2728,#2727,#1211,.T.);
#3446=EDGE_CURVE('',#2727,#2729,#2273,.T.);
#3447=EDGE_CURVE('',#2730,#2728,#2274,.T.);
#3448=EDGE_CURVE('',#2730,#2729,#1212,.T.);
#3449=EDGE_CURVE('',#2729,#2731,#1213,.T.);
#3450=EDGE_CURVE('',#2732,#2730,#1214,.T.);
#3451=EDGE_CURVE('',#2732,#2731,#1215,.T.);
#3452=EDGE_CURVE('',#2731,#2733,#2275,.T.);
#3453=EDGE_CURVE('',#2734,#2732,#2276,.T.);
#3454=EDGE_CURVE('',#2734,#2733,#1216,.T.);
#3455=EDGE_CURVE('',#2733,#2735,#2277,.T.);
#3456=EDGE_CURVE('',#2736,#2734,#2278,.T.);
#3457=EDGE_CURVE('',#2736,#2735,#1217,.T.);
#3458=EDGE_CURVE('',#2735,#2737,#1218,.T.);
#3459=EDGE_CURVE('',#2738,#2736,#1219,.T.);
#3460=EDGE_CURVE('',#2738,#2737,#1220,.T.);
#3461=EDGE_CURVE('',#2737,#2739,#2279,.T.);
#3462=EDGE_CURVE('',#2740,#2738,#2280,.T.);
#3463=EDGE_CURVE('',#2740,#2739,#1221,.T.);
#3464=EDGE_CURVE('',#2739,#2741,#2281,.T.);
#3465=EDGE_CURVE('',#2742,#2740,#2282,.T.);
#3466=EDGE_CURVE('',#2742,#2741,#1222,.T.);
#3467=EDGE_CURVE('',#2741,#2715,#2283,.T.);
#3468=EDGE_CURVE('',#2717,#2742,#2284,.T.);
#3469=EDGE_CURVE('',#2743,#2744,#1223,.T.);
#3470=EDGE_CURVE('',#2745,#2743,#1224,.T.);
#3471=EDGE_CURVE('',#2746,#2745,#1225,.T.);
#3472=EDGE_CURVE('',#2746,#2744,#1226,.T.);
#3473=EDGE_CURVE('',#2744,#2747,#2285,.T.);
#3474=EDGE_CURVE('',#2748,#2746,#2286,.T.);
#3475=EDGE_CURVE('',#2748,#2747,#1227,.T.);
#3476=EDGE_CURVE('',#2747,#2749,#2287,.T.);
#3477=EDGE_CURVE('',#2750,#2748,#2288,.T.);
#3478=EDGE_CURVE('',#2750,#2749,#1228,.T.);
#3479=EDGE_CURVE('',#2749,#2751,#1229,.T.);
#3480=EDGE_CURVE('',#2752,#2750,#1230,.T.);
#3481=EDGE_CURVE('',#2752,#2751,#1231,.T.);
#3482=EDGE_CURVE('',#2751,#2753,#2289,.T.);
#3483=EDGE_CURVE('',#2754,#2752,#2290,.T.);
#3484=EDGE_CURVE('',#2754,#2753,#1232,.T.);
#3485=EDGE_CURVE('',#2753,#2755,#2291,.T.);
#3486=EDGE_CURVE('',#2756,#2754,#2292,.T.);
#3487=EDGE_CURVE('',#2756,#2755,#1233,.T.);
#3488=EDGE_CURVE('',#2755,#2757,#2293,.T.);
#3489=EDGE_CURVE('',#2758,#2756,#2294,.T.);
#3490=EDGE_CURVE('',#2758,#2757,#1234,.T.);
#3491=EDGE_CURVE('',#2757,#2759,#1235,.T.);
#3492=EDGE_CURVE('',#2760,#2758,#1236,.T.);
#3493=EDGE_CURVE('',#2760,#2759,#1237,.T.);
#3494=EDGE_CURVE('',#2759,#2761,#2295,.T.);
#3495=EDGE_CURVE('',#2762,#2760,#2296,.T.);
#3496=EDGE_CURVE('',#2762,#2761,#1238,.T.);
#3497=EDGE_CURVE('',#2761,#2763,#2297,.T.);
#3498=EDGE_CURVE('',#2764,#2762,#2298,.T.);
#3499=EDGE_CURVE('',#2764,#2763,#1239,.T.);
#3500=EDGE_CURVE('',#2763,#2765,#1240,.T.);
#3501=EDGE_CURVE('',#2766,#2764,#1241,.T.);
#3502=EDGE_CURVE('',#2766,#2765,#1242,.T.);
#3503=EDGE_CURVE('',#2765,#2767,#2299,.T.);
#3504=EDGE_CURVE('',#2768,#2766,#2300,.T.);
#3505=EDGE_CURVE('',#2768,#2767,#1243,.T.);
#3506=EDGE_CURVE('',#2767,#2769,#2301,.T.);
#3507=EDGE_CURVE('',#2770,#2768,#2302,.T.);
#3508=EDGE_CURVE('',#2770,#2769,#1244,.T.);
#3509=EDGE_CURVE('',#2769,#2743,#2303,.T.);
#3510=EDGE_CURVE('',#2745,#2770,#2304,.T.);
#3511=EDGE_CURVE('',#2771,#2772,#1245,.T.);
#3512=EDGE_CURVE('',#2773,#2771,#1246,.T.);
#3513=EDGE_CURVE('',#2774,#2773,#1247,.T.);
#3514=EDGE_CURVE('',#2774,#2772,#1248,.T.);
#3515=EDGE_CURVE('',#2772,#2775,#2305,.T.);
#3516=EDGE_CURVE('',#2776,#2774,#2306,.T.);
#3517=EDGE_CURVE('',#2776,#2775,#1249,.T.);
#3518=EDGE_CURVE('',#2775,#2777,#2307,.T.);
#3519=EDGE_CURVE('',#2778,#2776,#2308,.T.);
#3520=EDGE_CURVE('',#2778,#2777,#1250,.T.);
#3521=EDGE_CURVE('',#2777,#2779,#1251,.T.);
#3522=EDGE_CURVE('',#2780,#2778,#1252,.T.);
#3523=EDGE_CURVE('',#2780,#2779,#1253,.T.);
#3524=EDGE_CURVE('',#2779,#2781,#2309,.T.);
#3525=EDGE_CURVE('',#2782,#2780,#2310,.T.);
#3526=EDGE_CURVE('',#2782,#2781,#1254,.T.);
#3527=EDGE_CURVE('',#2781,#2783,#2311,.T.);
#3528=EDGE_CURVE('',#2784,#2782,#2312,.T.);
#3529=EDGE_CURVE('',#2784,#2783,#1255,.T.);
#3530=EDGE_CURVE('',#2783,#2785,#2313,.T.);
#3531=EDGE_CURVE('',#2786,#2784,#2314,.T.);
#3532=EDGE_CURVE('',#2786,#2785,#1256,.T.);
#3533=EDGE_CURVE('',#2785,#2787,#1257,.T.);
#3534=EDGE_CURVE('',#2788,#2786,#1258,.T.);
#3535=EDGE_CURVE('',#2788,#2787,#1259,.T.);
#3536=EDGE_CURVE('',#2787,#2789,#2315,.T.);
#3537=EDGE_CURVE('',#2790,#2788,#2316,.T.);
#3538=EDGE_CURVE('',#2790,#2789,#1260,.T.);
#3539=EDGE_CURVE('',#2789,#2791,#2317,.T.);
#3540=EDGE_CURVE('',#2792,#2790,#2318,.T.);
#3541=EDGE_CURVE('',#2792,#2791,#1261,.T.);
#3542=EDGE_CURVE('',#2791,#2793,#1262,.T.);
#3543=EDGE_CURVE('',#2794,#2792,#1263,.T.);
#3544=EDGE_CURVE('',#2794,#2793,#1264,.T.);
#3545=EDGE_CURVE('',#2793,#2795,#2319,.T.);
#3546=EDGE_CURVE('',#2796,#2794,#2320,.T.);
#3547=EDGE_CURVE('',#2796,#2795,#1265,.T.);
#3548=EDGE_CURVE('',#2795,#2797,#2321,.T.);
#3549=EDGE_CURVE('',#2798,#2796,#2322,.T.);
#3550=EDGE_CURVE('',#2798,#2797,#1266,.T.);
#3551=EDGE_CURVE('',#2797,#2771,#2323,.T.);
#3552=EDGE_CURVE('',#2773,#2798,#2324,.T.);
#3553=EDGE_CURVE('',#2799,#2800,#2325,.T.);
#3554=EDGE_CURVE('',#2800,#2801,#1267,.T.);
#3555=EDGE_CURVE('',#2801,#2802,#2326,.T.);
#3556=EDGE_CURVE('',#2802,#2799,#1268,.T.);
#3557=EDGE_CURVE('',#2799,#2803,#1269,.T.);
#3558=EDGE_CURVE('',#2804,#2803,#2327,.T.);
#3559=EDGE_CURVE('',#2804,#2805,#1270,.T.);
#3560=EDGE_CURVE('',#2806,#2805,#2328,.T.);
#3561=EDGE_CURVE('',#2806,#2807,#1271,.T.);
#3562=EDGE_CURVE('',#2808,#2807,#2329,.T.);
#3563=EDGE_CURVE('',#2808,#2809,#1272,.T.);
#3564=EDGE_CURVE('',#2810,#2809,#2330,.T.);
#3565=EDGE_CURVE('',#2810,#2811,#1273,.T.);
#3566=EDGE_CURVE('',#2812,#2811,#2331,.T.);
#3567=EDGE_CURVE('',#2812,#2813,#1274,.T.);
#3568=EDGE_CURVE('',#2814,#2813,#2332,.T.);
#3569=EDGE_CURVE('',#2814,#2815,#1275,.T.);
#3570=EDGE_CURVE('',#2816,#2815,#2333,.T.);
#3571=EDGE_CURVE('',#2816,#2817,#1276,.T.);
#3572=EDGE_CURVE('',#2818,#2817,#2334,.T.);
#3573=EDGE_CURVE('',#2818,#2819,#1277,.T.);
#3574=EDGE_CURVE('',#2820,#2819,#2335,.T.);
#3575=EDGE_CURVE('',#2820,#2821,#1278,.T.);
#3576=EDGE_CURVE('',#2822,#2821,#2336,.T.);
#3577=EDGE_CURVE('',#2822,#2800,#1279,.T.);
#3578=EDGE_CURVE('',#2823,#2823,#2337,.T.);
#3579=EDGE_CURVE('',#2824,#2824,#2338,.T.);
#3580=EDGE_CURVE('',#2825,#2825,#2339,.T.);
#3581=EDGE_CURVE('',#2826,#2826,#2340,.T.);
#3582=EDGE_CURVE('',#2827,#2827,#2341,.T.);
#3583=EDGE_CURVE('',#2828,#2828,#2342,.T.);
#3584=EDGE_CURVE('',#2829,#2829,#2343,.T.);
#3585=EDGE_CURVE('',#2830,#2830,#2344,.T.);
#3586=EDGE_CURVE('',#2831,#2831,#2345,.T.);
#3587=EDGE_CURVE('',#2832,#2832,#2346,.T.);
#3588=EDGE_CURVE('',#2833,#2833,#2347,.T.);
#3589=EDGE_CURVE('',#2834,#2834,#2348,.T.);
#3590=EDGE_CURVE('',#2835,#2835,#2349,.T.);
#3591=EDGE_CURVE('',#2836,#2836,#2350,.T.);
#3592=EDGE_CURVE('',#2837,#2837,#2351,.T.);
#3593=EDGE_CURVE('',#2838,#2838,#2352,.T.);
#3594=EDGE_CURVE('',#2839,#2839,#2353,.T.);
#3595=EDGE_CURVE('',#2840,#2840,#2354,.T.);
#3596=EDGE_CURVE('',#2841,#2841,#2355,.T.);
#3597=EDGE_CURVE('',#2842,#2842,#2356,.T.);
#3598=EDGE_CURVE('',#2843,#2843,#2357,.T.);
#3599=EDGE_CURVE('',#2844,#2844,#2358,.T.);
#3600=EDGE_CURVE('',#2845,#2802,#1280,.T.);
#3601=EDGE_CURVE('',#2803,#2845,#1281,.T.);
#3602=EDGE_CURVE('',#2845,#2846,#2359,.T.);
#3603=EDGE_CURVE('',#2846,#2804,#1282,.T.);
#3604=EDGE_CURVE('',#2847,#2848,#2360,.T.);
#3605=EDGE_CURVE('',#2848,#2806,#1283,.T.);
#3606=EDGE_CURVE('',#2805,#2847,#1284,.T.);
#3607=EDGE_CURVE('',#2849,#2848,#1285,.T.);
#3608=EDGE_CURVE('',#2807,#2849,#1286,.T.);
#3609=EDGE_CURVE('',#2809,#2850,#1287,.T.);
#3610=EDGE_CURVE('',#2850,#2851,#2361,.T.);
#3611=EDGE_CURVE('',#2851,#2810,#1288,.T.);
#3612=EDGE_CURVE('',#2852,#2851,#1289,.T.);
#3613=EDGE_CURVE('',#2811,#2852,#1290,.T.);
#3614=EDGE_CURVE('',#2849,#2853,#2362,.T.);
#3615=EDGE_CURVE('',#2853,#2808,#1291,.T.);
#3616=EDGE_CURVE('',#2850,#2853,#1292,.T.);
#3617=EDGE_CURVE('',#2852,#2854,#2363,.T.);
#3618=EDGE_CURVE('',#2854,#2812,#1293,.T.);
#3619=EDGE_CURVE('',#2855,#2856,#2364,.T.);
#3620=EDGE_CURVE('',#2856,#2814,#1294,.T.);
#3621=EDGE_CURVE('',#2813,#2855,#1295,.T.);
#3622=EDGE_CURVE('',#2857,#2856,#1296,.T.);
#3623=EDGE_CURVE('',#2815,#2857,#1297,.T.);
#3624=EDGE_CURVE('',#2857,#2858,#2365,.T.);
#3625=EDGE_CURVE('',#2858,#2816,#1298,.T.);
#3626=EDGE_CURVE('',#2859,#2858,#1299,.T.);
#3627=EDGE_CURVE('',#2817,#2859,#1300,.T.);
#3628=EDGE_CURVE('',#2859,#2860,#2366,.T.);
#3629=EDGE_CURVE('',#2860,#2818,#1301,.T.);
#3630=EDGE_CURVE('',#2861,#2860,#1302,.T.);
#3631=EDGE_CURVE('',#2819,#2861,#1303,.T.);
#3632=EDGE_CURVE('',#2861,#2862,#2367,.T.);
#3633=EDGE_CURVE('',#2862,#2820,#1304,.T.);
#3634=EDGE_CURVE('',#2847,#2846,#1305,.T.);
#3635=EDGE_CURVE('',#2822,#2863,#1306,.T.);
#3636=EDGE_CURVE('',#2801,#2863,#1307,.T.);
#3637=EDGE_CURVE('',#2855,#2854,#1308,.T.);
#3638=EDGE_CURVE('',#2864,#2862,#1309,.T.);
#3639=EDGE_CURVE('',#2821,#2864,#1310,.T.);
#3640=EDGE_CURVE('',#2863,#2864,#2368,.T.);
#3641=EDGE_CURVE('',#2865,#2865,#2369,.T.);
#3642=EDGE_CURVE('',#2865,#2866,#1311,.T.);
#3643=EDGE_CURVE('',#2866,#2866,#2370,.T.);
#3644=EDGE_CURVE('',#2867,#2867,#2371,.T.);
#3645=EDGE_CURVE('',#2867,#2868,#1312,.T.);
#3646=EDGE_CURVE('',#2868,#2868,#2372,.T.);
#3647=EDGE_CURVE('',#2869,#2869,#2373,.T.);
#3648=EDGE_CURVE('',#2869,#2870,#1313,.T.);
#3649=EDGE_CURVE('',#2870,#2870,#2374,.T.);
#3650=EDGE_CURVE('',#2871,#2871,#2375,.T.);
#3651=EDGE_CURVE('',#2871,#2872,#1314,.T.);
#3652=EDGE_CURVE('',#2872,#2872,#2376,.T.);
#3653=EDGE_CURVE('',#2873,#2873,#2377,.T.);
#3654=EDGE_CURVE('',#2873,#2874,#1315,.T.);
#3655=EDGE_CURVE('',#2874,#2874,#2378,.T.);
#3656=EDGE_CURVE('',#2875,#2875,#2379,.T.);
#3657=EDGE_CURVE('',#2875,#2876,#1316,.T.);
#3658=EDGE_CURVE('',#2876,#2876,#2380,.T.);
#3659=EDGE_CURVE('',#2877,#2877,#2381,.T.);
#3660=EDGE_CURVE('',#2877,#2878,#1317,.T.);
#3661=EDGE_CURVE('',#2878,#2878,#2382,.T.);
#3662=EDGE_CURVE('',#2879,#2879,#2383,.T.);
#3663=EDGE_CURVE('',#2879,#2880,#1318,.T.);
#3664=EDGE_CURVE('',#2880,#2880,#2384,.T.);
#3665=EDGE_CURVE('',#2881,#2881,#2385,.T.);
#3666=EDGE_CURVE('',#2881,#2882,#1319,.T.);
#3667=EDGE_CURVE('',#2882,#2882,#2386,.T.);
#3668=EDGE_CURVE('',#2883,#2883,#2387,.T.);
#3669=EDGE_CURVE('',#2883,#2884,#1320,.T.);
#3670=EDGE_CURVE('',#2884,#2884,#2388,.T.);
#3671=EDGE_CURVE('',#2885,#2885,#2389,.T.);
#3672=EDGE_CURVE('',#2885,#2844,#1321,.T.);
#3673=EDGE_CURVE('',#2886,#2886,#2390,.T.);
#3674=EDGE_CURVE('',#2886,#2843,#1322,.T.);
#3675=EDGE_CURVE('',#2887,#2887,#2391,.T.);
#3676=EDGE_CURVE('',#2887,#2842,#1323,.T.);
#3677=EDGE_CURVE('',#2888,#2888,#2392,.T.);
#3678=EDGE_CURVE('',#2888,#2841,#1324,.T.);
#3679=EDGE_CURVE('',#2889,#2889,#2393,.T.);
#3680=EDGE_CURVE('',#2889,#2840,#1325,.T.);
#3681=EDGE_CURVE('',#2890,#2890,#2394,.T.);
#3682=EDGE_CURVE('',#2890,#2839,#1326,.T.);
#3683=EDGE_CURVE('',#2891,#2891,#2395,.T.);
#3684=EDGE_CURVE('',#2891,#2838,#1327,.T.);
#3685=EDGE_CURVE('',#2892,#2892,#2396,.T.);
#3686=EDGE_CURVE('',#2892,#2837,#1328,.T.);
#3687=EDGE_CURVE('',#2893,#2893,#2397,.T.);
#3688=EDGE_CURVE('',#2893,#2836,#1329,.T.);
#3689=EDGE_CURVE('',#2894,#2894,#2398,.T.);
#3690=EDGE_CURVE('',#2894,#2835,#1330,.T.);
#3691=EDGE_CURVE('',#2895,#2895,#2399,.T.);
#3692=EDGE_CURVE('',#2895,#2834,#1331,.T.);
#3693=EDGE_CURVE('',#2896,#2896,#2400,.T.);
#3694=EDGE_CURVE('',#2896,#2833,#1332,.T.);
#3695=EDGE_CURVE('',#2897,#2897,#2401,.T.);
#3696=EDGE_CURVE('',#2897,#2832,#1333,.T.);
#3697=EDGE_CURVE('',#2898,#2898,#2402,.T.);
#3698=EDGE_CURVE('',#2898,#2831,#1334,.T.);
#3699=EDGE_CURVE('',#2899,#2899,#2403,.T.);
#3700=EDGE_CURVE('',#2899,#2830,#1335,.T.);
#3701=EDGE_CURVE('',#2900,#2900,#2404,.T.);
#3702=EDGE_CURVE('',#2900,#2829,#1336,.T.);
#3703=EDGE_CURVE('',#2901,#2901,#2405,.T.);
#3704=EDGE_CURVE('',#2901,#2828,#1337,.T.);
#3705=EDGE_CURVE('',#2902,#2902,#2406,.T.);
#3706=EDGE_CURVE('',#2902,#2827,#1338,.T.);
#3707=EDGE_CURVE('',#2903,#2903,#2407,.T.);
#3708=EDGE_CURVE('',#2903,#2826,#1339,.T.);
#3709=EDGE_CURVE('',#2904,#2904,#2408,.T.);
#3710=EDGE_CURVE('',#2904,#2825,#1340,.T.);
#3711=EDGE_CURVE('',#2905,#2905,#2409,.T.);
#3712=EDGE_CURVE('',#2905,#2824,#1341,.T.);
#3713=EDGE_CURVE('',#2906,#2907,#1342,.T.);
#3714=EDGE_CURVE('',#2906,#2908,#2410,.T.);
#3715=EDGE_CURVE('',#2909,#2908,#1343,.T.);
#3716=EDGE_CURVE('',#2907,#2909,#2411,.T.);
#3717=EDGE_CURVE('',#2908,#2906,#1344,.T.);
#3718=EDGE_CURVE('',#2910,#2911,#1345,.T.);
#3719=EDGE_CURVE('',#2910,#2912,#2412,.T.);
#3720=EDGE_CURVE('',#2913,#2912,#1346,.T.);
#3721=EDGE_CURVE('',#2911,#2913,#2413,.T.);
#3722=EDGE_CURVE('',#2912,#2910,#1347,.T.);
#3723=EDGE_CURVE('',#2914,#2915,#1348,.T.);
#3724=EDGE_CURVE('',#2914,#2916,#2414,.T.);
#3725=EDGE_CURVE('',#2917,#2916,#1349,.T.);
#3726=EDGE_CURVE('',#2915,#2917,#2415,.T.);
#3727=EDGE_CURVE('',#2916,#2914,#1350,.T.);
#3728=EDGE_CURVE('',#2918,#2919,#1351,.T.);
#3729=EDGE_CURVE('',#2918,#2920,#2416,.T.);
#3730=EDGE_CURVE('',#2921,#2920,#1352,.T.);
#3731=EDGE_CURVE('',#2919,#2921,#2417,.T.);
#3732=EDGE_CURVE('',#2920,#2918,#1353,.T.);
#3733=EDGE_CURVE('',#2922,#2923,#1354,.T.);
#3734=EDGE_CURVE('',#2922,#2924,#2418,.T.);
#3735=EDGE_CURVE('',#2925,#2924,#1355,.T.);
#3736=EDGE_CURVE('',#2923,#2925,#2419,.T.);
#3737=EDGE_CURVE('',#2924,#2922,#1356,.T.);
#3738=EDGE_CURVE('',#2926,#2927,#1357,.T.);
#3739=EDGE_CURVE('',#2926,#2928,#2420,.T.);
#3740=EDGE_CURVE('',#2929,#2928,#1358,.T.);
#3741=EDGE_CURVE('',#2927,#2929,#2421,.T.);
#3742=EDGE_CURVE('',#2928,#2926,#1359,.T.);
#3743=EDGE_CURVE('',#2930,#2931,#1360,.T.);
#3744=EDGE_CURVE('',#2930,#2932,#2422,.T.);
#3745=EDGE_CURVE('',#2933,#2932,#1361,.T.);
#3746=EDGE_CURVE('',#2931,#2933,#2423,.T.);
#3747=EDGE_CURVE('',#2932,#2930,#1362,.T.);
#3748=EDGE_CURVE('',#2934,#2935,#1363,.T.);
#3749=EDGE_CURVE('',#2934,#2936,#2424,.T.);
#3750=EDGE_CURVE('',#2937,#2936,#1364,.T.);
#3751=EDGE_CURVE('',#2935,#2937,#2425,.T.);
#3752=EDGE_CURVE('',#2936,#2934,#1365,.T.);
#3753=EDGE_CURVE('',#2938,#2939,#1366,.T.);
#3754=EDGE_CURVE('',#2938,#2940,#2426,.T.);
#3755=EDGE_CURVE('',#2941,#2940,#1367,.T.);
#3756=EDGE_CURVE('',#2939,#2941,#2427,.T.);
#3757=EDGE_CURVE('',#2940,#2938,#1368,.T.);
#3758=EDGE_CURVE('',#2942,#2943,#1369,.T.);
#3759=EDGE_CURVE('',#2942,#2944,#2428,.T.);
#3760=EDGE_CURVE('',#2945,#2944,#1370,.T.);
#3761=EDGE_CURVE('',#2943,#2945,#2429,.T.);
#3762=EDGE_CURVE('',#2944,#2942,#1371,.T.);
#3763=EDGE_CURVE('',#2946,#2947,#1372,.T.);
#3764=EDGE_CURVE('',#2946,#2948,#2430,.T.);
#3765=EDGE_CURVE('',#2949,#2948,#1373,.T.);
#3766=EDGE_CURVE('',#2947,#2949,#2431,.T.);
#3767=EDGE_CURVE('',#2948,#2946,#1374,.T.);
#3768=EDGE_CURVE('',#2950,#2951,#1375,.T.);
#3769=EDGE_CURVE('',#2950,#2952,#2432,.T.);
#3770=EDGE_CURVE('',#2953,#2952,#1376,.T.);
#3771=EDGE_CURVE('',#2951,#2953,#2433,.T.);
#3772=EDGE_CURVE('',#2952,#2950,#1377,.T.);
#3773=EDGE_CURVE('',#2954,#2955,#1378,.T.);
#3774=EDGE_CURVE('',#2954,#2956,#2434,.T.);
#3775=EDGE_CURVE('',#2957,#2956,#1379,.T.);
#3776=EDGE_CURVE('',#2955,#2957,#2435,.T.);
#3777=EDGE_CURVE('',#2956,#2954,#1380,.T.);
#3778=EDGE_CURVE('',#2958,#2958,#2436,.T.);
#3779=EDGE_CURVE('',#2959,#2959,#2437,.T.);
#3780=EDGE_CURVE('',#2945,#2960,#1381,.T.);
#3781=EDGE_CURVE('',#2960,#2961,#2438,.T.);
#3782=EDGE_CURVE('',#2961,#2962,#1382,.T.);
#3783=EDGE_CURVE('',#2962,#2963,#2439,.T.);
#3784=EDGE_CURVE('',#2963,#2964,#1383,.T.);
#3785=EDGE_CURVE('',#2964,#2965,#2440,.T.);
#3786=EDGE_CURVE('',#2965,#2966,#1384,.T.);
#3787=EDGE_CURVE('',#2966,#2967,#2441,.T.);
#3788=EDGE_CURVE('',#2967,#2943,#1385,.T.);
#3789=EDGE_CURVE('',#2929,#2968,#1386,.T.);
#3790=EDGE_CURVE('',#2968,#2969,#2442,.T.);
#3791=EDGE_CURVE('',#2969,#2970,#1387,.T.);
#3792=EDGE_CURVE('',#2970,#2971,#2443,.T.);
#3793=EDGE_CURVE('',#2971,#2972,#1388,.T.);
#3794=EDGE_CURVE('',#2972,#2973,#2444,.T.);
#3795=EDGE_CURVE('',#2973,#2974,#1389,.T.);
#3796=EDGE_CURVE('',#2974,#2975,#2445,.T.);
#3797=EDGE_CURVE('',#2975,#2927,#1390,.T.);
#3798=EDGE_CURVE('',#2925,#2976,#1391,.T.);
#3799=EDGE_CURVE('',#2976,#2977,#2446,.T.);
#3800=EDGE_CURVE('',#2977,#2978,#1392,.T.);
#3801=EDGE_CURVE('',#2978,#2979,#2447,.T.);
#3802=EDGE_CURVE('',#2979,#2980,#1393,.T.);
#3803=EDGE_CURVE('',#2980,#2981,#2448,.T.);
#3804=EDGE_CURVE('',#2981,#2982,#1394,.T.);
#3805=EDGE_CURVE('',#2982,#2983,#2449,.T.);
#3806=EDGE_CURVE('',#2983,#2923,#1395,.T.);
#3807=EDGE_CURVE('',#2921,#2984,#1396,.T.);
#3808=EDGE_CURVE('',#2984,#2985,#2450,.T.);
#3809=EDGE_CURVE('',#2985,#2986,#1397,.T.);
#3810=EDGE_CURVE('',#2986,#2987,#2451,.T.);
#3811=EDGE_CURVE('',#2987,#2988,#1398,.T.);
#3812=EDGE_CURVE('',#2988,#2989,#2452,.T.);
#3813=EDGE_CURVE('',#2989,#2990,#1399,.T.);
#3814=EDGE_CURVE('',#2990,#2991,#2453,.T.);
#3815=EDGE_CURVE('',#2991,#2919,#1400,.T.);
#3816=EDGE_CURVE('',#2949,#2992,#1401,.T.);
#3817=EDGE_CURVE('',#2992,#2993,#2454,.T.);
#3818=EDGE_CURVE('',#2993,#2994,#1402,.T.);
#3819=EDGE_CURVE('',#2994,#2995,#2455,.T.);
#3820=EDGE_CURVE('',#2995,#2996,#1403,.T.);
#3821=EDGE_CURVE('',#2996,#2997,#2456,.T.);
#3822=EDGE_CURVE('',#2997,#2998,#1404,.T.);
#3823=EDGE_CURVE('',#2998,#2999,#2457,.T.);
#3824=EDGE_CURVE('',#2999,#2947,#1405,.T.);
#3825=EDGE_CURVE('',#2953,#3000,#1406,.T.);
#3826=EDGE_CURVE('',#3000,#3001,#2458,.T.);
#3827=EDGE_CURVE('',#3001,#3002,#1407,.T.);
#3828=EDGE_CURVE('',#3002,#3003,#2459,.T.);
#3829=EDGE_CURVE('',#3003,#3004,#1408,.T.);
#3830=EDGE_CURVE('',#3004,#3005,#2460,.T.);
#3831=EDGE_CURVE('',#3005,#3006,#1409,.T.);
#3832=EDGE_CURVE('',#3006,#3007,#2461,.T.);
#3833=EDGE_CURVE('',#3007,#2951,#1410,.T.);
#3834=EDGE_CURVE('',#2957,#3008,#1411,.T.);
#3835=EDGE_CURVE('',#3008,#3009,#2462,.T.);
#3836=EDGE_CURVE('',#3009,#3010,#1412,.T.);
#3837=EDGE_CURVE('',#3010,#3011,#2463,.T.);
#3838=EDGE_CURVE('',#3011,#3012,#1413,.T.);
#3839=EDGE_CURVE('',#3012,#3013,#2464,.T.);
#3840=EDGE_CURVE('',#3013,#3014,#1414,.T.);
#3841=EDGE_CURVE('',#3014,#3015,#2465,.T.);
#3842=EDGE_CURVE('',#3015,#2955,#1415,.T.);
#3843=EDGE_CURVE('',#2909,#3016,#1416,.T.);
#3844=EDGE_CURVE('',#3016,#3017,#2466,.T.);
#3845=EDGE_CURVE('',#3017,#3018,#1417,.T.);
#3846=EDGE_CURVE('',#3018,#3019,#2467,.T.);
#3847=EDGE_CURVE('',#3019,#3020,#1418,.T.);
#3848=EDGE_CURVE('',#3020,#3021,#2468,.T.);
#3849=EDGE_CURVE('',#3021,#3022,#1419,.T.);
#3850=EDGE_CURVE('',#3022,#3023,#2469,.T.);
#3851=EDGE_CURVE('',#3023,#2907,#1420,.T.);
#3852=EDGE_CURVE('',#2913,#3024,#1421,.T.);
#3853=EDGE_CURVE('',#3024,#3025,#2470,.T.);
#3854=EDGE_CURVE('',#3025,#3026,#1422,.T.);
#3855=EDGE_CURVE('',#3026,#3027,#2471,.T.);
#3856=EDGE_CURVE('',#3027,#3028,#1423,.T.);
#3857=EDGE_CURVE('',#3028,#3029,#2472,.T.);
#3858=EDGE_CURVE('',#3029,#3030,#1424,.T.);
#3859=EDGE_CURVE('',#3030,#3031,#2473,.T.);
#3860=EDGE_CURVE('',#3031,#2911,#1425,.T.);
#3861=EDGE_CURVE('',#2917,#3032,#1426,.T.);
#3862=EDGE_CURVE('',#3032,#3033,#2474,.T.);
#3863=EDGE_CURVE('',#3033,#3034,#1427,.T.);
#3864=EDGE_CURVE('',#3034,#3035,#2475,.T.);
#3865=EDGE_CURVE('',#3035,#3036,#1428,.T.);
#3866=EDGE_CURVE('',#3036,#3037,#2476,.T.);
#3867=EDGE_CURVE('',#3037,#3038,#1429,.T.);
#3868=EDGE_CURVE('',#3038,#3039,#2477,.T.);
#3869=EDGE_CURVE('',#3039,#2915,#1430,.T.);
#3870=EDGE_CURVE('',#2941,#3040,#1431,.T.);
#3871=EDGE_CURVE('',#3040,#3041,#2478,.T.);
#3872=EDGE_CURVE('',#3041,#3042,#1432,.T.);
#3873=EDGE_CURVE('',#3042,#3043,#2479,.T.);
#3874=EDGE_CURVE('',#3043,#3044,#1433,.T.);
#3875=EDGE_CURVE('',#3044,#3045,#2480,.T.);
#3876=EDGE_CURVE('',#3045,#3046,#1434,.T.);
#3877=EDGE_CURVE('',#3046,#3047,#2481,.T.);
#3878=EDGE_CURVE('',#3047,#2939,#1435,.T.);
#3879=EDGE_CURVE('',#2937,#3048,#1436,.T.);
#3880=EDGE_CURVE('',#3048,#3049,#2482,.T.);
#3881=EDGE_CURVE('',#3049,#3050,#1437,.T.);
#3882=EDGE_CURVE('',#3050,#3051,#2483,.T.);
#3883=EDGE_CURVE('',#3051,#3052,#1438,.T.);
#3884=EDGE_CURVE('',#3052,#3053,#2484,.T.);
#3885=EDGE_CURVE('',#3053,#3054,#1439,.T.);
#3886=EDGE_CURVE('',#3054,#3055,#2485,.T.);
#3887=EDGE_CURVE('',#3055,#2935,#1440,.T.);
#3888=EDGE_CURVE('',#2933,#3056,#1441,.T.);
#3889=EDGE_CURVE('',#3056,#3057,#2486,.T.);
#3890=EDGE_CURVE('',#3057,#3058,#1442,.T.);
#3891=EDGE_CURVE('',#3058,#3059,#2487,.T.);
#3892=EDGE_CURVE('',#3059,#3060,#1443,.T.);
#3893=EDGE_CURVE('',#3060,#3061,#2488,.T.);
#3894=EDGE_CURVE('',#3061,#3062,#1444,.T.);
#3895=EDGE_CURVE('',#3062,#3063,#2489,.T.);
#3896=EDGE_CURVE('',#3063,#2931,#1445,.T.);
#3897=EDGE_CURVE('',#3059,#3064,#1446,.T.);
#3898=EDGE_CURVE('',#3064,#3065,#1447,.T.);
#3899=EDGE_CURVE('',#3060,#3065,#1448,.T.);
#3900=EDGE_CURVE('',#3058,#3066,#1449,.T.);
#3901=EDGE_CURVE('',#3066,#3064,#2490,.T.);
#3902=EDGE_CURVE('',#3057,#3067,#1450,.T.);
#3903=EDGE_CURVE('',#3067,#3066,#1451,.T.);
#3904=EDGE_CURVE('',#3056,#3068,#1452,.T.);
#3905=EDGE_CURVE('',#3068,#3067,#2491,.T.);
#3906=EDGE_CURVE('',#3063,#3069,#1453,.T.);
#3907=EDGE_CURVE('',#3069,#3068,#1454,.T.);
#3908=EDGE_CURVE('',#3062,#3070,#1455,.T.);
#3909=EDGE_CURVE('',#3070,#3069,#2492,.T.);
#3910=EDGE_CURVE('',#3061,#3071,#1456,.T.);
#3911=EDGE_CURVE('',#3071,#3070,#1457,.T.);
#3912=EDGE_CURVE('',#3065,#3071,#2493,.T.);
#3913=EDGE_CURVE('',#3048,#3072,#1458,.T.);
#3914=EDGE_CURVE('',#3072,#3073,#2494,.T.);
#3915=EDGE_CURVE('',#3049,#3073,#1459,.T.);
#3916=EDGE_CURVE('',#3055,#3074,#1460,.T.);
#3917=EDGE_CURVE('',#3074,#3072,#1461,.T.);
#3918=EDGE_CURVE('',#3054,#3075,#1462,.T.);
#3919=EDGE_CURVE('',#3075,#3074,#2495,.T.);
#3920=EDGE_CURVE('',#3053,#3076,#1463,.T.);
#3921=EDGE_CURVE('',#3076,#3075,#1464,.T.);
#3922=EDGE_CURVE('',#3052,#3077,#1465,.T.);
#3923=EDGE_CURVE('',#3077,#3076,#2496,.T.);
#3924=EDGE_CURVE('',#3051,#3078,#1466,.T.);
#3925=EDGE_CURVE('',#3078,#3077,#1467,.T.);
#3926=EDGE_CURVE('',#3050,#3079,#1468,.T.);
#3927=EDGE_CURVE('',#3079,#3078,#2497,.T.);
#3928=EDGE_CURVE('',#3073,#3079,#1469,.T.);
#3929=EDGE_CURVE('',#3043,#3080,#1470,.T.);
#3930=EDGE_CURVE('',#3080,#3081,#1471,.T.);
#3931=EDGE_CURVE('',#3044,#3081,#1472,.T.);
#3932=EDGE_CURVE('',#3042,#3082,#1473,.T.);
#3933=EDGE_CURVE('',#3082,#3080,#2498,.T.);
#3934=EDGE_CURVE('',#3041,#3083,#1474,.T.);
#3935=EDGE_CURVE('',#3083,#3082,#1475,.T.);
#3936=EDGE_CURVE('',#3040,#3084,#1476,.T.);
#3937=EDGE_CURVE('',#3084,#3083,#2499,.T.);
#3938=EDGE_CURVE('',#3047,#3085,#1477,.T.);
#3939=EDGE_CURVE('',#3085,#3084,#1478,.T.);
#3940=EDGE_CURVE('',#3046,#3086,#1479,.T.);
#3941=EDGE_CURVE('',#3086,#3085,#2500,.T.);
#3942=EDGE_CURVE('',#3045,#3087,#1480,.T.);
#3943=EDGE_CURVE('',#3087,#3086,#1481,.T.);
#3944=EDGE_CURVE('',#3081,#3087,#2501,.T.);
#3945=EDGE_CURVE('',#3035,#3088,#1482,.T.);
#3946=EDGE_CURVE('',#3088,#3089,#1483,.T.);
#3947=EDGE_CURVE('',#3036,#3089,#1484,.T.);
#3948=EDGE_CURVE('',#3034,#3090,#1485,.T.);
#3949=EDGE_CURVE('',#3090,#3088,#2502,.T.);
#3950=EDGE_CURVE('',#3033,#3091,#1486,.T.);
#3951=EDGE_CURVE('',#3091,#3090,#1487,.T.);
#3952=EDGE_CURVE('',#3032,#3092,#1488,.T.);
#3953=EDGE_CURVE('',#3092,#3091,#2503,.T.);
#3954=EDGE_CURVE('',#3039,#3093,#1489,.T.);
#3955=EDGE_CURVE('',#3093,#3092,#1490,.T.);
#3956=EDGE_CURVE('',#3038,#3094,#1491,.T.);
#3957=EDGE_CURVE('',#3094,#3093,#2504,.T.);
#3958=EDGE_CURVE('',#3037,#3095,#1492,.T.);
#3959=EDGE_CURVE('',#3095,#3094,#1493,.T.);
#3960=EDGE_CURVE('',#3089,#3095,#2505,.T.);
#3961=EDGE_CURVE('',#3025,#3096,#1494,.T.);
#3962=EDGE_CURVE('',#3096,#3097,#1495,.T.);
#3963=EDGE_CURVE('',#3026,#3097,#1496,.T.);
#3964=EDGE_CURVE('',#3024,#3098,#1497,.T.);
#3965=EDGE_CURVE('',#3098,#3096,#2506,.T.);
#3966=EDGE_CURVE('',#3031,#3099,#1498,.T.);
#3967=EDGE_CURVE('',#3099,#3098,#1499,.T.);
#3968=EDGE_CURVE('',#3030,#3100,#1500,.T.);
#3969=EDGE_CURVE('',#3100,#3099,#2507,.T.);
#3970=EDGE_CURVE('',#3029,#3101,#1501,.T.);
#3971=EDGE_CURVE('',#3101,#3100,#1502,.T.);
#3972=EDGE_CURVE('',#3028,#3102,#1503,.T.);
#3973=EDGE_CURVE('',#3102,#3101,#2508,.T.);
#3974=EDGE_CURVE('',#3027,#3103,#1504,.T.);
#3975=EDGE_CURVE('',#3103,#3102,#1505,.T.);
#3976=EDGE_CURVE('',#3097,#3103,#2509,.T.);
#3977=EDGE_CURVE('',#3019,#3104,#1506,.T.);
#3978=EDGE_CURVE('',#3104,#3105,#1507,.T.);
#3979=EDGE_CURVE('',#3020,#3105,#1508,.T.);
#3980=EDGE_CURVE('',#3018,#3106,#1509,.T.);
#3981=EDGE_CURVE('',#3106,#3104,#2510,.T.);
#3982=EDGE_CURVE('',#3017,#3107,#1510,.T.);
#3983=EDGE_CURVE('',#3107,#3106,#1511,.T.);
#3984=EDGE_CURVE('',#3016,#3108,#1512,.T.);
#3985=EDGE_CURVE('',#3108,#3107,#2511,.T.);
#3986=EDGE_CURVE('',#3023,#3109,#1513,.T.);
#3987=EDGE_CURVE('',#3109,#3108,#1514,.T.);
#3988=EDGE_CURVE('',#3022,#3110,#1515,.T.);
#3989=EDGE_CURVE('',#3110,#3109,#2512,.T.);
#3990=EDGE_CURVE('',#3021,#3111,#1516,.T.);
#3991=EDGE_CURVE('',#3111,#3110,#1517,.T.);
#3992=EDGE_CURVE('',#3105,#3111,#2513,.T.);
#3993=EDGE_CURVE('',#3008,#3112,#1518,.T.);
#3994=EDGE_CURVE('',#3112,#3113,#2514,.T.);
#3995=EDGE_CURVE('',#3009,#3113,#1519,.T.);
#3996=EDGE_CURVE('',#3015,#3114,#1520,.T.);
#3997=EDGE_CURVE('',#3114,#3112,#1521,.T.);
#3998=EDGE_CURVE('',#3014,#3115,#1522,.T.);
#3999=EDGE_CURVE('',#3115,#3114,#2515,.T.);
#4000=EDGE_CURVE('',#3013,#3116,#1523,.T.);
#4001=EDGE_CURVE('',#3116,#3115,#1524,.T.);
#4002=EDGE_CURVE('',#3012,#3117,#1525,.T.);
#4003=EDGE_CURVE('',#3117,#3116,#2516,.T.);
#4004=EDGE_CURVE('',#3011,#3118,#1526,.T.);
#4005=EDGE_CURVE('',#3118,#3117,#1527,.T.);
#4006=EDGE_CURVE('',#3010,#3119,#1528,.T.);
#4007=EDGE_CURVE('',#3119,#3118,#2517,.T.);
#4008=EDGE_CURVE('',#3113,#3119,#1529,.T.);
#4009=EDGE_CURVE('',#3007,#3120,#1530,.T.);
#4010=EDGE_CURVE('',#3120,#3121,#1531,.T.);
#4011=EDGE_CURVE('',#3000,#3121,#1532,.T.);
#4012=EDGE_CURVE('',#3006,#3122,#1533,.T.);
#4013=EDGE_CURVE('',#3122,#3120,#2518,.T.);
#4014=EDGE_CURVE('',#3005,#3123,#1534,.T.);
#4015=EDGE_CURVE('',#3123,#3122,#1535,.T.);
#4016=EDGE_CURVE('',#3004,#3124,#1536,.T.);
#4017=EDGE_CURVE('',#3124,#3123,#2519,.T.);
#4018=EDGE_CURVE('',#3003,#3125,#1537,.T.);
#4019=EDGE_CURVE('',#3125,#3124,#1538,.T.);
#4020=EDGE_CURVE('',#3002,#3126,#1539,.T.);
#4021=EDGE_CURVE('',#3126,#3125,#2520,.T.);
#4022=EDGE_CURVE('',#3001,#3127,#1540,.T.);
#4023=EDGE_CURVE('',#3127,#3126,#1541,.T.);
#4024=EDGE_CURVE('',#3121,#3127,#2521,.T.);
#4025=EDGE_CURVE('',#2995,#3128,#1542,.T.);
#4026=EDGE_CURVE('',#3128,#3129,#1543,.T.);
#4027=EDGE_CURVE('',#2996,#3129,#1544,.T.);
#4028=EDGE_CURVE('',#2994,#3130,#1545,.T.);
#4029=EDGE_CURVE('',#3130,#3128,#2522,.T.);
#4030=EDGE_CURVE('',#2993,#3131,#1546,.T.);
#4031=EDGE_CURVE('',#3131,#3130,#1547,.T.);
#4032=EDGE_CURVE('',#2992,#3132,#1548,.T.);
#4033=EDGE_CURVE('',#3132,#3131,#2523,.T.);
#4034=EDGE_CURVE('',#2999,#3133,#1549,.T.);
#4035=EDGE_CURVE('',#3133,#3132,#1550,.T.);
#4036=EDGE_CURVE('',#2998,#3134,#1551,.T.);
#4037=EDGE_CURVE('',#3134,#3133,#2524,.T.);
#4038=EDGE_CURVE('',#2997,#3135,#1552,.T.);
#4039=EDGE_CURVE('',#3135,#3134,#1553,.T.);
#4040=EDGE_CURVE('',#3129,#3135,#2525,.T.);
#4041=EDGE_CURVE('',#2986,#3136,#1554,.T.);
#4042=EDGE_CURVE('',#3136,#3137,#2526,.T.);
#4043=EDGE_CURVE('',#2987,#3137,#1555,.T.);
#4044=EDGE_CURVE('',#2985,#3138,#1556,.T.);
#4045=EDGE_CURVE('',#3138,#3136,#1557,.T.);
#4046=EDGE_CURVE('',#2984,#3139,#1558,.T.);
#4047=EDGE_CURVE('',#3139,#3138,#2527,.T.);
#4048=EDGE_CURVE('',#2991,#3140,#1559,.T.);
#4049=EDGE_CURVE('',#3140,#3139,#1560,.T.);
#4050=EDGE_CURVE('',#2990,#3141,#1561,.T.);
#4051=EDGE_CURVE('',#3141,#3140,#2528,.T.);
#4052=EDGE_CURVE('',#2989,#3142,#1562,.T.);
#4053=EDGE_CURVE('',#3142,#3141,#1563,.T.);
#4054=EDGE_CURVE('',#2988,#3143,#1564,.T.);
#4055=EDGE_CURVE('',#3143,#3142,#2529,.T.);
#4056=EDGE_CURVE('',#3137,#3143,#1565,.T.);
#4057=EDGE_CURVE('',#2977,#3144,#1566,.T.);
#4058=EDGE_CURVE('',#3144,#3145,#1567,.T.);
#4059=EDGE_CURVE('',#2978,#3145,#1568,.T.);
#4060=EDGE_CURVE('',#2976,#3146,#1569,.T.);
#4061=EDGE_CURVE('',#3146,#3144,#2530,.T.);
#4062=EDGE_CURVE('',#2983,#3147,#1570,.T.);
#4063=EDGE_CURVE('',#3147,#3146,#1571,.T.);
#4064=EDGE_CURVE('',#2982,#3148,#1572,.T.);
#4065=EDGE_CURVE('',#3148,#3147,#2531,.T.);
#4066=EDGE_CURVE('',#2981,#3149,#1573,.T.);
#4067=EDGE_CURVE('',#3149,#3148,#1574,.T.);
#4068=EDGE_CURVE('',#2980,#3150,#1575,.T.);
#4069=EDGE_CURVE('',#3150,#3149,#2532,.T.);
#4070=EDGE_CURVE('',#2979,#3151,#1576,.T.);
#4071=EDGE_CURVE('',#3151,#3150,#1577,.T.);
#4072=EDGE_CURVE('',#3145,#3151,#2533,.T.);
#4073=EDGE_CURVE('',#2969,#3152,#1578,.T.);
#4074=EDGE_CURVE('',#3152,#3153,#1579,.T.);
#4075=EDGE_CURVE('',#2970,#3153,#1580,.T.);
#4076=EDGE_CURVE('',#2968,#3154,#1581,.T.);
#4077=EDGE_CURVE('',#3154,#3152,#2534,.T.);
#4078=EDGE_CURVE('',#2975,#3155,#1582,.T.);
#4079=EDGE_CURVE('',#3155,#3154,#1583,.T.);
#4080=EDGE_CURVE('',#2974,#3156,#1584,.T.);
#4081=EDGE_CURVE('',#3156,#3155,#2535,.T.);
#4082=EDGE_CURVE('',#2973,#3157,#1585,.T.);
#4083=EDGE_CURVE('',#3157,#3156,#1586,.T.);
#4084=EDGE_CURVE('',#2972,#3158,#1587,.T.);
#4085=EDGE_CURVE('',#3158,#3157,#2536,.T.);
#4086=EDGE_CURVE('',#2971,#3159,#1588,.T.);
#4087=EDGE_CURVE('',#3159,#3158,#1589,.T.);
#4088=EDGE_CURVE('',#3153,#3159,#2537,.T.);
#4089=EDGE_CURVE('',#2963,#3160,#1590,.T.);
#4090=EDGE_CURVE('',#3160,#3161,#1591,.T.);
#4091=EDGE_CURVE('',#2964,#3161,#1592,.T.);
#4092=EDGE_CURVE('',#2962,#3162,#1593,.T.);
#4093=EDGE_CURVE('',#3162,#3160,#2538,.T.);
#4094=EDGE_CURVE('',#2961,#3163,#1594,.T.);
#4095=EDGE_CURVE('',#3163,#3162,#1595,.T.);
#4096=EDGE_CURVE('',#2960,#3164,#1596,.T.);
#4097=EDGE_CURVE('',#3164,#3163,#2539,.T.);
#4098=EDGE_CURVE('',#2967,#3165,#1597,.T.);
#4099=EDGE_CURVE('',#3165,#3164,#1598,.T.);
#4100=EDGE_CURVE('',#2966,#3166,#1599,.T.);
#4101=EDGE_CURVE('',#3166,#3165,#2540,.T.);
#4102=EDGE_CURVE('',#2965,#3167,#1600,.T.);
#4103=EDGE_CURVE('',#3167,#3166,#1601,.T.);
#4104=EDGE_CURVE('',#3161,#3167,#2541,.T.);
#4105=EDGE_CURVE('',#2958,#3168,#1602,.T.);
#4106=EDGE_CURVE('',#3168,#3168,#2542,.T.);
#4107=EDGE_CURVE('',#2959,#2823,#1603,.T.);
#4108=ORIENTED_EDGE('',*,*,#3169,.F.);
#4109=ORIENTED_EDGE('',*,*,#3170,.T.);
#4110=ORIENTED_EDGE('',*,*,#3171,.T.);
#4111=ORIENTED_EDGE('',*,*,#3170,.F.);
#4112=ORIENTED_EDGE('',*,*,#3171,.F.);
#4113=ORIENTED_EDGE('',*,*,#3172,.F.);
#4114=ORIENTED_EDGE('',*,*,#3173,.T.);
#4115=ORIENTED_EDGE('',*,*,#3174,.T.);
#4116=ORIENTED_EDGE('',*,*,#3173,.F.);
#4117=ORIENTED_EDGE('',*,*,#3174,.F.);
#4118=ORIENTED_EDGE('',*,*,#3175,.F.);
#4119=ORIENTED_EDGE('',*,*,#3176,.T.);
#4120=ORIENTED_EDGE('',*,*,#3177,.T.);
#4121=ORIENTED_EDGE('',*,*,#3176,.F.);
#4122=ORIENTED_EDGE('',*,*,#3177,.F.);
#4123=ORIENTED_EDGE('',*,*,#3178,.F.);
#4124=ORIENTED_EDGE('',*,*,#3179,.T.);
#4125=ORIENTED_EDGE('',*,*,#3180,.T.);
#4126=ORIENTED_EDGE('',*,*,#3179,.F.);
#4127=ORIENTED_EDGE('',*,*,#3180,.F.);
#4128=ORIENTED_EDGE('',*,*,#3181,.F.);
#4129=ORIENTED_EDGE('',*,*,#3182,.T.);
#4130=ORIENTED_EDGE('',*,*,#3183,.T.);
#4131=ORIENTED_EDGE('',*,*,#3182,.F.);
#4132=ORIENTED_EDGE('',*,*,#3183,.F.);
#4133=ORIENTED_EDGE('',*,*,#3184,.F.);
#4134=ORIENTED_EDGE('',*,*,#3185,.T.);
#4135=ORIENTED_EDGE('',*,*,#3186,.T.);
#4136=ORIENTED_EDGE('',*,*,#3185,.F.);
#4137=ORIENTED_EDGE('',*,*,#3186,.F.);
#4138=ORIENTED_EDGE('',*,*,#3187,.F.);
#4139=ORIENTED_EDGE('',*,*,#3188,.T.);
#4140=ORIENTED_EDGE('',*,*,#3189,.T.);
#4141=ORIENTED_EDGE('',*,*,#3188,.F.);
#4142=ORIENTED_EDGE('',*,*,#3189,.F.);
#4143=ORIENTED_EDGE('',*,*,#3190,.F.);
#4144=ORIENTED_EDGE('',*,*,#3191,.T.);
#4145=ORIENTED_EDGE('',*,*,#3192,.T.);
#4146=ORIENTED_EDGE('',*,*,#3191,.F.);
#4147=ORIENTED_EDGE('',*,*,#3192,.F.);
#4148=ORIENTED_EDGE('',*,*,#3193,.F.);
#4149=ORIENTED_EDGE('',*,*,#3194,.T.);
#4150=ORIENTED_EDGE('',*,*,#3195,.T.);
#4151=ORIENTED_EDGE('',*,*,#3194,.F.);
#4152=ORIENTED_EDGE('',*,*,#3195,.F.);
#4153=ORIENTED_EDGE('',*,*,#3196,.F.);
#4154=ORIENTED_EDGE('',*,*,#3197,.T.);
#4155=ORIENTED_EDGE('',*,*,#3198,.T.);
#4156=ORIENTED_EDGE('',*,*,#3197,.F.);
#4157=ORIENTED_EDGE('',*,*,#3198,.F.);
#4158=ORIENTED_EDGE('',*,*,#3199,.F.);
#4159=ORIENTED_EDGE('',*,*,#3200,.T.);
#4160=ORIENTED_EDGE('',*,*,#3201,.T.);
#4161=ORIENTED_EDGE('',*,*,#3200,.F.);
#4162=ORIENTED_EDGE('',*,*,#3201,.F.);
#4163=ORIENTED_EDGE('',*,*,#3202,.F.);
#4164=ORIENTED_EDGE('',*,*,#3203,.T.);
#4165=ORIENTED_EDGE('',*,*,#3204,.T.);
#4166=ORIENTED_EDGE('',*,*,#3203,.F.);
#4167=ORIENTED_EDGE('',*,*,#3204,.F.);
#4168=ORIENTED_EDGE('',*,*,#3205,.F.);
#4169=ORIENTED_EDGE('',*,*,#3206,.T.);
#4170=ORIENTED_EDGE('',*,*,#3207,.T.);
#4171=ORIENTED_EDGE('',*,*,#3206,.F.);
#4172=ORIENTED_EDGE('',*,*,#3207,.F.);
#4173=ORIENTED_EDGE('',*,*,#3208,.F.);
#4174=ORIENTED_EDGE('',*,*,#3209,.T.);
#4175=ORIENTED_EDGE('',*,*,#3210,.T.);
#4176=ORIENTED_EDGE('',*,*,#3209,.F.);
#4177=ORIENTED_EDGE('',*,*,#3210,.F.);
#4178=ORIENTED_EDGE('',*,*,#3211,.F.);
#4179=ORIENTED_EDGE('',*,*,#3212,.T.);
#4180=ORIENTED_EDGE('',*,*,#3213,.T.);
#4181=ORIENTED_EDGE('',*,*,#3212,.F.);
#4182=ORIENTED_EDGE('',*,*,#3213,.F.);
#4183=ORIENTED_EDGE('',*,*,#3214,.F.);
#4184=ORIENTED_EDGE('',*,*,#3215,.T.);
#4185=ORIENTED_EDGE('',*,*,#3216,.T.);
#4186=ORIENTED_EDGE('',*,*,#3215,.F.);
#4187=ORIENTED_EDGE('',*,*,#3216,.F.);
#4188=ORIENTED_EDGE('',*,*,#3217,.F.);
#4189=ORIENTED_EDGE('',*,*,#3218,.F.);
#4190=ORIENTED_EDGE('',*,*,#3219,.F.);
#4191=ORIENTED_EDGE('',*,*,#3220,.T.);
#4192=ORIENTED_EDGE('',*,*,#3221,.F.);
#4193=ORIENTED_EDGE('',*,*,#3220,.F.);
#4194=ORIENTED_EDGE('',*,*,#3222,.F.);
#4195=ORIENTED_EDGE('',*,*,#3223,.T.);
#4196=ORIENTED_EDGE('',*,*,#3224,.F.);
#4197=ORIENTED_EDGE('',*,*,#3223,.F.);
#4198=ORIENTED_EDGE('',*,*,#3225,.F.);
#4199=ORIENTED_EDGE('',*,*,#3226,.T.);
#4200=ORIENTED_EDGE('',*,*,#3227,.F.);
#4201=ORIENTED_EDGE('',*,*,#3226,.F.);
#4202=ORIENTED_EDGE('',*,*,#3228,.F.);
#4203=ORIENTED_EDGE('',*,*,#3229,.T.);
#4204=ORIENTED_EDGE('',*,*,#3230,.F.);
#4205=ORIENTED_EDGE('',*,*,#3229,.F.);
#4206=ORIENTED_EDGE('',*,*,#3231,.F.);
#4207=ORIENTED_EDGE('',*,*,#3232,.T.);
#4208=ORIENTED_EDGE('',*,*,#3233,.F.);
#4209=ORIENTED_EDGE('',*,*,#3232,.F.);
#4210=ORIENTED_EDGE('',*,*,#3234,.F.);
#4211=ORIENTED_EDGE('',*,*,#3235,.T.);
#4212=ORIENTED_EDGE('',*,*,#3236,.F.);
#4213=ORIENTED_EDGE('',*,*,#3235,.F.);
#4214=ORIENTED_EDGE('',*,*,#3237,.F.);
#4215=ORIENTED_EDGE('',*,*,#3238,.T.);
#4216=ORIENTED_EDGE('',*,*,#3239,.F.);
#4217=ORIENTED_EDGE('',*,*,#3238,.F.);
#4218=ORIENTED_EDGE('',*,*,#3240,.F.);
#4219=ORIENTED_EDGE('',*,*,#3241,.T.);
#4220=ORIENTED_EDGE('',*,*,#3242,.F.);
#4221=ORIENTED_EDGE('',*,*,#3241,.F.);
#4222=ORIENTED_EDGE('',*,*,#3243,.F.);
#4223=ORIENTED_EDGE('',*,*,#3244,.T.);
#4224=ORIENTED_EDGE('',*,*,#3245,.F.);
#4225=ORIENTED_EDGE('',*,*,#3244,.F.);
#4226=ORIENTED_EDGE('',*,*,#3246,.F.);
#4227=ORIENTED_EDGE('',*,*,#3247,.T.);
#4228=ORIENTED_EDGE('',*,*,#3248,.F.);
#4229=ORIENTED_EDGE('',*,*,#3247,.F.);
#4230=ORIENTED_EDGE('',*,*,#3249,.F.);
#4231=ORIENTED_EDGE('',*,*,#3250,.T.);
#4232=ORIENTED_EDGE('',*,*,#3251,.F.);
#4233=ORIENTED_EDGE('',*,*,#3250,.F.);
#4234=ORIENTED_EDGE('',*,*,#3252,.F.);
#4235=ORIENTED_EDGE('',*,*,#3253,.T.);
#4236=ORIENTED_EDGE('',*,*,#3254,.F.);
#4237=ORIENTED_EDGE('',*,*,#3253,.F.);
#4238=ORIENTED_EDGE('',*,*,#3255,.F.);
#4239=ORIENTED_EDGE('',*,*,#3256,.T.);
#4240=ORIENTED_EDGE('',*,*,#3257,.F.);
#4241=ORIENTED_EDGE('',*,*,#3256,.F.);
#4242=ORIENTED_EDGE('',*,*,#3258,.F.);
#4243=ORIENTED_EDGE('',*,*,#3218,.T.);
#4244=ORIENTED_EDGE('',*,*,#3259,.F.);
#4245=ORIENTED_EDGE('',*,*,#3260,.F.);
#4246=ORIENTED_EDGE('',*,*,#3261,.F.);
#4247=ORIENTED_EDGE('',*,*,#3262,.T.);
#4248=ORIENTED_EDGE('',*,*,#3263,.F.);
#4249=ORIENTED_EDGE('',*,*,#3262,.F.);
#4250=ORIENTED_EDGE('',*,*,#3264,.F.);
#4251=ORIENTED_EDGE('',*,*,#3265,.T.);
#4252=ORIENTED_EDGE('',*,*,#3266,.F.);
#4253=ORIENTED_EDGE('',*,*,#3265,.F.);
#4254=ORIENTED_EDGE('',*,*,#3267,.F.);
#4255=ORIENTED_EDGE('',*,*,#3268,.T.);
#4256=ORIENTED_EDGE('',*,*,#3269,.F.);
#4257=ORIENTED_EDGE('',*,*,#3268,.F.);
#4258=ORIENTED_EDGE('',*,*,#3270,.F.);
#4259=ORIENTED_EDGE('',*,*,#3271,.T.);
#4260=ORIENTED_EDGE('',*,*,#3272,.F.);
#4261=ORIENTED_EDGE('',*,*,#3271,.F.);
#4262=ORIENTED_EDGE('',*,*,#3273,.F.);
#4263=ORIENTED_EDGE('',*,*,#3274,.T.);
#4264=ORIENTED_EDGE('',*,*,#3275,.F.);
#4265=ORIENTED_EDGE('',*,*,#3274,.F.);
#4266=ORIENTED_EDGE('',*,*,#3276,.F.);
#4267=ORIENTED_EDGE('',*,*,#3277,.T.);
#4268=ORIENTED_EDGE('',*,*,#3278,.F.);
#4269=ORIENTED_EDGE('',*,*,#3277,.F.);
#4270=ORIENTED_EDGE('',*,*,#3279,.F.);
#4271=ORIENTED_EDGE('',*,*,#3280,.T.);
#4272=ORIENTED_EDGE('',*,*,#3281,.F.);
#4273=ORIENTED_EDGE('',*,*,#3280,.F.);
#4274=ORIENTED_EDGE('',*,*,#3282,.F.);
#4275=ORIENTED_EDGE('',*,*,#3283,.T.);
#4276=ORIENTED_EDGE('',*,*,#3284,.F.);
#4277=ORIENTED_EDGE('',*,*,#3283,.F.);
#4278=ORIENTED_EDGE('',*,*,#3285,.F.);
#4279=ORIENTED_EDGE('',*,*,#3286,.T.);
#4280=ORIENTED_EDGE('',*,*,#3287,.F.);
#4281=ORIENTED_EDGE('',*,*,#3286,.F.);
#4282=ORIENTED_EDGE('',*,*,#3288,.F.);
#4283=ORIENTED_EDGE('',*,*,#3289,.T.);
#4284=ORIENTED_EDGE('',*,*,#3290,.F.);
#4285=ORIENTED_EDGE('',*,*,#3289,.F.);
#4286=ORIENTED_EDGE('',*,*,#3291,.F.);
#4287=ORIENTED_EDGE('',*,*,#3292,.T.);
#4288=ORIENTED_EDGE('',*,*,#3293,.F.);
#4289=ORIENTED_EDGE('',*,*,#3292,.F.);
#4290=ORIENTED_EDGE('',*,*,#3294,.F.);
#4291=ORIENTED_EDGE('',*,*,#3295,.T.);
#4292=ORIENTED_EDGE('',*,*,#3296,.F.);
#4293=ORIENTED_EDGE('',*,*,#3295,.F.);
#4294=ORIENTED_EDGE('',*,*,#3297,.F.);
#4295=ORIENTED_EDGE('',*,*,#3298,.T.);
#4296=ORIENTED_EDGE('',*,*,#3299,.F.);
#4297=ORIENTED_EDGE('',*,*,#3298,.F.);
#4298=ORIENTED_EDGE('',*,*,#3300,.F.);
#4299=ORIENTED_EDGE('',*,*,#3260,.T.);
#4300=ORIENTED_EDGE('',*,*,#3301,.F.);
#4301=ORIENTED_EDGE('',*,*,#3302,.F.);
#4302=ORIENTED_EDGE('',*,*,#3303,.F.);
#4303=ORIENTED_EDGE('',*,*,#3304,.T.);
#4304=ORIENTED_EDGE('',*,*,#3305,.F.);
#4305=ORIENTED_EDGE('',*,*,#3304,.F.);
#4306=ORIENTED_EDGE('',*,*,#3306,.F.);
#4307=ORIENTED_EDGE('',*,*,#3307,.T.);
#4308=ORIENTED_EDGE('',*,*,#3308,.F.);
#4309=ORIENTED_EDGE('',*,*,#3307,.F.);
#4310=ORIENTED_EDGE('',*,*,#3309,.F.);
#4311=ORIENTED_EDGE('',*,*,#3310,.T.);
#4312=ORIENTED_EDGE('',*,*,#3311,.F.);
#4313=ORIENTED_EDGE('',*,*,#3310,.F.);
#4314=ORIENTED_EDGE('',*,*,#3312,.F.);
#4315=ORIENTED_EDGE('',*,*,#3313,.T.);
#4316=ORIENTED_EDGE('',*,*,#3314,.F.);
#4317=ORIENTED_EDGE('',*,*,#3313,.F.);
#4318=ORIENTED_EDGE('',*,*,#3315,.F.);
#4319=ORIENTED_EDGE('',*,*,#3316,.T.);
#4320=ORIENTED_EDGE('',*,*,#3317,.F.);
#4321=ORIENTED_EDGE('',*,*,#3316,.F.);
#4322=ORIENTED_EDGE('',*,*,#3318,.F.);
#4323=ORIENTED_EDGE('',*,*,#3319,.T.);
#4324=ORIENTED_EDGE('',*,*,#3320,.F.);
#4325=ORIENTED_EDGE('',*,*,#3319,.F.);
#4326=ORIENTED_EDGE('',*,*,#3321,.F.);
#4327=ORIENTED_EDGE('',*,*,#3322,.T.);
#4328=ORIENTED_EDGE('',*,*,#3323,.F.);
#4329=ORIENTED_EDGE('',*,*,#3322,.F.);
#4330=ORIENTED_EDGE('',*,*,#3324,.F.);
#4331=ORIENTED_EDGE('',*,*,#3325,.T.);
#4332=ORIENTED_EDGE('',*,*,#3326,.F.);
#4333=ORIENTED_EDGE('',*,*,#3325,.F.);
#4334=ORIENTED_EDGE('',*,*,#3327,.F.);
#4335=ORIENTED_EDGE('',*,*,#3328,.T.);
#4336=ORIENTED_EDGE('',*,*,#3329,.F.);
#4337=ORIENTED_EDGE('',*,*,#3328,.F.);
#4338=ORIENTED_EDGE('',*,*,#3330,.F.);
#4339=ORIENTED_EDGE('',*,*,#3331,.T.);
#4340=ORIENTED_EDGE('',*,*,#3332,.F.);
#4341=ORIENTED_EDGE('',*,*,#3331,.F.);
#4342=ORIENTED_EDGE('',*,*,#3333,.F.);
#4343=ORIENTED_EDGE('',*,*,#3334,.T.);
#4344=ORIENTED_EDGE('',*,*,#3335,.F.);
#4345=ORIENTED_EDGE('',*,*,#3334,.F.);
#4346=ORIENTED_EDGE('',*,*,#3336,.F.);
#4347=ORIENTED_EDGE('',*,*,#3337,.T.);
#4348=ORIENTED_EDGE('',*,*,#3338,.F.);
#4349=ORIENTED_EDGE('',*,*,#3337,.F.);
#4350=ORIENTED_EDGE('',*,*,#3339,.F.);
#4351=ORIENTED_EDGE('',*,*,#3340,.T.);
#4352=ORIENTED_EDGE('',*,*,#3341,.F.);
#4353=ORIENTED_EDGE('',*,*,#3340,.F.);
#4354=ORIENTED_EDGE('',*,*,#3342,.F.);
#4355=ORIENTED_EDGE('',*,*,#3302,.T.);
#4356=ORIENTED_EDGE('',*,*,#3343,.F.);
#4357=ORIENTED_EDGE('',*,*,#3344,.F.);
#4358=ORIENTED_EDGE('',*,*,#3345,.F.);
#4359=ORIENTED_EDGE('',*,*,#3346,.T.);
#4360=ORIENTED_EDGE('',*,*,#3347,.F.);
#4361=ORIENTED_EDGE('',*,*,#3346,.F.);
#4362=ORIENTED_EDGE('',*,*,#3348,.F.);
#4363=ORIENTED_EDGE('',*,*,#3349,.T.);
#4364=ORIENTED_EDGE('',*,*,#3350,.F.);
#4365=ORIENTED_EDGE('',*,*,#3349,.F.);
#4366=ORIENTED_EDGE('',*,*,#3351,.F.);
#4367=ORIENTED_EDGE('',*,*,#3352,.T.);
#4368=ORIENTED_EDGE('',*,*,#3353,.F.);
#4369=ORIENTED_EDGE('',*,*,#3352,.F.);
#4370=ORIENTED_EDGE('',*,*,#3354,.F.);
#4371=ORIENTED_EDGE('',*,*,#3355,.T.);
#4372=ORIENTED_EDGE('',*,*,#3356,.F.);
#4373=ORIENTED_EDGE('',*,*,#3355,.F.);
#4374=ORIENTED_EDGE('',*,*,#3357,.F.);
#4375=ORIENTED_EDGE('',*,*,#3358,.T.);
#4376=ORIENTED_EDGE('',*,*,#3359,.F.);
#4377=ORIENTED_EDGE('',*,*,#3358,.F.);
#4378=ORIENTED_EDGE('',*,*,#3360,.F.);
#4379=ORIENTED_EDGE('',*,*,#3361,.T.);
#4380=ORIENTED_EDGE('',*,*,#3362,.F.);
#4381=ORIENTED_EDGE('',*,*,#3361,.F.);
#4382=ORIENTED_EDGE('',*,*,#3363,.F.);
#4383=ORIENTED_EDGE('',*,*,#3364,.T.);
#4384=ORIENTED_EDGE('',*,*,#3365,.F.);
#4385=ORIENTED_EDGE('',*,*,#3364,.F.);
#4386=ORIENTED_EDGE('',*,*,#3366,.F.);
#4387=ORIENTED_EDGE('',*,*,#3367,.T.);
#4388=ORIENTED_EDGE('',*,*,#3368,.F.);
#4389=ORIENTED_EDGE('',*,*,#3367,.F.);
#4390=ORIENTED_EDGE('',*,*,#3369,.F.);
#4391=ORIENTED_EDGE('',*,*,#3370,.T.);
#4392=ORIENTED_EDGE('',*,*,#3371,.F.);
#4393=ORIENTED_EDGE('',*,*,#3370,.F.);
#4394=ORIENTED_EDGE('',*,*,#3372,.F.);
#4395=ORIENTED_EDGE('',*,*,#3373,.T.);
#4396=ORIENTED_EDGE('',*,*,#3374,.F.);
#4397=ORIENTED_EDGE('',*,*,#3373,.F.);
#4398=ORIENTED_EDGE('',*,*,#3375,.F.);
#4399=ORIENTED_EDGE('',*,*,#3376,.T.);
#4400=ORIENTED_EDGE('',*,*,#3377,.F.);
#4401=ORIENTED_EDGE('',*,*,#3376,.F.);
#4402=ORIENTED_EDGE('',*,*,#3378,.F.);
#4403=ORIENTED_EDGE('',*,*,#3379,.T.);
#4404=ORIENTED_EDGE('',*,*,#3380,.F.);
#4405=ORIENTED_EDGE('',*,*,#3379,.F.);
#4406=ORIENTED_EDGE('',*,*,#3381,.F.);
#4407=ORIENTED_EDGE('',*,*,#3382,.T.);
#4408=ORIENTED_EDGE('',*,*,#3383,.F.);
#4409=ORIENTED_EDGE('',*,*,#3382,.F.);
#4410=ORIENTED_EDGE('',*,*,#3384,.F.);
#4411=ORIENTED_EDGE('',*,*,#3344,.T.);
#4412=ORIENTED_EDGE('',*,*,#3385,.F.);
#4413=ORIENTED_EDGE('',*,*,#3386,.F.);
#4414=ORIENTED_EDGE('',*,*,#3387,.F.);
#4415=ORIENTED_EDGE('',*,*,#3388,.T.);
#4416=ORIENTED_EDGE('',*,*,#3389,.F.);
#4417=ORIENTED_EDGE('',*,*,#3388,.F.);
#4418=ORIENTED_EDGE('',*,*,#3390,.F.);
#4419=ORIENTED_EDGE('',*,*,#3391,.T.);
#4420=ORIENTED_EDGE('',*,*,#3392,.F.);
#4421=ORIENTED_EDGE('',*,*,#3391,.F.);
#4422=ORIENTED_EDGE('',*,*,#3393,.F.);
#4423=ORIENTED_EDGE('',*,*,#3394,.T.);
#4424=ORIENTED_EDGE('',*,*,#3395,.F.);
#4425=ORIENTED_EDGE('',*,*,#3394,.F.);
#4426=ORIENTED_EDGE('',*,*,#3396,.F.);
#4427=ORIENTED_EDGE('',*,*,#3397,.T.);
#4428=ORIENTED_EDGE('',*,*,#3398,.F.);
#4429=ORIENTED_EDGE('',*,*,#3397,.F.);
#4430=ORIENTED_EDGE('',*,*,#3399,.F.);
#4431=ORIENTED_EDGE('',*,*,#3400,.T.);
#4432=ORIENTED_EDGE('',*,*,#3401,.F.);
#4433=ORIENTED_EDGE('',*,*,#3400,.F.);
#4434=ORIENTED_EDGE('',*,*,#3402,.F.);
#4435=ORIENTED_EDGE('',*,*,#3403,.T.);
#4436=ORIENTED_EDGE('',*,*,#3404,.F.);
#4437=ORIENTED_EDGE('',*,*,#3403,.F.);
#4438=ORIENTED_EDGE('',*,*,#3405,.F.);
#4439=ORIENTED_EDGE('',*,*,#3406,.T.);
#4440=ORIENTED_EDGE('',*,*,#3407,.F.);
#4441=ORIENTED_EDGE('',*,*,#3406,.F.);
#4442=ORIENTED_EDGE('',*,*,#3408,.F.);
#4443=ORIENTED_EDGE('',*,*,#3409,.T.);
#4444=ORIENTED_EDGE('',*,*,#3410,.F.);
#4445=ORIENTED_EDGE('',*,*,#3409,.F.);
#4446=ORIENTED_EDGE('',*,*,#3411,.F.);
#4447=ORIENTED_EDGE('',*,*,#3412,.T.);
#4448=ORIENTED_EDGE('',*,*,#3413,.F.);
#4449=ORIENTED_EDGE('',*,*,#3412,.F.);
#4450=ORIENTED_EDGE('',*,*,#3414,.F.);
#4451=ORIENTED_EDGE('',*,*,#3415,.T.);
#4452=ORIENTED_EDGE('',*,*,#3416,.F.);
#4453=ORIENTED_EDGE('',*,*,#3415,.F.);
#4454=ORIENTED_EDGE('',*,*,#3417,.F.);
#4455=ORIENTED_EDGE('',*,*,#3418,.T.);
#4456=ORIENTED_EDGE('',*,*,#3419,.F.);
#4457=ORIENTED_EDGE('',*,*,#3418,.F.);
#4458=ORIENTED_EDGE('',*,*,#3420,.F.);
#4459=ORIENTED_EDGE('',*,*,#3421,.T.);
#4460=ORIENTED_EDGE('',*,*,#3422,.F.);
#4461=ORIENTED_EDGE('',*,*,#3421,.F.);
#4462=ORIENTED_EDGE('',*,*,#3423,.F.);
#4463=ORIENTED_EDGE('',*,*,#3424,.T.);
#4464=ORIENTED_EDGE('',*,*,#3425,.F.);
#4465=ORIENTED_EDGE('',*,*,#3424,.F.);
#4466=ORIENTED_EDGE('',*,*,#3426,.F.);
#4467=ORIENTED_EDGE('',*,*,#3386,.T.);
#4468=ORIENTED_EDGE('',*,*,#3427,.F.);
#4469=ORIENTED_EDGE('',*,*,#3428,.F.);
#4470=ORIENTED_EDGE('',*,*,#3429,.F.);
#4471=ORIENTED_EDGE('',*,*,#3430,.T.);
#4472=ORIENTED_EDGE('',*,*,#3431,.F.);
#4473=ORIENTED_EDGE('',*,*,#3430,.F.);
#4474=ORIENTED_EDGE('',*,*,#3432,.F.);
#4475=ORIENTED_EDGE('',*,*,#3433,.T.);
#4476=ORIENTED_EDGE('',*,*,#3434,.F.);
#4477=ORIENTED_EDGE('',*,*,#3433,.F.);
#4478=ORIENTED_EDGE('',*,*,#3435,.F.);
#4479=ORIENTED_EDGE('',*,*,#3436,.T.);
#4480=ORIENTED_EDGE('',*,*,#3437,.F.);
#4481=ORIENTED_EDGE('',*,*,#3436,.F.);
#4482=ORIENTED_EDGE('',*,*,#3438,.F.);
#4483=ORIENTED_EDGE('',*,*,#3439,.T.);
#4484=ORIENTED_EDGE('',*,*,#3440,.F.);
#4485=ORIENTED_EDGE('',*,*,#3439,.F.);
#4486=ORIENTED_EDGE('',*,*,#3441,.F.);
#4487=ORIENTED_EDGE('',*,*,#3442,.T.);
#4488=ORIENTED_EDGE('',*,*,#3443,.F.);
#4489=ORIENTED_EDGE('',*,*,#3442,.F.);
#4490=ORIENTED_EDGE('',*,*,#3444,.F.);
#4491=ORIENTED_EDGE('',*,*,#3445,.T.);
#4492=ORIENTED_EDGE('',*,*,#3446,.F.);
#4493=ORIENTED_EDGE('',*,*,#3445,.F.);
#4494=ORIENTED_EDGE('',*,*,#3447,.F.);
#4495=ORIENTED_EDGE('',*,*,#3448,.T.);
#4496=ORIENTED_EDGE('',*,*,#3449,.F.);
#4497=ORIENTED_EDGE('',*,*,#3448,.F.);
#4498=ORIENTED_EDGE('',*,*,#3450,.F.);
#4499=ORIENTED_EDGE('',*,*,#3451,.T.);
#4500=ORIENTED_EDGE('',*,*,#3452,.F.);
#4501=ORIENTED_EDGE('',*,*,#3451,.F.);
#4502=ORIENTED_EDGE('',*,*,#3453,.F.);
#4503=ORIENTED_EDGE('',*,*,#3454,.T.);
#4504=ORIENTED_EDGE('',*,*,#3455,.F.);
#4505=ORIENTED_EDGE('',*,*,#3454,.F.);
#4506=ORIENTED_EDGE('',*,*,#3456,.F.);
#4507=ORIENTED_EDGE('',*,*,#3457,.T.);
#4508=ORIENTED_EDGE('',*,*,#3458,.F.);
#4509=ORIENTED_EDGE('',*,*,#3457,.F.);
#4510=ORIENTED_EDGE('',*,*,#3459,.F.);
#4511=ORIENTED_EDGE('',*,*,#3460,.T.);
#4512=ORIENTED_EDGE('',*,*,#3461,.F.);
#4513=ORIENTED_EDGE('',*,*,#3460,.F.);
#4514=ORIENTED_EDGE('',*,*,#3462,.F.);
#4515=ORIENTED_EDGE('',*,*,#3463,.T.);
#4516=ORIENTED_EDGE('',*,*,#3464,.F.);
#4517=ORIENTED_EDGE('',*,*,#3463,.F.);
#4518=ORIENTED_EDGE('',*,*,#3465,.F.);
#4519=ORIENTED_EDGE('',*,*,#3466,.T.);
#4520=ORIENTED_EDGE('',*,*,#3467,.F.);
#4521=ORIENTED_EDGE('',*,*,#3466,.F.);
#4522=ORIENTED_EDGE('',*,*,#3468,.F.);
#4523=ORIENTED_EDGE('',*,*,#3428,.T.);
#4524=ORIENTED_EDGE('',*,*,#3469,.F.);
#4525=ORIENTED_EDGE('',*,*,#3470,.F.);
#4526=ORIENTED_EDGE('',*,*,#3471,.F.);
#4527=ORIENTED_EDGE('',*,*,#3472,.T.);
#4528=ORIENTED_EDGE('',*,*,#3473,.F.);
#4529=ORIENTED_EDGE('',*,*,#3472,.F.);
#4530=ORIENTED_EDGE('',*,*,#3474,.F.);
#4531=ORIENTED_EDGE('',*,*,#3475,.T.);
#4532=ORIENTED_EDGE('',*,*,#3476,.F.);
#4533=ORIENTED_EDGE('',*,*,#3475,.F.);
#4534=ORIENTED_EDGE('',*,*,#3477,.F.);
#4535=ORIENTED_EDGE('',*,*,#3478,.T.);
#4536=ORIENTED_EDGE('',*,*,#3479,.F.);
#4537=ORIENTED_EDGE('',*,*,#3478,.F.);
#4538=ORIENTED_EDGE('',*,*,#3480,.F.);
#4539=ORIENTED_EDGE('',*,*,#3481,.T.);
#4540=ORIENTED_EDGE('',*,*,#3482,.F.);
#4541=ORIENTED_EDGE('',*,*,#3481,.F.);
#4542=ORIENTED_EDGE('',*,*,#3483,.F.);
#4543=ORIENTED_EDGE('',*,*,#3484,.T.);
#4544=ORIENTED_EDGE('',*,*,#3485,.F.);
#4545=ORIENTED_EDGE('',*,*,#3484,.F.);
#4546=ORIENTED_EDGE('',*,*,#3486,.F.);
#4547=ORIENTED_EDGE('',*,*,#3487,.T.);
#4548=ORIENTED_EDGE('',*,*,#3488,.F.);
#4549=ORIENTED_EDGE('',*,*,#3487,.F.);
#4550=ORIENTED_EDGE('',*,*,#3489,.F.);
#4551=ORIENTED_EDGE('',*,*,#3490,.T.);
#4552=ORIENTED_EDGE('',*,*,#3491,.F.);
#4553=ORIENTED_EDGE('',*,*,#3490,.F.);
#4554=ORIENTED_EDGE('',*,*,#3492,.F.);
#4555=ORIENTED_EDGE('',*,*,#3493,.T.);
#4556=ORIENTED_EDGE('',*,*,#3494,.F.);
#4557=ORIENTED_EDGE('',*,*,#3493,.F.);
#4558=ORIENTED_EDGE('',*,*,#3495,.F.);
#4559=ORIENTED_EDGE('',*,*,#3496,.T.);
#4560=ORIENTED_EDGE('',*,*,#3497,.F.);
#4561=ORIENTED_EDGE('',*,*,#3496,.F.);
#4562=ORIENTED_EDGE('',*,*,#3498,.F.);
#4563=ORIENTED_EDGE('',*,*,#3499,.T.);
#4564=ORIENTED_EDGE('',*,*,#3500,.F.);
#4565=ORIENTED_EDGE('',*,*,#3499,.F.);
#4566=ORIENTED_EDGE('',*,*,#3501,.F.);
#4567=ORIENTED_EDGE('',*,*,#3502,.T.);
#4568=ORIENTED_EDGE('',*,*,#3503,.F.);
#4569=ORIENTED_EDGE('',*,*,#3502,.F.);
#4570=ORIENTED_EDGE('',*,*,#3504,.F.);
#4571=ORIENTED_EDGE('',*,*,#3505,.T.);
#4572=ORIENTED_EDGE('',*,*,#3506,.F.);
#4573=ORIENTED_EDGE('',*,*,#3505,.F.);
#4574=ORIENTED_EDGE('',*,*,#3507,.F.);
#4575=ORIENTED_EDGE('',*,*,#3508,.T.);
#4576=ORIENTED_EDGE('',*,*,#3509,.F.);
#4577=ORIENTED_EDGE('',*,*,#3508,.F.);
#4578=ORIENTED_EDGE('',*,*,#3510,.F.);
#4579=ORIENTED_EDGE('',*,*,#3470,.T.);
#4580=ORIENTED_EDGE('',*,*,#3511,.F.);
#4581=ORIENTED_EDGE('',*,*,#3512,.F.);
#4582=ORIENTED_EDGE('',*,*,#3513,.F.);
#4583=ORIENTED_EDGE('',*,*,#3514,.T.);
#4584=ORIENTED_EDGE('',*,*,#3515,.F.);
#4585=ORIENTED_EDGE('',*,*,#3514,.F.);
#4586=ORIENTED_EDGE('',*,*,#3516,.F.);
#4587=ORIENTED_EDGE('',*,*,#3517,.T.);
#4588=ORIENTED_EDGE('',*,*,#3518,.F.);
#4589=ORIENTED_EDGE('',*,*,#3517,.F.);
#4590=ORIENTED_EDGE('',*,*,#3519,.F.);
#4591=ORIENTED_EDGE('',*,*,#3520,.T.);
#4592=ORIENTED_EDGE('',*,*,#3521,.F.);
#4593=ORIENTED_EDGE('',*,*,#3520,.F.);
#4594=ORIENTED_EDGE('',*,*,#3522,.F.);
#4595=ORIENTED_EDGE('',*,*,#3523,.T.);
#4596=ORIENTED_EDGE('',*,*,#3524,.F.);
#4597=ORIENTED_EDGE('',*,*,#3523,.F.);
#4598=ORIENTED_EDGE('',*,*,#3525,.F.);
#4599=ORIENTED_EDGE('',*,*,#3526,.T.);
#4600=ORIENTED_EDGE('',*,*,#3527,.F.);
#4601=ORIENTED_EDGE('',*,*,#3526,.F.);
#4602=ORIENTED_EDGE('',*,*,#3528,.F.);
#4603=ORIENTED_EDGE('',*,*,#3529,.T.);
#4604=ORIENTED_EDGE('',*,*,#3530,.F.);
#4605=ORIENTED_EDGE('',*,*,#3529,.F.);
#4606=ORIENTED_EDGE('',*,*,#3531,.F.);
#4607=ORIENTED_EDGE('',*,*,#3532,.T.);
#4608=ORIENTED_EDGE('',*,*,#3533,.F.);
#4609=ORIENTED_EDGE('',*,*,#3532,.F.);
#4610=ORIENTED_EDGE('',*,*,#3534,.F.);
#4611=ORIENTED_EDGE('',*,*,#3535,.T.);
#4612=ORIENTED_EDGE('',*,*,#3536,.F.);
#4613=ORIENTED_EDGE('',*,*,#3535,.F.);
#4614=ORIENTED_EDGE('',*,*,#3537,.F.);
#4615=ORIENTED_EDGE('',*,*,#3538,.T.);
#4616=ORIENTED_EDGE('',*,*,#3539,.F.);
#4617=ORIENTED_EDGE('',*,*,#3538,.F.);
#4618=ORIENTED_EDGE('',*,*,#3540,.F.);
#4619=ORIENTED_EDGE('',*,*,#3541,.T.);
#4620=ORIENTED_EDGE('',*,*,#3542,.F.);
#4621=ORIENTED_EDGE('',*,*,#3541,.F.);
#4622=ORIENTED_EDGE('',*,*,#3543,.F.);
#4623=ORIENTED_EDGE('',*,*,#3544,.T.);
#4624=ORIENTED_EDGE('',*,*,#3545,.F.);
#4625=ORIENTED_EDGE('',*,*,#3544,.F.);
#4626=ORIENTED_EDGE('',*,*,#3546,.F.);
#4627=ORIENTED_EDGE('',*,*,#3547,.T.);
#4628=ORIENTED_EDGE('',*,*,#3548,.F.);
#4629=ORIENTED_EDGE('',*,*,#3547,.F.);
#4630=ORIENTED_EDGE('',*,*,#3549,.F.);
#4631=ORIENTED_EDGE('',*,*,#3550,.T.);
#4632=ORIENTED_EDGE('',*,*,#3551,.F.);
#4633=ORIENTED_EDGE('',*,*,#3550,.F.);
#4634=ORIENTED_EDGE('',*,*,#3552,.F.);
#4635=ORIENTED_EDGE('',*,*,#3512,.T.);
#4636=ORIENTED_EDGE('',*,*,#3553,.T.);
#4637=ORIENTED_EDGE('',*,*,#3554,.T.);
#4638=ORIENTED_EDGE('',*,*,#3555,.T.);
#4639=ORIENTED_EDGE('',*,*,#3556,.T.);
#4640=ORIENTED_EDGE('',*,*,#3553,.F.);
#4641=ORIENTED_EDGE('',*,*,#3557,.T.);
#4642=ORIENTED_EDGE('',*,*,#3558,.F.);
#4643=ORIENTED_EDGE('',*,*,#3559,.T.);
#4644=ORIENTED_EDGE('',*,*,#3560,.F.);
#4645=ORIENTED_EDGE('',*,*,#3561,.T.);
#4646=ORIENTED_EDGE('',*,*,#3562,.F.);
#4647=ORIENTED_EDGE('',*,*,#3563,.T.);
#4648=ORIENTED_EDGE('',*,*,#3564,.F.);
#4649=ORIENTED_EDGE('',*,*,#3565,.T.);
#4650=ORIENTED_EDGE('',*,*,#3566,.F.);
#4651=ORIENTED_EDGE('',*,*,#3567,.T.);
#4652=ORIENTED_EDGE('',*,*,#3568,.F.);
#4653=ORIENTED_EDGE('',*,*,#3569,.T.);
#4654=ORIENTED_EDGE('',*,*,#3570,.F.);
#4655=ORIENTED_EDGE('',*,*,#3571,.T.);
#4656=ORIENTED_EDGE('',*,*,#3572,.F.);
#4657=ORIENTED_EDGE('',*,*,#3573,.T.);
#4658=ORIENTED_EDGE('',*,*,#3574,.F.);
#4659=ORIENTED_EDGE('',*,*,#3575,.T.);
#4660=ORIENTED_EDGE('',*,*,#3576,.F.);
#4661=ORIENTED_EDGE('',*,*,#3577,.T.);
#4662=ORIENTED_EDGE('',*,*,#3169,.T.);
#4663=ORIENTED_EDGE('',*,*,#3172,.T.);
#4664=ORIENTED_EDGE('',*,*,#3175,.T.);
#4665=ORIENTED_EDGE('',*,*,#3178,.T.);
#4666=ORIENTED_EDGE('',*,*,#3181,.T.);
#4667=ORIENTED_EDGE('',*,*,#3184,.T.);
#4668=ORIENTED_EDGE('',*,*,#3187,.T.);
#4669=ORIENTED_EDGE('',*,*,#3190,.T.);
#4670=ORIENTED_EDGE('',*,*,#3193,.T.);
#4671=ORIENTED_EDGE('',*,*,#3196,.T.);
#4672=ORIENTED_EDGE('',*,*,#3199,.T.);
#4673=ORIENTED_EDGE('',*,*,#3202,.T.);
#4674=ORIENTED_EDGE('',*,*,#3205,.T.);
#4675=ORIENTED_EDGE('',*,*,#3208,.T.);
#4676=ORIENTED_EDGE('',*,*,#3211,.T.);
#4677=ORIENTED_EDGE('',*,*,#3214,.T.);
#4678=ORIENTED_EDGE('',*,*,#3217,.T.);
#4679=ORIENTED_EDGE('',*,*,#3221,.T.);
#4680=ORIENTED_EDGE('',*,*,#3224,.T.);
#4681=ORIENTED_EDGE('',*,*,#3227,.T.);
#4682=ORIENTED_EDGE('',*,*,#3230,.T.);
#4683=ORIENTED_EDGE('',*,*,#3233,.T.);
#4684=ORIENTED_EDGE('',*,*,#3236,.T.);
#4685=ORIENTED_EDGE('',*,*,#3239,.T.);
#4686=ORIENTED_EDGE('',*,*,#3242,.T.);
#4687=ORIENTED_EDGE('',*,*,#3245,.T.);
#4688=ORIENTED_EDGE('',*,*,#3248,.T.);
#4689=ORIENTED_EDGE('',*,*,#3251,.T.);
#4690=ORIENTED_EDGE('',*,*,#3254,.T.);
#4691=ORIENTED_EDGE('',*,*,#3257,.T.);
#4692=ORIENTED_EDGE('',*,*,#3259,.T.);
#4693=ORIENTED_EDGE('',*,*,#3263,.T.);
#4694=ORIENTED_EDGE('',*,*,#3266,.T.);
#4695=ORIENTED_EDGE('',*,*,#3269,.T.);
#4696=ORIENTED_EDGE('',*,*,#3272,.T.);
#4697=ORIENTED_EDGE('',*,*,#3275,.T.);
#4698=ORIENTED_EDGE('',*,*,#3278,.T.);
#4699=ORIENTED_EDGE('',*,*,#3281,.T.);
#4700=ORIENTED_EDGE('',*,*,#3284,.T.);
#4701=ORIENTED_EDGE('',*,*,#3287,.T.);
#4702=ORIENTED_EDGE('',*,*,#3290,.T.);
#4703=ORIENTED_EDGE('',*,*,#3293,.T.);
#4704=ORIENTED_EDGE('',*,*,#3296,.T.);
#4705=ORIENTED_EDGE('',*,*,#3299,.T.);
#4706=ORIENTED_EDGE('',*,*,#3301,.T.);
#4707=ORIENTED_EDGE('',*,*,#3305,.T.);
#4708=ORIENTED_EDGE('',*,*,#3308,.T.);
#4709=ORIENTED_EDGE('',*,*,#3311,.T.);
#4710=ORIENTED_EDGE('',*,*,#3314,.T.);
#4711=ORIENTED_EDGE('',*,*,#3317,.T.);
#4712=ORIENTED_EDGE('',*,*,#3320,.T.);
#4713=ORIENTED_EDGE('',*,*,#3323,.T.);
#4714=ORIENTED_EDGE('',*,*,#3326,.T.);
#4715=ORIENTED_EDGE('',*,*,#3329,.T.);
#4716=ORIENTED_EDGE('',*,*,#3332,.T.);
#4717=ORIENTED_EDGE('',*,*,#3335,.T.);
#4718=ORIENTED_EDGE('',*,*,#3338,.T.);
#4719=ORIENTED_EDGE('',*,*,#3341,.T.);
#4720=ORIENTED_EDGE('',*,*,#3343,.T.);
#4721=ORIENTED_EDGE('',*,*,#3347,.T.);
#4722=ORIENTED_EDGE('',*,*,#3350,.T.);
#4723=ORIENTED_EDGE('',*,*,#3353,.T.);
#4724=ORIENTED_EDGE('',*,*,#3356,.T.);
#4725=ORIENTED_EDGE('',*,*,#3359,.T.);
#4726=ORIENTED_EDGE('',*,*,#3362,.T.);
#4727=ORIENTED_EDGE('',*,*,#3365,.T.);
#4728=ORIENTED_EDGE('',*,*,#3368,.T.);
#4729=ORIENTED_EDGE('',*,*,#3371,.T.);
#4730=ORIENTED_EDGE('',*,*,#3374,.T.);
#4731=ORIENTED_EDGE('',*,*,#3377,.T.);
#4732=ORIENTED_EDGE('',*,*,#3380,.T.);
#4733=ORIENTED_EDGE('',*,*,#3383,.T.);
#4734=ORIENTED_EDGE('',*,*,#3385,.T.);
#4735=ORIENTED_EDGE('',*,*,#3389,.T.);
#4736=ORIENTED_EDGE('',*,*,#3392,.T.);
#4737=ORIENTED_EDGE('',*,*,#3395,.T.);
#4738=ORIENTED_EDGE('',*,*,#3398,.T.);
#4739=ORIENTED_EDGE('',*,*,#3401,.T.);
#4740=ORIENTED_EDGE('',*,*,#3404,.T.);
#4741=ORIENTED_EDGE('',*,*,#3407,.T.);
#4742=ORIENTED_EDGE('',*,*,#3410,.T.);
#4743=ORIENTED_EDGE('',*,*,#3413,.T.);
#4744=ORIENTED_EDGE('',*,*,#3416,.T.);
#4745=ORIENTED_EDGE('',*,*,#3419,.T.);
#4746=ORIENTED_EDGE('',*,*,#3422,.T.);
#4747=ORIENTED_EDGE('',*,*,#3425,.T.);
#4748=ORIENTED_EDGE('',*,*,#3427,.T.);
#4749=ORIENTED_EDGE('',*,*,#3431,.T.);
#4750=ORIENTED_EDGE('',*,*,#3434,.T.);
#4751=ORIENTED_EDGE('',*,*,#3437,.T.);
#4752=ORIENTED_EDGE('',*,*,#3440,.T.);
#4753=ORIENTED_EDGE('',*,*,#3443,.T.);
#4754=ORIENTED_EDGE('',*,*,#3446,.T.);
#4755=ORIENTED_EDGE('',*,*,#3449,.T.);
#4756=ORIENTED_EDGE('',*,*,#3452,.T.);
#4757=ORIENTED_EDGE('',*,*,#3455,.T.);
#4758=ORIENTED_EDGE('',*,*,#3458,.T.);
#4759=ORIENTED_EDGE('',*,*,#3461,.T.);
#4760=ORIENTED_EDGE('',*,*,#3464,.T.);
#4761=ORIENTED_EDGE('',*,*,#3467,.T.);
#4762=ORIENTED_EDGE('',*,*,#3469,.T.);
#4763=ORIENTED_EDGE('',*,*,#3473,.T.);
#4764=ORIENTED_EDGE('',*,*,#3476,.T.);
#4765=ORIENTED_EDGE('',*,*,#3479,.T.);
#4766=ORIENTED_EDGE('',*,*,#3482,.T.);
#4767=ORIENTED_EDGE('',*,*,#3485,.T.);
#4768=ORIENTED_EDGE('',*,*,#3488,.T.);
#4769=ORIENTED_EDGE('',*,*,#3491,.T.);
#4770=ORIENTED_EDGE('',*,*,#3494,.T.);
#4771=ORIENTED_EDGE('',*,*,#3497,.T.);
#4772=ORIENTED_EDGE('',*,*,#3500,.T.);
#4773=ORIENTED_EDGE('',*,*,#3503,.T.);
#4774=ORIENTED_EDGE('',*,*,#3506,.T.);
#4775=ORIENTED_EDGE('',*,*,#3509,.T.);
#4776=ORIENTED_EDGE('',*,*,#3533,.T.);
#4777=ORIENTED_EDGE('',*,*,#3536,.T.);
#4778=ORIENTED_EDGE('',*,*,#3539,.T.);
#4779=ORIENTED_EDGE('',*,*,#3542,.T.);
#4780=ORIENTED_EDGE('',*,*,#3545,.T.);
#4781=ORIENTED_EDGE('',*,*,#3548,.T.);
#4782=ORIENTED_EDGE('',*,*,#3551,.T.);
#4783=ORIENTED_EDGE('',*,*,#3511,.T.);
#4784=ORIENTED_EDGE('',*,*,#3515,.T.);
#4785=ORIENTED_EDGE('',*,*,#3518,.T.);
#4786=ORIENTED_EDGE('',*,*,#3521,.T.);
#4787=ORIENTED_EDGE('',*,*,#3524,.T.);
#4788=ORIENTED_EDGE('',*,*,#3527,.T.);
#4789=ORIENTED_EDGE('',*,*,#3530,.T.);
#4790=ORIENTED_EDGE('',*,*,#3578,.F.);
#4791=ORIENTED_EDGE('',*,*,#3579,.T.);
#4792=ORIENTED_EDGE('',*,*,#3580,.T.);
#4793=ORIENTED_EDGE('',*,*,#3581,.T.);
#4794=ORIENTED_EDGE('',*,*,#3582,.T.);
#4795=ORIENTED_EDGE('',*,*,#3583,.T.);
#4796=ORIENTED_EDGE('',*,*,#3584,.T.);
#4797=ORIENTED_EDGE('',*,*,#3585,.T.);
#4798=ORIENTED_EDGE('',*,*,#3586,.T.);
#4799=ORIENTED_EDGE('',*,*,#3587,.T.);
#4800=ORIENTED_EDGE('',*,*,#3588,.T.);
#4801=ORIENTED_EDGE('',*,*,#3589,.T.);
#4802=ORIENTED_EDGE('',*,*,#3590,.T.);
#4803=ORIENTED_EDGE('',*,*,#3591,.T.);
#4804=ORIENTED_EDGE('',*,*,#3592,.T.);
#4805=ORIENTED_EDGE('',*,*,#3593,.T.);
#4806=ORIENTED_EDGE('',*,*,#3594,.T.);
#4807=ORIENTED_EDGE('',*,*,#3595,.T.);
#4808=ORIENTED_EDGE('',*,*,#3596,.T.);
#4809=ORIENTED_EDGE('',*,*,#3597,.T.);
#4810=ORIENTED_EDGE('',*,*,#3598,.T.);
#4811=ORIENTED_EDGE('',*,*,#3599,.T.);
#4812=ORIENTED_EDGE('',*,*,#3556,.F.);
#4813=ORIENTED_EDGE('',*,*,#3600,.F.);
#4814=ORIENTED_EDGE('',*,*,#3601,.F.);
#4815=ORIENTED_EDGE('',*,*,#3557,.F.);
#4816=ORIENTED_EDGE('',*,*,#3558,.T.);
#4817=ORIENTED_EDGE('',*,*,#3601,.T.);
#4818=ORIENTED_EDGE('',*,*,#3602,.T.);
#4819=ORIENTED_EDGE('',*,*,#3603,.T.);
#4820=ORIENTED_EDGE('',*,*,#3604,.T.);
#4821=ORIENTED_EDGE('',*,*,#3605,.T.);
#4822=ORIENTED_EDGE('',*,*,#3560,.T.);
#4823=ORIENTED_EDGE('',*,*,#3606,.T.);
#4824=ORIENTED_EDGE('',*,*,#3605,.F.);
#4825=ORIENTED_EDGE('',*,*,#3607,.F.);
#4826=ORIENTED_EDGE('',*,*,#3608,.F.);
#4827=ORIENTED_EDGE('',*,*,#3561,.F.);
#4828=ORIENTED_EDGE('',*,*,#3564,.T.);
#4829=ORIENTED_EDGE('',*,*,#3609,.T.);
#4830=ORIENTED_EDGE('',*,*,#3610,.T.);
#4831=ORIENTED_EDGE('',*,*,#3611,.T.);
#4832=ORIENTED_EDGE('',*,*,#3611,.F.);
#4833=ORIENTED_EDGE('',*,*,#3612,.F.);
#4834=ORIENTED_EDGE('',*,*,#3613,.F.);
#4835=ORIENTED_EDGE('',*,*,#3565,.F.);
#4836=ORIENTED_EDGE('',*,*,#3614,.T.);
#4837=ORIENTED_EDGE('',*,*,#3615,.T.);
#4838=ORIENTED_EDGE('',*,*,#3562,.T.);
#4839=ORIENTED_EDGE('',*,*,#3608,.T.);
#4840=ORIENTED_EDGE('',*,*,#3609,.F.);
#4841=ORIENTED_EDGE('',*,*,#3563,.F.);
#4842=ORIENTED_EDGE('',*,*,#3615,.F.);
#4843=ORIENTED_EDGE('',*,*,#3616,.F.);
#4844=ORIENTED_EDGE('',*,*,#3566,.T.);
#4845=ORIENTED_EDGE('',*,*,#3613,.T.);
#4846=ORIENTED_EDGE('',*,*,#3617,.T.);
#4847=ORIENTED_EDGE('',*,*,#3618,.T.);
#4848=ORIENTED_EDGE('',*,*,#3619,.T.);
#4849=ORIENTED_EDGE('',*,*,#3620,.T.);
#4850=ORIENTED_EDGE('',*,*,#3568,.T.);
#4851=ORIENTED_EDGE('',*,*,#3621,.T.);
#4852=ORIENTED_EDGE('',*,*,#3620,.F.);
#4853=ORIENTED_EDGE('',*,*,#3622,.F.);
#4854=ORIENTED_EDGE('',*,*,#3623,.F.);
#4855=ORIENTED_EDGE('',*,*,#3569,.F.);
#4856=ORIENTED_EDGE('',*,*,#3624,.T.);
#4857=ORIENTED_EDGE('',*,*,#3625,.T.);
#4858=ORIENTED_EDGE('',*,*,#3570,.T.);
#4859=ORIENTED_EDGE('',*,*,#3623,.T.);
#4860=ORIENTED_EDGE('',*,*,#3625,.F.);
#4861=ORIENTED_EDGE('',*,*,#3626,.F.);
#4862=ORIENTED_EDGE('',*,*,#3627,.F.);
#4863=ORIENTED_EDGE('',*,*,#3571,.F.);
#4864=ORIENTED_EDGE('',*,*,#3572,.T.);
#4865=ORIENTED_EDGE('',*,*,#3627,.T.);
#4866=ORIENTED_EDGE('',*,*,#3628,.T.);
#4867=ORIENTED_EDGE('',*,*,#3629,.T.);
#4868=ORIENTED_EDGE('',*,*,#3629,.F.);
#4869=ORIENTED_EDGE('',*,*,#3630,.F.);
#4870=ORIENTED_EDGE('',*,*,#3631,.F.);
#4871=ORIENTED_EDGE('',*,*,#3573,.F.);
#4872=ORIENTED_EDGE('',*,*,#3574,.T.);
#4873=ORIENTED_EDGE('',*,*,#3631,.T.);
#4874=ORIENTED_EDGE('',*,*,#3632,.T.);
#4875=ORIENTED_EDGE('',*,*,#3633,.T.);
#4876=ORIENTED_EDGE('',*,*,#3603,.F.);
#4877=ORIENTED_EDGE('',*,*,#3634,.F.);
#4878=ORIENTED_EDGE('',*,*,#3606,.F.);
#4879=ORIENTED_EDGE('',*,*,#3559,.F.);
#4880=ORIENTED_EDGE('',*,*,#3554,.F.);
#4881=ORIENTED_EDGE('',*,*,#3577,.F.);
#4882=ORIENTED_EDGE('',*,*,#3635,.T.);
#4883=ORIENTED_EDGE('',*,*,#3636,.F.);
#4884=ORIENTED_EDGE('',*,*,#3618,.F.);
#4885=ORIENTED_EDGE('',*,*,#3637,.F.);
#4886=ORIENTED_EDGE('',*,*,#3621,.F.);
#4887=ORIENTED_EDGE('',*,*,#3567,.F.);
#4888=ORIENTED_EDGE('',*,*,#3633,.F.);
#4889=ORIENTED_EDGE('',*,*,#3638,.F.);
#4890=ORIENTED_EDGE('',*,*,#3639,.F.);
#4891=ORIENTED_EDGE('',*,*,#3575,.F.);
#4892=ORIENTED_EDGE('',*,*,#3635,.F.);
#4893=ORIENTED_EDGE('',*,*,#3576,.T.);
#4894=ORIENTED_EDGE('',*,*,#3639,.T.);
#4895=ORIENTED_EDGE('',*,*,#3640,.F.);
#4896=ORIENTED_EDGE('',*,*,#3641,.F.);
#4897=ORIENTED_EDGE('',*,*,#3642,.T.);
#4898=ORIENTED_EDGE('',*,*,#3643,.T.);
#4899=ORIENTED_EDGE('',*,*,#3642,.F.);
#4900=ORIENTED_EDGE('',*,*,#3643,.F.);
#4901=ORIENTED_EDGE('',*,*,#3644,.F.);
#4902=ORIENTED_EDGE('',*,*,#3645,.T.);
#4903=ORIENTED_EDGE('',*,*,#3646,.T.);
#4904=ORIENTED_EDGE('',*,*,#3645,.F.);
#4905=ORIENTED_EDGE('',*,*,#3646,.F.);
#4906=ORIENTED_EDGE('',*,*,#3647,.F.);
#4907=ORIENTED_EDGE('',*,*,#3648,.T.);
#4908=ORIENTED_EDGE('',*,*,#3649,.T.);
#4909=ORIENTED_EDGE('',*,*,#3648,.F.);
#4910=ORIENTED_EDGE('',*,*,#3649,.F.);
#4911=ORIENTED_EDGE('',*,*,#3650,.F.);
#4912=ORIENTED_EDGE('',*,*,#3651,.T.);
#4913=ORIENTED_EDGE('',*,*,#3652,.T.);
#4914=ORIENTED_EDGE('',*,*,#3651,.F.);
#4915=ORIENTED_EDGE('',*,*,#3652,.F.);
#4916=ORIENTED_EDGE('',*,*,#3653,.F.);
#4917=ORIENTED_EDGE('',*,*,#3654,.T.);
#4918=ORIENTED_EDGE('',*,*,#3655,.T.);
#4919=ORIENTED_EDGE('',*,*,#3654,.F.);
#4920=ORIENTED_EDGE('',*,*,#3655,.F.);
#4921=ORIENTED_EDGE('',*,*,#3656,.F.);
#4922=ORIENTED_EDGE('',*,*,#3657,.T.);
#4923=ORIENTED_EDGE('',*,*,#3658,.T.);
#4924=ORIENTED_EDGE('',*,*,#3657,.F.);
#4925=ORIENTED_EDGE('',*,*,#3658,.F.);
#4926=ORIENTED_EDGE('',*,*,#3659,.F.);
#4927=ORIENTED_EDGE('',*,*,#3660,.T.);
#4928=ORIENTED_EDGE('',*,*,#3661,.T.);
#4929=ORIENTED_EDGE('',*,*,#3660,.F.);
#4930=ORIENTED_EDGE('',*,*,#3661,.F.);
#4931=ORIENTED_EDGE('',*,*,#3662,.F.);
#4932=ORIENTED_EDGE('',*,*,#3663,.T.);
#4933=ORIENTED_EDGE('',*,*,#3664,.T.);
#4934=ORIENTED_EDGE('',*,*,#3663,.F.);
#4935=ORIENTED_EDGE('',*,*,#3664,.F.);
#4936=ORIENTED_EDGE('',*,*,#3665,.F.);
#4937=ORIENTED_EDGE('',*,*,#3666,.T.);
#4938=ORIENTED_EDGE('',*,*,#3667,.T.);
#4939=ORIENTED_EDGE('',*,*,#3666,.F.);
#4940=ORIENTED_EDGE('',*,*,#3667,.F.);
#4941=ORIENTED_EDGE('',*,*,#3668,.F.);
#4942=ORIENTED_EDGE('',*,*,#3669,.T.);
#4943=ORIENTED_EDGE('',*,*,#3670,.T.);
#4944=ORIENTED_EDGE('',*,*,#3669,.F.);
#4945=ORIENTED_EDGE('',*,*,#3670,.F.);
#4946=ORIENTED_EDGE('',*,*,#3671,.F.);
#4947=ORIENTED_EDGE('',*,*,#3672,.T.);
#4948=ORIENTED_EDGE('',*,*,#3599,.F.);
#4949=ORIENTED_EDGE('',*,*,#3672,.F.);
#4950=ORIENTED_EDGE('',*,*,#3673,.F.);
#4951=ORIENTED_EDGE('',*,*,#3674,.T.);
#4952=ORIENTED_EDGE('',*,*,#3598,.F.);
#4953=ORIENTED_EDGE('',*,*,#3674,.F.);
#4954=ORIENTED_EDGE('',*,*,#3675,.F.);
#4955=ORIENTED_EDGE('',*,*,#3676,.T.);
#4956=ORIENTED_EDGE('',*,*,#3597,.F.);
#4957=ORIENTED_EDGE('',*,*,#3676,.F.);
#4958=ORIENTED_EDGE('',*,*,#3677,.F.);
#4959=ORIENTED_EDGE('',*,*,#3678,.T.);
#4960=ORIENTED_EDGE('',*,*,#3596,.F.);
#4961=ORIENTED_EDGE('',*,*,#3678,.F.);
#4962=ORIENTED_EDGE('',*,*,#3679,.F.);
#4963=ORIENTED_EDGE('',*,*,#3680,.T.);
#4964=ORIENTED_EDGE('',*,*,#3595,.F.);
#4965=ORIENTED_EDGE('',*,*,#3680,.F.);
#4966=ORIENTED_EDGE('',*,*,#3681,.F.);
#4967=ORIENTED_EDGE('',*,*,#3682,.T.);
#4968=ORIENTED_EDGE('',*,*,#3594,.F.);
#4969=ORIENTED_EDGE('',*,*,#3682,.F.);
#4970=ORIENTED_EDGE('',*,*,#3683,.F.);
#4971=ORIENTED_EDGE('',*,*,#3684,.T.);
#4972=ORIENTED_EDGE('',*,*,#3593,.F.);
#4973=ORIENTED_EDGE('',*,*,#3684,.F.);
#4974=ORIENTED_EDGE('',*,*,#3685,.F.);
#4975=ORIENTED_EDGE('',*,*,#3686,.T.);
#4976=ORIENTED_EDGE('',*,*,#3592,.F.);
#4977=ORIENTED_EDGE('',*,*,#3686,.F.);
#4978=ORIENTED_EDGE('',*,*,#3687,.F.);
#4979=ORIENTED_EDGE('',*,*,#3688,.T.);
#4980=ORIENTED_EDGE('',*,*,#3591,.F.);
#4981=ORIENTED_EDGE('',*,*,#3688,.F.);
#4982=ORIENTED_EDGE('',*,*,#3689,.F.);
#4983=ORIENTED_EDGE('',*,*,#3690,.T.);
#4984=ORIENTED_EDGE('',*,*,#3590,.F.);
#4985=ORIENTED_EDGE('',*,*,#3690,.F.);
#4986=ORIENTED_EDGE('',*,*,#3691,.F.);
#4987=ORIENTED_EDGE('',*,*,#3692,.T.);
#4988=ORIENTED_EDGE('',*,*,#3589,.F.);
#4989=ORIENTED_EDGE('',*,*,#3692,.F.);
#4990=ORIENTED_EDGE('',*,*,#3693,.F.);
#4991=ORIENTED_EDGE('',*,*,#3694,.T.);
#4992=ORIENTED_EDGE('',*,*,#3588,.F.);
#4993=ORIENTED_EDGE('',*,*,#3694,.F.);
#4994=ORIENTED_EDGE('',*,*,#3695,.F.);
#4995=ORIENTED_EDGE('',*,*,#3696,.T.);
#4996=ORIENTED_EDGE('',*,*,#3587,.F.);
#4997=ORIENTED_EDGE('',*,*,#3696,.F.);
#4998=ORIENTED_EDGE('',*,*,#3697,.F.);
#4999=ORIENTED_EDGE('',*,*,#3698,.T.);
#5000=ORIENTED_EDGE('',*,*,#3586,.F.);
#5001=ORIENTED_EDGE('',*,*,#3698,.F.);
#5002=ORIENTED_EDGE('',*,*,#3699,.F.);
#5003=ORIENTED_EDGE('',*,*,#3700,.T.);
#5004=ORIENTED_EDGE('',*,*,#3585,.F.);
#5005=ORIENTED_EDGE('',*,*,#3700,.F.);
#5006=ORIENTED_EDGE('',*,*,#3701,.F.);
#5007=ORIENTED_EDGE('',*,*,#3702,.T.);
#5008=ORIENTED_EDGE('',*,*,#3584,.F.);
#5009=ORIENTED_EDGE('',*,*,#3702,.F.);
#5010=ORIENTED_EDGE('',*,*,#3703,.F.);
#5011=ORIENTED_EDGE('',*,*,#3704,.T.);
#5012=ORIENTED_EDGE('',*,*,#3583,.F.);
#5013=ORIENTED_EDGE('',*,*,#3704,.F.);
#5014=ORIENTED_EDGE('',*,*,#3705,.F.);
#5015=ORIENTED_EDGE('',*,*,#3706,.T.);
#5016=ORIENTED_EDGE('',*,*,#3582,.F.);
#5017=ORIENTED_EDGE('',*,*,#3706,.F.);
#5018=ORIENTED_EDGE('',*,*,#3707,.F.);
#5019=ORIENTED_EDGE('',*,*,#3708,.T.);
#5020=ORIENTED_EDGE('',*,*,#3581,.F.);
#5021=ORIENTED_EDGE('',*,*,#3708,.F.);
#5022=ORIENTED_EDGE('',*,*,#3709,.F.);
#5023=ORIENTED_EDGE('',*,*,#3710,.T.);
#5024=ORIENTED_EDGE('',*,*,#3580,.F.);
#5025=ORIENTED_EDGE('',*,*,#3710,.F.);
#5026=ORIENTED_EDGE('',*,*,#3711,.F.);
#5027=ORIENTED_EDGE('',*,*,#3712,.T.);
#5028=ORIENTED_EDGE('',*,*,#3579,.F.);
#5029=ORIENTED_EDGE('',*,*,#3712,.F.);
#5030=ORIENTED_EDGE('',*,*,#3713,.F.);
#5031=ORIENTED_EDGE('',*,*,#3714,.T.);
#5032=ORIENTED_EDGE('',*,*,#3715,.F.);
#5033=ORIENTED_EDGE('',*,*,#3716,.F.);
#5034=ORIENTED_EDGE('',*,*,#3717,.F.);
#5035=ORIENTED_EDGE('',*,*,#3714,.F.);
#5036=ORIENTED_EDGE('',*,*,#3718,.F.);
#5037=ORIENTED_EDGE('',*,*,#3719,.T.);
#5038=ORIENTED_EDGE('',*,*,#3720,.F.);
#5039=ORIENTED_EDGE('',*,*,#3721,.F.);
#5040=ORIENTED_EDGE('',*,*,#3722,.F.);
#5041=ORIENTED_EDGE('',*,*,#3719,.F.);
#5042=ORIENTED_EDGE('',*,*,#3723,.F.);
#5043=ORIENTED_EDGE('',*,*,#3724,.T.);
#5044=ORIENTED_EDGE('',*,*,#3725,.F.);
#5045=ORIENTED_EDGE('',*,*,#3726,.F.);
#5046=ORIENTED_EDGE('',*,*,#3727,.F.);
#5047=ORIENTED_EDGE('',*,*,#3724,.F.);
#5048=ORIENTED_EDGE('',*,*,#3728,.F.);
#5049=ORIENTED_EDGE('',*,*,#3729,.T.);
#5050=ORIENTED_EDGE('',*,*,#3730,.F.);
#5051=ORIENTED_EDGE('',*,*,#3731,.F.);
#5052=ORIENTED_EDGE('',*,*,#3732,.F.);
#5053=ORIENTED_EDGE('',*,*,#3729,.F.);
#5054=ORIENTED_EDGE('',*,*,#3733,.F.);
#5055=ORIENTED_EDGE('',*,*,#3734,.T.);
#5056=ORIENTED_EDGE('',*,*,#3735,.F.);
#5057=ORIENTED_EDGE('',*,*,#3736,.F.);
#5058=ORIENTED_EDGE('',*,*,#3737,.F.);
#5059=ORIENTED_EDGE('',*,*,#3734,.F.);
#5060=ORIENTED_EDGE('',*,*,#3738,.F.);
#5061=ORIENTED_EDGE('',*,*,#3739,.T.);
#5062=ORIENTED_EDGE('',*,*,#3740,.F.);
#5063=ORIENTED_EDGE('',*,*,#3741,.F.);
#5064=ORIENTED_EDGE('',*,*,#3742,.F.);
#5065=ORIENTED_EDGE('',*,*,#3739,.F.);
#5066=ORIENTED_EDGE('',*,*,#3743,.F.);
#5067=ORIENTED_EDGE('',*,*,#3744,.T.);
#5068=ORIENTED_EDGE('',*,*,#3745,.F.);
#5069=ORIENTED_EDGE('',*,*,#3746,.F.);
#5070=ORIENTED_EDGE('',*,*,#3747,.F.);
#5071=ORIENTED_EDGE('',*,*,#3744,.F.);
#5072=ORIENTED_EDGE('',*,*,#3748,.F.);
#5073=ORIENTED_EDGE('',*,*,#3749,.T.);
#5074=ORIENTED_EDGE('',*,*,#3750,.F.);
#5075=ORIENTED_EDGE('',*,*,#3751,.F.);
#5076=ORIENTED_EDGE('',*,*,#3752,.F.);
#5077=ORIENTED_EDGE('',*,*,#3749,.F.);
#5078=ORIENTED_EDGE('',*,*,#3753,.F.);
#5079=ORIENTED_EDGE('',*,*,#3754,.T.);
#5080=ORIENTED_EDGE('',*,*,#3755,.F.);
#5081=ORIENTED_EDGE('',*,*,#3756,.F.);
#5082=ORIENTED_EDGE('',*,*,#3757,.F.);
#5083=ORIENTED_EDGE('',*,*,#3754,.F.);
#5084=ORIENTED_EDGE('',*,*,#3758,.F.);
#5085=ORIENTED_EDGE('',*,*,#3759,.T.);
#5086=ORIENTED_EDGE('',*,*,#3760,.F.);
#5087=ORIENTED_EDGE('',*,*,#3761,.F.);
#5088=ORIENTED_EDGE('',*,*,#3762,.F.);
#5089=ORIENTED_EDGE('',*,*,#3759,.F.);
#5090=ORIENTED_EDGE('',*,*,#3763,.F.);
#5091=ORIENTED_EDGE('',*,*,#3764,.T.);
#5092=ORIENTED_EDGE('',*,*,#3765,.F.);
#5093=ORIENTED_EDGE('',*,*,#3766,.F.);
#5094=ORIENTED_EDGE('',*,*,#3767,.F.);
#5095=ORIENTED_EDGE('',*,*,#3764,.F.);
#5096=ORIENTED_EDGE('',*,*,#3768,.F.);
#5097=ORIENTED_EDGE('',*,*,#3769,.T.);
#5098=ORIENTED_EDGE('',*,*,#3770,.F.);
#5099=ORIENTED_EDGE('',*,*,#3771,.F.);
#5100=ORIENTED_EDGE('',*,*,#3772,.F.);
#5101=ORIENTED_EDGE('',*,*,#3769,.F.);
#5102=ORIENTED_EDGE('',*,*,#3773,.F.);
#5103=ORIENTED_EDGE('',*,*,#3774,.T.);
#5104=ORIENTED_EDGE('',*,*,#3775,.F.);
#5105=ORIENTED_EDGE('',*,*,#3776,.F.);
#5106=ORIENTED_EDGE('',*,*,#3777,.F.);
#5107=ORIENTED_EDGE('',*,*,#3774,.F.);
#5108=ORIENTED_EDGE('',*,*,#3778,.T.);
#5109=ORIENTED_EDGE('',*,*,#3641,.T.);
#5110=ORIENTED_EDGE('',*,*,#3644,.T.);
#5111=ORIENTED_EDGE('',*,*,#3647,.T.);
#5112=ORIENTED_EDGE('',*,*,#3650,.T.);
#5113=ORIENTED_EDGE('',*,*,#3653,.T.);
#5114=ORIENTED_EDGE('',*,*,#3656,.T.);
#5115=ORIENTED_EDGE('',*,*,#3659,.T.);
#5116=ORIENTED_EDGE('',*,*,#3662,.T.);
#5117=ORIENTED_EDGE('',*,*,#3665,.T.);
#5118=ORIENTED_EDGE('',*,*,#3668,.T.);
#5119=ORIENTED_EDGE('',*,*,#3779,.T.);
#5120=ORIENTED_EDGE('',*,*,#3761,.T.);
#5121=ORIENTED_EDGE('',*,*,#3780,.T.);
#5122=ORIENTED_EDGE('',*,*,#3781,.T.);
#5123=ORIENTED_EDGE('',*,*,#3782,.T.);
#5124=ORIENTED_EDGE('',*,*,#3783,.T.);
#5125=ORIENTED_EDGE('',*,*,#3784,.T.);
#5126=ORIENTED_EDGE('',*,*,#3785,.T.);
#5127=ORIENTED_EDGE('',*,*,#3786,.T.);
#5128=ORIENTED_EDGE('',*,*,#3787,.T.);
#5129=ORIENTED_EDGE('',*,*,#3788,.T.);
#5130=ORIENTED_EDGE('',*,*,#3741,.T.);
#5131=ORIENTED_EDGE('',*,*,#3789,.T.);
#5132=ORIENTED_EDGE('',*,*,#3790,.T.);
#5133=ORIENTED_EDGE('',*,*,#3791,.T.);
#5134=ORIENTED_EDGE('',*,*,#3792,.T.);
#5135=ORIENTED_EDGE('',*,*,#3793,.T.);
#5136=ORIENTED_EDGE('',*,*,#3794,.T.);
#5137=ORIENTED_EDGE('',*,*,#3795,.T.);
#5138=ORIENTED_EDGE('',*,*,#3796,.T.);
#5139=ORIENTED_EDGE('',*,*,#3797,.T.);
#5140=ORIENTED_EDGE('',*,*,#3736,.T.);
#5141=ORIENTED_EDGE('',*,*,#3798,.T.);
#5142=ORIENTED_EDGE('',*,*,#3799,.T.);
#5143=ORIENTED_EDGE('',*,*,#3800,.T.);
#5144=ORIENTED_EDGE('',*,*,#3801,.T.);
#5145=ORIENTED_EDGE('',*,*,#3802,.T.);
#5146=ORIENTED_EDGE('',*,*,#3803,.T.);
#5147=ORIENTED_EDGE('',*,*,#3804,.T.);
#5148=ORIENTED_EDGE('',*,*,#3805,.T.);
#5149=ORIENTED_EDGE('',*,*,#3806,.T.);
#5150=ORIENTED_EDGE('',*,*,#3731,.T.);
#5151=ORIENTED_EDGE('',*,*,#3807,.T.);
#5152=ORIENTED_EDGE('',*,*,#3808,.T.);
#5153=ORIENTED_EDGE('',*,*,#3809,.T.);
#5154=ORIENTED_EDGE('',*,*,#3810,.T.);
#5155=ORIENTED_EDGE('',*,*,#3811,.T.);
#5156=ORIENTED_EDGE('',*,*,#3812,.T.);
#5157=ORIENTED_EDGE('',*,*,#3813,.T.);
#5158=ORIENTED_EDGE('',*,*,#3814,.T.);
#5159=ORIENTED_EDGE('',*,*,#3815,.T.);
#5160=ORIENTED_EDGE('',*,*,#3766,.T.);
#5161=ORIENTED_EDGE('',*,*,#3816,.T.);
#5162=ORIENTED_EDGE('',*,*,#3817,.T.);
#5163=ORIENTED_EDGE('',*,*,#3818,.T.);
#5164=ORIENTED_EDGE('',*,*,#3819,.T.);
#5165=ORIENTED_EDGE('',*,*,#3820,.T.);
#5166=ORIENTED_EDGE('',*,*,#3821,.T.);
#5167=ORIENTED_EDGE('',*,*,#3822,.T.);
#5168=ORIENTED_EDGE('',*,*,#3823,.T.);
#5169=ORIENTED_EDGE('',*,*,#3824,.T.);
#5170=ORIENTED_EDGE('',*,*,#3771,.T.);
#5171=ORIENTED_EDGE('',*,*,#3825,.T.);
#5172=ORIENTED_EDGE('',*,*,#3826,.T.);
#5173=ORIENTED_EDGE('',*,*,#3827,.T.);
#5174=ORIENTED_EDGE('',*,*,#3828,.T.);
#5175=ORIENTED_EDGE('',*,*,#3829,.T.);
#5176=ORIENTED_EDGE('',*,*,#3830,.T.);
#5177=ORIENTED_EDGE('',*,*,#3831,.T.);
#5178=ORIENTED_EDGE('',*,*,#3832,.T.);
#5179=ORIENTED_EDGE('',*,*,#3833,.T.);
#5180=ORIENTED_EDGE('',*,*,#3776,.T.);
#5181=ORIENTED_EDGE('',*,*,#3834,.T.);
#5182=ORIENTED_EDGE('',*,*,#3835,.T.);
#5183=ORIENTED_EDGE('',*,*,#3836,.T.);
#5184=ORIENTED_EDGE('',*,*,#3837,.T.);
#5185=ORIENTED_EDGE('',*,*,#3838,.T.);
#5186=ORIENTED_EDGE('',*,*,#3839,.T.);
#5187=ORIENTED_EDGE('',*,*,#3840,.T.);
#5188=ORIENTED_EDGE('',*,*,#3841,.T.);
#5189=ORIENTED_EDGE('',*,*,#3842,.T.);
#5190=ORIENTED_EDGE('',*,*,#3716,.T.);
#5191=ORIENTED_EDGE('',*,*,#3843,.T.);
#5192=ORIENTED_EDGE('',*,*,#3844,.T.);
#5193=ORIENTED_EDGE('',*,*,#3845,.T.);
#5194=ORIENTED_EDGE('',*,*,#3846,.T.);
#5195=ORIENTED_EDGE('',*,*,#3847,.T.);
#5196=ORIENTED_EDGE('',*,*,#3848,.T.);
#5197=ORIENTED_EDGE('',*,*,#3849,.T.);
#5198=ORIENTED_EDGE('',*,*,#3850,.T.);
#5199=ORIENTED_EDGE('',*,*,#3851,.T.);
#5200=ORIENTED_EDGE('',*,*,#3721,.T.);
#5201=ORIENTED_EDGE('',*,*,#3852,.T.);
#5202=ORIENTED_EDGE('',*,*,#3853,.T.);
#5203=ORIENTED_EDGE('',*,*,#3854,.T.);
#5204=ORIENTED_EDGE('',*,*,#3855,.T.);
#5205=ORIENTED_EDGE('',*,*,#3856,.T.);
#5206=ORIENTED_EDGE('',*,*,#3857,.T.);
#5207=ORIENTED_EDGE('',*,*,#3858,.T.);
#5208=ORIENTED_EDGE('',*,*,#3859,.T.);
#5209=ORIENTED_EDGE('',*,*,#3860,.T.);
#5210=ORIENTED_EDGE('',*,*,#3726,.T.);
#5211=ORIENTED_EDGE('',*,*,#3861,.T.);
#5212=ORIENTED_EDGE('',*,*,#3862,.T.);
#5213=ORIENTED_EDGE('',*,*,#3863,.T.);
#5214=ORIENTED_EDGE('',*,*,#3864,.T.);
#5215=ORIENTED_EDGE('',*,*,#3865,.T.);
#5216=ORIENTED_EDGE('',*,*,#3866,.T.);
#5217=ORIENTED_EDGE('',*,*,#3867,.T.);
#5218=ORIENTED_EDGE('',*,*,#3868,.T.);
#5219=ORIENTED_EDGE('',*,*,#3869,.T.);
#5220=ORIENTED_EDGE('',*,*,#3756,.T.);
#5221=ORIENTED_EDGE('',*,*,#3870,.T.);
#5222=ORIENTED_EDGE('',*,*,#3871,.T.);
#5223=ORIENTED_EDGE('',*,*,#3872,.T.);
#5224=ORIENTED_EDGE('',*,*,#3873,.T.);
#5225=ORIENTED_EDGE('',*,*,#3874,.T.);
#5226=ORIENTED_EDGE('',*,*,#3875,.T.);
#5227=ORIENTED_EDGE('',*,*,#3876,.T.);
#5228=ORIENTED_EDGE('',*,*,#3877,.T.);
#5229=ORIENTED_EDGE('',*,*,#3878,.T.);
#5230=ORIENTED_EDGE('',*,*,#3751,.T.);
#5231=ORIENTED_EDGE('',*,*,#3879,.T.);
#5232=ORIENTED_EDGE('',*,*,#3880,.T.);
#5233=ORIENTED_EDGE('',*,*,#3881,.T.);
#5234=ORIENTED_EDGE('',*,*,#3882,.T.);
#5235=ORIENTED_EDGE('',*,*,#3883,.T.);
#5236=ORIENTED_EDGE('',*,*,#3884,.T.);
#5237=ORIENTED_EDGE('',*,*,#3885,.T.);
#5238=ORIENTED_EDGE('',*,*,#3886,.T.);
#5239=ORIENTED_EDGE('',*,*,#3887,.T.);
#5240=ORIENTED_EDGE('',*,*,#3746,.T.);
#5241=ORIENTED_EDGE('',*,*,#3888,.T.);
#5242=ORIENTED_EDGE('',*,*,#3889,.T.);
#5243=ORIENTED_EDGE('',*,*,#3890,.T.);
#5244=ORIENTED_EDGE('',*,*,#3891,.T.);
#5245=ORIENTED_EDGE('',*,*,#3892,.T.);
#5246=ORIENTED_EDGE('',*,*,#3893,.T.);
#5247=ORIENTED_EDGE('',*,*,#3894,.T.);
#5248=ORIENTED_EDGE('',*,*,#3895,.T.);
#5249=ORIENTED_EDGE('',*,*,#3896,.T.);
#5250=ORIENTED_EDGE('',*,*,#3892,.F.);
#5251=ORIENTED_EDGE('',*,*,#3897,.T.);
#5252=ORIENTED_EDGE('',*,*,#3898,.T.);
#5253=ORIENTED_EDGE('',*,*,#3899,.F.);
#5254=ORIENTED_EDGE('',*,*,#3891,.F.);
#5255=ORIENTED_EDGE('',*,*,#3900,.T.);
#5256=ORIENTED_EDGE('',*,*,#3901,.T.);
#5257=ORIENTED_EDGE('',*,*,#3897,.F.);
#5258=ORIENTED_EDGE('',*,*,#3890,.F.);
#5259=ORIENTED_EDGE('',*,*,#3902,.T.);
#5260=ORIENTED_EDGE('',*,*,#3903,.T.);
#5261=ORIENTED_EDGE('',*,*,#3900,.F.);
#5262=ORIENTED_EDGE('',*,*,#3889,.F.);
#5263=ORIENTED_EDGE('',*,*,#3904,.T.);
#5264=ORIENTED_EDGE('',*,*,#3905,.T.);
#5265=ORIENTED_EDGE('',*,*,#3902,.F.);
#5266=ORIENTED_EDGE('',*,*,#3743,.T.);
#5267=ORIENTED_EDGE('',*,*,#3896,.F.);
#5268=ORIENTED_EDGE('',*,*,#3906,.T.);
#5269=ORIENTED_EDGE('',*,*,#3907,.T.);
#5270=ORIENTED_EDGE('',*,*,#3904,.F.);
#5271=ORIENTED_EDGE('',*,*,#3888,.F.);
#5272=ORIENTED_EDGE('',*,*,#3745,.T.);
#5273=ORIENTED_EDGE('',*,*,#3747,.T.);
#5274=ORIENTED_EDGE('',*,*,#3895,.F.);
#5275=ORIENTED_EDGE('',*,*,#3908,.T.);
#5276=ORIENTED_EDGE('',*,*,#3909,.T.);
#5277=ORIENTED_EDGE('',*,*,#3906,.F.);
#5278=ORIENTED_EDGE('',*,*,#3894,.F.);
#5279=ORIENTED_EDGE('',*,*,#3910,.T.);
#5280=ORIENTED_EDGE('',*,*,#3911,.T.);
#5281=ORIENTED_EDGE('',*,*,#3908,.F.);
#5282=ORIENTED_EDGE('',*,*,#3893,.F.);
#5283=ORIENTED_EDGE('',*,*,#3899,.T.);
#5284=ORIENTED_EDGE('',*,*,#3912,.T.);
#5285=ORIENTED_EDGE('',*,*,#3910,.F.);
#5286=ORIENTED_EDGE('',*,*,#3912,.F.);
#5287=ORIENTED_EDGE('',*,*,#3898,.F.);
#5288=ORIENTED_EDGE('',*,*,#3901,.F.);
#5289=ORIENTED_EDGE('',*,*,#3903,.F.);
#5290=ORIENTED_EDGE('',*,*,#3905,.F.);
#5291=ORIENTED_EDGE('',*,*,#3907,.F.);
#5292=ORIENTED_EDGE('',*,*,#3909,.F.);
#5293=ORIENTED_EDGE('',*,*,#3911,.F.);
#5294=ORIENTED_EDGE('',*,*,#3691,.T.);
#5295=ORIENTED_EDGE('',*,*,#3880,.F.);
#5296=ORIENTED_EDGE('',*,*,#3913,.T.);
#5297=ORIENTED_EDGE('',*,*,#3914,.T.);
#5298=ORIENTED_EDGE('',*,*,#3915,.F.);
#5299=ORIENTED_EDGE('',*,*,#3748,.T.);
#5300=ORIENTED_EDGE('',*,*,#3887,.F.);
#5301=ORIENTED_EDGE('',*,*,#3916,.T.);
#5302=ORIENTED_EDGE('',*,*,#3917,.T.);
#5303=ORIENTED_EDGE('',*,*,#3913,.F.);
#5304=ORIENTED_EDGE('',*,*,#3879,.F.);
#5305=ORIENTED_EDGE('',*,*,#3750,.T.);
#5306=ORIENTED_EDGE('',*,*,#3752,.T.);
#5307=ORIENTED_EDGE('',*,*,#3886,.F.);
#5308=ORIENTED_EDGE('',*,*,#3918,.T.);
#5309=ORIENTED_EDGE('',*,*,#3919,.T.);
#5310=ORIENTED_EDGE('',*,*,#3916,.F.);
#5311=ORIENTED_EDGE('',*,*,#3885,.F.);
#5312=ORIENTED_EDGE('',*,*,#3920,.T.);
#5313=ORIENTED_EDGE('',*,*,#3921,.T.);
#5314=ORIENTED_EDGE('',*,*,#3918,.F.);
#5315=ORIENTED_EDGE('',*,*,#3884,.F.);
#5316=ORIENTED_EDGE('',*,*,#3922,.T.);
#5317=ORIENTED_EDGE('',*,*,#3923,.T.);
#5318=ORIENTED_EDGE('',*,*,#3920,.F.);
#5319=ORIENTED_EDGE('',*,*,#3883,.F.);
#5320=ORIENTED_EDGE('',*,*,#3924,.T.);
#5321=ORIENTED_EDGE('',*,*,#3925,.T.);
#5322=ORIENTED_EDGE('',*,*,#3922,.F.);
#5323=ORIENTED_EDGE('',*,*,#3882,.F.);
#5324=ORIENTED_EDGE('',*,*,#3926,.T.);
#5325=ORIENTED_EDGE('',*,*,#3927,.T.);
#5326=ORIENTED_EDGE('',*,*,#3924,.F.);
#5327=ORIENTED_EDGE('',*,*,#3881,.F.);
#5328=ORIENTED_EDGE('',*,*,#3915,.T.);
#5329=ORIENTED_EDGE('',*,*,#3928,.T.);
#5330=ORIENTED_EDGE('',*,*,#3926,.F.);
#5331=ORIENTED_EDGE('',*,*,#3928,.F.);
#5332=ORIENTED_EDGE('',*,*,#3914,.F.);
#5333=ORIENTED_EDGE('',*,*,#3917,.F.);
#5334=ORIENTED_EDGE('',*,*,#3919,.F.);
#5335=ORIENTED_EDGE('',*,*,#3921,.F.);
#5336=ORIENTED_EDGE('',*,*,#3923,.F.);
#5337=ORIENTED_EDGE('',*,*,#3925,.F.);
#5338=ORIENTED_EDGE('',*,*,#3927,.F.);
#5339=ORIENTED_EDGE('',*,*,#3699,.T.);
#5340=ORIENTED_EDGE('',*,*,#3874,.F.);
#5341=ORIENTED_EDGE('',*,*,#3929,.T.);
#5342=ORIENTED_EDGE('',*,*,#3930,.T.);
#5343=ORIENTED_EDGE('',*,*,#3931,.F.);
#5344=ORIENTED_EDGE('',*,*,#3873,.F.);
#5345=ORIENTED_EDGE('',*,*,#3932,.T.);
#5346=ORIENTED_EDGE('',*,*,#3933,.T.);
#5347=ORIENTED_EDGE('',*,*,#3929,.F.);
#5348=ORIENTED_EDGE('',*,*,#3872,.F.);
#5349=ORIENTED_EDGE('',*,*,#3934,.T.);
#5350=ORIENTED_EDGE('',*,*,#3935,.T.);
#5351=ORIENTED_EDGE('',*,*,#3932,.F.);
#5352=ORIENTED_EDGE('',*,*,#3871,.F.);
#5353=ORIENTED_EDGE('',*,*,#3936,.T.);
#5354=ORIENTED_EDGE('',*,*,#3937,.T.);
#5355=ORIENTED_EDGE('',*,*,#3934,.F.);
#5356=ORIENTED_EDGE('',*,*,#3753,.T.);
#5357=ORIENTED_EDGE('',*,*,#3878,.F.);
#5358=ORIENTED_EDGE('',*,*,#3938,.T.);
#5359=ORIENTED_EDGE('',*,*,#3939,.T.);
#5360=ORIENTED_EDGE('',*,*,#3936,.F.);
#5361=ORIENTED_EDGE('',*,*,#3870,.F.);
#5362=ORIENTED_EDGE('',*,*,#3755,.T.);
#5363=ORIENTED_EDGE('',*,*,#3757,.T.);
#5364=ORIENTED_EDGE('',*,*,#3877,.F.);
#5365=ORIENTED_EDGE('',*,*,#3940,.T.);
#5366=ORIENTED_EDGE('',*,*,#3941,.T.);
#5367=ORIENTED_EDGE('',*,*,#3938,.F.);
#5368=ORIENTED_EDGE('',*,*,#3876,.F.);
#5369=ORIENTED_EDGE('',*,*,#3942,.T.);
#5370=ORIENTED_EDGE('',*,*,#3943,.T.);
#5371=ORIENTED_EDGE('',*,*,#3940,.F.);
#5372=ORIENTED_EDGE('',*,*,#3875,.F.);
#5373=ORIENTED_EDGE('',*,*,#3931,.T.);
#5374=ORIENTED_EDGE('',*,*,#3944,.T.);
#5375=ORIENTED_EDGE('',*,*,#3942,.F.);
#5376=ORIENTED_EDGE('',*,*,#3944,.F.);
#5377=ORIENTED_EDGE('',*,*,#3930,.F.);
#5378=ORIENTED_EDGE('',*,*,#3933,.F.);
#5379=ORIENTED_EDGE('',*,*,#3935,.F.);
#5380=ORIENTED_EDGE('',*,*,#3937,.F.);
#5381=ORIENTED_EDGE('',*,*,#3939,.F.);
#5382=ORIENTED_EDGE('',*,*,#3941,.F.);
#5383=ORIENTED_EDGE('',*,*,#3943,.F.);
#5384=ORIENTED_EDGE('',*,*,#3701,.T.);
#5385=ORIENTED_EDGE('',*,*,#3865,.F.);
#5386=ORIENTED_EDGE('',*,*,#3945,.T.);
#5387=ORIENTED_EDGE('',*,*,#3946,.T.);
#5388=ORIENTED_EDGE('',*,*,#3947,.F.);
#5389=ORIENTED_EDGE('',*,*,#3864,.F.);
#5390=ORIENTED_EDGE('',*,*,#3948,.T.);
#5391=ORIENTED_EDGE('',*,*,#3949,.T.);
#5392=ORIENTED_EDGE('',*,*,#3945,.F.);
#5393=ORIENTED_EDGE('',*,*,#3863,.F.);
#5394=ORIENTED_EDGE('',*,*,#3950,.T.);
#5395=ORIENTED_EDGE('',*,*,#3951,.T.);
#5396=ORIENTED_EDGE('',*,*,#3948,.F.);
#5397=ORIENTED_EDGE('',*,*,#3862,.F.);
#5398=ORIENTED_EDGE('',*,*,#3952,.T.);
#5399=ORIENTED_EDGE('',*,*,#3953,.T.);
#5400=ORIENTED_EDGE('',*,*,#3950,.F.);
#5401=ORIENTED_EDGE('',*,*,#3723,.T.);
#5402=ORIENTED_EDGE('',*,*,#3869,.F.);
#5403=ORIENTED_EDGE('',*,*,#3954,.T.);
#5404=ORIENTED_EDGE('',*,*,#3955,.T.);
#5405=ORIENTED_EDGE('',*,*,#3952,.F.);
#5406=ORIENTED_EDGE('',*,*,#3861,.F.);
#5407=ORIENTED_EDGE('',*,*,#3725,.T.);
#5408=ORIENTED_EDGE('',*,*,#3727,.T.);
#5409=ORIENTED_EDGE('',*,*,#3868,.F.);
#5410=ORIENTED_EDGE('',*,*,#3956,.T.);
#5411=ORIENTED_EDGE('',*,*,#3957,.T.);
#5412=ORIENTED_EDGE('',*,*,#3954,.F.);
#5413=ORIENTED_EDGE('',*,*,#3867,.F.);
#5414=ORIENTED_EDGE('',*,*,#3958,.T.);
#5415=ORIENTED_EDGE('',*,*,#3959,.T.);
#5416=ORIENTED_EDGE('',*,*,#3956,.F.);
#5417=ORIENTED_EDGE('',*,*,#3866,.F.);
#5418=ORIENTED_EDGE('',*,*,#3947,.T.);
#5419=ORIENTED_EDGE('',*,*,#3960,.T.);
#5420=ORIENTED_EDGE('',*,*,#3958,.F.);
#5421=ORIENTED_EDGE('',*,*,#3960,.F.);
#5422=ORIENTED_EDGE('',*,*,#3946,.F.);
#5423=ORIENTED_EDGE('',*,*,#3949,.F.);
#5424=ORIENTED_EDGE('',*,*,#3951,.F.);
#5425=ORIENTED_EDGE('',*,*,#3953,.F.);
#5426=ORIENTED_EDGE('',*,*,#3955,.F.);
#5427=ORIENTED_EDGE('',*,*,#3957,.F.);
#5428=ORIENTED_EDGE('',*,*,#3959,.F.);
#5429=ORIENTED_EDGE('',*,*,#3689,.T.);
#5430=ORIENTED_EDGE('',*,*,#3854,.F.);
#5431=ORIENTED_EDGE('',*,*,#3961,.T.);
#5432=ORIENTED_EDGE('',*,*,#3962,.T.);
#5433=ORIENTED_EDGE('',*,*,#3963,.F.);
#5434=ORIENTED_EDGE('',*,*,#3853,.F.);
#5435=ORIENTED_EDGE('',*,*,#3964,.T.);
#5436=ORIENTED_EDGE('',*,*,#3965,.T.);
#5437=ORIENTED_EDGE('',*,*,#3961,.F.);
#5438=ORIENTED_EDGE('',*,*,#3718,.T.);
#5439=ORIENTED_EDGE('',*,*,#3860,.F.);
#5440=ORIENTED_EDGE('',*,*,#3966,.T.);
#5441=ORIENTED_EDGE('',*,*,#3967,.T.);
#5442=ORIENTED_EDGE('',*,*,#3964,.F.);
#5443=ORIENTED_EDGE('',*,*,#3852,.F.);
#5444=ORIENTED_EDGE('',*,*,#3720,.T.);
#5445=ORIENTED_EDGE('',*,*,#3722,.T.);
#5446=ORIENTED_EDGE('',*,*,#3859,.F.);
#5447=ORIENTED_EDGE('',*,*,#3968,.T.);
#5448=ORIENTED_EDGE('',*,*,#3969,.T.);
#5449=ORIENTED_EDGE('',*,*,#3966,.F.);
#5450=ORIENTED_EDGE('',*,*,#3858,.F.);
#5451=ORIENTED_EDGE('',*,*,#3970,.T.);
#5452=ORIENTED_EDGE('',*,*,#3971,.T.);
#5453=ORIENTED_EDGE('',*,*,#3968,.F.);
#5454=ORIENTED_EDGE('',*,*,#3857,.F.);
#5455=ORIENTED_EDGE('',*,*,#3972,.T.);
#5456=ORIENTED_EDGE('',*,*,#3973,.T.);
#5457=ORIENTED_EDGE('',*,*,#3970,.F.);
#5458=ORIENTED_EDGE('',*,*,#3856,.F.);
#5459=ORIENTED_EDGE('',*,*,#3974,.T.);
#5460=ORIENTED_EDGE('',*,*,#3975,.T.);
#5461=ORIENTED_EDGE('',*,*,#3972,.F.);
#5462=ORIENTED_EDGE('',*,*,#3855,.F.);
#5463=ORIENTED_EDGE('',*,*,#3963,.T.);
#5464=ORIENTED_EDGE('',*,*,#3976,.T.);
#5465=ORIENTED_EDGE('',*,*,#3974,.F.);
#5466=ORIENTED_EDGE('',*,*,#3976,.F.);
#5467=ORIENTED_EDGE('',*,*,#3962,.F.);
#5468=ORIENTED_EDGE('',*,*,#3965,.F.);
#5469=ORIENTED_EDGE('',*,*,#3967,.F.);
#5470=ORIENTED_EDGE('',*,*,#3969,.F.);
#5471=ORIENTED_EDGE('',*,*,#3971,.F.);
#5472=ORIENTED_EDGE('',*,*,#3973,.F.);
#5473=ORIENTED_EDGE('',*,*,#3975,.F.);
#5474=ORIENTED_EDGE('',*,*,#3687,.T.);
#5475=ORIENTED_EDGE('',*,*,#3847,.F.);
#5476=ORIENTED_EDGE('',*,*,#3977,.T.);
#5477=ORIENTED_EDGE('',*,*,#3978,.T.);
#5478=ORIENTED_EDGE('',*,*,#3979,.F.);
#5479=ORIENTED_EDGE('',*,*,#3846,.F.);
#5480=ORIENTED_EDGE('',*,*,#3980,.T.);
#5481=ORIENTED_EDGE('',*,*,#3981,.T.);
#5482=ORIENTED_EDGE('',*,*,#3977,.F.);
#5483=ORIENTED_EDGE('',*,*,#3845,.F.);
#5484=ORIENTED_EDGE('',*,*,#3982,.T.);
#5485=ORIENTED_EDGE('',*,*,#3983,.T.);
#5486=ORIENTED_EDGE('',*,*,#3980,.F.);
#5487=ORIENTED_EDGE('',*,*,#3844,.F.);
#5488=ORIENTED_EDGE('',*,*,#3984,.T.);
#5489=ORIENTED_EDGE('',*,*,#3985,.T.);
#5490=ORIENTED_EDGE('',*,*,#3982,.F.);
#5491=ORIENTED_EDGE('',*,*,#3713,.T.);
#5492=ORIENTED_EDGE('',*,*,#3851,.F.);
#5493=ORIENTED_EDGE('',*,*,#3986,.T.);
#5494=ORIENTED_EDGE('',*,*,#3987,.T.);
#5495=ORIENTED_EDGE('',*,*,#3984,.F.);
#5496=ORIENTED_EDGE('',*,*,#3843,.F.);
#5497=ORIENTED_EDGE('',*,*,#3715,.T.);
#5498=ORIENTED_EDGE('',*,*,#3717,.T.);
#5499=ORIENTED_EDGE('',*,*,#3850,.F.);
#5500=ORIENTED_EDGE('',*,*,#3988,.T.);
#5501=ORIENTED_EDGE('',*,*,#3989,.T.);
#5502=ORIENTED_EDGE('',*,*,#3986,.F.);
#5503=ORIENTED_EDGE('',*,*,#3849,.F.);
#5504=ORIENTED_EDGE('',*,*,#3990,.T.);
#5505=ORIENTED_EDGE('',*,*,#3991,.T.);
#5506=ORIENTED_EDGE('',*,*,#3988,.F.);
#5507=ORIENTED_EDGE('',*,*,#3848,.F.);
#5508=ORIENTED_EDGE('',*,*,#3979,.T.);
#5509=ORIENTED_EDGE('',*,*,#3992,.T.);
#5510=ORIENTED_EDGE('',*,*,#3990,.F.);
#5511=ORIENTED_EDGE('',*,*,#3992,.F.);
#5512=ORIENTED_EDGE('',*,*,#3978,.F.);
#5513=ORIENTED_EDGE('',*,*,#3981,.F.);
#5514=ORIENTED_EDGE('',*,*,#3983,.F.);
#5515=ORIENTED_EDGE('',*,*,#3985,.F.);
#5516=ORIENTED_EDGE('',*,*,#3987,.F.);
#5517=ORIENTED_EDGE('',*,*,#3989,.F.);
#5518=ORIENTED_EDGE('',*,*,#3991,.F.);
#5519=ORIENTED_EDGE('',*,*,#3693,.T.);
#5520=ORIENTED_EDGE('',*,*,#3835,.F.);
#5521=ORIENTED_EDGE('',*,*,#3993,.T.);
#5522=ORIENTED_EDGE('',*,*,#3994,.T.);
#5523=ORIENTED_EDGE('',*,*,#3995,.F.);
#5524=ORIENTED_EDGE('',*,*,#3773,.T.);
#5525=ORIENTED_EDGE('',*,*,#3842,.F.);
#5526=ORIENTED_EDGE('',*,*,#3996,.T.);
#5527=ORIENTED_EDGE('',*,*,#3997,.T.);
#5528=ORIENTED_EDGE('',*,*,#3993,.F.);
#5529=ORIENTED_EDGE('',*,*,#3834,.F.);
#5530=ORIENTED_EDGE('',*,*,#3775,.T.);
#5531=ORIENTED_EDGE('',*,*,#3777,.T.);
#5532=ORIENTED_EDGE('',*,*,#3841,.F.);
#5533=ORIENTED_EDGE('',*,*,#3998,.T.);
#5534=ORIENTED_EDGE('',*,*,#3999,.T.);
#5535=ORIENTED_EDGE('',*,*,#3996,.F.);
#5536=ORIENTED_EDGE('',*,*,#3840,.F.);
#5537=ORIENTED_EDGE('',*,*,#4000,.T.);
#5538=ORIENTED_EDGE('',*,*,#4001,.T.);
#5539=ORIENTED_EDGE('',*,*,#3998,.F.);
#5540=ORIENTED_EDGE('',*,*,#3839,.F.);
#5541=ORIENTED_EDGE('',*,*,#4002,.T.);
#5542=ORIENTED_EDGE('',*,*,#4003,.T.);
#5543=ORIENTED_EDGE('',*,*,#4000,.F.);
#5544=ORIENTED_EDGE('',*,*,#3838,.F.);
#5545=ORIENTED_EDGE('',*,*,#4004,.T.);
#5546=ORIENTED_EDGE('',*,*,#4005,.T.);
#5547=ORIENTED_EDGE('',*,*,#4002,.F.);
#5548=ORIENTED_EDGE('',*,*,#3837,.F.);
#5549=ORIENTED_EDGE('',*,*,#4006,.T.);
#5550=ORIENTED_EDGE('',*,*,#4007,.T.);
#5551=ORIENTED_EDGE('',*,*,#4004,.F.);
#5552=ORIENTED_EDGE('',*,*,#3836,.F.);
#5553=ORIENTED_EDGE('',*,*,#3995,.T.);
#5554=ORIENTED_EDGE('',*,*,#4008,.T.);
#5555=ORIENTED_EDGE('',*,*,#4006,.F.);
#5556=ORIENTED_EDGE('',*,*,#4008,.F.);
#5557=ORIENTED_EDGE('',*,*,#3994,.F.);
#5558=ORIENTED_EDGE('',*,*,#3997,.F.);
#5559=ORIENTED_EDGE('',*,*,#3999,.F.);
#5560=ORIENTED_EDGE('',*,*,#4001,.F.);
#5561=ORIENTED_EDGE('',*,*,#4003,.F.);
#5562=ORIENTED_EDGE('',*,*,#4005,.F.);
#5563=ORIENTED_EDGE('',*,*,#4007,.F.);
#5564=ORIENTED_EDGE('',*,*,#3703,.T.);
#5565=ORIENTED_EDGE('',*,*,#3768,.T.);
#5566=ORIENTED_EDGE('',*,*,#3833,.F.);
#5567=ORIENTED_EDGE('',*,*,#4009,.T.);
#5568=ORIENTED_EDGE('',*,*,#4010,.T.);
#5569=ORIENTED_EDGE('',*,*,#4011,.F.);
#5570=ORIENTED_EDGE('',*,*,#3825,.F.);
#5571=ORIENTED_EDGE('',*,*,#3770,.T.);
#5572=ORIENTED_EDGE('',*,*,#3772,.T.);
#5573=ORIENTED_EDGE('',*,*,#3832,.F.);
#5574=ORIENTED_EDGE('',*,*,#4012,.T.);
#5575=ORIENTED_EDGE('',*,*,#4013,.T.);
#5576=ORIENTED_EDGE('',*,*,#4009,.F.);
#5577=ORIENTED_EDGE('',*,*,#3831,.F.);
#5578=ORIENTED_EDGE('',*,*,#4014,.T.);
#5579=ORIENTED_EDGE('',*,*,#4015,.T.);
#5580=ORIENTED_EDGE('',*,*,#4012,.F.);
#5581=ORIENTED_EDGE('',*,*,#3830,.F.);
#5582=ORIENTED_EDGE('',*,*,#4016,.T.);
#5583=ORIENTED_EDGE('',*,*,#4017,.T.);
#5584=ORIENTED_EDGE('',*,*,#4014,.F.);
#5585=ORIENTED_EDGE('',*,*,#3829,.F.);
#5586=ORIENTED_EDGE('',*,*,#4018,.T.);
#5587=ORIENTED_EDGE('',*,*,#4019,.T.);
#5588=ORIENTED_EDGE('',*,*,#4016,.F.);
#5589=ORIENTED_EDGE('',*,*,#3828,.F.);
#5590=ORIENTED_EDGE('',*,*,#4020,.T.);
#5591=ORIENTED_EDGE('',*,*,#4021,.T.);
#5592=ORIENTED_EDGE('',*,*,#4018,.F.);
#5593=ORIENTED_EDGE('',*,*,#3827,.F.);
#5594=ORIENTED_EDGE('',*,*,#4022,.T.);
#5595=ORIENTED_EDGE('',*,*,#4023,.T.);
#5596=ORIENTED_EDGE('',*,*,#4020,.F.);
#5597=ORIENTED_EDGE('',*,*,#3826,.F.);
#5598=ORIENTED_EDGE('',*,*,#4011,.T.);
#5599=ORIENTED_EDGE('',*,*,#4024,.T.);
#5600=ORIENTED_EDGE('',*,*,#4022,.F.);
#5601=ORIENTED_EDGE('',*,*,#4024,.F.);
#5602=ORIENTED_EDGE('',*,*,#4010,.F.);
#5603=ORIENTED_EDGE('',*,*,#4013,.F.);
#5604=ORIENTED_EDGE('',*,*,#4015,.F.);
#5605=ORIENTED_EDGE('',*,*,#4017,.F.);
#5606=ORIENTED_EDGE('',*,*,#4019,.F.);
#5607=ORIENTED_EDGE('',*,*,#4021,.F.);
#5608=ORIENTED_EDGE('',*,*,#4023,.F.);
#5609=ORIENTED_EDGE('',*,*,#3711,.T.);
#5610=ORIENTED_EDGE('',*,*,#3820,.F.);
#5611=ORIENTED_EDGE('',*,*,#4025,.T.);
#5612=ORIENTED_EDGE('',*,*,#4026,.T.);
#5613=ORIENTED_EDGE('',*,*,#4027,.F.);
#5614=ORIENTED_EDGE('',*,*,#3819,.F.);
#5615=ORIENTED_EDGE('',*,*,#4028,.T.);
#5616=ORIENTED_EDGE('',*,*,#4029,.T.);
#5617=ORIENTED_EDGE('',*,*,#4025,.F.);
#5618=ORIENTED_EDGE('',*,*,#3818,.F.);
#5619=ORIENTED_EDGE('',*,*,#4030,.T.);
#5620=ORIENTED_EDGE('',*,*,#4031,.T.);
#5621=ORIENTED_EDGE('',*,*,#4028,.F.);
#5622=ORIENTED_EDGE('',*,*,#3817,.F.);
#5623=ORIENTED_EDGE('',*,*,#4032,.T.);
#5624=ORIENTED_EDGE('',*,*,#4033,.T.);
#5625=ORIENTED_EDGE('',*,*,#4030,.F.);
#5626=ORIENTED_EDGE('',*,*,#3763,.T.);
#5627=ORIENTED_EDGE('',*,*,#3824,.F.);
#5628=ORIENTED_EDGE('',*,*,#4034,.T.);
#5629=ORIENTED_EDGE('',*,*,#4035,.T.);
#5630=ORIENTED_EDGE('',*,*,#4032,.F.);
#5631=ORIENTED_EDGE('',*,*,#3816,.F.);
#5632=ORIENTED_EDGE('',*,*,#3765,.T.);
#5633=ORIENTED_EDGE('',*,*,#3767,.T.);
#5634=ORIENTED_EDGE('',*,*,#3823,.F.);
#5635=ORIENTED_EDGE('',*,*,#4036,.T.);
#5636=ORIENTED_EDGE('',*,*,#4037,.T.);
#5637=ORIENTED_EDGE('',*,*,#4034,.F.);
#5638=ORIENTED_EDGE('',*,*,#3822,.F.);
#5639=ORIENTED_EDGE('',*,*,#4038,.T.);
#5640=ORIENTED_EDGE('',*,*,#4039,.T.);
#5641=ORIENTED_EDGE('',*,*,#4036,.F.);
#5642=ORIENTED_EDGE('',*,*,#3821,.F.);
#5643=ORIENTED_EDGE('',*,*,#4027,.T.);
#5644=ORIENTED_EDGE('',*,*,#4040,.T.);
#5645=ORIENTED_EDGE('',*,*,#4038,.F.);
#5646=ORIENTED_EDGE('',*,*,#4040,.F.);
#5647=ORIENTED_EDGE('',*,*,#4026,.F.);
#5648=ORIENTED_EDGE('',*,*,#4029,.F.);
#5649=ORIENTED_EDGE('',*,*,#4031,.F.);
#5650=ORIENTED_EDGE('',*,*,#4033,.F.);
#5651=ORIENTED_EDGE('',*,*,#4035,.F.);
#5652=ORIENTED_EDGE('',*,*,#4037,.F.);
#5653=ORIENTED_EDGE('',*,*,#4039,.F.);
#5654=ORIENTED_EDGE('',*,*,#3709,.T.);
#5655=ORIENTED_EDGE('',*,*,#3810,.F.);
#5656=ORIENTED_EDGE('',*,*,#4041,.T.);
#5657=ORIENTED_EDGE('',*,*,#4042,.T.);
#5658=ORIENTED_EDGE('',*,*,#4043,.F.);
#5659=ORIENTED_EDGE('',*,*,#3809,.F.);
#5660=ORIENTED_EDGE('',*,*,#4044,.T.);
#5661=ORIENTED_EDGE('',*,*,#4045,.T.);
#5662=ORIENTED_EDGE('',*,*,#4041,.F.);
#5663=ORIENTED_EDGE('',*,*,#3808,.F.);
#5664=ORIENTED_EDGE('',*,*,#4046,.T.);
#5665=ORIENTED_EDGE('',*,*,#4047,.T.);
#5666=ORIENTED_EDGE('',*,*,#4044,.F.);
#5667=ORIENTED_EDGE('',*,*,#3728,.T.);
#5668=ORIENTED_EDGE('',*,*,#3815,.F.);
#5669=ORIENTED_EDGE('',*,*,#4048,.T.);
#5670=ORIENTED_EDGE('',*,*,#4049,.T.);
#5671=ORIENTED_EDGE('',*,*,#4046,.F.);
#5672=ORIENTED_EDGE('',*,*,#3807,.F.);
#5673=ORIENTED_EDGE('',*,*,#3730,.T.);
#5674=ORIENTED_EDGE('',*,*,#3732,.T.);
#5675=ORIENTED_EDGE('',*,*,#3814,.F.);
#5676=ORIENTED_EDGE('',*,*,#4050,.T.);
#5677=ORIENTED_EDGE('',*,*,#4051,.T.);
#5678=ORIENTED_EDGE('',*,*,#4048,.F.);
#5679=ORIENTED_EDGE('',*,*,#3813,.F.);
#5680=ORIENTED_EDGE('',*,*,#4052,.T.);
#5681=ORIENTED_EDGE('',*,*,#4053,.T.);
#5682=ORIENTED_EDGE('',*,*,#4050,.F.);
#5683=ORIENTED_EDGE('',*,*,#3812,.F.);
#5684=ORIENTED_EDGE('',*,*,#4054,.T.);
#5685=ORIENTED_EDGE('',*,*,#4055,.T.);
#5686=ORIENTED_EDGE('',*,*,#4052,.F.);
#5687=ORIENTED_EDGE('',*,*,#3811,.F.);
#5688=ORIENTED_EDGE('',*,*,#4043,.T.);
#5689=ORIENTED_EDGE('',*,*,#4056,.T.);
#5690=ORIENTED_EDGE('',*,*,#4054,.F.);
#5691=ORIENTED_EDGE('',*,*,#4056,.F.);
#5692=ORIENTED_EDGE('',*,*,#4042,.F.);
#5693=ORIENTED_EDGE('',*,*,#4045,.F.);
#5694=ORIENTED_EDGE('',*,*,#4047,.F.);
#5695=ORIENTED_EDGE('',*,*,#4049,.F.);
#5696=ORIENTED_EDGE('',*,*,#4051,.F.);
#5697=ORIENTED_EDGE('',*,*,#4053,.F.);
#5698=ORIENTED_EDGE('',*,*,#4055,.F.);
#5699=ORIENTED_EDGE('',*,*,#3695,.T.);
#5700=ORIENTED_EDGE('',*,*,#3800,.F.);
#5701=ORIENTED_EDGE('',*,*,#4057,.T.);
#5702=ORIENTED_EDGE('',*,*,#4058,.T.);
#5703=ORIENTED_EDGE('',*,*,#4059,.F.);
#5704=ORIENTED_EDGE('',*,*,#3799,.F.);
#5705=ORIENTED_EDGE('',*,*,#4060,.T.);
#5706=ORIENTED_EDGE('',*,*,#4061,.T.);
#5707=ORIENTED_EDGE('',*,*,#4057,.F.);
#5708=ORIENTED_EDGE('',*,*,#3733,.T.);
#5709=ORIENTED_EDGE('',*,*,#3806,.F.);
#5710=ORIENTED_EDGE('',*,*,#4062,.T.);
#5711=ORIENTED_EDGE('',*,*,#4063,.T.);
#5712=ORIENTED_EDGE('',*,*,#4060,.F.);
#5713=ORIENTED_EDGE('',*,*,#3798,.F.);
#5714=ORIENTED_EDGE('',*,*,#3735,.T.);
#5715=ORIENTED_EDGE('',*,*,#3737,.T.);
#5716=ORIENTED_EDGE('',*,*,#3805,.F.);
#5717=ORIENTED_EDGE('',*,*,#4064,.T.);
#5718=ORIENTED_EDGE('',*,*,#4065,.T.);
#5719=ORIENTED_EDGE('',*,*,#4062,.F.);
#5720=ORIENTED_EDGE('',*,*,#3804,.F.);
#5721=ORIENTED_EDGE('',*,*,#4066,.T.);
#5722=ORIENTED_EDGE('',*,*,#4067,.T.);
#5723=ORIENTED_EDGE('',*,*,#4064,.F.);
#5724=ORIENTED_EDGE('',*,*,#3803,.F.);
#5725=ORIENTED_EDGE('',*,*,#4068,.T.);
#5726=ORIENTED_EDGE('',*,*,#4069,.T.);
#5727=ORIENTED_EDGE('',*,*,#4066,.F.);
#5728=ORIENTED_EDGE('',*,*,#3802,.F.);
#5729=ORIENTED_EDGE('',*,*,#4070,.T.);
#5730=ORIENTED_EDGE('',*,*,#4071,.T.);
#5731=ORIENTED_EDGE('',*,*,#4068,.F.);
#5732=ORIENTED_EDGE('',*,*,#3801,.F.);
#5733=ORIENTED_EDGE('',*,*,#4059,.T.);
#5734=ORIENTED_EDGE('',*,*,#4072,.T.);
#5735=ORIENTED_EDGE('',*,*,#4070,.F.);
#5736=ORIENTED_EDGE('',*,*,#4072,.F.);
#5737=ORIENTED_EDGE('',*,*,#4058,.F.);
#5738=ORIENTED_EDGE('',*,*,#4061,.F.);
#5739=ORIENTED_EDGE('',*,*,#4063,.F.);
#5740=ORIENTED_EDGE('',*,*,#4065,.F.);
#5741=ORIENTED_EDGE('',*,*,#4067,.F.);
#5742=ORIENTED_EDGE('',*,*,#4069,.F.);
#5743=ORIENTED_EDGE('',*,*,#4071,.F.);
#5744=ORIENTED_EDGE('',*,*,#3697,.T.);
#5745=ORIENTED_EDGE('',*,*,#3791,.F.);
#5746=ORIENTED_EDGE('',*,*,#4073,.T.);
#5747=ORIENTED_EDGE('',*,*,#4074,.T.);
#5748=ORIENTED_EDGE('',*,*,#4075,.F.);
#5749=ORIENTED_EDGE('',*,*,#3790,.F.);
#5750=ORIENTED_EDGE('',*,*,#4076,.T.);
#5751=ORIENTED_EDGE('',*,*,#4077,.T.);
#5752=ORIENTED_EDGE('',*,*,#4073,.F.);
#5753=ORIENTED_EDGE('',*,*,#3738,.T.);
#5754=ORIENTED_EDGE('',*,*,#3797,.F.);
#5755=ORIENTED_EDGE('',*,*,#4078,.T.);
#5756=ORIENTED_EDGE('',*,*,#4079,.T.);
#5757=ORIENTED_EDGE('',*,*,#4076,.F.);
#5758=ORIENTED_EDGE('',*,*,#3789,.F.);
#5759=ORIENTED_EDGE('',*,*,#3740,.T.);
#5760=ORIENTED_EDGE('',*,*,#3742,.T.);
#5761=ORIENTED_EDGE('',*,*,#3796,.F.);
#5762=ORIENTED_EDGE('',*,*,#4080,.T.);
#5763=ORIENTED_EDGE('',*,*,#4081,.T.);
#5764=ORIENTED_EDGE('',*,*,#4078,.F.);
#5765=ORIENTED_EDGE('',*,*,#3795,.F.);
#5766=ORIENTED_EDGE('',*,*,#4082,.T.);
#5767=ORIENTED_EDGE('',*,*,#4083,.T.);
#5768=ORIENTED_EDGE('',*,*,#4080,.F.);
#5769=ORIENTED_EDGE('',*,*,#3794,.F.);
#5770=ORIENTED_EDGE('',*,*,#4084,.T.);
#5771=ORIENTED_EDGE('',*,*,#4085,.T.);
#5772=ORIENTED_EDGE('',*,*,#4082,.F.);
#5773=ORIENTED_EDGE('',*,*,#3793,.F.);
#5774=ORIENTED_EDGE('',*,*,#4086,.T.);
#5775=ORIENTED_EDGE('',*,*,#4087,.T.);
#5776=ORIENTED_EDGE('',*,*,#4084,.F.);
#5777=ORIENTED_EDGE('',*,*,#3792,.F.);
#5778=ORIENTED_EDGE('',*,*,#4075,.T.);
#5779=ORIENTED_EDGE('',*,*,#4088,.T.);
#5780=ORIENTED_EDGE('',*,*,#4086,.F.);
#5781=ORIENTED_EDGE('',*,*,#4088,.F.);
#5782=ORIENTED_EDGE('',*,*,#4074,.F.);
#5783=ORIENTED_EDGE('',*,*,#4077,.F.);
#5784=ORIENTED_EDGE('',*,*,#4079,.F.);
#5785=ORIENTED_EDGE('',*,*,#4081,.F.);
#5786=ORIENTED_EDGE('',*,*,#4083,.F.);
#5787=ORIENTED_EDGE('',*,*,#4085,.F.);
#5788=ORIENTED_EDGE('',*,*,#4087,.F.);
#5789=ORIENTED_EDGE('',*,*,#3705,.T.);
#5790=ORIENTED_EDGE('',*,*,#3784,.F.);
#5791=ORIENTED_EDGE('',*,*,#4089,.T.);
#5792=ORIENTED_EDGE('',*,*,#4090,.T.);
#5793=ORIENTED_EDGE('',*,*,#4091,.F.);
#5794=ORIENTED_EDGE('',*,*,#3783,.F.);
#5795=ORIENTED_EDGE('',*,*,#4092,.T.);
#5796=ORIENTED_EDGE('',*,*,#4093,.T.);
#5797=ORIENTED_EDGE('',*,*,#4089,.F.);
#5798=ORIENTED_EDGE('',*,*,#3782,.F.);
#5799=ORIENTED_EDGE('',*,*,#4094,.T.);
#5800=ORIENTED_EDGE('',*,*,#4095,.T.);
#5801=ORIENTED_EDGE('',*,*,#4092,.F.);
#5802=ORIENTED_EDGE('',*,*,#3781,.F.);
#5803=ORIENTED_EDGE('',*,*,#4096,.T.);
#5804=ORIENTED_EDGE('',*,*,#4097,.T.);
#5805=ORIENTED_EDGE('',*,*,#4094,.F.);
#5806=ORIENTED_EDGE('',*,*,#3758,.T.);
#5807=ORIENTED_EDGE('',*,*,#3788,.F.);
#5808=ORIENTED_EDGE('',*,*,#4098,.T.);
#5809=ORIENTED_EDGE('',*,*,#4099,.T.);
#5810=ORIENTED_EDGE('',*,*,#4096,.F.);
#5811=ORIENTED_EDGE('',*,*,#3780,.F.);
#5812=ORIENTED_EDGE('',*,*,#3760,.T.);
#5813=ORIENTED_EDGE('',*,*,#3762,.T.);
#5814=ORIENTED_EDGE('',*,*,#3787,.F.);
#5815=ORIENTED_EDGE('',*,*,#4100,.T.);
#5816=ORIENTED_EDGE('',*,*,#4101,.T.);
#5817=ORIENTED_EDGE('',*,*,#4098,.F.);
#5818=ORIENTED_EDGE('',*,*,#3786,.F.);
#5819=ORIENTED_EDGE('',*,*,#4102,.T.);
#5820=ORIENTED_EDGE('',*,*,#4103,.T.);
#5821=ORIENTED_EDGE('',*,*,#4100,.F.);
#5822=ORIENTED_EDGE('',*,*,#3785,.F.);
#5823=ORIENTED_EDGE('',*,*,#4091,.T.);
#5824=ORIENTED_EDGE('',*,*,#4104,.T.);
#5825=ORIENTED_EDGE('',*,*,#4102,.F.);
#5826=ORIENTED_EDGE('',*,*,#4104,.F.);
#5827=ORIENTED_EDGE('',*,*,#4090,.F.);
#5828=ORIENTED_EDGE('',*,*,#4093,.F.);
#5829=ORIENTED_EDGE('',*,*,#4095,.F.);
#5830=ORIENTED_EDGE('',*,*,#4097,.F.);
#5831=ORIENTED_EDGE('',*,*,#4099,.F.);
#5832=ORIENTED_EDGE('',*,*,#4101,.F.);
#5833=ORIENTED_EDGE('',*,*,#4103,.F.);
#5834=ORIENTED_EDGE('',*,*,#3707,.T.);
#5835=ORIENTED_EDGE('',*,*,#3778,.F.);
#5836=ORIENTED_EDGE('',*,*,#4105,.T.);
#5837=ORIENTED_EDGE('',*,*,#4106,.F.);
#5838=ORIENTED_EDGE('',*,*,#4105,.F.);
#5839=ORIENTED_EDGE('',*,*,#3779,.F.);
#5840=ORIENTED_EDGE('',*,*,#4107,.T.);
#5841=ORIENTED_EDGE('',*,*,#3578,.T.);
#5842=ORIENTED_EDGE('',*,*,#4107,.F.);
#5843=ORIENTED_EDGE('',*,*,#3555,.F.);
#5844=ORIENTED_EDGE('',*,*,#3636,.T.);
#5845=ORIENTED_EDGE('',*,*,#3640,.T.);
#5846=ORIENTED_EDGE('',*,*,#3638,.T.);
#5847=ORIENTED_EDGE('',*,*,#3632,.F.);
#5848=ORIENTED_EDGE('',*,*,#3630,.T.);
#5849=ORIENTED_EDGE('',*,*,#3628,.F.);
#5850=ORIENTED_EDGE('',*,*,#3626,.T.);
#5851=ORIENTED_EDGE('',*,*,#3624,.F.);
#5852=ORIENTED_EDGE('',*,*,#3622,.T.);
#5853=ORIENTED_EDGE('',*,*,#3619,.F.);
#5854=ORIENTED_EDGE('',*,*,#3637,.T.);
#5855=ORIENTED_EDGE('',*,*,#3617,.F.);
#5856=ORIENTED_EDGE('',*,*,#3612,.T.);
#5857=ORIENTED_EDGE('',*,*,#3610,.F.);
#5858=ORIENTED_EDGE('',*,*,#3616,.T.);
#5859=ORIENTED_EDGE('',*,*,#3614,.F.);
#5860=ORIENTED_EDGE('',*,*,#3607,.T.);
#5861=ORIENTED_EDGE('',*,*,#3604,.F.);
#5862=ORIENTED_EDGE('',*,*,#3634,.T.);
#5863=ORIENTED_EDGE('',*,*,#3602,.F.);
#5864=ORIENTED_EDGE('',*,*,#3600,.T.);
#5865=ORIENTED_EDGE('',*,*,#3219,.T.);
#5866=ORIENTED_EDGE('',*,*,#3258,.T.);
#5867=ORIENTED_EDGE('',*,*,#3255,.T.);
#5868=ORIENTED_EDGE('',*,*,#3252,.T.);
#5869=ORIENTED_EDGE('',*,*,#3249,.T.);
#5870=ORIENTED_EDGE('',*,*,#3246,.T.);
#5871=ORIENTED_EDGE('',*,*,#3243,.T.);
#5872=ORIENTED_EDGE('',*,*,#3240,.T.);
#5873=ORIENTED_EDGE('',*,*,#3237,.T.);
#5874=ORIENTED_EDGE('',*,*,#3234,.T.);
#5875=ORIENTED_EDGE('',*,*,#3231,.T.);
#5876=ORIENTED_EDGE('',*,*,#3228,.T.);
#5877=ORIENTED_EDGE('',*,*,#3225,.T.);
#5878=ORIENTED_EDGE('',*,*,#3222,.T.);
#5879=ORIENTED_EDGE('',*,*,#3261,.T.);
#5880=ORIENTED_EDGE('',*,*,#3300,.T.);
#5881=ORIENTED_EDGE('',*,*,#3297,.T.);
#5882=ORIENTED_EDGE('',*,*,#3294,.T.);
#5883=ORIENTED_EDGE('',*,*,#3291,.T.);
#5884=ORIENTED_EDGE('',*,*,#3288,.T.);
#5885=ORIENTED_EDGE('',*,*,#3285,.T.);
#5886=ORIENTED_EDGE('',*,*,#3282,.T.);
#5887=ORIENTED_EDGE('',*,*,#3279,.T.);
#5888=ORIENTED_EDGE('',*,*,#3276,.T.);
#5889=ORIENTED_EDGE('',*,*,#3273,.T.);
#5890=ORIENTED_EDGE('',*,*,#3270,.T.);
#5891=ORIENTED_EDGE('',*,*,#3267,.T.);
#5892=ORIENTED_EDGE('',*,*,#3264,.T.);
#5893=ORIENTED_EDGE('',*,*,#3303,.T.);
#5894=ORIENTED_EDGE('',*,*,#3342,.T.);
#5895=ORIENTED_EDGE('',*,*,#3339,.T.);
#5896=ORIENTED_EDGE('',*,*,#3336,.T.);
#5897=ORIENTED_EDGE('',*,*,#3333,.T.);
#5898=ORIENTED_EDGE('',*,*,#3330,.T.);
#5899=ORIENTED_EDGE('',*,*,#3327,.T.);
#5900=ORIENTED_EDGE('',*,*,#3324,.T.);
#5901=ORIENTED_EDGE('',*,*,#3321,.T.);
#5902=ORIENTED_EDGE('',*,*,#3318,.T.);
#5903=ORIENTED_EDGE('',*,*,#3315,.T.);
#5904=ORIENTED_EDGE('',*,*,#3312,.T.);
#5905=ORIENTED_EDGE('',*,*,#3309,.T.);
#5906=ORIENTED_EDGE('',*,*,#3306,.T.);
#5907=ORIENTED_EDGE('',*,*,#3345,.T.);
#5908=ORIENTED_EDGE('',*,*,#3384,.T.);
#5909=ORIENTED_EDGE('',*,*,#3381,.T.);
#5910=ORIENTED_EDGE('',*,*,#3378,.T.);
#5911=ORIENTED_EDGE('',*,*,#3375,.T.);
#5912=ORIENTED_EDGE('',*,*,#3372,.T.);
#5913=ORIENTED_EDGE('',*,*,#3369,.T.);
#5914=ORIENTED_EDGE('',*,*,#3366,.T.);
#5915=ORIENTED_EDGE('',*,*,#3363,.T.);
#5916=ORIENTED_EDGE('',*,*,#3360,.T.);
#5917=ORIENTED_EDGE('',*,*,#3357,.T.);
#5918=ORIENTED_EDGE('',*,*,#3354,.T.);
#5919=ORIENTED_EDGE('',*,*,#3351,.T.);
#5920=ORIENTED_EDGE('',*,*,#3348,.T.);
#5921=ORIENTED_EDGE('',*,*,#3387,.T.);
#5922=ORIENTED_EDGE('',*,*,#3426,.T.);
#5923=ORIENTED_EDGE('',*,*,#3423,.T.);
#5924=ORIENTED_EDGE('',*,*,#3420,.T.);
#5925=ORIENTED_EDGE('',*,*,#3417,.T.);
#5926=ORIENTED_EDGE('',*,*,#3414,.T.);
#5927=ORIENTED_EDGE('',*,*,#3411,.T.);
#5928=ORIENTED_EDGE('',*,*,#3408,.T.);
#5929=ORIENTED_EDGE('',*,*,#3405,.T.);
#5930=ORIENTED_EDGE('',*,*,#3402,.T.);
#5931=ORIENTED_EDGE('',*,*,#3399,.T.);
#5932=ORIENTED_EDGE('',*,*,#3396,.T.);
#5933=ORIENTED_EDGE('',*,*,#3393,.T.);
#5934=ORIENTED_EDGE('',*,*,#3390,.T.);
#5935=ORIENTED_EDGE('',*,*,#3429,.T.);
#5936=ORIENTED_EDGE('',*,*,#3468,.T.);
#5937=ORIENTED_EDGE('',*,*,#3465,.T.);
#5938=ORIENTED_EDGE('',*,*,#3462,.T.);
#5939=ORIENTED_EDGE('',*,*,#3459,.T.);
#5940=ORIENTED_EDGE('',*,*,#3456,.T.);
#5941=ORIENTED_EDGE('',*,*,#3453,.T.);
#5942=ORIENTED_EDGE('',*,*,#3450,.T.);
#5943=ORIENTED_EDGE('',*,*,#3447,.T.);
#5944=ORIENTED_EDGE('',*,*,#3444,.T.);
#5945=ORIENTED_EDGE('',*,*,#3441,.T.);
#5946=ORIENTED_EDGE('',*,*,#3438,.T.);
#5947=ORIENTED_EDGE('',*,*,#3435,.T.);
#5948=ORIENTED_EDGE('',*,*,#3432,.T.);
#5949=ORIENTED_EDGE('',*,*,#3471,.T.);
#5950=ORIENTED_EDGE('',*,*,#3510,.T.);
#5951=ORIENTED_EDGE('',*,*,#3507,.T.);
#5952=ORIENTED_EDGE('',*,*,#3504,.T.);
#5953=ORIENTED_EDGE('',*,*,#3501,.T.);
#5954=ORIENTED_EDGE('',*,*,#3498,.T.);
#5955=ORIENTED_EDGE('',*,*,#3495,.T.);
#5956=ORIENTED_EDGE('',*,*,#3492,.T.);
#5957=ORIENTED_EDGE('',*,*,#3489,.T.);
#5958=ORIENTED_EDGE('',*,*,#3486,.T.);
#5959=ORIENTED_EDGE('',*,*,#3483,.T.);
#5960=ORIENTED_EDGE('',*,*,#3480,.T.);
#5961=ORIENTED_EDGE('',*,*,#3477,.T.);
#5962=ORIENTED_EDGE('',*,*,#3474,.T.);
#5963=ORIENTED_EDGE('',*,*,#3534,.T.);
#5964=ORIENTED_EDGE('',*,*,#3531,.T.);
#5965=ORIENTED_EDGE('',*,*,#3528,.T.);
#5966=ORIENTED_EDGE('',*,*,#3525,.T.);
#5967=ORIENTED_EDGE('',*,*,#3522,.T.);
#5968=ORIENTED_EDGE('',*,*,#3519,.T.);
#5969=ORIENTED_EDGE('',*,*,#3516,.T.);
#5970=ORIENTED_EDGE('',*,*,#3513,.T.);
#5971=ORIENTED_EDGE('',*,*,#3552,.T.);
#5972=ORIENTED_EDGE('',*,*,#3549,.T.);
#5973=ORIENTED_EDGE('',*,*,#3546,.T.);
#5974=ORIENTED_EDGE('',*,*,#3543,.T.);
#5975=ORIENTED_EDGE('',*,*,#3540,.T.);
#5976=ORIENTED_EDGE('',*,*,#3537,.T.);
#5977=ORIENTED_EDGE('',*,*,#3671,.T.);
#5978=ORIENTED_EDGE('',*,*,#3673,.T.);
#5979=ORIENTED_EDGE('',*,*,#3675,.T.);
#5980=ORIENTED_EDGE('',*,*,#3677,.T.);
#5981=ORIENTED_EDGE('',*,*,#3679,.T.);
#5982=ORIENTED_EDGE('',*,*,#3681,.T.);
#5983=ORIENTED_EDGE('',*,*,#3683,.T.);
#5984=ORIENTED_EDGE('',*,*,#3685,.T.);
#5985=ORIENTED_EDGE('',*,*,#4106,.T.);
#5986=CYLINDRICAL_SURFACE('',#6569,2.09999999999999);
#5987=CYLINDRICAL_SURFACE('',#6573,2.1);
#5988=CYLINDRICAL_SURFACE('',#6577,2.09999999999999);
#5989=CYLINDRICAL_SURFACE('',#6581,2.1);
#5990=CYLINDRICAL_SURFACE('',#6585,2.09999999999999);
#5991=CYLINDRICAL_SURFACE('',#6589,2.1);
#5992=CYLINDRICAL_SURFACE('',#6593,2.09999999999999);
#5993=CYLINDRICAL_SURFACE('',#6597,2.1);
#5994=CYLINDRICAL_SURFACE('',#6601,2.09999999999999);
#5995=CYLINDRICAL_SURFACE('',#6605,2.1);
#5996=CYLINDRICAL_SURFACE('',#6609,2.09999999999999);
#5997=CYLINDRICAL_SURFACE('',#6613,2.1);
#5998=CYLINDRICAL_SURFACE('',#6617,2.09999999999999);
#5999=CYLINDRICAL_SURFACE('',#6621,2.1);
#6000=CYLINDRICAL_SURFACE('',#6625,2.09999999999999);
#6001=CYLINDRICAL_SURFACE('',#6629,2.1);
#6002=CYLINDRICAL_SURFACE('',#6634,112.800000000553);
#6003=CYLINDRICAL_SURFACE('',#6637,2.40000000001176);
#6004=CYLINDRICAL_SURFACE('',#6641,2.40000000001177);
#6005=CYLINDRICAL_SURFACE('',#6644,99.6000000004885);
#6006=CYLINDRICAL_SURFACE('',#6647,2.40332530731345);
#6007=CYLINDRICAL_SURFACE('',#6651,2.40000000001176);
#6008=CYLINDRICAL_SURFACE('',#6654,112.800000000287);
#6009=CYLINDRICAL_SURFACE('',#6658,2.40000000001175);
#6010=CYLINDRICAL_SURFACE('',#6661,115.400000000566);
#6011=CYLINDRICAL_SURFACE('',#6664,2.40000000001175);
#6012=CYLINDRICAL_SURFACE('',#6668,112.800000000553);
#6013=CYLINDRICAL_SURFACE('',#6671,2.40000000001176);
#6014=CYLINDRICAL_SURFACE('',#6675,2.40000000001177);
#6015=CYLINDRICAL_SURFACE('',#6678,99.6000000004885);
#6016=CYLINDRICAL_SURFACE('',#6681,2.40332530731345);
#6017=CYLINDRICAL_SURFACE('',#6685,2.40000000001176);
#6018=CYLINDRICAL_SURFACE('',#6688,112.800000000287);
#6019=CYLINDRICAL_SURFACE('',#6692,2.40000000001175);
#6020=CYLINDRICAL_SURFACE('',#6695,115.400000000566);
#6021=CYLINDRICAL_SURFACE('',#6698,2.40000000001175);
#6022=CYLINDRICAL_SURFACE('',#6702,112.800000000553);
#6023=CYLINDRICAL_SURFACE('',#6705,2.40000000001176);
#6024=CYLINDRICAL_SURFACE('',#6709,2.40000000001177);
#6025=CYLINDRICAL_SURFACE('',#6712,99.6000000004885);
#6026=CYLINDRICAL_SURFACE('',#6715,2.40332530731345);
#6027=CYLINDRICAL_SURFACE('',#6719,2.40000000001176);
#6028=CYLINDRICAL_SURFACE('',#6722,112.800000000287);
#6029=CYLINDRICAL_SURFACE('',#6726,2.40000000001175);
#6030=CYLINDRICAL_SURFACE('',#6729,115.400000000566);
#6031=CYLINDRICAL_SURFACE('',#6732,2.40000000001175);
#6032=CYLINDRICAL_SURFACE('',#6736,112.800000000553);
#6033=CYLINDRICAL_SURFACE('',#6739,2.40000000001176);
#6034=CYLINDRICAL_SURFACE('',#6743,2.40000000001177);
#6035=CYLINDRICAL_SURFACE('',#6746,99.6000000004885);
#6036=CYLINDRICAL_SURFACE('',#6749,2.40332530731345);
#6037=CYLINDRICAL_SURFACE('',#6753,2.40000000001176);
#6038=CYLINDRICAL_SURFACE('',#6756,112.800000000287);
#6039=CYLINDRICAL_SURFACE('',#6760,2.40000000001175);
#6040=CYLINDRICAL_SURFACE('',#6763,115.400000000566);
#6041=CYLINDRICAL_SURFACE('',#6766,2.40000000001175);
#6042=CYLINDRICAL_SURFACE('',#6770,112.800000000553);
#6043=CYLINDRICAL_SURFACE('',#6773,2.40000000001176);
#6044=CYLINDRICAL_SURFACE('',#6777,2.40000000001177);
#6045=CYLINDRICAL_SURFACE('',#6780,99.6000000004885);
#6046=CYLINDRICAL_SURFACE('',#6783,2.40332530731345);
#6047=CYLINDRICAL_SURFACE('',#6787,2.40000000001176);
#6048=CYLINDRICAL_SURFACE('',#6790,112.800000000287);
#6049=CYLINDRICAL_SURFACE('',#6794,2.40000000001175);
#6050=CYLINDRICAL_SURFACE('',#6797,115.400000000566);
#6051=CYLINDRICAL_SURFACE('',#6800,2.40000000001175);
#6052=CYLINDRICAL_SURFACE('',#6804,112.800000000553);
#6053=CYLINDRICAL_SURFACE('',#6807,2.40000000001176);
#6054=CYLINDRICAL_SURFACE('',#6811,2.40000000001177);
#6055=CYLINDRICAL_SURFACE('',#6814,99.6000000004885);
#6056=CYLINDRICAL_SURFACE('',#6817,2.40332530731345);
#6057=CYLINDRICAL_SURFACE('',#6821,2.40000000001176);
#6058=CYLINDRICAL_SURFACE('',#6824,112.800000000287);
#6059=CYLINDRICAL_SURFACE('',#6828,2.40000000001175);
#6060=CYLINDRICAL_SURFACE('',#6831,115.400000000566);
#6061=CYLINDRICAL_SURFACE('',#6834,2.40000000001175);
#6062=CYLINDRICAL_SURFACE('',#6838,112.800000000553);
#6063=CYLINDRICAL_SURFACE('',#6841,2.40000000001176);
#6064=CYLINDRICAL_SURFACE('',#6845,2.40000000001177);
#6065=CYLINDRICAL_SURFACE('',#6848,99.6000000004885);
#6066=CYLINDRICAL_SURFACE('',#6851,2.40332530731345);
#6067=CYLINDRICAL_SURFACE('',#6855,2.40000000001176);
#6068=CYLINDRICAL_SURFACE('',#6858,112.800000000287);
#6069=CYLINDRICAL_SURFACE('',#6862,2.40000000001175);
#6070=CYLINDRICAL_SURFACE('',#6865,115.400000000566);
#6071=CYLINDRICAL_SURFACE('',#6868,2.40000000001175);
#6072=CYLINDRICAL_SURFACE('',#6872,112.800000000553);
#6073=CYLINDRICAL_SURFACE('',#6875,2.40000000001176);
#6074=CYLINDRICAL_SURFACE('',#6879,2.40000000001177);
#6075=CYLINDRICAL_SURFACE('',#6882,99.6000000004885);
#6076=CYLINDRICAL_SURFACE('',#6885,2.40332530731345);
#6077=CYLINDRICAL_SURFACE('',#6889,2.40000000001176);
#6078=CYLINDRICAL_SURFACE('',#6892,112.800000000287);
#6079=CYLINDRICAL_SURFACE('',#6896,2.40000000001175);
#6080=CYLINDRICAL_SURFACE('',#6899,115.400000000566);
#6081=CYLINDRICAL_SURFACE('',#6902,2.40000000001175);
#6082=CYLINDRICAL_SURFACE('',#6905,2.);
#6083=CYLINDRICAL_SURFACE('',#6942,2.);
#6084=CYLINDRICAL_SURFACE('',#6944,2.);
#6085=CYLINDRICAL_SURFACE('',#6947,2.);
#6086=CYLINDRICAL_SURFACE('',#6950,2.);
#6087=CYLINDRICAL_SURFACE('',#6953,2.);
#6088=CYLINDRICAL_SURFACE('',#6955,2.);
#6089=CYLINDRICAL_SURFACE('',#6958,2.);
#6090=CYLINDRICAL_SURFACE('',#6961,2.);
#6091=CYLINDRICAL_SURFACE('',#6964,2.);
#6092=CYLINDRICAL_SURFACE('',#6970,120.);
#6093=CYLINDRICAL_SURFACE('',#6972,2.1);
#6094=CYLINDRICAL_SURFACE('',#6976,2.1);
#6095=CYLINDRICAL_SURFACE('',#6980,2.1);
#6096=CYLINDRICAL_SURFACE('',#6984,2.1);
#6097=CYLINDRICAL_SURFACE('',#6988,2.1);
#6098=CYLINDRICAL_SURFACE('',#6992,2.1);
#6099=CYLINDRICAL_SURFACE('',#6996,2.1);
#6100=CYLINDRICAL_SURFACE('',#7000,2.1);
#6101=CYLINDRICAL_SURFACE('',#7004,2.1);
#6102=CYLINDRICAL_SURFACE('',#7008,2.1);
#6103=CYLINDRICAL_SURFACE('',#7012,2.15);
#6104=CYLINDRICAL_SURFACE('',#7014,2.15);
#6105=CYLINDRICAL_SURFACE('',#7016,2.15);
#6106=CYLINDRICAL_SURFACE('',#7018,2.15);
#6107=CYLINDRICAL_SURFACE('',#7020,2.15);
#6108=CYLINDRICAL_SURFACE('',#7022,2.15);
#6109=CYLINDRICAL_SURFACE('',#7024,2.15);
#6110=CYLINDRICAL_SURFACE('',#7026,2.15);
#6111=CYLINDRICAL_SURFACE('',#7028,2.00000000000004);
#6112=CYLINDRICAL_SURFACE('',#7030,2.00000000000001);
#6113=CYLINDRICAL_SURFACE('',#7032,2.00000000000007);
#6114=CYLINDRICAL_SURFACE('',#7034,2.00000000000035);
#6115=CYLINDRICAL_SURFACE('',#7036,2.00000000000008);
#6116=CYLINDRICAL_SURFACE('',#7038,2.00000000000007);
#6117=CYLINDRICAL_SURFACE('',#7040,2.0000000000016);
#6118=CYLINDRICAL_SURFACE('',#7042,2.);
#6119=CYLINDRICAL_SURFACE('',#7044,2.00000000000026);
#6120=CYLINDRICAL_SURFACE('',#7046,2.00000000000011);
#6121=CYLINDRICAL_SURFACE('',#7048,2.00000000000009);
#6122=CYLINDRICAL_SURFACE('',#7050,2.00000000000011);
#6123=CYLINDRICAL_SURFACE('',#7052,2.00000000000003);
#6124=CYLINDRICAL_SURFACE('',#7054,0.750000000000132);
#6125=CYLINDRICAL_SURFACE('',#7058,0.750000000000015);
#6126=CYLINDRICAL_SURFACE('',#7062,0.750000000000005);
#6127=CYLINDRICAL_SURFACE('',#7066,0.750000000000033);
#6128=CYLINDRICAL_SURFACE('',#7070,0.750000000000028);
#6129=CYLINDRICAL_SURFACE('',#7074,0.750000000000043);
#6130=CYLINDRICAL_SURFACE('',#7078,0.750000000000028);
#6131=CYLINDRICAL_SURFACE('',#7082,0.750000000000601);
#6132=CYLINDRICAL_SURFACE('',#7086,0.750000000000002);
#6133=CYLINDRICAL_SURFACE('',#7090,0.750000000000036);
#6134=CYLINDRICAL_SURFACE('',#7094,0.750000000000043);
#6135=CYLINDRICAL_SURFACE('',#7098,0.75000000000001);
#6136=CYLINDRICAL_SURFACE('',#7102,0.7500000000001);
#6137=CYLINDRICAL_SURFACE('',#7162,2.10000000000008);
#6138=CYLINDRICAL_SURFACE('',#7165,2.10000000000008);
#6139=CYLINDRICAL_SURFACE('',#7168,2.10000000000008);
#6140=CYLINDRICAL_SURFACE('',#7171,2.10000000000008);
#6141=CYLINDRICAL_SURFACE('',#7174,2.10000000000168);
#6142=CYLINDRICAL_SURFACE('',#7177,2.10000000000168);
#6143=CYLINDRICAL_SURFACE('',#7180,2.10000000000168);
#6144=CYLINDRICAL_SURFACE('',#7183,2.10000000000168);
#6145=CYLINDRICAL_SURFACE('',#7188,2.1);
#6146=CYLINDRICAL_SURFACE('',#7191,2.1);
#6147=CYLINDRICAL_SURFACE('',#7194,2.1);
#6148=CYLINDRICAL_SURFACE('',#7197,2.1);
#6149=CYLINDRICAL_SURFACE('',#7201,2.10000000000001);
#6150=CYLINDRICAL_SURFACE('',#7204,2.10000000000001);
#6151=CYLINDRICAL_SURFACE('',#7207,2.10000000000001);
#6152=CYLINDRICAL_SURFACE('',#7210,2.10000000000001);
#6153=CYLINDRICAL_SURFACE('',#7214,2.10000000000004);
#6154=CYLINDRICAL_SURFACE('',#7217,2.10000000000004);
#6155=CYLINDRICAL_SURFACE('',#7220,2.10000000000004);
#6156=CYLINDRICAL_SURFACE('',#7223,2.10000000000004);
#6157=CYLINDRICAL_SURFACE('',#7227,2.10000000000037);
#6158=CYLINDRICAL_SURFACE('',#7230,2.10000000000037);
#6159=CYLINDRICAL_SURFACE('',#7233,2.10000000000037);
#6160=CYLINDRICAL_SURFACE('',#7236,2.10000000000037);
#6161=CYLINDRICAL_SURFACE('',#7239,2.10000000000028);
#6162=CYLINDRICAL_SURFACE('',#7242,2.10000000000028);
#6163=CYLINDRICAL_SURFACE('',#7245,2.10000000000028);
#6164=CYLINDRICAL_SURFACE('',#7248,2.10000000000028);
#6165=CYLINDRICAL_SURFACE('',#7253,2.10000000000003);
#6166=CYLINDRICAL_SURFACE('',#7256,2.10000000000003);
#6167=CYLINDRICAL_SURFACE('',#7259,2.10000000000003);
#6168=CYLINDRICAL_SURFACE('',#7262,2.10000000000003);
#6169=CYLINDRICAL_SURFACE('',#7266,2.10000000000012);
#6170=CYLINDRICAL_SURFACE('',#7269,2.10000000000012);
#6171=CYLINDRICAL_SURFACE('',#7272,2.10000000000012);
#6172=CYLINDRICAL_SURFACE('',#7275,2.10000000000012);
#6173=CYLINDRICAL_SURFACE('',#7278,2.10000000000009);
#6174=CYLINDRICAL_SURFACE('',#7281,2.10000000000009);
#6175=CYLINDRICAL_SURFACE('',#7284,2.10000000000009);
#6176=CYLINDRICAL_SURFACE('',#7287,2.10000000000009);
#6177=CYLINDRICAL_SURFACE('',#7292,2.10000000000008);
#6178=CYLINDRICAL_SURFACE('',#7295,2.10000000000008);
#6179=CYLINDRICAL_SURFACE('',#7298,2.10000000000008);
#6180=CYLINDRICAL_SURFACE('',#7301,2.10000000000008);
#6181=CYLINDRICAL_SURFACE('',#7305,2.10000000000012);
#6182=CYLINDRICAL_SURFACE('',#7308,2.10000000000012);
#6183=CYLINDRICAL_SURFACE('',#7311,2.10000000000012);
#6184=CYLINDRICAL_SURFACE('',#7314,2.10000000000012);
#6185=CYLINDRICAL_SURFACE('',#7318,2.1000000000001);
#6186=CYLINDRICAL_SURFACE('',#7321,2.1000000000001);
#6187=CYLINDRICAL_SURFACE('',#7324,2.1000000000001);
#6188=CYLINDRICAL_SURFACE('',#7327,2.1000000000001);
#6189=CYLINDRICAL_SURFACE('',#7330,95.);
#6190=CYLINDRICAL_SURFACE('',#7332,60.);
#6191=ADVANCED_FACE('',(#265),#5986,.F.);
#6192=ADVANCED_FACE('',(#266),#115,.T.);
#6193=ADVANCED_FACE('',(#267),#5987,.F.);
#6194=ADVANCED_FACE('',(#268),#116,.T.);
#6195=ADVANCED_FACE('',(#269),#5988,.F.);
#6196=ADVANCED_FACE('',(#270),#117,.T.);
#6197=ADVANCED_FACE('',(#271),#5989,.F.);
#6198=ADVANCED_FACE('',(#272),#118,.T.);
#6199=ADVANCED_FACE('',(#273),#5990,.F.);
#6200=ADVANCED_FACE('',(#274),#119,.T.);
#6201=ADVANCED_FACE('',(#275),#5991,.F.);
#6202=ADVANCED_FACE('',(#276),#120,.T.);
#6203=ADVANCED_FACE('',(#277),#5992,.F.);
#6204=ADVANCED_FACE('',(#278),#121,.T.);
#6205=ADVANCED_FACE('',(#279),#5993,.F.);
#6206=ADVANCED_FACE('',(#280),#122,.T.);
#6207=ADVANCED_FACE('',(#281),#5994,.F.);
#6208=ADVANCED_FACE('',(#282),#123,.T.);
#6209=ADVANCED_FACE('',(#283),#5995,.F.);
#6210=ADVANCED_FACE('',(#284),#124,.T.);
#6211=ADVANCED_FACE('',(#285),#5996,.F.);
#6212=ADVANCED_FACE('',(#286),#125,.T.);
#6213=ADVANCED_FACE('',(#287),#5997,.F.);
#6214=ADVANCED_FACE('',(#288),#126,.T.);
#6215=ADVANCED_FACE('',(#289),#5998,.F.);
#6216=ADVANCED_FACE('',(#290),#127,.T.);
#6217=ADVANCED_FACE('',(#291),#5999,.F.);
#6218=ADVANCED_FACE('',(#292),#128,.T.);
#6219=ADVANCED_FACE('',(#293),#6000,.F.);
#6220=ADVANCED_FACE('',(#294),#129,.T.);
#6221=ADVANCED_FACE('',(#295),#6001,.F.);
#6222=ADVANCED_FACE('',(#296),#130,.T.);
#6223=ADVANCED_FACE('',(#297),#131,.F.);
#6224=ADVANCED_FACE('',(#298),#6002,.F.);
#6225=ADVANCED_FACE('',(#299),#6003,.F.);
#6226=ADVANCED_FACE('',(#300),#132,.F.);
#6227=ADVANCED_FACE('',(#301),#6004,.F.);
#6228=ADVANCED_FACE('',(#302),#6005,.T.);
#6229=ADVANCED_FACE('',(#303),#6006,.F.);
#6230=ADVANCED_FACE('',(#304),#133,.F.);
#6231=ADVANCED_FACE('',(#305),#6007,.F.);
#6232=ADVANCED_FACE('',(#306),#6008,.F.);
#6233=ADVANCED_FACE('',(#307),#134,.F.);
#6234=ADVANCED_FACE('',(#308),#6009,.F.);
#6235=ADVANCED_FACE('',(#309),#6010,.F.);
#6236=ADVANCED_FACE('',(#310),#6011,.F.);
#6237=ADVANCED_FACE('',(#311),#135,.F.);
#6238=ADVANCED_FACE('',(#312),#6012,.F.);
#6239=ADVANCED_FACE('',(#313),#6013,.F.);
#6240=ADVANCED_FACE('',(#314),#136,.F.);
#6241=ADVANCED_FACE('',(#315),#6014,.F.);
#6242=ADVANCED_FACE('',(#316),#6015,.T.);
#6243=ADVANCED_FACE('',(#317),#6016,.F.);
#6244=ADVANCED_FACE('',(#318),#137,.F.);
#6245=ADVANCED_FACE('',(#319),#6017,.F.);
#6246=ADVANCED_FACE('',(#320),#6018,.F.);
#6247=ADVANCED_FACE('',(#321),#138,.F.);
#6248=ADVANCED_FACE('',(#322),#6019,.F.);
#6249=ADVANCED_FACE('',(#323),#6020,.F.);
#6250=ADVANCED_FACE('',(#324),#6021,.F.);
#6251=ADVANCED_FACE('',(#325),#139,.F.);
#6252=ADVANCED_FACE('',(#326),#6022,.F.);
#6253=ADVANCED_FACE('',(#327),#6023,.F.);
#6254=ADVANCED_FACE('',(#328),#140,.F.);
#6255=ADVANCED_FACE('',(#329),#6024,.F.);
#6256=ADVANCED_FACE('',(#330),#6025,.T.);
#6257=ADVANCED_FACE('',(#331),#6026,.F.);
#6258=ADVANCED_FACE('',(#332),#141,.F.);
#6259=ADVANCED_FACE('',(#333),#6027,.F.);
#6260=ADVANCED_FACE('',(#334),#6028,.F.);
#6261=ADVANCED_FACE('',(#335),#142,.F.);
#6262=ADVANCED_FACE('',(#336),#6029,.F.);
#6263=ADVANCED_FACE('',(#337),#6030,.F.);
#6264=ADVANCED_FACE('',(#338),#6031,.F.);
#6265=ADVANCED_FACE('',(#339),#143,.F.);
#6266=ADVANCED_FACE('',(#340),#6032,.F.);
#6267=ADVANCED_FACE('',(#341),#6033,.F.);
#6268=ADVANCED_FACE('',(#342),#144,.F.);
#6269=ADVANCED_FACE('',(#343),#6034,.F.);
#6270=ADVANCED_FACE('',(#344),#6035,.T.);
#6271=ADVANCED_FACE('',(#345),#6036,.F.);
#6272=ADVANCED_FACE('',(#346),#145,.F.);
#6273=ADVANCED_FACE('',(#347),#6037,.F.);
#6274=ADVANCED_FACE('',(#348),#6038,.F.);
#6275=ADVANCED_FACE('',(#349),#146,.F.);
#6276=ADVANCED_FACE('',(#350),#6039,.F.);
#6277=ADVANCED_FACE('',(#351),#6040,.F.);
#6278=ADVANCED_FACE('',(#352),#6041,.F.);
#6279=ADVANCED_FACE('',(#353),#147,.F.);
#6280=ADVANCED_FACE('',(#354),#6042,.F.);
#6281=ADVANCED_FACE('',(#355),#6043,.F.);
#6282=ADVANCED_FACE('',(#356),#148,.F.);
#6283=ADVANCED_FACE('',(#357),#6044,.F.);
#6284=ADVANCED_FACE('',(#358),#6045,.T.);
#6285=ADVANCED_FACE('',(#359),#6046,.F.);
#6286=ADVANCED_FACE('',(#360),#149,.F.);
#6287=ADVANCED_FACE('',(#361),#6047,.F.);
#6288=ADVANCED_FACE('',(#362),#6048,.F.);
#6289=ADVANCED_FACE('',(#363),#150,.F.);
#6290=ADVANCED_FACE('',(#364),#6049,.F.);
#6291=ADVANCED_FACE('',(#365),#6050,.F.);
#6292=ADVANCED_FACE('',(#366),#6051,.F.);
#6293=ADVANCED_FACE('',(#367),#151,.F.);
#6294=ADVANCED_FACE('',(#368),#6052,.F.);
#6295=ADVANCED_FACE('',(#369),#6053,.F.);
#6296=ADVANCED_FACE('',(#370),#152,.F.);
#6297=ADVANCED_FACE('',(#371),#6054,.F.);
#6298=ADVANCED_FACE('',(#372),#6055,.T.);
#6299=ADVANCED_FACE('',(#373),#6056,.F.);
#6300=ADVANCED_FACE('',(#374),#153,.F.);
#6301=ADVANCED_FACE('',(#375),#6057,.F.);
#6302=ADVANCED_FACE('',(#376),#6058,.F.);
#6303=ADVANCED_FACE('',(#377),#154,.F.);
#6304=ADVANCED_FACE('',(#378),#6059,.F.);
#6305=ADVANCED_FACE('',(#379),#6060,.F.);
#6306=ADVANCED_FACE('',(#380),#6061,.F.);
#6307=ADVANCED_FACE('',(#381),#155,.F.);
#6308=ADVANCED_FACE('',(#382),#6062,.F.);
#6309=ADVANCED_FACE('',(#383),#6063,.F.);
#6310=ADVANCED_FACE('',(#384),#156,.F.);
#6311=ADVANCED_FACE('',(#385),#6064,.F.);
#6312=ADVANCED_FACE('',(#386),#6065,.T.);
#6313=ADVANCED_FACE('',(#387),#6066,.F.);
#6314=ADVANCED_FACE('',(#388),#157,.F.);
#6315=ADVANCED_FACE('',(#389),#6067,.F.);
#6316=ADVANCED_FACE('',(#390),#6068,.F.);
#6317=ADVANCED_FACE('',(#391),#158,.F.);
#6318=ADVANCED_FACE('',(#392),#6069,.F.);
#6319=ADVANCED_FACE('',(#393),#6070,.F.);
#6320=ADVANCED_FACE('',(#394),#6071,.F.);
#6321=ADVANCED_FACE('',(#395),#159,.F.);
#6322=ADVANCED_FACE('',(#396),#6072,.F.);
#6323=ADVANCED_FACE('',(#397),#6073,.F.);
#6324=ADVANCED_FACE('',(#398),#160,.F.);
#6325=ADVANCED_FACE('',(#399),#6074,.F.);
#6326=ADVANCED_FACE('',(#400),#6075,.T.);
#6327=ADVANCED_FACE('',(#401),#6076,.F.);
#6328=ADVANCED_FACE('',(#402),#161,.F.);
#6329=ADVANCED_FACE('',(#403),#6077,.F.);
#6330=ADVANCED_FACE('',(#404),#6078,.F.);
#6331=ADVANCED_FACE('',(#405),#162,.F.);
#6332=ADVANCED_FACE('',(#406),#6079,.F.);
#6333=ADVANCED_FACE('',(#407),#6080,.F.);
#6334=ADVANCED_FACE('',(#408),#6081,.F.);
#6335=ADVANCED_FACE('',(#409),#6082,.T.);
#6336=ADVANCED_FACE('',(#410,#15,#16,#17,#18,#19,#20,#21,#22,#23,#24,#25,
#26,#27,#28,#29,#30,#31,#32,#33,#34,#35,#36,#37,#38,#39,#40,#41,#42,#43,
#44,#45,#46,#47,#48,#49,#50,#51,#52,#53,#54,#55,#56,#57,#58,#59,#60),#163,
 .F.);
#6337=ADVANCED_FACE('',(#411),#164,.T.);
#6338=ADVANCED_FACE('',(#412),#6083,.T.);
#6339=ADVANCED_FACE('',(#413),#6084,.F.);
#6340=ADVANCED_FACE('',(#414),#165,.T.);
#6341=ADVANCED_FACE('',(#415),#6085,.T.);
#6342=ADVANCED_FACE('',(#416),#166,.T.);
#6343=ADVANCED_FACE('',(#417),#6086,.F.);
#6344=ADVANCED_FACE('',(#418),#167,.T.);
#6345=ADVANCED_FACE('',(#419),#6087,.T.);
#6346=ADVANCED_FACE('',(#420),#6088,.F.);
#6347=ADVANCED_FACE('',(#421),#168,.T.);
#6348=ADVANCED_FACE('',(#422),#6089,.F.);
#6349=ADVANCED_FACE('',(#423),#169,.T.);
#6350=ADVANCED_FACE('',(#424),#6090,.T.);
#6351=ADVANCED_FACE('',(#425),#170,.T.);
#6352=ADVANCED_FACE('',(#426),#6091,.T.);
#6353=ADVANCED_FACE('',(#427),#171,.T.);
#6354=ADVANCED_FACE('',(#428),#172,.T.);
#6355=ADVANCED_FACE('',(#429),#173,.T.);
#6356=ADVANCED_FACE('',(#430),#174,.T.);
#6357=ADVANCED_FACE('',(#431),#6092,.T.);
#6358=ADVANCED_FACE('',(#432),#6093,.F.);
#6359=ADVANCED_FACE('',(#433),#175,.T.);
#6360=ADVANCED_FACE('',(#434),#6094,.F.);
#6361=ADVANCED_FACE('',(#435),#176,.T.);
#6362=ADVANCED_FACE('',(#436),#6095,.F.);
#6363=ADVANCED_FACE('',(#437),#177,.T.);
#6364=ADVANCED_FACE('',(#438),#6096,.F.);
#6365=ADVANCED_FACE('',(#439),#178,.T.);
#6366=ADVANCED_FACE('',(#440),#6097,.F.);
#6367=ADVANCED_FACE('',(#441),#179,.T.);
#6368=ADVANCED_FACE('',(#442),#6098,.F.);
#6369=ADVANCED_FACE('',(#443),#180,.T.);
#6370=ADVANCED_FACE('',(#444),#6099,.F.);
#6371=ADVANCED_FACE('',(#445),#181,.T.);
#6372=ADVANCED_FACE('',(#446),#6100,.F.);
#6373=ADVANCED_FACE('',(#447),#182,.T.);
#6374=ADVANCED_FACE('',(#448),#6101,.F.);
#6375=ADVANCED_FACE('',(#449),#183,.T.);
#6376=ADVANCED_FACE('',(#450),#6102,.F.);
#6377=ADVANCED_FACE('',(#451),#184,.T.);
#6378=ADVANCED_FACE('',(#452),#6103,.F.);
#6379=ADVANCED_FACE('',(#453),#6104,.F.);
#6380=ADVANCED_FACE('',(#454),#6105,.F.);
#6381=ADVANCED_FACE('',(#455),#6106,.F.);
#6382=ADVANCED_FACE('',(#456),#6107,.F.);
#6383=ADVANCED_FACE('',(#457),#6108,.F.);
#6384=ADVANCED_FACE('',(#458),#6109,.F.);
#6385=ADVANCED_FACE('',(#459),#6110,.F.);
#6386=ADVANCED_FACE('',(#460),#6111,.F.);
#6387=ADVANCED_FACE('',(#461),#6112,.F.);
#6388=ADVANCED_FACE('',(#462),#6113,.F.);
#6389=ADVANCED_FACE('',(#463),#6114,.F.);
#6390=ADVANCED_FACE('',(#464),#6115,.F.);
#6391=ADVANCED_FACE('',(#465),#6116,.F.);
#6392=ADVANCED_FACE('',(#466),#6117,.F.);
#6393=ADVANCED_FACE('',(#467),#6118,.F.);
#6394=ADVANCED_FACE('',(#468),#6119,.F.);
#6395=ADVANCED_FACE('',(#469),#6120,.F.);
#6396=ADVANCED_FACE('',(#470),#6121,.F.);
#6397=ADVANCED_FACE('',(#471),#6122,.F.);
#6398=ADVANCED_FACE('',(#472),#6123,.F.);
#6399=ADVANCED_FACE('',(#473),#6124,.F.);
#6400=ADVANCED_FACE('',(#474),#185,.T.);
#6401=ADVANCED_FACE('',(#475),#6125,.F.);
#6402=ADVANCED_FACE('',(#476),#186,.T.);
#6403=ADVANCED_FACE('',(#477),#6126,.F.);
#6404=ADVANCED_FACE('',(#478),#187,.T.);
#6405=ADVANCED_FACE('',(#479),#6127,.F.);
#6406=ADVANCED_FACE('',(#480),#188,.T.);
#6407=ADVANCED_FACE('',(#481),#6128,.F.);
#6408=ADVANCED_FACE('',(#482),#189,.T.);
#6409=ADVANCED_FACE('',(#483),#6129,.F.);
#6410=ADVANCED_FACE('',(#484),#190,.T.);
#6411=ADVANCED_FACE('',(#485),#6130,.F.);
#6412=ADVANCED_FACE('',(#486),#191,.T.);
#6413=ADVANCED_FACE('',(#487),#6131,.F.);
#6414=ADVANCED_FACE('',(#488),#192,.T.);
#6415=ADVANCED_FACE('',(#489),#6132,.F.);
#6416=ADVANCED_FACE('',(#490),#193,.T.);
#6417=ADVANCED_FACE('',(#491),#6133,.F.);
#6418=ADVANCED_FACE('',(#492),#194,.T.);
#6419=ADVANCED_FACE('',(#493),#6134,.F.);
#6420=ADVANCED_FACE('',(#494),#195,.T.);
#6421=ADVANCED_FACE('',(#495),#6135,.F.);
#6422=ADVANCED_FACE('',(#496),#196,.T.);
#6423=ADVANCED_FACE('',(#497),#6136,.F.);
#6424=ADVANCED_FACE('',(#498),#197,.T.);
#6425=ADVANCED_FACE('',(#499,#61,#62,#63,#64,#65,#66,#67,#68,#69,#70,#71,
#72,#73,#74,#75,#76,#77,#78,#79,#80,#81,#82,#83,#84),#198,.T.);
#6426=ADVANCED_FACE('',(#500),#199,.F.);
#6427=ADVANCED_FACE('',(#501),#6137,.F.);
#6428=ADVANCED_FACE('',(#502),#200,.F.);
#6429=ADVANCED_FACE('',(#503),#6138,.F.);
#6430=ADVANCED_FACE('',(#504),#201,.F.);
#6431=ADVANCED_FACE('',(#505),#6139,.F.);
#6432=ADVANCED_FACE('',(#506),#202,.F.);
#6433=ADVANCED_FACE('',(#507),#6140,.F.);
#6434=ADVANCED_FACE('',(#508,#85),#203,.T.);
#6435=ADVANCED_FACE('',(#509),#6141,.F.);
#6436=ADVANCED_FACE('',(#510),#204,.F.);
#6437=ADVANCED_FACE('',(#511),#6142,.F.);
#6438=ADVANCED_FACE('',(#512),#205,.F.);
#6439=ADVANCED_FACE('',(#513),#6143,.F.);
#6440=ADVANCED_FACE('',(#514),#206,.F.);
#6441=ADVANCED_FACE('',(#515),#6144,.F.);
#6442=ADVANCED_FACE('',(#516),#207,.F.);
#6443=ADVANCED_FACE('',(#517,#86),#208,.T.);
#6444=ADVANCED_FACE('',(#518),#209,.F.);
#6445=ADVANCED_FACE('',(#519),#6145,.F.);
#6446=ADVANCED_FACE('',(#520),#210,.F.);
#6447=ADVANCED_FACE('',(#521),#6146,.F.);
#6448=ADVANCED_FACE('',(#522),#211,.F.);
#6449=ADVANCED_FACE('',(#523),#6147,.F.);
#6450=ADVANCED_FACE('',(#524),#212,.F.);
#6451=ADVANCED_FACE('',(#525),#6148,.F.);
#6452=ADVANCED_FACE('',(#526,#87),#213,.T.);
#6453=ADVANCED_FACE('',(#527),#214,.F.);
#6454=ADVANCED_FACE('',(#528),#6149,.F.);
#6455=ADVANCED_FACE('',(#529),#215,.F.);
#6456=ADVANCED_FACE('',(#530),#6150,.F.);
#6457=ADVANCED_FACE('',(#531),#216,.F.);
#6458=ADVANCED_FACE('',(#532),#6151,.F.);
#6459=ADVANCED_FACE('',(#533),#217,.F.);
#6460=ADVANCED_FACE('',(#534),#6152,.F.);
#6461=ADVANCED_FACE('',(#535,#88),#218,.T.);
#6462=ADVANCED_FACE('',(#536),#219,.F.);
#6463=ADVANCED_FACE('',(#537),#6153,.F.);
#6464=ADVANCED_FACE('',(#538),#220,.F.);
#6465=ADVANCED_FACE('',(#539),#6154,.F.);
#6466=ADVANCED_FACE('',(#540),#221,.F.);
#6467=ADVANCED_FACE('',(#541),#6155,.F.);
#6468=ADVANCED_FACE('',(#542),#222,.F.);
#6469=ADVANCED_FACE('',(#543),#6156,.F.);
#6470=ADVANCED_FACE('',(#544,#89),#223,.T.);
#6471=ADVANCED_FACE('',(#545),#224,.F.);
#6472=ADVANCED_FACE('',(#546),#6157,.F.);
#6473=ADVANCED_FACE('',(#547),#225,.F.);
#6474=ADVANCED_FACE('',(#548),#6158,.F.);
#6475=ADVANCED_FACE('',(#549),#226,.F.);
#6476=ADVANCED_FACE('',(#550),#6159,.F.);
#6477=ADVANCED_FACE('',(#551),#227,.F.);
#6478=ADVANCED_FACE('',(#552),#6160,.F.);
#6479=ADVANCED_FACE('',(#553,#90),#228,.T.);
#6480=ADVANCED_FACE('',(#554),#6161,.F.);
#6481=ADVANCED_FACE('',(#555),#229,.F.);
#6482=ADVANCED_FACE('',(#556),#6162,.F.);
#6483=ADVANCED_FACE('',(#557),#230,.F.);
#6484=ADVANCED_FACE('',(#558),#6163,.F.);
#6485=ADVANCED_FACE('',(#559),#231,.F.);
#6486=ADVANCED_FACE('',(#560),#6164,.F.);
#6487=ADVANCED_FACE('',(#561),#232,.F.);
#6488=ADVANCED_FACE('',(#562,#91),#233,.T.);
#6489=ADVANCED_FACE('',(#563),#234,.F.);
#6490=ADVANCED_FACE('',(#564),#6165,.F.);
#6491=ADVANCED_FACE('',(#565),#235,.F.);
#6492=ADVANCED_FACE('',(#566),#6166,.F.);
#6493=ADVANCED_FACE('',(#567),#236,.F.);
#6494=ADVANCED_FACE('',(#568),#6167,.F.);
#6495=ADVANCED_FACE('',(#569),#237,.F.);
#6496=ADVANCED_FACE('',(#570),#6168,.F.);
#6497=ADVANCED_FACE('',(#571,#92),#238,.T.);
#6498=ADVANCED_FACE('',(#572),#239,.F.);
#6499=ADVANCED_FACE('',(#573),#6169,.F.);
#6500=ADVANCED_FACE('',(#574),#240,.F.);
#6501=ADVANCED_FACE('',(#575),#6170,.F.);
#6502=ADVANCED_FACE('',(#576),#241,.F.);
#6503=ADVANCED_FACE('',(#577),#6171,.F.);
#6504=ADVANCED_FACE('',(#578),#242,.F.);
#6505=ADVANCED_FACE('',(#579),#6172,.F.);
#6506=ADVANCED_FACE('',(#580,#93),#243,.T.);
#6507=ADVANCED_FACE('',(#581),#6173,.F.);
#6508=ADVANCED_FACE('',(#582),#244,.F.);
#6509=ADVANCED_FACE('',(#583),#6174,.F.);
#6510=ADVANCED_FACE('',(#584),#245,.F.);
#6511=ADVANCED_FACE('',(#585),#6175,.F.);
#6512=ADVANCED_FACE('',(#586),#246,.F.);
#6513=ADVANCED_FACE('',(#587),#6176,.F.);
#6514=ADVANCED_FACE('',(#588),#247,.F.);
#6515=ADVANCED_FACE('',(#589,#94),#248,.T.);
#6516=ADVANCED_FACE('',(#590),#249,.F.);
#6517=ADVANCED_FACE('',(#591),#6177,.F.);
#6518=ADVANCED_FACE('',(#592),#250,.F.);
#6519=ADVANCED_FACE('',(#593),#6178,.F.);
#6520=ADVANCED_FACE('',(#594),#251,.F.);
#6521=ADVANCED_FACE('',(#595),#6179,.F.);
#6522=ADVANCED_FACE('',(#596),#252,.F.);
#6523=ADVANCED_FACE('',(#597),#6180,.F.);
#6524=ADVANCED_FACE('',(#598,#95),#253,.T.);
#6525=ADVANCED_FACE('',(#599),#254,.F.);
#6526=ADVANCED_FACE('',(#600),#6181,.F.);
#6527=ADVANCED_FACE('',(#601),#255,.F.);
#6528=ADVANCED_FACE('',(#602),#6182,.F.);
#6529=ADVANCED_FACE('',(#603),#256,.F.);
#6530=ADVANCED_FACE('',(#604),#6183,.F.);
#6531=ADVANCED_FACE('',(#605),#257,.F.);
#6532=ADVANCED_FACE('',(#606),#6184,.F.);
#6533=ADVANCED_FACE('',(#607,#96),#258,.T.);
#6534=ADVANCED_FACE('',(#608),#259,.F.);
#6535=ADVANCED_FACE('',(#609),#6185,.F.);
#6536=ADVANCED_FACE('',(#610),#260,.F.);
#6537=ADVANCED_FACE('',(#611),#6186,.F.);
#6538=ADVANCED_FACE('',(#612),#261,.F.);
#6539=ADVANCED_FACE('',(#613),#6187,.F.);
#6540=ADVANCED_FACE('',(#614),#262,.F.);
#6541=ADVANCED_FACE('',(#615),#6188,.F.);
#6542=ADVANCED_FACE('',(#616,#97),#263,.T.);
#6543=ADVANCED_FACE('',(#617),#6189,.T.);
#6544=ADVANCED_FACE('',(#618),#6190,.F.);
#6545=ADVANCED_FACE('',(#619,#98,#99,#100,#101,#102,#103,#104,#105,#106,
#107,#108,#109,#110,#111,#112,#113,#114),#264,.T.);
#6546=CLOSED_SHELL('',(#6191,#6192,#6193,#6194,#6195,#6196,#6197,#6198,
#6199,#6200,#6201,#6202,#6203,#6204,#6205,#6206,#6207,#6208,#6209,#6210,
#6211,#6212,#6213,#6214,#6215,#6216,#6217,#6218,#6219,#6220,#6221,#6222,
#6223,#6224,#6225,#6226,#6227,#6228,#6229,#6230,#6231,#6232,#6233,#6234,
#6235,#6236,#6237,#6238,#6239,#6240,#6241,#6242,#6243,#6244,#6245,#6246,
#6247,#6248,#6249,#6250,#6251,#6252,#6253,#6254,#6255,#6256,#6257,#6258,
#6259,#6260,#6261,#6262,#6263,#6264,#6265,#6266,#6267,#6268,#6269,#6270,
#6271,#6272,#6273,#6274,#6275,#6276,#6277,#6278,#6279,#6280,#6281,#6282,
#6283,#6284,#6285,#6286,#6287,#6288,#6289,#6290,#6291,#6292,#6293,#6294,
#6295,#6296,#6297,#6298,#6299,#6300,#6301,#6302,#6303,#6304,#6305,#6306,
#6307,#6308,#6309,#6310,#6311,#6312,#6313,#6314,#6315,#6316,#6317,#6318,
#6319,#6320,#6321,#6322,#6323,#6324,#6325,#6326,#6327,#6328,#6329,#6330,
#6331,#6332,#6333,#6334,#6335,#6336,#6337,#6338,#6339,#6340,#6341,#6342,
#6343,#6344,#6345,#6346,#6347,#6348,#6349,#6350,#6351,#6352,#6353,#6354,
#6355,#6356,#6357,#6358,#6359,#6360,#6361,#6362,#6363,#6364,#6365,#6366,
#6367,#6368,#6369,#6370,#6371,#6372,#6373,#6374,#6375,#6376,#6377,#6378,
#6379,#6380,#6381,#6382,#6383,#6384,#6385,#6386,#6387,#6388,#6389,#6390,
#6391,#6392,#6393,#6394,#6395,#6396,#6397,#6398,#6399,#6400,#6401,#6402,
#6403,#6404,#6405,#6406,#6407,#6408,#6409,#6410,#6411,#6412,#6413,#6414,
#6415,#6416,#6417,#6418,#6419,#6420,#6421,#6422,#6423,#6424,#6425,#6426,
#6427,#6428,#6429,#6430,#6431,#6432,#6433,#6434,#6435,#6436,#6437,#6438,
#6439,#6440,#6441,#6442,#6443,#6444,#6445,#6446,#6447,#6448,#6449,#6450,
#6451,#6452,#6453,#6454,#6455,#6456,#6457,#6458,#6459,#6460,#6461,#6462,
#6463,#6464,#6465,#6466,#6467,#6468,#6469,#6470,#6471,#6472,#6473,#6474,
#6475,#6476,#6477,#6478,#6479,#6480,#6481,#6482,#6483,#6484,#6485,#6486,
#6487,#6488,#6489,#6490,#6491,#6492,#6493,#6494,#6495,#6496,#6497,#6498,
#6499,#6500,#6501,#6502,#6503,#6504,#6505,#6506,#6507,#6508,#6509,#6510,
#6511,#6512,#6513,#6514,#6515,#6516,#6517,#6518,#6519,#6520,#6521,#6522,
#6523,#6524,#6525,#6526,#6527,#6528,#6529,#6530,#6531,#6532,#6533,#6534,
#6535,#6536,#6537,#6538,#6539,#6540,#6541,#6542,#6543,#6544,#6545));
#6547=DERIVED_UNIT_ELEMENT(#6550,1.);
#6548=DERIVED_UNIT_ELEMENT(#11321,-3.);
#6549=DIMENSIONAL_EXPONENTS(0.,1.,0.,0.,0.,0.,0.);
#6550=(
CONVERSION_BASED_UNIT('gram',#6552)
MASS_UNIT()
NAMED_UNIT(#6549)
);
#6551=(
MASS_UNIT()
NAMED_UNIT(*)
SI_UNIT(.KILO.,.GRAM.)
);
#6552=MASS_MEASURE_WITH_UNIT(MASS_MEASURE(0.001),#6551);
#6553=DERIVED_UNIT((#6547,#6548));
#6554=MEASURE_REPRESENTATION_ITEM('density measure',
POSITIVE_RATIO_MEASURE(1.),#6553);
#6555=PROPERTY_DEFINITION_REPRESENTATION(#6560,#6557);
#6556=PROPERTY_DEFINITION_REPRESENTATION(#6561,#6558);
#6557=REPRESENTATION('material name',(#6559),#11318);
#6558=REPRESENTATION('density',(#6554),#11318);
#6559=DESCRIPTIVE_REPRESENTATION_ITEM('Generic','Generic');
#6560=PROPERTY_DEFINITION('material property','material name',#11328);
#6561=PROPERTY_DEFINITION('material property','density of part',#11328);
#6562=DATE_TIME_ROLE('creation_date');
#6563=APPLIED_DATE_AND_TIME_ASSIGNMENT(#6564,#6562,(#11328));
#6564=DATE_AND_TIME(#6565,#6566);
#6565=CALENDAR_DATE(2025,23,4);
#6566=LOCAL_TIME(0,0,0.,#6567);
#6567=COORDINATED_UNIVERSAL_TIME_OFFSET(0,0,.BEHIND.);
#6568=AXIS2_PLACEMENT_3D('',#9395,#7334,#7335);
#6569=AXIS2_PLACEMENT_3D('',#9396,#7336,#7337);
#6570=AXIS2_PLACEMENT_3D('',#9398,#7338,#7339);
#6571=AXIS2_PLACEMENT_3D('',#9401,#7341,#7342);
#6572=AXIS2_PLACEMENT_3D('',#9402,#7343,#7344);
#6573=AXIS2_PLACEMENT_3D('',#9403,#7345,#7346);
#6574=AXIS2_PLACEMENT_3D('',#9405,#7347,#7348);
#6575=AXIS2_PLACEMENT_3D('',#9408,#7350,#7351);
#6576=AXIS2_PLACEMENT_3D('',#9409,#7352,#7353);
#6577=AXIS2_PLACEMENT_3D('',#9410,#7354,#7355);
#6578=AXIS2_PLACEMENT_3D('',#9412,#7356,#7357);
#6579=AXIS2_PLACEMENT_3D('',#9415,#7359,#7360);
#6580=AXIS2_PLACEMENT_3D('',#9416,#7361,#7362);
#6581=AXIS2_PLACEMENT_3D('',#9417,#7363,#7364);
#6582=AXIS2_PLACEMENT_3D('',#9419,#7365,#7366);
#6583=AXIS2_PLACEMENT_3D('',#9422,#7368,#7369);
#6584=AXIS2_PLACEMENT_3D('',#9423,#7370,#7371);
#6585=AXIS2_PLACEMENT_3D('',#9424,#7372,#7373);
#6586=AXIS2_PLACEMENT_3D('',#9426,#7374,#7375);
#6587=AXIS2_PLACEMENT_3D('',#9429,#7377,#7378);
#6588=AXIS2_PLACEMENT_3D('',#9430,#7379,#7380);
#6589=AXIS2_PLACEMENT_3D('',#9431,#7381,#7382);
#6590=AXIS2_PLACEMENT_3D('',#9433,#7383,#7384);
#6591=AXIS2_PLACEMENT_3D('',#9436,#7386,#7387);
#6592=AXIS2_PLACEMENT_3D('',#9437,#7388,#7389);
#6593=AXIS2_PLACEMENT_3D('',#9438,#7390,#7391);
#6594=AXIS2_PLACEMENT_3D('',#9440,#7392,#7393);
#6595=AXIS2_PLACEMENT_3D('',#9443,#7395,#7396);
#6596=AXIS2_PLACEMENT_3D('',#9444,#7397,#7398);
#6597=AXIS2_PLACEMENT_3D('',#9445,#7399,#7400);
#6598=AXIS2_PLACEMENT_3D('',#9447,#7401,#7402);
#6599=AXIS2_PLACEMENT_3D('',#9450,#7404,#7405);
#6600=AXIS2_PLACEMENT_3D('',#9451,#7406,#7407);
#6601=AXIS2_PLACEMENT_3D('',#9452,#7408,#7409);
#6602=AXIS2_PLACEMENT_3D('',#9454,#7410,#7411);
#6603=AXIS2_PLACEMENT_3D('',#9457,#7413,#7414);
#6604=AXIS2_PLACEMENT_3D('',#9458,#7415,#7416);
#6605=AXIS2_PLACEMENT_3D('',#9459,#7417,#7418);
#6606=AXIS2_PLACEMENT_3D('',#9461,#7419,#7420);
#6607=AXIS2_PLACEMENT_3D('',#9464,#7422,#7423);
#6608=AXIS2_PLACEMENT_3D('',#9465,#7424,#7425);
#6609=AXIS2_PLACEMENT_3D('',#9466,#7426,#7427);
#6610=AXIS2_PLACEMENT_3D('',#9468,#7428,#7429);
#6611=AXIS2_PLACEMENT_3D('',#9471,#7431,#7432);
#6612=AXIS2_PLACEMENT_3D('',#9472,#7433,#7434);
#6613=AXIS2_PLACEMENT_3D('',#9473,#7435,#7436);
#6614=AXIS2_PLACEMENT_3D('',#9475,#7437,#7438);
#6615=AXIS2_PLACEMENT_3D('',#9478,#7440,#7441);
#6616=AXIS2_PLACEMENT_3D('',#9479,#7442,#7443);
#6617=AXIS2_PLACEMENT_3D('',#9480,#7444,#7445);
#6618=AXIS2_PLACEMENT_3D('',#9482,#7446,#7447);
#6619=AXIS2_PLACEMENT_3D('',#9485,#7449,#7450);
#6620=AXIS2_PLACEMENT_3D('',#9486,#7451,#7452);
#6621=AXIS2_PLACEMENT_3D('',#9487,#7453,#7454);
#6622=AXIS2_PLACEMENT_3D('',#9489,#7455,#7456);
#6623=AXIS2_PLACEMENT_3D('',#9492,#7458,#7459);
#6624=AXIS2_PLACEMENT_3D('',#9493,#7460,#7461);
#6625=AXIS2_PLACEMENT_3D('',#9494,#7462,#7463);
#6626=AXIS2_PLACEMENT_3D('',#9496,#7464,#7465);
#6627=AXIS2_PLACEMENT_3D('',#9499,#7467,#7468);
#6628=AXIS2_PLACEMENT_3D('',#9500,#7469,#7470);
#6629=AXIS2_PLACEMENT_3D('',#9501,#7471,#7472);
#6630=AXIS2_PLACEMENT_3D('',#9503,#7473,#7474);
#6631=AXIS2_PLACEMENT_3D('',#9506,#7476,#7477);
#6632=AXIS2_PLACEMENT_3D('',#9507,#7478,#7479);
#6633=AXIS2_PLACEMENT_3D('',#9508,#7480,#7481);
#6634=AXIS2_PLACEMENT_3D('',#9517,#7486,#7487);
#6635=AXIS2_PLACEMENT_3D('',#9519,#7488,#7489);
#6636=AXIS2_PLACEMENT_3D('',#9521,#7490,#7491);
#6637=AXIS2_PLACEMENT_3D('',#9523,#7493,#7494);
#6638=AXIS2_PLACEMENT_3D('',#9525,#7495,#7496);
#6639=AXIS2_PLACEMENT_3D('',#9527,#7497,#7498);
#6640=AXIS2_PLACEMENT_3D('',#9529,#7500,#7501);
#6641=AXIS2_PLACEMENT_3D('',#9535,#7505,#7506);
#6642=AXIS2_PLACEMENT_3D('',#9537,#7507,#7508);
#6643=AXIS2_PLACEMENT_3D('',#9539,#7509,#7510);
#6644=AXIS2_PLACEMENT_3D('',#9541,#7512,#7513);
#6645=AXIS2_PLACEMENT_3D('',#9543,#7514,#7515);
#6646=AXIS2_PLACEMENT_3D('',#9545,#7516,#7517);
#6647=AXIS2_PLACEMENT_3D('',#9547,#7519,#7520);
#6648=AXIS2_PLACEMENT_3D('',#9549,#7521,#7522);
#6649=AXIS2_PLACEMENT_3D('',#9551,#7523,#7524);
#6650=AXIS2_PLACEMENT_3D('',#9553,#7526,#7527);
#6651=AXIS2_PLACEMENT_3D('',#9559,#7531,#7532);
#6652=AXIS2_PLACEMENT_3D('',#9561,#7533,#7534);
#6653=AXIS2_PLACEMENT_3D('',#9563,#7535,#7536);
#6654=AXIS2_PLACEMENT_3D('',#9565,#7538,#7539);
#6655=AXIS2_PLACEMENT_3D('',#9567,#7540,#7541);
#6656=AXIS2_PLACEMENT_3D('',#9569,#7542,#7543);
#6657=AXIS2_PLACEMENT_3D('',#9571,#7545,#7546);
#6658=AXIS2_PLACEMENT_3D('',#9577,#7550,#7551);
#6659=AXIS2_PLACEMENT_3D('',#9579,#7552,#7553);
#6660=AXIS2_PLACEMENT_3D('',#9581,#7554,#7555);
#6661=AXIS2_PLACEMENT_3D('',#9583,#7557,#7558);
#6662=AXIS2_PLACEMENT_3D('',#9585,#7559,#7560);
#6663=AXIS2_PLACEMENT_3D('',#9587,#7561,#7562);
#6664=AXIS2_PLACEMENT_3D('',#9589,#7564,#7565);
#6665=AXIS2_PLACEMENT_3D('',#9590,#7566,#7567);
#6666=AXIS2_PLACEMENT_3D('',#9591,#7568,#7569);
#6667=AXIS2_PLACEMENT_3D('',#9592,#7570,#7571);
#6668=AXIS2_PLACEMENT_3D('',#9601,#7576,#7577);
#6669=AXIS2_PLACEMENT_3D('',#9603,#7578,#7579);
#6670=AXIS2_PLACEMENT_3D('',#9605,#7580,#7581);
#6671=AXIS2_PLACEMENT_3D('',#9607,#7583,#7584);
#6672=AXIS2_PLACEMENT_3D('',#9609,#7585,#7586);
#6673=AXIS2_PLACEMENT_3D('',#9611,#7587,#7588);
#6674=AXIS2_PLACEMENT_3D('',#9613,#7590,#7591);
#6675=AXIS2_PLACEMENT_3D('',#9619,#7595,#7596);
#6676=AXIS2_PLACEMENT_3D('',#9621,#7597,#7598);
#6677=AXIS2_PLACEMENT_3D('',#9623,#7599,#7600);
#6678=AXIS2_PLACEMENT_3D('',#9625,#7602,#7603);
#6679=AXIS2_PLACEMENT_3D('',#9627,#7604,#7605);
#6680=AXIS2_PLACEMENT_3D('',#9629,#7606,#7607);
#6681=AXIS2_PLACEMENT_3D('',#9631,#7609,#7610);
#6682=AXIS2_PLACEMENT_3D('',#9633,#7611,#7612);
#6683=AXIS2_PLACEMENT_3D('',#9635,#7613,#7614);
#6684=AXIS2_PLACEMENT_3D('',#9637,#7616,#7617);
#6685=AXIS2_PLACEMENT_3D('',#9643,#7621,#7622);
#6686=AXIS2_PLACEMENT_3D('',#9645,#7623,#7624);
#6687=AXIS2_PLACEMENT_3D('',#9647,#7625,#7626);
#6688=AXIS2_PLACEMENT_3D('',#9649,#7628,#7629);
#6689=AXIS2_PLACEMENT_3D('',#9651,#7630,#7631);
#6690=AXIS2_PLACEMENT_3D('',#9653,#7632,#7633);
#6691=AXIS2_PLACEMENT_3D('',#9655,#7635,#7636);
#6692=AXIS2_PLACEMENT_3D('',#9661,#7640,#7641);
#6693=AXIS2_PLACEMENT_3D('',#9663,#7642,#7643);
#6694=AXIS2_PLACEMENT_3D('',#9665,#7644,#7645);
#6695=AXIS2_PLACEMENT_3D('',#9667,#7647,#7648);
#6696=AXIS2_PLACEMENT_3D('',#9669,#7649,#7650);
#6697=AXIS2_PLACEMENT_3D('',#9671,#7651,#7652);
#6698=AXIS2_PLACEMENT_3D('',#9673,#7654,#7655);
#6699=AXIS2_PLACEMENT_3D('',#9674,#7656,#7657);
#6700=AXIS2_PLACEMENT_3D('',#9675,#7658,#7659);
#6701=AXIS2_PLACEMENT_3D('',#9676,#7660,#7661);
#6702=AXIS2_PLACEMENT_3D('',#9685,#7666,#7667);
#6703=AXIS2_PLACEMENT_3D('',#9687,#7668,#7669);
#6704=AXIS2_PLACEMENT_3D('',#9689,#7670,#7671);
#6705=AXIS2_PLACEMENT_3D('',#9691,#7673,#7674);
#6706=AXIS2_PLACEMENT_3D('',#9693,#7675,#7676);
#6707=AXIS2_PLACEMENT_3D('',#9695,#7677,#7678);
#6708=AXIS2_PLACEMENT_3D('',#9697,#7680,#7681);
#6709=AXIS2_PLACEMENT_3D('',#9703,#7685,#7686);
#6710=AXIS2_PLACEMENT_3D('',#9705,#7687,#7688);
#6711=AXIS2_PLACEMENT_3D('',#9707,#7689,#7690);
#6712=AXIS2_PLACEMENT_3D('',#9709,#7692,#7693);
#6713=AXIS2_PLACEMENT_3D('',#9711,#7694,#7695);
#6714=AXIS2_PLACEMENT_3D('',#9713,#7696,#7697);
#6715=AXIS2_PLACEMENT_3D('',#9715,#7699,#7700);
#6716=AXIS2_PLACEMENT_3D('',#9717,#7701,#7702);
#6717=AXIS2_PLACEMENT_3D('',#9719,#7703,#7704);
#6718=AXIS2_PLACEMENT_3D('',#9721,#7706,#7707);
#6719=AXIS2_PLACEMENT_3D('',#9727,#7711,#7712);
#6720=AXIS2_PLACEMENT_3D('',#9729,#7713,#7714);
#6721=AXIS2_PLACEMENT_3D('',#9731,#7715,#7716);
#6722=AXIS2_PLACEMENT_3D('',#9733,#7718,#7719);
#6723=AXIS2_PLACEMENT_3D('',#9735,#7720,#7721);
#6724=AXIS2_PLACEMENT_3D('',#9737,#7722,#7723);
#6725=AXIS2_PLACEMENT_3D('',#9739,#7725,#7726);
#6726=AXIS2_PLACEMENT_3D('',#9745,#7730,#7731);
#6727=AXIS2_PLACEMENT_3D('',#9747,#7732,#7733);
#6728=AXIS2_PLACEMENT_3D('',#9749,#7734,#7735);
#6729=AXIS2_PLACEMENT_3D('',#9751,#7737,#7738);
#6730=AXIS2_PLACEMENT_3D('',#9753,#7739,#7740);
#6731=AXIS2_PLACEMENT_3D('',#9755,#7741,#7742);
#6732=AXIS2_PLACEMENT_3D('',#9757,#7744,#7745);
#6733=AXIS2_PLACEMENT_3D('',#9758,#7746,#7747);
#6734=AXIS2_PLACEMENT_3D('',#9759,#7748,#7749);
#6735=AXIS2_PLACEMENT_3D('',#9760,#7750,#7751);
#6736=AXIS2_PLACEMENT_3D('',#9769,#7756,#7757);
#6737=AXIS2_PLACEMENT_3D('',#9771,#7758,#7759);
#6738=AXIS2_PLACEMENT_3D('',#9773,#7760,#7761);
#6739=AXIS2_PLACEMENT_3D('',#9775,#7763,#7764);
#6740=AXIS2_PLACEMENT_3D('',#9777,#7765,#7766);
#6741=AXIS2_PLACEMENT_3D('',#9779,#7767,#7768);
#6742=AXIS2_PLACEMENT_3D('',#9781,#7770,#7771);
#6743=AXIS2_PLACEMENT_3D('',#9787,#7775,#7776);
#6744=AXIS2_PLACEMENT_3D('',#9789,#7777,#7778);
#6745=AXIS2_PLACEMENT_3D('',#9791,#7779,#7780);
#6746=AXIS2_PLACEMENT_3D('',#9793,#7782,#7783);
#6747=AXIS2_PLACEMENT_3D('',#9795,#7784,#7785);
#6748=AXIS2_PLACEMENT_3D('',#9797,#7786,#7787);
#6749=AXIS2_PLACEMENT_3D('',#9799,#7789,#7790);
#6750=AXIS2_PLACEMENT_3D('',#9801,#7791,#7792);
#6751=AXIS2_PLACEMENT_3D('',#9803,#7793,#7794);
#6752=AXIS2_PLACEMENT_3D('',#9805,#7796,#7797);
#6753=AXIS2_PLACEMENT_3D('',#9811,#7801,#7802);
#6754=AXIS2_PLACEMENT_3D('',#9813,#7803,#7804);
#6755=AXIS2_PLACEMENT_3D('',#9815,#7805,#7806);
#6756=AXIS2_PLACEMENT_3D('',#9817,#7808,#7809);
#6757=AXIS2_PLACEMENT_3D('',#9819,#7810,#7811);
#6758=AXIS2_PLACEMENT_3D('',#9821,#7812,#7813);
#6759=AXIS2_PLACEMENT_3D('',#9823,#7815,#7816);
#6760=AXIS2_PLACEMENT_3D('',#9829,#7820,#7821);
#6761=AXIS2_PLACEMENT_3D('',#9831,#7822,#7823);
#6762=AXIS2_PLACEMENT_3D('',#9833,#7824,#7825);
#6763=AXIS2_PLACEMENT_3D('',#9835,#7827,#7828);
#6764=AXIS2_PLACEMENT_3D('',#9837,#7829,#7830);
#6765=AXIS2_PLACEMENT_3D('',#9839,#7831,#7832);
#6766=AXIS2_PLACEMENT_3D('',#9841,#7834,#7835);
#6767=AXIS2_PLACEMENT_3D('',#9842,#7836,#7837);
#6768=AXIS2_PLACEMENT_3D('',#9843,#7838,#7839);
#6769=AXIS2_PLACEMENT_3D('',#9844,#7840,#7841);
#6770=AXIS2_PLACEMENT_3D('',#9853,#7846,#7847);
#6771=AXIS2_PLACEMENT_3D('',#9855,#7848,#7849);
#6772=AXIS2_PLACEMENT_3D('',#9857,#7850,#7851);
#6773=AXIS2_PLACEMENT_3D('',#9859,#7853,#7854);
#6774=AXIS2_PLACEMENT_3D('',#9861,#7855,#7856);
#6775=AXIS2_PLACEMENT_3D('',#9863,#7857,#7858);
#6776=AXIS2_PLACEMENT_3D('',#9865,#7860,#7861);
#6777=AXIS2_PLACEMENT_3D('',#9871,#7865,#7866);
#6778=AXIS2_PLACEMENT_3D('',#9873,#7867,#7868);
#6779=AXIS2_PLACEMENT_3D('',#9875,#7869,#7870);
#6780=AXIS2_PLACEMENT_3D('',#9877,#7872,#7873);
#6781=AXIS2_PLACEMENT_3D('',#9879,#7874,#7875);
#6782=AXIS2_PLACEMENT_3D('',#9881,#7876,#7877);
#6783=AXIS2_PLACEMENT_3D('',#9883,#7879,#7880);
#6784=AXIS2_PLACEMENT_3D('',#9885,#7881,#7882);
#6785=AXIS2_PLACEMENT_3D('',#9887,#7883,#7884);
#6786=AXIS2_PLACEMENT_3D('',#9889,#7886,#7887);
#6787=AXIS2_PLACEMENT_3D('',#9895,#7891,#7892);
#6788=AXIS2_PLACEMENT_3D('',#9897,#7893,#7894);
#6789=AXIS2_PLACEMENT_3D('',#9899,#7895,#7896);
#6790=AXIS2_PLACEMENT_3D('',#9901,#7898,#7899);
#6791=AXIS2_PLACEMENT_3D('',#9903,#7900,#7901);
#6792=AXIS2_PLACEMENT_3D('',#9905,#7902,#7903);
#6793=AXIS2_PLACEMENT_3D('',#9907,#7905,#7906);
#6794=AXIS2_PLACEMENT_3D('',#9913,#7910,#7911);
#6795=AXIS2_PLACEMENT_3D('',#9915,#7912,#7913);
#6796=AXIS2_PLACEMENT_3D('',#9917,#7914,#7915);
#6797=AXIS2_PLACEMENT_3D('',#9919,#7917,#7918);
#6798=AXIS2_PLACEMENT_3D('',#9921,#7919,#7920);
#6799=AXIS2_PLACEMENT_3D('',#9923,#7921,#7922);
#6800=AXIS2_PLACEMENT_3D('',#9925,#7924,#7925);
#6801=AXIS2_PLACEMENT_3D('',#9926,#7926,#7927);
#6802=AXIS2_PLACEMENT_3D('',#9927,#7928,#7929);
#6803=AXIS2_PLACEMENT_3D('',#9928,#7930,#7931);
#6804=AXIS2_PLACEMENT_3D('',#9937,#7936,#7937);
#6805=AXIS2_PLACEMENT_3D('',#9939,#7938,#7939);
#6806=AXIS2_PLACEMENT_3D('',#9941,#7940,#7941);
#6807=AXIS2_PLACEMENT_3D('',#9943,#7943,#7944);
#6808=AXIS2_PLACEMENT_3D('',#9945,#7945,#7946);
#6809=AXIS2_PLACEMENT_3D('',#9947,#7947,#7948);
#6810=AXIS2_PLACEMENT_3D('',#9949,#7950,#7951);
#6811=AXIS2_PLACEMENT_3D('',#9955,#7955,#7956);
#6812=AXIS2_PLACEMENT_3D('',#9957,#7957,#7958);
#6813=AXIS2_PLACEMENT_3D('',#9959,#7959,#7960);
#6814=AXIS2_PLACEMENT_3D('',#9961,#7962,#7963);
#6815=AXIS2_PLACEMENT_3D('',#9963,#7964,#7965);
#6816=AXIS2_PLACEMENT_3D('',#9965,#7966,#7967);
#6817=AXIS2_PLACEMENT_3D('',#9967,#7969,#7970);
#6818=AXIS2_PLACEMENT_3D('',#9969,#7971,#7972);
#6819=AXIS2_PLACEMENT_3D('',#9971,#7973,#7974);
#6820=AXIS2_PLACEMENT_3D('',#9973,#7976,#7977);
#6821=AXIS2_PLACEMENT_3D('',#9979,#7981,#7982);
#6822=AXIS2_PLACEMENT_3D('',#9981,#7983,#7984);
#6823=AXIS2_PLACEMENT_3D('',#9983,#7985,#7986);
#6824=AXIS2_PLACEMENT_3D('',#9985,#7988,#7989);
#6825=AXIS2_PLACEMENT_3D('',#9987,#7990,#7991);
#6826=AXIS2_PLACEMENT_3D('',#9989,#7992,#7993);
#6827=AXIS2_PLACEMENT_3D('',#9991,#7995,#7996);
#6828=AXIS2_PLACEMENT_3D('',#9997,#8000,#8001);
#6829=AXIS2_PLACEMENT_3D('',#9999,#8002,#8003);
#6830=AXIS2_PLACEMENT_3D('',#10001,#8004,#8005);
#6831=AXIS2_PLACEMENT_3D('',#10003,#8007,#8008);
#6832=AXIS2_PLACEMENT_3D('',#10005,#8009,#8010);
#6833=AXIS2_PLACEMENT_3D('',#10007,#8011,#8012);
#6834=AXIS2_PLACEMENT_3D('',#10009,#8014,#8015);
#6835=AXIS2_PLACEMENT_3D('',#10010,#8016,#8017);
#6836=AXIS2_PLACEMENT_3D('',#10011,#8018,#8019);
#6837=AXIS2_PLACEMENT_3D('',#10012,#8020,#8021);
#6838=AXIS2_PLACEMENT_3D('',#10021,#8026,#8027);
#6839=AXIS2_PLACEMENT_3D('',#10023,#8028,#8029);
#6840=AXIS2_PLACEMENT_3D('',#10025,#8030,#8031);
#6841=AXIS2_PLACEMENT_3D('',#10027,#8033,#8034);
#6842=AXIS2_PLACEMENT_3D('',#10029,#8035,#8036);
#6843=AXIS2_PLACEMENT_3D('',#10031,#8037,#8038);
#6844=AXIS2_PLACEMENT_3D('',#10033,#8040,#8041);
#6845=AXIS2_PLACEMENT_3D('',#10039,#8045,#8046);
#6846=AXIS2_PLACEMENT_3D('',#10041,#8047,#8048);
#6847=AXIS2_PLACEMENT_3D('',#10043,#8049,#8050);
#6848=AXIS2_PLACEMENT_3D('',#10045,#8052,#8053);
#6849=AXIS2_PLACEMENT_3D('',#10047,#8054,#8055);
#6850=AXIS2_PLACEMENT_3D('',#10049,#8056,#8057);
#6851=AXIS2_PLACEMENT_3D('',#10051,#8059,#8060);
#6852=AXIS2_PLACEMENT_3D('',#10053,#8061,#8062);
#6853=AXIS2_PLACEMENT_3D('',#10055,#8063,#8064);
#6854=AXIS2_PLACEMENT_3D('',#10057,#8066,#8067);
#6855=AXIS2_PLACEMENT_3D('',#10063,#8071,#8072);
#6856=AXIS2_PLACEMENT_3D('',#10065,#8073,#8074);
#6857=AXIS2_PLACEMENT_3D('',#10067,#8075,#8076);
#6858=AXIS2_PLACEMENT_3D('',#10069,#8078,#8079);
#6859=AXIS2_PLACEMENT_3D('',#10071,#8080,#8081);
#6860=AXIS2_PLACEMENT_3D('',#10073,#8082,#8083);
#6861=AXIS2_PLACEMENT_3D('',#10075,#8085,#8086);
#6862=AXIS2_PLACEMENT_3D('',#10081,#8090,#8091);
#6863=AXIS2_PLACEMENT_3D('',#10083,#8092,#8093);
#6864=AXIS2_PLACEMENT_3D('',#10085,#8094,#8095);
#6865=AXIS2_PLACEMENT_3D('',#10087,#8097,#8098);
#6866=AXIS2_PLACEMENT_3D('',#10089,#8099,#8100);
#6867=AXIS2_PLACEMENT_3D('',#10091,#8101,#8102);
#6868=AXIS2_PLACEMENT_3D('',#10093,#8104,#8105);
#6869=AXIS2_PLACEMENT_3D('',#10094,#8106,#8107);
#6870=AXIS2_PLACEMENT_3D('',#10095,#8108,#8109);
#6871=AXIS2_PLACEMENT_3D('',#10096,#8110,#8111);
#6872=AXIS2_PLACEMENT_3D('',#10105,#8116,#8117);
#6873=AXIS2_PLACEMENT_3D('',#10107,#8118,#8119);
#6874=AXIS2_PLACEMENT_3D('',#10109,#8120,#8121);
#6875=AXIS2_PLACEMENT_3D('',#10111,#8123,#8124);
#6876=AXIS2_PLACEMENT_3D('',#10113,#8125,#8126);
#6877=AXIS2_PLACEMENT_3D('',#10115,#8127,#8128);
#6878=AXIS2_PLACEMENT_3D('',#10117,#8130,#8131);
#6879=AXIS2_PLACEMENT_3D('',#10123,#8135,#8136);
#6880=AXIS2_PLACEMENT_3D('',#10125,#8137,#8138);
#6881=AXIS2_PLACEMENT_3D('',#10127,#8139,#8140);
#6882=AXIS2_PLACEMENT_3D('',#10129,#8142,#8143);
#6883=AXIS2_PLACEMENT_3D('',#10131,#8144,#8145);
#6884=AXIS2_PLACEMENT_3D('',#10133,#8146,#8147);
#6885=AXIS2_PLACEMENT_3D('',#10135,#8149,#8150);
#6886=AXIS2_PLACEMENT_3D('',#10137,#8151,#8152);
#6887=AXIS2_PLACEMENT_3D('',#10139,#8153,#8154);
#6888=AXIS2_PLACEMENT_3D('',#10141,#8156,#8157);
#6889=AXIS2_PLACEMENT_3D('',#10147,#8161,#8162);
#6890=AXIS2_PLACEMENT_3D('',#10149,#8163,#8164);
#6891=AXIS2_PLACEMENT_3D('',#10151,#8165,#8166);
#6892=AXIS2_PLACEMENT_3D('',#10153,#8168,#8169);
#6893=AXIS2_PLACEMENT_3D('',#10155,#8170,#8171);
#6894=AXIS2_PLACEMENT_3D('',#10157,#8172,#8173);
#6895=AXIS2_PLACEMENT_3D('',#10159,#8175,#8176);
#6896=AXIS2_PLACEMENT_3D('',#10165,#8180,#8181);
#6897=AXIS2_PLACEMENT_3D('',#10167,#8182,#8183);
#6898=AXIS2_PLACEMENT_3D('',#10169,#8184,#8185);
#6899=AXIS2_PLACEMENT_3D('',#10171,#8187,#8188);
#6900=AXIS2_PLACEMENT_3D('',#10173,#8189,#8190);
#6901=AXIS2_PLACEMENT_3D('',#10175,#8191,#8192);
#6902=AXIS2_PLACEMENT_3D('',#10177,#8194,#8195);
#6903=AXIS2_PLACEMENT_3D('',#10178,#8196,#8197);
#6904=AXIS2_PLACEMENT_3D('',#10179,#8198,#8199);
#6905=AXIS2_PLACEMENT_3D('',#10180,#8200,#8201);
#6906=AXIS2_PLACEMENT_3D('',#10183,#8202,#8203);
#6907=AXIS2_PLACEMENT_3D('',#10187,#8205,#8206);
#6908=AXIS2_PLACEMENT_3D('',#10189,#8208,#8209);
#6909=AXIS2_PLACEMENT_3D('',#10193,#8211,#8212);
#6910=AXIS2_PLACEMENT_3D('',#10197,#8214,#8215);
#6911=AXIS2_PLACEMENT_3D('',#10201,#8217,#8218);
#6912=AXIS2_PLACEMENT_3D('',#10205,#8220,#8221);
#6913=AXIS2_PLACEMENT_3D('',#10209,#8223,#8224);
#6914=AXIS2_PLACEMENT_3D('',#10213,#8226,#8227);
#6915=AXIS2_PLACEMENT_3D('',#10217,#8229,#8230);
#6916=AXIS2_PLACEMENT_3D('',#10221,#8232,#8233);
#6917=AXIS2_PLACEMENT_3D('',#10225,#8235,#8236);
#6918=AXIS2_PLACEMENT_3D('',#10229,#8238,#8239);
#6919=AXIS2_PLACEMENT_3D('',#10232,#8241,#8242);
#6920=AXIS2_PLACEMENT_3D('',#10234,#8243,#8244);
#6921=AXIS2_PLACEMENT_3D('',#10236,#8245,#8246);
#6922=AXIS2_PLACEMENT_3D('',#10238,#8247,#8248);
#6923=AXIS2_PLACEMENT_3D('',#10240,#8249,#8250);
#6924=AXIS2_PLACEMENT_3D('',#10242,#8251,#8252);
#6925=AXIS2_PLACEMENT_3D('',#10244,#8253,#8254);
#6926=AXIS2_PLACEMENT_3D('',#10246,#8255,#8256);
#6927=AXIS2_PLACEMENT_3D('',#10248,#8257,#8258);
#6928=AXIS2_PLACEMENT_3D('',#10250,#8259,#8260);
#6929=AXIS2_PLACEMENT_3D('',#10252,#8261,#8262);
#6930=AXIS2_PLACEMENT_3D('',#10254,#8263,#8264);
#6931=AXIS2_PLACEMENT_3D('',#10256,#8265,#8266);
#6932=AXIS2_PLACEMENT_3D('',#10258,#8267,#8268);
#6933=AXIS2_PLACEMENT_3D('',#10260,#8269,#8270);
#6934=AXIS2_PLACEMENT_3D('',#10262,#8271,#8272);
#6935=AXIS2_PLACEMENT_3D('',#10264,#8273,#8274);
#6936=AXIS2_PLACEMENT_3D('',#10266,#8275,#8276);
#6937=AXIS2_PLACEMENT_3D('',#10268,#8277,#8278);
#6938=AXIS2_PLACEMENT_3D('',#10270,#8279,#8280);
#6939=AXIS2_PLACEMENT_3D('',#10272,#8281,#8282);
#6940=AXIS2_PLACEMENT_3D('',#10274,#8283,#8284);
#6941=AXIS2_PLACEMENT_3D('',#10275,#8285,#8286);
#6942=AXIS2_PLACEMENT_3D('',#10279,#8289,#8290);
#6943=AXIS2_PLACEMENT_3D('',#10281,#8291,#8292);
#6944=AXIS2_PLACEMENT_3D('',#10283,#8294,#8295);
#6945=AXIS2_PLACEMENT_3D('',#10286,#8296,#8297);
#6946=AXIS2_PLACEMENT_3D('',#10289,#8300,#8301);
#6947=AXIS2_PLACEMENT_3D('',#10293,#8304,#8305);
#6948=AXIS2_PLACEMENT_3D('',#10297,#8307,#8308);
#6949=AXIS2_PLACEMENT_3D('',#10299,#8310,#8311);
#6950=AXIS2_PLACEMENT_3D('',#10303,#8314,#8315);
#6951=AXIS2_PLACEMENT_3D('',#10305,#8316,#8317);
#6952=AXIS2_PLACEMENT_3D('',#10307,#8319,#8320);
#6953=AXIS2_PLACEMENT_3D('',#10309,#8322,#8323);
#6954=AXIS2_PLACEMENT_3D('',#10311,#8324,#8325);
#6955=AXIS2_PLACEMENT_3D('',#10313,#8327,#8328);
#6956=AXIS2_PLACEMENT_3D('',#10316,#8329,#8330);
#6957=AXIS2_PLACEMENT_3D('',#10319,#8333,#8334);
#6958=AXIS2_PLACEMENT_3D('',#10323,#8337,#8338);
#6959=AXIS2_PLACEMENT_3D('',#10325,#8339,#8340);
#6960=AXIS2_PLACEMENT_3D('',#10327,#8342,#8343);
#6961=AXIS2_PLACEMENT_3D('',#10331,#8346,#8347);
#6962=AXIS2_PLACEMENT_3D('',#10333,#8348,#8349);
#6963=AXIS2_PLACEMENT_3D('',#10335,#8351,#8352);
#6964=AXIS2_PLACEMENT_3D('',#10339,#8355,#8356);
#6965=AXIS2_PLACEMENT_3D('',#10341,#8357,#8358);
#6966=AXIS2_PLACEMENT_3D('',#10343,#8360,#8361);
#6967=AXIS2_PLACEMENT_3D('',#10345,#8363,#8364);
#6968=AXIS2_PLACEMENT_3D('',#10349,#8367,#8368);
#6969=AXIS2_PLACEMENT_3D('',#10351,#8370,#8371);
#6970=AXIS2_PLACEMENT_3D('',#10355,#8374,#8375);
#6971=AXIS2_PLACEMENT_3D('',#10356,#8376,#8377);
#6972=AXIS2_PLACEMENT_3D('',#10357,#8378,#8379);
#6973=AXIS2_PLACEMENT_3D('',#10359,#8380,#8381);
#6974=AXIS2_PLACEMENT_3D('',#10362,#8383,#8384);
#6975=AXIS2_PLACEMENT_3D('',#10363,#8385,#8386);
#6976=AXIS2_PLACEMENT_3D('',#10364,#8387,#8388);
#6977=AXIS2_PLACEMENT_3D('',#10366,#8389,#8390);
#6978=AXIS2_PLACEMENT_3D('',#10369,#8392,#8393);
#6979=AXIS2_PLACEMENT_3D('',#10370,#8394,#8395);
#6980=AXIS2_PLACEMENT_3D('',#10371,#8396,#8397);
#6981=AXIS2_PLACEMENT_3D('',#10373,#8398,#8399);
#6982=AXIS2_PLACEMENT_3D('',#10376,#8401,#8402);
#6983=AXIS2_PLACEMENT_3D('',#10377,#8403,#8404);
#6984=AXIS2_PLACEMENT_3D('',#10378,#8405,#8406);
#6985=AXIS2_PLACEMENT_3D('',#10380,#8407,#8408);
#6986=AXIS2_PLACEMENT_3D('',#10383,#8410,#8411);
#6987=AXIS2_PLACEMENT_3D('',#10384,#8412,#8413);
#6988=AXIS2_PLACEMENT_3D('',#10385,#8414,#8415);
#6989=AXIS2_PLACEMENT_3D('',#10387,#8416,#8417);
#6990=AXIS2_PLACEMENT_3D('',#10390,#8419,#8420);
#6991=AXIS2_PLACEMENT_3D('',#10391,#8421,#8422);
#6992=AXIS2_PLACEMENT_3D('',#10392,#8423,#8424);
#6993=AXIS2_PLACEMENT_3D('',#10394,#8425,#8426);
#6994=AXIS2_PLACEMENT_3D('',#10397,#8428,#8429);
#6995=AXIS2_PLACEMENT_3D('',#10398,#8430,#8431);
#6996=AXIS2_PLACEMENT_3D('',#10399,#8432,#8433);
#6997=AXIS2_PLACEMENT_3D('',#10401,#8434,#8435);
#6998=AXIS2_PLACEMENT_3D('',#10404,#8437,#8438);
#6999=AXIS2_PLACEMENT_3D('',#10405,#8439,#8440);
#7000=AXIS2_PLACEMENT_3D('',#10406,#8441,#8442);
#7001=AXIS2_PLACEMENT_3D('',#10408,#8443,#8444);
#7002=AXIS2_PLACEMENT_3D('',#10411,#8446,#8447);
#7003=AXIS2_PLACEMENT_3D('',#10412,#8448,#8449);
#7004=AXIS2_PLACEMENT_3D('',#10413,#8450,#8451);
#7005=AXIS2_PLACEMENT_3D('',#10415,#8452,#8453);
#7006=AXIS2_PLACEMENT_3D('',#10418,#8455,#8456);
#7007=AXIS2_PLACEMENT_3D('',#10419,#8457,#8458);
#7008=AXIS2_PLACEMENT_3D('',#10420,#8459,#8460);
#7009=AXIS2_PLACEMENT_3D('',#10422,#8461,#8462);
#7010=AXIS2_PLACEMENT_3D('',#10425,#8464,#8465);
#7011=AXIS2_PLACEMENT_3D('',#10426,#8466,#8467);
#7012=AXIS2_PLACEMENT_3D('',#10427,#8468,#8469);
#7013=AXIS2_PLACEMENT_3D('',#10429,#8470,#8471);
#7014=AXIS2_PLACEMENT_3D('',#10431,#8473,#8474);
#7015=AXIS2_PLACEMENT_3D('',#10433,#8475,#8476);
#7016=AXIS2_PLACEMENT_3D('',#10435,#8478,#8479);
#7017=AXIS2_PLACEMENT_3D('',#10437,#8480,#8481);
#7018=AXIS2_PLACEMENT_3D('',#10439,#8483,#8484);
#7019=AXIS2_PLACEMENT_3D('',#10441,#8485,#8486);
#7020=AXIS2_PLACEMENT_3D('',#10443,#8488,#8489);
#7021=AXIS2_PLACEMENT_3D('',#10445,#8490,#8491);
#7022=AXIS2_PLACEMENT_3D('',#10447,#8493,#8494);
#7023=AXIS2_PLACEMENT_3D('',#10449,#8495,#8496);
#7024=AXIS2_PLACEMENT_3D('',#10451,#8498,#8499);
#7025=AXIS2_PLACEMENT_3D('',#10453,#8500,#8501);
#7026=AXIS2_PLACEMENT_3D('',#10455,#8503,#8504);
#7027=AXIS2_PLACEMENT_3D('',#10457,#8505,#8506);
#7028=AXIS2_PLACEMENT_3D('',#10459,#8508,#8509);
#7029=AXIS2_PLACEMENT_3D('',#10461,#8510,#8511);
#7030=AXIS2_PLACEMENT_3D('',#10463,#8513,#8514);
#7031=AXIS2_PLACEMENT_3D('',#10465,#8515,#8516);
#7032=AXIS2_PLACEMENT_3D('',#10467,#8518,#8519);
#7033=AXIS2_PLACEMENT_3D('',#10469,#8520,#8521);
#7034=AXIS2_PLACEMENT_3D('',#10471,#8523,#8524);
#7035=AXIS2_PLACEMENT_3D('',#10473,#8525,#8526);
#7036=AXIS2_PLACEMENT_3D('',#10475,#8528,#8529);
#7037=AXIS2_PLACEMENT_3D('',#10477,#8530,#8531);
#7038=AXIS2_PLACEMENT_3D('',#10479,#8533,#8534);
#7039=AXIS2_PLACEMENT_3D('',#10481,#8535,#8536);
#7040=AXIS2_PLACEMENT_3D('',#10483,#8538,#8539);
#7041=AXIS2_PLACEMENT_3D('',#10485,#8540,#8541);
#7042=AXIS2_PLACEMENT_3D('',#10487,#8543,#8544);
#7043=AXIS2_PLACEMENT_3D('',#10489,#8545,#8546);
#7044=AXIS2_PLACEMENT_3D('',#10491,#8548,#8549);
#7045=AXIS2_PLACEMENT_3D('',#10493,#8550,#8551);
#7046=AXIS2_PLACEMENT_3D('',#10495,#8553,#8554);
#7047=AXIS2_PLACEMENT_3D('',#10497,#8555,#8556);
#7048=AXIS2_PLACEMENT_3D('',#10499,#8558,#8559);
#7049=AXIS2_PLACEMENT_3D('',#10501,#8560,#8561);
#7050=AXIS2_PLACEMENT_3D('',#10503,#8563,#8564);
#7051=AXIS2_PLACEMENT_3D('',#10505,#8565,#8566);
#7052=AXIS2_PLACEMENT_3D('',#10507,#8568,#8569);
#7053=AXIS2_PLACEMENT_3D('',#10509,#8570,#8571);
#7054=AXIS2_PLACEMENT_3D('',#10511,#8573,#8574);
#7055=AXIS2_PLACEMENT_3D('',#10516,#8576,#8577);
#7056=AXIS2_PLACEMENT_3D('',#10519,#8579,#8580);
#7057=AXIS2_PLACEMENT_3D('',#10520,#8581,#8582);
#7058=AXIS2_PLACEMENT_3D('',#10522,#8584,#8585);
#7059=AXIS2_PLACEMENT_3D('',#10527,#8587,#8588);
#7060=AXIS2_PLACEMENT_3D('',#10530,#8590,#8591);
#7061=AXIS2_PLACEMENT_3D('',#10531,#8592,#8593);
#7062=AXIS2_PLACEMENT_3D('',#10533,#8595,#8596);
#7063=AXIS2_PLACEMENT_3D('',#10538,#8598,#8599);
#7064=AXIS2_PLACEMENT_3D('',#10541,#8601,#8602);
#7065=AXIS2_PLACEMENT_3D('',#10542,#8603,#8604);
#7066=AXIS2_PLACEMENT_3D('',#10544,#8606,#8607);
#7067=AXIS2_PLACEMENT_3D('',#10549,#8609,#8610);
#7068=AXIS2_PLACEMENT_3D('',#10552,#8612,#8613);
#7069=AXIS2_PLACEMENT_3D('',#10553,#8614,#8615);
#7070=AXIS2_PLACEMENT_3D('',#10555,#8617,#8618);
#7071=AXIS2_PLACEMENT_3D('',#10560,#8620,#8621);
#7072=AXIS2_PLACEMENT_3D('',#10563,#8623,#8624);
#7073=AXIS2_PLACEMENT_3D('',#10564,#8625,#8626);
#7074=AXIS2_PLACEMENT_3D('',#10566,#8628,#8629);
#7075=AXIS2_PLACEMENT_3D('',#10571,#8631,#8632);
#7076=AXIS2_PLACEMENT_3D('',#10574,#8634,#8635);
#7077=AXIS2_PLACEMENT_3D('',#10575,#8636,#8637);
#7078=AXIS2_PLACEMENT_3D('',#10577,#8639,#8640);
#7079=AXIS2_PLACEMENT_3D('',#10582,#8642,#8643);
#7080=AXIS2_PLACEMENT_3D('',#10585,#8645,#8646);
#7081=AXIS2_PLACEMENT_3D('',#10586,#8647,#8648);
#7082=AXIS2_PLACEMENT_3D('',#10588,#8650,#8651);
#7083=AXIS2_PLACEMENT_3D('',#10593,#8653,#8654);
#7084=AXIS2_PLACEMENT_3D('',#10596,#8656,#8657);
#7085=AXIS2_PLACEMENT_3D('',#10597,#8658,#8659);
#7086=AXIS2_PLACEMENT_3D('',#10599,#8661,#8662);
#7087=AXIS2_PLACEMENT_3D('',#10604,#8664,#8665);
#7088=AXIS2_PLACEMENT_3D('',#10607,#8667,#8668);
#7089=AXIS2_PLACEMENT_3D('',#10608,#8669,#8670);
#7090=AXIS2_PLACEMENT_3D('',#10610,#8672,#8673);
#7091=AXIS2_PLACEMENT_3D('',#10615,#8675,#8676);
#7092=AXIS2_PLACEMENT_3D('',#10618,#8678,#8679);
#7093=AXIS2_PLACEMENT_3D('',#10619,#8680,#8681);
#7094=AXIS2_PLACEMENT_3D('',#10621,#8683,#8684);
#7095=AXIS2_PLACEMENT_3D('',#10626,#8686,#8687);
#7096=AXIS2_PLACEMENT_3D('',#10629,#8689,#8690);
#7097=AXIS2_PLACEMENT_3D('',#10630,#8691,#8692);
#7098=AXIS2_PLACEMENT_3D('',#10632,#8694,#8695);
#7099=AXIS2_PLACEMENT_3D('',#10637,#8697,#8698);
#7100=AXIS2_PLACEMENT_3D('',#10640,#8700,#8701);
#7101=AXIS2_PLACEMENT_3D('',#10641,#8702,#8703);
#7102=AXIS2_PLACEMENT_3D('',#10643,#8705,#8706);
#7103=AXIS2_PLACEMENT_3D('',#10648,#8708,#8709);
#7104=AXIS2_PLACEMENT_3D('',#10651,#8711,#8712);
#7105=AXIS2_PLACEMENT_3D('',#10652,#8713,#8714);
#7106=AXIS2_PLACEMENT_3D('',#10654,#8716,#8717);
#7107=AXIS2_PLACEMENT_3D('',#10656,#8718,#8719);
#7108=AXIS2_PLACEMENT_3D('',#10658,#8720,#8721);
#7109=AXIS2_PLACEMENT_3D('',#10662,#8723,#8724);
#7110=AXIS2_PLACEMENT_3D('',#10666,#8726,#8727);
#7111=AXIS2_PLACEMENT_3D('',#10670,#8729,#8730);
#7112=AXIS2_PLACEMENT_3D('',#10674,#8732,#8733);
#7113=AXIS2_PLACEMENT_3D('',#10679,#8736,#8737);
#7114=AXIS2_PLACEMENT_3D('',#10683,#8739,#8740);
#7115=AXIS2_PLACEMENT_3D('',#10687,#8742,#8743);
#7116=AXIS2_PLACEMENT_3D('',#10691,#8745,#8746);
#7117=AXIS2_PLACEMENT_3D('',#10696,#8749,#8750);
#7118=AXIS2_PLACEMENT_3D('',#10700,#8752,#8753);
#7119=AXIS2_PLACEMENT_3D('',#10704,#8755,#8756);
#7120=AXIS2_PLACEMENT_3D('',#10708,#8758,#8759);
#7121=AXIS2_PLACEMENT_3D('',#10713,#8762,#8763);
#7122=AXIS2_PLACEMENT_3D('',#10717,#8765,#8766);
#7123=AXIS2_PLACEMENT_3D('',#10721,#8768,#8769);
#7124=AXIS2_PLACEMENT_3D('',#10725,#8771,#8772);
#7125=AXIS2_PLACEMENT_3D('',#10730,#8775,#8776);
#7126=AXIS2_PLACEMENT_3D('',#10734,#8778,#8779);
#7127=AXIS2_PLACEMENT_3D('',#10738,#8781,#8782);
#7128=AXIS2_PLACEMENT_3D('',#10742,#8784,#8785);
#7129=AXIS2_PLACEMENT_3D('',#10747,#8788,#8789);
#7130=AXIS2_PLACEMENT_3D('',#10751,#8791,#8792);
#7131=AXIS2_PLACEMENT_3D('',#10755,#8794,#8795);
#7132=AXIS2_PLACEMENT_3D('',#10759,#8797,#8798);
#7133=AXIS2_PLACEMENT_3D('',#10764,#8801,#8802);
#7134=AXIS2_PLACEMENT_3D('',#10768,#8804,#8805);
#7135=AXIS2_PLACEMENT_3D('',#10772,#8807,#8808);
#7136=AXIS2_PLACEMENT_3D('',#10776,#8810,#8811);
#7137=AXIS2_PLACEMENT_3D('',#10781,#8814,#8815);
#7138=AXIS2_PLACEMENT_3D('',#10785,#8817,#8818);
#7139=AXIS2_PLACEMENT_3D('',#10789,#8820,#8821);
#7140=AXIS2_PLACEMENT_3D('',#10793,#8823,#8824);
#7141=AXIS2_PLACEMENT_3D('',#10798,#8827,#8828);
#7142=AXIS2_PLACEMENT_3D('',#10802,#8830,#8831);
#7143=AXIS2_PLACEMENT_3D('',#10806,#8833,#8834);
#7144=AXIS2_PLACEMENT_3D('',#10810,#8836,#8837);
#7145=AXIS2_PLACEMENT_3D('',#10815,#8840,#8841);
#7146=AXIS2_PLACEMENT_3D('',#10819,#8843,#8844);
#7147=AXIS2_PLACEMENT_3D('',#10823,#8846,#8847);
#7148=AXIS2_PLACEMENT_3D('',#10827,#8849,#8850);
#7149=AXIS2_PLACEMENT_3D('',#10832,#8853,#8854);
#7150=AXIS2_PLACEMENT_3D('',#10836,#8856,#8857);
#7151=AXIS2_PLACEMENT_3D('',#10840,#8859,#8860);
#7152=AXIS2_PLACEMENT_3D('',#10844,#8862,#8863);
#7153=AXIS2_PLACEMENT_3D('',#10849,#8866,#8867);
#7154=AXIS2_PLACEMENT_3D('',#10853,#8869,#8870);
#7155=AXIS2_PLACEMENT_3D('',#10857,#8872,#8873);
#7156=AXIS2_PLACEMENT_3D('',#10861,#8875,#8876);
#7157=AXIS2_PLACEMENT_3D('',#10866,#8879,#8880);
#7158=AXIS2_PLACEMENT_3D('',#10870,#8882,#8883);
#7159=AXIS2_PLACEMENT_3D('',#10874,#8885,#8886);
#7160=AXIS2_PLACEMENT_3D('',#10878,#8888,#8889);
#7161=AXIS2_PLACEMENT_3D('',#10880,#8891,#8892);
#7162=AXIS2_PLACEMENT_3D('',#10886,#8896,#8897);
#7163=AXIS2_PLACEMENT_3D('',#10889,#8899,#8900);
#7164=AXIS2_PLACEMENT_3D('',#10890,#8901,#8902);
#7165=AXIS2_PLACEMENT_3D('',#10894,#8905,#8906);
#7166=AXIS2_PLACEMENT_3D('',#10897,#8908,#8909);
#7167=AXIS2_PLACEMENT_3D('',#10898,#8910,#8911);
#7168=AXIS2_PLACEMENT_3D('',#10902,#8914,#8915);
#7169=AXIS2_PLACEMENT_3D('',#10905,#8917,#8918);
#7170=AXIS2_PLACEMENT_3D('',#10906,#8919,#8920);
#7171=AXIS2_PLACEMENT_3D('',#10910,#8923,#8924);
#7172=AXIS2_PLACEMENT_3D('',#10911,#8925,#8926);
#7173=AXIS2_PLACEMENT_3D('',#10912,#8927,#8928);
#7174=AXIS2_PLACEMENT_3D('',#10913,#8929,#8930);
#7175=AXIS2_PLACEMENT_3D('',#10917,#8932,#8933);
#7176=AXIS2_PLACEMENT_3D('',#10919,#8935,#8936);
#7177=AXIS2_PLACEMENT_3D('',#10923,#8939,#8940);
#7178=AXIS2_PLACEMENT_3D('',#10926,#8942,#8943);
#7179=AXIS2_PLACEMENT_3D('',#10927,#8944,#8945);
#7180=AXIS2_PLACEMENT_3D('',#10931,#8948,#8949);
#7181=AXIS2_PLACEMENT_3D('',#10934,#8951,#8952);
#7182=AXIS2_PLACEMENT_3D('',#10935,#8953,#8954);
#7183=AXIS2_PLACEMENT_3D('',#10939,#8957,#8958);
#7184=AXIS2_PLACEMENT_3D('',#10942,#8960,#8961);
#7185=AXIS2_PLACEMENT_3D('',#10943,#8962,#8963);
#7186=AXIS2_PLACEMENT_3D('',#10945,#8965,#8966);
#7187=AXIS2_PLACEMENT_3D('',#10946,#8967,#8968);
#7188=AXIS2_PLACEMENT_3D('',#10952,#8972,#8973);
#7189=AXIS2_PLACEMENT_3D('',#10955,#8975,#8976);
#7190=AXIS2_PLACEMENT_3D('',#10956,#8977,#8978);
#7191=AXIS2_PLACEMENT_3D('',#10960,#8981,#8982);
#7192=AXIS2_PLACEMENT_3D('',#10963,#8984,#8985);
#7193=AXIS2_PLACEMENT_3D('',#10964,#8986,#8987);
#7194=AXIS2_PLACEMENT_3D('',#10968,#8990,#8991);
#7195=AXIS2_PLACEMENT_3D('',#10971,#8993,#8994);
#7196=AXIS2_PLACEMENT_3D('',#10972,#8995,#8996);
#7197=AXIS2_PLACEMENT_3D('',#10976,#8999,#9000);
#7198=AXIS2_PLACEMENT_3D('',#10977,#9001,#9002);
#7199=AXIS2_PLACEMENT_3D('',#10978,#9003,#9004);
#7200=AXIS2_PLACEMENT_3D('',#10979,#9005,#9006);
#7201=AXIS2_PLACEMENT_3D('',#10985,#9010,#9011);
#7202=AXIS2_PLACEMENT_3D('',#10988,#9013,#9014);
#7203=AXIS2_PLACEMENT_3D('',#10989,#9015,#9016);
#7204=AXIS2_PLACEMENT_3D('',#10993,#9019,#9020);
#7205=AXIS2_PLACEMENT_3D('',#10996,#9022,#9023);
#7206=AXIS2_PLACEMENT_3D('',#10997,#9024,#9025);
#7207=AXIS2_PLACEMENT_3D('',#11001,#9028,#9029);
#7208=AXIS2_PLACEMENT_3D('',#11004,#9031,#9032);
#7209=AXIS2_PLACEMENT_3D('',#11005,#9033,#9034);
#7210=AXIS2_PLACEMENT_3D('',#11009,#9037,#9038);
#7211=AXIS2_PLACEMENT_3D('',#11010,#9039,#9040);
#7212=AXIS2_PLACEMENT_3D('',#11011,#9041,#9042);
#7213=AXIS2_PLACEMENT_3D('',#11012,#9043,#9044);
#7214=AXIS2_PLACEMENT_3D('',#11018,#9048,#9049);
#7215=AXIS2_PLACEMENT_3D('',#11021,#9051,#9052);
#7216=AXIS2_PLACEMENT_3D('',#11022,#9053,#9054);
#7217=AXIS2_PLACEMENT_3D('',#11026,#9057,#9058);
#7218=AXIS2_PLACEMENT_3D('',#11029,#9060,#9061);
#7219=AXIS2_PLACEMENT_3D('',#11030,#9062,#9063);
#7220=AXIS2_PLACEMENT_3D('',#11034,#9066,#9067);
#7221=AXIS2_PLACEMENT_3D('',#11037,#9069,#9070);
#7222=AXIS2_PLACEMENT_3D('',#11038,#9071,#9072);
#7223=AXIS2_PLACEMENT_3D('',#11042,#9075,#9076);
#7224=AXIS2_PLACEMENT_3D('',#11043,#9077,#9078);
#7225=AXIS2_PLACEMENT_3D('',#11044,#9079,#9080);
#7226=AXIS2_PLACEMENT_3D('',#11045,#9081,#9082);
#7227=AXIS2_PLACEMENT_3D('',#11051,#9086,#9087);
#7228=AXIS2_PLACEMENT_3D('',#11054,#9089,#9090);
#7229=AXIS2_PLACEMENT_3D('',#11055,#9091,#9092);
#7230=AXIS2_PLACEMENT_3D('',#11059,#9095,#9096);
#7231=AXIS2_PLACEMENT_3D('',#11062,#9098,#9099);
#7232=AXIS2_PLACEMENT_3D('',#11063,#9100,#9101);
#7233=AXIS2_PLACEMENT_3D('',#11067,#9104,#9105);
#7234=AXIS2_PLACEMENT_3D('',#11070,#9107,#9108);
#7235=AXIS2_PLACEMENT_3D('',#11071,#9109,#9110);
#7236=AXIS2_PLACEMENT_3D('',#11075,#9113,#9114);
#7237=AXIS2_PLACEMENT_3D('',#11076,#9115,#9116);
#7238=AXIS2_PLACEMENT_3D('',#11077,#9117,#9118);
#7239=AXIS2_PLACEMENT_3D('',#11078,#9119,#9120);
#7240=AXIS2_PLACEMENT_3D('',#11082,#9122,#9123);
#7241=AXIS2_PLACEMENT_3D('',#11084,#9125,#9126);
#7242=AXIS2_PLACEMENT_3D('',#11088,#9129,#9130);
#7243=AXIS2_PLACEMENT_3D('',#11091,#9132,#9133);
#7244=AXIS2_PLACEMENT_3D('',#11092,#9134,#9135);
#7245=AXIS2_PLACEMENT_3D('',#11096,#9138,#9139);
#7246=AXIS2_PLACEMENT_3D('',#11099,#9141,#9142);
#7247=AXIS2_PLACEMENT_3D('',#11100,#9143,#9144);
#7248=AXIS2_PLACEMENT_3D('',#11104,#9147,#9148);
#7249=AXIS2_PLACEMENT_3D('',#11107,#9150,#9151);
#7250=AXIS2_PLACEMENT_3D('',#11108,#9152,#9153);
#7251=AXIS2_PLACEMENT_3D('',#11110,#9155,#9156);
#7252=AXIS2_PLACEMENT_3D('',#11111,#9157,#9158);
#7253=AXIS2_PLACEMENT_3D('',#11117,#9162,#9163);
#7254=AXIS2_PLACEMENT_3D('',#11120,#9165,#9166);
#7255=AXIS2_PLACEMENT_3D('',#11121,#9167,#9168);
#7256=AXIS2_PLACEMENT_3D('',#11125,#9171,#9172);
#7257=AXIS2_PLACEMENT_3D('',#11128,#9174,#9175);
#7258=AXIS2_PLACEMENT_3D('',#11129,#9176,#9177);
#7259=AXIS2_PLACEMENT_3D('',#11133,#9180,#9181);
#7260=AXIS2_PLACEMENT_3D('',#11136,#9183,#9184);
#7261=AXIS2_PLACEMENT_3D('',#11137,#9185,#9186);
#7262=AXIS2_PLACEMENT_3D('',#11141,#9189,#9190);
#7263=AXIS2_PLACEMENT_3D('',#11142,#9191,#9192);
#7264=AXIS2_PLACEMENT_3D('',#11143,#9193,#9194);
#7265=AXIS2_PLACEMENT_3D('',#11144,#9195,#9196);
#7266=AXIS2_PLACEMENT_3D('',#11150,#9200,#9201);
#7267=AXIS2_PLACEMENT_3D('',#11153,#9203,#9204);
#7268=AXIS2_PLACEMENT_3D('',#11154,#9205,#9206);
#7269=AXIS2_PLACEMENT_3D('',#11158,#9209,#9210);
#7270=AXIS2_PLACEMENT_3D('',#11161,#9212,#9213);
#7271=AXIS2_PLACEMENT_3D('',#11162,#9214,#9215);
#7272=AXIS2_PLACEMENT_3D('',#11166,#9218,#9219);
#7273=AXIS2_PLACEMENT_3D('',#11169,#9221,#9222);
#7274=AXIS2_PLACEMENT_3D('',#11170,#9223,#9224);
#7275=AXIS2_PLACEMENT_3D('',#11174,#9227,#9228);
#7276=AXIS2_PLACEMENT_3D('',#11175,#9229,#9230);
#7277=AXIS2_PLACEMENT_3D('',#11176,#9231,#9232);
#7278=AXIS2_PLACEMENT_3D('',#11177,#9233,#9234);
#7279=AXIS2_PLACEMENT_3D('',#11181,#9236,#9237);
#7280=AXIS2_PLACEMENT_3D('',#11183,#9239,#9240);
#7281=AXIS2_PLACEMENT_3D('',#11187,#9243,#9244);
#7282=AXIS2_PLACEMENT_3D('',#11190,#9246,#9247);
#7283=AXIS2_PLACEMENT_3D('',#11191,#9248,#9249);
#7284=AXIS2_PLACEMENT_3D('',#11195,#9252,#9253);
#7285=AXIS2_PLACEMENT_3D('',#11198,#9255,#9256);
#7286=AXIS2_PLACEMENT_3D('',#11199,#9257,#9258);
#7287=AXIS2_PLACEMENT_3D('',#11203,#9261,#9262);
#7288=AXIS2_PLACEMENT_3D('',#11206,#9264,#9265);
#7289=AXIS2_PLACEMENT_3D('',#11207,#9266,#9267);
#7290=AXIS2_PLACEMENT_3D('',#11209,#9269,#9270);
#7291=AXIS2_PLACEMENT_3D('',#11210,#9271,#9272);
#7292=AXIS2_PLACEMENT_3D('',#11216,#9276,#9277);
#7293=AXIS2_PLACEMENT_3D('',#11219,#9279,#9280);
#7294=AXIS2_PLACEMENT_3D('',#11220,#9281,#9282);
#7295=AXIS2_PLACEMENT_3D('',#11224,#9285,#9286);
#7296=AXIS2_PLACEMENT_3D('',#11227,#9288,#9289);
#7297=AXIS2_PLACEMENT_3D('',#11228,#9290,#9291);
#7298=AXIS2_PLACEMENT_3D('',#11232,#9294,#9295);
#7299=AXIS2_PLACEMENT_3D('',#11235,#9297,#9298);
#7300=AXIS2_PLACEMENT_3D('',#11236,#9299,#9300);
#7301=AXIS2_PLACEMENT_3D('',#11240,#9303,#9304);
#7302=AXIS2_PLACEMENT_3D('',#11241,#9305,#9306);
#7303=AXIS2_PLACEMENT_3D('',#11242,#9307,#9308);
#7304=AXIS2_PLACEMENT_3D('',#11243,#9309,#9310);
#7305=AXIS2_PLACEMENT_3D('',#11249,#9314,#9315);
#7306=AXIS2_PLACEMENT_3D('',#11252,#9317,#9318);
#7307=AXIS2_PLACEMENT_3D('',#11253,#9319,#9320);
#7308=AXIS2_PLACEMENT_3D('',#11257,#9323,#9324);
#7309=AXIS2_PLACEMENT_3D('',#11260,#9326,#9327);
#7310=AXIS2_PLACEMENT_3D('',#11261,#9328,#9329);
#7311=AXIS2_PLACEMENT_3D('',#11265,#9332,#9333);
#7312=AXIS2_PLACEMENT_3D('',#11268,#9335,#9336);
#7313=AXIS2_PLACEMENT_3D('',#11269,#9337,#9338);
#7314=AXIS2_PLACEMENT_3D('',#11273,#9341,#9342);
#7315=AXIS2_PLACEMENT_3D('',#11274,#9343,#9344);
#7316=AXIS2_PLACEMENT_3D('',#11275,#9345,#9346);
#7317=AXIS2_PLACEMENT_3D('',#11276,#9347,#9348);
#7318=AXIS2_PLACEMENT_3D('',#11282,#9352,#9353);
#7319=AXIS2_PLACEMENT_3D('',#11285,#9355,#9356);
#7320=AXIS2_PLACEMENT_3D('',#11286,#9357,#9358);
#7321=AXIS2_PLACEMENT_3D('',#11290,#9361,#9362);
#7322=AXIS2_PLACEMENT_3D('',#11293,#9364,#9365);
#7323=AXIS2_PLACEMENT_3D('',#11294,#9366,#9367);
#7324=AXIS2_PLACEMENT_3D('',#11298,#9370,#9371);
#7325=AXIS2_PLACEMENT_3D('',#11301,#9373,#9374);
#7326=AXIS2_PLACEMENT_3D('',#11302,#9375,#9376);
#7327=AXIS2_PLACEMENT_3D('',#11306,#9379,#9380);
#7328=AXIS2_PLACEMENT_3D('',#11307,#9381,#9382);
#7329=AXIS2_PLACEMENT_3D('',#11308,#9383,#9384);
#7330=AXIS2_PLACEMENT_3D('',#11309,#9385,#9386);
#7331=AXIS2_PLACEMENT_3D('',#11312,#9388,#9389);
#7332=AXIS2_PLACEMENT_3D('',#11313,#9390,#9391);
#7333=AXIS2_PLACEMENT_3D('',#11315,#9393,#9394);
#7334=DIRECTION('axis',(0.,0.,1.));
#7335=DIRECTION('refdir',(1.,0.,0.));
#7336=DIRECTION('center_axis',(0.,0.,1.));
#7337=DIRECTION('ref_axis',(-0.707106781186547,0.707106781186548,0.));
#7338=DIRECTION('center_axis',(0.,0.,1.));
#7339=DIRECTION('ref_axis',(-0.707106781186547,0.707106781186548,0.));
#7340=DIRECTION('',(0.,0.,1.));
#7341=DIRECTION('center_axis',(0.,0.,1.));
#7342=DIRECTION('ref_axis',(-0.707106781186547,0.707106781186548,0.));
#7343=DIRECTION('center_axis',(0.,0.,-1.));
#7344=DIRECTION('ref_axis',(-0.707106781186547,0.707106781186548,0.));
#7345=DIRECTION('center_axis',(0.,0.,1.));
#7346=DIRECTION('ref_axis',(-0.707106781186547,0.707106781186548,0.));
#7347=DIRECTION('center_axis',(0.,0.,1.));
#7348=DIRECTION('ref_axis',(-0.707106781186547,0.707106781186548,0.));
#7349=DIRECTION('',(0.,0.,1.));
#7350=DIRECTION('center_axis',(0.,0.,1.));
#7351=DIRECTION('ref_axis',(-0.707106781186547,0.707106781186548,0.));
#7352=DIRECTION('center_axis',(0.,0.,-1.));
#7353=DIRECTION('ref_axis',(-0.707106781186547,0.707106781186548,0.));
#7354=DIRECTION('center_axis',(0.,0.,1.));
#7355=DIRECTION('ref_axis',(1.98254111540207E-16,1.,0.));
#7356=DIRECTION('center_axis',(0.,0.,1.));
#7357=DIRECTION('ref_axis',(1.98254111540207E-16,1.,0.));
#7358=DIRECTION('',(0.,0.,1.));
#7359=DIRECTION('center_axis',(0.,0.,1.));
#7360=DIRECTION('ref_axis',(1.98254111540207E-16,1.,0.));
#7361=DIRECTION('center_axis',(0.,0.,-1.));
#7362=DIRECTION('ref_axis',(1.11022302462516E-16,1.,0.));
#7363=DIRECTION('center_axis',(0.,0.,1.));
#7364=DIRECTION('ref_axis',(1.32169407693471E-16,1.,0.));
#7365=DIRECTION('center_axis',(0.,0.,1.));
#7366=DIRECTION('ref_axis',(1.32169407693471E-16,1.,0.));
#7367=DIRECTION('',(0.,0.,1.));
#7368=DIRECTION('center_axis',(0.,0.,1.));
#7369=DIRECTION('ref_axis',(1.32169407693471E-16,1.,0.));
#7370=DIRECTION('center_axis',(0.,0.,-1.));
#7371=DIRECTION('ref_axis',(1.11022302462516E-16,1.,0.));
#7372=DIRECTION('center_axis',(0.,0.,1.));
#7373=DIRECTION('ref_axis',(0.707106781186548,0.707106781186547,0.));
#7374=DIRECTION('center_axis',(0.,0.,1.));
#7375=DIRECTION('ref_axis',(0.707106781186548,0.707106781186547,0.));
#7376=DIRECTION('',(0.,0.,1.));
#7377=DIRECTION('center_axis',(0.,0.,1.));
#7378=DIRECTION('ref_axis',(0.707106781186548,0.707106781186547,0.));
#7379=DIRECTION('center_axis',(0.,0.,-1.));
#7380=DIRECTION('ref_axis',(0.707106781186548,0.707106781186547,0.));
#7381=DIRECTION('center_axis',(0.,0.,1.));
#7382=DIRECTION('ref_axis',(0.707106781186548,0.707106781186547,0.));
#7383=DIRECTION('center_axis',(0.,0.,1.));
#7384=DIRECTION('ref_axis',(0.707106781186548,0.707106781186547,0.));
#7385=DIRECTION('',(0.,0.,1.));
#7386=DIRECTION('center_axis',(0.,0.,1.));
#7387=DIRECTION('ref_axis',(0.707106781186548,0.707106781186547,0.));
#7388=DIRECTION('center_axis',(0.,0.,-1.));
#7389=DIRECTION('ref_axis',(0.707106781186548,0.707106781186547,0.));
#7390=DIRECTION('center_axis',(0.,0.,1.));
#7391=DIRECTION('ref_axis',(1.,-1.98254111540207E-16,0.));
#7392=DIRECTION('center_axis',(0.,0.,1.));
#7393=DIRECTION('ref_axis',(1.,-1.98254111540207E-16,0.));
#7394=DIRECTION('',(0.,0.,1.));
#7395=DIRECTION('center_axis',(0.,0.,1.));
#7396=DIRECTION('ref_axis',(1.,-1.98254111540207E-16,0.));
#7397=DIRECTION('center_axis',(0.,0.,-1.));
#7398=DIRECTION('ref_axis',(1.,-1.11022302462516E-16,0.));
#7399=DIRECTION('center_axis',(0.,0.,1.));
#7400=DIRECTION('ref_axis',(1.,-1.32169407693471E-16,0.));
#7401=DIRECTION('center_axis',(0.,0.,1.));
#7402=DIRECTION('ref_axis',(1.,-1.32169407693471E-16,0.));
#7403=DIRECTION('',(0.,0.,1.));
#7404=DIRECTION('center_axis',(0.,0.,1.));
#7405=DIRECTION('ref_axis',(1.,-1.32169407693471E-16,0.));
#7406=DIRECTION('center_axis',(0.,0.,-1.));
#7407=DIRECTION('ref_axis',(1.,-1.11022302462516E-16,0.));
#7408=DIRECTION('center_axis',(0.,0.,1.));
#7409=DIRECTION('ref_axis',(0.707106781186547,-0.707106781186548,0.));
#7410=DIRECTION('center_axis',(0.,0.,1.));
#7411=DIRECTION('ref_axis',(0.707106781186547,-0.707106781186548,0.));
#7412=DIRECTION('',(0.,0.,1.));
#7413=DIRECTION('center_axis',(0.,0.,1.));
#7414=DIRECTION('ref_axis',(0.707106781186547,-0.707106781186548,0.));
#7415=DIRECTION('center_axis',(0.,0.,-1.));
#7416=DIRECTION('ref_axis',(0.707106781186547,-0.707106781186548,0.));
#7417=DIRECTION('center_axis',(0.,0.,1.));
#7418=DIRECTION('ref_axis',(0.707106781186547,-0.707106781186548,0.));
#7419=DIRECTION('center_axis',(0.,0.,1.));
#7420=DIRECTION('ref_axis',(0.707106781186547,-0.707106781186548,0.));
#7421=DIRECTION('',(0.,0.,1.));
#7422=DIRECTION('center_axis',(0.,0.,1.));
#7423=DIRECTION('ref_axis',(0.707106781186547,-0.707106781186548,0.));
#7424=DIRECTION('center_axis',(0.,0.,-1.));
#7425=DIRECTION('ref_axis',(0.707106781186547,-0.707106781186548,0.));
#7426=DIRECTION('center_axis',(0.,0.,1.));
#7427=DIRECTION('ref_axis',(0.,-1.,0.));
#7428=DIRECTION('center_axis',(0.,0.,1.));
#7429=DIRECTION('ref_axis',(0.,-1.,0.));
#7430=DIRECTION('',(0.,0.,1.));
#7431=DIRECTION('center_axis',(0.,0.,1.));
#7432=DIRECTION('ref_axis',(0.,-1.,0.));
#7433=DIRECTION('center_axis',(0.,0.,-1.));
#7434=DIRECTION('ref_axis',(0.,-1.,0.));
#7435=DIRECTION('center_axis',(0.,0.,1.));
#7436=DIRECTION('ref_axis',(0.,-1.,0.));
#7437=DIRECTION('center_axis',(0.,0.,1.));
#7438=DIRECTION('ref_axis',(0.,-1.,0.));
#7439=DIRECTION('',(0.,0.,1.));
#7440=DIRECTION('center_axis',(0.,0.,1.));
#7441=DIRECTION('ref_axis',(0.,-1.,0.));
#7442=DIRECTION('center_axis',(0.,0.,-1.));
#7443=DIRECTION('ref_axis',(0.,-1.,0.));
#7444=DIRECTION('center_axis',(0.,0.,1.));
#7445=DIRECTION('ref_axis',(-0.707106781186548,-0.707106781186548,0.));
#7446=DIRECTION('center_axis',(0.,0.,1.));
#7447=DIRECTION('ref_axis',(-0.707106781186548,-0.707106781186548,0.));
#7448=DIRECTION('',(0.,0.,1.));
#7449=DIRECTION('center_axis',(0.,0.,1.));
#7450=DIRECTION('ref_axis',(-0.707106781186548,-0.707106781186548,0.));
#7451=DIRECTION('center_axis',(0.,0.,-1.));
#7452=DIRECTION('ref_axis',(-0.707106781186548,-0.707106781186548,0.));
#7453=DIRECTION('center_axis',(0.,0.,1.));
#7454=DIRECTION('ref_axis',(-0.707106781186547,-0.707106781186547,0.));
#7455=DIRECTION('center_axis',(0.,0.,1.));
#7456=DIRECTION('ref_axis',(-0.707106781186547,-0.707106781186547,0.));
#7457=DIRECTION('',(0.,0.,1.));
#7458=DIRECTION('center_axis',(0.,0.,1.));
#7459=DIRECTION('ref_axis',(-0.707106781186547,-0.707106781186547,0.));
#7460=DIRECTION('center_axis',(0.,0.,-1.));
#7461=DIRECTION('ref_axis',(-0.707106781186548,-0.707106781186548,0.));
#7462=DIRECTION('center_axis',(0.,0.,1.));
#7463=DIRECTION('ref_axis',(-1.,0.,0.));
#7464=DIRECTION('center_axis',(0.,0.,1.));
#7465=DIRECTION('ref_axis',(-1.,0.,0.));
#7466=DIRECTION('',(0.,0.,1.));
#7467=DIRECTION('center_axis',(0.,0.,1.));
#7468=DIRECTION('ref_axis',(-1.,0.,0.));
#7469=DIRECTION('center_axis',(0.,0.,-1.));
#7470=DIRECTION('ref_axis',(-1.,0.,0.));
#7471=DIRECTION('center_axis',(0.,0.,1.));
#7472=DIRECTION('ref_axis',(-1.,0.,0.));
#7473=DIRECTION('center_axis',(0.,0.,1.));
#7474=DIRECTION('ref_axis',(-1.,0.,0.));
#7475=DIRECTION('',(0.,0.,1.));
#7476=DIRECTION('center_axis',(0.,0.,1.));
#7477=DIRECTION('ref_axis',(-1.,0.,0.));
#7478=DIRECTION('center_axis',(0.,0.,-1.));
#7479=DIRECTION('ref_axis',(-1.,0.,0.));
#7480=DIRECTION('center_axis',(-0.566406236983117,0.824126188581958,0.));
#7481=DIRECTION('ref_axis',(0.824126188581958,0.566406236983117,0.));
#7482=DIRECTION('',(-0.824126188581958,-0.566406236983117,0.));
#7483=DIRECTION('',(0.,0.,-1.));
#7484=DIRECTION('',(0.824126188581958,0.566406236983117,0.));
#7485=DIRECTION('',(0.,0.,-1.));
#7486=DIRECTION('center_axis',(0.,0.,-1.));
#7487=DIRECTION('ref_axis',(0.786474344111571,0.617622948127961,0.));
#7488=DIRECTION('center_axis',(0.,0.,1.));
#7489=DIRECTION('ref_axis',(0.786474344111571,0.617622948127961,0.));
#7490=DIRECTION('center_axis',(0.,0.,-1.));
#7491=DIRECTION('ref_axis',(0.786474344111571,0.617622948127961,0.));
#7492=DIRECTION('',(0.,0.,-1.));
#7493=DIRECTION('center_axis',(0.,0.,-1.));
#7494=DIRECTION('ref_axis',(0.775526839689345,0.631314597424657,0.));
#7495=DIRECTION('center_axis',(0.,0.,1.));
#7496=DIRECTION('ref_axis',(0.775526839689345,0.631314597424657,0.));
#7497=DIRECTION('center_axis',(0.,0.,-1.));
#7498=DIRECTION('ref_axis',(0.775526839689345,0.631314597424657,0.));
#7499=DIRECTION('',(0.,0.,-1.));
#7500=DIRECTION('center_axis',(-0.580702955712692,0.814115518355069,0.));
#7501=DIRECTION('ref_axis',(0.814115518355069,0.580702955712692,0.));
#7502=DIRECTION('',(-0.814115518355069,-0.580702955712692,0.));
#7503=DIRECTION('',(0.814115518355069,0.580702955712692,0.));
#7504=DIRECTION('',(0.,0.,-1.));
#7505=DIRECTION('center_axis',(0.,0.,-1.));
#7506=DIRECTION('ref_axis',(-0.580702955623959,0.814115518418362,0.));
#7507=DIRECTION('center_axis',(0.,0.,1.));
#7508=DIRECTION('ref_axis',(-0.580702955623959,0.814115518418362,0.));
#7509=DIRECTION('center_axis',(0.,0.,-1.));
#7510=DIRECTION('ref_axis',(-0.580702955623959,0.814115518418362,0.));
#7511=DIRECTION('',(0.,0.,-1.));
#7512=DIRECTION('center_axis',(0.,0.,-1.));
#7513=DIRECTION('ref_axis',(-0.995305407869603,-0.0967840124479378,0.));
#7514=DIRECTION('center_axis',(0.,0.,-1.));
#7515=DIRECTION('ref_axis',(-0.995305407869603,-0.0967840124479378,0.));
#7516=DIRECTION('center_axis',(0.,0.,1.));
#7517=DIRECTION('ref_axis',(-0.995305407869603,-0.0967840124479378,0.));
#7518=DIRECTION('',(0.,0.,-1.));
#7519=DIRECTION('center_axis',(0.,0.,-1.));
#7520=DIRECTION('ref_axis',(-0.995305407869703,-0.0967840124469085,0.));
#7521=DIRECTION('center_axis',(0.,0.,1.));
#7522=DIRECTION('ref_axis',(-0.995305407869703,-0.0967840124469085,0.));
#7523=DIRECTION('center_axis',(0.,0.,-1.));
#7524=DIRECTION('ref_axis',(-0.995305407869703,-0.0967840124469085,0.));
#7525=DIRECTION('',(0.,0.,-1.));
#7526=DIRECTION('center_axis',(0.165047605863336,-0.986285601536787,0.));
#7527=DIRECTION('ref_axis',(-0.986285601536787,-0.165047605863336,0.));
#7528=DIRECTION('',(0.986285601536787,0.165047605863336,0.));
#7529=DIRECTION('',(-0.986285601536787,-0.165047605863336,0.));
#7530=DIRECTION('',(0.,0.,-1.));
#7531=DIRECTION('center_axis',(0.,0.,-1.));
#7532=DIRECTION('ref_axis',(0.165047605907693,-0.986285601529364,0.));
#7533=DIRECTION('center_axis',(0.,0.,1.));
#7534=DIRECTION('ref_axis',(0.165047605907693,-0.986285601529364,0.));
#7535=DIRECTION('center_axis',(0.,0.,-1.));
#7536=DIRECTION('ref_axis',(0.165047605907693,-0.986285601529364,0.));
#7537=DIRECTION('',(0.,0.,-1.));
#7538=DIRECTION('center_axis',(0.,0.,-1.));
#7539=DIRECTION('ref_axis',(0.994787120298863,0.101973453837242,0.));
#7540=DIRECTION('center_axis',(0.,0.,1.));
#7541=DIRECTION('ref_axis',(0.994787120298863,0.101973453837242,0.));
#7542=DIRECTION('center_axis',(0.,0.,-1.));
#7543=DIRECTION('ref_axis',(0.994787120298863,0.101973453837242,0.));
#7544=DIRECTION('',(0.,0.,-1.));
#7545=DIRECTION('center_axis',(0.18223552542261,-0.983254907576843,0.));
#7546=DIRECTION('ref_axis',(-0.983254907576843,-0.18223552542261,0.));
#7547=DIRECTION('',(0.983254907576843,0.18223552542261,0.));
#7548=DIRECTION('',(-0.983254907576843,-0.18223552542261,0.));
#7549=DIRECTION('',(0.,0.,-1.));
#7550=DIRECTION('center_axis',(0.,0.,-1.));
#7551=DIRECTION('ref_axis',(0.182235525393594,-0.98325490758222,0.));
#7552=DIRECTION('center_axis',(0.,0.,1.));
#7553=DIRECTION('ref_axis',(0.182235525393594,-0.98325490758222,0.));
#7554=DIRECTION('center_axis',(0.,0.,-1.));
#7555=DIRECTION('ref_axis',(0.182235525393594,-0.98325490758222,0.));
#7556=DIRECTION('',(0.,0.,-1.));
#7557=DIRECTION('center_axis',(0.,0.,-1.));
#7558=DIRECTION('ref_axis',(0.990067078855766,0.140595801381159,0.));
#7559=DIRECTION('center_axis',(0.,0.,1.));
#7560=DIRECTION('ref_axis',(0.990067078855766,0.140595801381159,0.));
#7561=DIRECTION('center_axis',(0.,0.,-1.));
#7562=DIRECTION('ref_axis',(0.990067078855766,0.140595801381159,0.));
#7563=DIRECTION('',(0.,0.,-1.));
#7564=DIRECTION('center_axis',(0.,0.,-1.));
#7565=DIRECTION('ref_axis',(0.799499389851443,0.600666900725494,0.));
#7566=DIRECTION('center_axis',(0.,0.,1.));
#7567=DIRECTION('ref_axis',(0.799499389851443,0.600666900725494,0.));
#7568=DIRECTION('center_axis',(0.,0.,-1.));
#7569=DIRECTION('ref_axis',(0.799499389851443,0.600666900725494,0.));
#7570=DIRECTION('center_axis',(0.18223552542261,0.983254907576843,0.));
#7571=DIRECTION('ref_axis',(0.983254907576843,-0.18223552542261,0.));
#7572=DIRECTION('',(-0.983254907576843,0.18223552542261,0.));
#7573=DIRECTION('',(0.,0.,-1.));
#7574=DIRECTION('',(0.983254907576843,-0.18223552542261,0.));
#7575=DIRECTION('',(0.,0.,-1.));
#7576=DIRECTION('center_axis',(0.,0.,-1.));
#7577=DIRECTION('ref_axis',(0.992846716788243,-0.119395967112826,0.));
#7578=DIRECTION('center_axis',(0.,0.,1.));
#7579=DIRECTION('ref_axis',(0.992846716788243,-0.119395967112826,0.));
#7580=DIRECTION('center_axis',(0.,0.,-1.));
#7581=DIRECTION('ref_axis',(0.992846716788243,-0.119395967112826,0.));
#7582=DIRECTION('',(0.,0.,-1.));
#7583=DIRECTION('center_axis',(0.,0.,-1.));
#7584=DIRECTION('ref_axis',(0.994787120237539,-0.101973454435478,0.));
#7585=DIRECTION('center_axis',(0.,0.,1.));
#7586=DIRECTION('ref_axis',(0.994787120237539,-0.101973454435478,0.));
#7587=DIRECTION('center_axis',(0.,0.,-1.));
#7588=DIRECTION('ref_axis',(0.994787120237539,-0.101973454435478,0.));
#7589=DIRECTION('',(0.,0.,-1.));
#7590=DIRECTION('center_axis',(0.165047605858555,0.986285601537587,0.));
#7591=DIRECTION('ref_axis',(0.986285601537587,-0.165047605858555,0.));
#7592=DIRECTION('',(-0.986285601537587,0.165047605858555,0.));
#7593=DIRECTION('',(0.986285601537587,-0.165047605858555,0.));
#7594=DIRECTION('',(0.,0.,-1.));
#7595=DIRECTION('center_axis',(0.,0.,-1.));
#7596=DIRECTION('ref_axis',(0.165047605966053,0.986285601519598,0.));
#7597=DIRECTION('center_axis',(0.,0.,1.));
#7598=DIRECTION('ref_axis',(0.165047605966053,0.986285601519598,0.));
#7599=DIRECTION('center_axis',(0.,0.,-1.));
#7600=DIRECTION('ref_axis',(0.165047605966053,0.986285601519598,0.));
#7601=DIRECTION('',(0.,0.,-1.));
#7602=DIRECTION('center_axis',(0.,0.,-1.));
#7603=DIRECTION('ref_axis',(-0.772223834768619,0.635350571743859,0.));
#7604=DIRECTION('center_axis',(0.,0.,-1.));
#7605=DIRECTION('ref_axis',(-0.772223834768619,0.635350571743859,0.));
#7606=DIRECTION('center_axis',(0.,0.,1.));
#7607=DIRECTION('ref_axis',(-0.772223834768619,0.635350571743859,0.));
#7608=DIRECTION('',(0.,0.,-1.));
#7609=DIRECTION('center_axis',(0.,0.,-1.));
#7610=DIRECTION('ref_axis',(-0.772223834767962,0.635350571744657,0.));
#7611=DIRECTION('center_axis',(0.,0.,1.));
#7612=DIRECTION('ref_axis',(-0.772223834767962,0.635350571744657,0.));
#7613=DIRECTION('center_axis',(0.,0.,-1.));
#7614=DIRECTION('ref_axis',(-0.772223834767962,0.635350571744657,0.));
#7615=DIRECTION('',(0.,0.,-1.));
#7616=DIRECTION('center_axis',(-0.580702955708746,-0.814115518357884,0.));
#7617=DIRECTION('ref_axis',(-0.814115518357884,0.580702955708746,0.));
#7618=DIRECTION('',(0.814115518357884,-0.580702955708746,0.));
#7619=DIRECTION('',(-0.814115518357884,0.580702955708746,0.));
#7620=DIRECTION('',(0.,0.,-1.));
#7621=DIRECTION('center_axis',(0.,0.,-1.));
#7622=DIRECTION('ref_axis',(-0.580702955672131,-0.814115518384001,0.));
#7623=DIRECTION('center_axis',(0.,0.,1.));
#7624=DIRECTION('ref_axis',(-0.580702955672131,-0.814115518384001,0.));
#7625=DIRECTION('center_axis',(0.,0.,-1.));
#7626=DIRECTION('ref_axis',(-0.580702955672131,-0.814115518384001,0.));
#7627=DIRECTION('',(0.,0.,-1.));
#7628=DIRECTION('center_axis',(0.,0.,-1.));
#7629=DIRECTION('ref_axis',(0.775526839309691,-0.631314597891036,0.));
#7630=DIRECTION('center_axis',(0.,0.,1.));
#7631=DIRECTION('ref_axis',(0.775526839309691,-0.631314597891036,0.));
#7632=DIRECTION('center_axis',(0.,0.,-1.));
#7633=DIRECTION('ref_axis',(0.775526839309691,-0.631314597891036,0.));
#7634=DIRECTION('',(0.,0.,-1.));
#7635=DIRECTION('center_axis',(-0.566406236983117,-0.824126188581958,0.));
#7636=DIRECTION('ref_axis',(-0.824126188581958,0.566406236983117,0.));
#7637=DIRECTION('',(0.824126188581958,-0.566406236983117,0.));
#7638=DIRECTION('',(-0.824126188581958,0.566406236983117,0.));
#7639=DIRECTION('',(0.,0.,-1.));
#7640=DIRECTION('center_axis',(0.,0.,-1.));
#7641=DIRECTION('ref_axis',(-0.566406237007436,-0.824126188565244,0.));
#7642=DIRECTION('center_axis',(0.,0.,1.));
#7643=DIRECTION('ref_axis',(-0.566406237007436,-0.824126188565244,0.));
#7644=DIRECTION('center_axis',(0.,0.,-1.));
#7645=DIRECTION('ref_axis',(-0.566406237007436,-0.824126188565244,0.));
#7646=DIRECTION('',(0.,0.,-1.));
#7647=DIRECTION('center_axis',(0.,0.,-1.));
#7648=DIRECTION('ref_axis',(0.799499389851443,-0.600666900725494,0.));
#7649=DIRECTION('center_axis',(0.,0.,1.));
#7650=DIRECTION('ref_axis',(0.799499389851443,-0.600666900725494,0.));
#7651=DIRECTION('center_axis',(0.,0.,-1.));
#7652=DIRECTION('ref_axis',(0.799499389851443,-0.600666900725494,0.));
#7653=DIRECTION('',(0.,0.,-1.));
#7654=DIRECTION('center_axis',(0.,0.,-1.));
#7655=DIRECTION('ref_axis',(0.990067078855766,-0.140595801381159,0.));
#7656=DIRECTION('center_axis',(0.,0.,1.));
#7657=DIRECTION('ref_axis',(0.990067078855766,-0.140595801381159,0.));
#7658=DIRECTION('center_axis',(0.,0.,-1.));
#7659=DIRECTION('ref_axis',(0.990067078855766,-0.140595801381159,0.));
#7660=DIRECTION('center_axis',(0.824126188581958,0.566406236983117,0.));
#7661=DIRECTION('ref_axis',(0.566406236983117,-0.824126188581958,0.));
#7662=DIRECTION('',(-0.566406236983117,0.824126188581958,0.));
#7663=DIRECTION('',(0.,0.,-1.));
#7664=DIRECTION('',(0.566406236983117,-0.824126188581958,0.));
#7665=DIRECTION('',(0.,0.,-1.));
#7666=DIRECTION('center_axis',(0.,0.,-1.));
#7667=DIRECTION('ref_axis',(0.617622948127961,-0.786474344111571,0.));
#7668=DIRECTION('center_axis',(0.,0.,1.));
#7669=DIRECTION('ref_axis',(0.617622948127961,-0.786474344111571,0.));
#7670=DIRECTION('center_axis',(0.,0.,-1.));
#7671=DIRECTION('ref_axis',(0.617622948127961,-0.786474344111571,0.));
#7672=DIRECTION('',(0.,0.,-1.));
#7673=DIRECTION('center_axis',(0.,0.,-1.));
#7674=DIRECTION('ref_axis',(0.631314597424657,-0.775526839689345,0.));
#7675=DIRECTION('center_axis',(0.,0.,1.));
#7676=DIRECTION('ref_axis',(0.631314597424657,-0.775526839689345,0.));
#7677=DIRECTION('center_axis',(0.,0.,-1.));
#7678=DIRECTION('ref_axis',(0.631314597424657,-0.775526839689345,0.));
#7679=DIRECTION('',(0.,0.,-1.));
#7680=DIRECTION('center_axis',(0.814115518355069,0.580702955712692,0.));
#7681=DIRECTION('ref_axis',(0.580702955712692,-0.814115518355069,0.));
#7682=DIRECTION('',(-0.580702955712692,0.814115518355069,0.));
#7683=DIRECTION('',(0.580702955712692,-0.814115518355069,0.));
#7684=DIRECTION('',(0.,0.,-1.));
#7685=DIRECTION('center_axis',(0.,0.,-1.));
#7686=DIRECTION('ref_axis',(0.814115518418362,0.580702955623959,0.));
#7687=DIRECTION('center_axis',(0.,0.,1.));
#7688=DIRECTION('ref_axis',(0.814115518418362,0.580702955623959,0.));
#7689=DIRECTION('center_axis',(0.,0.,-1.));
#7690=DIRECTION('ref_axis',(0.814115518418362,0.580702955623959,0.));
#7691=DIRECTION('',(0.,0.,-1.));
#7692=DIRECTION('center_axis',(0.,0.,-1.));
#7693=DIRECTION('ref_axis',(-0.096784012447938,0.995305407869603,0.));
#7694=DIRECTION('center_axis',(0.,0.,-1.));
#7695=DIRECTION('ref_axis',(-0.096784012447938,0.995305407869603,0.));
#7696=DIRECTION('center_axis',(0.,0.,1.));
#7697=DIRECTION('ref_axis',(-0.096784012447938,0.995305407869603,0.));
#7698=DIRECTION('',(0.,0.,-1.));
#7699=DIRECTION('center_axis',(0.,0.,-1.));
#7700=DIRECTION('ref_axis',(-0.0967840124469085,0.995305407869703,0.));
#7701=DIRECTION('center_axis',(0.,0.,1.));
#7702=DIRECTION('ref_axis',(-0.0967840124469085,0.995305407869703,0.));
#7703=DIRECTION('center_axis',(0.,0.,-1.));
#7704=DIRECTION('ref_axis',(-0.0967840124469085,0.995305407869703,0.));
#7705=DIRECTION('',(0.,0.,-1.));
#7706=DIRECTION('center_axis',(-0.986285601536787,-0.165047605863336,0.));
#7707=DIRECTION('ref_axis',(-0.165047605863336,0.986285601536787,0.));
#7708=DIRECTION('',(0.165047605863336,-0.986285601536787,0.));
#7709=DIRECTION('',(-0.165047605863336,0.986285601536787,0.));
#7710=DIRECTION('',(0.,0.,-1.));
#7711=DIRECTION('center_axis',(0.,0.,-1.));
#7712=DIRECTION('ref_axis',(-0.986285601529364,-0.165047605907693,0.));
#7713=DIRECTION('center_axis',(0.,0.,1.));
#7714=DIRECTION('ref_axis',(-0.986285601529364,-0.165047605907693,0.));
#7715=DIRECTION('center_axis',(0.,0.,-1.));
#7716=DIRECTION('ref_axis',(-0.986285601529364,-0.165047605907693,0.));
#7717=DIRECTION('',(0.,0.,-1.));
#7718=DIRECTION('center_axis',(0.,0.,-1.));
#7719=DIRECTION('ref_axis',(0.101973453837242,-0.994787120298863,0.));
#7720=DIRECTION('center_axis',(0.,0.,1.));
#7721=DIRECTION('ref_axis',(0.101973453837242,-0.994787120298863,0.));
#7722=DIRECTION('center_axis',(0.,0.,-1.));
#7723=DIRECTION('ref_axis',(0.101973453837242,-0.994787120298863,0.));
#7724=DIRECTION('',(0.,0.,-1.));
#7725=DIRECTION('center_axis',(-0.983254907576843,-0.18223552542261,0.));
#7726=DIRECTION('ref_axis',(-0.18223552542261,0.983254907576843,0.));
#7727=DIRECTION('',(0.18223552542261,-0.983254907576843,0.));
#7728=DIRECTION('',(-0.18223552542261,0.983254907576843,0.));
#7729=DIRECTION('',(0.,0.,-1.));
#7730=DIRECTION('center_axis',(0.,0.,-1.));
#7731=DIRECTION('ref_axis',(-0.98325490758222,-0.182235525393594,0.));
#7732=DIRECTION('center_axis',(0.,0.,1.));
#7733=DIRECTION('ref_axis',(-0.98325490758222,-0.182235525393594,0.));
#7734=DIRECTION('center_axis',(0.,0.,-1.));
#7735=DIRECTION('ref_axis',(-0.98325490758222,-0.182235525393594,0.));
#7736=DIRECTION('',(0.,0.,-1.));
#7737=DIRECTION('center_axis',(0.,0.,-1.));
#7738=DIRECTION('ref_axis',(0.140595801381159,-0.990067078855766,0.));
#7739=DIRECTION('center_axis',(0.,0.,1.));
#7740=DIRECTION('ref_axis',(0.140595801381159,-0.990067078855766,0.));
#7741=DIRECTION('center_axis',(0.,0.,-1.));
#7742=DIRECTION('ref_axis',(0.140595801381159,-0.990067078855766,0.));
#7743=DIRECTION('',(0.,0.,-1.));
#7744=DIRECTION('center_axis',(0.,0.,-1.));
#7745=DIRECTION('ref_axis',(0.600666900725494,-0.799499389851443,0.));
#7746=DIRECTION('center_axis',(0.,0.,1.));
#7747=DIRECTION('ref_axis',(0.600666900725494,-0.799499389851443,0.));
#7748=DIRECTION('center_axis',(0.,0.,-1.));
#7749=DIRECTION('ref_axis',(0.600666900725494,-0.799499389851443,0.));
#7750=DIRECTION('center_axis',(0.983254907576843,-0.18223552542261,0.));
#7751=DIRECTION('ref_axis',(-0.18223552542261,-0.983254907576843,0.));
#7752=DIRECTION('',(0.18223552542261,0.983254907576843,0.));
#7753=DIRECTION('',(0.,0.,-1.));
#7754=DIRECTION('',(-0.18223552542261,-0.983254907576843,0.));
#7755=DIRECTION('',(0.,0.,-1.));
#7756=DIRECTION('center_axis',(0.,0.,-1.));
#7757=DIRECTION('ref_axis',(-0.119395967112826,-0.992846716788243,0.));
#7758=DIRECTION('center_axis',(0.,0.,1.));
#7759=DIRECTION('ref_axis',(-0.119395967112826,-0.992846716788243,0.));
#7760=DIRECTION('center_axis',(0.,0.,-1.));
#7761=DIRECTION('ref_axis',(-0.119395967112826,-0.992846716788243,0.));
#7762=DIRECTION('',(0.,0.,-1.));
#7763=DIRECTION('center_axis',(0.,0.,-1.));
#7764=DIRECTION('ref_axis',(-0.101973454435478,-0.994787120237539,0.));
#7765=DIRECTION('center_axis',(0.,0.,1.));
#7766=DIRECTION('ref_axis',(-0.101973454435478,-0.994787120237539,0.));
#7767=DIRECTION('center_axis',(0.,0.,-1.));
#7768=DIRECTION('ref_axis',(-0.101973454435478,-0.994787120237539,0.));
#7769=DIRECTION('',(0.,0.,-1.));
#7770=DIRECTION('center_axis',(0.986285601537587,-0.165047605858555,0.));
#7771=DIRECTION('ref_axis',(-0.165047605858555,-0.986285601537587,0.));
#7772=DIRECTION('',(0.165047605858555,0.986285601537587,0.));
#7773=DIRECTION('',(-0.165047605858555,-0.986285601537587,0.));
#7774=DIRECTION('',(0.,0.,-1.));
#7775=DIRECTION('center_axis',(0.,0.,-1.));
#7776=DIRECTION('ref_axis',(0.986285601519598,-0.165047605966053,0.));
#7777=DIRECTION('center_axis',(0.,0.,1.));
#7778=DIRECTION('ref_axis',(0.986285601519598,-0.165047605966053,0.));
#7779=DIRECTION('center_axis',(0.,0.,-1.));
#7780=DIRECTION('ref_axis',(0.986285601519598,-0.165047605966053,0.));
#7781=DIRECTION('',(0.,0.,-1.));
#7782=DIRECTION('center_axis',(0.,0.,-1.));
#7783=DIRECTION('ref_axis',(0.635350571743859,0.772223834768619,0.));
#7784=DIRECTION('center_axis',(0.,0.,-1.));
#7785=DIRECTION('ref_axis',(0.635350571743859,0.772223834768619,0.));
#7786=DIRECTION('center_axis',(0.,0.,1.));
#7787=DIRECTION('ref_axis',(0.635350571743859,0.772223834768619,0.));
#7788=DIRECTION('',(0.,0.,-1.));
#7789=DIRECTION('center_axis',(0.,0.,-1.));
#7790=DIRECTION('ref_axis',(0.635350571744657,0.772223834767962,0.));
#7791=DIRECTION('center_axis',(0.,0.,1.));
#7792=DIRECTION('ref_axis',(0.635350571744657,0.772223834767962,0.));
#7793=DIRECTION('center_axis',(0.,0.,-1.));
#7794=DIRECTION('ref_axis',(0.635350571744657,0.772223834767962,0.));
#7795=DIRECTION('',(0.,0.,-1.));
#7796=DIRECTION('center_axis',(-0.814115518357884,0.580702955708746,0.));
#7797=DIRECTION('ref_axis',(0.580702955708746,0.814115518357884,0.));
#7798=DIRECTION('',(-0.580702955708746,-0.814115518357884,0.));
#7799=DIRECTION('',(0.580702955708746,0.814115518357884,0.));
#7800=DIRECTION('',(0.,0.,-1.));
#7801=DIRECTION('center_axis',(0.,0.,-1.));
#7802=DIRECTION('ref_axis',(-0.814115518384001,0.580702955672131,0.));
#7803=DIRECTION('center_axis',(0.,0.,1.));
#7804=DIRECTION('ref_axis',(-0.814115518384001,0.580702955672131,0.));
#7805=DIRECTION('center_axis',(0.,0.,-1.));
#7806=DIRECTION('ref_axis',(-0.814115518384001,0.580702955672131,0.));
#7807=DIRECTION('',(0.,0.,-1.));
#7808=DIRECTION('center_axis',(0.,0.,-1.));
#7809=DIRECTION('ref_axis',(-0.631314597891036,-0.775526839309691,0.));
#7810=DIRECTION('center_axis',(0.,0.,1.));
#7811=DIRECTION('ref_axis',(-0.631314597891036,-0.775526839309691,0.));
#7812=DIRECTION('center_axis',(0.,0.,-1.));
#7813=DIRECTION('ref_axis',(-0.631314597891036,-0.775526839309691,0.));
#7814=DIRECTION('',(0.,0.,-1.));
#7815=DIRECTION('center_axis',(-0.824126188581958,0.566406236983117,0.));
#7816=DIRECTION('ref_axis',(0.566406236983117,0.824126188581958,0.));
#7817=DIRECTION('',(-0.566406236983117,-0.824126188581958,0.));
#7818=DIRECTION('',(0.566406236983117,0.824126188581958,0.));
#7819=DIRECTION('',(0.,0.,-1.));
#7820=DIRECTION('center_axis',(0.,0.,-1.));
#7821=DIRECTION('ref_axis',(-0.824126188565244,0.566406237007436,0.));
#7822=DIRECTION('center_axis',(0.,0.,1.));
#7823=DIRECTION('ref_axis',(-0.824126188565244,0.566406237007436,0.));
#7824=DIRECTION('center_axis',(0.,0.,-1.));
#7825=DIRECTION('ref_axis',(-0.824126188565244,0.566406237007436,0.));
#7826=DIRECTION('',(0.,0.,-1.));
#7827=DIRECTION('center_axis',(0.,0.,-1.));
#7828=DIRECTION('ref_axis',(-0.600666900725494,-0.799499389851443,0.));
#7829=DIRECTION('center_axis',(0.,0.,1.));
#7830=DIRECTION('ref_axis',(-0.600666900725494,-0.799499389851443,0.));
#7831=DIRECTION('center_axis',(0.,0.,-1.));
#7832=DIRECTION('ref_axis',(-0.600666900725494,-0.799499389851443,0.));
#7833=DIRECTION('',(0.,0.,-1.));
#7834=DIRECTION('center_axis',(0.,0.,-1.));
#7835=DIRECTION('ref_axis',(-0.140595801381159,-0.990067078855766,0.));
#7836=DIRECTION('center_axis',(0.,0.,1.));
#7837=DIRECTION('ref_axis',(-0.140595801381159,-0.990067078855766,0.));
#7838=DIRECTION('center_axis',(0.,0.,-1.));
#7839=DIRECTION('ref_axis',(-0.140595801381159,-0.990067078855766,0.));
#7840=DIRECTION('center_axis',(0.566406236983117,-0.824126188581958,0.));
#7841=DIRECTION('ref_axis',(-0.824126188581958,-0.566406236983117,0.));
#7842=DIRECTION('',(0.824126188581958,0.566406236983117,0.));
#7843=DIRECTION('',(0.,0.,-1.));
#7844=DIRECTION('',(-0.824126188581958,-0.566406236983117,0.));
#7845=DIRECTION('',(0.,0.,-1.));
#7846=DIRECTION('center_axis',(0.,0.,-1.));
#7847=DIRECTION('ref_axis',(-0.786474344111571,-0.617622948127961,0.));
#7848=DIRECTION('center_axis',(0.,0.,1.));
#7849=DIRECTION('ref_axis',(-0.786474344111571,-0.617622948127961,0.));
#7850=DIRECTION('center_axis',(0.,0.,-1.));
#7851=DIRECTION('ref_axis',(-0.786474344111571,-0.617622948127961,0.));
#7852=DIRECTION('',(0.,0.,-1.));
#7853=DIRECTION('center_axis',(0.,0.,-1.));
#7854=DIRECTION('ref_axis',(-0.775526839689345,-0.631314597424657,0.));
#7855=DIRECTION('center_axis',(0.,0.,1.));
#7856=DIRECTION('ref_axis',(-0.775526839689345,-0.631314597424657,0.));
#7857=DIRECTION('center_axis',(0.,0.,-1.));
#7858=DIRECTION('ref_axis',(-0.775526839689345,-0.631314597424657,0.));
#7859=DIRECTION('',(0.,0.,-1.));
#7860=DIRECTION('center_axis',(0.580702955712692,-0.814115518355069,0.));
#7861=DIRECTION('ref_axis',(-0.814115518355069,-0.580702955712692,0.));
#7862=DIRECTION('',(0.814115518355069,0.580702955712692,0.));
#7863=DIRECTION('',(-0.814115518355069,-0.580702955712692,0.));
#7864=DIRECTION('',(0.,0.,-1.));
#7865=DIRECTION('center_axis',(0.,0.,-1.));
#7866=DIRECTION('ref_axis',(0.580702955623959,-0.814115518418362,0.));
#7867=DIRECTION('center_axis',(0.,0.,1.));
#7868=DIRECTION('ref_axis',(0.580702955623959,-0.814115518418362,0.));
#7869=DIRECTION('center_axis',(0.,0.,-1.));
#7870=DIRECTION('ref_axis',(0.580702955623959,-0.814115518418362,0.));
#7871=DIRECTION('',(0.,0.,-1.));
#7872=DIRECTION('center_axis',(0.,0.,-1.));
#7873=DIRECTION('ref_axis',(0.995305407869603,0.096784012447938,0.));
#7874=DIRECTION('center_axis',(0.,0.,-1.));
#7875=DIRECTION('ref_axis',(0.995305407869603,0.096784012447938,0.));
#7876=DIRECTION('center_axis',(0.,0.,1.));
#7877=DIRECTION('ref_axis',(0.995305407869603,0.096784012447938,0.));
#7878=DIRECTION('',(0.,0.,-1.));
#7879=DIRECTION('center_axis',(0.,0.,-1.));
#7880=DIRECTION('ref_axis',(0.995305407869703,0.0967840124469085,0.));
#7881=DIRECTION('center_axis',(0.,0.,1.));
#7882=DIRECTION('ref_axis',(0.995305407869703,0.0967840124469085,0.));
#7883=DIRECTION('center_axis',(0.,0.,-1.));
#7884=DIRECTION('ref_axis',(0.995305407869703,0.0967840124469085,0.));
#7885=DIRECTION('',(0.,0.,-1.));
#7886=DIRECTION('center_axis',(-0.165047605863336,0.986285601536787,0.));
#7887=DIRECTION('ref_axis',(0.986285601536787,0.165047605863336,0.));
#7888=DIRECTION('',(-0.986285601536787,-0.165047605863336,0.));
#7889=DIRECTION('',(0.986285601536787,0.165047605863336,0.));
#7890=DIRECTION('',(0.,0.,-1.));
#7891=DIRECTION('center_axis',(0.,0.,-1.));
#7892=DIRECTION('ref_axis',(-0.165047605907693,0.986285601529364,0.));
#7893=DIRECTION('center_axis',(0.,0.,1.));
#7894=DIRECTION('ref_axis',(-0.165047605907693,0.986285601529364,0.));
#7895=DIRECTION('center_axis',(0.,0.,-1.));
#7896=DIRECTION('ref_axis',(-0.165047605907693,0.986285601529364,0.));
#7897=DIRECTION('',(0.,0.,-1.));
#7898=DIRECTION('center_axis',(0.,0.,-1.));
#7899=DIRECTION('ref_axis',(-0.994787120298863,-0.101973453837242,0.));
#7900=DIRECTION('center_axis',(0.,0.,1.));
#7901=DIRECTION('ref_axis',(-0.994787120298863,-0.101973453837242,0.));
#7902=DIRECTION('center_axis',(0.,0.,-1.));
#7903=DIRECTION('ref_axis',(-0.994787120298863,-0.101973453837242,0.));
#7904=DIRECTION('',(0.,0.,-1.));
#7905=DIRECTION('center_axis',(-0.18223552542261,0.983254907576843,0.));
#7906=DIRECTION('ref_axis',(0.983254907576843,0.18223552542261,0.));
#7907=DIRECTION('',(-0.983254907576843,-0.18223552542261,0.));
#7908=DIRECTION('',(0.983254907576843,0.18223552542261,0.));
#7909=DIRECTION('',(0.,0.,-1.));
#7910=DIRECTION('center_axis',(0.,0.,-1.));
#7911=DIRECTION('ref_axis',(-0.182235525393594,0.98325490758222,0.));
#7912=DIRECTION('center_axis',(0.,0.,1.));
#7913=DIRECTION('ref_axis',(-0.182235525393594,0.98325490758222,0.));
#7914=DIRECTION('center_axis',(0.,0.,-1.));
#7915=DIRECTION('ref_axis',(-0.182235525393594,0.98325490758222,0.));
#7916=DIRECTION('',(0.,0.,-1.));
#7917=DIRECTION('center_axis',(0.,0.,-1.));
#7918=DIRECTION('ref_axis',(-0.990067078855766,-0.140595801381159,0.));
#7919=DIRECTION('center_axis',(0.,0.,1.));
#7920=DIRECTION('ref_axis',(-0.990067078855766,-0.140595801381159,0.));
#7921=DIRECTION('center_axis',(0.,0.,-1.));
#7922=DIRECTION('ref_axis',(-0.990067078855766,-0.140595801381159,0.));
#7923=DIRECTION('',(0.,0.,-1.));
#7924=DIRECTION('center_axis',(0.,0.,-1.));
#7925=DIRECTION('ref_axis',(-0.799499389851443,-0.600666900725494,0.));
#7926=DIRECTION('center_axis',(0.,0.,1.));
#7927=DIRECTION('ref_axis',(-0.799499389851443,-0.600666900725494,0.));
#7928=DIRECTION('center_axis',(0.,0.,-1.));
#7929=DIRECTION('ref_axis',(-0.799499389851443,-0.600666900725494,0.));
#7930=DIRECTION('center_axis',(-0.18223552542261,-0.983254907576843,0.));
#7931=DIRECTION('ref_axis',(-0.983254907576843,0.182235525422609,0.));
#7932=DIRECTION('',(0.983254907576843,-0.182235525422609,0.));
#7933=DIRECTION('',(0.,0.,-1.));
#7934=DIRECTION('',(-0.983254907576843,0.182235525422609,0.));
#7935=DIRECTION('',(0.,0.,-1.));
#7936=DIRECTION('center_axis',(0.,0.,-1.));
#7937=DIRECTION('ref_axis',(-0.992846716788243,0.119395967112826,0.));
#7938=DIRECTION('center_axis',(0.,0.,1.));
#7939=DIRECTION('ref_axis',(-0.992846716788243,0.119395967112826,0.));
#7940=DIRECTION('center_axis',(0.,0.,-1.));
#7941=DIRECTION('ref_axis',(-0.992846716788243,0.119395967112826,0.));
#7942=DIRECTION('',(0.,0.,-1.));
#7943=DIRECTION('center_axis',(0.,0.,-1.));
#7944=DIRECTION('ref_axis',(-0.994787120237539,0.101973454435478,0.));
#7945=DIRECTION('center_axis',(0.,0.,1.));
#7946=DIRECTION('ref_axis',(-0.994787120237539,0.101973454435478,0.));
#7947=DIRECTION('center_axis',(0.,0.,-1.));
#7948=DIRECTION('ref_axis',(-0.994787120237539,0.101973454435478,0.));
#7949=DIRECTION('',(0.,0.,-1.));
#7950=DIRECTION('center_axis',(-0.165047605858555,-0.986285601537587,0.));
#7951=DIRECTION('ref_axis',(-0.986285601537587,0.165047605858555,0.));
#7952=DIRECTION('',(0.986285601537587,-0.165047605858555,0.));
#7953=DIRECTION('',(-0.986285601537587,0.165047605858555,0.));
#7954=DIRECTION('',(0.,0.,-1.));
#7955=DIRECTION('center_axis',(0.,0.,-1.));
#7956=DIRECTION('ref_axis',(-0.165047605966053,-0.986285601519598,0.));
#7957=DIRECTION('center_axis',(0.,0.,1.));
#7958=DIRECTION('ref_axis',(-0.165047605966053,-0.986285601519598,0.));
#7959=DIRECTION('center_axis',(0.,0.,-1.));
#7960=DIRECTION('ref_axis',(-0.165047605966053,-0.986285601519598,0.));
#7961=DIRECTION('',(0.,0.,-1.));
#7962=DIRECTION('center_axis',(0.,0.,-1.));
#7963=DIRECTION('ref_axis',(0.772223834768619,-0.635350571743859,0.));
#7964=DIRECTION('center_axis',(0.,0.,-1.));
#7965=DIRECTION('ref_axis',(0.772223834768619,-0.635350571743859,0.));
#7966=DIRECTION('center_axis',(0.,0.,1.));
#7967=DIRECTION('ref_axis',(0.772223834768619,-0.635350571743859,0.));
#7968=DIRECTION('',(0.,0.,-1.));
#7969=DIRECTION('center_axis',(0.,0.,-1.));
#7970=DIRECTION('ref_axis',(0.772223834767962,-0.635350571744657,0.));
#7971=DIRECTION('center_axis',(0.,0.,1.));
#7972=DIRECTION('ref_axis',(0.772223834767962,-0.635350571744657,0.));
#7973=DIRECTION('center_axis',(0.,0.,-1.));
#7974=DIRECTION('ref_axis',(0.772223834767962,-0.635350571744657,0.));
#7975=DIRECTION('',(0.,0.,-1.));
#7976=DIRECTION('center_axis',(0.580702955708746,0.814115518357884,0.));
#7977=DIRECTION('ref_axis',(0.814115518357884,-0.580702955708746,0.));
#7978=DIRECTION('',(-0.814115518357884,0.580702955708746,0.));
#7979=DIRECTION('',(0.814115518357884,-0.580702955708746,0.));
#7980=DIRECTION('',(0.,0.,-1.));
#7981=DIRECTION('center_axis',(0.,0.,-1.));
#7982=DIRECTION('ref_axis',(0.580702955672131,0.814115518384001,0.));
#7983=DIRECTION('center_axis',(0.,0.,1.));
#7984=DIRECTION('ref_axis',(0.580702955672131,0.814115518384001,0.));
#7985=DIRECTION('center_axis',(0.,0.,-1.));
#7986=DIRECTION('ref_axis',(0.580702955672131,0.814115518384001,0.));
#7987=DIRECTION('',(0.,0.,-1.));
#7988=DIRECTION('center_axis',(0.,0.,-1.));
#7989=DIRECTION('ref_axis',(-0.775526839309691,0.631314597891036,0.));
#7990=DIRECTION('center_axis',(0.,0.,1.));
#7991=DIRECTION('ref_axis',(-0.775526839309691,0.631314597891036,0.));
#7992=DIRECTION('center_axis',(0.,0.,-1.));
#7993=DIRECTION('ref_axis',(-0.775526839309691,0.631314597891036,0.));
#7994=DIRECTION('',(0.,0.,-1.));
#7995=DIRECTION('center_axis',(0.566406236983117,0.824126188581958,0.));
#7996=DIRECTION('ref_axis',(0.824126188581958,-0.566406236983117,0.));
#7997=DIRECTION('',(-0.824126188581958,0.566406236983117,0.));
#7998=DIRECTION('',(0.824126188581958,-0.566406236983117,0.));
#7999=DIRECTION('',(0.,0.,-1.));
#8000=DIRECTION('center_axis',(0.,0.,-1.));
#8001=DIRECTION('ref_axis',(0.566406237007436,0.824126188565244,0.));
#8002=DIRECTION('center_axis',(0.,0.,1.));
#8003=DIRECTION('ref_axis',(0.566406237007436,0.824126188565244,0.));
#8004=DIRECTION('center_axis',(0.,0.,-1.));
#8005=DIRECTION('ref_axis',(0.566406237007436,0.824126188565244,0.));
#8006=DIRECTION('',(0.,0.,-1.));
#8007=DIRECTION('center_axis',(0.,0.,-1.));
#8008=DIRECTION('ref_axis',(-0.799499389851443,0.600666900725494,0.));
#8009=DIRECTION('center_axis',(0.,0.,1.));
#8010=DIRECTION('ref_axis',(-0.799499389851443,0.600666900725494,0.));
#8011=DIRECTION('center_axis',(0.,0.,-1.));
#8012=DIRECTION('ref_axis',(-0.799499389851443,0.600666900725494,0.));
#8013=DIRECTION('',(0.,0.,-1.));
#8014=DIRECTION('center_axis',(0.,0.,-1.));
#8015=DIRECTION('ref_axis',(-0.990067078855766,0.140595801381158,0.));
#8016=DIRECTION('center_axis',(0.,0.,1.));
#8017=DIRECTION('ref_axis',(-0.990067078855766,0.140595801381158,0.));
#8018=DIRECTION('center_axis',(0.,0.,-1.));
#8019=DIRECTION('ref_axis',(-0.990067078855766,0.140595801381158,0.));
#8020=DIRECTION('center_axis',(-0.824126188581958,-0.566406236983117,0.));
#8021=DIRECTION('ref_axis',(-0.566406236983117,0.824126188581958,0.));
#8022=DIRECTION('',(0.566406236983117,-0.824126188581958,0.));
#8023=DIRECTION('',(0.,0.,-1.));
#8024=DIRECTION('',(-0.566406236983117,0.824126188581958,0.));
#8025=DIRECTION('',(0.,0.,-1.));
#8026=DIRECTION('center_axis',(0.,0.,-1.));
#8027=DIRECTION('ref_axis',(-0.617622948127961,0.786474344111571,0.));
#8028=DIRECTION('center_axis',(0.,0.,1.));
#8029=DIRECTION('ref_axis',(-0.617622948127961,0.786474344111571,0.));
#8030=DIRECTION('center_axis',(0.,0.,-1.));
#8031=DIRECTION('ref_axis',(-0.617622948127961,0.786474344111571,0.));
#8032=DIRECTION('',(0.,0.,-1.));
#8033=DIRECTION('center_axis',(0.,0.,-1.));
#8034=DIRECTION('ref_axis',(-0.631314597424657,0.775526839689345,0.));
#8035=DIRECTION('center_axis',(0.,0.,1.));
#8036=DIRECTION('ref_axis',(-0.631314597424657,0.775526839689345,0.));
#8037=DIRECTION('center_axis',(0.,0.,-1.));
#8038=DIRECTION('ref_axis',(-0.631314597424657,0.775526839689345,0.));
#8039=DIRECTION('',(0.,0.,-1.));
#8040=DIRECTION('center_axis',(-0.814115518355069,-0.580702955712692,0.));
#8041=DIRECTION('ref_axis',(-0.580702955712692,0.814115518355069,0.));
#8042=DIRECTION('',(0.580702955712692,-0.814115518355069,0.));
#8043=DIRECTION('',(-0.580702955712692,0.814115518355069,0.));
#8044=DIRECTION('',(0.,0.,-1.));
#8045=DIRECTION('center_axis',(0.,0.,-1.));
#8046=DIRECTION('ref_axis',(-0.814115518418362,-0.580702955623959,0.));
#8047=DIRECTION('center_axis',(0.,0.,1.));
#8048=DIRECTION('ref_axis',(-0.814115518418362,-0.580702955623959,0.));
#8049=DIRECTION('center_axis',(0.,0.,-1.));
#8050=DIRECTION('ref_axis',(-0.814115518418362,-0.580702955623959,0.));
#8051=DIRECTION('',(0.,0.,-1.));
#8052=DIRECTION('center_axis',(0.,0.,-1.));
#8053=DIRECTION('ref_axis',(0.096784012447938,-0.995305407869603,0.));
#8054=DIRECTION('center_axis',(0.,0.,-1.));
#8055=DIRECTION('ref_axis',(0.096784012447938,-0.995305407869603,0.));
#8056=DIRECTION('center_axis',(0.,0.,1.));
#8057=DIRECTION('ref_axis',(0.096784012447938,-0.995305407869603,0.));
#8058=DIRECTION('',(0.,0.,-1.));
#8059=DIRECTION('center_axis',(0.,0.,-1.));
#8060=DIRECTION('ref_axis',(0.0967840124469087,-0.995305407869703,0.));
#8061=DIRECTION('center_axis',(0.,0.,1.));
#8062=DIRECTION('ref_axis',(0.0967840124469087,-0.995305407869703,0.));
#8063=DIRECTION('center_axis',(0.,0.,-1.));
#8064=DIRECTION('ref_axis',(0.0967840124469087,-0.995305407869703,0.));
#8065=DIRECTION('',(0.,0.,-1.));
#8066=DIRECTION('center_axis',(0.986285601536787,0.165047605863336,0.));
#8067=DIRECTION('ref_axis',(0.165047605863336,-0.986285601536787,0.));
#8068=DIRECTION('',(-0.165047605863336,0.986285601536787,0.));
#8069=DIRECTION('',(0.165047605863336,-0.986285601536787,0.));
#8070=DIRECTION('',(0.,0.,-1.));
#8071=DIRECTION('center_axis',(0.,0.,-1.));
#8072=DIRECTION('ref_axis',(0.986285601529364,0.165047605907694,0.));
#8073=DIRECTION('center_axis',(0.,0.,1.));
#8074=DIRECTION('ref_axis',(0.986285601529364,0.165047605907694,0.));
#8075=DIRECTION('center_axis',(0.,0.,-1.));
#8076=DIRECTION('ref_axis',(0.986285601529364,0.165047605907694,0.));
#8077=DIRECTION('',(0.,0.,-1.));
#8078=DIRECTION('center_axis',(0.,0.,-1.));
#8079=DIRECTION('ref_axis',(-0.101973453837243,0.994787120298863,0.));
#8080=DIRECTION('center_axis',(0.,0.,1.));
#8081=DIRECTION('ref_axis',(-0.101973453837243,0.994787120298863,0.));
#8082=DIRECTION('center_axis',(0.,0.,-1.));
#8083=DIRECTION('ref_axis',(-0.101973453837243,0.994787120298863,0.));
#8084=DIRECTION('',(0.,0.,-1.));
#8085=DIRECTION('center_axis',(0.983254907576843,0.18223552542261,0.));
#8086=DIRECTION('ref_axis',(0.18223552542261,-0.983254907576843,0.));
#8087=DIRECTION('',(-0.18223552542261,0.983254907576843,0.));
#8088=DIRECTION('',(0.18223552542261,-0.983254907576843,0.));
#8089=DIRECTION('',(0.,0.,-1.));
#8090=DIRECTION('center_axis',(0.,0.,-1.));
#8091=DIRECTION('ref_axis',(0.98325490758222,0.182235525393595,0.));
#8092=DIRECTION('center_axis',(0.,0.,1.));
#8093=DIRECTION('ref_axis',(0.98325490758222,0.182235525393595,0.));
#8094=DIRECTION('center_axis',(0.,0.,-1.));
#8095=DIRECTION('ref_axis',(0.98325490758222,0.182235525393595,0.));
#8096=DIRECTION('',(0.,0.,-1.));
#8097=DIRECTION('center_axis',(0.,0.,-1.));
#8098=DIRECTION('ref_axis',(-0.140595801381159,0.990067078855766,0.));
#8099=DIRECTION('center_axis',(0.,0.,1.));
#8100=DIRECTION('ref_axis',(-0.140595801381159,0.990067078855766,0.));
#8101=DIRECTION('center_axis',(0.,0.,-1.));
#8102=DIRECTION('ref_axis',(-0.140595801381159,0.990067078855766,0.));
#8103=DIRECTION('',(0.,0.,-1.));
#8104=DIRECTION('center_axis',(0.,0.,-1.));
#8105=DIRECTION('ref_axis',(-0.600666900725494,0.799499389851443,0.));
#8106=DIRECTION('center_axis',(0.,0.,1.));
#8107=DIRECTION('ref_axis',(-0.600666900725494,0.799499389851443,0.));
#8108=DIRECTION('center_axis',(0.,0.,-1.));
#8109=DIRECTION('ref_axis',(-0.600666900725494,0.799499389851443,0.));
#8110=DIRECTION('center_axis',(-0.983254907576843,0.18223552542261,0.));
#8111=DIRECTION('ref_axis',(0.182235525422609,0.983254907576843,0.));
#8112=DIRECTION('',(-0.182235525422609,-0.983254907576843,0.));
#8113=DIRECTION('',(0.,0.,-1.));
#8114=DIRECTION('',(0.182235525422609,0.983254907576843,0.));
#8115=DIRECTION('',(0.,0.,-1.));
#8116=DIRECTION('center_axis',(0.,0.,-1.));
#8117=DIRECTION('ref_axis',(0.119395967112826,0.992846716788243,0.));
#8118=DIRECTION('center_axis',(0.,0.,1.));
#8119=DIRECTION('ref_axis',(0.119395967112826,0.992846716788243,0.));
#8120=DIRECTION('center_axis',(0.,0.,-1.));
#8121=DIRECTION('ref_axis',(0.119395967112826,0.992846716788243,0.));
#8122=DIRECTION('',(0.,0.,-1.));
#8123=DIRECTION('center_axis',(0.,0.,-1.));
#8124=DIRECTION('ref_axis',(0.101973454435478,0.994787120237539,0.));
#8125=DIRECTION('center_axis',(0.,0.,1.));
#8126=DIRECTION('ref_axis',(0.101973454435478,0.994787120237539,0.));
#8127=DIRECTION('center_axis',(0.,0.,-1.));
#8128=DIRECTION('ref_axis',(0.101973454435478,0.994787120237539,0.));
#8129=DIRECTION('',(0.,0.,-1.));
#8130=DIRECTION('center_axis',(-0.986285601537587,0.165047605858555,0.));
#8131=DIRECTION('ref_axis',(0.165047605858555,0.986285601537587,0.));
#8132=DIRECTION('',(-0.165047605858555,-0.986285601537587,0.));
#8133=DIRECTION('',(0.165047605858555,0.986285601537587,0.));
#8134=DIRECTION('',(0.,0.,-1.));
#8135=DIRECTION('center_axis',(0.,0.,-1.));
#8136=DIRECTION('ref_axis',(-0.986285601519598,0.165047605966053,0.));
#8137=DIRECTION('center_axis',(0.,0.,1.));
#8138=DIRECTION('ref_axis',(-0.986285601519598,0.165047605966053,0.));
#8139=DIRECTION('center_axis',(0.,0.,-1.));
#8140=DIRECTION('ref_axis',(-0.986285601519598,0.165047605966053,0.));
#8141=DIRECTION('',(0.,0.,-1.));
#8142=DIRECTION('center_axis',(0.,0.,-1.));
#8143=DIRECTION('ref_axis',(-0.635350571743859,-0.772223834768619,0.));
#8144=DIRECTION('center_axis',(0.,0.,-1.));
#8145=DIRECTION('ref_axis',(-0.635350571743859,-0.772223834768619,0.));
#8146=DIRECTION('center_axis',(0.,0.,1.));
#8147=DIRECTION('ref_axis',(-0.635350571743859,-0.772223834768619,0.));
#8148=DIRECTION('',(0.,0.,-1.));
#8149=DIRECTION('center_axis',(0.,0.,-1.));
#8150=DIRECTION('ref_axis',(-0.635350571744657,-0.772223834767962,0.));
#8151=DIRECTION('center_axis',(0.,0.,1.));
#8152=DIRECTION('ref_axis',(-0.635350571744657,-0.772223834767962,0.));
#8153=DIRECTION('center_axis',(0.,0.,-1.));
#8154=DIRECTION('ref_axis',(-0.635350571744657,-0.772223834767962,0.));
#8155=DIRECTION('',(0.,0.,-1.));
#8156=DIRECTION('center_axis',(0.814115518357884,-0.580702955708746,0.));
#8157=DIRECTION('ref_axis',(-0.580702955708746,-0.814115518357884,0.));
#8158=DIRECTION('',(0.580702955708746,0.814115518357884,0.));
#8159=DIRECTION('',(-0.580702955708746,-0.814115518357884,0.));
#8160=DIRECTION('',(0.,0.,-1.));
#8161=DIRECTION('center_axis',(0.,0.,-1.));
#8162=DIRECTION('ref_axis',(0.814115518384001,-0.580702955672131,0.));
#8163=DIRECTION('center_axis',(0.,0.,1.));
#8164=DIRECTION('ref_axis',(0.814115518384001,-0.580702955672131,0.));
#8165=DIRECTION('center_axis',(0.,0.,-1.));
#8166=DIRECTION('ref_axis',(0.814115518384001,-0.580702955672131,0.));
#8167=DIRECTION('',(0.,0.,-1.));
#8168=DIRECTION('center_axis',(0.,0.,-1.));
#8169=DIRECTION('ref_axis',(0.631314597891036,0.775526839309691,0.));
#8170=DIRECTION('center_axis',(0.,0.,1.));
#8171=DIRECTION('ref_axis',(0.631314597891036,0.775526839309691,0.));
#8172=DIRECTION('center_axis',(0.,0.,-1.));
#8173=DIRECTION('ref_axis',(0.631314597891036,0.775526839309691,0.));
#8174=DIRECTION('',(0.,0.,-1.));
#8175=DIRECTION('center_axis',(0.824126188581958,-0.566406236983117,0.));
#8176=DIRECTION('ref_axis',(-0.566406236983117,-0.824126188581958,0.));
#8177=DIRECTION('',(0.566406236983117,0.824126188581958,0.));
#8178=DIRECTION('',(-0.566406236983117,-0.824126188581958,0.));
#8179=DIRECTION('',(0.,0.,-1.));
#8180=DIRECTION('center_axis',(0.,0.,-1.));
#8181=DIRECTION('ref_axis',(0.824126188565244,-0.566406237007436,0.));
#8182=DIRECTION('center_axis',(0.,0.,1.));
#8183=DIRECTION('ref_axis',(0.824126188565244,-0.566406237007436,0.));
#8184=DIRECTION('center_axis',(0.,0.,-1.));
#8185=DIRECTION('ref_axis',(0.824126188565244,-0.566406237007436,0.));
#8186=DIRECTION('',(0.,0.,-1.));
#8187=DIRECTION('center_axis',(0.,0.,-1.));
#8188=DIRECTION('ref_axis',(0.600666900725494,0.799499389851443,0.));
#8189=DIRECTION('center_axis',(0.,0.,1.));
#8190=DIRECTION('ref_axis',(0.600666900725494,0.799499389851443,0.));
#8191=DIRECTION('center_axis',(0.,0.,-1.));
#8192=DIRECTION('ref_axis',(0.600666900725494,0.799499389851443,0.));
#8193=DIRECTION('',(0.,0.,-1.));
#8194=DIRECTION('center_axis',(0.,0.,-1.));
#8195=DIRECTION('ref_axis',(0.140595801381158,0.990067078855766,0.));
#8196=DIRECTION('center_axis',(0.,0.,1.));
#8197=DIRECTION('ref_axis',(0.140595801381158,0.990067078855766,0.));
#8198=DIRECTION('center_axis',(0.,0.,-1.));
#8199=DIRECTION('ref_axis',(0.140595801381158,0.990067078855766,0.));
#8200=DIRECTION('center_axis',(0.,0.,-1.));
#8201=DIRECTION('ref_axis',(0.707106781186548,-0.707106781186548,0.));
#8202=DIRECTION('center_axis',(0.,0.,1.));
#8203=DIRECTION('ref_axis',(0.707106781186548,-0.707106781186548,0.));
#8204=DIRECTION('',(0.,0.,1.));
#8205=DIRECTION('center_axis',(0.,0.,-1.));
#8206=DIRECTION('ref_axis',(0.707106781186548,-0.707106781186548,0.));
#8207=DIRECTION('',(0.,0.,-1.));
#8208=DIRECTION('center_axis',(0.,0.,1.));
#8209=DIRECTION('ref_axis',(1.,0.,0.));
#8210=DIRECTION('',(-1.,0.,0.));
#8211=DIRECTION('center_axis',(0.,0.,1.));
#8212=DIRECTION('ref_axis',(-0.707106781186548,-0.707106781186548,0.));
#8213=DIRECTION('',(0.,1.,0.));
#8214=DIRECTION('center_axis',(0.,0.,-1.));
#8215=DIRECTION('ref_axis',(0.707106781186548,0.707106781186548,0.));
#8216=DIRECTION('',(-1.,0.,0.));
#8217=DIRECTION('center_axis',(0.,0.,-1.));
#8218=DIRECTION('ref_axis',(-0.707106781186549,0.707106781186546,0.));
#8219=DIRECTION('',(0.,-1.,0.));
#8220=DIRECTION('center_axis',(0.,0.,1.));
#8221=DIRECTION('ref_axis',(0.707106781186549,-0.707106781186546,0.));
#8222=DIRECTION('',(-1.,0.,0.));
#8223=DIRECTION('center_axis',(0.,0.,1.));
#8224=DIRECTION('ref_axis',(-0.707106781186549,-0.707106781186546,0.));
#8225=DIRECTION('',(0.,1.,0.));
#8226=DIRECTION('center_axis',(0.,0.,-1.));
#8227=DIRECTION('ref_axis',(0.707106781186549,0.707106781186546,0.));
#8228=DIRECTION('',(-1.,0.,0.));
#8229=DIRECTION('center_axis',(0.,0.,-1.));
#8230=DIRECTION('ref_axis',(-0.707106781186548,0.707106781186548,0.));
#8231=DIRECTION('',(0.,-1.,0.));
#8232=DIRECTION('center_axis',(0.,0.,1.));
#8233=DIRECTION('ref_axis',(0.707106781186548,-0.707106781186548,0.));
#8234=DIRECTION('',(-1.,0.,0.));
#8235=DIRECTION('center_axis',(0.,0.,1.));
#8236=DIRECTION('ref_axis',(-0.707106781186548,-0.707106781186548,0.));
#8237=DIRECTION('',(0.,1.,0.));
#8238=DIRECTION('center_axis',(0.,0.,1.));
#8239=DIRECTION('ref_axis',(1.,0.,0.));
#8240=DIRECTION('',(0.,-1.,0.));
#8241=DIRECTION('center_axis',(0.,0.,-1.));
#8242=DIRECTION('ref_axis',(-1.,0.,0.));
#8243=DIRECTION('center_axis',(0.,0.,1.));
#8244=DIRECTION('ref_axis',(-0.748510748616242,-0.663122657738335,0.));
#8245=DIRECTION('center_axis',(0.,0.,1.));
#8246=DIRECTION('ref_axis',(0.120536680202012,0.992708874104527,0.));
#8247=DIRECTION('center_axis',(0.,0.,1.));
#8248=DIRECTION('ref_axis',(0.568064746510175,-0.822983866046188,0.));
#8249=DIRECTION('center_axis',(0.,0.,1.));
#8250=DIRECTION('ref_axis',(-0.970941817618829,0.239315663505429,0.));
#8251=DIRECTION('center_axis',(0.,0.,1.));
#8252=DIRECTION('ref_axis',(1.,1.94289029309376E-16,0.));
#8253=DIRECTION('center_axis',(0.,0.,1.));
#8254=DIRECTION('ref_axis',(-0.748510748616243,0.663122657738334,0.));
#8255=DIRECTION('center_axis',(0.,0.,1.));
#8256=DIRECTION('ref_axis',(0.120536679855492,-0.992708874146602,0.));
#8257=DIRECTION('center_axis',(0.,0.,1.));
#8258=DIRECTION('ref_axis',(0.885456025671927,0.464723172008105,0.));
#8259=DIRECTION('center_axis',(0.,0.,1.));
#8260=DIRECTION('ref_axis',(-0.354604887544661,-0.935016242494984,0.));
#8261=DIRECTION('center_axis',(0.,0.,1.));
#8262=DIRECTION('ref_axis',(-0.354604887544663,0.935016242494983,0.));
#8263=DIRECTION('center_axis',(0.,0.,1.));
#8264=DIRECTION('ref_axis',(0.5680661831744,0.822982874386624,0.));
#8265=DIRECTION('center_axis',(0.,0.,1.));
#8266=DIRECTION('ref_axis',(-0.970941817618829,-0.239315663505429,0.));
#8267=DIRECTION('center_axis',(0.,0.,1.));
#8268=DIRECTION('ref_axis',(0.885456025590818,-0.464723172162647,0.));
#8269=DIRECTION('center_axis',(0.,0.,1.));
#8270=DIRECTION('ref_axis',(1.,0.,0.));
#8271=DIRECTION('center_axis',(0.,0.,1.));
#8272=DIRECTION('ref_axis',(1.,0.,0.));
#8273=DIRECTION('center_axis',(0.,0.,1.));
#8274=DIRECTION('ref_axis',(1.,0.,0.));
#8275=DIRECTION('center_axis',(0.,0.,1.));
#8276=DIRECTION('ref_axis',(1.,0.,0.));
#8277=DIRECTION('center_axis',(0.,0.,1.));
#8278=DIRECTION('ref_axis',(1.,0.,0.));
#8279=DIRECTION('center_axis',(0.,0.,1.));
#8280=DIRECTION('ref_axis',(1.,0.,0.));
#8281=DIRECTION('center_axis',(0.,0.,1.));
#8282=DIRECTION('ref_axis',(1.,0.,0.));
#8283=DIRECTION('center_axis',(0.,0.,1.));
#8284=DIRECTION('ref_axis',(1.,0.,0.));
#8285=DIRECTION('center_axis',(0.,-1.,0.));
#8286=DIRECTION('ref_axis',(-1.,0.,0.));
#8287=DIRECTION('',(1.,0.,0.));
#8288=DIRECTION('',(0.,0.,1.));
#8289=DIRECTION('center_axis',(0.,0.,-1.));
#8290=DIRECTION('ref_axis',(-0.707106781186548,-0.707106781186548,0.));
#8291=DIRECTION('center_axis',(0.,0.,-1.));
#8292=DIRECTION('ref_axis',(-0.707106781186548,-0.707106781186548,0.));
#8293=DIRECTION('',(0.,0.,-1.));
#8294=DIRECTION('center_axis',(0.,0.,-1.));
#8295=DIRECTION('ref_axis',(0.707106781186548,0.707106781186548,0.));
#8296=DIRECTION('center_axis',(0.,0.,1.));
#8297=DIRECTION('ref_axis',(0.707106781186548,0.707106781186548,0.));
#8298=DIRECTION('',(0.,0.,-1.));
#8299=DIRECTION('',(0.,0.,1.));
#8300=DIRECTION('center_axis',(0.,-1.,0.));
#8301=DIRECTION('ref_axis',(-1.,0.,0.));
#8302=DIRECTION('',(1.,0.,0.));
#8303=DIRECTION('',(0.,0.,1.));
#8304=DIRECTION('center_axis',(0.,0.,-1.));
#8305=DIRECTION('ref_axis',(0.707106781186549,-0.707106781186546,0.));
#8306=DIRECTION('',(0.,0.,1.));
#8307=DIRECTION('center_axis',(0.,0.,-1.));
#8308=DIRECTION('ref_axis',(0.707106781186549,-0.707106781186546,0.));
#8309=DIRECTION('',(0.,0.,-1.));
#8310=DIRECTION('center_axis',(0.,-1.,0.));
#8311=DIRECTION('ref_axis',(-1.,0.,0.));
#8312=DIRECTION('',(1.,0.,0.));
#8313=DIRECTION('',(0.,0.,1.));
#8314=DIRECTION('center_axis',(0.,0.,-1.));
#8315=DIRECTION('ref_axis',(-0.707106781186549,0.707106781186546,0.));
#8316=DIRECTION('center_axis',(0.,0.,1.));
#8317=DIRECTION('ref_axis',(-0.707106781186549,0.707106781186546,0.));
#8318=DIRECTION('',(0.,0.,-1.));
#8319=DIRECTION('center_axis',(1.,0.,0.));
#8320=DIRECTION('ref_axis',(0.,-1.,0.));
#8321=DIRECTION('',(0.,1.,0.));
#8322=DIRECTION('center_axis',(0.,0.,-1.));
#8323=DIRECTION('ref_axis',(-0.707106781186549,-0.707106781186546,0.));
#8324=DIRECTION('center_axis',(0.,0.,-1.));
#8325=DIRECTION('ref_axis',(-0.707106781186549,-0.707106781186546,0.));
#8326=DIRECTION('',(0.,0.,-1.));
#8327=DIRECTION('center_axis',(0.,0.,-1.));
#8328=DIRECTION('ref_axis',(0.707106781186549,0.707106781186546,0.));
#8329=DIRECTION('center_axis',(0.,0.,1.));
#8330=DIRECTION('ref_axis',(0.707106781186549,0.707106781186546,0.));
#8331=DIRECTION('',(0.,0.,-1.));
#8332=DIRECTION('',(0.,0.,1.));
#8333=DIRECTION('center_axis',(0.,-1.,0.));
#8334=DIRECTION('ref_axis',(-1.,0.,0.));
#8335=DIRECTION('',(1.,0.,0.));
#8336=DIRECTION('',(0.,0.,1.));
#8337=DIRECTION('center_axis',(0.,0.,-1.));
#8338=DIRECTION('ref_axis',(-0.707106781186548,0.707106781186548,0.));
#8339=DIRECTION('center_axis',(0.,0.,1.));
#8340=DIRECTION('ref_axis',(-0.707106781186548,0.707106781186548,0.));
#8341=DIRECTION('',(0.,0.,-1.));
#8342=DIRECTION('center_axis',(1.,0.,0.));
#8343=DIRECTION('ref_axis',(0.,-1.,0.));
#8344=DIRECTION('',(0.,1.,0.));
#8345=DIRECTION('',(0.,0.,1.));
#8346=DIRECTION('center_axis',(0.,0.,-1.));
#8347=DIRECTION('ref_axis',(0.707106781186548,-0.707106781186548,0.));
#8348=DIRECTION('center_axis',(0.,0.,-1.));
#8349=DIRECTION('ref_axis',(0.707106781186548,-0.707106781186548,0.));
#8350=DIRECTION('',(0.,0.,-1.));
#8351=DIRECTION('center_axis',(0.,-1.,0.));
#8352=DIRECTION('ref_axis',(-1.,0.,0.));
#8353=DIRECTION('',(1.,0.,0.));
#8354=DIRECTION('',(0.,0.,1.));
#8355=DIRECTION('center_axis',(0.,0.,-1.));
#8356=DIRECTION('ref_axis',(-0.707106781186548,-0.707106781186548,0.));
#8357=DIRECTION('center_axis',(0.,0.,-1.));
#8358=DIRECTION('ref_axis',(-0.707106781186548,-0.707106781186548,0.));
#8359=DIRECTION('',(0.,0.,-1.));
#8360=DIRECTION('center_axis',(-1.,0.,0.));
#8361=DIRECTION('ref_axis',(0.,1.,0.));
#8362=DIRECTION('',(0.,-1.,0.));
#8363=DIRECTION('center_axis',(1.,0.,0.));
#8364=DIRECTION('ref_axis',(0.,-1.,0.));
#8365=DIRECTION('',(0.,0.,1.));
#8366=DIRECTION('',(0.,1.,0.));
#8367=DIRECTION('center_axis',(-1.,0.,0.));
#8368=DIRECTION('ref_axis',(0.,1.,0.));
#8369=DIRECTION('',(0.,-1.,0.));
#8370=DIRECTION('center_axis',(-1.,0.,0.));
#8371=DIRECTION('ref_axis',(0.,1.,0.));
#8372=DIRECTION('',(0.,-1.,0.));
#8373=DIRECTION('',(0.,0.,1.));
#8374=DIRECTION('center_axis',(0.,0.,1.));
#8375=DIRECTION('ref_axis',(1.,0.,0.));
#8376=DIRECTION('center_axis',(0.,0.,1.));
#8377=DIRECTION('ref_axis',(1.,0.,0.));
#8378=DIRECTION('center_axis',(0.,0.,-1.));
#8379=DIRECTION('ref_axis',(1.,0.,0.));
#8380=DIRECTION('center_axis',(0.,0.,-1.));
#8381=DIRECTION('ref_axis',(1.,0.,0.));
#8382=DIRECTION('',(0.,0.,-1.));
#8383=DIRECTION('center_axis',(0.,0.,-1.));
#8384=DIRECTION('ref_axis',(1.,0.,0.));
#8385=DIRECTION('center_axis',(0.,0.,1.));
#8386=DIRECTION('ref_axis',(1.,0.,0.));
#8387=DIRECTION('center_axis',(0.,0.,-1.));
#8388=DIRECTION('ref_axis',(1.,0.,0.));
#8389=DIRECTION('center_axis',(0.,0.,-1.));
#8390=DIRECTION('ref_axis',(1.,0.,0.));
#8391=DIRECTION('',(0.,0.,-1.));
#8392=DIRECTION('center_axis',(0.,0.,-1.));
#8393=DIRECTION('ref_axis',(1.,0.,0.));
#8394=DIRECTION('center_axis',(0.,0.,1.));
#8395=DIRECTION('ref_axis',(1.,0.,0.));
#8396=DIRECTION('center_axis',(0.,0.,-1.));
#8397=DIRECTION('ref_axis',(1.,0.,0.));
#8398=DIRECTION('center_axis',(0.,0.,-1.));
#8399=DIRECTION('ref_axis',(1.,0.,0.));
#8400=DIRECTION('',(0.,0.,-1.));
#8401=DIRECTION('center_axis',(0.,0.,-1.));
#8402=DIRECTION('ref_axis',(1.,0.,0.));
#8403=DIRECTION('center_axis',(0.,0.,1.));
#8404=DIRECTION('ref_axis',(1.,0.,0.));
#8405=DIRECTION('center_axis',(0.,0.,-1.));
#8406=DIRECTION('ref_axis',(1.,0.,0.));
#8407=DIRECTION('center_axis',(0.,0.,-1.));
#8408=DIRECTION('ref_axis',(1.,0.,0.));
#8409=DIRECTION('',(0.,0.,-1.));
#8410=DIRECTION('center_axis',(0.,0.,-1.));
#8411=DIRECTION('ref_axis',(1.,0.,0.));
#8412=DIRECTION('center_axis',(0.,0.,1.));
#8413=DIRECTION('ref_axis',(1.,0.,0.));
#8414=DIRECTION('center_axis',(0.,0.,-1.));
#8415=DIRECTION('ref_axis',(1.,0.,0.));
#8416=DIRECTION('center_axis',(0.,0.,-1.));
#8417=DIRECTION('ref_axis',(1.,0.,0.));
#8418=DIRECTION('',(0.,0.,-1.));
#8419=DIRECTION('center_axis',(0.,0.,-1.));
#8420=DIRECTION('ref_axis',(1.,0.,0.));
#8421=DIRECTION('center_axis',(0.,0.,1.));
#8422=DIRECTION('ref_axis',(1.,0.,0.));
#8423=DIRECTION('center_axis',(0.,0.,-1.));
#8424=DIRECTION('ref_axis',(1.,0.,0.));
#8425=DIRECTION('center_axis',(0.,0.,-1.));
#8426=DIRECTION('ref_axis',(1.,0.,0.));
#8427=DIRECTION('',(0.,0.,-1.));
#8428=DIRECTION('center_axis',(0.,0.,-1.));
#8429=DIRECTION('ref_axis',(1.,0.,0.));
#8430=DIRECTION('center_axis',(0.,0.,1.));
#8431=DIRECTION('ref_axis',(1.,0.,0.));
#8432=DIRECTION('center_axis',(0.,0.,-1.));
#8433=DIRECTION('ref_axis',(1.,0.,0.));
#8434=DIRECTION('center_axis',(0.,0.,-1.));
#8435=DIRECTION('ref_axis',(1.,0.,0.));
#8436=DIRECTION('',(0.,0.,-1.));
#8437=DIRECTION('center_axis',(0.,0.,-1.));
#8438=DIRECTION('ref_axis',(1.,0.,0.));
#8439=DIRECTION('center_axis',(0.,0.,1.));
#8440=DIRECTION('ref_axis',(1.,0.,0.));
#8441=DIRECTION('center_axis',(0.,0.,-1.));
#8442=DIRECTION('ref_axis',(1.,0.,0.));
#8443=DIRECTION('center_axis',(0.,0.,-1.));
#8444=DIRECTION('ref_axis',(1.,0.,0.));
#8445=DIRECTION('',(0.,0.,-1.));
#8446=DIRECTION('center_axis',(0.,0.,-1.));
#8447=DIRECTION('ref_axis',(1.,0.,0.));
#8448=DIRECTION('center_axis',(0.,0.,1.));
#8449=DIRECTION('ref_axis',(1.,0.,0.));
#8450=DIRECTION('center_axis',(0.,0.,-1.));
#8451=DIRECTION('ref_axis',(1.,0.,0.));
#8452=DIRECTION('center_axis',(0.,0.,-1.));
#8453=DIRECTION('ref_axis',(1.,0.,0.));
#8454=DIRECTION('',(0.,0.,-1.));
#8455=DIRECTION('center_axis',(0.,0.,-1.));
#8456=DIRECTION('ref_axis',(1.,0.,0.));
#8457=DIRECTION('center_axis',(0.,0.,1.));
#8458=DIRECTION('ref_axis',(1.,0.,0.));
#8459=DIRECTION('center_axis',(0.,0.,-1.));
#8460=DIRECTION('ref_axis',(1.,0.,0.));
#8461=DIRECTION('center_axis',(0.,0.,-1.));
#8462=DIRECTION('ref_axis',(1.,0.,0.));
#8463=DIRECTION('',(0.,0.,-1.));
#8464=DIRECTION('center_axis',(0.,0.,-1.));
#8465=DIRECTION('ref_axis',(1.,0.,0.));
#8466=DIRECTION('center_axis',(0.,0.,1.));
#8467=DIRECTION('ref_axis',(1.,0.,0.));
#8468=DIRECTION('center_axis',(0.,0.,-1.));
#8469=DIRECTION('ref_axis',(1.,0.,0.));
#8470=DIRECTION('center_axis',(0.,0.,-1.));
#8471=DIRECTION('ref_axis',(1.,0.,0.));
#8472=DIRECTION('',(0.,0.,-1.));
#8473=DIRECTION('center_axis',(0.,0.,-1.));
#8474=DIRECTION('ref_axis',(1.,0.,0.));
#8475=DIRECTION('center_axis',(0.,0.,-1.));
#8476=DIRECTION('ref_axis',(1.,0.,0.));
#8477=DIRECTION('',(0.,0.,-1.));
#8478=DIRECTION('center_axis',(0.,0.,-1.));
#8479=DIRECTION('ref_axis',(1.,0.,0.));
#8480=DIRECTION('center_axis',(0.,0.,-1.));
#8481=DIRECTION('ref_axis',(1.,0.,0.));
#8482=DIRECTION('',(0.,0.,-1.));
#8483=DIRECTION('center_axis',(0.,0.,-1.));
#8484=DIRECTION('ref_axis',(1.,0.,0.));
#8485=DIRECTION('center_axis',(0.,0.,-1.));
#8486=DIRECTION('ref_axis',(1.,0.,0.));
#8487=DIRECTION('',(0.,0.,-1.));
#8488=DIRECTION('center_axis',(0.,0.,-1.));
#8489=DIRECTION('ref_axis',(1.,0.,0.));
#8490=DIRECTION('center_axis',(0.,0.,-1.));
#8491=DIRECTION('ref_axis',(1.,0.,0.));
#8492=DIRECTION('',(0.,0.,-1.));
#8493=DIRECTION('center_axis',(0.,0.,-1.));
#8494=DIRECTION('ref_axis',(1.,0.,0.));
#8495=DIRECTION('center_axis',(0.,0.,-1.));
#8496=DIRECTION('ref_axis',(1.,0.,0.));
#8497=DIRECTION('',(0.,0.,-1.));
#8498=DIRECTION('center_axis',(0.,0.,-1.));
#8499=DIRECTION('ref_axis',(1.,0.,0.));
#8500=DIRECTION('center_axis',(0.,0.,-1.));
#8501=DIRECTION('ref_axis',(1.,0.,0.));
#8502=DIRECTION('',(0.,0.,-1.));
#8503=DIRECTION('center_axis',(0.,0.,-1.));
#8504=DIRECTION('ref_axis',(1.,0.,0.));
#8505=DIRECTION('center_axis',(0.,0.,-1.));
#8506=DIRECTION('ref_axis',(1.,0.,0.));
#8507=DIRECTION('',(0.,0.,-1.));
#8508=DIRECTION('center_axis',(0.,0.,-1.));
#8509=DIRECTION('ref_axis',(0.885456025590818,-0.464723172162647,0.));
#8510=DIRECTION('center_axis',(0.,0.,-1.));
#8511=DIRECTION('ref_axis',(0.885456025590818,-0.464723172162647,0.));
#8512=DIRECTION('',(0.,0.,-1.));
#8513=DIRECTION('center_axis',(0.,0.,-1.));
#8514=DIRECTION('ref_axis',(-0.970941817618829,-0.239315663505429,0.));
#8515=DIRECTION('center_axis',(0.,0.,-1.));
#8516=DIRECTION('ref_axis',(-0.970941817618829,-0.239315663505429,0.));
#8517=DIRECTION('',(0.,0.,-1.));
#8518=DIRECTION('center_axis',(0.,0.,-1.));
#8519=DIRECTION('ref_axis',(0.5680661831744,0.822982874386624,0.));
#8520=DIRECTION('center_axis',(0.,0.,-1.));
#8521=DIRECTION('ref_axis',(0.5680661831744,0.822982874386624,0.));
#8522=DIRECTION('',(0.,0.,-1.));
#8523=DIRECTION('center_axis',(0.,0.,-1.));
#8524=DIRECTION('ref_axis',(-0.354604887544663,0.935016242494983,0.));
#8525=DIRECTION('center_axis',(0.,0.,-1.));
#8526=DIRECTION('ref_axis',(-0.354604887544663,0.935016242494983,0.));
#8527=DIRECTION('',(0.,0.,-1.));
#8528=DIRECTION('center_axis',(0.,0.,-1.));
#8529=DIRECTION('ref_axis',(-0.354604887544661,-0.935016242494984,0.));
#8530=DIRECTION('center_axis',(0.,0.,-1.));
#8531=DIRECTION('ref_axis',(-0.354604887544661,-0.935016242494984,0.));
#8532=DIRECTION('',(0.,0.,-1.));
#8533=DIRECTION('center_axis',(0.,0.,-1.));
#8534=DIRECTION('ref_axis',(0.885456025671927,0.464723172008105,0.));
#8535=DIRECTION('center_axis',(0.,0.,-1.));
#8536=DIRECTION('ref_axis',(0.885456025671927,0.464723172008105,0.));
#8537=DIRECTION('',(0.,0.,-1.));
#8538=DIRECTION('center_axis',(0.,0.,-1.));
#8539=DIRECTION('ref_axis',(0.120536679855492,-0.992708874146602,0.));
#8540=DIRECTION('center_axis',(0.,0.,-1.));
#8541=DIRECTION('ref_axis',(0.120536679855492,-0.992708874146602,0.));
#8542=DIRECTION('',(0.,0.,-1.));
#8543=DIRECTION('center_axis',(0.,0.,-1.));
#8544=DIRECTION('ref_axis',(-0.748510748616243,0.663122657738334,0.));
#8545=DIRECTION('center_axis',(0.,0.,-1.));
#8546=DIRECTION('ref_axis',(-0.748510748616243,0.663122657738334,0.));
#8547=DIRECTION('',(0.,0.,-1.));
#8548=DIRECTION('center_axis',(0.,0.,-1.));
#8549=DIRECTION('ref_axis',(1.,1.94289029309376E-16,0.));
#8550=DIRECTION('center_axis',(0.,0.,-1.));
#8551=DIRECTION('ref_axis',(1.,1.94289029309376E-16,0.));
#8552=DIRECTION('',(0.,0.,-1.));
#8553=DIRECTION('center_axis',(0.,0.,-1.));
#8554=DIRECTION('ref_axis',(-0.970941817618829,0.239315663505429,0.));
#8555=DIRECTION('center_axis',(0.,0.,-1.));
#8556=DIRECTION('ref_axis',(-0.970941817618829,0.239315663505429,0.));
#8557=DIRECTION('',(0.,0.,-1.));
#8558=DIRECTION('center_axis',(0.,0.,-1.));
#8559=DIRECTION('ref_axis',(0.568064746510175,-0.822983866046188,0.));
#8560=DIRECTION('center_axis',(0.,0.,-1.));
#8561=DIRECTION('ref_axis',(0.568064746510175,-0.822983866046188,0.));
#8562=DIRECTION('',(0.,0.,-1.));
#8563=DIRECTION('center_axis',(0.,0.,-1.));
#8564=DIRECTION('ref_axis',(0.120536680202012,0.992708874104527,0.));
#8565=DIRECTION('center_axis',(0.,0.,-1.));
#8566=DIRECTION('ref_axis',(0.120536680202012,0.992708874104527,0.));
#8567=DIRECTION('',(0.,0.,-1.));
#8568=DIRECTION('center_axis',(0.,0.,-1.));
#8569=DIRECTION('ref_axis',(-0.748510748616242,-0.663122657738335,0.));
#8570=DIRECTION('center_axis',(0.,0.,-1.));
#8571=DIRECTION('ref_axis',(-0.748510748616242,-0.663122657738335,0.));
#8572=DIRECTION('',(0.,0.,-1.));
#8573=DIRECTION('center_axis',(0.,0.,-1.));
#8574=DIRECTION('ref_axis',(0.354604887544673,-0.935016242494979,0.));
#8575=DIRECTION('',(0.,0.,1.));
#8576=DIRECTION('center_axis',(0.,0.,-1.));
#8577=DIRECTION('ref_axis',(-0.354604887544663,0.935016242494983,0.));
#8578=DIRECTION('',(0.,0.,-1.));
#8579=DIRECTION('center_axis',(0.,0.,-1.));
#8580=DIRECTION('ref_axis',(-0.354604887544663,0.935016242494983,0.));
#8581=DIRECTION('center_axis',(0.,0.,1.));
#8582=DIRECTION('ref_axis',(1.,0.,0.));
#8583=DIRECTION('',(0.935016242494983,0.354604887544663,0.));
#8584=DIRECTION('center_axis',(0.,0.,-1.));
#8585=DIRECTION('ref_axis',(-0.885456025590818,0.464723172162647,0.));
#8586=DIRECTION('',(0.,0.,1.));
#8587=DIRECTION('center_axis',(0.,0.,-1.));
#8588=DIRECTION('ref_axis',(0.885456025590818,-0.464723172162647,0.));
#8589=DIRECTION('',(0.,0.,-1.));
#8590=DIRECTION('center_axis',(0.,0.,-1.));
#8591=DIRECTION('ref_axis',(0.885456025590818,-0.464723172162647,0.));
#8592=DIRECTION('center_axis',(0.,0.,1.));
#8593=DIRECTION('ref_axis',(1.,0.,0.));
#8594=DIRECTION('',(-0.464723172162647,-0.885456025590818,0.));
#8595=DIRECTION('center_axis',(0.,0.,-1.));
#8596=DIRECTION('ref_axis',(0.970941817618828,0.239315663505433,0.));
#8597=DIRECTION('',(0.,0.,1.));
#8598=DIRECTION('center_axis',(0.,0.,-1.));
#8599=DIRECTION('ref_axis',(-0.97094181761883,-0.239315663505429,0.));
#8600=DIRECTION('',(0.,0.,-1.));
#8601=DIRECTION('center_axis',(0.,0.,-1.));
#8602=DIRECTION('ref_axis',(-0.97094181761883,-0.239315663505429,0.));
#8603=DIRECTION('center_axis',(0.,0.,1.));
#8604=DIRECTION('ref_axis',(1.,0.,0.));
#8605=DIRECTION('',(-0.239315663505429,0.97094181761883,0.));
#8606=DIRECTION('center_axis',(0.,0.,-1.));
#8607=DIRECTION('ref_axis',(0.354604887544661,0.935016242494984,0.));
#8608=DIRECTION('',(0.,0.,1.));
#8609=DIRECTION('center_axis',(0.,0.,-1.));
#8610=DIRECTION('ref_axis',(-0.354604887544661,-0.935016242494984,0.));
#8611=DIRECTION('',(0.,0.,-1.));
#8612=DIRECTION('center_axis',(0.,0.,-1.));
#8613=DIRECTION('ref_axis',(-0.354604887544661,-0.935016242494984,0.));
#8614=DIRECTION('center_axis',(0.,0.,1.));
#8615=DIRECTION('ref_axis',(1.,0.,0.));
#8616=DIRECTION('',(-0.935016242494984,0.354604887544661,0.));
#8617=DIRECTION('center_axis',(0.,0.,-1.));
#8618=DIRECTION('ref_axis',(-0.885456025671928,-0.464723172008104,0.));
#8619=DIRECTION('',(0.,0.,1.));
#8620=DIRECTION('center_axis',(0.,0.,-1.));
#8621=DIRECTION('ref_axis',(0.885456025671927,0.464723172008106,0.));
#8622=DIRECTION('',(0.,0.,-1.));
#8623=DIRECTION('center_axis',(0.,0.,-1.));
#8624=DIRECTION('ref_axis',(0.885456025671927,0.464723172008106,0.));
#8625=DIRECTION('center_axis',(0.,0.,1.));
#8626=DIRECTION('ref_axis',(1.,0.,0.));
#8627=DIRECTION('',(0.464723172008105,-0.885456025671927,0.));
#8628=DIRECTION('center_axis',(0.,0.,-1.));
#8629=DIRECTION('ref_axis',(0.97094181761883,-0.239315663505426,0.));
#8630=DIRECTION('',(0.,0.,1.));
#8631=DIRECTION('center_axis',(0.,0.,-1.));
#8632=DIRECTION('ref_axis',(-0.970941817618829,0.239315663505429,0.));
#8633=DIRECTION('',(0.,0.,-1.));
#8634=DIRECTION('center_axis',(0.,0.,-1.));
#8635=DIRECTION('ref_axis',(-0.970941817618829,0.239315663505429,0.));
#8636=DIRECTION('center_axis',(0.,0.,1.));
#8637=DIRECTION('ref_axis',(1.,0.,0.));
#8638=DIRECTION('',(0.239315663505429,0.97094181761883,0.));
#8639=DIRECTION('center_axis',(0.,0.,-1.));
#8640=DIRECTION('ref_axis',(-0.5680661831744,-0.822982874386624,0.));
#8641=DIRECTION('',(0.,0.,1.));
#8642=DIRECTION('center_axis',(0.,0.,-1.));
#8643=DIRECTION('ref_axis',(0.5680661831744,0.822982874386624,0.));
#8644=DIRECTION('',(0.,0.,-1.));
#8645=DIRECTION('center_axis',(0.,0.,-1.));
#8646=DIRECTION('ref_axis',(0.5680661831744,0.822982874386624,0.));
#8647=DIRECTION('center_axis',(0.,0.,1.));
#8648=DIRECTION('ref_axis',(1.,0.,0.));
#8649=DIRECTION('',(0.822982874386624,-0.5680661831744,0.));
#8650=DIRECTION('center_axis',(0.,0.,-1.));
#8651=DIRECTION('ref_axis',(-0.120536679855495,0.992708874146602,0.));
#8652=DIRECTION('',(0.,0.,1.));
#8653=DIRECTION('center_axis',(0.,0.,-1.));
#8654=DIRECTION('ref_axis',(0.120536679855492,-0.992708874146602,0.));
#8655=DIRECTION('',(0.,0.,-1.));
#8656=DIRECTION('center_axis',(0.,0.,-1.));
#8657=DIRECTION('ref_axis',(0.120536679855492,-0.992708874146602,0.));
#8658=DIRECTION('center_axis',(0.,0.,1.));
#8659=DIRECTION('ref_axis',(1.,0.,0.));
#8660=DIRECTION('',(-0.992708874146602,-0.120536679855492,0.));
#8661=DIRECTION('center_axis',(0.,0.,-1.));
#8662=DIRECTION('ref_axis',(0.748510748616243,-0.663122657738334,0.));
#8663=DIRECTION('',(0.,0.,1.));
#8664=DIRECTION('center_axis',(0.,0.,-1.));
#8665=DIRECTION('ref_axis',(-0.748510748616243,0.663122657738334,0.));
#8666=DIRECTION('',(0.,0.,-1.));
#8667=DIRECTION('center_axis',(0.,0.,-1.));
#8668=DIRECTION('ref_axis',(-0.748510748616243,0.663122657738334,0.));
#8669=DIRECTION('center_axis',(0.,0.,1.));
#8670=DIRECTION('ref_axis',(1.,0.,0.));
#8671=DIRECTION('',(0.663122657738334,0.748510748616243,0.));
#8672=DIRECTION('center_axis',(0.,0.,-1.));
#8673=DIRECTION('ref_axis',(-0.568064746510174,0.822983866046189,0.));
#8674=DIRECTION('',(0.,0.,1.));
#8675=DIRECTION('center_axis',(0.,0.,-1.));
#8676=DIRECTION('ref_axis',(0.568064746510175,-0.822983866046188,0.));
#8677=DIRECTION('',(0.,0.,-1.));
#8678=DIRECTION('center_axis',(0.,0.,-1.));
#8679=DIRECTION('ref_axis',(0.568064746510175,-0.822983866046188,0.));
#8680=DIRECTION('center_axis',(0.,0.,1.));
#8681=DIRECTION('ref_axis',(1.,0.,0.));
#8682=DIRECTION('',(-0.822983866046188,-0.568064746510175,0.));
#8683=DIRECTION('center_axis',(0.,0.,-1.));
#8684=DIRECTION('ref_axis',(-0.12053668020201,-0.992708874104527,0.));
#8685=DIRECTION('',(0.,0.,1.));
#8686=DIRECTION('center_axis',(0.,0.,-1.));
#8687=DIRECTION('ref_axis',(0.120536680202012,0.992708874104527,0.));
#8688=DIRECTION('',(0.,0.,-1.));
#8689=DIRECTION('center_axis',(0.,0.,-1.));
#8690=DIRECTION('ref_axis',(0.120536680202012,0.992708874104527,0.));
#8691=DIRECTION('center_axis',(0.,0.,1.));
#8692=DIRECTION('ref_axis',(1.,0.,0.));
#8693=DIRECTION('',(0.992708874104527,-0.120536680202012,0.));
#8694=DIRECTION('center_axis',(0.,0.,-1.));
#8695=DIRECTION('ref_axis',(0.748510748616242,0.663122657738336,0.));
#8696=DIRECTION('',(0.,0.,1.));
#8697=DIRECTION('center_axis',(0.,0.,-1.));
#8698=DIRECTION('ref_axis',(-0.748510748616242,-0.663122657738335,0.));
#8699=DIRECTION('',(0.,0.,-1.));
#8700=DIRECTION('center_axis',(0.,0.,-1.));
#8701=DIRECTION('ref_axis',(-0.748510748616242,-0.663122657738335,0.));
#8702=DIRECTION('center_axis',(0.,0.,1.));
#8703=DIRECTION('ref_axis',(1.,0.,0.));
#8704=DIRECTION('',(-0.663122657738335,0.748510748616242,0.));
#8705=DIRECTION('center_axis',(0.,0.,-1.));
#8706=DIRECTION('ref_axis',(-1.,-3.16753709224112E-16,0.));
#8707=DIRECTION('',(0.,0.,1.));
#8708=DIRECTION('center_axis',(0.,0.,-1.));
#8709=DIRECTION('ref_axis',(1.,1.94289029309376E-16,0.));
#8710=DIRECTION('',(0.,0.,-1.));
#8711=DIRECTION('center_axis',(0.,0.,-1.));
#8712=DIRECTION('ref_axis',(1.,1.94289029309376E-16,0.));
#8713=DIRECTION('center_axis',(0.,0.,1.));
#8714=DIRECTION('ref_axis',(1.,0.,0.));
#8715=DIRECTION('',(1.94289029309376E-16,-1.,0.));
#8716=DIRECTION('center_axis',(0.,0.,1.));
#8717=DIRECTION('ref_axis',(1.,0.,0.));
#8718=DIRECTION('center_axis',(0.,0.,1.));
#8719=DIRECTION('ref_axis',(1.,0.,0.));
#8720=DIRECTION('center_axis',(0.,0.,-1.));
#8721=DIRECTION('ref_axis',(-1.,0.,0.));
#8722=DIRECTION('',(0.822983866046188,0.568064746510175,0.));
#8723=DIRECTION('center_axis',(0.,0.,-1.));
#8724=DIRECTION('ref_axis',(0.568064746510175,-0.822983866046188,0.));
#8725=DIRECTION('',(0.568064746510175,-0.822983866046188,0.));
#8726=DIRECTION('center_axis',(0.,0.,-1.));
#8727=DIRECTION('ref_axis',(0.568064746510175,-0.822983866046188,0.));
#8728=DIRECTION('',(-0.822983866046188,-0.568064746510175,0.));
#8729=DIRECTION('center_axis',(0.,0.,-1.));
#8730=DIRECTION('ref_axis',(0.568064746510175,-0.822983866046188,0.));
#8731=DIRECTION('',(-0.568064746510175,0.822983866046188,0.));
#8732=DIRECTION('center_axis',(0.,0.,-1.));
#8733=DIRECTION('ref_axis',(0.568064746510175,-0.822983866046188,0.));
#8734=DIRECTION('',(0.822983866046188,0.568064746510175,0.));
#8735=DIRECTION('',(-0.239315663505429,-0.97094181761883,0.));
#8736=DIRECTION('center_axis',(0.,0.,-1.));
#8737=DIRECTION('ref_axis',(-0.97094181761883,0.239315663505429,0.));
#8738=DIRECTION('',(-0.97094181761883,0.239315663505429,0.));
#8739=DIRECTION('center_axis',(0.,0.,-1.));
#8740=DIRECTION('ref_axis',(-0.97094181761883,0.239315663505429,0.));
#8741=DIRECTION('',(0.239315663505429,0.97094181761883,0.));
#8742=DIRECTION('center_axis',(0.,0.,-1.));
#8743=DIRECTION('ref_axis',(-0.97094181761883,0.239315663505429,0.));
#8744=DIRECTION('',(0.97094181761883,-0.239315663505428,0.));
#8745=DIRECTION('center_axis',(0.,0.,-1.));
#8746=DIRECTION('ref_axis',(-0.97094181761883,0.239315663505429,0.));
#8747=DIRECTION('',(-0.239315663505429,-0.97094181761883,0.));
#8748=DIRECTION('',(-0.464723172008105,0.885456025671927,0.));
#8749=DIRECTION('center_axis',(0.,0.,-1.));
#8750=DIRECTION('ref_axis',(0.885456025671927,0.464723172008106,0.));
#8751=DIRECTION('',(0.885456025671927,0.464723172008106,0.));
#8752=DIRECTION('center_axis',(0.,0.,-1.));
#8753=DIRECTION('ref_axis',(0.885456025671927,0.464723172008106,0.));
#8754=DIRECTION('',(0.464723172008106,-0.885456025671927,0.));
#8755=DIRECTION('center_axis',(0.,0.,-1.));
#8756=DIRECTION('ref_axis',(0.885456025671927,0.464723172008106,0.));
#8757=DIRECTION('',(-0.885456025671927,-0.464723172008106,0.));
#8758=DIRECTION('center_axis',(0.,0.,-1.));
#8759=DIRECTION('ref_axis',(0.885456025671927,0.464723172008106,0.));
#8760=DIRECTION('',(-0.464723172008105,0.885456025671927,0.));
#8761=DIRECTION('',(0.935016242494984,-0.354604887544661,0.));
#8762=DIRECTION('center_axis',(0.,0.,-1.));
#8763=DIRECTION('ref_axis',(-0.354604887544661,-0.935016242494984,0.));
#8764=DIRECTION('',(-0.354604887544661,-0.935016242494984,0.));
#8765=DIRECTION('center_axis',(0.,0.,-1.));
#8766=DIRECTION('ref_axis',(-0.354604887544661,-0.935016242494984,0.));
#8767=DIRECTION('',(-0.935016242494984,0.354604887544661,0.));
#8768=DIRECTION('center_axis',(0.,0.,-1.));
#8769=DIRECTION('ref_axis',(-0.354604887544661,-0.935016242494984,0.));
#8770=DIRECTION('',(0.35460488754466,0.935016242494984,0.));
#8771=DIRECTION('center_axis',(0.,0.,-1.));
#8772=DIRECTION('ref_axis',(-0.354604887544661,-0.935016242494984,0.));
#8773=DIRECTION('',(0.935016242494984,-0.354604887544661,0.));
#8774=DIRECTION('',(-0.992708874104527,0.120536680202012,0.));
#8775=DIRECTION('center_axis',(0.,0.,-1.));
#8776=DIRECTION('ref_axis',(0.120536680202012,0.992708874104527,0.));
#8777=DIRECTION('',(0.120536680202012,0.992708874104527,0.));
#8778=DIRECTION('center_axis',(0.,0.,-1.));
#8779=DIRECTION('ref_axis',(0.120536680202012,0.992708874104527,0.));
#8780=DIRECTION('',(0.992708874104527,-0.120536680202012,0.));
#8781=DIRECTION('center_axis',(0.,0.,-1.));
#8782=DIRECTION('ref_axis',(0.120536680202012,0.992708874104527,0.));
#8783=DIRECTION('',(-0.120536680202012,-0.992708874104527,0.));
#8784=DIRECTION('center_axis',(0.,0.,-1.));
#8785=DIRECTION('ref_axis',(0.120536680202012,0.992708874104527,0.));
#8786=DIRECTION('',(-0.992708874104527,0.120536680202012,0.));
#8787=DIRECTION('',(0.663122657738335,-0.748510748616242,0.));
#8788=DIRECTION('center_axis',(0.,0.,-1.));
#8789=DIRECTION('ref_axis',(-0.748510748616242,-0.663122657738335,0.));
#8790=DIRECTION('',(-0.748510748616242,-0.663122657738335,0.));
#8791=DIRECTION('center_axis',(0.,0.,-1.));
#8792=DIRECTION('ref_axis',(-0.748510748616242,-0.663122657738335,0.));
#8793=DIRECTION('',(-0.663122657738335,0.748510748616242,0.));
#8794=DIRECTION('center_axis',(0.,0.,-1.));
#8795=DIRECTION('ref_axis',(-0.748510748616242,-0.663122657738335,0.));
#8796=DIRECTION('',(0.748510748616242,0.663122657738335,0.));
#8797=DIRECTION('center_axis',(0.,0.,-1.));
#8798=DIRECTION('ref_axis',(-0.748510748616242,-0.663122657738335,0.));
#8799=DIRECTION('',(0.663122657738335,-0.748510748616242,0.));
#8800=DIRECTION('',(-1.94289029309376E-16,1.,0.));
#8801=DIRECTION('center_axis',(0.,0.,-1.));
#8802=DIRECTION('ref_axis',(1.,1.94289029309376E-16,0.));
#8803=DIRECTION('',(1.,2.87742145860316E-16,0.));
#8804=DIRECTION('center_axis',(0.,0.,-1.));
#8805=DIRECTION('ref_axis',(1.,1.94289029309376E-16,0.));
#8806=DIRECTION('',(1.94289029309376E-16,-1.,0.));
#8807=DIRECTION('center_axis',(0.,0.,-1.));
#8808=DIRECTION('ref_axis',(1.,1.94289029309376E-16,0.));
#8809=DIRECTION('',(-1.,-4.74648378962194E-16,0.));
#8810=DIRECTION('center_axis',(0.,0.,-1.));
#8811=DIRECTION('ref_axis',(1.,1.94289029309376E-16,0.));
#8812=DIRECTION('',(-1.94289029309376E-16,1.,0.));
#8813=DIRECTION('',(-0.935016242494983,-0.354604887544663,0.));
#8814=DIRECTION('center_axis',(0.,0.,-1.));
#8815=DIRECTION('ref_axis',(-0.354604887544663,0.935016242494983,0.));
#8816=DIRECTION('',(-0.354604887544663,0.935016242494983,0.));
#8817=DIRECTION('center_axis',(0.,0.,-1.));
#8818=DIRECTION('ref_axis',(-0.354604887544663,0.935016242494983,0.));
#8819=DIRECTION('',(0.935016242494983,0.354604887544663,0.));
#8820=DIRECTION('center_axis',(0.,0.,-1.));
#8821=DIRECTION('ref_axis',(-0.354604887544663,0.935016242494983,0.));
#8822=DIRECTION('',(0.354604887544663,-0.935016242494983,0.));
#8823=DIRECTION('center_axis',(0.,0.,-1.));
#8824=DIRECTION('ref_axis',(-0.354604887544663,0.935016242494983,0.));
#8825=DIRECTION('',(-0.935016242494983,-0.354604887544663,0.));
#8826=DIRECTION('',(0.464723172162647,0.885456025590818,0.));
#8827=DIRECTION('center_axis',(0.,0.,-1.));
#8828=DIRECTION('ref_axis',(0.885456025590818,-0.464723172162647,0.));
#8829=DIRECTION('',(0.885456025590818,-0.464723172162646,0.));
#8830=DIRECTION('center_axis',(0.,0.,-1.));
#8831=DIRECTION('ref_axis',(0.885456025590818,-0.464723172162647,0.));
#8832=DIRECTION('',(-0.464723172162647,-0.885456025590818,0.));
#8833=DIRECTION('center_axis',(0.,0.,-1.));
#8834=DIRECTION('ref_axis',(0.885456025590818,-0.464723172162647,0.));
#8835=DIRECTION('',(-0.885456025590818,0.464723172162646,0.));
#8836=DIRECTION('center_axis',(0.,0.,-1.));
#8837=DIRECTION('ref_axis',(0.885456025590818,-0.464723172162647,0.));
#8838=DIRECTION('',(0.464723172162647,0.885456025590818,0.));
#8839=DIRECTION('',(0.239315663505429,-0.97094181761883,0.));
#8840=DIRECTION('center_axis',(0.,0.,-1.));
#8841=DIRECTION('ref_axis',(-0.970941817618829,-0.239315663505429,0.));
#8842=DIRECTION('',(-0.97094181761883,-0.239315663505429,0.));
#8843=DIRECTION('center_axis',(0.,0.,-1.));
#8844=DIRECTION('ref_axis',(-0.970941817618829,-0.239315663505429,0.));
#8845=DIRECTION('',(-0.239315663505429,0.97094181761883,0.));
#8846=DIRECTION('center_axis',(0.,0.,-1.));
#8847=DIRECTION('ref_axis',(-0.970941817618829,-0.239315663505429,0.));
#8848=DIRECTION('',(0.970941817618829,0.239315663505429,0.));
#8849=DIRECTION('center_axis',(0.,0.,-1.));
#8850=DIRECTION('ref_axis',(-0.970941817618829,-0.239315663505429,0.));
#8851=DIRECTION('',(0.239315663505429,-0.97094181761883,0.));
#8852=DIRECTION('',(-0.663122657738334,-0.748510748616243,0.));
#8853=DIRECTION('center_axis',(0.,0.,-1.));
#8854=DIRECTION('ref_axis',(-0.748510748616243,0.663122657738334,0.));
#8855=DIRECTION('',(-0.748510748616243,0.663122657738334,0.));
#8856=DIRECTION('center_axis',(0.,0.,-1.));
#8857=DIRECTION('ref_axis',(-0.748510748616243,0.663122657738334,0.));
#8858=DIRECTION('',(0.663122657738334,0.748510748616243,0.));
#8859=DIRECTION('center_axis',(0.,0.,-1.));
#8860=DIRECTION('ref_axis',(-0.748510748616243,0.663122657738334,0.));
#8861=DIRECTION('',(0.748510748616243,-0.663122657738334,0.));
#8862=DIRECTION('center_axis',(0.,0.,-1.));
#8863=DIRECTION('ref_axis',(-0.748510748616243,0.663122657738334,0.));
#8864=DIRECTION('',(-0.663122657738334,-0.748510748616243,0.));
#8865=DIRECTION('',(0.992708874146602,0.120536679855492,0.));
#8866=DIRECTION('center_axis',(0.,0.,-1.));
#8867=DIRECTION('ref_axis',(0.120536679855492,-0.992708874146602,0.));
#8868=DIRECTION('',(0.120536679855492,-0.992708874146602,0.));
#8869=DIRECTION('center_axis',(0.,0.,-1.));
#8870=DIRECTION('ref_axis',(0.120536679855492,-0.992708874146602,0.));
#8871=DIRECTION('',(-0.992708874146602,-0.120536679855492,0.));
#8872=DIRECTION('center_axis',(0.,0.,-1.));
#8873=DIRECTION('ref_axis',(0.120536679855492,-0.992708874146602,0.));
#8874=DIRECTION('',(-0.120536679855492,0.992708874146602,0.));
#8875=DIRECTION('center_axis',(0.,0.,-1.));
#8876=DIRECTION('ref_axis',(0.120536679855492,-0.992708874146602,0.));
#8877=DIRECTION('',(0.992708874146602,0.120536679855492,0.));
#8878=DIRECTION('',(-0.822982874386624,0.5680661831744,0.));
#8879=DIRECTION('center_axis',(0.,0.,-1.));
#8880=DIRECTION('ref_axis',(0.5680661831744,0.822982874386624,0.));
#8881=DIRECTION('',(0.5680661831744,0.822982874386624,0.));
#8882=DIRECTION('center_axis',(0.,0.,-1.));
#8883=DIRECTION('ref_axis',(0.5680661831744,0.822982874386624,0.));
#8884=DIRECTION('',(0.822982874386624,-0.5680661831744,0.));
#8885=DIRECTION('center_axis',(0.,0.,-1.));
#8886=DIRECTION('ref_axis',(0.5680661831744,0.822982874386624,0.));
#8887=DIRECTION('',(-0.5680661831744,-0.822982874386624,0.));
#8888=DIRECTION('center_axis',(0.,0.,-1.));
#8889=DIRECTION('ref_axis',(0.5680661831744,0.822982874386624,0.));
#8890=DIRECTION('',(-0.822982874386624,0.5680661831744,0.));
#8891=DIRECTION('center_axis',(0.5680661831744,0.822982874386624,0.));
#8892=DIRECTION('ref_axis',(0.822982874386624,-0.5680661831744,0.));
#8893=DIRECTION('',(0.,0.,-1.));
#8894=DIRECTION('',(0.822982874386624,-0.5680661831744,0.));
#8895=DIRECTION('',(0.,0.,-1.));
#8896=DIRECTION('center_axis',(0.,0.,-1.));
#8897=DIRECTION('ref_axis',(0.5680661831744,0.822982874386624,0.));
#8898=DIRECTION('',(0.,0.,-1.));
#8899=DIRECTION('center_axis',(0.,0.,-1.));
#8900=DIRECTION('ref_axis',(0.5680661831744,0.822982874386624,0.));
#8901=DIRECTION('center_axis',(-0.822982874386624,0.5680661831744,0.));
#8902=DIRECTION('ref_axis',(0.5680661831744,0.822982874386624,0.));
#8903=DIRECTION('',(0.,0.,-1.));
#8904=DIRECTION('',(0.5680661831744,0.822982874386624,0.));
#8905=DIRECTION('center_axis',(0.,0.,-1.));
#8906=DIRECTION('ref_axis',(-0.983620221564555,-0.180253320993805,0.));
#8907=DIRECTION('',(0.,0.,-1.));
#8908=DIRECTION('center_axis',(0.,0.,-1.));
#8909=DIRECTION('ref_axis',(0.5680661831744,0.822982874386624,0.));
#8910=DIRECTION('center_axis',(-0.5680661831744,-0.822982874386624,0.));
#8911=DIRECTION('ref_axis',(-0.822982874386624,0.5680661831744,0.));
#8912=DIRECTION('',(0.,0.,-1.));
#8913=DIRECTION('',(-0.822982874386624,0.5680661831744,0.));
#8914=DIRECTION('center_axis',(0.,0.,-1.));
#8915=DIRECTION('ref_axis',(0.180253320993801,-0.983620221564556,0.));
#8916=DIRECTION('',(0.,0.,-1.));
#8917=DIRECTION('center_axis',(0.,0.,-1.));
#8918=DIRECTION('ref_axis',(0.5680661831744,0.822982874386624,0.));
#8919=DIRECTION('center_axis',(0.822982874386624,-0.5680661831744,0.));
#8920=DIRECTION('ref_axis',(-0.5680661831744,-0.822982874386624,0.));
#8921=DIRECTION('',(0.,0.,-1.));
#8922=DIRECTION('',(-0.5680661831744,-0.822982874386624,0.));
#8923=DIRECTION('center_axis',(0.,0.,-1.));
#8924=DIRECTION('ref_axis',(0.5680661831744,0.822982874386624,0.));
#8925=DIRECTION('center_axis',(0.,0.,-1.));
#8926=DIRECTION('ref_axis',(0.5680661831744,0.822982874386624,0.));
#8927=DIRECTION('center_axis',(0.,0.,1.));
#8928=DIRECTION('ref_axis',(1.,0.,0.));
#8929=DIRECTION('center_axis',(0.,0.,-1.));
#8930=DIRECTION('ref_axis',(0.616718872945593,0.787183480360657,0.));
#8931=DIRECTION('',(0.,0.,-1.));
#8932=DIRECTION('center_axis',(0.,0.,-1.));
#8933=DIRECTION('ref_axis',(0.120536679855492,-0.992708874146602,0.));
#8934=DIRECTION('',(0.,0.,-1.));
#8935=DIRECTION('center_axis',(-0.120536679855492,0.992708874146602,0.));
#8936=DIRECTION('ref_axis',(0.992708874146602,0.120536679855492,0.));
#8937=DIRECTION('',(0.,0.,-1.));
#8938=DIRECTION('',(0.992708874146602,0.120536679855492,0.));
#8939=DIRECTION('center_axis',(0.,0.,-1.));
#8940=DIRECTION('ref_axis',(-0.787183480360656,0.616718872945595,0.));
#8941=DIRECTION('',(0.,0.,-1.));
#8942=DIRECTION('center_axis',(0.,0.,-1.));
#8943=DIRECTION('ref_axis',(0.120536679855492,-0.992708874146602,0.));
#8944=DIRECTION('center_axis',(-0.992708874146602,-0.120536679855492,0.));
#8945=DIRECTION('ref_axis',(-0.120536679855492,0.992708874146602,0.));
#8946=DIRECTION('',(0.,0.,-1.));
#8947=DIRECTION('',(-0.120536679855492,0.992708874146602,0.));
#8948=DIRECTION('center_axis',(0.,0.,-1.));
#8949=DIRECTION('ref_axis',(0.120536679855492,-0.992708874146602,0.));
#8950=DIRECTION('',(0.,0.,-1.));
#8951=DIRECTION('center_axis',(0.,0.,-1.));
#8952=DIRECTION('ref_axis',(0.120536679855492,-0.992708874146602,0.));
#8953=DIRECTION('center_axis',(0.120536679855492,-0.992708874146602,0.));
#8954=DIRECTION('ref_axis',(-0.992708874146602,-0.120536679855492,0.));
#8955=DIRECTION('',(0.,0.,-1.));
#8956=DIRECTION('',(-0.992708874146602,-0.120536679855492,0.));
#8957=DIRECTION('center_axis',(0.,0.,-1.));
#8958=DIRECTION('ref_axis',(0.120536679855492,-0.992708874146602,0.));
#8959=DIRECTION('',(0.,0.,-1.));
#8960=DIRECTION('center_axis',(0.,0.,-1.));
#8961=DIRECTION('ref_axis',(0.120536679855492,-0.992708874146602,0.));
#8962=DIRECTION('center_axis',(0.992708874146602,0.120536679855492,0.));
#8963=DIRECTION('ref_axis',(0.120536679855492,-0.992708874146602,0.));
#8964=DIRECTION('',(0.120536679855492,-0.992708874146602,0.));
#8965=DIRECTION('center_axis',(0.,0.,1.));
#8966=DIRECTION('ref_axis',(1.,0.,0.));
#8967=DIRECTION('center_axis',(-0.748510748616243,0.663122657738334,0.));
#8968=DIRECTION('ref_axis',(0.663122657738334,0.748510748616243,0.));
#8969=DIRECTION('',(0.,0.,-1.));
#8970=DIRECTION('',(0.663122657738334,0.748510748616243,0.));
#8971=DIRECTION('',(0.,0.,-1.));
#8972=DIRECTION('center_axis',(0.,0.,-1.));
#8973=DIRECTION('ref_axis',(-0.748510748616243,0.663122657738334,0.));
#8974=DIRECTION('',(0.,0.,-1.));
#8975=DIRECTION('center_axis',(0.,0.,-1.));
#8976=DIRECTION('ref_axis',(-0.748510748616243,0.663122657738334,0.));
#8977=DIRECTION('center_axis',(-0.663122657738334,-0.748510748616243,0.));
#8978=DIRECTION('ref_axis',(-0.748510748616243,0.663122657738334,0.));
#8979=DIRECTION('',(0.,0.,-1.));
#8980=DIRECTION('',(-0.748510748616243,0.663122657738334,0.));
#8981=DIRECTION('center_axis',(0.,0.,-1.));
#8982=DIRECTION('ref_axis',(0.0603784980923453,-0.998175554182786,0.));
#8983=DIRECTION('',(0.,0.,-1.));
#8984=DIRECTION('center_axis',(0.,0.,-1.));
#8985=DIRECTION('ref_axis',(-0.748510748616243,0.663122657738334,0.));
#8986=DIRECTION('center_axis',(0.748510748616243,-0.663122657738334,0.));
#8987=DIRECTION('ref_axis',(-0.663122657738334,-0.748510748616243,0.));
#8988=DIRECTION('',(0.,0.,-1.));
#8989=DIRECTION('',(-0.663122657738334,-0.748510748616243,0.));
#8990=DIRECTION('center_axis',(0.,0.,-1.));
#8991=DIRECTION('ref_axis',(0.998175554182786,0.0603784980923457,0.));
#8992=DIRECTION('',(0.,0.,-1.));
#8993=DIRECTION('center_axis',(0.,0.,-1.));
#8994=DIRECTION('ref_axis',(-0.748510748616243,0.663122657738334,0.));
#8995=DIRECTION('center_axis',(0.663122657738334,0.748510748616243,0.));
#8996=DIRECTION('ref_axis',(0.748510748616243,-0.663122657738333,0.));
#8997=DIRECTION('',(0.,0.,-1.));
#8998=DIRECTION('',(0.748510748616243,-0.663122657738334,0.));
#8999=DIRECTION('center_axis',(0.,0.,-1.));
#9000=DIRECTION('ref_axis',(-0.748510748616243,0.663122657738334,0.));
#9001=DIRECTION('center_axis',(0.,0.,-1.));
#9002=DIRECTION('ref_axis',(-0.748510748616243,0.663122657738334,0.));
#9003=DIRECTION('center_axis',(0.,0.,1.));
#9004=DIRECTION('ref_axis',(1.,0.,0.));
#9005=DIRECTION('center_axis',(-0.97094181761883,-0.239315663505429,0.));
#9006=DIRECTION('ref_axis',(-0.239315663505429,0.97094181761883,0.));
#9007=DIRECTION('',(0.,0.,-1.));
#9008=DIRECTION('',(-0.239315663505429,0.97094181761883,0.));
#9009=DIRECTION('',(0.,0.,-1.));
#9010=DIRECTION('center_axis',(0.,0.,-1.));
#9011=DIRECTION('ref_axis',(-0.970941817618829,-0.239315663505429,0.));
#9012=DIRECTION('',(0.,0.,-1.));
#9013=DIRECTION('center_axis',(0.,0.,-1.));
#9014=DIRECTION('ref_axis',(-0.970941817618829,-0.239315663505429,0.));
#9015=DIRECTION('center_axis',(0.239315663505429,-0.970941817618829,0.));
#9016=DIRECTION('ref_axis',(-0.97094181761883,-0.239315663505429,0.));
#9017=DIRECTION('',(0.,0.,-1.));
#9018=DIRECTION('',(-0.97094181761883,-0.239315663505429,0.));
#9019=DIRECTION('center_axis',(0.,0.,-1.));
#9020=DIRECTION('ref_axis',(0.855781271884714,-0.517337814867018,0.));
#9021=DIRECTION('',(0.,0.,-1.));
#9022=DIRECTION('center_axis',(0.,0.,-1.));
#9023=DIRECTION('ref_axis',(-0.970941817618829,-0.239315663505429,0.));
#9024=DIRECTION('center_axis',(0.970941817618829,0.239315663505429,0.));
#9025=DIRECTION('ref_axis',(0.239315663505429,-0.97094181761883,0.));
#9026=DIRECTION('',(0.,0.,-1.));
#9027=DIRECTION('',(0.239315663505429,-0.97094181761883,0.));
#9028=DIRECTION('center_axis',(0.,0.,-1.));
#9029=DIRECTION('ref_axis',(0.517337814867014,0.855781271884716,0.));
#9030=DIRECTION('',(0.,0.,-1.));
#9031=DIRECTION('center_axis',(0.,0.,-1.));
#9032=DIRECTION('ref_axis',(-0.970941817618829,-0.239315663505429,0.));
#9033=DIRECTION('center_axis',(-0.239315663505429,0.970941817618829,0.));
#9034=DIRECTION('ref_axis',(0.970941817618829,0.239315663505429,0.));
#9035=DIRECTION('',(0.,0.,-1.));
#9036=DIRECTION('',(0.970941817618829,0.239315663505429,0.));
#9037=DIRECTION('center_axis',(0.,0.,-1.));
#9038=DIRECTION('ref_axis',(-0.970941817618829,-0.239315663505429,0.));
#9039=DIRECTION('center_axis',(0.,0.,-1.));
#9040=DIRECTION('ref_axis',(-0.970941817618829,-0.239315663505429,0.));
#9041=DIRECTION('center_axis',(0.,0.,1.));
#9042=DIRECTION('ref_axis',(1.,0.,0.));
#9043=DIRECTION('center_axis',(0.464723172162647,0.885456025590818,0.));
#9044=DIRECTION('ref_axis',(0.885456025590818,-0.464723172162646,0.));
#9045=DIRECTION('',(0.,0.,-1.));
#9046=DIRECTION('',(0.885456025590818,-0.464723172162646,0.));
#9047=DIRECTION('',(0.,0.,-1.));
#9048=DIRECTION('center_axis',(0.,0.,-1.));
#9049=DIRECTION('ref_axis',(-0.297503053727026,0.954720866548487,0.));
#9050=DIRECTION('',(0.,0.,-1.));
#9051=DIRECTION('center_axis',(0.,0.,-1.));
#9052=DIRECTION('ref_axis',(0.885456025590818,-0.464723172162647,0.));
#9053=DIRECTION('center_axis',(-0.885456025590818,0.464723172162647,0.));
#9054=DIRECTION('ref_axis',(0.464723172162647,0.885456025590818,0.));
#9055=DIRECTION('',(0.,0.,-1.));
#9056=DIRECTION('',(0.464723172162647,0.885456025590818,0.));
#9057=DIRECTION('center_axis',(0.,0.,-1.));
#9058=DIRECTION('ref_axis',(-0.954720866548486,-0.29750305372703,0.));
#9059=DIRECTION('',(0.,0.,-1.));
#9060=DIRECTION('center_axis',(0.,0.,-1.));
#9061=DIRECTION('ref_axis',(0.885456025590818,-0.464723172162647,0.));
#9062=DIRECTION('center_axis',(-0.464723172162646,-0.885456025590818,0.));
#9063=DIRECTION('ref_axis',(-0.885456025590818,0.464723172162646,0.));
#9064=DIRECTION('',(0.,0.,-1.));
#9065=DIRECTION('',(-0.885456025590818,0.464723172162646,0.));
#9066=DIRECTION('center_axis',(0.,0.,-1.));
#9067=DIRECTION('ref_axis',(0.885456025590818,-0.464723172162647,0.));
#9068=DIRECTION('',(0.,0.,-1.));
#9069=DIRECTION('center_axis',(0.,0.,-1.));
#9070=DIRECTION('ref_axis',(0.885456025590818,-0.464723172162647,0.));
#9071=DIRECTION('center_axis',(0.885456025590818,-0.464723172162647,0.));
#9072=DIRECTION('ref_axis',(-0.464723172162647,-0.885456025590818,0.));
#9073=DIRECTION('',(0.,0.,-1.));
#9074=DIRECTION('',(-0.464723172162647,-0.885456025590818,0.));
#9075=DIRECTION('center_axis',(0.,0.,-1.));
#9076=DIRECTION('ref_axis',(0.885456025590818,-0.464723172162647,0.));
#9077=DIRECTION('center_axis',(0.,0.,-1.));
#9078=DIRECTION('ref_axis',(0.885456025590818,-0.464723172162647,0.));
#9079=DIRECTION('center_axis',(0.,0.,1.));
#9080=DIRECTION('ref_axis',(1.,0.,0.));
#9081=DIRECTION('center_axis',(-0.354604887544663,0.935016242494983,0.));
#9082=DIRECTION('ref_axis',(0.935016242494983,0.354604887544663,0.));
#9083=DIRECTION('',(0.,0.,-1.));
#9084=DIRECTION('',(0.935016242494983,0.354604887544663,0.));
#9085=DIRECTION('',(0.,0.,-1.));
#9086=DIRECTION('center_axis',(0.,0.,-1.));
#9087=DIRECTION('ref_axis',(-0.354604887544663,0.935016242494983,0.));
#9088=DIRECTION('',(0.,0.,-1.));
#9089=DIRECTION('center_axis',(0.,0.,-1.));
#9090=DIRECTION('ref_axis',(-0.354604887544663,0.935016242494983,0.));
#9091=DIRECTION('center_axis',(-0.935016242494983,-0.354604887544663,0.));
#9092=DIRECTION('ref_axis',(-0.354604887544663,0.935016242494983,0.));
#9093=DIRECTION('',(0.,0.,-1.));
#9094=DIRECTION('',(-0.354604887544663,0.935016242494983,0.));
#9095=DIRECTION('center_axis',(0.,0.,-1.));
#9096=DIRECTION('ref_axis',(-0.41041280496304,-0.911899846212494,0.));
#9097=DIRECTION('',(0.,0.,-1.));
#9098=DIRECTION('center_axis',(0.,0.,-1.));
#9099=DIRECTION('ref_axis',(-0.354604887544663,0.935016242494983,0.));
#9100=DIRECTION('center_axis',(0.354604887544663,-0.935016242494983,0.));
#9101=DIRECTION('ref_axis',(-0.935016242494983,-0.354604887544663,0.));
#9102=DIRECTION('',(0.,0.,-1.));
#9103=DIRECTION('',(-0.935016242494983,-0.354604887544663,0.));
#9104=DIRECTION('center_axis',(0.,0.,-1.));
#9105=DIRECTION('ref_axis',(0.911899846212493,-0.410412804963041,0.));
#9106=DIRECTION('',(0.,0.,-1.));
#9107=DIRECTION('center_axis',(0.,0.,-1.));
#9108=DIRECTION('ref_axis',(-0.354604887544663,0.935016242494983,0.));
#9109=DIRECTION('center_axis',(0.935016242494983,0.354604887544663,0.));
#9110=DIRECTION('ref_axis',(0.354604887544663,-0.935016242494983,0.));
#9111=DIRECTION('',(0.,0.,-1.));
#9112=DIRECTION('',(0.354604887544663,-0.935016242494983,0.));
#9113=DIRECTION('center_axis',(0.,0.,-1.));
#9114=DIRECTION('ref_axis',(-0.354604887544663,0.935016242494983,0.));
#9115=DIRECTION('center_axis',(0.,0.,-1.));
#9116=DIRECTION('ref_axis',(-0.354604887544663,0.935016242494983,0.));
#9117=DIRECTION('center_axis',(0.,0.,1.));
#9118=DIRECTION('ref_axis',(1.,0.,0.));
#9119=DIRECTION('center_axis',(0.,0.,-1.));
#9120=DIRECTION('ref_axis',(-0.70710678118655,0.707106781186545,0.));
#9121=DIRECTION('',(0.,0.,-1.));
#9122=DIRECTION('center_axis',(0.,0.,-1.));
#9123=DIRECTION('ref_axis',(1.,1.94289029309376E-16,0.));
#9124=DIRECTION('',(0.,0.,-1.));
#9125=DIRECTION('center_axis',(-1.,-1.94289029309376E-16,0.));
#9126=DIRECTION('ref_axis',(-1.94289029309376E-16,1.,0.));
#9127=DIRECTION('',(0.,0.,-1.));
#9128=DIRECTION('',(-1.94289029309376E-16,1.,0.));
#9129=DIRECTION('center_axis',(0.,0.,-1.));
#9130=DIRECTION('ref_axis',(-0.707106781186546,-0.707106781186549,0.));
#9131=DIRECTION('',(0.,0.,-1.));
#9132=DIRECTION('center_axis',(0.,0.,-1.));
#9133=DIRECTION('ref_axis',(1.,1.94289029309376E-16,0.));
#9134=DIRECTION('center_axis',(4.74648378962194E-16,-1.,0.));
#9135=DIRECTION('ref_axis',(-1.,-4.74648378962194E-16,0.));
#9136=DIRECTION('',(0.,0.,-1.));
#9137=DIRECTION('',(-1.,-4.74648378962194E-16,0.));
#9138=DIRECTION('center_axis',(0.,0.,-1.));
#9139=DIRECTION('ref_axis',(1.,1.94289029309376E-16,0.));
#9140=DIRECTION('',(0.,0.,-1.));
#9141=DIRECTION('center_axis',(0.,0.,-1.));
#9142=DIRECTION('ref_axis',(1.,1.94289029309376E-16,0.));
#9143=DIRECTION('center_axis',(1.,1.94289029309376E-16,0.));
#9144=DIRECTION('ref_axis',(1.94289029309376E-16,-1.,0.));
#9145=DIRECTION('',(0.,0.,-1.));
#9146=DIRECTION('',(1.94289029309376E-16,-1.,0.));
#9147=DIRECTION('center_axis',(0.,0.,-1.));
#9148=DIRECTION('ref_axis',(1.,1.94289029309376E-16,0.));
#9149=DIRECTION('',(0.,0.,-1.));
#9150=DIRECTION('center_axis',(0.,0.,-1.));
#9151=DIRECTION('ref_axis',(1.,1.94289029309376E-16,0.));
#9152=DIRECTION('center_axis',(-2.87742145860316E-16,1.,0.));
#9153=DIRECTION('ref_axis',(1.,2.87742145860316E-16,0.));
#9154=DIRECTION('',(1.,2.87742145860316E-16,0.));
#9155=DIRECTION('center_axis',(0.,0.,1.));
#9156=DIRECTION('ref_axis',(1.,0.,0.));
#9157=DIRECTION('center_axis',(0.748510748616242,0.663122657738335,0.));
#9158=DIRECTION('ref_axis',(0.663122657738335,-0.748510748616242,0.));
#9159=DIRECTION('',(0.,0.,-1.));
#9160=DIRECTION('',(0.663122657738335,-0.748510748616242,0.));
#9161=DIRECTION('',(0.,0.,-1.));
#9162=DIRECTION('center_axis',(0.,0.,-1.));
#9163=DIRECTION('ref_axis',(0.0603784980923419,0.998175554182787,0.));
#9164=DIRECTION('',(0.,0.,-1.));
#9165=DIRECTION('center_axis',(0.,0.,-1.));
#9166=DIRECTION('ref_axis',(-0.748510748616242,-0.663122657738335,0.));
#9167=DIRECTION('center_axis',(-0.663122657738335,0.748510748616242,0.));
#9168=DIRECTION('ref_axis',(0.748510748616242,0.663122657738335,0.));
#9169=DIRECTION('',(0.,0.,-1.));
#9170=DIRECTION('',(0.748510748616242,0.663122657738335,0.));
#9171=DIRECTION('center_axis',(0.,0.,-1.));
#9172=DIRECTION('ref_axis',(-0.748510748616242,-0.663122657738335,0.));
#9173=DIRECTION('',(0.,0.,-1.));
#9174=DIRECTION('center_axis',(0.,0.,-1.));
#9175=DIRECTION('ref_axis',(-0.748510748616242,-0.663122657738335,0.));
#9176=DIRECTION('center_axis',(-0.748510748616242,-0.663122657738335,0.));
#9177=DIRECTION('ref_axis',(-0.663122657738335,0.748510748616242,0.));
#9178=DIRECTION('',(0.,0.,-1.));
#9179=DIRECTION('',(-0.663122657738335,0.748510748616242,0.));
#9180=DIRECTION('center_axis',(0.,0.,-1.));
#9181=DIRECTION('ref_axis',(-0.748510748616242,-0.663122657738335,0.));
#9182=DIRECTION('',(0.,0.,-1.));
#9183=DIRECTION('center_axis',(0.,0.,-1.));
#9184=DIRECTION('ref_axis',(-0.748510748616242,-0.663122657738335,0.));
#9185=DIRECTION('center_axis',(0.663122657738335,-0.748510748616242,0.));
#9186=DIRECTION('ref_axis',(-0.748510748616242,-0.663122657738335,0.));
#9187=DIRECTION('',(0.,0.,-1.));
#9188=DIRECTION('',(-0.748510748616242,-0.663122657738335,0.));
#9189=DIRECTION('center_axis',(0.,0.,-1.));
#9190=DIRECTION('ref_axis',(0.998175554182787,-0.0603784980923365,0.));
#9191=DIRECTION('center_axis',(0.,0.,-1.));
#9192=DIRECTION('ref_axis',(-0.748510748616242,-0.663122657738335,0.));
#9193=DIRECTION('center_axis',(0.,0.,1.));
#9194=DIRECTION('ref_axis',(1.,0.,0.));
#9195=DIRECTION('center_axis',(0.120536680202012,0.992708874104527,0.));
#9196=DIRECTION('ref_axis',(0.992708874104527,-0.120536680202012,0.));
#9197=DIRECTION('',(0.,0.,-1.));
#9198=DIRECTION('',(0.992708874104527,-0.120536680202012,0.));
#9199=DIRECTION('',(0.,0.,-1.));
#9200=DIRECTION('center_axis',(0.,0.,-1.));
#9201=DIRECTION('ref_axis',(0.120536680202012,0.992708874104527,0.));
#9202=DIRECTION('',(0.,0.,-1.));
#9203=DIRECTION('center_axis',(0.,0.,-1.));
#9204=DIRECTION('ref_axis',(0.120536680202012,0.992708874104527,0.));
#9205=DIRECTION('center_axis',(-0.992708874104527,0.120536680202012,0.));
#9206=DIRECTION('ref_axis',(0.120536680202012,0.992708874104527,0.));
#9207=DIRECTION('',(0.,0.,-1.));
#9208=DIRECTION('',(0.120536680202012,0.992708874104527,0.));
#9209=DIRECTION('center_axis',(0.,0.,-1.));
#9210=DIRECTION('ref_axis',(-0.787183480575932,-0.616718872670816,0.));
#9211=DIRECTION('',(0.,0.,-1.));
#9212=DIRECTION('center_axis',(0.,0.,-1.));
#9213=DIRECTION('ref_axis',(0.120536680202012,0.992708874104527,0.));
#9214=DIRECTION('center_axis',(-0.120536680202012,-0.992708874104527,0.));
#9215=DIRECTION('ref_axis',(-0.992708874104527,0.120536680202012,0.));
#9216=DIRECTION('',(0.,0.,-1.));
#9217=DIRECTION('',(-0.992708874104527,0.120536680202012,0.));
#9218=DIRECTION('center_axis',(0.,0.,-1.));
#9219=DIRECTION('ref_axis',(0.616718872670816,-0.787183480575932,0.));
#9220=DIRECTION('',(0.,0.,-1.));
#9221=DIRECTION('center_axis',(0.,0.,-1.));
#9222=DIRECTION('ref_axis',(0.120536680202012,0.992708874104527,0.));
#9223=DIRECTION('center_axis',(0.992708874104527,-0.120536680202012,0.));
#9224=DIRECTION('ref_axis',(-0.120536680202012,-0.992708874104527,0.));
#9225=DIRECTION('',(0.,0.,-1.));
#9226=DIRECTION('',(-0.120536680202012,-0.992708874104527,0.));
#9227=DIRECTION('center_axis',(0.,0.,-1.));
#9228=DIRECTION('ref_axis',(0.120536680202012,0.992708874104527,0.));
#9229=DIRECTION('center_axis',(0.,0.,-1.));
#9230=DIRECTION('ref_axis',(0.120536680202012,0.992708874104527,0.));
#9231=DIRECTION('center_axis',(0.,0.,1.));
#9232=DIRECTION('ref_axis',(1.,0.,0.));
#9233=DIRECTION('center_axis',(0.,0.,-1.));
#9234=DIRECTION('ref_axis',(-0.354604887544661,-0.935016242494984,0.));
#9235=DIRECTION('',(0.,0.,-1.));
#9236=DIRECTION('center_axis',(0.,0.,-1.));
#9237=DIRECTION('ref_axis',(-0.354604887544661,-0.935016242494984,0.));
#9238=DIRECTION('',(0.,0.,-1.));
#9239=DIRECTION('center_axis',(0.935016242494984,-0.354604887544661,0.));
#9240=DIRECTION('ref_axis',(-0.354604887544661,-0.935016242494984,0.));
#9241=DIRECTION('',(0.,0.,-1.));
#9242=DIRECTION('',(-0.354604887544661,-0.935016242494984,0.));
#9243=DIRECTION('center_axis',(0.,0.,-1.));
#9244=DIRECTION('ref_axis',(0.911899846212487,0.410412804963055,0.));
#9245=DIRECTION('',(0.,0.,-1.));
#9246=DIRECTION('center_axis',(0.,0.,-1.));
#9247=DIRECTION('ref_axis',(-0.354604887544661,-0.935016242494984,0.));
#9248=DIRECTION('center_axis',(0.354604887544661,0.935016242494984,0.));
#9249=DIRECTION('ref_axis',(0.935016242494984,-0.354604887544661,0.));
#9250=DIRECTION('',(0.,0.,-1.));
#9251=DIRECTION('',(0.935016242494984,-0.354604887544661,0.));
#9252=DIRECTION('center_axis',(0.,0.,-1.));
#9253=DIRECTION('ref_axis',(-0.410412804963049,0.91189984621249,0.));
#9254=DIRECTION('',(0.,0.,-1.));
#9255=DIRECTION('center_axis',(0.,0.,-1.));
#9256=DIRECTION('ref_axis',(-0.354604887544661,-0.935016242494984,0.));
#9257=DIRECTION('center_axis',(-0.935016242494984,0.35460488754466,0.));
#9258=DIRECTION('ref_axis',(0.35460488754466,0.935016242494984,0.));
#9259=DIRECTION('',(0.,0.,-1.));
#9260=DIRECTION('',(0.35460488754466,0.935016242494984,0.));
#9261=DIRECTION('center_axis',(0.,0.,-1.));
#9262=DIRECTION('ref_axis',(-0.354604887544661,-0.935016242494984,0.));
#9263=DIRECTION('',(0.,0.,-1.));
#9264=DIRECTION('center_axis',(0.,0.,-1.));
#9265=DIRECTION('ref_axis',(-0.354604887544661,-0.935016242494984,0.));
#9266=DIRECTION('center_axis',(-0.354604887544661,-0.935016242494984,0.));
#9267=DIRECTION('ref_axis',(-0.935016242494984,0.354604887544661,0.));
#9268=DIRECTION('',(-0.935016242494984,0.354604887544661,0.));
#9269=DIRECTION('center_axis',(0.,0.,1.));
#9270=DIRECTION('ref_axis',(1.,0.,0.));
#9271=DIRECTION('center_axis',(-0.464723172008106,0.885456025671927,0.));
#9272=DIRECTION('ref_axis',(0.885456025671927,0.464723172008106,0.));
#9273=DIRECTION('',(0.,0.,-1.));
#9274=DIRECTION('',(0.885456025671927,0.464723172008106,0.));
#9275=DIRECTION('',(0.,0.,-1.));
#9276=DIRECTION('center_axis',(0.,0.,-1.));
#9277=DIRECTION('ref_axis',(-0.954720866496564,0.297503053893654,0.));
#9278=DIRECTION('',(0.,0.,-1.));
#9279=DIRECTION('center_axis',(0.,0.,-1.));
#9280=DIRECTION('ref_axis',(0.885456025671927,0.464723172008106,0.));
#9281=DIRECTION('center_axis',(-0.885456025671927,-0.464723172008106,0.));
#9282=DIRECTION('ref_axis',(-0.464723172008105,0.885456025671927,0.));
#9283=DIRECTION('',(0.,0.,-1.));
#9284=DIRECTION('',(-0.464723172008105,0.885456025671927,0.));
#9285=DIRECTION('center_axis',(0.,0.,-1.));
#9286=DIRECTION('ref_axis',(-0.297503053893654,-0.954720866496564,0.));
#9287=DIRECTION('',(0.,0.,-1.));
#9288=DIRECTION('center_axis',(0.,0.,-1.));
#9289=DIRECTION('ref_axis',(0.885456025671927,0.464723172008106,0.));
#9290=DIRECTION('center_axis',(0.464723172008106,-0.885456025671927,0.));
#9291=DIRECTION('ref_axis',(-0.885456025671927,-0.464723172008106,0.));
#9292=DIRECTION('',(0.,0.,-1.));
#9293=DIRECTION('',(-0.885456025671927,-0.464723172008106,0.));
#9294=DIRECTION('center_axis',(0.,0.,-1.));
#9295=DIRECTION('ref_axis',(0.885456025671927,0.464723172008106,0.));
#9296=DIRECTION('',(0.,0.,-1.));
#9297=DIRECTION('center_axis',(0.,0.,-1.));
#9298=DIRECTION('ref_axis',(0.885456025671927,0.464723172008106,0.));
#9299=DIRECTION('center_axis',(0.885456025671927,0.464723172008106,0.));
#9300=DIRECTION('ref_axis',(0.464723172008106,-0.885456025671927,0.));
#9301=DIRECTION('',(0.,0.,-1.));
#9302=DIRECTION('',(0.464723172008106,-0.885456025671927,0.));
#9303=DIRECTION('center_axis',(0.,0.,-1.));
#9304=DIRECTION('ref_axis',(0.885456025671927,0.464723172008106,0.));
#9305=DIRECTION('center_axis',(0.,0.,-1.));
#9306=DIRECTION('ref_axis',(0.885456025671927,0.464723172008106,0.));
#9307=DIRECTION('center_axis',(0.,0.,1.));
#9308=DIRECTION('ref_axis',(1.,0.,0.));
#9309=DIRECTION('center_axis',(-0.239315663505429,-0.97094181761883,0.));
#9310=DIRECTION('ref_axis',(-0.97094181761883,0.239315663505429,0.));
#9311=DIRECTION('',(0.,0.,-1.));
#9312=DIRECTION('',(-0.97094181761883,0.239315663505429,0.));
#9313=DIRECTION('',(0.,0.,-1.));
#9314=DIRECTION('center_axis',(0.,0.,-1.));
#9315=DIRECTION('ref_axis',(0.517337814867024,-0.855781271884711,0.));
#9316=DIRECTION('',(0.,0.,-1.));
#9317=DIRECTION('center_axis',(0.,0.,-1.));
#9318=DIRECTION('ref_axis',(-0.97094181761883,0.239315663505429,0.));
#9319=DIRECTION('center_axis',(0.97094181761883,-0.239315663505429,0.));
#9320=DIRECTION('ref_axis',(-0.239315663505429,-0.97094181761883,0.));
#9321=DIRECTION('',(0.,0.,-1.));
#9322=DIRECTION('',(-0.239315663505429,-0.97094181761883,0.));
#9323=DIRECTION('center_axis',(0.,0.,-1.));
#9324=DIRECTION('ref_axis',(0.855781271884714,0.517337814867018,0.));
#9325=DIRECTION('',(0.,0.,-1.));
#9326=DIRECTION('center_axis',(0.,0.,-1.));
#9327=DIRECTION('ref_axis',(-0.97094181761883,0.239315663505429,0.));
#9328=DIRECTION('center_axis',(0.239315663505428,0.97094181761883,0.));
#9329=DIRECTION('ref_axis',(0.97094181761883,-0.239315663505428,0.));
#9330=DIRECTION('',(0.,0.,-1.));
#9331=DIRECTION('',(0.97094181761883,-0.239315663505428,0.));
#9332=DIRECTION('center_axis',(0.,0.,-1.));
#9333=DIRECTION('ref_axis',(-0.97094181761883,0.239315663505429,0.));
#9334=DIRECTION('',(0.,0.,-1.));
#9335=DIRECTION('center_axis',(0.,0.,-1.));
#9336=DIRECTION('ref_axis',(-0.97094181761883,0.239315663505429,0.));
#9337=DIRECTION('center_axis',(-0.97094181761883,0.239315663505429,0.));
#9338=DIRECTION('ref_axis',(0.239315663505429,0.97094181761883,0.));
#9339=DIRECTION('',(0.,0.,-1.));
#9340=DIRECTION('',(0.239315663505429,0.97094181761883,0.));
#9341=DIRECTION('center_axis',(0.,0.,-1.));
#9342=DIRECTION('ref_axis',(-0.97094181761883,0.239315663505429,0.));
#9343=DIRECTION('center_axis',(0.,0.,-1.));
#9344=DIRECTION('ref_axis',(-0.97094181761883,0.239315663505429,0.));
#9345=DIRECTION('center_axis',(0.,0.,1.));
#9346=DIRECTION('ref_axis',(1.,0.,0.));
#9347=DIRECTION('center_axis',(0.568064746510175,-0.822983866046188,0.));
#9348=DIRECTION('ref_axis',(-0.822983866046188,-0.568064746510175,0.));
#9349=DIRECTION('',(0.,0.,-1.));
#9350=DIRECTION('',(-0.822983866046188,-0.568064746510175,0.));
#9351=DIRECTION('',(0.,0.,-1.));
#9352=DIRECTION('center_axis',(0.,0.,-1.));
#9353=DIRECTION('ref_axis',(0.568064746510175,-0.822983866046188,0.));
#9354=DIRECTION('',(0.,0.,-1.));
#9355=DIRECTION('center_axis',(0.,0.,-1.));
#9356=DIRECTION('ref_axis',(0.568064746510175,-0.822983866046188,0.));
#9357=DIRECTION('center_axis',(0.822983866046188,0.568064746510175,0.));
#9358=DIRECTION('ref_axis',(0.568064746510175,-0.822983866046188,0.));
#9359=DIRECTION('',(0.,0.,-1.));
#9360=DIRECTION('',(0.568064746510175,-0.822983866046188,0.));
#9361=DIRECTION('center_axis',(0.,0.,-1.));
#9362=DIRECTION('ref_axis',(0.180255038078018,0.983619906898743,0.));
#9363=DIRECTION('',(0.,0.,-1.));
#9364=DIRECTION('center_axis',(0.,0.,-1.));
#9365=DIRECTION('ref_axis',(0.568064746510175,-0.822983866046188,0.));
#9366=DIRECTION('center_axis',(-0.568064746510175,0.822983866046188,0.));
#9367=DIRECTION('ref_axis',(0.822983866046188,0.568064746510175,0.));
#9368=DIRECTION('',(0.,0.,-1.));
#9369=DIRECTION('',(0.822983866046188,0.568064746510175,0.));
#9370=DIRECTION('center_axis',(0.,0.,-1.));
#9371=DIRECTION('ref_axis',(-0.983619906898742,0.180255038078023,0.));
#9372=DIRECTION('',(0.,0.,-1.));
#9373=DIRECTION('center_axis',(0.,0.,-1.));
#9374=DIRECTION('ref_axis',(0.568064746510175,-0.822983866046188,0.));
#9375=DIRECTION('center_axis',(-0.822983866046188,-0.568064746510175,0.));
#9376=DIRECTION('ref_axis',(-0.568064746510175,0.822983866046188,0.));
#9377=DIRECTION('',(0.,0.,-1.));
#9378=DIRECTION('',(-0.568064746510175,0.822983866046188,0.));
#9379=DIRECTION('center_axis',(0.,0.,-1.));
#9380=DIRECTION('ref_axis',(0.568064746510175,-0.822983866046188,0.));
#9381=DIRECTION('center_axis',(0.,0.,-1.));
#9382=DIRECTION('ref_axis',(0.568064746510175,-0.822983866046188,0.));
#9383=DIRECTION('center_axis',(0.,0.,1.));
#9384=DIRECTION('ref_axis',(1.,0.,0.));
#9385=DIRECTION('center_axis',(0.,0.,1.));
#9386=DIRECTION('ref_axis',(1.,0.,0.));
#9387=DIRECTION('',(0.,0.,-1.));
#9388=DIRECTION('center_axis',(0.,0.,-1.));
#9389=DIRECTION('ref_axis',(1.,0.,0.));
#9390=DIRECTION('center_axis',(0.,0.,1.));
#9391=DIRECTION('ref_axis',(-1.,0.,0.));
#9392=DIRECTION('',(0.,0.,-1.));
#9393=DIRECTION('center_axis',(0.,0.,1.));
#9394=DIRECTION('ref_axis',(1.,0.,0.));
#9395=CARTESIAN_POINT('',(0.,0.,0.));
#9396=CARTESIAN_POINT('Origin',(87.1691250226818,76.1551452154093,0.));
#9397=CARTESIAN_POINT('',(88.6540492631735,74.6702209749175,0.));
#9398=CARTESIAN_POINT('Origin',(87.1691250226818,76.1551452154093,0.));
#9399=CARTESIAN_POINT('',(88.6540492631735,74.6702209749175,8.));
#9400=CARTESIAN_POINT('',(88.6540492631735,74.6702209749175,0.));
#9401=CARTESIAN_POINT('Origin',(87.1691250226818,76.1551452154093,8.));
#9402=CARTESIAN_POINT('Origin',(87.1691250226818,76.1551452154093,8.));
#9403=CARTESIAN_POINT('Origin',(115.487699017698,7.78805980957406,0.));
#9404=CARTESIAN_POINT('',(116.97262325819,6.30313556908231,0.));
#9405=CARTESIAN_POINT('Origin',(115.487699017698,7.78805980957406,0.));
#9406=CARTESIAN_POINT('',(116.97262325819,6.30313556908231,8.));
#9407=CARTESIAN_POINT('',(116.97262325819,6.30313556908231,0.));
#9408=CARTESIAN_POINT('Origin',(115.487699017698,7.78805980957406,8.));
#9409=CARTESIAN_POINT('Origin',(115.487699017698,7.78805980957406,8.));
#9410=CARTESIAN_POINT('Origin',(115.487699017698,-7.78805980957409,0.));
#9411=CARTESIAN_POINT('',(115.487699017698,-9.88805980957408,0.));
#9412=CARTESIAN_POINT('Origin',(115.487699017698,-7.78805980957409,0.));
#9413=CARTESIAN_POINT('',(115.487699017698,-9.88805980957408,8.));
#9414=CARTESIAN_POINT('',(115.487699017698,-9.88805980957408,0.));
#9415=CARTESIAN_POINT('Origin',(115.487699017698,-7.78805980957409,8.));
#9416=CARTESIAN_POINT('Origin',(115.487699017698,-7.78805980957409,8.));
#9417=CARTESIAN_POINT('Origin',(87.1691250226818,-76.1551452154093,0.));
#9418=CARTESIAN_POINT('',(87.1691250226818,-78.2551452154093,0.));
#9419=CARTESIAN_POINT('Origin',(87.1691250226818,-76.1551452154093,0.));
#9420=CARTESIAN_POINT('',(87.1691250226818,-78.2551452154093,8.));
#9421=CARTESIAN_POINT('',(87.1691250226818,-78.2551452154093,0.));
#9422=CARTESIAN_POINT('Origin',(87.1691250226818,-76.1551452154093,8.));
#9423=CARTESIAN_POINT('Origin',(87.1691250226818,-76.1551452154093,8.));
#9424=CARTESIAN_POINT('Origin',(76.1551452154093,-87.1691250226818,0.));
#9425=CARTESIAN_POINT('',(74.6702209749175,-88.6540492631735,0.));
#9426=CARTESIAN_POINT('Origin',(76.1551452154093,-87.1691250226818,0.));
#9427=CARTESIAN_POINT('',(74.6702209749175,-88.6540492631735,8.));
#9428=CARTESIAN_POINT('',(74.6702209749175,-88.6540492631735,0.));
#9429=CARTESIAN_POINT('Origin',(76.1551452154093,-87.1691250226818,8.));
#9430=CARTESIAN_POINT('Origin',(76.1551452154093,-87.1691250226818,8.));
#9431=CARTESIAN_POINT('Origin',(7.78805980957408,-115.487699017698,0.));
#9432=CARTESIAN_POINT('',(6.30313556908233,-116.97262325819,0.));
#9433=CARTESIAN_POINT('Origin',(7.78805980957408,-115.487699017698,0.));
#9434=CARTESIAN_POINT('',(6.30313556908233,-116.97262325819,8.));
#9435=CARTESIAN_POINT('',(6.30313556908233,-116.97262325819,0.));
#9436=CARTESIAN_POINT('Origin',(7.78805980957408,-115.487699017698,8.));
#9437=CARTESIAN_POINT('Origin',(7.78805980957408,-115.487699017698,8.));
#9438=CARTESIAN_POINT('Origin',(-7.78805980957409,-115.487699017698,0.));
#9439=CARTESIAN_POINT('',(-9.88805980957408,-115.487699017698,0.));
#9440=CARTESIAN_POINT('Origin',(-7.78805980957409,-115.487699017698,0.));
#9441=CARTESIAN_POINT('',(-9.88805980957408,-115.487699017698,8.));
#9442=CARTESIAN_POINT('',(-9.88805980957408,-115.487699017698,0.));
#9443=CARTESIAN_POINT('Origin',(-7.78805980957409,-115.487699017698,8.));
#9444=CARTESIAN_POINT('Origin',(-7.78805980957409,-115.487699017698,8.));
#9445=CARTESIAN_POINT('Origin',(-76.1551452154093,-87.1691250226818,0.));
#9446=CARTESIAN_POINT('',(-78.2551452154093,-87.1691250226818,0.));
#9447=CARTESIAN_POINT('Origin',(-76.1551452154093,-87.1691250226818,0.));
#9448=CARTESIAN_POINT('',(-78.2551452154093,-87.1691250226818,8.));
#9449=CARTESIAN_POINT('',(-78.2551452154093,-87.1691250226818,0.));
#9450=CARTESIAN_POINT('Origin',(-76.1551452154093,-87.1691250226818,8.));
#9451=CARTESIAN_POINT('Origin',(-76.1551452154093,-87.1691250226818,8.));
#9452=CARTESIAN_POINT('Origin',(-87.1691250226818,-76.1551452154093,0.));
#9453=CARTESIAN_POINT('',(-88.6540492631735,-74.6702209749175,0.));
#9454=CARTESIAN_POINT('Origin',(-87.1691250226818,-76.1551452154093,0.));
#9455=CARTESIAN_POINT('',(-88.6540492631735,-74.6702209749175,8.));
#9456=CARTESIAN_POINT('',(-88.6540492631735,-74.6702209749175,0.));
#9457=CARTESIAN_POINT('Origin',(-87.1691250226818,-76.1551452154093,8.));
#9458=CARTESIAN_POINT('Origin',(-87.1691250226818,-76.1551452154093,8.));
#9459=CARTESIAN_POINT('Origin',(-115.487699017698,-7.78805980957408,0.));
#9460=CARTESIAN_POINT('',(-116.97262325819,-6.30313556908233,0.));
#9461=CARTESIAN_POINT('Origin',(-115.487699017698,-7.78805980957408,0.));
#9462=CARTESIAN_POINT('',(-116.97262325819,-6.30313556908233,8.));
#9463=CARTESIAN_POINT('',(-116.97262325819,-6.30313556908233,0.));
#9464=CARTESIAN_POINT('Origin',(-115.487699017698,-7.78805980957408,8.));
#9465=CARTESIAN_POINT('Origin',(-115.487699017698,-7.78805980957408,8.));
#9466=CARTESIAN_POINT('Origin',(-115.487699017698,7.78805980957407,0.));
#9467=CARTESIAN_POINT('',(-115.487699017698,9.88805980957406,0.));
#9468=CARTESIAN_POINT('Origin',(-115.487699017698,7.78805980957407,0.));
#9469=CARTESIAN_POINT('',(-115.487699017698,9.88805980957406,8.));
#9470=CARTESIAN_POINT('',(-115.487699017698,9.88805980957406,0.));
#9471=CARTESIAN_POINT('Origin',(-115.487699017698,7.78805980957407,8.));
#9472=CARTESIAN_POINT('Origin',(-115.487699017698,7.78805980957407,8.));
#9473=CARTESIAN_POINT('Origin',(-87.1691250226818,76.1551452154093,0.));
#9474=CARTESIAN_POINT('',(-87.1691250226818,78.2551452154093,0.));
#9475=CARTESIAN_POINT('Origin',(-87.1691250226818,76.1551452154093,0.));
#9476=CARTESIAN_POINT('',(-87.1691250226818,78.2551452154093,8.));
#9477=CARTESIAN_POINT('',(-87.1691250226818,78.2551452154093,0.));
#9478=CARTESIAN_POINT('Origin',(-87.1691250226818,76.1551452154093,8.));
#9479=CARTESIAN_POINT('Origin',(-87.1691250226818,76.1551452154093,8.));
#9480=CARTESIAN_POINT('Origin',(-76.1551452154093,87.1691250226818,0.));
#9481=CARTESIAN_POINT('',(-74.6702209749176,88.6540492631735,0.));
#9482=CARTESIAN_POINT('Origin',(-76.1551452154093,87.1691250226818,0.));
#9483=CARTESIAN_POINT('',(-74.6702209749176,88.6540492631735,8.));
#9484=CARTESIAN_POINT('',(-74.6702209749176,88.6540492631735,0.));
#9485=CARTESIAN_POINT('Origin',(-76.1551452154093,87.1691250226818,8.));
#9486=CARTESIAN_POINT('Origin',(-76.1551452154093,87.1691250226818,8.));
#9487=CARTESIAN_POINT('Origin',(-7.78805980957408,115.487699017698,0.));
#9488=CARTESIAN_POINT('',(-6.30313556908233,116.97262325819,0.));
#9489=CARTESIAN_POINT('Origin',(-7.78805980957408,115.487699017698,0.));
#9490=CARTESIAN_POINT('',(-6.30313556908233,116.97262325819,8.));
#9491=CARTESIAN_POINT('',(-6.30313556908233,116.97262325819,0.));
#9492=CARTESIAN_POINT('Origin',(-7.78805980957408,115.487699017698,8.));
#9493=CARTESIAN_POINT('Origin',(-7.78805980957408,115.487699017698,8.));
#9494=CARTESIAN_POINT('Origin',(7.78805980957407,115.487699017698,0.));
#9495=CARTESIAN_POINT('',(9.88805980957406,115.487699017698,0.));
#9496=CARTESIAN_POINT('Origin',(7.78805980957407,115.487699017698,0.));
#9497=CARTESIAN_POINT('',(9.88805980957406,115.487699017698,8.));
#9498=CARTESIAN_POINT('',(9.88805980957406,115.487699017698,0.));
#9499=CARTESIAN_POINT('Origin',(7.78805980957407,115.487699017698,8.));
#9500=CARTESIAN_POINT('Origin',(7.78805980957407,115.487699017698,8.));
#9501=CARTESIAN_POINT('Origin',(76.1551452154093,87.1691250226818,0.));
#9502=CARTESIAN_POINT('',(78.2551452154093,87.1691250226818,0.));
#9503=CARTESIAN_POINT('Origin',(76.1551452154093,87.1691250226818,0.));
#9504=CARTESIAN_POINT('',(78.2551452154093,87.1691250226818,8.));
#9505=CARTESIAN_POINT('',(78.2551452154093,87.1691250226818,0.));
#9506=CARTESIAN_POINT('Origin',(76.1551452154093,87.1691250226818,8.));
#9507=CARTESIAN_POINT('Origin',(76.1551452154093,87.1691250226818,8.));
#9508=CARTESIAN_POINT('Origin',(88.7143060156585,69.6678685489153,12.));
#9509=CARTESIAN_POINT('',(88.9840560844489,69.8532626348044,0.));
#9510=CARTESIAN_POINT('',(88.7143060156585,69.6678685489153,0.));
#9511=CARTESIAN_POINT('',(42.3274989199864,37.7870992969035,0.));
#9512=CARTESIAN_POINT('',(88.9840560844489,69.8532626348044,12.));
#9513=CARTESIAN_POINT('',(88.9840560844489,69.8532626348044,12.));
#9514=CARTESIAN_POINT('',(88.7143060156585,69.6678685489153,12.));
#9515=CARTESIAN_POINT('',(42.3274989199864,37.7870992969035,12.));
#9516=CARTESIAN_POINT('',(88.7143060156585,69.6678685489153,12.));
#9517=CARTESIAN_POINT('Origin',(-4.87101637663307E-10,-2.01759409869573E-10,
12.));
#9518=CARTESIAN_POINT('',(87.4794275169,71.2122865896489,0.));
#9519=CARTESIAN_POINT('Origin',(-4.87101637663307E-10,-2.01759409869573E-10,
0.));
#9520=CARTESIAN_POINT('',(87.4794275169,71.2122865896489,12.));
#9521=CARTESIAN_POINT('Origin',(-4.87101637663307E-10,-2.01759409869573E-10,
12.));
#9522=CARTESIAN_POINT('',(87.4794275169,71.2122865896489,12.));
#9523=CARTESIAN_POINT('Origin',(85.6181631016365,69.6971315558223,12.));
#9524=CARTESIAN_POINT('',(84.2244760082568,71.6510088001472,0.));
#9525=CARTESIAN_POINT('Origin',(85.6181631016365,69.6971315558223,0.));
#9526=CARTESIAN_POINT('',(84.2244760082568,71.6510088001472,12.));
#9527=CARTESIAN_POINT('Origin',(85.6181631016365,69.6971315558223,12.));
#9528=CARTESIAN_POINT('',(84.2244760082568,71.6510088001472,12.));
#9529=CARTESIAN_POINT('Origin',(77.3708805099703,66.762386641027,12.));
#9530=CARTESIAN_POINT('',(77.3708805099703,66.762386641027,0.));
#9531=CARTESIAN_POINT('',(35.9495175083353,37.2168155489808,0.));
#9532=CARTESIAN_POINT('',(77.3708805099703,66.762386641027,12.));
#9533=CARTESIAN_POINT('',(35.9495175083353,37.2168155489808,12.));
#9534=CARTESIAN_POINT('',(77.3708805099703,66.762386641027,12.));
#9535=CARTESIAN_POINT('Origin',(78.7645676034746,64.8085093968133,12.));
#9536=CARTESIAN_POINT('',(76.911283659852,63.2836032933542,0.));
#9537=CARTESIAN_POINT('Origin',(78.7645676034746,64.8085093968133,0.));
#9538=CARTESIAN_POINT('',(76.911283659852,63.2836032933542,12.));
#9539=CARTESIAN_POINT('Origin',(78.7645676034746,64.8085093968133,12.));
#9540=CARTESIAN_POINT('',(76.911283659852,63.2836032933542,12.));
#9541=CARTESIAN_POINT('Origin',(-4.87101637663307E-10,-2.01759409869573E-10,
12.));
#9542=CARTESIAN_POINT('',(99.1324186238116,9.63968763966013,0.));
#9543=CARTESIAN_POINT('Origin',(-4.87101637663307E-10,-2.01759409869573E-10,
0.));
#9544=CARTESIAN_POINT('',(99.1324186238116,9.63968763966013,12.));
#9545=CARTESIAN_POINT('Origin',(-4.87101637663307E-10,-2.01759409869573E-10,
12.));
#9546=CARTESIAN_POINT('',(99.1324186238116,9.63968763966013,12.));
#9547=CARTESIAN_POINT('Origin',(101.524461299048,9.87229110611689,12.));
#9548=CARTESIAN_POINT('',(101.921124387127,7.50192595970628,0.));
#9549=CARTESIAN_POINT('Origin',(101.524461299048,9.87229110611689,0.));
#9550=CARTESIAN_POINT('',(101.921124387127,7.50192595970628,12.));
#9551=CARTESIAN_POINT('Origin',(101.524461299048,9.87229110611689,12.));
#9552=CARTESIAN_POINT('',(101.921124387127,7.50192595970628,12.));
#9553=CARTESIAN_POINT('Origin',(110.220612328452,8.89078392587047,12.));
#9554=CARTESIAN_POINT('',(110.220612328452,8.89078392587047,0.));
#9555=CARTESIAN_POINT('',(55.8879111251499,-0.201392052081896,1.11022302462516E-15));
#9556=CARTESIAN_POINT('',(110.220612328452,8.89078392587047,12.));
#9557=CARTESIAN_POINT('',(55.8879111251499,-0.201392052081896,12.));
#9558=CARTESIAN_POINT('',(110.220612328452,8.89078392587047,12.));
#9559=CARTESIAN_POINT('Origin',(109.824498074276,11.2578693695302,12.));
#9560=CARTESIAN_POINT('',(112.211987162858,11.5026056601765,0.));
#9561=CARTESIAN_POINT('Origin',(109.824498074276,11.2578693695302,0.));
#9562=CARTESIAN_POINT('',(112.211987162858,11.5026056601765,12.));
#9563=CARTESIAN_POINT('Origin',(109.824498074276,11.2578693695302,12.));
#9564=CARTESIAN_POINT('',(112.211987162858,11.5026056601765,12.));
#9565=CARTESIAN_POINT('Origin',(-4.87101637663307E-10,-2.01759409869573E-10,
12.));
#9566=CARTESIAN_POINT('',(111.993109653519,13.4678650901912,0.));
#9567=CARTESIAN_POINT('Origin',(-4.87101637663307E-10,-2.01759409869573E-10,
0.));
#9568=CARTESIAN_POINT('',(111.993109653519,13.4678650901912,12.));
#9569=CARTESIAN_POINT('Origin',(-4.87101637663307E-10,-2.01759409869573E-10,
12.));
#9570=CARTESIAN_POINT('',(111.993109653519,13.4678650901912,12.));
#9571=CARTESIAN_POINT('Origin',(112.314945171711,13.5275137777343,12.));
#9572=CARTESIAN_POINT('',(112.314945171711,13.5275137777343,0.));
#9573=CARTESIAN_POINT('',(56.8104934302093,3.24037170657624,0.));
#9574=CARTESIAN_POINT('',(112.314945171711,13.5275137777343,12.));
#9575=CARTESIAN_POINT('',(56.8104934302093,3.24037170657624,12.));
#9576=CARTESIAN_POINT('',(112.314945171711,13.5275137777343,12.));
#9577=CARTESIAN_POINT('Origin',(111.877579910763,15.8873255559471,12.));
#9578=CARTESIAN_POINT('',(114.253740900029,16.2247554792635,0.));
#9579=CARTESIAN_POINT('Origin',(111.877579910763,15.8873255559471,0.));
#9580=CARTESIAN_POINT('',(114.253740900029,16.2247554792635,12.));
#9581=CARTESIAN_POINT('Origin',(111.877579910763,15.8873255559471,12.));
#9582=CARTESIAN_POINT('',(114.253740900029,16.2247554792635,12.));
#9583=CARTESIAN_POINT('Origin',(-4.87101637663307E-10,-2.01759409869573E-10,
12.));
#9584=CARTESIAN_POINT('',(92.2622295888218,69.3169603438603,0.));
#9585=CARTESIAN_POINT('Origin',(-4.87101637663307E-10,-2.01759409869573E-10,
0.));
#9586=CARTESIAN_POINT('',(92.2622295888218,69.3169603438603,12.));
#9587=CARTESIAN_POINT('Origin',(-4.87101637663307E-10,-2.01759409869573E-10,
12.));
#9588=CARTESIAN_POINT('',(92.2622295888218,69.3169603438603,12.));
#9589=CARTESIAN_POINT('Origin',(90.343431053169,67.8753597821121,12.));
#9590=CARTESIAN_POINT('Origin',(90.343431053169,67.8753597821121,0.));
#9591=CARTESIAN_POINT('Origin',(90.343431053169,67.8753597821121,12.));
#9592=CARTESIAN_POINT('Origin',(111.993109653682,-13.4678650901797,12.));
#9593=CARTESIAN_POINT('',(112.314945171873,-13.5275137777228,0.));
#9594=CARTESIAN_POINT('',(111.993109653682,-13.4678650901797,0.));
#9595=CARTESIAN_POINT('',(56.6495756711985,-3.21054736277882,0.));
#9596=CARTESIAN_POINT('',(112.314945171873,-13.5275137777228,12.));
#9597=CARTESIAN_POINT('',(112.314945171873,-13.5275137777228,12.));
#9598=CARTESIAN_POINT('',(111.993109653682,-13.4678650901797,12.));
#9599=CARTESIAN_POINT('',(56.6495756711985,-3.21054736277882,12.));
#9600=CARTESIAN_POINT('',(111.993109653682,-13.4678650901797,12.));
#9601=CARTESIAN_POINT('Origin',(-4.87098318005768E-10,2.01767424231826E-10,
12.));
#9602=CARTESIAN_POINT('',(112.211987162858,-11.5026056601764,0.));
#9603=CARTESIAN_POINT('Origin',(-4.87098318005768E-10,2.01767424231826E-10,
0.));
#9604=CARTESIAN_POINT('',(112.211987162858,-11.5026056601764,12.));
#9605=CARTESIAN_POINT('Origin',(-4.87098318005768E-10,2.01767424231826E-10,
12.));
#9606=CARTESIAN_POINT('',(112.211987162858,-11.5026056601764,12.));
#9607=CARTESIAN_POINT('Origin',(109.824498074276,-11.2578693695301,12.));
#9608=CARTESIAN_POINT('',(110.220612328763,-8.89078392588102,0.));
#9609=CARTESIAN_POINT('Origin',(109.824498074276,-11.2578693695301,0.));
#9610=CARTESIAN_POINT('',(110.220612328763,-8.89078392588102,12.));
#9611=CARTESIAN_POINT('Origin',(109.824498074276,-11.2578693695301,12.));
#9612=CARTESIAN_POINT('',(110.220612328763,-8.89078392588102,12.));
#9613=CARTESIAN_POINT('Origin',(101.917610597042,-7.50133795290569,12.));
#9614=CARTESIAN_POINT('',(101.917610597042,-7.50133795290569,0.));
#9615=CARTESIAN_POINT('',(51.7364102593817,0.896115038324846,-1.11022302462516E-15));
#9616=CARTESIAN_POINT('',(101.917610597042,-7.50133795290569,12.));
#9617=CARTESIAN_POINT('',(51.7364102593817,0.896115038324846,12.));
#9618=CARTESIAN_POINT('',(101.917610597042,-7.50133795290569,12.));
#9619=CARTESIAN_POINT('Origin',(101.521496342722,-9.86842339656435,12.));
#9620=CARTESIAN_POINT('',(99.1327552522935,-9.6362251989934,0.));
#9621=CARTESIAN_POINT('Origin',(101.521496342722,-9.86842339656435,0.));
#9622=CARTESIAN_POINT('',(99.1327552522935,-9.6362251989934,12.));
#9623=CARTESIAN_POINT('Origin',(101.521496342722,-9.86842339656435,12.));
#9624=CARTESIAN_POINT('',(99.1327552522935,-9.6362251989934,12.));
#9625=CARTESIAN_POINT('Origin',(-4.87098318005768E-10,2.01767424231826E-10,
12.));
#9626=CARTESIAN_POINT('',(76.9134939428446,-63.2809169457969,0.));
#9627=CARTESIAN_POINT('Origin',(-4.87098318005768E-10,2.01767424231826E-10,
0.));
#9628=CARTESIAN_POINT('',(76.9134939428446,-63.2809169457969,12.));
#9629=CARTESIAN_POINT('Origin',(-4.87098318005768E-10,2.01767424231826E-10,
12.));
#9630=CARTESIAN_POINT('',(76.9134939428446,-63.2809169457969,12.));
#9631=CARTESIAN_POINT('Origin',(78.7693990278512,-64.8078710538854,12.));
#9632=CARTESIAN_POINT('',(77.3737809183628,-66.7644554822274,0.));
#9633=CARTESIAN_POINT('Origin',(78.7693990278512,-64.8078710538854,0.));
#9634=CARTESIAN_POINT('',(77.3737809183628,-66.7644554822274,12.));
#9635=CARTESIAN_POINT('Origin',(78.7693990278512,-64.8078710538854,12.));
#9636=CARTESIAN_POINT('',(77.3737809183628,-66.7644554822274,12.));
#9637=CARTESIAN_POINT('Origin',(84.2244760080297,-71.651008799935,12.));
#9638=CARTESIAN_POINT('',(84.2244760080297,-71.651008799935,0.));
#9639=CARTESIAN_POINT('',(39.3763152572404,-39.6611266286488,0.));
#9640=CARTESIAN_POINT('',(84.2244760080297,-71.651008799935,12.));
#9641=CARTESIAN_POINT('',(39.3763152572404,-39.6611266286488,12.));
#9642=CARTESIAN_POINT('',(84.2244760080297,-71.651008799935,12.));
#9643=CARTESIAN_POINT('Origin',(85.6181631016365,-69.6971315558223,12.));
#9644=CARTESIAN_POINT('',(87.4794275169,-71.2122865896489,0.));
#9645=CARTESIAN_POINT('Origin',(85.6181631016365,-69.6971315558223,0.));
#9646=CARTESIAN_POINT('',(87.4794275169,-71.2122865896489,12.));
#9647=CARTESIAN_POINT('Origin',(85.6181631016365,-69.6971315558223,12.));
#9648=CARTESIAN_POINT('',(87.4794275169,-71.2122865896489,12.));
#9649=CARTESIAN_POINT('Origin',(-4.87098318005768E-10,2.01767424231826E-10,
12.));
#9650=CARTESIAN_POINT('',(88.7143060155519,-69.6678685487923,0.));
#9651=CARTESIAN_POINT('Origin',(-4.87098318005768E-10,2.01767424231826E-10,
0.));
#9652=CARTESIAN_POINT('',(88.7143060155519,-69.6678685487923,12.));
#9653=CARTESIAN_POINT('Origin',(-4.87098318005768E-10,2.01767424231826E-10,
12.));
#9654=CARTESIAN_POINT('',(88.7143060155519,-69.6678685487923,12.));
#9655=CARTESIAN_POINT('Origin',(88.9840560843423,-69.8532626346815,12.));
#9656=CARTESIAN_POINT('',(88.9840560843423,-69.8532626346815,0.));
#9657=CARTESIAN_POINT('',(42.4623739543399,-37.8797963397697,0.));
#9658=CARTESIAN_POINT('',(88.9840560843423,-69.8532626346815,12.));
#9659=CARTESIAN_POINT('',(42.4623739543399,-37.8797963397697,12.));
#9660=CARTESIAN_POINT('',(88.9840560843423,-69.8532626346815,12.));
#9661=CARTESIAN_POINT('Origin',(90.343431053169,-67.875359782112,12.));
#9662=CARTESIAN_POINT('',(92.2622295888219,-69.3169603438602,0.));
#9663=CARTESIAN_POINT('Origin',(90.343431053169,-67.875359782112,0.));
#9664=CARTESIAN_POINT('',(92.2622295888219,-69.3169603438602,12.));
#9665=CARTESIAN_POINT('Origin',(90.343431053169,-67.875359782112,12.));
#9666=CARTESIAN_POINT('',(92.2622295888219,-69.3169603438602,12.));
#9667=CARTESIAN_POINT('Origin',(-4.87098318005768E-10,2.01767424231826E-10,
12.));
#9668=CARTESIAN_POINT('',(114.253740900029,-16.2247554792635,0.));
#9669=CARTESIAN_POINT('Origin',(-4.87098318005768E-10,2.01767424231826E-10,
0.));
#9670=CARTESIAN_POINT('',(114.253740900029,-16.2247554792635,12.));
#9671=CARTESIAN_POINT('Origin',(-4.87098318005768E-10,2.01767424231826E-10,
12.));
#9672=CARTESIAN_POINT('',(114.253740900029,-16.2247554792635,12.));
#9673=CARTESIAN_POINT('Origin',(111.877579910763,-15.887325555947,12.));
#9674=CARTESIAN_POINT('Origin',(111.877579910763,-15.887325555947,0.));
#9675=CARTESIAN_POINT('Origin',(111.877579910763,-15.887325555947,12.));
#9676=CARTESIAN_POINT('Origin',(69.6678685489153,-88.7143060156585,12.));
#9677=CARTESIAN_POINT('',(69.8532626348045,-88.9840560844489,0.));
#9678=CARTESIAN_POINT('',(69.6678685489153,-88.7143060156585,0.));
#9679=CARTESIAN_POINT('',(37.7870992969035,-42.3274989199864,0.));
#9680=CARTESIAN_POINT('',(69.8532626348045,-88.9840560844489,12.));
#9681=CARTESIAN_POINT('',(69.8532626348045,-88.9840560844489,12.));
#9682=CARTESIAN_POINT('',(69.6678685489153,-88.7143060156585,12.));
#9683=CARTESIAN_POINT('',(37.7870992969035,-42.3274989199864,12.));
#9684=CARTESIAN_POINT('',(69.6678685489153,-88.7143060156585,12.));
#9685=CARTESIAN_POINT('Origin',(-2.01759409869573E-10,4.87101637663307E-10,
12.));
#9686=CARTESIAN_POINT('',(71.2122865896489,-87.4794275169,0.));
#9687=CARTESIAN_POINT('Origin',(-2.01759409869573E-10,4.87101637663307E-10,
0.));
#9688=CARTESIAN_POINT('',(71.2122865896489,-87.4794275169,12.));
#9689=CARTESIAN_POINT('Origin',(-2.01759409869573E-10,4.87101637663307E-10,
12.));
#9690=CARTESIAN_POINT('',(71.2122865896489,-87.4794275169,12.));
#9691=CARTESIAN_POINT('Origin',(69.6971315558223,-85.6181631016364,12.));
#9692=CARTESIAN_POINT('',(71.6510088001472,-84.2244760082568,0.));
#9693=CARTESIAN_POINT('Origin',(69.6971315558223,-85.6181631016364,0.));
#9694=CARTESIAN_POINT('',(71.6510088001472,-84.2244760082568,12.));
#9695=CARTESIAN_POINT('Origin',(69.6971315558223,-85.6181631016364,12.));
#9696=CARTESIAN_POINT('',(71.6510088001472,-84.2244760082568,12.));
#9697=CARTESIAN_POINT('Origin',(66.762386641027,-77.3708805099703,12.));
#9698=CARTESIAN_POINT('',(66.762386641027,-77.3708805099703,0.));
#9699=CARTESIAN_POINT('',(37.2168155489808,-35.9495175083353,0.));
#9700=CARTESIAN_POINT('',(66.762386641027,-77.3708805099703,12.));
#9701=CARTESIAN_POINT('',(37.2168155489808,-35.9495175083353,12.));
#9702=CARTESIAN_POINT('',(66.762386641027,-77.3708805099703,12.));
#9703=CARTESIAN_POINT('Origin',(64.8085093968134,-78.7645676034746,12.));
#9704=CARTESIAN_POINT('',(63.2836032933542,-76.911283659852,0.));
#9705=CARTESIAN_POINT('Origin',(64.8085093968134,-78.7645676034746,0.));
#9706=CARTESIAN_POINT('',(63.2836032933542,-76.911283659852,12.));
#9707=CARTESIAN_POINT('Origin',(64.8085093968134,-78.7645676034746,12.));
#9708=CARTESIAN_POINT('',(63.2836032933542,-76.911283659852,12.));
#9709=CARTESIAN_POINT('Origin',(-2.01759409869573E-10,4.87101637663307E-10,
12.));
#9710=CARTESIAN_POINT('',(9.63968763966015,-99.1324186238116,0.));
#9711=CARTESIAN_POINT('Origin',(-2.01759409869573E-10,4.87101637663307E-10,
0.));
#9712=CARTESIAN_POINT('',(9.63968763966015,-99.1324186238116,12.));
#9713=CARTESIAN_POINT('Origin',(-2.01759409869573E-10,4.87101637663307E-10,
12.));
#9714=CARTESIAN_POINT('',(9.63968763966015,-99.1324186238116,12.));
#9715=CARTESIAN_POINT('Origin',(9.87229110611691,-101.524461299048,12.));
#9716=CARTESIAN_POINT('',(7.50192595970629,-101.921124387127,0.));
#9717=CARTESIAN_POINT('Origin',(9.87229110611691,-101.524461299048,0.));
#9718=CARTESIAN_POINT('',(7.50192595970629,-101.921124387127,12.));
#9719=CARTESIAN_POINT('Origin',(9.87229110611691,-101.524461299048,12.));
#9720=CARTESIAN_POINT('',(7.50192595970629,-101.921124387127,12.));
#9721=CARTESIAN_POINT('Origin',(8.89078392587049,-110.220612328452,12.));
#9722=CARTESIAN_POINT('',(8.89078392587049,-110.220612328452,0.));
#9723=CARTESIAN_POINT('',(-0.201392052081882,-55.8879111251499,0.));
#9724=CARTESIAN_POINT('',(8.89078392587049,-110.220612328452,12.));
#9725=CARTESIAN_POINT('',(-0.201392052081882,-55.8879111251499,12.));
#9726=CARTESIAN_POINT('',(8.89078392587049,-110.220612328452,12.));
#9727=CARTESIAN_POINT('Origin',(11.2578693695302,-109.824498074276,12.));
#9728=CARTESIAN_POINT('',(11.5026056601765,-112.211987162858,0.));
#9729=CARTESIAN_POINT('Origin',(11.2578693695302,-109.824498074276,0.));
#9730=CARTESIAN_POINT('',(11.5026056601765,-112.211987162858,12.));
#9731=CARTESIAN_POINT('Origin',(11.2578693695302,-109.824498074276,12.));
#9732=CARTESIAN_POINT('',(11.5026056601765,-112.211987162858,12.));
#9733=CARTESIAN_POINT('Origin',(-2.01759409869573E-10,4.87101637663307E-10,
12.));
#9734=CARTESIAN_POINT('',(13.4678650901913,-111.993109653519,0.));
#9735=CARTESIAN_POINT('Origin',(-2.01759409869573E-10,4.87101637663307E-10,
0.));
#9736=CARTESIAN_POINT('',(13.4678650901913,-111.993109653519,12.));
#9737=CARTESIAN_POINT('Origin',(-2.01759409869573E-10,4.87101637663307E-10,
12.));
#9738=CARTESIAN_POINT('',(13.4678650901913,-111.993109653519,12.));
#9739=CARTESIAN_POINT('Origin',(13.5275137777343,-112.314945171711,12.));
#9740=CARTESIAN_POINT('',(13.5275137777343,-112.314945171711,0.));
#9741=CARTESIAN_POINT('',(3.24037170657626,-56.8104934302093,0.));
#9742=CARTESIAN_POINT('',(13.5275137777343,-112.314945171711,12.));
#9743=CARTESIAN_POINT('',(3.24037170657626,-56.8104934302093,12.));
#9744=CARTESIAN_POINT('',(13.5275137777343,-112.314945171711,12.));
#9745=CARTESIAN_POINT('Origin',(15.8873255559471,-111.877579910763,12.));
#9746=CARTESIAN_POINT('',(16.2247554792635,-114.253740900029,0.));
#9747=CARTESIAN_POINT('Origin',(15.8873255559471,-111.877579910763,0.));
#9748=CARTESIAN_POINT('',(16.2247554792635,-114.253740900029,12.));
#9749=CARTESIAN_POINT('Origin',(15.8873255559471,-111.877579910763,12.));
#9750=CARTESIAN_POINT('',(16.2247554792635,-114.253740900029,12.));
#9751=CARTESIAN_POINT('Origin',(-2.01759409869573E-10,4.87101637663307E-10,
12.));
#9752=CARTESIAN_POINT('',(69.3169603438603,-92.2622295888218,0.));
#9753=CARTESIAN_POINT('Origin',(-2.01759409869573E-10,4.87101637663307E-10,
0.));
#9754=CARTESIAN_POINT('',(69.3169603438603,-92.2622295888218,12.));
#9755=CARTESIAN_POINT('Origin',(-2.01759409869573E-10,4.87101637663307E-10,
12.));
#9756=CARTESIAN_POINT('',(69.3169603438603,-92.2622295888218,12.));
#9757=CARTESIAN_POINT('Origin',(67.8753597821121,-90.343431053169,12.));
#9758=CARTESIAN_POINT('Origin',(67.8753597821121,-90.343431053169,0.));
#9759=CARTESIAN_POINT('Origin',(67.8753597821121,-90.343431053169,12.));
#9760=CARTESIAN_POINT('Origin',(-13.4678650901797,-111.993109653682,12.));
#9761=CARTESIAN_POINT('',(-13.5275137777228,-112.314945171873,0.));
#9762=CARTESIAN_POINT('',(-13.4678650901797,-111.993109653682,0.));
#9763=CARTESIAN_POINT('',(-3.21054736277882,-56.6495756711985,0.));
#9764=CARTESIAN_POINT('',(-13.5275137777228,-112.314945171873,12.));
#9765=CARTESIAN_POINT('',(-13.5275137777228,-112.314945171873,12.));
#9766=CARTESIAN_POINT('',(-13.4678650901797,-111.993109653682,12.));
#9767=CARTESIAN_POINT('',(-3.21054736277882,-56.6495756711985,12.));
#9768=CARTESIAN_POINT('',(-13.4678650901797,-111.993109653682,12.));
#9769=CARTESIAN_POINT('Origin',(2.01767424231826E-10,4.87098318005768E-10,
12.));
#9770=CARTESIAN_POINT('',(-11.5026056601764,-112.211987162858,0.));
#9771=CARTESIAN_POINT('Origin',(2.01767424231826E-10,4.87098318005768E-10,
0.));
#9772=CARTESIAN_POINT('',(-11.5026056601764,-112.211987162858,12.));
#9773=CARTESIAN_POINT('Origin',(2.01767424231826E-10,4.87098318005768E-10,
12.));
#9774=CARTESIAN_POINT('',(-11.5026056601764,-112.211987162858,12.));
#9775=CARTESIAN_POINT('Origin',(-11.2578693695301,-109.824498074276,12.));
#9776=CARTESIAN_POINT('',(-8.89078392588102,-110.220612328763,0.));
#9777=CARTESIAN_POINT('Origin',(-11.2578693695301,-109.824498074276,0.));
#9778=CARTESIAN_POINT('',(-8.89078392588102,-110.220612328763,12.));
#9779=CARTESIAN_POINT('Origin',(-11.2578693695301,-109.824498074276,12.));
#9780=CARTESIAN_POINT('',(-8.89078392588102,-110.220612328763,12.));
#9781=CARTESIAN_POINT('Origin',(-7.50133795290569,-101.917610597042,12.));
#9782=CARTESIAN_POINT('',(-7.50133795290569,-101.917610597042,0.));
#9783=CARTESIAN_POINT('',(0.896115038324846,-51.7364102593817,-1.11022302462516E-15));
#9784=CARTESIAN_POINT('',(-7.50133795290569,-101.917610597042,12.));
#9785=CARTESIAN_POINT('',(0.896115038324846,-51.7364102593817,12.));
#9786=CARTESIAN_POINT('',(-7.50133795290569,-101.917610597042,12.));
#9787=CARTESIAN_POINT('Origin',(-9.86842339656435,-101.521496342722,12.));
#9788=CARTESIAN_POINT('',(-9.6362251989934,-99.1327552522935,0.));
#9789=CARTESIAN_POINT('Origin',(-9.86842339656435,-101.521496342722,0.));
#9790=CARTESIAN_POINT('',(-9.6362251989934,-99.1327552522935,12.));
#9791=CARTESIAN_POINT('Origin',(-9.86842339656435,-101.521496342722,12.));
#9792=CARTESIAN_POINT('',(-9.6362251989934,-99.1327552522935,12.));
#9793=CARTESIAN_POINT('Origin',(2.01767424231826E-10,4.87098318005768E-10,
12.));
#9794=CARTESIAN_POINT('',(-63.2809169457969,-76.9134939428446,0.));
#9795=CARTESIAN_POINT('Origin',(2.01767424231826E-10,4.87098318005768E-10,
0.));
#9796=CARTESIAN_POINT('',(-63.2809169457969,-76.9134939428446,12.));
#9797=CARTESIAN_POINT('Origin',(2.01767424231826E-10,4.87098318005768E-10,
12.));
#9798=CARTESIAN_POINT('',(-63.2809169457969,-76.9134939428446,12.));
#9799=CARTESIAN_POINT('Origin',(-64.8078710538854,-78.7693990278512,12.));
#9800=CARTESIAN_POINT('',(-66.7644554822274,-77.3737809183628,0.));
#9801=CARTESIAN_POINT('Origin',(-64.8078710538854,-78.7693990278512,0.));
#9802=CARTESIAN_POINT('',(-66.7644554822274,-77.3737809183628,12.));
#9803=CARTESIAN_POINT('Origin',(-64.8078710538854,-78.7693990278512,12.));
#9804=CARTESIAN_POINT('',(-66.7644554822274,-77.3737809183628,12.));
#9805=CARTESIAN_POINT('Origin',(-71.651008799935,-84.2244760080297,12.));
#9806=CARTESIAN_POINT('',(-71.651008799935,-84.2244760080297,0.));
#9807=CARTESIAN_POINT('',(-39.6611266286488,-39.3763152572404,0.));
#9808=CARTESIAN_POINT('',(-71.651008799935,-84.2244760080297,12.));
#9809=CARTESIAN_POINT('',(-39.6611266286488,-39.3763152572404,12.));
#9810=CARTESIAN_POINT('',(-71.651008799935,-84.2244760080297,12.));
#9811=CARTESIAN_POINT('Origin',(-69.6971315558223,-85.6181631016365,12.));
#9812=CARTESIAN_POINT('',(-71.2122865896489,-87.4794275169,0.));
#9813=CARTESIAN_POINT('Origin',(-69.6971315558223,-85.6181631016365,0.));
#9814=CARTESIAN_POINT('',(-71.2122865896489,-87.4794275169,12.));
#9815=CARTESIAN_POINT('Origin',(-69.6971315558223,-85.6181631016365,12.));
#9816=CARTESIAN_POINT('',(-71.2122865896489,-87.4794275169,12.));
#9817=CARTESIAN_POINT('Origin',(2.01767424231826E-10,4.87098318005768E-10,
12.));
#9818=CARTESIAN_POINT('',(-69.6678685487923,-88.7143060155519,0.));
#9819=CARTESIAN_POINT('Origin',(2.01767424231826E-10,4.87098318005768E-10,
0.));
#9820=CARTESIAN_POINT('',(-69.6678685487923,-88.7143060155519,12.));
#9821=CARTESIAN_POINT('Origin',(2.01767424231826E-10,4.87098318005768E-10,
12.));
#9822=CARTESIAN_POINT('',(-69.6678685487923,-88.7143060155519,12.));
#9823=CARTESIAN_POINT('Origin',(-69.8532626346815,-88.9840560843423,12.));
#9824=CARTESIAN_POINT('',(-69.8532626346815,-88.9840560843423,0.));
#9825=CARTESIAN_POINT('',(-37.8797963397697,-42.4623739543399,0.));
#9826=CARTESIAN_POINT('',(-69.8532626346815,-88.9840560843423,12.));
#9827=CARTESIAN_POINT('',(-37.8797963397697,-42.4623739543399,12.));
#9828=CARTESIAN_POINT('',(-69.8532626346815,-88.9840560843423,12.));
#9829=CARTESIAN_POINT('Origin',(-67.875359782112,-90.343431053169,12.));
#9830=CARTESIAN_POINT('',(-69.3169603438602,-92.2622295888219,0.));
#9831=CARTESIAN_POINT('Origin',(-67.875359782112,-90.343431053169,0.));
#9832=CARTESIAN_POINT('',(-69.3169603438602,-92.2622295888219,12.));
#9833=CARTESIAN_POINT('Origin',(-67.875359782112,-90.343431053169,12.));
#9834=CARTESIAN_POINT('',(-69.3169603438602,-92.2622295888219,12.));
#9835=CARTESIAN_POINT('Origin',(2.01767424231826E-10,4.87098318005768E-10,
12.));
#9836=CARTESIAN_POINT('',(-16.2247554792635,-114.253740900029,0.));
#9837=CARTESIAN_POINT('Origin',(2.01767424231826E-10,4.87098318005768E-10,
0.));
#9838=CARTESIAN_POINT('',(-16.2247554792635,-114.253740900029,12.));
#9839=CARTESIAN_POINT('Origin',(2.01767424231826E-10,4.87098318005768E-10,
12.));
#9840=CARTESIAN_POINT('',(-16.2247554792635,-114.253740900029,12.));
#9841=CARTESIAN_POINT('Origin',(-15.887325555947,-111.877579910763,12.));
#9842=CARTESIAN_POINT('Origin',(-15.887325555947,-111.877579910763,0.));
#9843=CARTESIAN_POINT('Origin',(-15.887325555947,-111.877579910763,12.));
#9844=CARTESIAN_POINT('Origin',(-88.7143060156585,-69.6678685489153,12.));
#9845=CARTESIAN_POINT('',(-88.9840560844489,-69.8532626348045,0.));
#9846=CARTESIAN_POINT('',(-88.7143060156585,-69.6678685489153,0.));
#9847=CARTESIAN_POINT('',(-42.3274989199864,-37.7870992969035,0.));
#9848=CARTESIAN_POINT('',(-88.9840560844489,-69.8532626348045,12.));
#9849=CARTESIAN_POINT('',(-88.9840560844489,-69.8532626348045,12.));
#9850=CARTESIAN_POINT('',(-88.7143060156585,-69.6678685489153,12.));
#9851=CARTESIAN_POINT('',(-42.3274989199864,-37.7870992969035,12.));
#9852=CARTESIAN_POINT('',(-88.7143060156585,-69.6678685489153,12.));
#9853=CARTESIAN_POINT('Origin',(4.87101637663307E-10,2.01759409869573E-10,
12.));
#9854=CARTESIAN_POINT('',(-87.4794275169,-71.2122865896489,0.));
#9855=CARTESIAN_POINT('Origin',(4.87101637663307E-10,2.01759409869573E-10,
0.));
#9856=CARTESIAN_POINT('',(-87.4794275169,-71.2122865896489,12.));
#9857=CARTESIAN_POINT('Origin',(4.87101637663307E-10,2.01759409869573E-10,
12.));
#9858=CARTESIAN_POINT('',(-87.4794275169,-71.2122865896489,12.));
#9859=CARTESIAN_POINT('Origin',(-85.6181631016364,-69.6971315558223,12.));
#9860=CARTESIAN_POINT('',(-84.2244760082568,-71.6510088001472,0.));
#9861=CARTESIAN_POINT('Origin',(-85.6181631016364,-69.6971315558223,0.));
#9862=CARTESIAN_POINT('',(-84.2244760082568,-71.6510088001472,12.));
#9863=CARTESIAN_POINT('Origin',(-85.6181631016364,-69.6971315558223,12.));
#9864=CARTESIAN_POINT('',(-84.2244760082568,-71.6510088001472,12.));
#9865=CARTESIAN_POINT('Origin',(-77.3708805099703,-66.762386641027,12.));
#9866=CARTESIAN_POINT('',(-77.3708805099703,-66.762386641027,0.));
#9867=CARTESIAN_POINT('',(-35.9495175083353,-37.2168155489808,0.));
#9868=CARTESIAN_POINT('',(-77.3708805099703,-66.762386641027,12.));
#9869=CARTESIAN_POINT('',(-35.9495175083353,-37.2168155489808,12.));
#9870=CARTESIAN_POINT('',(-77.3708805099703,-66.762386641027,12.));
#9871=CARTESIAN_POINT('Origin',(-78.7645676034746,-64.8085093968134,12.));
#9872=CARTESIAN_POINT('',(-76.911283659852,-63.2836032933542,0.));
#9873=CARTESIAN_POINT('Origin',(-78.7645676034746,-64.8085093968134,0.));
#9874=CARTESIAN_POINT('',(-76.911283659852,-63.2836032933542,12.));
#9875=CARTESIAN_POINT('Origin',(-78.7645676034746,-64.8085093968134,12.));
#9876=CARTESIAN_POINT('',(-76.911283659852,-63.2836032933542,12.));
#9877=CARTESIAN_POINT('Origin',(4.87101637663307E-10,2.01759409869573E-10,
12.));
#9878=CARTESIAN_POINT('',(-99.1324186238116,-9.63968763966015,0.));
#9879=CARTESIAN_POINT('Origin',(4.87101637663307E-10,2.01759409869573E-10,
0.));
#9880=CARTESIAN_POINT('',(-99.1324186238116,-9.63968763966015,12.));
#9881=CARTESIAN_POINT('Origin',(4.87101637663307E-10,2.01759409869573E-10,
12.));
#9882=CARTESIAN_POINT('',(-99.1324186238116,-9.63968763966015,12.));
#9883=CARTESIAN_POINT('Origin',(-101.524461299048,-9.87229110611691,12.));
#9884=CARTESIAN_POINT('',(-101.921124387127,-7.50192595970629,0.));
#9885=CARTESIAN_POINT('Origin',(-101.524461299048,-9.87229110611691,0.));
#9886=CARTESIAN_POINT('',(-101.921124387127,-7.50192595970629,12.));
#9887=CARTESIAN_POINT('Origin',(-101.524461299048,-9.87229110611691,12.));
#9888=CARTESIAN_POINT('',(-101.921124387127,-7.50192595970629,12.));
#9889=CARTESIAN_POINT('Origin',(-110.220612328452,-8.89078392587049,12.));
#9890=CARTESIAN_POINT('',(-110.220612328452,-8.89078392587049,0.));
#9891=CARTESIAN_POINT('',(-55.8879111251499,0.201392052081882,0.));
#9892=CARTESIAN_POINT('',(-110.220612328452,-8.89078392587049,12.));
#9893=CARTESIAN_POINT('',(-55.8879111251499,0.201392052081882,12.));
#9894=CARTESIAN_POINT('',(-110.220612328452,-8.89078392587049,12.));
#9895=CARTESIAN_POINT('Origin',(-109.824498074276,-11.2578693695302,12.));
#9896=CARTESIAN_POINT('',(-112.211987162858,-11.5026056601765,0.));
#9897=CARTESIAN_POINT('Origin',(-109.824498074276,-11.2578693695302,0.));
#9898=CARTESIAN_POINT('',(-112.211987162858,-11.5026056601765,12.));
#9899=CARTESIAN_POINT('Origin',(-109.824498074276,-11.2578693695302,12.));
#9900=CARTESIAN_POINT('',(-112.211987162858,-11.5026056601765,12.));
#9901=CARTESIAN_POINT('Origin',(4.87101637663307E-10,2.01759409869573E-10,
12.));
#9902=CARTESIAN_POINT('',(-111.993109653519,-13.4678650901913,0.));
#9903=CARTESIAN_POINT('Origin',(4.87101637663307E-10,2.01759409869573E-10,
0.));
#9904=CARTESIAN_POINT('',(-111.993109653519,-13.4678650901913,12.));
#9905=CARTESIAN_POINT('Origin',(4.87101637663307E-10,2.01759409869573E-10,
12.));
#9906=CARTESIAN_POINT('',(-111.993109653519,-13.4678650901913,12.));
#9907=CARTESIAN_POINT('Origin',(-112.314945171711,-13.5275137777343,12.));
#9908=CARTESIAN_POINT('',(-112.314945171711,-13.5275137777343,0.));
#9909=CARTESIAN_POINT('',(-56.8104934302093,-3.24037170657626,0.));
#9910=CARTESIAN_POINT('',(-112.314945171711,-13.5275137777343,12.));
#9911=CARTESIAN_POINT('',(-56.8104934302093,-3.24037170657626,12.));
#9912=CARTESIAN_POINT('',(-112.314945171711,-13.5275137777343,12.));
#9913=CARTESIAN_POINT('Origin',(-111.877579910763,-15.8873255559471,12.));
#9914=CARTESIAN_POINT('',(-114.253740900029,-16.2247554792635,0.));
#9915=CARTESIAN_POINT('Origin',(-111.877579910763,-15.8873255559471,0.));
#9916=CARTESIAN_POINT('',(-114.253740900029,-16.2247554792635,12.));
#9917=CARTESIAN_POINT('Origin',(-111.877579910763,-15.8873255559471,12.));
#9918=CARTESIAN_POINT('',(-114.253740900029,-16.2247554792635,12.));
#9919=CARTESIAN_POINT('Origin',(4.87101637663307E-10,2.01759409869573E-10,
12.));
#9920=CARTESIAN_POINT('',(-92.2622295888218,-69.3169603438603,0.));
#9921=CARTESIAN_POINT('Origin',(4.87101637663307E-10,2.01759409869573E-10,
0.));
#9922=CARTESIAN_POINT('',(-92.2622295888218,-69.3169603438603,12.));
#9923=CARTESIAN_POINT('Origin',(4.87101637663307E-10,2.01759409869573E-10,
12.));
#9924=CARTESIAN_POINT('',(-92.2622295888218,-69.3169603438603,12.));
#9925=CARTESIAN_POINT('Origin',(-90.343431053169,-67.8753597821121,12.));
#9926=CARTESIAN_POINT('Origin',(-90.343431053169,-67.8753597821121,0.));
#9927=CARTESIAN_POINT('Origin',(-90.343431053169,-67.8753597821121,12.));
#9928=CARTESIAN_POINT('Origin',(-111.993109653682,13.4678650901797,12.));
#9929=CARTESIAN_POINT('',(-112.314945171873,13.5275137777228,0.));
#9930=CARTESIAN_POINT('',(-111.993109653682,13.4678650901797,0.));
#9931=CARTESIAN_POINT('',(-56.6495756711985,3.21054736277879,-1.11022302462516E-15));
#9932=CARTESIAN_POINT('',(-112.314945171873,13.5275137777228,12.));
#9933=CARTESIAN_POINT('',(-112.314945171873,13.5275137777228,12.));
#9934=CARTESIAN_POINT('',(-111.993109653682,13.4678650901797,12.));
#9935=CARTESIAN_POINT('',(-56.6495756711985,3.21054736277879,12.));
#9936=CARTESIAN_POINT('',(-111.993109653682,13.4678650901797,12.));
#9937=CARTESIAN_POINT('Origin',(4.87098318005768E-10,-2.01767424231826E-10,
12.));
#9938=CARTESIAN_POINT('',(-112.211987162858,11.5026056601764,0.));
#9939=CARTESIAN_POINT('Origin',(4.87098318005768E-10,-2.01767424231826E-10,
0.));
#9940=CARTESIAN_POINT('',(-112.211987162858,11.5026056601764,12.));
#9941=CARTESIAN_POINT('Origin',(4.87098318005768E-10,-2.01767424231826E-10,
12.));
#9942=CARTESIAN_POINT('',(-112.211987162858,11.5026056601764,12.));
#9943=CARTESIAN_POINT('Origin',(-109.824498074276,11.2578693695301,12.));
#9944=CARTESIAN_POINT('',(-110.220612328763,8.890783925881,0.));
#9945=CARTESIAN_POINT('Origin',(-109.824498074276,11.2578693695301,0.));
#9946=CARTESIAN_POINT('',(-110.220612328763,8.890783925881,12.));
#9947=CARTESIAN_POINT('Origin',(-109.824498074276,11.2578693695301,12.));
#9948=CARTESIAN_POINT('',(-110.220612328763,8.890783925881,12.));
#9949=CARTESIAN_POINT('Origin',(-101.917610597042,7.50133795290568,12.));
#9950=CARTESIAN_POINT('',(-101.917610597042,7.50133795290568,0.));
#9951=CARTESIAN_POINT('',(-51.7364102593817,-0.896115038324859,0.));
#9952=CARTESIAN_POINT('',(-101.917610597042,7.50133795290568,12.));
#9953=CARTESIAN_POINT('',(-51.7364102593817,-0.896115038324859,12.));
#9954=CARTESIAN_POINT('',(-101.917610597042,7.50133795290568,12.));
#9955=CARTESIAN_POINT('Origin',(-101.521496342722,9.86842339656433,12.));
#9956=CARTESIAN_POINT('',(-99.1327552522935,9.63622519899338,0.));
#9957=CARTESIAN_POINT('Origin',(-101.521496342722,9.86842339656433,0.));
#9958=CARTESIAN_POINT('',(-99.1327552522935,9.63622519899338,12.));
#9959=CARTESIAN_POINT('Origin',(-101.521496342722,9.86842339656433,12.));
#9960=CARTESIAN_POINT('',(-99.1327552522935,9.63622519899338,12.));
#9961=CARTESIAN_POINT('Origin',(4.87098318005768E-10,-2.01767424231826E-10,
12.));
#9962=CARTESIAN_POINT('',(-76.9134939428446,63.2809169457969,0.));
#9963=CARTESIAN_POINT('Origin',(4.87098318005768E-10,-2.01767424231826E-10,
0.));
#9964=CARTESIAN_POINT('',(-76.9134939428446,63.2809169457969,12.));
#9965=CARTESIAN_POINT('Origin',(4.87098318005768E-10,-2.01767424231826E-10,
12.));
#9966=CARTESIAN_POINT('',(-76.9134939428446,63.2809169457969,12.));
#9967=CARTESIAN_POINT('Origin',(-78.7693990278512,64.8078710538854,12.));
#9968=CARTESIAN_POINT('',(-77.3737809183628,66.7644554822274,0.));
#9969=CARTESIAN_POINT('Origin',(-78.7693990278512,64.8078710538854,0.));
#9970=CARTESIAN_POINT('',(-77.3737809183628,66.7644554822274,12.));
#9971=CARTESIAN_POINT('Origin',(-78.7693990278512,64.8078710538854,12.));
#9972=CARTESIAN_POINT('',(-77.3737809183628,66.7644554822274,12.));
#9973=CARTESIAN_POINT('Origin',(-84.2244760080297,71.651008799935,12.));
#9974=CARTESIAN_POINT('',(-84.2244760080297,71.651008799935,0.));
#9975=CARTESIAN_POINT('',(-39.3763152572404,39.6611266286488,0.));
#9976=CARTESIAN_POINT('',(-84.2244760080297,71.651008799935,12.));
#9977=CARTESIAN_POINT('',(-39.3763152572404,39.6611266286488,12.));
#9978=CARTESIAN_POINT('',(-84.2244760080297,71.651008799935,12.));
#9979=CARTESIAN_POINT('Origin',(-85.6181631016365,69.6971315558223,12.));
#9980=CARTESIAN_POINT('',(-87.4794275169,71.2122865896489,0.));
#9981=CARTESIAN_POINT('Origin',(-85.6181631016365,69.6971315558223,0.));
#9982=CARTESIAN_POINT('',(-87.4794275169,71.2122865896489,12.));
#9983=CARTESIAN_POINT('Origin',(-85.6181631016365,69.6971315558223,12.));
#9984=CARTESIAN_POINT('',(-87.4794275169,71.2122865896489,12.));
#9985=CARTESIAN_POINT('Origin',(4.87098318005768E-10,-2.01767424231826E-10,
12.));
#9986=CARTESIAN_POINT('',(-88.714306015552,69.6678685487923,0.));
#9987=CARTESIAN_POINT('Origin',(4.87098318005768E-10,-2.01767424231826E-10,
0.));
#9988=CARTESIAN_POINT('',(-88.714306015552,69.6678685487923,12.));
#9989=CARTESIAN_POINT('Origin',(4.87098318005768E-10,-2.01767424231826E-10,
12.));
#9990=CARTESIAN_POINT('',(-88.714306015552,69.6678685487923,12.));
#9991=CARTESIAN_POINT('Origin',(-88.9840560843423,69.8532626346815,12.));
#9992=CARTESIAN_POINT('',(-88.9840560843423,69.8532626346815,0.));
#9993=CARTESIAN_POINT('',(-42.4623739543399,37.8797963397697,-1.11022302462516E-15));
#9994=CARTESIAN_POINT('',(-88.9840560843423,69.8532626346815,12.));
#9995=CARTESIAN_POINT('',(-42.4623739543399,37.8797963397697,12.));
#9996=CARTESIAN_POINT('',(-88.9840560843423,69.8532626346815,12.));
#9997=CARTESIAN_POINT('Origin',(-90.3434310531691,67.875359782112,12.));
#9998=CARTESIAN_POINT('',(-92.2622295888219,69.3169603438602,0.));
#9999=CARTESIAN_POINT('Origin',(-90.3434310531691,67.875359782112,0.));
#10000=CARTESIAN_POINT('',(-92.2622295888219,69.3169603438602,12.));
#10001=CARTESIAN_POINT('Origin',(-90.3434310531691,67.875359782112,12.));
#10002=CARTESIAN_POINT('',(-92.2622295888219,69.3169603438602,12.));
#10003=CARTESIAN_POINT('Origin',(4.87098318005768E-10,-2.01767424231826E-10,
12.));
#10004=CARTESIAN_POINT('',(-114.253740900029,16.2247554792634,0.));
#10005=CARTESIAN_POINT('Origin',(4.87098318005768E-10,-2.01767424231826E-10,
0.));
#10006=CARTESIAN_POINT('',(-114.253740900029,16.2247554792634,12.));
#10007=CARTESIAN_POINT('Origin',(4.87098318005768E-10,-2.01767424231826E-10,
12.));
#10008=CARTESIAN_POINT('',(-114.253740900029,16.2247554792634,12.));
#10009=CARTESIAN_POINT('Origin',(-111.877579910763,15.887325555947,12.));
#10010=CARTESIAN_POINT('Origin',(-111.877579910763,15.887325555947,0.));
#10011=CARTESIAN_POINT('Origin',(-111.877579910763,15.887325555947,12.));
#10012=CARTESIAN_POINT('Origin',(-69.6678685489153,88.7143060156585,12.));
#10013=CARTESIAN_POINT('',(-69.8532626348045,88.9840560844489,0.));
#10014=CARTESIAN_POINT('',(-69.6678685489153,88.7143060156585,0.));
#10015=CARTESIAN_POINT('',(-37.7870992969035,42.3274989199864,0.));
#10016=CARTESIAN_POINT('',(-69.8532626348045,88.9840560844489,12.));
#10017=CARTESIAN_POINT('',(-69.8532626348045,88.9840560844489,12.));
#10018=CARTESIAN_POINT('',(-69.6678685489153,88.7143060156585,12.));
#10019=CARTESIAN_POINT('',(-37.7870992969035,42.3274989199864,12.));
#10020=CARTESIAN_POINT('',(-69.6678685489153,88.7143060156585,12.));
#10021=CARTESIAN_POINT('Origin',(2.01759409869573E-10,-4.87101637663307E-10,
12.));
#10022=CARTESIAN_POINT('',(-71.2122865896489,87.4794275169,0.));
#10023=CARTESIAN_POINT('Origin',(2.01759409869573E-10,-4.87101637663307E-10,
0.));
#10024=CARTESIAN_POINT('',(-71.2122865896489,87.4794275169,12.));
#10025=CARTESIAN_POINT('Origin',(2.01759409869573E-10,-4.87101637663307E-10,
12.));
#10026=CARTESIAN_POINT('',(-71.2122865896489,87.4794275169,12.));
#10027=CARTESIAN_POINT('Origin',(-69.6971315558224,85.6181631016364,12.));
#10028=CARTESIAN_POINT('',(-71.6510088001472,84.2244760082568,0.));
#10029=CARTESIAN_POINT('Origin',(-69.6971315558224,85.6181631016364,0.));
#10030=CARTESIAN_POINT('',(-71.6510088001472,84.2244760082568,12.));
#10031=CARTESIAN_POINT('Origin',(-69.6971315558224,85.6181631016364,12.));
#10032=CARTESIAN_POINT('',(-71.6510088001472,84.2244760082568,12.));
#10033=CARTESIAN_POINT('Origin',(-66.762386641027,77.3708805099703,12.));
#10034=CARTESIAN_POINT('',(-66.762386641027,77.3708805099703,0.));
#10035=CARTESIAN_POINT('',(-37.2168155489808,35.9495175083353,0.));
#10036=CARTESIAN_POINT('',(-66.762386641027,77.3708805099703,12.));
#10037=CARTESIAN_POINT('',(-37.2168155489808,35.9495175083353,12.));
#10038=CARTESIAN_POINT('',(-66.762386641027,77.3708805099703,12.));
#10039=CARTESIAN_POINT('Origin',(-64.8085093968134,78.7645676034746,12.));
#10040=CARTESIAN_POINT('',(-63.2836032933542,76.911283659852,0.));
#10041=CARTESIAN_POINT('Origin',(-64.8085093968134,78.7645676034746,0.));
#10042=CARTESIAN_POINT('',(-63.2836032933542,76.911283659852,12.));
#10043=CARTESIAN_POINT('Origin',(-64.8085093968134,78.7645676034746,12.));
#10044=CARTESIAN_POINT('',(-63.2836032933542,76.911283659852,12.));
#10045=CARTESIAN_POINT('Origin',(2.01759409869573E-10,-4.87101637663307E-10,
12.));
#10046=CARTESIAN_POINT('',(-9.63968763966016,99.1324186238116,0.));
#10047=CARTESIAN_POINT('Origin',(2.01759409869573E-10,-4.87101637663307E-10,
0.));
#10048=CARTESIAN_POINT('',(-9.63968763966016,99.1324186238116,12.));
#10049=CARTESIAN_POINT('Origin',(2.01759409869573E-10,-4.87101637663307E-10,
12.));
#10050=CARTESIAN_POINT('',(-9.63968763966016,99.1324186238116,12.));
#10051=CARTESIAN_POINT('Origin',(-9.87229110611691,101.524461299048,12.));
#10052=CARTESIAN_POINT('',(-7.5019259597063,101.921124387127,0.));
#10053=CARTESIAN_POINT('Origin',(-9.87229110611691,101.524461299048,0.));
#10054=CARTESIAN_POINT('',(-7.5019259597063,101.921124387127,12.));
#10055=CARTESIAN_POINT('Origin',(-9.87229110611691,101.524461299048,12.));
#10056=CARTESIAN_POINT('',(-7.5019259597063,101.921124387127,12.));
#10057=CARTESIAN_POINT('Origin',(-8.89078392587049,110.220612328452,12.));
#10058=CARTESIAN_POINT('',(-8.89078392587049,110.220612328452,0.));
#10059=CARTESIAN_POINT('',(0.201392052081885,55.8879111251499,1.11022302462516E-15));
#10060=CARTESIAN_POINT('',(-8.89078392587049,110.220612328452,12.));
#10061=CARTESIAN_POINT('',(0.201392052081885,55.8879111251499,12.));
#10062=CARTESIAN_POINT('',(-8.89078392587049,110.220612328452,12.));
#10063=CARTESIAN_POINT('Origin',(-11.2578693695302,109.824498074276,12.));
#10064=CARTESIAN_POINT('',(-11.5026056601765,112.211987162858,0.));
#10065=CARTESIAN_POINT('Origin',(-11.2578693695302,109.824498074276,0.));
#10066=CARTESIAN_POINT('',(-11.5026056601765,112.211987162858,12.));
#10067=CARTESIAN_POINT('Origin',(-11.2578693695302,109.824498074276,12.));
#10068=CARTESIAN_POINT('',(-11.5026056601765,112.211987162858,12.));
#10069=CARTESIAN_POINT('Origin',(2.01759409869573E-10,-4.87101637663307E-10,
12.));
#10070=CARTESIAN_POINT('',(-13.4678650901913,111.993109653519,0.));
#10071=CARTESIAN_POINT('Origin',(2.01759409869573E-10,-4.87101637663307E-10,
0.));
#10072=CARTESIAN_POINT('',(-13.4678650901913,111.993109653519,12.));
#10073=CARTESIAN_POINT('Origin',(2.01759409869573E-10,-4.87101637663307E-10,
12.));
#10074=CARTESIAN_POINT('',(-13.4678650901913,111.993109653519,12.));
#10075=CARTESIAN_POINT('Origin',(-13.5275137777343,112.314945171711,12.));
#10076=CARTESIAN_POINT('',(-13.5275137777343,112.314945171711,0.));
#10077=CARTESIAN_POINT('',(-3.24037170657625,56.8104934302093,0.));
#10078=CARTESIAN_POINT('',(-13.5275137777343,112.314945171711,12.));
#10079=CARTESIAN_POINT('',(-3.24037170657625,56.8104934302093,12.));
#10080=CARTESIAN_POINT('',(-13.5275137777343,112.314945171711,12.));
#10081=CARTESIAN_POINT('Origin',(-15.8873255559471,111.877579910763,12.));
#10082=CARTESIAN_POINT('',(-16.2247554792635,114.253740900029,0.));
#10083=CARTESIAN_POINT('Origin',(-15.8873255559471,111.877579910763,0.));
#10084=CARTESIAN_POINT('',(-16.2247554792635,114.253740900029,12.));
#10085=CARTESIAN_POINT('Origin',(-15.8873255559471,111.877579910763,12.));
#10086=CARTESIAN_POINT('',(-16.2247554792635,114.253740900029,12.));
#10087=CARTESIAN_POINT('Origin',(2.01759409869573E-10,-4.87101637663307E-10,
12.));
#10088=CARTESIAN_POINT('',(-69.3169603438603,92.2622295888218,0.));
#10089=CARTESIAN_POINT('Origin',(2.01759409869573E-10,-4.87101637663307E-10,
0.));
#10090=CARTESIAN_POINT('',(-69.3169603438603,92.2622295888218,12.));
#10091=CARTESIAN_POINT('Origin',(2.01759409869573E-10,-4.87101637663307E-10,
12.));
#10092=CARTESIAN_POINT('',(-69.3169603438603,92.2622295888218,12.));
#10093=CARTESIAN_POINT('Origin',(-67.8753597821121,90.343431053169,12.));
#10094=CARTESIAN_POINT('Origin',(-67.8753597821121,90.343431053169,0.));
#10095=CARTESIAN_POINT('Origin',(-67.8753597821121,90.343431053169,12.));
#10096=CARTESIAN_POINT('Origin',(13.4678650901797,111.993109653682,12.));
#10097=CARTESIAN_POINT('',(13.5275137777227,112.314945171873,0.));
#10098=CARTESIAN_POINT('',(13.4678650901797,111.993109653682,0.));
#10099=CARTESIAN_POINT('',(3.2105473627788,56.6495756711985,-1.11022302462516E-15));
#10100=CARTESIAN_POINT('',(13.5275137777227,112.314945171873,12.));
#10101=CARTESIAN_POINT('',(13.5275137777227,112.314945171873,12.));
#10102=CARTESIAN_POINT('',(13.4678650901797,111.993109653682,12.));
#10103=CARTESIAN_POINT('',(3.2105473627788,56.6495756711985,12.));
#10104=CARTESIAN_POINT('',(13.4678650901797,111.993109653682,12.));
#10105=CARTESIAN_POINT('Origin',(-2.01767424231826E-10,-4.87098318005768E-10,
12.));
#10106=CARTESIAN_POINT('',(11.5026056601764,112.211987162858,0.));
#10107=CARTESIAN_POINT('Origin',(-2.01767424231826E-10,-4.87098318005768E-10,
0.));
#10108=CARTESIAN_POINT('',(11.5026056601764,112.211987162858,12.));
#10109=CARTESIAN_POINT('Origin',(-2.01767424231826E-10,-4.87098318005768E-10,
12.));
#10110=CARTESIAN_POINT('',(11.5026056601764,112.211987162858,12.));
#10111=CARTESIAN_POINT('Origin',(11.2578693695301,109.824498074276,12.));
#10112=CARTESIAN_POINT('',(8.890783925881,110.220612328763,0.));
#10113=CARTESIAN_POINT('Origin',(11.2578693695301,109.824498074276,0.));
#10114=CARTESIAN_POINT('',(8.890783925881,110.220612328763,12.));
#10115=CARTESIAN_POINT('Origin',(11.2578693695301,109.824498074276,12.));
#10116=CARTESIAN_POINT('',(8.890783925881,110.220612328763,12.));
#10117=CARTESIAN_POINT('Origin',(7.50133795290568,101.917610597042,12.));
#10118=CARTESIAN_POINT('',(7.50133795290568,101.917610597042,0.));
#10119=CARTESIAN_POINT('',(-0.896115038324851,51.7364102593817,0.));
#10120=CARTESIAN_POINT('',(7.50133795290568,101.917610597042,12.));
#10121=CARTESIAN_POINT('',(-0.896115038324851,51.7364102593817,12.));
#10122=CARTESIAN_POINT('',(7.50133795290568,101.917610597042,12.));
#10123=CARTESIAN_POINT('Origin',(9.86842339656433,101.521496342722,12.));
#10124=CARTESIAN_POINT('',(9.63622519899337,99.1327552522935,0.));
#10125=CARTESIAN_POINT('Origin',(9.86842339656433,101.521496342722,0.));
#10126=CARTESIAN_POINT('',(9.63622519899337,99.1327552522935,12.));
#10127=CARTESIAN_POINT('Origin',(9.86842339656433,101.521496342722,12.));
#10128=CARTESIAN_POINT('',(9.63622519899337,99.1327552522935,12.));
#10129=CARTESIAN_POINT('Origin',(-2.01767424231826E-10,-4.87098318005768E-10,
12.));
#10130=CARTESIAN_POINT('',(63.2809169457969,76.9134939428446,0.));
#10131=CARTESIAN_POINT('Origin',(-2.01767424231826E-10,-4.87098318005768E-10,
0.));
#10132=CARTESIAN_POINT('',(63.2809169457969,76.9134939428446,12.));
#10133=CARTESIAN_POINT('Origin',(-2.01767424231826E-10,-4.87098318005768E-10,
12.));
#10134=CARTESIAN_POINT('',(63.2809169457969,76.9134939428446,12.));
#10135=CARTESIAN_POINT('Origin',(64.8078710538854,78.7693990278512,12.));
#10136=CARTESIAN_POINT('',(66.7644554822274,77.3737809183628,0.));
#10137=CARTESIAN_POINT('Origin',(64.8078710538854,78.7693990278512,0.));
#10138=CARTESIAN_POINT('',(66.7644554822274,77.3737809183628,12.));
#10139=CARTESIAN_POINT('Origin',(64.8078710538854,78.7693990278512,12.));
#10140=CARTESIAN_POINT('',(66.7644554822274,77.3737809183628,12.));
#10141=CARTESIAN_POINT('Origin',(71.651008799935,84.2244760080297,12.));
#10142=CARTESIAN_POINT('',(71.651008799935,84.2244760080297,0.));
#10143=CARTESIAN_POINT('',(39.6611266286488,39.3763152572404,0.));
#10144=CARTESIAN_POINT('',(71.651008799935,84.2244760080297,12.));
#10145=CARTESIAN_POINT('',(39.6611266286488,39.3763152572404,12.));
#10146=CARTESIAN_POINT('',(71.651008799935,84.2244760080297,12.));
#10147=CARTESIAN_POINT('Origin',(69.6971315558223,85.6181631016365,12.));
#10148=CARTESIAN_POINT('',(71.2122865896488,87.4794275169,0.));
#10149=CARTESIAN_POINT('Origin',(69.6971315558223,85.6181631016365,0.));
#10150=CARTESIAN_POINT('',(71.2122865896488,87.4794275169,12.));
#10151=CARTESIAN_POINT('Origin',(69.6971315558223,85.6181631016365,12.));
#10152=CARTESIAN_POINT('',(71.2122865896488,87.4794275169,12.));
#10153=CARTESIAN_POINT('Origin',(-2.01767424231826E-10,-4.87098318005768E-10,
12.));
#10154=CARTESIAN_POINT('',(69.6678685487923,88.7143060155519,0.));
#10155=CARTESIAN_POINT('Origin',(-2.01767424231826E-10,-4.87098318005768E-10,
0.));
#10156=CARTESIAN_POINT('',(69.6678685487923,88.7143060155519,12.));
#10157=CARTESIAN_POINT('Origin',(-2.01767424231826E-10,-4.87098318005768E-10,
12.));
#10158=CARTESIAN_POINT('',(69.6678685487923,88.7143060155519,12.));
#10159=CARTESIAN_POINT('Origin',(69.8532626346815,88.9840560843423,12.));
#10160=CARTESIAN_POINT('',(69.8532626346815,88.9840560843423,0.));
#10161=CARTESIAN_POINT('',(37.8797963397697,42.4623739543399,0.));
#10162=CARTESIAN_POINT('',(69.8532626346815,88.9840560843423,12.));
#10163=CARTESIAN_POINT('',(37.8797963397697,42.4623739543399,12.));
#10164=CARTESIAN_POINT('',(69.8532626346815,88.9840560843423,12.));
#10165=CARTESIAN_POINT('Origin',(67.875359782112,90.343431053169,12.));
#10166=CARTESIAN_POINT('',(69.3169603438602,92.2622295888219,0.));
#10167=CARTESIAN_POINT('Origin',(67.875359782112,90.343431053169,0.));
#10168=CARTESIAN_POINT('',(69.3169603438602,92.2622295888219,12.));
#10169=CARTESIAN_POINT('Origin',(67.875359782112,90.343431053169,12.));
#10170=CARTESIAN_POINT('',(69.3169603438602,92.2622295888219,12.));
#10171=CARTESIAN_POINT('Origin',(-2.01767424231826E-10,-4.87098318005768E-10,
12.));
#10172=CARTESIAN_POINT('',(16.2247554792634,114.253740900029,0.));
#10173=CARTESIAN_POINT('Origin',(-2.01767424231826E-10,-4.87098318005768E-10,
0.));
#10174=CARTESIAN_POINT('',(16.2247554792634,114.253740900029,12.));
#10175=CARTESIAN_POINT('Origin',(-2.01767424231826E-10,-4.87098318005768E-10,
12.));
#10176=CARTESIAN_POINT('',(16.2247554792634,114.253740900029,12.));
#10177=CARTESIAN_POINT('Origin',(15.887325555947,111.877579910763,12.));
#10178=CARTESIAN_POINT('Origin',(15.887325555947,111.877579910763,0.));
#10179=CARTESIAN_POINT('Origin',(15.887325555947,111.877579910763,12.));
#10180=CARTESIAN_POINT('Origin',(118.,-118.,12.));
#10181=CARTESIAN_POINT('',(118.,-120.,0.));
#10182=CARTESIAN_POINT('',(120.,-118.,0.));
#10183=CARTESIAN_POINT('Origin',(118.,-118.,0.));
#10184=CARTESIAN_POINT('',(120.,-118.,12.));
#10185=CARTESIAN_POINT('',(120.,-118.,12.));
#10186=CARTESIAN_POINT('',(118.,-120.,12.));
#10187=CARTESIAN_POINT('Origin',(118.,-118.,12.));
#10188=CARTESIAN_POINT('',(118.,-120.,12.));
#10189=CARTESIAN_POINT('Origin',(0.,0.,0.));
#10190=CARTESIAN_POINT('',(87.,-120.,0.));
#10191=CARTESIAN_POINT('',(-120.,-120.,0.));
#10192=CARTESIAN_POINT('',(85.,-118.,0.));
#10193=CARTESIAN_POINT('Origin',(87.,-118.,0.));
#10194=CARTESIAN_POINT('',(85.,-116.,0.));
#10195=CARTESIAN_POINT('',(85.,-114.,0.));
#10196=CARTESIAN_POINT('',(83.,-114.,0.));
#10197=CARTESIAN_POINT('Origin',(83.,-116.,0.));
#10198=CARTESIAN_POINT('',(37.,-114.,0.));
#10199=CARTESIAN_POINT('',(17.5,-114.,0.));
#10200=CARTESIAN_POINT('',(35.,-116.,0.));
#10201=CARTESIAN_POINT('Origin',(37.,-116.,0.));
#10202=CARTESIAN_POINT('',(35.,-118.,0.));
#10203=CARTESIAN_POINT('',(35.,-57.391201416245,0.));
#10204=CARTESIAN_POINT('',(33.,-120.,0.));
#10205=CARTESIAN_POINT('Origin',(33.,-118.,0.));
#10206=CARTESIAN_POINT('',(-33.,-120.,0.));
#10207=CARTESIAN_POINT('',(-120.,-120.,0.));
#10208=CARTESIAN_POINT('',(-35.,-118.,0.));
#10209=CARTESIAN_POINT('Origin',(-33.,-118.,0.));
#10210=CARTESIAN_POINT('',(-35.,-116.,0.));
#10211=CARTESIAN_POINT('',(-35.,-57.,0.));
#10212=CARTESIAN_POINT('',(-37.,-114.,0.));
#10213=CARTESIAN_POINT('Origin',(-37.,-116.,0.));
#10214=CARTESIAN_POINT('',(-83.,-114.,0.));
#10215=CARTESIAN_POINT('',(-18.7349939951952,-114.,0.));
#10216=CARTESIAN_POINT('',(-85.,-116.,0.));
#10217=CARTESIAN_POINT('Origin',(-83.,-116.,0.));
#10218=CARTESIAN_POINT('',(-85.,-118.,0.));
#10219=CARTESIAN_POINT('',(-85.,-126.,0.));
#10220=CARTESIAN_POINT('',(-87.,-120.,0.));
#10221=CARTESIAN_POINT('Origin',(-87.,-118.,0.));
#10222=CARTESIAN_POINT('',(-118.,-120.,0.));
#10223=CARTESIAN_POINT('',(-120.,-120.,0.));
#10224=CARTESIAN_POINT('',(-120.,-118.,0.));
#10225=CARTESIAN_POINT('Origin',(-118.,-118.,0.));
#10226=CARTESIAN_POINT('',(-120.,0.,0.));
#10227=CARTESIAN_POINT('',(-120.,0.,0.));
#10228=CARTESIAN_POINT('',(120.,0.,0.));
#10229=CARTESIAN_POINT('Origin',(0.,0.,0.));
#10230=CARTESIAN_POINT('',(120.,-120.,0.));
#10231=CARTESIAN_POINT('',(60.,7.34788079488412E-15,0.));
#10232=CARTESIAN_POINT('Origin',(0.,0.,0.));
#10233=CARTESIAN_POINT('',(-24.5611186270882,70.0359139092144,0.));
#10234=CARTESIAN_POINT('Origin',(-26.0581401243207,68.7096685937377,0.));
#10235=CARTESIAN_POINT('',(-55.2453856897574,-50.714986289034,0.));
#10236=CARTESIAN_POINT('Origin',(-55.0043123293534,-48.7295685408248,0.));
#10237=CARTESIAN_POINT('',(63.9316065521057,-32.5042145655439,0.));
#10238=CARTESIAN_POINT('Origin',(65.0677360451261,-34.1501822976363,0.));
#10239=CARTESIAN_POINT('',(10.7995215838002,72.4705802860846,0.));
#10240=CARTESIAN_POINT('Origin',(8.85763794856242,72.9492116130955,0.));
#10241=CARTESIAN_POINT('',(71.4849999999998,-4.82343195992519E-14,0.));
#10242=CARTESIAN_POINT('Origin',(73.485,-4.76008121808036E-14,0.));
#10243=CARTESIAN_POINT('',(-24.5611186270883,-70.0359139092144,0.));
#10244=CARTESIAN_POINT('Origin',(-26.0581401243208,-68.7096685937377,0.));
#10245=CARTESIAN_POINT('',(-55.2453856890645,50.7149862891196,0.));
#10246=CARTESIAN_POINT('Origin',(-55.0043123293534,48.7295685408249,0.));
#10247=CARTESIAN_POINT('',(-73.1205715048974,-18.5155579341874,0.));
#10248=CARTESIAN_POINT('Origin',(-71.3496594535535,-17.5861115901712,0.));
#10249=CARTESIAN_POINT('',(42.4534476886283,-58.6069369002053,0.));
#10250=CARTESIAN_POINT('Origin',(41.744237913539,-60.4769693851954,0.));
#10251=CARTESIAN_POINT('',(42.4534476886284,58.606936900205,0.));
#10252=CARTESIAN_POINT('Origin',(41.744237913539,60.4769693851953,0.));
#10253=CARTESIAN_POINT('',(63.9316036787773,32.504216548863,0.));
#10254=CARTESIAN_POINT('Origin',(65.0677360451262,34.1501822976363,0.));
#10255=CARTESIAN_POINT('',(10.7995215838001,-72.4705802860846,0.));
#10256=CARTESIAN_POINT('Origin',(8.8576379485624,-72.9492116130955,0.));
#10257=CARTESIAN_POINT('',(-73.1205715047351,18.5155579344965,0.));
#10258=CARTESIAN_POINT('Origin',(-71.3496594535534,17.5861115901712,0.));
#10259=CARTESIAN_POINT('',(-2.15,107.5,0.));
#10260=CARTESIAN_POINT('Origin',(0.,107.5,0.));
#10261=CARTESIAN_POINT('',(-2.15000000000001,-107.5,0.));
#10262=CARTESIAN_POINT('Origin',(-1.3164953090834E-14,-107.5,0.));
#10263=CARTESIAN_POINT('',(-78.1639789775539,76.0139789775539,0.));
#10264=CARTESIAN_POINT('Origin',(-76.0139789775539,76.0139789775539,0.));
#10265=CARTESIAN_POINT('',(73.8639789775539,-76.0139789775539,0.));
#10266=CARTESIAN_POINT('Origin',(76.0139789775538,-76.0139789775539,0.));
#10267=CARTESIAN_POINT('',(73.8639789775539,76.0139789775538,0.));
#10268=CARTESIAN_POINT('Origin',(76.0139789775539,76.0139789775538,0.));
#10269=CARTESIAN_POINT('',(-78.1639789775539,-76.0139789775538,0.));
#10270=CARTESIAN_POINT('Origin',(-76.0139789775539,-76.0139789775538,0.));
#10271=CARTESIAN_POINT('',(-109.65,6.31917748360034E-15,0.));
#10272=CARTESIAN_POINT('Origin',(-107.5,6.58247654541702E-15,0.));
#10273=CARTESIAN_POINT('',(105.35,-2.00107286980678E-14,0.));
#10274=CARTESIAN_POINT('Origin',(107.5,-1.97474296362511E-14,0.));
#10275=CARTESIAN_POINT('Origin',(120.,-120.,12.));
#10276=CARTESIAN_POINT('',(87.,-120.,12.));
#10277=CARTESIAN_POINT('',(-120.,-120.,12.));
#10278=CARTESIAN_POINT('',(87.,-120.,12.));
#10279=CARTESIAN_POINT('Origin',(87.,-118.,12.));
#10280=CARTESIAN_POINT('',(85.,-118.,12.));
#10281=CARTESIAN_POINT('Origin',(87.,-118.,12.));
#10282=CARTESIAN_POINT('',(85.,-118.,12.));
#10283=CARTESIAN_POINT('Origin',(83.,-116.,12.));
#10284=CARTESIAN_POINT('',(85.,-116.,12.));
#10285=CARTESIAN_POINT('',(83.,-114.,12.));
#10286=CARTESIAN_POINT('Origin',(83.,-116.,12.));
#10287=CARTESIAN_POINT('',(83.,-114.,12.));
#10288=CARTESIAN_POINT('',(85.,-116.,12.));
#10289=CARTESIAN_POINT('Origin',(85.,-114.,12.));
#10290=CARTESIAN_POINT('',(37.,-114.,12.));
#10291=CARTESIAN_POINT('',(35.,-114.,12.));
#10292=CARTESIAN_POINT('',(37.,-114.,12.));
#10293=CARTESIAN_POINT('Origin',(33.,-118.,12.));
#10294=CARTESIAN_POINT('',(35.,-118.,12.));
#10295=CARTESIAN_POINT('',(35.,-118.,12.));
#10296=CARTESIAN_POINT('',(33.,-120.,12.));
#10297=CARTESIAN_POINT('Origin',(33.,-118.,12.));
#10298=CARTESIAN_POINT('',(33.,-120.,12.));
#10299=CARTESIAN_POINT('Origin',(-1.77635683940025E-14,-120.,12.));
#10300=CARTESIAN_POINT('',(-33.,-120.,12.));
#10301=CARTESIAN_POINT('',(-120.,-120.,12.));
#10302=CARTESIAN_POINT('',(-33.,-120.,12.));
#10303=CARTESIAN_POINT('Origin',(37.,-116.,12.));
#10304=CARTESIAN_POINT('',(35.,-116.,12.));
#10305=CARTESIAN_POINT('Origin',(37.,-116.,12.));
#10306=CARTESIAN_POINT('',(35.,-116.,12.));
#10307=CARTESIAN_POINT('Origin',(35.,-114.78240283249,12.));
#10308=CARTESIAN_POINT('',(35.,-57.391201416245,12.));
#10309=CARTESIAN_POINT('Origin',(-33.,-118.,12.));
#10310=CARTESIAN_POINT('',(-35.,-118.,12.));
#10311=CARTESIAN_POINT('Origin',(-33.,-118.,12.));
#10312=CARTESIAN_POINT('',(-35.,-118.,12.));
#10313=CARTESIAN_POINT('Origin',(-37.,-116.,12.));
#10314=CARTESIAN_POINT('',(-35.,-116.,12.));
#10315=CARTESIAN_POINT('',(-37.,-114.,12.));
#10316=CARTESIAN_POINT('Origin',(-37.,-116.,12.));
#10317=CARTESIAN_POINT('',(-37.,-114.,12.));
#10318=CARTESIAN_POINT('',(-35.,-116.,12.));
#10319=CARTESIAN_POINT('Origin',(-37.4699879903905,-114.,12.));
#10320=CARTESIAN_POINT('',(-83.,-114.,12.));
#10321=CARTESIAN_POINT('',(-18.7349939951952,-114.,12.));
#10322=CARTESIAN_POINT('',(-83.,-114.,12.));
#10323=CARTESIAN_POINT('Origin',(-83.,-116.,12.));
#10324=CARTESIAN_POINT('',(-85.,-116.,12.));
#10325=CARTESIAN_POINT('Origin',(-83.,-116.,12.));
#10326=CARTESIAN_POINT('',(-85.,-116.,12.));
#10327=CARTESIAN_POINT('Origin',(-85.,-114.,12.));
#10328=CARTESIAN_POINT('',(-85.,-118.,12.));
#10329=CARTESIAN_POINT('',(-85.,-126.,12.));
#10330=CARTESIAN_POINT('',(-85.,-118.,12.));
#10331=CARTESIAN_POINT('Origin',(-87.,-118.,12.));
#10332=CARTESIAN_POINT('',(-87.,-120.,12.));
#10333=CARTESIAN_POINT('Origin',(-87.,-118.,12.));
#10334=CARTESIAN_POINT('',(-87.,-120.,12.));
#10335=CARTESIAN_POINT('Origin',(-85.,-120.,12.));
#10336=CARTESIAN_POINT('',(-118.,-120.,12.));
#10337=CARTESIAN_POINT('',(-120.,-120.,12.));
#10338=CARTESIAN_POINT('',(-118.,-120.,12.));
#10339=CARTESIAN_POINT('Origin',(-118.,-118.,12.));
#10340=CARTESIAN_POINT('',(-120.,-118.,12.));
#10341=CARTESIAN_POINT('Origin',(-118.,-118.,12.));
#10342=CARTESIAN_POINT('',(-120.,-118.,12.));
#10343=CARTESIAN_POINT('Origin',(85.,-120.,12.));
#10344=CARTESIAN_POINT('',(85.,-114.,12.));
#10345=CARTESIAN_POINT('Origin',(120.,0.,12.));
#10346=CARTESIAN_POINT('',(120.,0.,12.));
#10347=CARTESIAN_POINT('',(120.,0.,0.));
#10348=CARTESIAN_POINT('',(120.,-120.,12.));
#10349=CARTESIAN_POINT('Origin',(-35.,-120.,12.));
#10350=CARTESIAN_POINT('',(-35.,-114.,12.));
#10351=CARTESIAN_POINT('Origin',(-120.,-120.,12.));
#10352=CARTESIAN_POINT('',(-120.,0.,12.));
#10353=CARTESIAN_POINT('',(-120.,0.,12.));
#10354=CARTESIAN_POINT('',(-120.,0.,0.));
#10355=CARTESIAN_POINT('Origin',(0.,0.,0.));
#10356=CARTESIAN_POINT('Origin',(0.,0.,12.));
#10357=CARTESIAN_POINT('Origin',(57.4051650366694,66.0370882694926,14.));
#10358=CARTESIAN_POINT('',(55.3051650366694,66.0370882694926,14.));
#10359=CARTESIAN_POINT('Origin',(57.4051650366694,66.0370882694926,14.));
#10360=CARTESIAN_POINT('',(55.3051650366694,66.0370882694926,6.));
#10361=CARTESIAN_POINT('',(55.3051650366694,66.0370882694926,14.));
#10362=CARTESIAN_POINT('Origin',(57.4051650366694,66.0370882694926,6.));
#10363=CARTESIAN_POINT('Origin',(57.4051650366694,66.0370882694926,6.));
#10364=CARTESIAN_POINT('Origin',(-58.6821844075931,24.9091094411912,14.));
#10365=CARTESIAN_POINT('',(-60.7821844075931,24.9091094411912,14.));
#10366=CARTESIAN_POINT('Origin',(-58.6821844075931,24.9091094411912,14.));
#10367=CARTESIAN_POINT('',(-60.7821844075931,24.9091094411912,6.));
#10368=CARTESIAN_POINT('',(-60.7821844075931,24.9091094411912,14.));
#10369=CARTESIAN_POINT('Origin',(-58.6821844075931,24.9091094411912,6.));
#10370=CARTESIAN_POINT('Origin',(-58.6821844075931,24.9091094411912,6.));
#10371=CARTESIAN_POINT('Origin',(62.1160916300588,14.3406297144214,14.));
#10372=CARTESIAN_POINT('',(60.0160916300588,14.3406297144214,14.));
#10373=CARTESIAN_POINT('Origin',(62.1160916300588,14.3406297144214,14.));
#10374=CARTESIAN_POINT('',(60.0160916300588,14.3406297144214,6.));
#10375=CARTESIAN_POINT('',(60.0160916300588,14.3406297144214,14.));
#10376=CARTESIAN_POINT('Origin',(62.1160916300588,14.3406297144214,6.));
#10377=CARTESIAN_POINT('Origin',(62.1160916300588,14.3406297144214,6.));
#10378=CARTESIAN_POINT('Origin',(-85.2573806687081,-19.6832172550882,14.));
#10379=CARTESIAN_POINT('',(-87.3573806687081,-19.6832172550882,14.));
#10380=CARTESIAN_POINT('Origin',(-85.2573806687081,-19.6832172550882,14.));
#10381=CARTESIAN_POINT('',(-87.3573806687081,-19.6832172550882,6.));
#10382=CARTESIAN_POINT('',(-87.3573806687081,-19.6832172550882,14.));
#10383=CARTESIAN_POINT('Origin',(-85.2573806687081,-19.6832172550882,6.));
#10384=CARTESIAN_POINT('Origin',(-85.2573806687081,-19.6832172550882,6.));
#10385=CARTESIAN_POINT('Origin',(-45.0658315546298,75.0021388114348,14.));
#10386=CARTESIAN_POINT('',(-47.1658315546298,75.0021388114348,14.));
#10387=CARTESIAN_POINT('Origin',(-45.0658315546298,75.0021388114348,14.));
#10388=CARTESIAN_POINT('',(-47.1658315546298,75.0021388114348,6.));
#10389=CARTESIAN_POINT('',(-47.1658315546298,75.0021388114348,14.));
#10390=CARTESIAN_POINT('Origin',(-45.0658315546298,75.0021388114348,6.));
#10391=CARTESIAN_POINT('Origin',(-45.0658315546298,75.0021388114348,6.));
#10392=CARTESIAN_POINT('Origin',(80.5441746770885,-34.1889737428114,14.));
#10393=CARTESIAN_POINT('',(78.4441746770885,-34.1889737428114,14.));
#10394=CARTESIAN_POINT('Origin',(80.5441746770885,-34.1889737428114,14.));
#10395=CARTESIAN_POINT('',(78.4441746770885,-34.1889737428114,6.));
#10396=CARTESIAN_POINT('',(78.4441746770885,-34.1889737428114,14.));
#10397=CARTESIAN_POINT('Origin',(80.5441746770885,-34.1889737428114,6.));
#10398=CARTESIAN_POINT('Origin',(80.5441746770885,-34.1889737428114,6.));
#10399=CARTESIAN_POINT('Origin',(-41.8237630981449,-48.1127357392017,14.));
#10400=CARTESIAN_POINT('',(-43.9237630981449,-48.1127357392017,14.));
#10401=CARTESIAN_POINT('Origin',(-41.8237630981449,-48.1127357392017,14.));
#10402=CARTESIAN_POINT('',(-43.9237630981449,-48.1127357392017,6.));
#10403=CARTESIAN_POINT('',(-43.9237630981449,-48.1127357392017,14.));
#10404=CARTESIAN_POINT('Origin',(-41.8237630981449,-48.1127357392017,6.));
#10405=CARTESIAN_POINT('Origin',(-41.8237630981449,-48.1127357392017,6.));
#10406=CARTESIAN_POINT('Origin',(32.8336772755159,-54.6444154197597,14.));
#10407=CARTESIAN_POINT('',(30.7336772755159,-54.6444154197597,14.));
#10408=CARTESIAN_POINT('Origin',(32.8336772755159,-54.6444154197597,14.));
#10409=CARTESIAN_POINT('',(30.7336772755159,-54.6444154197597,6.));
#10410=CARTESIAN_POINT('',(30.7336772755159,-54.6444154197597,14.));
#10411=CARTESIAN_POINT('Origin',(32.8336772755159,-54.6444154197597,6.));
#10412=CARTESIAN_POINT('Origin',(32.8336772755159,-54.6444154197597,6.));
#10413=CARTESIAN_POINT('Origin',(-7.62612749042007,-87.1670360830277,14.));
#10414=CARTESIAN_POINT('',(-9.72612749042007,-87.1670360830277,14.));
#10415=CARTESIAN_POINT('Origin',(-7.62612749042007,-87.1670360830277,14.));
#10416=CARTESIAN_POINT('',(-9.72612749042007,-87.1670360830277,6.));
#10417=CARTESIAN_POINT('',(-9.72612749042007,-87.1670360830277,14.));
#10418=CARTESIAN_POINT('Origin',(-7.62612749042007,-87.1670360830277,6.));
#10419=CARTESIAN_POINT('Origin',(-7.62612749042007,-87.1670360830277,6.));
#10420=CARTESIAN_POINT('Origin',(5.55617860016322,63.5074120033488,14.));
#10421=CARTESIAN_POINT('',(3.45617860016322,63.5074120033488,14.));
#10422=CARTESIAN_POINT('Origin',(5.55617860016322,63.5074120033488,14.));
#10423=CARTESIAN_POINT('',(3.45617860016322,63.5074120033488,6.));
#10424=CARTESIAN_POINT('',(3.45617860016322,63.5074120033488,14.));
#10425=CARTESIAN_POINT('Origin',(5.55617860016322,63.5074120033488,6.));
#10426=CARTESIAN_POINT('Origin',(5.55617860016322,63.5074120033488,6.));
#10427=CARTESIAN_POINT('Origin',(107.5,-1.97474296362511E-14,12.));
#10428=CARTESIAN_POINT('',(105.35,-1.94841305744344E-14,12.));
#10429=CARTESIAN_POINT('Origin',(107.5,-1.97474296362511E-14,12.));
#10430=CARTESIAN_POINT('',(105.35,-1.94841305744344E-14,12.));
#10431=CARTESIAN_POINT('Origin',(-107.5,6.58247654541702E-15,12.));
#10432=CARTESIAN_POINT('',(-109.65,6.8457756072337E-15,12.));
#10433=CARTESIAN_POINT('Origin',(-107.5,6.58247654541702E-15,12.));
#10434=CARTESIAN_POINT('',(-109.65,6.8457756072337E-15,12.));
#10435=CARTESIAN_POINT('Origin',(-76.0139789775539,-76.0139789775538,12.));
#10436=CARTESIAN_POINT('',(-78.1639789775539,-76.0139789775538,12.));
#10437=CARTESIAN_POINT('Origin',(-76.0139789775539,-76.0139789775538,12.));
#10438=CARTESIAN_POINT('',(-78.1639789775539,-76.0139789775538,12.));
#10439=CARTESIAN_POINT('Origin',(76.0139789775539,76.0139789775538,12.));
#10440=CARTESIAN_POINT('',(73.8639789775539,76.0139789775538,12.));
#10441=CARTESIAN_POINT('Origin',(76.0139789775539,76.0139789775538,12.));
#10442=CARTESIAN_POINT('',(73.8639789775539,76.0139789775538,12.));
#10443=CARTESIAN_POINT('Origin',(76.0139789775538,-76.0139789775539,12.));
#10444=CARTESIAN_POINT('',(73.8639789775539,-76.0139789775539,12.));
#10445=CARTESIAN_POINT('Origin',(76.0139789775538,-76.0139789775539,12.));
#10446=CARTESIAN_POINT('',(73.8639789775539,-76.0139789775539,12.));
#10447=CARTESIAN_POINT('Origin',(-76.0139789775539,76.0139789775539,12.));
#10448=CARTESIAN_POINT('',(-78.1639789775539,76.0139789775539,12.));
#10449=CARTESIAN_POINT('Origin',(-76.0139789775539,76.0139789775539,12.));
#10450=CARTESIAN_POINT('',(-78.1639789775539,76.0139789775539,12.));
#10451=CARTESIAN_POINT('Origin',(-1.3164953090834E-14,-107.5,12.));
#10452=CARTESIAN_POINT('',(-2.15000000000001,-107.5,12.));
#10453=CARTESIAN_POINT('Origin',(-1.3164953090834E-14,-107.5,12.));
#10454=CARTESIAN_POINT('',(-2.15000000000001,-107.5,12.));
#10455=CARTESIAN_POINT('Origin',(0.,107.5,12.));
#10456=CARTESIAN_POINT('',(-2.15,107.5,12.));
#10457=CARTESIAN_POINT('Origin',(0.,107.5,12.));
#10458=CARTESIAN_POINT('',(-2.15,107.5,12.));
#10459=CARTESIAN_POINT('Origin',(-71.3496594535534,17.5861115901712,14.));
#10460=CARTESIAN_POINT('',(-73.1205715047351,18.5155579344965,2.));
#10461=CARTESIAN_POINT('Origin',(-71.3496594535534,17.5861115901712,2.));
#10462=CARTESIAN_POINT('',(-73.1205715047351,18.5155579344965,14.));
#10463=CARTESIAN_POINT('Origin',(8.8576379485624,-72.9492116130955,14.));
#10464=CARTESIAN_POINT('',(10.7995215838001,-72.4705802860846,2.));
#10465=CARTESIAN_POINT('Origin',(8.8576379485624,-72.9492116130955,2.));
#10466=CARTESIAN_POINT('',(10.7995215838001,-72.4705802860846,14.));
#10467=CARTESIAN_POINT('Origin',(65.0677360451262,34.1501822976363,14.));
#10468=CARTESIAN_POINT('',(63.9316036787773,32.504216548863,2.));
#10469=CARTESIAN_POINT('Origin',(65.0677360451262,34.1501822976363,2.));
#10470=CARTESIAN_POINT('',(63.9316036787773,32.504216548863,14.));
#10471=CARTESIAN_POINT('Origin',(41.744237913539,60.4769693851953,14.));
#10472=CARTESIAN_POINT('',(42.4534476886284,58.606936900205,2.));
#10473=CARTESIAN_POINT('Origin',(41.744237913539,60.4769693851953,2.));
#10474=CARTESIAN_POINT('',(42.4534476886284,58.606936900205,14.));
#10475=CARTESIAN_POINT('Origin',(41.744237913539,-60.4769693851954,14.));
#10476=CARTESIAN_POINT('',(42.4534476886283,-58.6069369002053,2.));
#10477=CARTESIAN_POINT('Origin',(41.744237913539,-60.4769693851954,2.));
#10478=CARTESIAN_POINT('',(42.4534476886283,-58.6069369002053,14.));
#10479=CARTESIAN_POINT('Origin',(-71.3496594535535,-17.5861115901712,14.));
#10480=CARTESIAN_POINT('',(-73.1205715048974,-18.5155579341874,2.));
#10481=CARTESIAN_POINT('Origin',(-71.3496594535535,-17.5861115901712,2.));
#10482=CARTESIAN_POINT('',(-73.1205715048974,-18.5155579341874,14.));
#10483=CARTESIAN_POINT('Origin',(-55.0043123293534,48.7295685408249,14.));
#10484=CARTESIAN_POINT('',(-55.2453856890645,50.7149862891196,2.));
#10485=CARTESIAN_POINT('Origin',(-55.0043123293534,48.7295685408249,2.));
#10486=CARTESIAN_POINT('',(-55.2453856890645,50.7149862891196,14.));
#10487=CARTESIAN_POINT('Origin',(-26.0581401243208,-68.7096685937377,14.));
#10488=CARTESIAN_POINT('',(-24.5611186270883,-70.0359139092144,2.));
#10489=CARTESIAN_POINT('Origin',(-26.0581401243208,-68.7096685937377,2.));
#10490=CARTESIAN_POINT('',(-24.5611186270883,-70.0359139092144,14.));
#10491=CARTESIAN_POINT('Origin',(73.485,-4.76008121808036E-14,14.));
#10492=CARTESIAN_POINT('',(71.4849999999998,-4.77444608795929E-14,2.));
#10493=CARTESIAN_POINT('Origin',(73.485,-4.76008121808036E-14,2.));
#10494=CARTESIAN_POINT('',(71.4849999999998,-4.77444608795929E-14,14.));
#10495=CARTESIAN_POINT('Origin',(8.85763794856242,72.9492116130955,14.));
#10496=CARTESIAN_POINT('',(10.7995215838002,72.4705802860846,2.));
#10497=CARTESIAN_POINT('Origin',(8.85763794856242,72.9492116130955,2.));
#10498=CARTESIAN_POINT('',(10.7995215838002,72.4705802860846,14.));
#10499=CARTESIAN_POINT('Origin',(65.0677360451261,-34.1501822976363,14.));
#10500=CARTESIAN_POINT('',(63.9316065521057,-32.5042145655439,2.));
#10501=CARTESIAN_POINT('Origin',(65.0677360451261,-34.1501822976363,2.));
#10502=CARTESIAN_POINT('',(63.9316065521057,-32.5042145655439,14.));
#10503=CARTESIAN_POINT('Origin',(-55.0043123293534,-48.7295685408248,14.));
#10504=CARTESIAN_POINT('',(-55.2453856897574,-50.714986289034,2.));
#10505=CARTESIAN_POINT('Origin',(-55.0043123293534,-48.7295685408248,2.));
#10506=CARTESIAN_POINT('',(-55.2453856897574,-50.714986289034,14.));
#10507=CARTESIAN_POINT('Origin',(-26.0581401243207,68.7096685937377,14.));
#10508=CARTESIAN_POINT('',(-24.5611186270882,70.0359139092144,2.));
#10509=CARTESIAN_POINT('Origin',(-26.0581401243207,68.7096685937377,2.));
#10510=CARTESIAN_POINT('',(-24.5611186270882,70.0359139092144,14.));
#10511=CARTESIAN_POINT('Origin',(43.9782487050708,54.5863670574759,14.));
#10512=CARTESIAN_POINT('',(44.4657861595214,55.1562856749187,12.));
#10513=CARTESIAN_POINT('',(44.4657861595214,55.1562856749187,14.));
#10514=CARTESIAN_POINT('',(44.4657861595214,55.1562856749187,14.));
#10515=CARTESIAN_POINT('',(43.2353957315879,54.6896601346295,12.));
#10516=CARTESIAN_POINT('Origin',(43.9782487050708,54.5863670574759,12.));
#10517=CARTESIAN_POINT('',(43.2353957315879,54.6896601346295,14.));
#10518=CARTESIAN_POINT('',(43.2353957315879,54.6896601346295,14.));
#10519=CARTESIAN_POINT('Origin',(43.9782487050708,54.5863670574759,14.));
#10520=CARTESIAN_POINT('Origin',(43.9782487050708,54.5863670574759,12.));
#10521=CARTESIAN_POINT('',(45.2407159993935,55.4501777981075,12.));
#10522=CARTESIAN_POINT('Origin',(-76.9280324147757,20.5138675747959,14.));
#10523=CARTESIAN_POINT('',(-76.9150334914918,19.7639802312613,12.));
#10524=CARTESIAN_POINT('',(-76.9150334914918,19.7639802312613,14.));
#10525=CARTESIAN_POINT('',(-76.9150334914918,19.7639802312613,14.));
#10526=CARTESIAN_POINT('',(-76.3035029996342,20.9291542343735,12.));
#10527=CARTESIAN_POINT('Origin',(-76.9280324147757,20.5138675747959,12.));
#10528=CARTESIAN_POINT('',(-76.3035029996342,20.9291542343735,14.));
#10529=CARTESIAN_POINT('',(-76.3035029996342,20.9291542343735,14.));
#10530=CARTESIAN_POINT('Origin',(-76.9280324147757,20.5138675747959,14.));
#10531=CARTESIAN_POINT('Origin',(-76.9280324147757,20.5138675747959,12.));
#10532=CARTESIAN_POINT('',(-77.3001902802421,19.0301252831442,12.));
#10533=CARTESIAN_POINT('Origin',(14.9745713995611,-71.4415229330113,14.));
#10534=CARTESIAN_POINT('',(14.4675742775136,-70.8888440766801,12.));
#10535=CARTESIAN_POINT('',(14.4675742775136,-70.8888440766801,14.));
#10536=CARTESIAN_POINT('',(14.4675742775136,-70.8888440766801,14.));
#10537=CARTESIAN_POINT('',(14.782490412923,-72.1665090670664,12.));
#10538=CARTESIAN_POINT('Origin',(14.9745713995611,-71.4415229330113,12.));
#10539=CARTESIAN_POINT('',(14.782490412923,-72.1665090670664,14.));
#10540=CARTESIAN_POINT('',(14.782490412923,-72.1665090670664,14.));
#10541=CARTESIAN_POINT('Origin',(14.9745713995611,-71.4415229330113,14.));
#10542=CARTESIAN_POINT('Origin',(14.9745713995611,-71.4415229330113,12.));
#10543=CARTESIAN_POINT('',(14.2692324302059,-70.0841395666872,12.));
#10544=CARTESIAN_POINT('Origin',(43.9782487050704,-54.5863670574767,14.));
#10545=CARTESIAN_POINT('',(43.2353957315877,-54.6896601346304,12.));
#10546=CARTESIAN_POINT('',(43.2353957315877,-54.6896601346304,14.));
#10547=CARTESIAN_POINT('',(43.2353957315877,-54.6896601346304,14.));
#10548=CARTESIAN_POINT('',(44.465786159521,-55.1562856749195,12.));
#10549=CARTESIAN_POINT('Origin',(43.9782487050704,-54.5863670574767,12.));
#10550=CARTESIAN_POINT('',(44.465786159521,-55.1562856749195,14.));
#10551=CARTESIAN_POINT('',(44.465786159521,-55.1562856749195,14.));
#10552=CARTESIAN_POINT('Origin',(43.9782487050704,-54.5863670574767,14.));
#10553=CARTESIAN_POINT('Origin',(43.9782487050704,-54.5863670574767,12.));
#10554=CARTESIAN_POINT('',(42.4604658917157,-54.3957680114416,12.));
#10555=CARTESIAN_POINT('Origin',(-76.9280324152868,-20.5138675738224,14.));
#10556=CARTESIAN_POINT('',(-76.3035030002178,-20.9291542335089,12.));
#10557=CARTESIAN_POINT('',(-76.3035030002178,-20.9291542335089,14.));
#10558=CARTESIAN_POINT('',(-76.3035030002178,-20.9291542335089,14.));
#10559=CARTESIAN_POINT('',(-76.915033491872,-19.7639802302899,12.));
#10560=CARTESIAN_POINT('Origin',(-76.9280324152868,-20.5138675738224,12.));
#10561=CARTESIAN_POINT('',(-76.915033491872,-19.7639802302899,14.));
#10562=CARTESIAN_POINT('',(-76.915033491872,-19.7639802302899,14.));
#10563=CARTESIAN_POINT('Origin',(-76.9280324152868,-20.5138675738224,14.));
#10564=CARTESIAN_POINT('Origin',(-76.9280324152868,-20.5138675738224,12.));
#10565=CARTESIAN_POINT('',(-75.9183462115955,-21.6630091816932,12.));
#10566=CARTESIAN_POINT('Origin',(14.9745713995614,71.4415229330112,14.));
#10567=CARTESIAN_POINT('',(14.7824904129233,72.1665090670663,12.));
#10568=CARTESIAN_POINT('',(14.7824904129233,72.1665090670663,14.));
#10569=CARTESIAN_POINT('',(14.7824904129233,72.1665090670663,14.));
#10570=CARTESIAN_POINT('',(14.4675742775139,70.88884407668,12.));
#10571=CARTESIAN_POINT('Origin',(14.9745713995614,71.4415229330112,12.));
#10572=CARTESIAN_POINT('',(14.4675742775139,70.88884407668,14.));
#10573=CARTESIAN_POINT('',(14.4675742775139,70.88884407668,14.));
#10574=CARTESIAN_POINT('Origin',(14.9745713995614,71.4415229330112,14.));
#10575=CARTESIAN_POINT('Origin',(14.9745713995614,71.4415229330112,12.));
#10576=CARTESIAN_POINT('',(14.980832260231,72.9712135770593,12.));
#10577=CARTESIAN_POINT('Origin',(61.4889190911273,28.9653901890004,14.));
#10578=CARTESIAN_POINT('',(62.2349056234541,28.8879041025908,12.));
#10579=CARTESIAN_POINT('',(62.2349056234541,28.8879041025908,14.));
#10580=CARTESIAN_POINT('',(62.2349056234541,28.8879041025908,14.));
#10581=CARTESIAN_POINT('',(61.1519402106861,29.6354239449684,12.));
#10582=CARTESIAN_POINT('Origin',(61.4889190911273,28.9653901890004,12.));
#10583=CARTESIAN_POINT('',(61.1519402106861,29.6354239449684,14.));
#10584=CARTESIAN_POINT('',(61.1519402106861,29.6354239449684,14.));
#10585=CARTESIAN_POINT('Origin',(61.4889190911273,28.9653901890004,14.));
#10586=CARTESIAN_POINT('Origin',(61.4889190911273,28.9653901890004,12.));
#10587=CARTESIAN_POINT('',(62.9169836003714,28.4170979108295,12.));
#10588=CARTESIAN_POINT('Origin',(-55.7636934124436,54.9836344479534,14.));
#10589=CARTESIAN_POINT('',(-56.3734543674651,54.5469519800982,12.));
#10590=CARTESIAN_POINT('',(-56.3734543674651,54.5469519800982,14.));
#10591=CARTESIAN_POINT('',(-56.3734543674651,54.5469519800982,14.));
#10592=CARTESIAN_POINT('',(-55.067146047926,54.7055665264225,12.));
#10593=CARTESIAN_POINT('Origin',(-55.7636934124436,54.9836344479534,12.));
#10594=CARTESIAN_POINT('',(-55.067146047926,54.7055665264225,14.));
#10595=CARTESIAN_POINT('',(-55.067146047926,54.7055665264225,14.));
#10596=CARTESIAN_POINT('Origin',(-55.7636934124436,54.9836344479534,14.));
#10597=CARTESIAN_POINT('Origin',(-55.7636934124436,54.9836344479534,12.));
#10598=CARTESIAN_POINT('',(-57.1961991433524,54.4470526780605,12.));
#10599=CARTESIAN_POINT('Origin',(-21.3425224080384,-72.8873413374892,14.));
#10600=CARTESIAN_POINT('',(-21.1756838190665,-72.1561335111978,12.));
#10601=CARTESIAN_POINT('',(-21.1756838190665,-72.1561335111978,14.));
#10602=CARTESIAN_POINT('',(-21.1756838190665,-72.1561335111978,14.));
#10603=CARTESIAN_POINT('',(-22.048288736014,-73.1411008502091,12.));
#10604=CARTESIAN_POINT('Origin',(-21.3425224080384,-72.8873413374892,12.));
#10605=CARTESIAN_POINT('',(-22.048288736014,-73.1411008502091,14.));
#10606=CARTESIAN_POINT('',(-22.048288736014,-73.1411008502091,14.));
#10607=CARTESIAN_POINT('Origin',(-21.3425224080384,-72.8873413374892,14.));
#10608=CARTESIAN_POINT('Origin',(-21.3425224080384,-72.8873413374892,12.));
#10609=CARTESIAN_POINT('',(-20.6260960027036,-71.5357771064579,12.));
#10610=CARTESIAN_POINT('Origin',(61.4889281421118,-28.9653839415451,14.));
#10611=CARTESIAN_POINT('',(61.1519480920077,-29.6354171092554,12.));
#10612=CARTESIAN_POINT('',(61.1519480920077,-29.6354171092554,14.));
#10613=CARTESIAN_POINT('',(61.1519480920077,-29.6354171092554,14.));
#10614=CARTESIAN_POINT('',(62.2349148097033,-28.8878991573881,12.));
#10615=CARTESIAN_POINT('Origin',(61.4889281421118,-28.9653839415451,12.));
#10616=CARTESIAN_POINT('',(62.2349148097033,-28.8878991573881,14.));
#10617=CARTESIAN_POINT('',(62.2349148097033,-28.8878991573881,14.));
#10618=CARTESIAN_POINT('Origin',(61.4889281421118,-28.9653839415451,14.));
#10619=CARTESIAN_POINT('Origin',(61.4889281421118,-28.9653839415451,12.));
#10620=CARTESIAN_POINT('',(60.4698692932153,-30.1062221103272,12.));
#10621=CARTESIAN_POINT('Origin',(-55.7636934146261,-54.9836344476837,14.));
#10622=CARTESIAN_POINT('',(-55.067146050012,-54.7055665263961,12.));
#10623=CARTESIAN_POINT('',(-55.067146050012,-54.7055665263961,14.));
#10624=CARTESIAN_POINT('',(-55.067146050012,-54.7055665263961,14.));
#10625=CARTESIAN_POINT('',(-56.3734543694948,-54.546951979616,12.));
#10626=CARTESIAN_POINT('Origin',(-55.7636934146261,-54.9836344476837,12.));
#10627=CARTESIAN_POINT('',(-56.3734543694948,-54.546951979616,14.));
#10628=CARTESIAN_POINT('',(-56.3734543694948,-54.546951979616,14.));
#10629=CARTESIAN_POINT('Origin',(-55.7636934146261,-54.9836344476837,14.));
#10630=CARTESIAN_POINT('Origin',(-55.7636934146261,-54.9836344476837,12.));
#10631=CARTESIAN_POINT('',(-54.2444012741602,-54.805465828721,12.));
#10632=CARTESIAN_POINT('Origin',(-21.3425224080383,72.8873413374893,14.));
#10633=CARTESIAN_POINT('',(-22.048288736014,73.1411008502091,12.));
#10634=CARTESIAN_POINT('',(-22.048288736014,73.1411008502091,14.));
#10635=CARTESIAN_POINT('',(-22.048288736014,73.1411008502091,14.));
#10636=CARTESIAN_POINT('',(-21.1756838190664,72.1561335111978,12.));
#10637=CARTESIAN_POINT('Origin',(-21.3425224080383,72.8873413374893,12.));
#10638=CARTESIAN_POINT('',(-21.1756838190664,72.1561335111978,14.));
#10639=CARTESIAN_POINT('',(-21.1756838190664,72.1561335111978,14.));
#10640=CARTESIAN_POINT('Origin',(-21.3425224080383,72.8873413374893,14.));
#10641=CARTESIAN_POINT('Origin',(-21.3425224080383,72.8873413374893,12.));
#10642=CARTESIAN_POINT('',(-22.5978765523768,73.7614572549491,12.));
#10643=CARTESIAN_POINT('Origin',(67.1849999999992,-4.88237922313672E-14,
14.));
#10644=CARTESIAN_POINT('',(67.5449999999992,-0.657951365983976,12.));
#10645=CARTESIAN_POINT('',(67.5449999999992,-0.657951365983976,14.));
#10646=CARTESIAN_POINT('',(67.5449999999992,-0.657951365983976,14.));
#10647=CARTESIAN_POINT('',(67.5449999999992,0.657951365983878,12.));
#10648=CARTESIAN_POINT('Origin',(67.1849999999992,-4.88237922313672E-14,
12.));
#10649=CARTESIAN_POINT('',(67.5449999999992,0.657951365983878,14.));
#10650=CARTESIAN_POINT('',(67.5449999999992,0.657951365983878,14.));
#10651=CARTESIAN_POINT('Origin',(67.1849999999992,-4.88237922313672E-14,
14.));
#10652=CARTESIAN_POINT('Origin',(67.1849999999992,-4.88498130835069E-14,
12.));
#10653=CARTESIAN_POINT('',(67.5449999999992,-1.48673893635198,12.));
#10654=CARTESIAN_POINT('Origin',(0.,0.,14.));
#10655=CARTESIAN_POINT('',(-95.,-1.16341445918999E-14,14.));
#10656=CARTESIAN_POINT('Origin',(0.,0.,14.));
#10657=CARTESIAN_POINT('',(60.,7.34788079488412E-15,14.));
#10658=CARTESIAN_POINT('Origin',(0.,0.,14.));
#10659=CARTESIAN_POINT('',(64.1405557661359,-27.5725301793108,14.));
#10660=CARTESIAN_POINT('',(46.4173447592805,-39.8059794403812,14.));
#10661=CARTESIAN_POINT('',(68.2671322554297,-28.3287533880853,14.));
#10662=CARTESIAN_POINT('Origin',(66.2217548992657,-27.8529052285934,14.));
#10663=CARTESIAN_POINT('',(71.6453881634517,-33.2230020186461,14.));
#10664=CARTESIAN_POINT('',(50.6303527438069,-2.7774670668534,14.));
#10665=CARTESIAN_POINT('',(70.8891649546771,-37.34957850794,14.));
#10666=CARTESIAN_POINT('Origin',(71.3650131141691,-35.3042011517759,14.));
#10667=CARTESIAN_POINT('',(65.9949163241163,-40.7278344159619,14.));
#10668=CARTESIAN_POINT('',(55.6130782631021,-47.8938998149994,14.));
#10669=CARTESIAN_POINT('',(61.8683398348225,-39.9716112071873,14.));
#10670=CARTESIAN_POINT('Origin',(63.9137171909865,-40.4474593666793,14.));
#10671=CARTESIAN_POINT('',(58.4900839268005,-35.0773625766266,14.));
#10672=CARTESIAN_POINT('',(42.5424323691887,-11.973200570675,14.));
#10673=CARTESIAN_POINT('',(59.2463071355751,-30.9507860873327,14.));
#10674=CARTESIAN_POINT('Origin',(58.7704589760832,-32.9961634434968,14.));
#10675=CARTESIAN_POINT('',(46.4173447592805,-39.8059794403812,14.));
#10676=CARTESIAN_POINT('',(13.9134325151938,68.640602561501,14.));
#10677=CARTESIAN_POINT('',(6.25188776968426,37.5564935148556,14.));
#10678=CARTESIAN_POINT('',(10.3231769177123,66.4702173864145,14.));
#10679=CARTESIAN_POINT('Origin',(12.169709548234,67.4703759960457,14.));
#10680=CARTESIAN_POINT('',(4.54902889696787,67.8934170464641,14.));
#10681=CARTESIAN_POINT('',(13.1797654287917,65.7661315570829,14.));
#10682=CARTESIAN_POINT('',(2.37864372188148,71.4836726439456,14.));
#10683=CARTESIAN_POINT('Origin',(3.3788023315126,69.6371400134239,14.));
#10684=CARTESIAN_POINT('',(3.80184338193102,77.25782066469,14.));
#10685=CARTESIAN_POINT('',(-5.99450085365285,37.512489586928,14.));
#10686=CARTESIAN_POINT('',(7.39209897941252,79.4282058397764,14.));
#10687=CARTESIAN_POINT('Origin',(5.54556634889087,78.4280472301453,14.));
#10688=CARTESIAN_POINT('',(13.166247000157,78.0050061797269,14.));
#10689=CARTESIAN_POINT('',(13.1357615008641,78.01252018042,14.));
#10690=CARTESIAN_POINT('',(15.3366321752434,74.4147505822454,14.));
#10691=CARTESIAN_POINT('Origin',(14.3364735656122,76.261283212767,14.));
#10692=CARTESIAN_POINT('',(6.25188776968426,37.5564935148556,14.));
#10693=CARTESIAN_POINT('',(-77.9911123149436,-17.7136833323119,14.));
#10694=CARTESIAN_POINT('',(-71.8320094315269,-29.4488734182489,14.));
#10695=CARTESIAN_POINT('',(-76.7429989948692,-13.7083468665785,14.));
#10696=CARTESIAN_POINT('Origin',(-77.4619206814512,-15.681453961635,14.));
#10697=CARTESIAN_POINT('',(-71.4772311956942,-10.944658728781,14.));
#10698=CARTESIAN_POINT('',(-43.8380640983674,3.56149519951222,14.));
#10699=CARTESIAN_POINT('',(-67.4718947299607,-12.1927720488554,14.));
#10700=CARTESIAN_POINT('Origin',(-69.4450018250173,-11.4738503622735,14.));
#10701=CARTESIAN_POINT('',(-64.7082065921633,-17.4585398480305,14.));
#10702=CARTESIAN_POINT('',(-62.6946359154427,-21.2950782352049,14.));
#10703=CARTESIAN_POINT('',(-65.9563199122377,-21.4638763137639,14.));
#10704=CARTESIAN_POINT('Origin',(-65.2373982256557,-19.4907692187074,14.));
#10705=CARTESIAN_POINT('',(-71.2220877114127,-24.2275644515613,14.));
#10706=CARTESIAN_POINT('',(-35.6842689153234,-5.57587831657195,14.));
#10707=CARTESIAN_POINT('',(-75.2274241771462,-22.979451131487,14.));
#10708=CARTESIAN_POINT('Origin',(-73.2543170820897,-23.6983728180689,14.));
#10709=CARTESIAN_POINT('',(-71.8320094315269,-29.4488734182489,14.));
#10710=CARTESIAN_POINT('',(46.6308410532316,-55.9773826914415,14.));
#10711=CARTESIAN_POINT('',(14.1869915452205,-43.6730535435274,14.));
#10712=CARTESIAN_POINT('',(48.352644180626,-59.8030723095334,14.));
#10713=CARTESIAN_POINT('Origin',(47.5823527692287,-57.8494471813351,14.));
#10714=CARTESIAN_POINT('',(46.2438246072928,-65.363572524888,14.));
#10715=CARTESIAN_POINT('',(55.2267946770184,-41.6774271386886,14.));
#10716=CARTESIAN_POINT('',(42.4181349892009,-67.0853756522824,14.));
#10717=CARTESIAN_POINT('Origin',(44.3717601173992,-66.3150842408851,14.));
#10718=CARTESIAN_POINT('',(36.8576347738463,-64.9765560789492,14.));
#10719=CARTESIAN_POINT('',(12.7545355888671,-55.8354562910349,14.));
#10720=CARTESIAN_POINT('',(35.1358316464519,-61.1508664608573,14.));
#10721=CARTESIAN_POINT('Origin',(35.9061230578492,-63.1044915890556,14.));
#10722=CARTESIAN_POINT('',(37.2446512197851,-55.5903662455027,14.));
#10723=CARTESIAN_POINT('',(43.0643919295109,-40.2449711823352,14.));
#10724=CARTESIAN_POINT('',(41.0703408378771,-53.8685631181083,14.));
#10725=CARTESIAN_POINT('Origin',(39.1167157096787,-54.6388545295056,14.));
#10726=CARTESIAN_POINT('',(14.1869915452205,-43.6730535435274,14.));
#10727=CARTESIAN_POINT('',(-58.6720980809397,-54.2678461015762,14.));
#10728=CARTESIAN_POINT('',(-30.0572637118132,-57.7423160386927,14.));
#10729=CARTESIAN_POINT('',(-61.2594161929645,-50.9653785316112,14.));
#10730=CARTESIAN_POINT('Origin',(-60.0439749536994,-52.6778920626218,14.));
#10731=CARTESIAN_POINT('',(-60.5425898901048,-45.0617827892385,14.));
#10732=CARTESIAN_POINT('',(-57.7651910149198,-22.1878451156339,14.));
#10733=CARTESIAN_POINT('',(-57.2401223201397,-42.4744646772138,14.));
#10734=CARTESIAN_POINT('Origin',(-58.9526358511503,-43.6899059164788,14.));
#10735=CARTESIAN_POINT('',(-51.3365265777671,-43.1912909800734,14.));
#10736=CARTESIAN_POINT('',(-31.5770858221996,-45.5905214629004,14.));
#10737=CARTESIAN_POINT('',(-48.7492084657423,-46.4937585500385,14.));
#10738=CARTESIAN_POINT('Origin',(-49.9646497050074,-44.7812450190279,14.));
#10739=CARTESIAN_POINT('',(-49.466034768602,-52.3973542924112,14.));
#10740=CARTESIAN_POINT('',(-45.6133964391275,-20.6680230052475,14.));
#10741=CARTESIAN_POINT('',(-52.768502338567,-54.9846724044359,14.));
#10742=CARTESIAN_POINT('Origin',(-51.0559888075565,-53.7692311651708,14.));
#10743=CARTESIAN_POINT('',(-30.0572637118132,-57.7423160386927,14.));
#10744=CARTESIAN_POINT('',(-19.6402057278669,70.4229370322124,14.));
#10745=CARTESIAN_POINT('',(0.183592478522729,48.0464945102662,14.));
#10746=CARTESIAN_POINT('',(-19.8935113888638,66.2352952966305,14.));
#10747=CARTESIAN_POINT('Origin',(-19.6676756937535,68.3231167063334,14.));
#10748=CARTESIAN_POINT('',(-24.3448716858461,62.2917341972839,14.));
#10749=CARTESIAN_POINT('',(-30.7587504318486,56.6095334696078,14.));
#10750=CARTESIAN_POINT('',(-28.532513421428,62.5450398582808,14.));
#10751=CARTESIAN_POINT('Origin',(-26.444692011725,62.3192041631705,14.));
#10752=CARTESIAN_POINT('',(-32.4760745207746,66.9964001552631,14.));
#10753=CARTESIAN_POINT('',(-6.73693466536508,37.9429171878435,14.));
#10754=CARTESIAN_POINT('',(-32.2227688597776,71.184041890845,14.));
#10755=CARTESIAN_POINT('Origin',(-32.448604554888,69.096220481142,14.));
#10756=CARTESIAN_POINT('',(-27.7714085627954,75.1276029901915,14.));
#10757=CARTESIAN_POINT('',(-40.8623277542712,63.5300606134956,14.));
#10758=CARTESIAN_POINT('',(-23.5837668272135,74.8742973291946,14.));
#10759=CARTESIAN_POINT('Origin',(-25.6715882369164,75.100133024305,14.));
#10760=CARTESIAN_POINT('',(0.183592478522729,48.0464945102662,14.));
#10761=CARTESIAN_POINT('',(67.5449999999992,2.97347787270379,14.));
#10762=CARTESIAN_POINT('',(67.5449999999992,-1.48673893635195,14.));
#10763=CARTESIAN_POINT('',(70.5115221272962,5.94000000000074,14.));
#10764=CARTESIAN_POINT('Origin',(68.9579999999994,4.52700000000055,14.));
#10765=CARTESIAN_POINT('',(76.4584778727039,5.94000000000074,14.));
#10766=CARTESIAN_POINT('',(35.2557610636481,5.94000000000073,14.));
#10767=CARTESIAN_POINT('',(79.4250000000008,2.97347787270381,14.));
#10768=CARTESIAN_POINT('Origin',(78.0120000000006,4.52700000000055,14.));
#10769=CARTESIAN_POINT('',(79.4250000000008,-2.97347787270391,14.));
#10770=CARTESIAN_POINT('',(79.4250000000008,1.48673893635191,14.));
#10771=CARTESIAN_POINT('',(76.4584778727039,-5.94000000000084,14.));
#10772=CARTESIAN_POINT('Origin',(78.0120000000006,-4.52700000000065,14.));
#10773=CARTESIAN_POINT('',(70.5115221272962,-5.94000000000085,14.));
#10774=CARTESIAN_POINT('',(38.2292389363519,-5.94000000000086,14.));
#10775=CARTESIAN_POINT('',(67.5449999999992,-2.97347787270391,14.));
#10776=CARTESIAN_POINT('Origin',(68.9579999999994,-4.52700000000066,14.));
#10777=CARTESIAN_POINT('',(67.5449999999992,-1.48673893635195,14.));
#10778=CARTESIAN_POINT('',(41.070340837877,53.8685631181074,14.));
#10779=CARTESIAN_POINT('',(16.9672416528983,44.7274633301932,14.));
#10780=CARTESIAN_POINT('',(37.2446512197846,55.590366245502,14.));
#10781=CARTESIAN_POINT('Origin',(39.1167157096784,54.6388545295048,14.));
#10782=CARTESIAN_POINT('',(35.1358316464511,61.1508664608573,14.));
#10783=CARTESIAN_POINT('',(44.1188017161769,37.4647210746575,14.));
#10784=CARTESIAN_POINT('',(36.8576347738457,64.9765560789498,14.));
#10785=CARTESIAN_POINT('Origin',(35.9061230578485,63.1044915890559,14.));
#10786=CARTESIAN_POINT('',(42.418134989201,67.0853756522832,14.));
#10787=CARTESIAN_POINT('',(9.97428548118931,54.7810465043688,14.));
#10788=CARTESIAN_POINT('',(46.2438246072934,65.3635725248886,14.));
#10789=CARTESIAN_POINT('Origin',(44.3717601173996,66.3150842408858,14.));
#10790=CARTESIAN_POINT('',(48.3526441806269,59.8030723095334,14.));
#10791=CARTESIAN_POINT('',(54.1723848903525,44.4576772463665,14.));
#10792=CARTESIAN_POINT('',(46.6308410532323,55.9773826914409,14.));
#10793=CARTESIAN_POINT('Origin',(47.5823527692295,57.8494471813348,14.));
#10794=CARTESIAN_POINT('',(16.9672416528983,44.7274633301932,14.));
#10795=CARTESIAN_POINT('',(-75.2274241762048,22.9794511321637,14.));
#10796=CARTESIAN_POINT('',(-73.213853495921,26.8159895245,14.));
#10797=CARTESIAN_POINT('',(-71.2220877102536,24.227564451539,14.));
#10798=CARTESIAN_POINT('Origin',(-73.2543170810228,23.6983728184013,14.));
#10799=CARTESIAN_POINT('',(-65.956319911561,21.4638763128225,14.));
#10800=CARTESIAN_POINT('',(-38.3171528181248,6.95772238041853,14.));
#10801=CARTESIAN_POINT('',(-64.7082065921857,17.4585398468713,14.));
#10802=CARTESIAN_POINT('Origin',(-65.2373982253234,19.4907692176406,14.));
#10803=CARTESIAN_POINT('',(-67.4718947309021,12.1927720481787,14.));
#10804=CARTESIAN_POINT('',(-61.3127918425436,23.9279621385539,14.));
#10805=CARTESIAN_POINT('',(-71.4772311968534,10.9446587288034,14.));
#10806=CARTESIAN_POINT('Origin',(-69.4450018260841,11.4738503619411,14.));
#10807=CARTESIAN_POINT('',(-76.7429989955459,13.7083468675198,14.));
#10808=CARTESIAN_POINT('',(-41.2051802040709,-4.94333927295881,14.));
#10809=CARTESIAN_POINT('',(-77.9911123149212,17.7136833334711,14.));
#10810=CARTESIAN_POINT('Origin',(-77.4619206817835,15.6814539627018,14.));
#10811=CARTESIAN_POINT('',(-73.213853495921,26.8159895245,14.));
#10812=CARTESIAN_POINT('',(15.336632175243,-74.4147505822453,14.));
#10813=CARTESIAN_POINT('',(5.54028793965919,-34.6694195044835,14.));
#10814=CARTESIAN_POINT('',(13.1662470001567,-78.0050061797266,14.));
#10815=CARTESIAN_POINT('Origin',(14.336473565612,-76.2612832127669,14.));
#10816=CARTESIAN_POINT('',(7.39209897941258,-79.4282058397761,14.));
#10817=CARTESIAN_POINT('',(16.0228355112362,-77.3009203503949,14.));
#10818=CARTESIAN_POINT('',(3.80184338193126,-77.2578206646898,14.));
#10819=CARTESIAN_POINT('Origin',(5.54556634889102,-78.428047230145,14.));
#10820=CARTESIAN_POINT('',(2.37864372188177,-71.4836726439457,14.));
#10821=CARTESIAN_POINT('',(-5.28290102362784,-40.3995635973001,14.));
#10822=CARTESIAN_POINT('',(4.54902889696807,-67.8934170464644,14.));
#10823=CARTESIAN_POINT('Origin',(3.37880233151285,-69.6371400134241,14.));
#10824=CARTESIAN_POINT('',(10.3231769177122,-66.4702173864149,14.));
#10825=CARTESIAN_POINT('',(10.2926914184196,-66.4777313871079,14.));
#10826=CARTESIAN_POINT('',(13.9134325151935,-68.6406025615011,14.));
#10827=CARTESIAN_POINT('Origin',(12.1697095482338,-67.4703759960459,14.));
#10828=CARTESIAN_POINT('',(5.54028793965919,-34.6694195044835,14.));
#10829=CARTESIAN_POINT('',(-23.5837668272135,-74.8742973291945,14.));
#10830=CARTESIAN_POINT('',(2.1553730281959,-45.820814361775,14.));
#10831=CARTESIAN_POINT('',(-27.7714085627954,-75.1276029901914,14.));
#10832=CARTESIAN_POINT('Origin',(-25.6715882369164,-75.1001330243049,14.));
#10833=CARTESIAN_POINT('',(-32.2227688597776,-71.1840418908449,14.));
#10834=CARTESIAN_POINT('',(-38.63664760578,-65.5018411631689,14.));
#10835=CARTESIAN_POINT('',(-32.4760745207745,-66.9964001552631,14.));
#10836=CARTESIAN_POINT('Origin',(-32.4486045548879,-69.096220481142,14.));
#10837=CARTESIAN_POINT('',(-28.532513421428,-62.5450398582808,14.));
#10838=CARTESIAN_POINT('',(-8.70871521503835,-40.1685973363346,14.));
#10839=CARTESIAN_POINT('',(-24.3448716858461,-62.291734197284,14.));
#10840=CARTESIAN_POINT('Origin',(-26.444692011725,-62.3192041631705,14.));
#10841=CARTESIAN_POINT('',(-19.8935113888639,-66.2352952966304,14.));
#10842=CARTESIAN_POINT('',(-32.9844305803397,-54.6377529199346,14.));
#10843=CARTESIAN_POINT('',(-19.640205727867,-70.4229370322123,14.));
#10844=CARTESIAN_POINT('Origin',(-19.6676756937536,-68.3231167063334,14.));
#10845=CARTESIAN_POINT('',(2.1553730281959,-45.820814361775,14.));
#10846=CARTESIAN_POINT('',(-52.7685023363819,54.9846724036601,14.));
#10847=CARTESIAN_POINT('',(-33.0090615704502,57.3839028807465,14.));
#10848=CARTESIAN_POINT('',(-49.4660347673176,52.3973542904807,14.));
#10849=CARTESIAN_POINT('Origin',(-51.0559888057943,53.7692311637964,14.));
#10850=CARTESIAN_POINT('',(-48.7492084665181,46.4937585478534,14.));
#10851=CARTESIAN_POINT('',(-45.9718096003432,23.6198208817254,14.));
#10852=CARTESIAN_POINT('',(-51.3365265796975,43.191290978789,14.));
#10853=CARTESIAN_POINT('Origin',(-49.9646497063819,44.7812450172658,14.));
#10854=CARTESIAN_POINT('',(-57.2401223223248,42.4744646779896,14.));
#10855=CARTESIAN_POINT('',(-28.6252879424522,45.9489346062752,14.));
#10856=CARTESIAN_POINT('',(-60.5425898913892,45.061782791169,14.));
#10857=CARTESIAN_POINT('Origin',(-58.9526358529124,43.6899059178533,14.));
#10858=CARTESIAN_POINT('',(-61.2594161921886,50.9653785337963,14.));
#10859=CARTESIAN_POINT('',(-57.4067778748145,19.2360472537274,14.));
#10860=CARTESIAN_POINT('',(-58.6720980790092,54.2678461028607,14.));
#10861=CARTESIAN_POINT('Origin',(-60.0439749523249,52.6778920643839,14.));
#10862=CARTESIAN_POINT('',(-33.0090615704502,57.3839028807465,14.));
#10863=CARTESIAN_POINT('',(59.2463015504675,30.9507962496798,14.));
#10864=CARTESIAN_POINT('',(48.8645227393516,38.1168475094791,14.));
#10865=CARTESIAN_POINT('',(58.4900855453692,35.0773740590898,14.));
#10866=CARTESIAN_POINT('Origin',(58.7704569615472,32.9961744365185,14.));
#10867=CARTESIAN_POINT('',(61.8683499971697,39.971616792295,14.));
#10868=CARTESIAN_POINT('',(40.853244496776,9.5260939949233,14.));
#10869=CARTESIAN_POINT('',(65.9949278065796,40.7278327973933,14.));
#10870=CARTESIAN_POINT('Origin',(63.9137281840084,40.4474613812153,14.));
#10871=CARTESIAN_POINT('',(70.8891705397848,37.3495683455928,14.));
#10872=CARTESIAN_POINT('',(53.1660276288611,49.5830162830928,14.));
#10873=CARTESIAN_POINT('',(71.6453865448831,33.2229905361829,14.));
#10874=CARTESIAN_POINT('Origin',(71.3650151287051,35.3041901587541,14.));
#10875=CARTESIAN_POINT('',(68.2671220930826,28.3287478029777,14.));
#10876=CARTESIAN_POINT('',(52.3194132703897,5.22458910541379,14.));
#10877=CARTESIAN_POINT('',(64.1405442836727,27.5725317978793,14.));
#10878=CARTESIAN_POINT('Origin',(66.2217439062439,27.8529032140573,14.));
#10879=CARTESIAN_POINT('',(48.8645227393516,38.1168475094791,14.));
#10880=CARTESIAN_POINT('Origin',(65.9949278065796,40.7278327973933,14.));
#10881=CARTESIAN_POINT('',(65.9949278065796,40.7278327973933,2.));
#10882=CARTESIAN_POINT('',(65.9949278065796,40.7278327973933,14.));
#10883=CARTESIAN_POINT('',(70.8891705397848,37.3495683455928,2.));
#10884=CARTESIAN_POINT('',(73.3305674470389,35.664387443437,2.));
#10885=CARTESIAN_POINT('',(70.8891705397848,37.3495683455928,14.));
#10886=CARTESIAN_POINT('Origin',(63.9137281840084,40.4474613812153,14.));
#10887=CARTESIAN_POINT('',(61.8683499971697,39.971616792295,2.));
#10888=CARTESIAN_POINT('',(61.8683499971697,39.971616792295,14.));
#10889=CARTESIAN_POINT('Origin',(63.9137281840084,40.4474613812153,2.));
#10890=CARTESIAN_POINT('Origin',(58.4900855453692,35.0773740590898,14.));
#10891=CARTESIAN_POINT('',(58.4900855453692,35.0773740590898,2.));
#10892=CARTESIAN_POINT('',(58.4900855453692,35.0773740590898,14.));
#10893=CARTESIAN_POINT('',(63.5535308993255,42.4130136995491,2.));
#10894=CARTESIAN_POINT('Origin',(58.7704569615472,32.9961744365185,14.));
#10895=CARTESIAN_POINT('',(59.2463015504675,30.9507962496798,2.));
#10896=CARTESIAN_POINT('',(59.2463015504675,30.9507962496798,14.));
#10897=CARTESIAN_POINT('Origin',(58.7704569615472,32.9961744365185,2.));
#10898=CARTESIAN_POINT('Origin',(64.1405442836727,27.5725317978793,14.));
#10899=CARTESIAN_POINT('',(64.1405442836727,27.5725317978793,2.));
#10900=CARTESIAN_POINT('',(64.1405442836727,27.5725317978793,14.));
#10901=CARTESIAN_POINT('',(56.8049046432134,32.6359771518357,2.));
#10902=CARTESIAN_POINT('Origin',(66.2217439062439,27.8529032140573,14.));
#10903=CARTESIAN_POINT('',(68.2671220930826,28.3287478029777,2.));
#10904=CARTESIAN_POINT('',(68.2671220930826,28.3287478029777,14.));
#10905=CARTESIAN_POINT('Origin',(66.2217439062439,27.8529032140573,2.));
#10906=CARTESIAN_POINT('Origin',(71.6453865448831,33.2229905361829,14.));
#10907=CARTESIAN_POINT('',(71.6453865448831,33.2229905361829,2.));
#10908=CARTESIAN_POINT('',(71.6453865448831,33.2229905361829,14.));
#10909=CARTESIAN_POINT('',(66.5819411909268,25.8873508957235,2.));
#10910=CARTESIAN_POINT('Origin',(71.3650151287051,35.3041901587541,14.));
#10911=CARTESIAN_POINT('Origin',(71.3650151287051,35.3041901587541,2.));
#10912=CARTESIAN_POINT('Origin',(65.0677360451262,34.1501822976363,2.));
#10913=CARTESIAN_POINT('Origin',(-51.0559888057943,53.7692311637964,14.));
#10914=CARTESIAN_POINT('',(-52.7685023363819,54.9846724036601,2.));
#10915=CARTESIAN_POINT('',(-52.7685023363819,54.9846724036601,14.));
#10916=CARTESIAN_POINT('',(-49.4660347673176,52.3973542904807,2.));
#10917=CARTESIAN_POINT('Origin',(-51.0559888057943,53.7692311637964,2.));
#10918=CARTESIAN_POINT('',(-49.4660347673176,52.3973542904807,14.));
#10919=CARTESIAN_POINT('Origin',(-58.6720980790092,54.2678461028607,14.));
#10920=CARTESIAN_POINT('',(-58.6720980790092,54.2678461028607,2.));
#10921=CARTESIAN_POINT('',(-58.6720980790092,54.2678461028607,14.));
#10922=CARTESIAN_POINT('',(-49.82360949526,55.3422471316026,2.));
#10923=CARTESIAN_POINT('Origin',(-60.0439749523249,52.6778920643839,14.));
#10924=CARTESIAN_POINT('',(-61.2594161921886,50.9653785337963,2.));
#10925=CARTESIAN_POINT('',(-61.2594161921886,50.9653785337963,14.));
#10926=CARTESIAN_POINT('Origin',(-60.0439749523249,52.6778920643839,2.));
#10927=CARTESIAN_POINT('Origin',(-60.5425898913892,45.061782791169,14.));
#10928=CARTESIAN_POINT('',(-60.5425898913892,45.061782791169,2.));
#10929=CARTESIAN_POINT('',(-60.5425898913892,45.061782791169,14.));
#10930=CARTESIAN_POINT('',(-61.6169909201311,53.9102713749182,2.));
#10931=CARTESIAN_POINT('Origin',(-58.9526358529124,43.6899059178533,14.));
#10932=CARTESIAN_POINT('',(-57.2401223223248,42.4744646779896,2.));
#10933=CARTESIAN_POINT('',(-57.2401223223248,42.4744646779896,14.));
#10934=CARTESIAN_POINT('Origin',(-58.9526358529124,43.6899059178533,2.));
#10935=CARTESIAN_POINT('Origin',(-51.3365265796975,43.191290978789,14.));
#10936=CARTESIAN_POINT('',(-51.3365265796975,43.191290978789,2.));
#10937=CARTESIAN_POINT('',(-51.3365265796975,43.191290978789,14.));
#10938=CARTESIAN_POINT('',(-60.1850151634467,42.1168899500471,2.));
#10939=CARTESIAN_POINT('Origin',(-49.9646497063819,44.7812450172658,14.));
#10940=CARTESIAN_POINT('',(-48.7492084665181,46.4937585478534,2.));
#10941=CARTESIAN_POINT('',(-48.7492084665181,46.4937585478534,14.));
#10942=CARTESIAN_POINT('Origin',(-49.9646497063819,44.7812450172658,2.));
#10943=CARTESIAN_POINT('Origin',(-49.4660347673176,52.3973542904807,14.));
#10944=CARTESIAN_POINT('',(-48.3916337385756,43.5488657067315,2.));
#10945=CARTESIAN_POINT('Origin',(-55.0043123293534,48.7295685408249,2.));
#10946=CARTESIAN_POINT('Origin',(-32.4760745207745,-66.9964001552631,14.));
#10947=CARTESIAN_POINT('',(-32.4760745207745,-66.9964001552631,2.));
#10948=CARTESIAN_POINT('',(-32.4760745207745,-66.9964001552631,14.));
#10949=CARTESIAN_POINT('',(-28.532513421428,-62.5450398582808,2.));
#10950=CARTESIAN_POINT('',(-26.5653453841355,-60.3245661599915,2.));
#10951=CARTESIAN_POINT('',(-28.532513421428,-62.5450398582808,14.));
#10952=CARTESIAN_POINT('Origin',(-32.4486045548879,-69.096220481142,14.));
#10953=CARTESIAN_POINT('',(-32.2227688597776,-71.1840418908449,2.));
#10954=CARTESIAN_POINT('',(-32.2227688597776,-71.1840418908449,14.));
#10955=CARTESIAN_POINT('Origin',(-32.4486045548879,-69.096220481142,2.));
#10956=CARTESIAN_POINT('Origin',(-27.7714085627954,-75.1276029901914,14.));
#10957=CARTESIAN_POINT('',(-27.7714085627954,-75.1276029901914,2.));
#10958=CARTESIAN_POINT('',(-27.7714085627954,-75.1276029901914,14.));
#10959=CARTESIAN_POINT('',(-34.443242558067,-69.2168738535525,2.));
#10960=CARTESIAN_POINT('Origin',(-25.6715882369164,-75.1001330243049,14.));
#10961=CARTESIAN_POINT('',(-23.5837668272135,-74.8742973291945,2.));
#10962=CARTESIAN_POINT('',(-23.5837668272135,-74.8742973291945,14.));
#10963=CARTESIAN_POINT('Origin',(-25.6715882369164,-75.1001330243049,2.));
#10964=CARTESIAN_POINT('Origin',(-19.640205727867,-70.4229370322123,14.));
#10965=CARTESIAN_POINT('',(-19.640205727867,-70.4229370322123,2.));
#10966=CARTESIAN_POINT('',(-19.640205727867,-70.4229370322123,14.));
#10967=CARTESIAN_POINT('',(-25.550934864506,-77.0947710274839,2.));
#10968=CARTESIAN_POINT('Origin',(-19.6676756937536,-68.3231167063334,14.));
#10969=CARTESIAN_POINT('',(-19.8935113888639,-66.2352952966304,2.));
#10970=CARTESIAN_POINT('',(-19.8935113888639,-66.2352952966304,14.));
#10971=CARTESIAN_POINT('Origin',(-19.6676756937536,-68.3231167063334,2.));
#10972=CARTESIAN_POINT('Origin',(-24.3448716858461,-62.291734197284,14.));
#10973=CARTESIAN_POINT('',(-24.3448716858461,-62.291734197284,2.));
#10974=CARTESIAN_POINT('',(-24.3448716858461,-62.291734197284,14.));
#10975=CARTESIAN_POINT('',(-17.6730376905745,-68.2024633339229,2.));
#10976=CARTESIAN_POINT('Origin',(-26.444692011725,-62.3192041631705,14.));
#10977=CARTESIAN_POINT('Origin',(-26.444692011725,-62.3192041631705,2.));
#10978=CARTESIAN_POINT('Origin',(-26.0581401243207,-68.7096685937377,2.));
#10979=CARTESIAN_POINT('Origin',(3.80184338193126,-77.2578206646898,14.));
#10980=CARTESIAN_POINT('',(3.80184338193126,-77.2578206646898,2.));
#10981=CARTESIAN_POINT('',(3.80184338193126,-77.2578206646898,14.));
#10982=CARTESIAN_POINT('',(2.37864372188177,-71.4836726439457,2.));
#10983=CARTESIAN_POINT('',(1.66870851068426,-68.6033522576619,2.));
#10984=CARTESIAN_POINT('',(2.37864372188177,-71.4836726439457,14.));
#10985=CARTESIAN_POINT('Origin',(5.54556634889102,-78.428047230145,14.));
#10986=CARTESIAN_POINT('',(7.39209897941258,-79.4282058397761,2.));
#10987=CARTESIAN_POINT('',(7.39209897941258,-79.4282058397761,14.));
#10988=CARTESIAN_POINT('Origin',(5.54556634889102,-78.428047230145,2.));
#10989=CARTESIAN_POINT('Origin',(13.1662470001567,-78.0050061797266,14.));
#10990=CARTESIAN_POINT('',(13.1662470001567,-78.0050061797266,2.));
#10991=CARTESIAN_POINT('',(13.1662470001567,-78.0050061797266,14.));
#10992=CARTESIAN_POINT('',(4.51177859312876,-80.1381410509736,2.));
#10993=CARTESIAN_POINT('Origin',(14.336473565612,-76.2612832127669,14.));
#10994=CARTESIAN_POINT('',(15.336632175243,-74.4147505822453,2.));
#10995=CARTESIAN_POINT('',(15.336632175243,-74.4147505822453,14.));
#10996=CARTESIAN_POINT('Origin',(14.336473565612,-76.2612832127669,2.));
#10997=CARTESIAN_POINT('Origin',(13.9134325151935,-68.6406025615011,14.));
#10998=CARTESIAN_POINT('',(13.9134325151935,-68.6406025615011,2.));
#10999=CARTESIAN_POINT('',(13.9134325151935,-68.6406025615011,14.));
#11000=CARTESIAN_POINT('',(16.0465673864405,-77.2950709685291,2.));
#11001=CARTESIAN_POINT('Origin',(12.1697095482338,-67.4703759960459,14.));
#11002=CARTESIAN_POINT('',(10.3231769177122,-66.4702173864149,2.));
#11003=CARTESIAN_POINT('',(10.3231769177122,-66.4702173864149,14.));
#11004=CARTESIAN_POINT('Origin',(12.1697095482338,-67.4703759960459,2.));
#11005=CARTESIAN_POINT('Origin',(4.54902889696807,-67.8934170464644,14.));
#11006=CARTESIAN_POINT('',(4.54902889696807,-67.8934170464644,2.));
#11007=CARTESIAN_POINT('',(4.54902889696807,-67.8934170464644,14.));
#11008=CARTESIAN_POINT('',(13.203497303996,-65.7602821752174,2.));
#11009=CARTESIAN_POINT('Origin',(3.37880233151285,-69.6371400134241,14.));
#11010=CARTESIAN_POINT('Origin',(3.37880233151285,-69.6371400134241,2.));
#11011=CARTESIAN_POINT('Origin',(8.8576379485624,-72.9492116130955,2.));
#11012=CARTESIAN_POINT('Origin',(-71.2220877102536,24.227564451539,14.));
#11013=CARTESIAN_POINT('',(-71.2220877102536,24.227564451539,2.));
#11014=CARTESIAN_POINT('',(-71.2220877102536,24.227564451539,14.));
#11015=CARTESIAN_POINT('',(-65.956319911561,21.4638763128225,2.));
#11016=CARTESIAN_POINT('',(-63.3295950188977,20.0852647395346,2.));
#11017=CARTESIAN_POINT('',(-65.956319911561,21.4638763128225,14.));
#11018=CARTESIAN_POINT('Origin',(-73.2543170810228,23.6983728184013,14.));
#11019=CARTESIAN_POINT('',(-75.2274241762048,22.9794511321637,2.));
#11020=CARTESIAN_POINT('',(-75.2274241762048,22.9794511321637,14.));
#11021=CARTESIAN_POINT('Origin',(-73.2543170810228,23.6983728184013,2.));
#11022=CARTESIAN_POINT('Origin',(-77.9911123149212,17.7136833334711,14.));
#11023=CARTESIAN_POINT('',(-77.9911123149212,17.7136833334711,2.));
#11024=CARTESIAN_POINT('',(-77.9911123149212,17.7136833334711,14.));
#11025=CARTESIAN_POINT('',(-73.8488126029168,25.6061760248269,2.));
#11026=CARTESIAN_POINT('Origin',(-77.4619206817835,15.6814539627018,14.));
#11027=CARTESIAN_POINT('',(-76.7429989955459,13.7083468675198,2.));
#11028=CARTESIAN_POINT('',(-76.7429989955459,13.7083468675198,14.));
#11029=CARTESIAN_POINT('Origin',(-77.4619206817835,15.6814539627018,2.));
#11030=CARTESIAN_POINT('Origin',(-71.4772311968534,10.9446587288034,14.));
#11031=CARTESIAN_POINT('',(-71.4772311968534,10.9446587288034,2.));
#11032=CARTESIAN_POINT('',(-71.4772311968534,10.9446587288034,14.));
#11033=CARTESIAN_POINT('',(-79.3697238882092,15.0869584408078,2.));
#11034=CARTESIAN_POINT('Origin',(-69.4450018260841,11.4738503619411,14.));
#11035=CARTESIAN_POINT('',(-67.4718947309021,12.1927720481787,2.));
#11036=CARTESIAN_POINT('',(-67.4718947309021,12.1927720481787,14.));
#11037=CARTESIAN_POINT('Origin',(-69.4450018260841,11.4738503619411,2.));
#11038=CARTESIAN_POINT('Origin',(-64.7082065921857,17.4585398468713,14.));
#11039=CARTESIAN_POINT('',(-64.7082065921857,17.4585398468713,2.));
#11040=CARTESIAN_POINT('',(-64.7082065921857,17.4585398468713,14.));
#11041=CARTESIAN_POINT('',(-68.85050630419,9.56604715551546,2.));
#11042=CARTESIAN_POINT('Origin',(-65.2373982253234,19.4907692176406,14.));
#11043=CARTESIAN_POINT('Origin',(-65.2373982253234,19.4907692176406,2.));
#11044=CARTESIAN_POINT('Origin',(-71.3496594535535,17.5861115901712,2.));
#11045=CARTESIAN_POINT('Origin',(36.8576347738457,64.9765560789498,14.));
#11046=CARTESIAN_POINT('',(36.8576347738457,64.9765560789498,2.));
#11047=CARTESIAN_POINT('',(36.8576347738457,64.9765560789498,14.));
#11048=CARTESIAN_POINT('',(42.418134989201,67.0853756522832,2.));
#11049=CARTESIAN_POINT('',(45.1918813619445,68.1373188976322,2.));
#11050=CARTESIAN_POINT('',(42.418134989201,67.0853756522832,14.));
#11051=CARTESIAN_POINT('Origin',(35.9061230578485,63.1044915890559,14.));
#11052=CARTESIAN_POINT('',(35.1358316464511,61.1508664608573,2.));
#11053=CARTESIAN_POINT('',(35.1358316464511,61.1508664608573,14.));
#11054=CARTESIAN_POINT('Origin',(35.9061230578485,63.1044915890559,2.));
#11055=CARTESIAN_POINT('Origin',(37.2446512197846,55.590366245502,14.));
#11056=CARTESIAN_POINT('',(37.2446512197846,55.590366245502,2.));
#11057=CARTESIAN_POINT('',(37.2446512197846,55.590366245502,14.));
#11058=CARTESIAN_POINT('',(34.0838884011021,63.9246128336009,2.));
#11059=CARTESIAN_POINT('Origin',(39.1167157096784,54.6388545295048,14.));
#11060=CARTESIAN_POINT('',(41.070340837877,53.8685631181074,2.));
#11061=CARTESIAN_POINT('',(41.070340837877,53.8685631181074,14.));
#11062=CARTESIAN_POINT('Origin',(39.1167157096784,54.6388545295048,2.));
#11063=CARTESIAN_POINT('Origin',(46.6308410532323,55.9773826914409,14.));
#11064=CARTESIAN_POINT('',(46.6308410532323,55.9773826914409,2.));
#11065=CARTESIAN_POINT('',(46.6308410532323,55.9773826914409,14.));
#11066=CARTESIAN_POINT('',(38.2965944651335,52.8166198727585,2.));
#11067=CARTESIAN_POINT('Origin',(47.5823527692295,57.8494471813348,14.));
#11068=CARTESIAN_POINT('',(48.3526441806269,59.8030723095334,2.));
#11069=CARTESIAN_POINT('',(48.3526441806269,59.8030723095334,14.));
#11070=CARTESIAN_POINT('Origin',(47.5823527692295,57.8494471813348,2.));
#11071=CARTESIAN_POINT('Origin',(46.2438246072934,65.3635725248886,14.));
#11072=CARTESIAN_POINT('',(46.2438246072934,65.3635725248886,2.));
#11073=CARTESIAN_POINT('',(46.2438246072934,65.3635725248886,14.));
#11074=CARTESIAN_POINT('',(49.4045874259758,57.0293259367898,2.));
#11075=CARTESIAN_POINT('Origin',(44.3717601173996,66.3150842408858,14.));
#11076=CARTESIAN_POINT('Origin',(44.3717601173996,66.3150842408858,2.));
#11077=CARTESIAN_POINT('Origin',(41.744237913539,60.4769693851953,2.));
#11078=CARTESIAN_POINT('Origin',(68.9579999999994,4.52700000000055,14.));
#11079=CARTESIAN_POINT('',(67.5449999999992,2.97347787270379,2.));
#11080=CARTESIAN_POINT('',(67.5449999999992,2.97347787270379,14.));
#11081=CARTESIAN_POINT('',(70.5115221272962,5.94000000000074,2.));
#11082=CARTESIAN_POINT('Origin',(68.9579999999994,4.52700000000055,2.));
#11083=CARTESIAN_POINT('',(70.5115221272962,5.94000000000074,14.));
#11084=CARTESIAN_POINT('Origin',(67.5449999999992,-2.97347787270391,14.));
#11085=CARTESIAN_POINT('',(67.5449999999992,-2.97347787270391,2.));
#11086=CARTESIAN_POINT('',(67.5449999999992,-2.97347787270391,14.));
#11087=CARTESIAN_POINT('',(67.5449999999992,5.94000000000074,2.));
#11088=CARTESIAN_POINT('Origin',(68.9579999999994,-4.52700000000066,14.));
#11089=CARTESIAN_POINT('',(70.5115221272962,-5.94000000000084,2.));
#11090=CARTESIAN_POINT('',(70.5115221272962,-5.94000000000085,14.));
#11091=CARTESIAN_POINT('Origin',(68.9579999999994,-4.52700000000066,2.));
#11092=CARTESIAN_POINT('Origin',(76.4584778727039,-5.94000000000084,14.));
#11093=CARTESIAN_POINT('',(76.4584778727039,-5.94000000000084,2.));
#11094=CARTESIAN_POINT('',(76.4584778727039,-5.94000000000084,14.));
#11095=CARTESIAN_POINT('',(67.5449999999992,-5.94000000000085,2.));
#11096=CARTESIAN_POINT('Origin',(78.0120000000006,-4.52700000000065,14.));
#11097=CARTESIAN_POINT('',(79.4250000000008,-2.97347787270391,2.));
#11098=CARTESIAN_POINT('',(79.4250000000008,-2.97347787270391,14.));
#11099=CARTESIAN_POINT('Origin',(78.0120000000006,-4.52700000000065,2.));
#11100=CARTESIAN_POINT('Origin',(79.4250000000008,2.97347787270381,14.));
#11101=CARTESIAN_POINT('',(79.4250000000008,2.97347787270381,2.));
#11102=CARTESIAN_POINT('',(79.4250000000008,2.97347787270381,14.));
#11103=CARTESIAN_POINT('',(79.4250000000008,-5.94000000000084,2.));
#11104=CARTESIAN_POINT('Origin',(78.0120000000006,4.52700000000055,14.));
#11105=CARTESIAN_POINT('',(76.4584778727039,5.94000000000074,2.));
#11106=CARTESIAN_POINT('',(76.4584778727039,5.94000000000074,14.));
#11107=CARTESIAN_POINT('Origin',(78.0120000000006,4.52700000000055,2.));
#11108=CARTESIAN_POINT('Origin',(70.5115221272962,5.94000000000074,14.));
#11109=CARTESIAN_POINT('',(79.4250000000008,5.94000000000074,2.));
#11110=CARTESIAN_POINT('Origin',(73.485,-5.38458166943201E-14,2.));
#11111=CARTESIAN_POINT('Origin',(-23.5837668272135,74.8742973291946,14.));
#11112=CARTESIAN_POINT('',(-23.5837668272135,74.8742973291946,2.));
#11113=CARTESIAN_POINT('',(-23.5837668272135,74.8742973291946,14.));
#11114=CARTESIAN_POINT('',(-19.6402057278669,70.4229370322124,2.));
#11115=CARTESIAN_POINT('',(-17.6730376905744,68.2024633339229,2.));
#11116=CARTESIAN_POINT('',(-19.6402057278669,70.4229370322124,14.));
#11117=CARTESIAN_POINT('Origin',(-25.6715882369164,75.100133024305,14.));
#11118=CARTESIAN_POINT('',(-27.7714085627954,75.1276029901915,2.));
#11119=CARTESIAN_POINT('',(-27.7714085627954,75.1276029901915,14.));
#11120=CARTESIAN_POINT('Origin',(-25.6715882369164,75.100133024305,2.));
#11121=CARTESIAN_POINT('Origin',(-32.2227688597776,71.184041890845,14.));
#11122=CARTESIAN_POINT('',(-32.2227688597776,71.184041890845,2.));
#11123=CARTESIAN_POINT('',(-32.2227688597776,71.184041890845,14.));
#11124=CARTESIAN_POINT('',(-25.550934864506,77.094771027484,2.));
#11125=CARTESIAN_POINT('Origin',(-32.448604554888,69.096220481142,14.));
#11126=CARTESIAN_POINT('',(-32.4760745207746,66.9964001552631,2.));
#11127=CARTESIAN_POINT('',(-32.4760745207746,66.9964001552631,14.));
#11128=CARTESIAN_POINT('Origin',(-32.448604554888,69.096220481142,2.));
#11129=CARTESIAN_POINT('Origin',(-28.532513421428,62.5450398582808,14.));
#11130=CARTESIAN_POINT('',(-28.532513421428,62.5450398582808,2.));
#11131=CARTESIAN_POINT('',(-28.532513421428,62.5450398582808,14.));
#11132=CARTESIAN_POINT('',(-34.443242558067,69.2168738535525,2.));
#11133=CARTESIAN_POINT('Origin',(-26.444692011725,62.3192041631705,14.));
#11134=CARTESIAN_POINT('',(-24.3448716858461,62.2917341972839,2.));
#11135=CARTESIAN_POINT('',(-24.3448716858461,62.2917341972839,14.));
#11136=CARTESIAN_POINT('Origin',(-26.444692011725,62.3192041631705,2.));
#11137=CARTESIAN_POINT('Origin',(-19.8935113888638,66.2352952966305,14.));
#11138=CARTESIAN_POINT('',(-19.8935113888638,66.2352952966305,2.));
#11139=CARTESIAN_POINT('',(-19.8935113888638,66.2352952966305,14.));
#11140=CARTESIAN_POINT('',(-26.5653453841355,60.3245661599914,2.));
#11141=CARTESIAN_POINT('Origin',(-19.6676756937535,68.3231167063334,14.));
#11142=CARTESIAN_POINT('Origin',(-19.6676756937535,68.3231167063334,2.));
#11143=CARTESIAN_POINT('Origin',(-26.0581401243207,68.7096685937377,2.));
#11144=CARTESIAN_POINT('Origin',(-57.2401223201397,-42.4744646772138,14.));
#11145=CARTESIAN_POINT('',(-57.2401223201397,-42.4744646772138,2.));
#11146=CARTESIAN_POINT('',(-57.2401223201397,-42.4744646772138,14.));
#11147=CARTESIAN_POINT('',(-51.3365265777671,-43.1912909800734,2.));
#11148=CARTESIAN_POINT('',(-48.3916337367722,-43.5488657090436,2.));
#11149=CARTESIAN_POINT('',(-51.3365265777671,-43.1912909800734,14.));
#11150=CARTESIAN_POINT('Origin',(-58.9526358511503,-43.6899059164788,14.));
#11151=CARTESIAN_POINT('',(-60.5425898901048,-45.0617827892385,2.));
#11152=CARTESIAN_POINT('',(-60.5425898901048,-45.0617827892385,14.));
#11153=CARTESIAN_POINT('Origin',(-58.9526358511503,-43.6899059164788,2.));
#11154=CARTESIAN_POINT('Origin',(-61.2594161929645,-50.9653785316112,14.));
#11155=CARTESIAN_POINT('',(-61.2594161929645,-50.9653785316112,2.));
#11156=CARTESIAN_POINT('',(-61.2594161929645,-50.9653785316112,14.));
#11157=CARTESIAN_POINT('',(-60.1850151611346,-42.1168899482436,2.));
#11158=CARTESIAN_POINT('Origin',(-60.0439749536994,-52.6778920626218,14.));
#11159=CARTESIAN_POINT('',(-58.6720980809397,-54.2678461015762,2.));
#11160=CARTESIAN_POINT('',(-58.6720980809397,-54.2678461015762,14.));
#11161=CARTESIAN_POINT('Origin',(-60.0439749536994,-52.6778920626218,2.));
#11162=CARTESIAN_POINT('Origin',(-52.768502338567,-54.9846724044359,14.));
#11163=CARTESIAN_POINT('',(-52.768502338567,-54.9846724044359,2.));
#11164=CARTESIAN_POINT('',(-52.768502338567,-54.9846724044359,14.));
#11165=CARTESIAN_POINT('',(-61.6169909219346,-53.9102713726061,2.));
#11166=CARTESIAN_POINT('Origin',(-51.0559888075565,-53.7692311651708,14.));
#11167=CARTESIAN_POINT('',(-49.466034768602,-52.3973542924112,2.));
#11168=CARTESIAN_POINT('',(-49.466034768602,-52.3973542924112,14.));
#11169=CARTESIAN_POINT('Origin',(-51.0559888075565,-53.7692311651708,2.));
#11170=CARTESIAN_POINT('Origin',(-48.7492084657423,-46.4937585500385,14.));
#11171=CARTESIAN_POINT('',(-48.7492084657423,-46.4937585500385,2.));
#11172=CARTESIAN_POINT('',(-48.7492084657423,-46.4937585500385,14.));
#11173=CARTESIAN_POINT('',(-49.8236094975721,-55.3422471334061,2.));
#11174=CARTESIAN_POINT('Origin',(-49.9646497050074,-44.7812450190279,14.));
#11175=CARTESIAN_POINT('Origin',(-49.9646497050074,-44.7812450190279,2.));
#11176=CARTESIAN_POINT('Origin',(-55.0043123293534,-48.7295685408248,2.));
#11177=CARTESIAN_POINT('Origin',(44.3717601173992,-66.3150842408851,14.));
#11178=CARTESIAN_POINT('',(46.2438246072928,-65.363572524888,2.));
#11179=CARTESIAN_POINT('',(46.2438246072928,-65.363572524888,14.));
#11180=CARTESIAN_POINT('',(42.4181349892009,-67.0853756522824,2.));
#11181=CARTESIAN_POINT('Origin',(44.3717601173992,-66.3150842408851,2.));
#11182=CARTESIAN_POINT('',(42.4181349892009,-67.0853756522824,14.));
#11183=CARTESIAN_POINT('Origin',(48.352644180626,-59.8030723095334,14.));
#11184=CARTESIAN_POINT('',(48.352644180626,-59.8030723095334,2.));
#11185=CARTESIAN_POINT('',(48.352644180626,-59.8030723095334,14.));
#11186=CARTESIAN_POINT('',(45.191881361944,-68.1373188976312,2.));
#11187=CARTESIAN_POINT('Origin',(47.5823527692287,-57.8494471813351,14.));
#11188=CARTESIAN_POINT('',(46.6308410532316,-55.9773826914415,2.));
#11189=CARTESIAN_POINT('',(46.6308410532316,-55.9773826914415,14.));
#11190=CARTESIAN_POINT('Origin',(47.5823527692287,-57.8494471813351,2.));
#11191=CARTESIAN_POINT('Origin',(41.0703408378771,-53.8685631181083,14.));
#11192=CARTESIAN_POINT('',(41.0703408378771,-53.8685631181083,2.));
#11193=CARTESIAN_POINT('',(41.0703408378771,-53.8685631181083,14.));
#11194=CARTESIAN_POINT('',(49.4045874259748,-57.0293259367903,2.));
#11195=CARTESIAN_POINT('Origin',(39.1167157096787,-54.6388545295056,14.));
#11196=CARTESIAN_POINT('',(37.2446512197851,-55.5903662455027,2.));
#11197=CARTESIAN_POINT('',(37.2446512197851,-55.5903662455027,14.));
#11198=CARTESIAN_POINT('Origin',(39.1167157096787,-54.6388545295056,2.));
#11199=CARTESIAN_POINT('Origin',(35.1358316464519,-61.1508664608573,14.));
#11200=CARTESIAN_POINT('',(35.1358316464519,-61.1508664608573,2.));
#11201=CARTESIAN_POINT('',(35.1358316464519,-61.1508664608573,14.));
#11202=CARTESIAN_POINT('',(38.2965944651339,-52.8166198727595,2.));
#11203=CARTESIAN_POINT('Origin',(35.9061230578492,-63.1044915890556,14.));
#11204=CARTESIAN_POINT('',(36.8576347738463,-64.9765560789492,2.));
#11205=CARTESIAN_POINT('',(36.8576347738463,-64.9765560789492,14.));
#11206=CARTESIAN_POINT('Origin',(35.9061230578492,-63.1044915890556,2.));
#11207=CARTESIAN_POINT('Origin',(42.4181349892009,-67.0853756522824,14.));
#11208=CARTESIAN_POINT('',(34.0838884011032,-63.9246128336004,2.));
#11209=CARTESIAN_POINT('Origin',(41.744237913539,-60.4769693851954,2.));
#11210=CARTESIAN_POINT('Origin',(-76.7429989948692,-13.7083468665785,14.));
#11211=CARTESIAN_POINT('',(-76.7429989948692,-13.7083468665785,2.));
#11212=CARTESIAN_POINT('',(-76.7429989948692,-13.7083468665785,14.));
#11213=CARTESIAN_POINT('',(-71.4772311956942,-10.944658728781,2.));
#11214=CARTESIAN_POINT('',(-68.8505063027903,-9.56604715595149,2.));
#11215=CARTESIAN_POINT('',(-71.4772311956942,-10.944658728781,14.));
#11216=CARTESIAN_POINT('Origin',(-77.4619206814512,-15.681453961635,14.));
#11217=CARTESIAN_POINT('',(-77.9911123149436,-17.7136833323119,2.));
#11218=CARTESIAN_POINT('',(-77.9911123149436,-17.7136833323119,14.));
#11219=CARTESIAN_POINT('Origin',(-77.4619206814512,-15.681453961635,2.));
#11220=CARTESIAN_POINT('Origin',(-75.2274241771462,-22.979451131487,14.));
#11221=CARTESIAN_POINT('',(-75.2274241771462,-22.979451131487,2.));
#11222=CARTESIAN_POINT('',(-75.2274241771462,-22.979451131487,14.));
#11223=CARTESIAN_POINT('',(-79.3697238877732,-15.086958439408,2.));
#11224=CARTESIAN_POINT('Origin',(-73.2543170820897,-23.6983728180689,14.));
#11225=CARTESIAN_POINT('',(-71.2220877114127,-24.2275644515613,2.));
#11226=CARTESIAN_POINT('',(-71.2220877114127,-24.2275644515613,14.));
#11227=CARTESIAN_POINT('Origin',(-73.2543170820897,-23.6983728180689,2.));
#11228=CARTESIAN_POINT('Origin',(-65.9563199122377,-21.4638763137639,14.));
#11229=CARTESIAN_POINT('',(-65.9563199122377,-21.4638763137639,2.));
#11230=CARTESIAN_POINT('',(-65.9563199122377,-21.4638763137639,14.));
#11231=CARTESIAN_POINT('',(-73.8488126043167,-25.6061760243909,2.));
#11232=CARTESIAN_POINT('Origin',(-65.2373982256557,-19.4907692187074,14.));
#11233=CARTESIAN_POINT('',(-64.7082065921633,-17.4585398480305,2.));
#11234=CARTESIAN_POINT('',(-64.7082065921633,-17.4585398480305,14.));
#11235=CARTESIAN_POINT('Origin',(-65.2373982256557,-19.4907692187074,2.));
#11236=CARTESIAN_POINT('Origin',(-67.4718947299607,-12.1927720488554,14.));
#11237=CARTESIAN_POINT('',(-67.4718947299607,-12.1927720488554,2.));
#11238=CARTESIAN_POINT('',(-67.4718947299607,-12.1927720488554,14.));
#11239=CARTESIAN_POINT('',(-63.3295950193338,-20.0852647409344,2.));
#11240=CARTESIAN_POINT('Origin',(-69.4450018250173,-11.4738503622735,14.));
#11241=CARTESIAN_POINT('Origin',(-69.4450018250173,-11.4738503622735,2.));
#11242=CARTESIAN_POINT('Origin',(-71.3496594535535,-17.5861115901712,2.));
#11243=CARTESIAN_POINT('Origin',(10.3231769177123,66.4702173864145,14.));
#11244=CARTESIAN_POINT('',(10.3231769177123,66.4702173864145,2.));
#11245=CARTESIAN_POINT('',(10.3231769177123,66.4702173864145,14.));
#11246=CARTESIAN_POINT('',(4.54902889696787,67.8934170464641,2.));
#11247=CARTESIAN_POINT('',(1.66870851068392,68.6033522576616,2.));
#11248=CARTESIAN_POINT('',(4.54902889696787,67.8934170464641,14.));
#11249=CARTESIAN_POINT('Origin',(12.169709548234,67.4703759960457,14.));
#11250=CARTESIAN_POINT('',(13.9134325151938,68.640602561501,2.));
#11251=CARTESIAN_POINT('',(13.9134325151938,68.640602561501,14.));
#11252=CARTESIAN_POINT('Origin',(12.169709548234,67.4703759960457,2.));
#11253=CARTESIAN_POINT('Origin',(15.3366321752434,74.4147505822454,14.));
#11254=CARTESIAN_POINT('',(15.3366321752434,74.4147505822454,2.));
#11255=CARTESIAN_POINT('',(15.3366321752434,74.4147505822454,14.));
#11256=CARTESIAN_POINT('',(13.2034973039963,65.760282175217,2.));
#11257=CARTESIAN_POINT('Origin',(14.3364735656122,76.261283212767,14.));
#11258=CARTESIAN_POINT('',(13.166247000157,78.0050061797269,2.));
#11259=CARTESIAN_POINT('',(13.166247000157,78.0050061797269,14.));
#11260=CARTESIAN_POINT('Origin',(14.3364735656122,76.261283212767,2.));
#11261=CARTESIAN_POINT('Origin',(7.39209897941252,79.4282058397764,14.));
#11262=CARTESIAN_POINT('',(7.39209897941252,79.4282058397764,2.));
#11263=CARTESIAN_POINT('',(7.39209897941252,79.4282058397764,14.));
#11264=CARTESIAN_POINT('',(16.0465673864409,77.2950709685293,2.));
#11265=CARTESIAN_POINT('Origin',(5.54556634889087,78.4280472301453,14.));
#11266=CARTESIAN_POINT('',(3.80184338193102,77.25782066469,2.));
#11267=CARTESIAN_POINT('',(3.80184338193102,77.25782066469,14.));
#11268=CARTESIAN_POINT('Origin',(5.54556634889087,78.4280472301453,2.));
#11269=CARTESIAN_POINT('Origin',(2.37864372188147,71.4836726439456,14.));
#11270=CARTESIAN_POINT('',(2.37864372188148,71.4836726439456,2.));
#11271=CARTESIAN_POINT('',(2.37864372188148,71.4836726439456,14.));
#11272=CARTESIAN_POINT('',(4.51177859312858,80.138141050974,2.));
#11273=CARTESIAN_POINT('Origin',(3.3788023315126,69.6371400134239,14.));
#11274=CARTESIAN_POINT('Origin',(3.3788023315126,69.6371400134239,2.));
#11275=CARTESIAN_POINT('Origin',(8.85763794856242,72.9492116130955,2.));
#11276=CARTESIAN_POINT('Origin',(70.8891649546771,-37.34957850794,14.));
#11277=CARTESIAN_POINT('',(70.8891649546771,-37.34957850794,2.));
#11278=CARTESIAN_POINT('',(70.8891649546771,-37.34957850794,14.));
#11279=CARTESIAN_POINT('',(65.9949163241163,-40.7278344159619,2.));
#11280=CARTESIAN_POINT('',(63.5535164750821,-42.4130110562215,2.));
#11281=CARTESIAN_POINT('',(65.9949163241163,-40.7278344159619,14.));
#11282=CARTESIAN_POINT('Origin',(71.3650131141691,-35.3042011517759,14.));
#11283=CARTESIAN_POINT('',(71.6453881634517,-33.2230020186461,2.));
#11284=CARTESIAN_POINT('',(71.6453881634517,-33.2230020186461,14.));
#11285=CARTESIAN_POINT('Origin',(71.3650131141691,-35.3042011517759,2.));
#11286=CARTESIAN_POINT('Origin',(68.2671322554297,-28.3287533880853,14.));
#11287=CARTESIAN_POINT('',(68.2671322554297,-28.3287533880853,2.));
#11288=CARTESIAN_POINT('',(68.2671322554297,-28.3287533880853,14.));
#11289=CARTESIAN_POINT('',(73.3305648037113,-35.6644018676803,2.));
#11290=CARTESIAN_POINT('Origin',(66.2217548992657,-27.8529052285934,14.));
#11291=CARTESIAN_POINT('',(64.1405557661359,-27.5725301793108,2.));
#11292=CARTESIAN_POINT('',(64.1405557661359,-27.5725301793108,14.));
#11293=CARTESIAN_POINT('Origin',(66.2217548992657,-27.8529052285934,2.));
#11294=CARTESIAN_POINT('Origin',(59.2463071355751,-30.9507860873327,14.));
#11295=CARTESIAN_POINT('',(59.2463071355751,-30.9507860873327,2.));
#11296=CARTESIAN_POINT('',(59.2463071355751,-30.9507860873327,14.));
#11297=CARTESIAN_POINT('',(66.5819556151701,-25.8873535390512,2.));
#11298=CARTESIAN_POINT('Origin',(58.7704589760832,-32.9961634434968,14.));
#11299=CARTESIAN_POINT('',(58.4900839268005,-35.0773625766266,2.));
#11300=CARTESIAN_POINT('',(58.4900839268005,-35.0773625766266,14.));
#11301=CARTESIAN_POINT('Origin',(58.7704589760832,-32.9961634434968,2.));
#11302=CARTESIAN_POINT('Origin',(61.8683398348225,-39.9716112071873,14.));
#11303=CARTESIAN_POINT('',(61.8683398348225,-39.9716112071873,2.));
#11304=CARTESIAN_POINT('',(61.8683398348225,-39.9716112071873,14.));
#11305=CARTESIAN_POINT('',(56.8049072865409,-32.6359627275924,2.));
#11306=CARTESIAN_POINT('Origin',(63.9137171909865,-40.4474593666793,14.));
#11307=CARTESIAN_POINT('Origin',(63.9137171909865,-40.4474593666793,2.));
#11308=CARTESIAN_POINT('Origin',(65.0677360451261,-34.1501822976363,2.));
#11309=CARTESIAN_POINT('Origin',(0.,0.,0.));
#11310=CARTESIAN_POINT('',(-95.,1.16341445918999E-14,12.));
#11311=CARTESIAN_POINT('',(-95.,-1.16341445918999E-14,0.));
#11312=CARTESIAN_POINT('Origin',(0.,0.,12.));
#11313=CARTESIAN_POINT('Origin',(0.,0.,0.));
#11314=CARTESIAN_POINT('',(60.,7.34788079488412E-15,0.));
#11315=CARTESIAN_POINT('Origin',(0.,0.,12.));
#11316=UNCERTAINTY_MEASURE_WITH_UNIT(LENGTH_MEASURE(0.01),#11320,
'DISTANCE_ACCURACY_VALUE',
'Maximum model space distance between geometric entities at asserted c
onnectivities');
#11317=UNCERTAINTY_MEASURE_WITH_UNIT(LENGTH_MEASURE(0.01),#11320,
'DISTANCE_ACCURACY_VALUE',
'Maximum model space distance between geometric entities at asserted c
onnectivities');
#11318=(
GEOMETRIC_REPRESENTATION_CONTEXT(3)
GLOBAL_UNCERTAINTY_ASSIGNED_CONTEXT((#11316))
GLOBAL_UNIT_ASSIGNED_CONTEXT((#11320,#11322,#11323))
REPRESENTATION_CONTEXT('','3D')
);
#11319=(
GEOMETRIC_REPRESENTATION_CONTEXT(3)
GLOBAL_UNCERTAINTY_ASSIGNED_CONTEXT((#11317))
GLOBAL_UNIT_ASSIGNED_CONTEXT((#11320,#11322,#11323))
REPRESENTATION_CONTEXT('','3D')
);
#11320=(
LENGTH_UNIT()
NAMED_UNIT(*)
SI_UNIT(.MILLI.,.METRE.)
);
#11321=(
LENGTH_UNIT()
NAMED_UNIT(*)
SI_UNIT(.CENTI.,.METRE.)
);
#11322=(
NAMED_UNIT(*)
PLANE_ANGLE_UNIT()
SI_UNIT($,.RADIAN.)
);
#11323=(
NAMED_UNIT(*)
SI_UNIT($,.STERADIAN.)
SOLID_ANGLE_UNIT()
);
#11324=SHAPE_DEFINITION_REPRESENTATION(#11325,#11326);
#11325=PRODUCT_DEFINITION_SHAPE('',$,#11328);
#11326=SHAPE_REPRESENTATION('',(#6568),#11318);
#11327=PRODUCT_DEFINITION_CONTEXT('part definition',#11332,'design');
#11328=PRODUCT_DEFINITION('Ring_10_back','Ring_10_back',#11329,#11327);
#11329=PRODUCT_DEFINITION_FORMATION('',$,#11334);
#11330=PRODUCT_RELATED_PRODUCT_CATEGORY('Ring_10_back','Ring_10_back',(#11334));
#11331=APPLICATION_PROTOCOL_DEFINITION('international standard',
'automotive_design',2009,#11332);
#11332=APPLICATION_CONTEXT(
'Core Data for Automotive Mechanical Design Process');
#11333=PRODUCT_CONTEXT('part definition',#11332,'mechanical');
#11334=PRODUCT('Ring_10_back','Ring_10_back',$,(#11333));
#11335=PRESENTATION_STYLE_ASSIGNMENT((#11336));
#11336=SURFACE_STYLE_USAGE(.BOTH.,#11339);
#11337=SURFACE_STYLE_RENDERING_WITH_PROPERTIES($,#11343,(#11338));
#11338=SURFACE_STYLE_TRANSPARENT(0.);
#11339=SURFACE_SIDE_STYLE('',(#11340,#11337));
#11340=SURFACE_STYLE_FILL_AREA(#11341);
#11341=FILL_AREA_STYLE('',(#11342));
#11342=FILL_AREA_STYLE_COLOUR('',#11343);
#11343=COLOUR_RGB('',0.749019607843137,0.749019607843137,0.749019607843137);
ENDSEC;
END-ISO-10303-21;
