ISO-10303-21;
HEADER;
/* Generated by software containing ST-Developer
 * from STEP Tools, Inc. (www.steptools.com) 
 */

FILE_DESCRIPTION(
/* description */ (''),
/* implementation_level */ '2;1');

FILE_NAME(
/* name */ 'Ring_1050.stp',
/* time_stamp */ '2025-05-08T13:49:15+02:00',
/* author */ ('23661194'),
/* organization */ (''),
/* preprocessor_version */ 'ST-DEVELOPER v20',
/* originating_system */ 'Autodesk Inventor 2024',
/* authorisation */ '');

FILE_SCHEMA (('AUTOMOTIVE_DESIGN { 1 0 10303 214 3 1 1 }'));
ENDSEC;

DATA;
#10=MECHANICAL_DESIGN_GEOMETRIC_PRESENTATION_REPRESENTATION('',(#13),#13956);
#11=SHAPE_REPRESENTATION_RELATIONSHIP('SRR','None',#13963,#12);
#12=ADVANCED_BREP_SHAPE_REPRESENTATION('',(#14),#13955);
#13=STYLED_ITEM('',(#13972),#14);
#14=MANIFOLD_SOLID_BREP('Solid1',#8115);
#15=FACE_BOUND('',#1510,.T.);
#16=FACE_BOUND('',#1511,.T.);
#17=FACE_BOUND('',#1512,.T.);
#18=FACE_BOUND('',#1513,.T.);
#19=FACE_BOUND('',#1514,.T.);
#20=FACE_BOUND('',#1515,.T.);
#21=FACE_BOUND('',#1516,.T.);
#22=FACE_BOUND('',#1517,.T.);
#23=FACE_BOUND('',#1518,.T.);
#24=FACE_BOUND('',#1519,.T.);
#25=FACE_BOUND('',#1520,.T.);
#26=FACE_BOUND('',#1521,.T.);
#27=FACE_BOUND('',#1522,.T.);
#28=FACE_BOUND('',#1523,.T.);
#29=FACE_BOUND('',#1524,.T.);
#30=FACE_BOUND('',#1525,.T.);
#31=FACE_BOUND('',#1526,.T.);
#32=FACE_BOUND('',#1527,.T.);
#33=FACE_BOUND('',#1528,.T.);
#34=FACE_BOUND('',#1529,.T.);
#35=FACE_BOUND('',#1530,.T.);
#36=FACE_BOUND('',#1531,.T.);
#37=FACE_BOUND('',#1532,.T.);
#38=FACE_BOUND('',#1533,.T.);
#39=FACE_BOUND('',#1534,.T.);
#40=FACE_BOUND('',#1535,.T.);
#41=FACE_BOUND('',#1536,.T.);
#42=FACE_BOUND('',#1537,.T.);
#43=FACE_BOUND('',#1538,.T.);
#44=FACE_BOUND('',#1539,.T.);
#45=FACE_BOUND('',#1540,.T.);
#46=FACE_BOUND('',#1541,.T.);
#47=FACE_BOUND('',#1542,.T.);
#48=FACE_BOUND('',#1543,.T.);
#49=FACE_BOUND('',#1544,.T.);
#50=FACE_BOUND('',#1545,.T.);
#51=FACE_BOUND('',#1546,.T.);
#52=FACE_BOUND('',#1547,.T.);
#53=FACE_BOUND('',#1557,.T.);
#54=FACE_BOUND('',#1567,.T.);
#55=FACE_BOUND('',#1577,.T.);
#56=FACE_BOUND('',#1587,.T.);
#57=FACE_BOUND('',#1597,.T.);
#58=FACE_BOUND('',#1607,.T.);
#59=FACE_BOUND('',#1617,.T.);
#60=FACE_BOUND('',#1627,.T.);
#61=FACE_BOUND('',#1637,.T.);
#62=FACE_BOUND('',#1647,.T.);
#63=FACE_BOUND('',#1657,.T.);
#64=FACE_BOUND('',#1667,.T.);
#65=FACE_BOUND('',#1677,.T.);
#66=FACE_BOUND('',#1687,.T.);
#67=FACE_BOUND('',#1697,.T.);
#68=FACE_BOUND('',#1707,.T.);
#69=FACE_BOUND('',#1717,.T.);
#70=FACE_BOUND('',#1727,.T.);
#71=FACE_BOUND('',#1737,.T.);
#72=FACE_BOUND('',#1747,.T.);
#73=FACE_BOUND('',#1757,.T.);
#74=FACE_BOUND('',#1767,.T.);
#75=FACE_BOUND('',#1777,.T.);
#76=FACE_BOUND('',#1782,.T.);
#77=FACE_BOUND('',#1783,.T.);
#78=FACE_BOUND('',#1784,.T.);
#79=FACE_BOUND('',#1785,.T.);
#80=FACE_BOUND('',#1786,.T.);
#81=FACE_BOUND('',#1787,.T.);
#82=FACE_BOUND('',#1788,.T.);
#83=FACE_BOUND('',#1789,.T.);
#84=FACE_BOUND('',#1790,.T.);
#85=FACE_BOUND('',#1791,.T.);
#86=FACE_BOUND('',#1792,.T.);
#87=FACE_BOUND('',#1793,.T.);
#88=FACE_BOUND('',#1794,.T.);
#89=FACE_BOUND('',#1795,.T.);
#90=FACE_BOUND('',#1796,.T.);
#91=FACE_BOUND('',#1797,.T.);
#92=FACE_BOUND('',#1798,.T.);
#93=FACE_BOUND('',#1800,.T.);
#94=FACE_BOUND('',#1801,.T.);
#95=FACE_BOUND('',#1802,.T.);
#96=FACE_BOUND('',#1803,.T.);
#97=FACE_BOUND('',#1804,.T.);
#98=FACE_BOUND('',#1805,.T.);
#99=FACE_BOUND('',#1806,.T.);
#100=FACE_BOUND('',#1807,.T.);
#101=FACE_BOUND('',#1808,.T.);
#102=FACE_BOUND('',#1809,.T.);
#103=FACE_BOUND('',#1810,.T.);
#104=FACE_BOUND('',#1811,.T.);
#105=FACE_BOUND('',#1812,.T.);
#106=FACE_BOUND('',#1813,.T.);
#107=FACE_BOUND('',#1814,.T.);
#108=FACE_BOUND('',#1815,.T.);
#109=FACE_BOUND('',#1816,.T.);
#110=FACE_BOUND('',#1817,.T.);
#111=FACE_BOUND('',#1818,.T.);
#112=FACE_BOUND('',#1819,.T.);
#113=FACE_BOUND('',#1820,.T.);
#114=FACE_BOUND('',#1821,.T.);
#115=FACE_BOUND('',#1822,.T.);
#116=FACE_BOUND('',#1823,.T.);
#117=FACE_BOUND('',#1824,.T.);
#118=FACE_BOUND('',#1825,.T.);
#119=FACE_BOUND('',#1826,.T.);
#120=FACE_BOUND('',#1827,.T.);
#121=FACE_BOUND('',#1828,.T.);
#122=FACE_BOUND('',#1829,.T.);
#123=FACE_BOUND('',#1830,.T.);
#124=FACE_BOUND('',#1831,.T.);
#125=FACE_BOUND('',#1832,.T.);
#126=FACE_BOUND('',#1833,.T.);
#127=FACE_BOUND('',#1834,.T.);
#128=FACE_BOUND('',#1835,.T.);
#129=FACE_BOUND('',#1836,.T.);
#130=FACE_BOUND('',#1837,.T.);
#131=FACE_BOUND('',#1838,.T.);
#132=FACE_BOUND('',#1839,.T.);
#133=CIRCLE('',#8140,112.800000000008);
#134=CIRCLE('',#8141,112.800000000008);
#135=CIRCLE('',#8143,2.40000000000019);
#136=CIRCLE('',#8144,2.40000000000019);
#137=CIRCLE('',#8147,2.4000000000002);
#138=CIRCLE('',#8148,2.4000000000002);
#139=CIRCLE('',#8150,99.6000000000074);
#140=CIRCLE('',#8151,99.6000000000074);
#141=CIRCLE('',#8153,2.40332530730186);
#142=CIRCLE('',#8154,2.40332530730186);
#143=CIRCLE('',#8157,2.40000000000018);
#144=CIRCLE('',#8158,2.40000000000018);
#145=CIRCLE('',#8160,112.799999999742);
#146=CIRCLE('',#8161,112.799999999742);
#147=CIRCLE('',#8164,2.40000000000018);
#148=CIRCLE('',#8165,2.40000000000018);
#149=CIRCLE('',#8167,115.400000000009);
#150=CIRCLE('',#8168,115.400000000009);
#151=CIRCLE('',#8170,2.40000000000018);
#152=CIRCLE('',#8171,2.40000000000018);
#153=CIRCLE('',#8174,112.800000000008);
#154=CIRCLE('',#8175,112.800000000008);
#155=CIRCLE('',#8177,2.40000000000019);
#156=CIRCLE('',#8178,2.40000000000019);
#157=CIRCLE('',#8181,2.4000000000002);
#158=CIRCLE('',#8182,2.4000000000002);
#159=CIRCLE('',#8184,99.6000000000074);
#160=CIRCLE('',#8185,99.6000000000074);
#161=CIRCLE('',#8187,2.40332530730186);
#162=CIRCLE('',#8188,2.40332530730186);
#163=CIRCLE('',#8191,2.40000000000018);
#164=CIRCLE('',#8192,2.40000000000018);
#165=CIRCLE('',#8194,112.799999999742);
#166=CIRCLE('',#8195,112.799999999742);
#167=CIRCLE('',#8198,2.40000000000018);
#168=CIRCLE('',#8199,2.40000000000018);
#169=CIRCLE('',#8201,115.400000000009);
#170=CIRCLE('',#8202,115.400000000009);
#171=CIRCLE('',#8204,2.40000000000018);
#172=CIRCLE('',#8205,2.40000000000018);
#173=CIRCLE('',#8208,112.800000000008);
#174=CIRCLE('',#8209,112.800000000008);
#175=CIRCLE('',#8211,2.40000000000019);
#176=CIRCLE('',#8212,2.40000000000019);
#177=CIRCLE('',#8215,2.4000000000002);
#178=CIRCLE('',#8216,2.4000000000002);
#179=CIRCLE('',#8218,99.6000000000074);
#180=CIRCLE('',#8219,99.6000000000074);
#181=CIRCLE('',#8221,2.40332530730186);
#182=CIRCLE('',#8222,2.40332530730186);
#183=CIRCLE('',#8225,2.40000000000018);
#184=CIRCLE('',#8226,2.40000000000018);
#185=CIRCLE('',#8228,112.799999999742);
#186=CIRCLE('',#8229,112.799999999742);
#187=CIRCLE('',#8232,2.40000000000018);
#188=CIRCLE('',#8233,2.40000000000018);
#189=CIRCLE('',#8235,115.400000000009);
#190=CIRCLE('',#8236,115.400000000009);
#191=CIRCLE('',#8238,2.40000000000018);
#192=CIRCLE('',#8239,2.40000000000018);
#193=CIRCLE('',#8242,112.800000000008);
#194=CIRCLE('',#8243,112.800000000008);
#195=CIRCLE('',#8245,2.40000000000019);
#196=CIRCLE('',#8246,2.40000000000019);
#197=CIRCLE('',#8249,2.4000000000002);
#198=CIRCLE('',#8250,2.4000000000002);
#199=CIRCLE('',#8252,99.6000000000074);
#200=CIRCLE('',#8253,99.6000000000074);
#201=CIRCLE('',#8255,2.40332530730186);
#202=CIRCLE('',#8256,2.40332530730186);
#203=CIRCLE('',#8259,2.40000000000018);
#204=CIRCLE('',#8260,2.40000000000018);
#205=CIRCLE('',#8262,112.799999999742);
#206=CIRCLE('',#8263,112.799999999742);
#207=CIRCLE('',#8266,2.40000000000018);
#208=CIRCLE('',#8267,2.40000000000018);
#209=CIRCLE('',#8269,115.400000000009);
#210=CIRCLE('',#8270,115.400000000009);
#211=CIRCLE('',#8272,2.40000000000018);
#212=CIRCLE('',#8273,2.40000000000018);
#213=CIRCLE('',#8276,112.800000000008);
#214=CIRCLE('',#8277,112.800000000008);
#215=CIRCLE('',#8279,2.40000000000019);
#216=CIRCLE('',#8280,2.40000000000019);
#217=CIRCLE('',#8283,2.4000000000002);
#218=CIRCLE('',#8284,2.4000000000002);
#219=CIRCLE('',#8286,99.6000000000074);
#220=CIRCLE('',#8287,99.6000000000074);
#221=CIRCLE('',#8289,2.40332530730186);
#222=CIRCLE('',#8290,2.40332530730186);
#223=CIRCLE('',#8293,2.40000000000018);
#224=CIRCLE('',#8294,2.40000000000018);
#225=CIRCLE('',#8296,112.799999999742);
#226=CIRCLE('',#8297,112.799999999742);
#227=CIRCLE('',#8300,2.40000000000018);
#228=CIRCLE('',#8301,2.40000000000018);
#229=CIRCLE('',#8303,115.400000000009);
#230=CIRCLE('',#8304,115.400000000009);
#231=CIRCLE('',#8306,2.40000000000018);
#232=CIRCLE('',#8307,2.40000000000018);
#233=CIRCLE('',#8310,112.800000000008);
#234=CIRCLE('',#8311,112.800000000008);
#235=CIRCLE('',#8313,2.40000000000019);
#236=CIRCLE('',#8314,2.40000000000019);
#237=CIRCLE('',#8317,2.4000000000002);
#238=CIRCLE('',#8318,2.4000000000002);
#239=CIRCLE('',#8320,99.6000000000074);
#240=CIRCLE('',#8321,99.6000000000074);
#241=CIRCLE('',#8323,2.40332530730186);
#242=CIRCLE('',#8324,2.40332530730186);
#243=CIRCLE('',#8327,2.40000000000018);
#244=CIRCLE('',#8328,2.40000000000018);
#245=CIRCLE('',#8330,112.799999999742);
#246=CIRCLE('',#8331,112.799999999742);
#247=CIRCLE('',#8334,2.40000000000018);
#248=CIRCLE('',#8335,2.40000000000018);
#249=CIRCLE('',#8337,115.400000000009);
#250=CIRCLE('',#8338,115.400000000009);
#251=CIRCLE('',#8340,2.40000000000018);
#252=CIRCLE('',#8341,2.40000000000018);
#253=CIRCLE('',#8344,112.800000000008);
#254=CIRCLE('',#8345,112.800000000008);
#255=CIRCLE('',#8347,2.40000000000019);
#256=CIRCLE('',#8348,2.40000000000019);
#257=CIRCLE('',#8351,2.4000000000002);
#258=CIRCLE('',#8352,2.4000000000002);
#259=CIRCLE('',#8354,99.6000000000074);
#260=CIRCLE('',#8355,99.6000000000074);
#261=CIRCLE('',#8357,2.40332530730186);
#262=CIRCLE('',#8358,2.40332530730186);
#263=CIRCLE('',#8361,2.40000000000018);
#264=CIRCLE('',#8362,2.40000000000018);
#265=CIRCLE('',#8364,112.799999999742);
#266=CIRCLE('',#8365,112.799999999742);
#267=CIRCLE('',#8368,2.40000000000018);
#268=CIRCLE('',#8369,2.40000000000018);
#269=CIRCLE('',#8371,115.400000000009);
#270=CIRCLE('',#8372,115.400000000009);
#271=CIRCLE('',#8374,2.40000000000018);
#272=CIRCLE('',#8375,2.40000000000018);
#273=CIRCLE('',#8378,112.800000000008);
#274=CIRCLE('',#8379,112.800000000008);
#275=CIRCLE('',#8381,2.40000000000019);
#276=CIRCLE('',#8382,2.40000000000019);
#277=CIRCLE('',#8385,2.4000000000002);
#278=CIRCLE('',#8386,2.4000000000002);
#279=CIRCLE('',#8388,99.6000000000074);
#280=CIRCLE('',#8389,99.6000000000074);
#281=CIRCLE('',#8391,2.40332530730186);
#282=CIRCLE('',#8392,2.40332530730186);
#283=CIRCLE('',#8395,2.40000000000018);
#284=CIRCLE('',#8396,2.40000000000018);
#285=CIRCLE('',#8398,112.799999999742);
#286=CIRCLE('',#8399,112.799999999742);
#287=CIRCLE('',#8402,2.40000000000018);
#288=CIRCLE('',#8403,2.40000000000018);
#289=CIRCLE('',#8405,115.400000000009);
#290=CIRCLE('',#8406,115.400000000009);
#291=CIRCLE('',#8408,2.40000000000018);
#292=CIRCLE('',#8409,2.40000000000018);
#293=CIRCLE('',#8411,2.1);
#294=CIRCLE('',#8412,2.1);
#295=CIRCLE('',#8415,2.1);
#296=CIRCLE('',#8416,2.1);
#297=CIRCLE('',#8419,2.1);
#298=CIRCLE('',#8420,2.1);
#299=CIRCLE('',#8423,2.1);
#300=CIRCLE('',#8424,2.1);
#301=CIRCLE('',#8427,2.1);
#302=CIRCLE('',#8428,2.1);
#303=CIRCLE('',#8431,2.1);
#304=CIRCLE('',#8432,2.1);
#305=CIRCLE('',#8435,2.1);
#306=CIRCLE('',#8436,2.1);
#307=CIRCLE('',#8439,2.1);
#308=CIRCLE('',#8440,2.1);
#309=CIRCLE('',#8443,2.1);
#310=CIRCLE('',#8444,2.1);
#311=CIRCLE('',#8447,2.1);
#312=CIRCLE('',#8448,2.1);
#313=CIRCLE('',#8451,2.1);
#314=CIRCLE('',#8452,2.1);
#315=CIRCLE('',#8455,2.1);
#316=CIRCLE('',#8456,2.1);
#317=CIRCLE('',#8459,2.1);
#318=CIRCLE('',#8460,2.1);
#319=CIRCLE('',#8463,2.1);
#320=CIRCLE('',#8464,2.1);
#321=CIRCLE('',#8467,2.15);
#322=CIRCLE('',#8468,2.15);
#323=CIRCLE('',#8470,2.15);
#324=CIRCLE('',#8471,2.15);
#325=CIRCLE('',#8473,2.15);
#326=CIRCLE('',#8474,2.15);
#327=CIRCLE('',#8476,2.15);
#328=CIRCLE('',#8477,2.15);
#329=CIRCLE('',#8479,2.15);
#330=CIRCLE('',#8480,2.15);
#331=CIRCLE('',#8482,2.15);
#332=CIRCLE('',#8483,2.15);
#333=CIRCLE('',#8485,2.15);
#334=CIRCLE('',#8486,2.15);
#335=CIRCLE('',#8488,2.15);
#336=CIRCLE('',#8489,2.15);
#337=CIRCLE('',#8491,2.00000000000009);
#338=CIRCLE('',#8492,2.00000000000009);
#339=CIRCLE('',#8494,2.00000000000001);
#340=CIRCLE('',#8495,2.00000000000001);
#341=CIRCLE('',#8497,2.00000000000001);
#342=CIRCLE('',#8498,2.00000000000001);
#343=CIRCLE('',#8500,2.);
#344=CIRCLE('',#8501,2.);
#345=CIRCLE('',#8503,2.00000000000002);
#346=CIRCLE('',#8504,2.00000000000002);
#347=CIRCLE('',#8506,2.);
#348=CIRCLE('',#8507,2.);
#349=CIRCLE('',#8509,2.);
#350=CIRCLE('',#8510,2.);
#351=CIRCLE('',#8512,2.00000000000003);
#352=CIRCLE('',#8513,2.00000000000003);
#353=CIRCLE('',#8515,2.00000000000006);
#354=CIRCLE('',#8516,2.00000000000006);
#355=CIRCLE('',#8518,2.);
#356=CIRCLE('',#8519,2.);
#357=CIRCLE('',#8521,2.);
#358=CIRCLE('',#8522,2.);
#359=CIRCLE('',#8524,2.);
#360=CIRCLE('',#8525,2.);
#361=CIRCLE('',#8527,2.);
#362=CIRCLE('',#8528,2.);
#363=CIRCLE('',#8530,2.);
#364=CIRCLE('',#8531,2.);
#365=CIRCLE('',#8533,2.00000000000001);
#366=CIRCLE('',#8534,2.00000000000001);
#367=CIRCLE('',#8536,2.00000000000006);
#368=CIRCLE('',#8537,2.00000000000006);
#369=CIRCLE('',#8539,2.);
#370=CIRCLE('',#8540,2.);
#371=CIRCLE('',#8542,2.00000000000003);
#372=CIRCLE('',#8543,2.00000000000003);
#373=CIRCLE('',#8545,2.00000000000001);
#374=CIRCLE('',#8546,2.00000000000001);
#375=CIRCLE('',#8548,2.00000000000007);
#376=CIRCLE('',#8549,2.00000000000007);
#377=CIRCLE('',#8551,2.);
#378=CIRCLE('',#8552,2.);
#379=CIRCLE('',#8554,2.00000000000001);
#380=CIRCLE('',#8555,2.00000000000001);
#381=CIRCLE('',#8557,2.00000000000002);
#382=CIRCLE('',#8558,2.00000000000002);
#383=CIRCLE('',#8560,0.750000000000003);
#384=CIRCLE('',#8561,0.750000000000003);
#385=CIRCLE('',#8564,0.750000000000027);
#386=CIRCLE('',#8565,0.750000000000027);
#387=CIRCLE('',#8568,0.750000000000002);
#388=CIRCLE('',#8569,0.750000000000002);
#389=CIRCLE('',#8572,0.750000000000034);
#390=CIRCLE('',#8573,0.750000000000034);
#391=CIRCLE('',#8576,0.750000000000003);
#392=CIRCLE('',#8577,0.750000000000003);
#393=CIRCLE('',#8580,0.750000000000001);
#394=CIRCLE('',#8581,0.750000000000001);
#395=CIRCLE('',#8584,0.750000000000002);
#396=CIRCLE('',#8585,0.750000000000002);
#397=CIRCLE('',#8588,0.750000000000001);
#398=CIRCLE('',#8589,0.750000000000001);
#399=CIRCLE('',#8592,0.750000000000001);
#400=CIRCLE('',#8593,0.750000000000001);
#401=CIRCLE('',#8596,0.750000000000024);
#402=CIRCLE('',#8597,0.750000000000024);
#403=CIRCLE('',#8600,0.750000000000011);
#404=CIRCLE('',#8601,0.750000000000011);
#405=CIRCLE('',#8604,0.750000000000025);
#406=CIRCLE('',#8605,0.750000000000025);
#407=CIRCLE('',#8608,0.750000000000005);
#408=CIRCLE('',#8609,0.750000000000005);
#409=CIRCLE('',#8612,0.750000000000002);
#410=CIRCLE('',#8613,0.750000000000002);
#411=CIRCLE('',#8616,0.750000000000001);
#412=CIRCLE('',#8617,0.750000000000001);
#413=CIRCLE('',#8620,0.75);
#414=CIRCLE('',#8621,0.75);
#415=CIRCLE('',#8624,0.750000000000011);
#416=CIRCLE('',#8625,0.750000000000011);
#417=CIRCLE('',#8628,0.750000000000002);
#418=CIRCLE('',#8629,0.750000000000002);
#419=CIRCLE('',#8632,0.750000000000005);
#420=CIRCLE('',#8633,0.750000000000005);
#421=CIRCLE('',#8636,0.750000000000008);
#422=CIRCLE('',#8637,0.750000000000008);
#423=CIRCLE('',#8640,0.750000000000006);
#424=CIRCLE('',#8641,0.750000000000006);
#425=CIRCLE('',#8644,0.750000000000001);
#426=CIRCLE('',#8645,0.750000000000001);
#427=CIRCLE('',#8648,0.750000000000007);
#428=CIRCLE('',#8649,0.750000000000007);
#429=CIRCLE('',#8652,95.);
#430=CIRCLE('',#8653,60.);
#431=CIRCLE('',#8654,2.10000000000002);
#432=CIRCLE('',#8655,2.10000000000002);
#433=CIRCLE('',#8656,2.10000000000002);
#434=CIRCLE('',#8657,2.10000000000002);
#435=CIRCLE('',#8658,2.1);
#436=CIRCLE('',#8659,2.1);
#437=CIRCLE('',#8660,2.1);
#438=CIRCLE('',#8661,2.1);
#439=CIRCLE('',#8662,2.10000000000002);
#440=CIRCLE('',#8663,2.10000000000002);
#441=CIRCLE('',#8664,2.10000000000002);
#442=CIRCLE('',#8665,2.10000000000002);
#443=CIRCLE('',#8666,2.10000000000002);
#444=CIRCLE('',#8667,2.10000000000002);
#445=CIRCLE('',#8668,2.10000000000002);
#446=CIRCLE('',#8669,2.10000000000002);
#447=CIRCLE('',#8670,2.10000000000001);
#448=CIRCLE('',#8671,2.10000000000001);
#449=CIRCLE('',#8672,2.10000000000001);
#450=CIRCLE('',#8673,2.10000000000001);
#451=CIRCLE('',#8674,2.1);
#452=CIRCLE('',#8675,2.1);
#453=CIRCLE('',#8676,2.1);
#454=CIRCLE('',#8677,2.1);
#455=CIRCLE('',#8678,2.10000000000003);
#456=CIRCLE('',#8679,2.10000000000003);
#457=CIRCLE('',#8680,2.10000000000003);
#458=CIRCLE('',#8681,2.10000000000003);
#459=CIRCLE('',#8682,2.1);
#460=CIRCLE('',#8683,2.1);
#461=CIRCLE('',#8684,2.1);
#462=CIRCLE('',#8685,2.1);
#463=CIRCLE('',#8686,2.1);
#464=CIRCLE('',#8687,2.1);
#465=CIRCLE('',#8688,2.1);
#466=CIRCLE('',#8689,2.1);
#467=CIRCLE('',#8690,2.1);
#468=CIRCLE('',#8691,2.1);
#469=CIRCLE('',#8692,2.1);
#470=CIRCLE('',#8693,2.1);
#471=CIRCLE('',#8694,2.10000000000001);
#472=CIRCLE('',#8695,2.10000000000001);
#473=CIRCLE('',#8696,2.10000000000001);
#474=CIRCLE('',#8697,2.10000000000001);
#475=CIRCLE('',#8698,2.10000000000007);
#476=CIRCLE('',#8699,2.10000000000007);
#477=CIRCLE('',#8700,2.10000000000007);
#478=CIRCLE('',#8701,2.10000000000007);
#479=CIRCLE('',#8702,2.10000000000003);
#480=CIRCLE('',#8703,2.10000000000003);
#481=CIRCLE('',#8704,2.10000000000003);
#482=CIRCLE('',#8705,2.10000000000003);
#483=CIRCLE('',#8706,2.10000000000007);
#484=CIRCLE('',#8707,2.10000000000007);
#485=CIRCLE('',#8708,2.10000000000007);
#486=CIRCLE('',#8709,2.10000000000007);
#487=CIRCLE('',#8710,2.1);
#488=CIRCLE('',#8711,2.1);
#489=CIRCLE('',#8712,2.1);
#490=CIRCLE('',#8713,2.1);
#491=CIRCLE('',#8714,2.1);
#492=CIRCLE('',#8715,2.1);
#493=CIRCLE('',#8716,2.1);
#494=CIRCLE('',#8717,2.1);
#495=CIRCLE('',#8718,2.1);
#496=CIRCLE('',#8719,2.1);
#497=CIRCLE('',#8720,2.1);
#498=CIRCLE('',#8721,2.1);
#499=CIRCLE('',#8722,2.1);
#500=CIRCLE('',#8723,2.1);
#501=CIRCLE('',#8724,2.1);
#502=CIRCLE('',#8725,2.1);
#503=CIRCLE('',#8726,2.10000000000001);
#504=CIRCLE('',#8727,2.10000000000001);
#505=CIRCLE('',#8728,2.10000000000001);
#506=CIRCLE('',#8729,2.10000000000001);
#507=CIRCLE('',#8730,2.10000000000009);
#508=CIRCLE('',#8731,2.10000000000009);
#509=CIRCLE('',#8732,2.10000000000009);
#510=CIRCLE('',#8733,2.10000000000009);
#511=CIRCLE('',#8734,2.1);
#512=CIRCLE('',#8735,2.1);
#513=CIRCLE('',#8736,2.1);
#514=CIRCLE('',#8737,2.1);
#515=CIRCLE('',#8738,2.10000000000007);
#516=CIRCLE('',#8739,2.10000000000007);
#517=CIRCLE('',#8740,2.10000000000007);
#518=CIRCLE('',#8741,2.10000000000007);
#519=CIRCLE('',#8742,2.10000000000001);
#520=CIRCLE('',#8743,2.10000000000001);
#521=CIRCLE('',#8744,2.10000000000001);
#522=CIRCLE('',#8745,2.10000000000001);
#523=CIRCLE('',#8748,2.10000000000001);
#524=CIRCLE('',#8751,2.10000000000001);
#525=CIRCLE('',#8754,2.10000000000001);
#526=CIRCLE('',#8757,2.10000000000001);
#527=CIRCLE('',#8761,2.10000000000007);
#528=CIRCLE('',#8764,2.10000000000007);
#529=CIRCLE('',#8767,2.10000000000007);
#530=CIRCLE('',#8770,2.10000000000007);
#531=CIRCLE('',#8774,2.1);
#532=CIRCLE('',#8777,2.1);
#533=CIRCLE('',#8780,2.1);
#534=CIRCLE('',#8783,2.1);
#535=CIRCLE('',#8787,2.10000000000009);
#536=CIRCLE('',#8790,2.10000000000009);
#537=CIRCLE('',#8793,2.10000000000009);
#538=CIRCLE('',#8796,2.10000000000009);
#539=CIRCLE('',#8800,2.10000000000001);
#540=CIRCLE('',#8803,2.10000000000001);
#541=CIRCLE('',#8806,2.10000000000001);
#542=CIRCLE('',#8809,2.10000000000001);
#543=CIRCLE('',#8813,2.1);
#544=CIRCLE('',#8816,2.1);
#545=CIRCLE('',#8819,2.1);
#546=CIRCLE('',#8822,2.1);
#547=CIRCLE('',#8825,2.1);
#548=CIRCLE('',#8828,2.1);
#549=CIRCLE('',#8831,2.1);
#550=CIRCLE('',#8834,2.1);
#551=CIRCLE('',#8839,2.1);
#552=CIRCLE('',#8842,2.1);
#553=CIRCLE('',#8845,2.1);
#554=CIRCLE('',#8848,2.1);
#555=CIRCLE('',#8852,2.1);
#556=CIRCLE('',#8855,2.1);
#557=CIRCLE('',#8858,2.1);
#558=CIRCLE('',#8861,2.1);
#559=CIRCLE('',#8865,2.10000000000007);
#560=CIRCLE('',#8868,2.10000000000007);
#561=CIRCLE('',#8871,2.10000000000007);
#562=CIRCLE('',#8874,2.10000000000007);
#563=CIRCLE('',#8878,2.10000000000003);
#564=CIRCLE('',#8881,2.10000000000003);
#565=CIRCLE('',#8884,2.10000000000003);
#566=CIRCLE('',#8887,2.10000000000003);
#567=CIRCLE('',#8891,2.10000000000007);
#568=CIRCLE('',#8894,2.10000000000007);
#569=CIRCLE('',#8897,2.10000000000007);
#570=CIRCLE('',#8900,2.10000000000007);
#571=CIRCLE('',#8904,2.10000000000001);
#572=CIRCLE('',#8907,2.10000000000001);
#573=CIRCLE('',#8910,2.10000000000001);
#574=CIRCLE('',#8913,2.10000000000001);
#575=CIRCLE('',#8916,2.1);
#576=CIRCLE('',#8919,2.1);
#577=CIRCLE('',#8922,2.1);
#578=CIRCLE('',#8925,2.1);
#579=CIRCLE('',#8930,2.1);
#580=CIRCLE('',#8933,2.1);
#581=CIRCLE('',#8936,2.1);
#582=CIRCLE('',#8939,2.1);
#583=CIRCLE('',#8943,2.1);
#584=CIRCLE('',#8946,2.1);
#585=CIRCLE('',#8949,2.1);
#586=CIRCLE('',#8952,2.1);
#587=CIRCLE('',#8956,2.10000000000003);
#588=CIRCLE('',#8959,2.10000000000003);
#589=CIRCLE('',#8962,2.10000000000003);
#590=CIRCLE('',#8965,2.10000000000003);
#591=CIRCLE('',#8968,2.1);
#592=CIRCLE('',#8971,2.1);
#593=CIRCLE('',#8974,2.1);
#594=CIRCLE('',#8977,2.1);
#595=CIRCLE('',#8982,2.10000000000001);
#596=CIRCLE('',#8985,2.10000000000001);
#597=CIRCLE('',#8988,2.10000000000001);
#598=CIRCLE('',#8991,2.10000000000001);
#599=CIRCLE('',#8995,2.10000000000002);
#600=CIRCLE('',#8998,2.10000000000002);
#601=CIRCLE('',#9001,2.10000000000002);
#602=CIRCLE('',#9004,2.10000000000002);
#603=CIRCLE('',#9007,2.10000000000002);
#604=CIRCLE('',#9010,2.10000000000002);
#605=CIRCLE('',#9013,2.10000000000002);
#606=CIRCLE('',#9016,2.10000000000002);
#607=CIRCLE('',#9020,2.1);
#608=CIRCLE('',#9023,2.1);
#609=CIRCLE('',#9026,2.1);
#610=CIRCLE('',#9029,2.1);
#611=CIRCLE('',#9034,2.10000000000002);
#612=CIRCLE('',#9037,2.10000000000002);
#613=CIRCLE('',#9040,2.10000000000002);
#614=CIRCLE('',#9043,2.10000000000002);
#615=CIRCLE('',#9046,95.);
#616=CIRCLE('',#9048,60.);
#617=CIRCLE('',#9050,120.);
#618=CIRCLE('',#9051,120.);
#619=CYLINDRICAL_SURFACE('',#8139,112.800000000008);
#620=CYLINDRICAL_SURFACE('',#8142,2.40000000000019);
#621=CYLINDRICAL_SURFACE('',#8146,2.4000000000002);
#622=CYLINDRICAL_SURFACE('',#8149,99.6000000000074);
#623=CYLINDRICAL_SURFACE('',#8152,2.40332530730186);
#624=CYLINDRICAL_SURFACE('',#8156,2.40000000000018);
#625=CYLINDRICAL_SURFACE('',#8159,112.799999999742);
#626=CYLINDRICAL_SURFACE('',#8163,2.40000000000018);
#627=CYLINDRICAL_SURFACE('',#8166,115.400000000009);
#628=CYLINDRICAL_SURFACE('',#8169,2.40000000000018);
#629=CYLINDRICAL_SURFACE('',#8173,112.800000000008);
#630=CYLINDRICAL_SURFACE('',#8176,2.40000000000019);
#631=CYLINDRICAL_SURFACE('',#8180,2.4000000000002);
#632=CYLINDRICAL_SURFACE('',#8183,99.6000000000074);
#633=CYLINDRICAL_SURFACE('',#8186,2.40332530730186);
#634=CYLINDRICAL_SURFACE('',#8190,2.40000000000018);
#635=CYLINDRICAL_SURFACE('',#8193,112.799999999742);
#636=CYLINDRICAL_SURFACE('',#8197,2.40000000000018);
#637=CYLINDRICAL_SURFACE('',#8200,115.400000000009);
#638=CYLINDRICAL_SURFACE('',#8203,2.40000000000018);
#639=CYLINDRICAL_SURFACE('',#8207,112.800000000008);
#640=CYLINDRICAL_SURFACE('',#8210,2.40000000000019);
#641=CYLINDRICAL_SURFACE('',#8214,2.4000000000002);
#642=CYLINDRICAL_SURFACE('',#8217,99.6000000000074);
#643=CYLINDRICAL_SURFACE('',#8220,2.40332530730186);
#644=CYLINDRICAL_SURFACE('',#8224,2.40000000000018);
#645=CYLINDRICAL_SURFACE('',#8227,112.799999999742);
#646=CYLINDRICAL_SURFACE('',#8231,2.40000000000018);
#647=CYLINDRICAL_SURFACE('',#8234,115.400000000009);
#648=CYLINDRICAL_SURFACE('',#8237,2.40000000000018);
#649=CYLINDRICAL_SURFACE('',#8241,112.800000000008);
#650=CYLINDRICAL_SURFACE('',#8244,2.40000000000019);
#651=CYLINDRICAL_SURFACE('',#8248,2.4000000000002);
#652=CYLINDRICAL_SURFACE('',#8251,99.6000000000074);
#653=CYLINDRICAL_SURFACE('',#8254,2.40332530730186);
#654=CYLINDRICAL_SURFACE('',#8258,2.40000000000018);
#655=CYLINDRICAL_SURFACE('',#8261,112.799999999742);
#656=CYLINDRICAL_SURFACE('',#8265,2.40000000000018);
#657=CYLINDRICAL_SURFACE('',#8268,115.400000000009);
#658=CYLINDRICAL_SURFACE('',#8271,2.40000000000018);
#659=CYLINDRICAL_SURFACE('',#8275,112.800000000008);
#660=CYLINDRICAL_SURFACE('',#8278,2.40000000000019);
#661=CYLINDRICAL_SURFACE('',#8282,2.4000000000002);
#662=CYLINDRICAL_SURFACE('',#8285,99.6000000000074);
#663=CYLINDRICAL_SURFACE('',#8288,2.40332530730186);
#664=CYLINDRICAL_SURFACE('',#8292,2.40000000000018);
#665=CYLINDRICAL_SURFACE('',#8295,112.799999999742);
#666=CYLINDRICAL_SURFACE('',#8299,2.40000000000018);
#667=CYLINDRICAL_SURFACE('',#8302,115.400000000009);
#668=CYLINDRICAL_SURFACE('',#8305,2.40000000000018);
#669=CYLINDRICAL_SURFACE('',#8309,112.800000000008);
#670=CYLINDRICAL_SURFACE('',#8312,2.40000000000019);
#671=CYLINDRICAL_SURFACE('',#8316,2.4000000000002);
#672=CYLINDRICAL_SURFACE('',#8319,99.6000000000074);
#673=CYLINDRICAL_SURFACE('',#8322,2.40332530730186);
#674=CYLINDRICAL_SURFACE('',#8326,2.40000000000018);
#675=CYLINDRICAL_SURFACE('',#8329,112.799999999742);
#676=CYLINDRICAL_SURFACE('',#8333,2.40000000000018);
#677=CYLINDRICAL_SURFACE('',#8336,115.400000000009);
#678=CYLINDRICAL_SURFACE('',#8339,2.40000000000018);
#679=CYLINDRICAL_SURFACE('',#8343,112.800000000008);
#680=CYLINDRICAL_SURFACE('',#8346,2.40000000000019);
#681=CYLINDRICAL_SURFACE('',#8350,2.4000000000002);
#682=CYLINDRICAL_SURFACE('',#8353,99.6000000000074);
#683=CYLINDRICAL_SURFACE('',#8356,2.40332530730186);
#684=CYLINDRICAL_SURFACE('',#8360,2.40000000000018);
#685=CYLINDRICAL_SURFACE('',#8363,112.799999999742);
#686=CYLINDRICAL_SURFACE('',#8367,2.40000000000018);
#687=CYLINDRICAL_SURFACE('',#8370,115.400000000009);
#688=CYLINDRICAL_SURFACE('',#8373,2.40000000000018);
#689=CYLINDRICAL_SURFACE('',#8377,112.800000000008);
#690=CYLINDRICAL_SURFACE('',#8380,2.40000000000019);
#691=CYLINDRICAL_SURFACE('',#8384,2.4000000000002);
#692=CYLINDRICAL_SURFACE('',#8387,99.6000000000074);
#693=CYLINDRICAL_SURFACE('',#8390,2.40332530730186);
#694=CYLINDRICAL_SURFACE('',#8394,2.40000000000018);
#695=CYLINDRICAL_SURFACE('',#8397,112.799999999742);
#696=CYLINDRICAL_SURFACE('',#8401,2.40000000000018);
#697=CYLINDRICAL_SURFACE('',#8404,115.400000000009);
#698=CYLINDRICAL_SURFACE('',#8407,2.40000000000018);
#699=CYLINDRICAL_SURFACE('',#8410,2.1);
#700=CYLINDRICAL_SURFACE('',#8414,2.1);
#701=CYLINDRICAL_SURFACE('',#8418,2.1);
#702=CYLINDRICAL_SURFACE('',#8422,2.1);
#703=CYLINDRICAL_SURFACE('',#8426,2.1);
#704=CYLINDRICAL_SURFACE('',#8430,2.1);
#705=CYLINDRICAL_SURFACE('',#8434,2.1);
#706=CYLINDRICAL_SURFACE('',#8438,2.1);
#707=CYLINDRICAL_SURFACE('',#8442,2.1);
#708=CYLINDRICAL_SURFACE('',#8446,2.1);
#709=CYLINDRICAL_SURFACE('',#8450,2.1);
#710=CYLINDRICAL_SURFACE('',#8454,2.1);
#711=CYLINDRICAL_SURFACE('',#8458,2.1);
#712=CYLINDRICAL_SURFACE('',#8462,2.1);
#713=CYLINDRICAL_SURFACE('',#8466,2.15);
#714=CYLINDRICAL_SURFACE('',#8469,2.15);
#715=CYLINDRICAL_SURFACE('',#8472,2.15);
#716=CYLINDRICAL_SURFACE('',#8475,2.15);
#717=CYLINDRICAL_SURFACE('',#8478,2.15);
#718=CYLINDRICAL_SURFACE('',#8481,2.15);
#719=CYLINDRICAL_SURFACE('',#8484,2.15);
#720=CYLINDRICAL_SURFACE('',#8487,2.15);
#721=CYLINDRICAL_SURFACE('',#8490,2.00000000000009);
#722=CYLINDRICAL_SURFACE('',#8493,2.00000000000001);
#723=CYLINDRICAL_SURFACE('',#8496,2.00000000000001);
#724=CYLINDRICAL_SURFACE('',#8499,2.);
#725=CYLINDRICAL_SURFACE('',#8502,2.00000000000002);
#726=CYLINDRICAL_SURFACE('',#8505,2.);
#727=CYLINDRICAL_SURFACE('',#8508,2.);
#728=CYLINDRICAL_SURFACE('',#8511,2.00000000000003);
#729=CYLINDRICAL_SURFACE('',#8514,2.00000000000006);
#730=CYLINDRICAL_SURFACE('',#8517,2.);
#731=CYLINDRICAL_SURFACE('',#8520,2.);
#732=CYLINDRICAL_SURFACE('',#8523,2.);
#733=CYLINDRICAL_SURFACE('',#8526,2.);
#734=CYLINDRICAL_SURFACE('',#8529,2.);
#735=CYLINDRICAL_SURFACE('',#8532,2.00000000000001);
#736=CYLINDRICAL_SURFACE('',#8535,2.00000000000006);
#737=CYLINDRICAL_SURFACE('',#8538,2.);
#738=CYLINDRICAL_SURFACE('',#8541,2.00000000000003);
#739=CYLINDRICAL_SURFACE('',#8544,2.00000000000001);
#740=CYLINDRICAL_SURFACE('',#8547,2.00000000000007);
#741=CYLINDRICAL_SURFACE('',#8550,2.);
#742=CYLINDRICAL_SURFACE('',#8553,2.00000000000001);
#743=CYLINDRICAL_SURFACE('',#8556,2.00000000000002);
#744=CYLINDRICAL_SURFACE('',#8559,0.750000000000003);
#745=CYLINDRICAL_SURFACE('',#8563,0.750000000000027);
#746=CYLINDRICAL_SURFACE('',#8567,0.750000000000002);
#747=CYLINDRICAL_SURFACE('',#8571,0.750000000000034);
#748=CYLINDRICAL_SURFACE('',#8575,0.750000000000003);
#749=CYLINDRICAL_SURFACE('',#8579,0.750000000000001);
#750=CYLINDRICAL_SURFACE('',#8583,0.750000000000002);
#751=CYLINDRICAL_SURFACE('',#8587,0.750000000000001);
#752=CYLINDRICAL_SURFACE('',#8591,0.750000000000001);
#753=CYLINDRICAL_SURFACE('',#8595,0.750000000000024);
#754=CYLINDRICAL_SURFACE('',#8599,0.750000000000011);
#755=CYLINDRICAL_SURFACE('',#8603,0.750000000000025);
#756=CYLINDRICAL_SURFACE('',#8607,0.750000000000005);
#757=CYLINDRICAL_SURFACE('',#8611,0.750000000000002);
#758=CYLINDRICAL_SURFACE('',#8615,0.750000000000001);
#759=CYLINDRICAL_SURFACE('',#8619,0.75);
#760=CYLINDRICAL_SURFACE('',#8623,0.750000000000011);
#761=CYLINDRICAL_SURFACE('',#8627,0.750000000000002);
#762=CYLINDRICAL_SURFACE('',#8631,0.750000000000005);
#763=CYLINDRICAL_SURFACE('',#8635,0.750000000000008);
#764=CYLINDRICAL_SURFACE('',#8639,0.750000000000006);
#765=CYLINDRICAL_SURFACE('',#8643,0.750000000000001);
#766=CYLINDRICAL_SURFACE('',#8647,0.750000000000007);
#767=CYLINDRICAL_SURFACE('',#8747,2.10000000000001);
#768=CYLINDRICAL_SURFACE('',#8750,2.10000000000001);
#769=CYLINDRICAL_SURFACE('',#8753,2.10000000000001);
#770=CYLINDRICAL_SURFACE('',#8756,2.10000000000001);
#771=CYLINDRICAL_SURFACE('',#8760,2.10000000000007);
#772=CYLINDRICAL_SURFACE('',#8763,2.10000000000007);
#773=CYLINDRICAL_SURFACE('',#8766,2.10000000000007);
#774=CYLINDRICAL_SURFACE('',#8769,2.10000000000007);
#775=CYLINDRICAL_SURFACE('',#8773,2.1);
#776=CYLINDRICAL_SURFACE('',#8776,2.1);
#777=CYLINDRICAL_SURFACE('',#8779,2.1);
#778=CYLINDRICAL_SURFACE('',#8782,2.1);
#779=CYLINDRICAL_SURFACE('',#8786,2.10000000000009);
#780=CYLINDRICAL_SURFACE('',#8789,2.10000000000009);
#781=CYLINDRICAL_SURFACE('',#8792,2.10000000000009);
#782=CYLINDRICAL_SURFACE('',#8795,2.10000000000009);
#783=CYLINDRICAL_SURFACE('',#8799,2.10000000000001);
#784=CYLINDRICAL_SURFACE('',#8802,2.10000000000001);
#785=CYLINDRICAL_SURFACE('',#8805,2.10000000000001);
#786=CYLINDRICAL_SURFACE('',#8808,2.10000000000001);
#787=CYLINDRICAL_SURFACE('',#8812,2.1);
#788=CYLINDRICAL_SURFACE('',#8815,2.1);
#789=CYLINDRICAL_SURFACE('',#8818,2.1);
#790=CYLINDRICAL_SURFACE('',#8821,2.1);
#791=CYLINDRICAL_SURFACE('',#8824,2.1);
#792=CYLINDRICAL_SURFACE('',#8827,2.1);
#793=CYLINDRICAL_SURFACE('',#8830,2.1);
#794=CYLINDRICAL_SURFACE('',#8833,2.1);
#795=CYLINDRICAL_SURFACE('',#8838,2.1);
#796=CYLINDRICAL_SURFACE('',#8841,2.1);
#797=CYLINDRICAL_SURFACE('',#8844,2.1);
#798=CYLINDRICAL_SURFACE('',#8847,2.1);
#799=CYLINDRICAL_SURFACE('',#8851,2.1);
#800=CYLINDRICAL_SURFACE('',#8854,2.1);
#801=CYLINDRICAL_SURFACE('',#8857,2.1);
#802=CYLINDRICAL_SURFACE('',#8860,2.1);
#803=CYLINDRICAL_SURFACE('',#8864,2.10000000000007);
#804=CYLINDRICAL_SURFACE('',#8867,2.10000000000007);
#805=CYLINDRICAL_SURFACE('',#8870,2.10000000000007);
#806=CYLINDRICAL_SURFACE('',#8873,2.10000000000006);
#807=CYLINDRICAL_SURFACE('',#8877,2.10000000000003);
#808=CYLINDRICAL_SURFACE('',#8880,2.10000000000003);
#809=CYLINDRICAL_SURFACE('',#8883,2.10000000000003);
#810=CYLINDRICAL_SURFACE('',#8886,2.10000000000003);
#811=CYLINDRICAL_SURFACE('',#8890,2.10000000000007);
#812=CYLINDRICAL_SURFACE('',#8893,2.10000000000007);
#813=CYLINDRICAL_SURFACE('',#8896,2.10000000000007);
#814=CYLINDRICAL_SURFACE('',#8899,2.10000000000007);
#815=CYLINDRICAL_SURFACE('',#8903,2.10000000000001);
#816=CYLINDRICAL_SURFACE('',#8906,2.10000000000001);
#817=CYLINDRICAL_SURFACE('',#8909,2.10000000000001);
#818=CYLINDRICAL_SURFACE('',#8912,2.10000000000001);
#819=CYLINDRICAL_SURFACE('',#8915,2.1);
#820=CYLINDRICAL_SURFACE('',#8918,2.1);
#821=CYLINDRICAL_SURFACE('',#8921,2.1);
#822=CYLINDRICAL_SURFACE('',#8924,2.1);
#823=CYLINDRICAL_SURFACE('',#8929,2.1);
#824=CYLINDRICAL_SURFACE('',#8932,2.1);
#825=CYLINDRICAL_SURFACE('',#8935,2.1);
#826=CYLINDRICAL_SURFACE('',#8938,2.1);
#827=CYLINDRICAL_SURFACE('',#8942,2.1);
#828=CYLINDRICAL_SURFACE('',#8945,2.1);
#829=CYLINDRICAL_SURFACE('',#8948,2.1);
#830=CYLINDRICAL_SURFACE('',#8951,2.1);
#831=CYLINDRICAL_SURFACE('',#8955,2.10000000000003);
#832=CYLINDRICAL_SURFACE('',#8958,2.10000000000003);
#833=CYLINDRICAL_SURFACE('',#8961,2.10000000000003);
#834=CYLINDRICAL_SURFACE('',#8964,2.10000000000003);
#835=CYLINDRICAL_SURFACE('',#8967,2.1);
#836=CYLINDRICAL_SURFACE('',#8970,2.1);
#837=CYLINDRICAL_SURFACE('',#8973,2.1);
#838=CYLINDRICAL_SURFACE('',#8976,2.1);
#839=CYLINDRICAL_SURFACE('',#8981,2.10000000000001);
#840=CYLINDRICAL_SURFACE('',#8984,2.10000000000001);
#841=CYLINDRICAL_SURFACE('',#8987,2.10000000000001);
#842=CYLINDRICAL_SURFACE('',#8990,2.10000000000001);
#843=CYLINDRICAL_SURFACE('',#8994,2.10000000000002);
#844=CYLINDRICAL_SURFACE('',#8997,2.10000000000002);
#845=CYLINDRICAL_SURFACE('',#9000,2.10000000000002);
#846=CYLINDRICAL_SURFACE('',#9003,2.10000000000002);
#847=CYLINDRICAL_SURFACE('',#9006,2.10000000000002);
#848=CYLINDRICAL_SURFACE('',#9009,2.10000000000002);
#849=CYLINDRICAL_SURFACE('',#9012,2.10000000000002);
#850=CYLINDRICAL_SURFACE('',#9015,2.10000000000002);
#851=CYLINDRICAL_SURFACE('',#9019,2.1);
#852=CYLINDRICAL_SURFACE('',#9022,2.1);
#853=CYLINDRICAL_SURFACE('',#9025,2.1);
#854=CYLINDRICAL_SURFACE('',#9028,2.1);
#855=CYLINDRICAL_SURFACE('',#9033,2.10000000000002);
#856=CYLINDRICAL_SURFACE('',#9036,2.10000000000002);
#857=CYLINDRICAL_SURFACE('',#9039,2.10000000000002);
#858=CYLINDRICAL_SURFACE('',#9042,2.10000000000002);
#859=CYLINDRICAL_SURFACE('',#9045,95.);
#860=CYLINDRICAL_SURFACE('',#9047,60.);
#861=CYLINDRICAL_SURFACE('',#9049,120.);
#862=FACE_OUTER_BOUND('',#1292,.T.);
#863=FACE_OUTER_BOUND('',#1293,.T.);
#864=FACE_OUTER_BOUND('',#1294,.T.);
#865=FACE_OUTER_BOUND('',#1295,.T.);
#866=FACE_OUTER_BOUND('',#1296,.T.);
#867=FACE_OUTER_BOUND('',#1297,.T.);
#868=FACE_OUTER_BOUND('',#1298,.T.);
#869=FACE_OUTER_BOUND('',#1299,.T.);
#870=FACE_OUTER_BOUND('',#1300,.T.);
#871=FACE_OUTER_BOUND('',#1301,.T.);
#872=FACE_OUTER_BOUND('',#1302,.T.);
#873=FACE_OUTER_BOUND('',#1303,.T.);
#874=FACE_OUTER_BOUND('',#1304,.T.);
#875=FACE_OUTER_BOUND('',#1305,.T.);
#876=FACE_OUTER_BOUND('',#1306,.T.);
#877=FACE_OUTER_BOUND('',#1307,.T.);
#878=FACE_OUTER_BOUND('',#1308,.T.);
#879=FACE_OUTER_BOUND('',#1309,.T.);
#880=FACE_OUTER_BOUND('',#1310,.T.);
#881=FACE_OUTER_BOUND('',#1311,.T.);
#882=FACE_OUTER_BOUND('',#1312,.T.);
#883=FACE_OUTER_BOUND('',#1313,.T.);
#884=FACE_OUTER_BOUND('',#1314,.T.);
#885=FACE_OUTER_BOUND('',#1315,.T.);
#886=FACE_OUTER_BOUND('',#1316,.T.);
#887=FACE_OUTER_BOUND('',#1317,.T.);
#888=FACE_OUTER_BOUND('',#1318,.T.);
#889=FACE_OUTER_BOUND('',#1319,.T.);
#890=FACE_OUTER_BOUND('',#1320,.T.);
#891=FACE_OUTER_BOUND('',#1321,.T.);
#892=FACE_OUTER_BOUND('',#1322,.T.);
#893=FACE_OUTER_BOUND('',#1323,.T.);
#894=FACE_OUTER_BOUND('',#1324,.T.);
#895=FACE_OUTER_BOUND('',#1325,.T.);
#896=FACE_OUTER_BOUND('',#1326,.T.);
#897=FACE_OUTER_BOUND('',#1327,.T.);
#898=FACE_OUTER_BOUND('',#1328,.T.);
#899=FACE_OUTER_BOUND('',#1329,.T.);
#900=FACE_OUTER_BOUND('',#1330,.T.);
#901=FACE_OUTER_BOUND('',#1331,.T.);
#902=FACE_OUTER_BOUND('',#1332,.T.);
#903=FACE_OUTER_BOUND('',#1333,.T.);
#904=FACE_OUTER_BOUND('',#1334,.T.);
#905=FACE_OUTER_BOUND('',#1335,.T.);
#906=FACE_OUTER_BOUND('',#1336,.T.);
#907=FACE_OUTER_BOUND('',#1337,.T.);
#908=FACE_OUTER_BOUND('',#1338,.T.);
#909=FACE_OUTER_BOUND('',#1339,.T.);
#910=FACE_OUTER_BOUND('',#1340,.T.);
#911=FACE_OUTER_BOUND('',#1341,.T.);
#912=FACE_OUTER_BOUND('',#1342,.T.);
#913=FACE_OUTER_BOUND('',#1343,.T.);
#914=FACE_OUTER_BOUND('',#1344,.T.);
#915=FACE_OUTER_BOUND('',#1345,.T.);
#916=FACE_OUTER_BOUND('',#1346,.T.);
#917=FACE_OUTER_BOUND('',#1347,.T.);
#918=FACE_OUTER_BOUND('',#1348,.T.);
#919=FACE_OUTER_BOUND('',#1349,.T.);
#920=FACE_OUTER_BOUND('',#1350,.T.);
#921=FACE_OUTER_BOUND('',#1351,.T.);
#922=FACE_OUTER_BOUND('',#1352,.T.);
#923=FACE_OUTER_BOUND('',#1353,.T.);
#924=FACE_OUTER_BOUND('',#1354,.T.);
#925=FACE_OUTER_BOUND('',#1355,.T.);
#926=FACE_OUTER_BOUND('',#1356,.T.);
#927=FACE_OUTER_BOUND('',#1357,.T.);
#928=FACE_OUTER_BOUND('',#1358,.T.);
#929=FACE_OUTER_BOUND('',#1359,.T.);
#930=FACE_OUTER_BOUND('',#1360,.T.);
#931=FACE_OUTER_BOUND('',#1361,.T.);
#932=FACE_OUTER_BOUND('',#1362,.T.);
#933=FACE_OUTER_BOUND('',#1363,.T.);
#934=FACE_OUTER_BOUND('',#1364,.T.);
#935=FACE_OUTER_BOUND('',#1365,.T.);
#936=FACE_OUTER_BOUND('',#1366,.T.);
#937=FACE_OUTER_BOUND('',#1367,.T.);
#938=FACE_OUTER_BOUND('',#1368,.T.);
#939=FACE_OUTER_BOUND('',#1369,.T.);
#940=FACE_OUTER_BOUND('',#1370,.T.);
#941=FACE_OUTER_BOUND('',#1371,.T.);
#942=FACE_OUTER_BOUND('',#1372,.T.);
#943=FACE_OUTER_BOUND('',#1373,.T.);
#944=FACE_OUTER_BOUND('',#1374,.T.);
#945=FACE_OUTER_BOUND('',#1375,.T.);
#946=FACE_OUTER_BOUND('',#1376,.T.);
#947=FACE_OUTER_BOUND('',#1377,.T.);
#948=FACE_OUTER_BOUND('',#1378,.T.);
#949=FACE_OUTER_BOUND('',#1379,.T.);
#950=FACE_OUTER_BOUND('',#1380,.T.);
#951=FACE_OUTER_BOUND('',#1381,.T.);
#952=FACE_OUTER_BOUND('',#1382,.T.);
#953=FACE_OUTER_BOUND('',#1383,.T.);
#954=FACE_OUTER_BOUND('',#1384,.T.);
#955=FACE_OUTER_BOUND('',#1385,.T.);
#956=FACE_OUTER_BOUND('',#1386,.T.);
#957=FACE_OUTER_BOUND('',#1387,.T.);
#958=FACE_OUTER_BOUND('',#1388,.T.);
#959=FACE_OUTER_BOUND('',#1389,.T.);
#960=FACE_OUTER_BOUND('',#1390,.T.);
#961=FACE_OUTER_BOUND('',#1391,.T.);
#962=FACE_OUTER_BOUND('',#1392,.T.);
#963=FACE_OUTER_BOUND('',#1393,.T.);
#964=FACE_OUTER_BOUND('',#1394,.T.);
#965=FACE_OUTER_BOUND('',#1395,.T.);
#966=FACE_OUTER_BOUND('',#1396,.T.);
#967=FACE_OUTER_BOUND('',#1397,.T.);
#968=FACE_OUTER_BOUND('',#1398,.T.);
#969=FACE_OUTER_BOUND('',#1399,.T.);
#970=FACE_OUTER_BOUND('',#1400,.T.);
#971=FACE_OUTER_BOUND('',#1401,.T.);
#972=FACE_OUTER_BOUND('',#1402,.T.);
#973=FACE_OUTER_BOUND('',#1403,.T.);
#974=FACE_OUTER_BOUND('',#1404,.T.);
#975=FACE_OUTER_BOUND('',#1405,.T.);
#976=FACE_OUTER_BOUND('',#1406,.T.);
#977=FACE_OUTER_BOUND('',#1407,.T.);
#978=FACE_OUTER_BOUND('',#1408,.T.);
#979=FACE_OUTER_BOUND('',#1409,.T.);
#980=FACE_OUTER_BOUND('',#1410,.T.);
#981=FACE_OUTER_BOUND('',#1411,.T.);
#982=FACE_OUTER_BOUND('',#1412,.T.);
#983=FACE_OUTER_BOUND('',#1413,.T.);
#984=FACE_OUTER_BOUND('',#1414,.T.);
#985=FACE_OUTER_BOUND('',#1415,.T.);
#986=FACE_OUTER_BOUND('',#1416,.T.);
#987=FACE_OUTER_BOUND('',#1417,.T.);
#988=FACE_OUTER_BOUND('',#1418,.T.);
#989=FACE_OUTER_BOUND('',#1419,.T.);
#990=FACE_OUTER_BOUND('',#1420,.T.);
#991=FACE_OUTER_BOUND('',#1421,.T.);
#992=FACE_OUTER_BOUND('',#1422,.T.);
#993=FACE_OUTER_BOUND('',#1423,.T.);
#994=FACE_OUTER_BOUND('',#1424,.T.);
#995=FACE_OUTER_BOUND('',#1425,.T.);
#996=FACE_OUTER_BOUND('',#1426,.T.);
#997=FACE_OUTER_BOUND('',#1427,.T.);
#998=FACE_OUTER_BOUND('',#1428,.T.);
#999=FACE_OUTER_BOUND('',#1429,.T.);
#1000=FACE_OUTER_BOUND('',#1430,.T.);
#1001=FACE_OUTER_BOUND('',#1431,.T.);
#1002=FACE_OUTER_BOUND('',#1432,.T.);
#1003=FACE_OUTER_BOUND('',#1433,.T.);
#1004=FACE_OUTER_BOUND('',#1434,.T.);
#1005=FACE_OUTER_BOUND('',#1435,.T.);
#1006=FACE_OUTER_BOUND('',#1436,.T.);
#1007=FACE_OUTER_BOUND('',#1437,.T.);
#1008=FACE_OUTER_BOUND('',#1438,.T.);
#1009=FACE_OUTER_BOUND('',#1439,.T.);
#1010=FACE_OUTER_BOUND('',#1440,.T.);
#1011=FACE_OUTER_BOUND('',#1441,.T.);
#1012=FACE_OUTER_BOUND('',#1442,.T.);
#1013=FACE_OUTER_BOUND('',#1443,.T.);
#1014=FACE_OUTER_BOUND('',#1444,.T.);
#1015=FACE_OUTER_BOUND('',#1445,.T.);
#1016=FACE_OUTER_BOUND('',#1446,.T.);
#1017=FACE_OUTER_BOUND('',#1447,.T.);
#1018=FACE_OUTER_BOUND('',#1448,.T.);
#1019=FACE_OUTER_BOUND('',#1449,.T.);
#1020=FACE_OUTER_BOUND('',#1450,.T.);
#1021=FACE_OUTER_BOUND('',#1451,.T.);
#1022=FACE_OUTER_BOUND('',#1452,.T.);
#1023=FACE_OUTER_BOUND('',#1453,.T.);
#1024=FACE_OUTER_BOUND('',#1454,.T.);
#1025=FACE_OUTER_BOUND('',#1455,.T.);
#1026=FACE_OUTER_BOUND('',#1456,.T.);
#1027=FACE_OUTER_BOUND('',#1457,.T.);
#1028=FACE_OUTER_BOUND('',#1458,.T.);
#1029=FACE_OUTER_BOUND('',#1459,.T.);
#1030=FACE_OUTER_BOUND('',#1460,.T.);
#1031=FACE_OUTER_BOUND('',#1461,.T.);
#1032=FACE_OUTER_BOUND('',#1462,.T.);
#1033=FACE_OUTER_BOUND('',#1463,.T.);
#1034=FACE_OUTER_BOUND('',#1464,.T.);
#1035=FACE_OUTER_BOUND('',#1465,.T.);
#1036=FACE_OUTER_BOUND('',#1466,.T.);
#1037=FACE_OUTER_BOUND('',#1467,.T.);
#1038=FACE_OUTER_BOUND('',#1468,.T.);
#1039=FACE_OUTER_BOUND('',#1469,.T.);
#1040=FACE_OUTER_BOUND('',#1470,.T.);
#1041=FACE_OUTER_BOUND('',#1471,.T.);
#1042=FACE_OUTER_BOUND('',#1472,.T.);
#1043=FACE_OUTER_BOUND('',#1473,.T.);
#1044=FACE_OUTER_BOUND('',#1474,.T.);
#1045=FACE_OUTER_BOUND('',#1475,.T.);
#1046=FACE_OUTER_BOUND('',#1476,.T.);
#1047=FACE_OUTER_BOUND('',#1477,.T.);
#1048=FACE_OUTER_BOUND('',#1478,.T.);
#1049=FACE_OUTER_BOUND('',#1479,.T.);
#1050=FACE_OUTER_BOUND('',#1480,.T.);
#1051=FACE_OUTER_BOUND('',#1481,.T.);
#1052=FACE_OUTER_BOUND('',#1482,.T.);
#1053=FACE_OUTER_BOUND('',#1483,.T.);
#1054=FACE_OUTER_BOUND('',#1484,.T.);
#1055=FACE_OUTER_BOUND('',#1485,.T.);
#1056=FACE_OUTER_BOUND('',#1486,.T.);
#1057=FACE_OUTER_BOUND('',#1487,.T.);
#1058=FACE_OUTER_BOUND('',#1488,.T.);
#1059=FACE_OUTER_BOUND('',#1489,.T.);
#1060=FACE_OUTER_BOUND('',#1490,.T.);
#1061=FACE_OUTER_BOUND('',#1491,.T.);
#1062=FACE_OUTER_BOUND('',#1492,.T.);
#1063=FACE_OUTER_BOUND('',#1493,.T.);
#1064=FACE_OUTER_BOUND('',#1494,.T.);
#1065=FACE_OUTER_BOUND('',#1495,.T.);
#1066=FACE_OUTER_BOUND('',#1496,.T.);
#1067=FACE_OUTER_BOUND('',#1497,.T.);
#1068=FACE_OUTER_BOUND('',#1498,.T.);
#1069=FACE_OUTER_BOUND('',#1499,.T.);
#1070=FACE_OUTER_BOUND('',#1500,.T.);
#1071=FACE_OUTER_BOUND('',#1501,.T.);
#1072=FACE_OUTER_BOUND('',#1502,.T.);
#1073=FACE_OUTER_BOUND('',#1503,.T.);
#1074=FACE_OUTER_BOUND('',#1504,.T.);
#1075=FACE_OUTER_BOUND('',#1505,.T.);
#1076=FACE_OUTER_BOUND('',#1506,.T.);
#1077=FACE_OUTER_BOUND('',#1507,.T.);
#1078=FACE_OUTER_BOUND('',#1508,.T.);
#1079=FACE_OUTER_BOUND('',#1509,.T.);
#1080=FACE_OUTER_BOUND('',#1548,.T.);
#1081=FACE_OUTER_BOUND('',#1549,.T.);
#1082=FACE_OUTER_BOUND('',#1550,.T.);
#1083=FACE_OUTER_BOUND('',#1551,.T.);
#1084=FACE_OUTER_BOUND('',#1552,.T.);
#1085=FACE_OUTER_BOUND('',#1553,.T.);
#1086=FACE_OUTER_BOUND('',#1554,.T.);
#1087=FACE_OUTER_BOUND('',#1555,.T.);
#1088=FACE_OUTER_BOUND('',#1556,.T.);
#1089=FACE_OUTER_BOUND('',#1558,.T.);
#1090=FACE_OUTER_BOUND('',#1559,.T.);
#1091=FACE_OUTER_BOUND('',#1560,.T.);
#1092=FACE_OUTER_BOUND('',#1561,.T.);
#1093=FACE_OUTER_BOUND('',#1562,.T.);
#1094=FACE_OUTER_BOUND('',#1563,.T.);
#1095=FACE_OUTER_BOUND('',#1564,.T.);
#1096=FACE_OUTER_BOUND('',#1565,.T.);
#1097=FACE_OUTER_BOUND('',#1566,.T.);
#1098=FACE_OUTER_BOUND('',#1568,.T.);
#1099=FACE_OUTER_BOUND('',#1569,.T.);
#1100=FACE_OUTER_BOUND('',#1570,.T.);
#1101=FACE_OUTER_BOUND('',#1571,.T.);
#1102=FACE_OUTER_BOUND('',#1572,.T.);
#1103=FACE_OUTER_BOUND('',#1573,.T.);
#1104=FACE_OUTER_BOUND('',#1574,.T.);
#1105=FACE_OUTER_BOUND('',#1575,.T.);
#1106=FACE_OUTER_BOUND('',#1576,.T.);
#1107=FACE_OUTER_BOUND('',#1578,.T.);
#1108=FACE_OUTER_BOUND('',#1579,.T.);
#1109=FACE_OUTER_BOUND('',#1580,.T.);
#1110=FACE_OUTER_BOUND('',#1581,.T.);
#1111=FACE_OUTER_BOUND('',#1582,.T.);
#1112=FACE_OUTER_BOUND('',#1583,.T.);
#1113=FACE_OUTER_BOUND('',#1584,.T.);
#1114=FACE_OUTER_BOUND('',#1585,.T.);
#1115=FACE_OUTER_BOUND('',#1586,.T.);
#1116=FACE_OUTER_BOUND('',#1588,.T.);
#1117=FACE_OUTER_BOUND('',#1589,.T.);
#1118=FACE_OUTER_BOUND('',#1590,.T.);
#1119=FACE_OUTER_BOUND('',#1591,.T.);
#1120=FACE_OUTER_BOUND('',#1592,.T.);
#1121=FACE_OUTER_BOUND('',#1593,.T.);
#1122=FACE_OUTER_BOUND('',#1594,.T.);
#1123=FACE_OUTER_BOUND('',#1595,.T.);
#1124=FACE_OUTER_BOUND('',#1596,.T.);
#1125=FACE_OUTER_BOUND('',#1598,.T.);
#1126=FACE_OUTER_BOUND('',#1599,.T.);
#1127=FACE_OUTER_BOUND('',#1600,.T.);
#1128=FACE_OUTER_BOUND('',#1601,.T.);
#1129=FACE_OUTER_BOUND('',#1602,.T.);
#1130=FACE_OUTER_BOUND('',#1603,.T.);
#1131=FACE_OUTER_BOUND('',#1604,.T.);
#1132=FACE_OUTER_BOUND('',#1605,.T.);
#1133=FACE_OUTER_BOUND('',#1606,.T.);
#1134=FACE_OUTER_BOUND('',#1608,.T.);
#1135=FACE_OUTER_BOUND('',#1609,.T.);
#1136=FACE_OUTER_BOUND('',#1610,.T.);
#1137=FACE_OUTER_BOUND('',#1611,.T.);
#1138=FACE_OUTER_BOUND('',#1612,.T.);
#1139=FACE_OUTER_BOUND('',#1613,.T.);
#1140=FACE_OUTER_BOUND('',#1614,.T.);
#1141=FACE_OUTER_BOUND('',#1615,.T.);
#1142=FACE_OUTER_BOUND('',#1616,.T.);
#1143=FACE_OUTER_BOUND('',#1618,.T.);
#1144=FACE_OUTER_BOUND('',#1619,.T.);
#1145=FACE_OUTER_BOUND('',#1620,.T.);
#1146=FACE_OUTER_BOUND('',#1621,.T.);
#1147=FACE_OUTER_BOUND('',#1622,.T.);
#1148=FACE_OUTER_BOUND('',#1623,.T.);
#1149=FACE_OUTER_BOUND('',#1624,.T.);
#1150=FACE_OUTER_BOUND('',#1625,.T.);
#1151=FACE_OUTER_BOUND('',#1626,.T.);
#1152=FACE_OUTER_BOUND('',#1628,.T.);
#1153=FACE_OUTER_BOUND('',#1629,.T.);
#1154=FACE_OUTER_BOUND('',#1630,.T.);
#1155=FACE_OUTER_BOUND('',#1631,.T.);
#1156=FACE_OUTER_BOUND('',#1632,.T.);
#1157=FACE_OUTER_BOUND('',#1633,.T.);
#1158=FACE_OUTER_BOUND('',#1634,.T.);
#1159=FACE_OUTER_BOUND('',#1635,.T.);
#1160=FACE_OUTER_BOUND('',#1636,.T.);
#1161=FACE_OUTER_BOUND('',#1638,.T.);
#1162=FACE_OUTER_BOUND('',#1639,.T.);
#1163=FACE_OUTER_BOUND('',#1640,.T.);
#1164=FACE_OUTER_BOUND('',#1641,.T.);
#1165=FACE_OUTER_BOUND('',#1642,.T.);
#1166=FACE_OUTER_BOUND('',#1643,.T.);
#1167=FACE_OUTER_BOUND('',#1644,.T.);
#1168=FACE_OUTER_BOUND('',#1645,.T.);
#1169=FACE_OUTER_BOUND('',#1646,.T.);
#1170=FACE_OUTER_BOUND('',#1648,.T.);
#1171=FACE_OUTER_BOUND('',#1649,.T.);
#1172=FACE_OUTER_BOUND('',#1650,.T.);
#1173=FACE_OUTER_BOUND('',#1651,.T.);
#1174=FACE_OUTER_BOUND('',#1652,.T.);
#1175=FACE_OUTER_BOUND('',#1653,.T.);
#1176=FACE_OUTER_BOUND('',#1654,.T.);
#1177=FACE_OUTER_BOUND('',#1655,.T.);
#1178=FACE_OUTER_BOUND('',#1656,.T.);
#1179=FACE_OUTER_BOUND('',#1658,.T.);
#1180=FACE_OUTER_BOUND('',#1659,.T.);
#1181=FACE_OUTER_BOUND('',#1660,.T.);
#1182=FACE_OUTER_BOUND('',#1661,.T.);
#1183=FACE_OUTER_BOUND('',#1662,.T.);
#1184=FACE_OUTER_BOUND('',#1663,.T.);
#1185=FACE_OUTER_BOUND('',#1664,.T.);
#1186=FACE_OUTER_BOUND('',#1665,.T.);
#1187=FACE_OUTER_BOUND('',#1666,.T.);
#1188=FACE_OUTER_BOUND('',#1668,.T.);
#1189=FACE_OUTER_BOUND('',#1669,.T.);
#1190=FACE_OUTER_BOUND('',#1670,.T.);
#1191=FACE_OUTER_BOUND('',#1671,.T.);
#1192=FACE_OUTER_BOUND('',#1672,.T.);
#1193=FACE_OUTER_BOUND('',#1673,.T.);
#1194=FACE_OUTER_BOUND('',#1674,.T.);
#1195=FACE_OUTER_BOUND('',#1675,.T.);
#1196=FACE_OUTER_BOUND('',#1676,.T.);
#1197=FACE_OUTER_BOUND('',#1678,.T.);
#1198=FACE_OUTER_BOUND('',#1679,.T.);
#1199=FACE_OUTER_BOUND('',#1680,.T.);
#1200=FACE_OUTER_BOUND('',#1681,.T.);
#1201=FACE_OUTER_BOUND('',#1682,.T.);
#1202=FACE_OUTER_BOUND('',#1683,.T.);
#1203=FACE_OUTER_BOUND('',#1684,.T.);
#1204=FACE_OUTER_BOUND('',#1685,.T.);
#1205=FACE_OUTER_BOUND('',#1686,.T.);
#1206=FACE_OUTER_BOUND('',#1688,.T.);
#1207=FACE_OUTER_BOUND('',#1689,.T.);
#1208=FACE_OUTER_BOUND('',#1690,.T.);
#1209=FACE_OUTER_BOUND('',#1691,.T.);
#1210=FACE_OUTER_BOUND('',#1692,.T.);
#1211=FACE_OUTER_BOUND('',#1693,.T.);
#1212=FACE_OUTER_BOUND('',#1694,.T.);
#1213=FACE_OUTER_BOUND('',#1695,.T.);
#1214=FACE_OUTER_BOUND('',#1696,.T.);
#1215=FACE_OUTER_BOUND('',#1698,.T.);
#1216=FACE_OUTER_BOUND('',#1699,.T.);
#1217=FACE_OUTER_BOUND('',#1700,.T.);
#1218=FACE_OUTER_BOUND('',#1701,.T.);
#1219=FACE_OUTER_BOUND('',#1702,.T.);
#1220=FACE_OUTER_BOUND('',#1703,.T.);
#1221=FACE_OUTER_BOUND('',#1704,.T.);
#1222=FACE_OUTER_BOUND('',#1705,.T.);
#1223=FACE_OUTER_BOUND('',#1706,.T.);
#1224=FACE_OUTER_BOUND('',#1708,.T.);
#1225=FACE_OUTER_BOUND('',#1709,.T.);
#1226=FACE_OUTER_BOUND('',#1710,.T.);
#1227=FACE_OUTER_BOUND('',#1711,.T.);
#1228=FACE_OUTER_BOUND('',#1712,.T.);
#1229=FACE_OUTER_BOUND('',#1713,.T.);
#1230=FACE_OUTER_BOUND('',#1714,.T.);
#1231=FACE_OUTER_BOUND('',#1715,.T.);
#1232=FACE_OUTER_BOUND('',#1716,.T.);
#1233=FACE_OUTER_BOUND('',#1718,.T.);
#1234=FACE_OUTER_BOUND('',#1719,.T.);
#1235=FACE_OUTER_BOUND('',#1720,.T.);
#1236=FACE_OUTER_BOUND('',#1721,.T.);
#1237=FACE_OUTER_BOUND('',#1722,.T.);
#1238=FACE_OUTER_BOUND('',#1723,.T.);
#1239=FACE_OUTER_BOUND('',#1724,.T.);
#1240=FACE_OUTER_BOUND('',#1725,.T.);
#1241=FACE_OUTER_BOUND('',#1726,.T.);
#1242=FACE_OUTER_BOUND('',#1728,.T.);
#1243=FACE_OUTER_BOUND('',#1729,.T.);
#1244=FACE_OUTER_BOUND('',#1730,.T.);
#1245=FACE_OUTER_BOUND('',#1731,.T.);
#1246=FACE_OUTER_BOUND('',#1732,.T.);
#1247=FACE_OUTER_BOUND('',#1733,.T.);
#1248=FACE_OUTER_BOUND('',#1734,.T.);
#1249=FACE_OUTER_BOUND('',#1735,.T.);
#1250=FACE_OUTER_BOUND('',#1736,.T.);
#1251=FACE_OUTER_BOUND('',#1738,.T.);
#1252=FACE_OUTER_BOUND('',#1739,.T.);
#1253=FACE_OUTER_BOUND('',#1740,.T.);
#1254=FACE_OUTER_BOUND('',#1741,.T.);
#1255=FACE_OUTER_BOUND('',#1742,.T.);
#1256=FACE_OUTER_BOUND('',#1743,.T.);
#1257=FACE_OUTER_BOUND('',#1744,.T.);
#1258=FACE_OUTER_BOUND('',#1745,.T.);
#1259=FACE_OUTER_BOUND('',#1746,.T.);
#1260=FACE_OUTER_BOUND('',#1748,.T.);
#1261=FACE_OUTER_BOUND('',#1749,.T.);
#1262=FACE_OUTER_BOUND('',#1750,.T.);
#1263=FACE_OUTER_BOUND('',#1751,.T.);
#1264=FACE_OUTER_BOUND('',#1752,.T.);
#1265=FACE_OUTER_BOUND('',#1753,.T.);
#1266=FACE_OUTER_BOUND('',#1754,.T.);
#1267=FACE_OUTER_BOUND('',#1755,.T.);
#1268=FACE_OUTER_BOUND('',#1756,.T.);
#1269=FACE_OUTER_BOUND('',#1758,.T.);
#1270=FACE_OUTER_BOUND('',#1759,.T.);
#1271=FACE_OUTER_BOUND('',#1760,.T.);
#1272=FACE_OUTER_BOUND('',#1761,.T.);
#1273=FACE_OUTER_BOUND('',#1762,.T.);
#1274=FACE_OUTER_BOUND('',#1763,.T.);
#1275=FACE_OUTER_BOUND('',#1764,.T.);
#1276=FACE_OUTER_BOUND('',#1765,.T.);
#1277=FACE_OUTER_BOUND('',#1766,.T.);
#1278=FACE_OUTER_BOUND('',#1768,.T.);
#1279=FACE_OUTER_BOUND('',#1769,.T.);
#1280=FACE_OUTER_BOUND('',#1770,.T.);
#1281=FACE_OUTER_BOUND('',#1771,.T.);
#1282=FACE_OUTER_BOUND('',#1772,.T.);
#1283=FACE_OUTER_BOUND('',#1773,.T.);
#1284=FACE_OUTER_BOUND('',#1774,.T.);
#1285=FACE_OUTER_BOUND('',#1775,.T.);
#1286=FACE_OUTER_BOUND('',#1776,.T.);
#1287=FACE_OUTER_BOUND('',#1778,.T.);
#1288=FACE_OUTER_BOUND('',#1779,.T.);
#1289=FACE_OUTER_BOUND('',#1780,.T.);
#1290=FACE_OUTER_BOUND('',#1781,.T.);
#1291=FACE_OUTER_BOUND('',#1799,.T.);
#1292=EDGE_LOOP('',(#5158,#5159,#5160,#5161));
#1293=EDGE_LOOP('',(#5162,#5163,#5164,#5165));
#1294=EDGE_LOOP('',(#5166,#5167,#5168,#5169));
#1295=EDGE_LOOP('',(#5170,#5171,#5172,#5173));
#1296=EDGE_LOOP('',(#5174,#5175,#5176,#5177));
#1297=EDGE_LOOP('',(#5178,#5179,#5180,#5181));
#1298=EDGE_LOOP('',(#5182,#5183,#5184,#5185));
#1299=EDGE_LOOP('',(#5186,#5187,#5188,#5189));
#1300=EDGE_LOOP('',(#5190,#5191,#5192,#5193));
#1301=EDGE_LOOP('',(#5194,#5195,#5196,#5197));
#1302=EDGE_LOOP('',(#5198,#5199,#5200,#5201));
#1303=EDGE_LOOP('',(#5202,#5203,#5204,#5205));
#1304=EDGE_LOOP('',(#5206,#5207,#5208,#5209));
#1305=EDGE_LOOP('',(#5210,#5211,#5212,#5213));
#1306=EDGE_LOOP('',(#5214,#5215,#5216,#5217));
#1307=EDGE_LOOP('',(#5218,#5219,#5220,#5221));
#1308=EDGE_LOOP('',(#5222,#5223,#5224,#5225));
#1309=EDGE_LOOP('',(#5226,#5227,#5228,#5229));
#1310=EDGE_LOOP('',(#5230,#5231,#5232,#5233));
#1311=EDGE_LOOP('',(#5234,#5235,#5236,#5237));
#1312=EDGE_LOOP('',(#5238,#5239,#5240,#5241));
#1313=EDGE_LOOP('',(#5242,#5243,#5244,#5245));
#1314=EDGE_LOOP('',(#5246,#5247,#5248,#5249));
#1315=EDGE_LOOP('',(#5250,#5251,#5252,#5253));
#1316=EDGE_LOOP('',(#5254,#5255,#5256,#5257));
#1317=EDGE_LOOP('',(#5258,#5259,#5260,#5261));
#1318=EDGE_LOOP('',(#5262,#5263,#5264,#5265));
#1319=EDGE_LOOP('',(#5266,#5267,#5268,#5269));
#1320=EDGE_LOOP('',(#5270,#5271,#5272,#5273));
#1321=EDGE_LOOP('',(#5274,#5275,#5276,#5277));
#1322=EDGE_LOOP('',(#5278,#5279,#5280,#5281));
#1323=EDGE_LOOP('',(#5282,#5283,#5284,#5285));
#1324=EDGE_LOOP('',(#5286,#5287,#5288,#5289));
#1325=EDGE_LOOP('',(#5290,#5291,#5292,#5293));
#1326=EDGE_LOOP('',(#5294,#5295,#5296,#5297));
#1327=EDGE_LOOP('',(#5298,#5299,#5300,#5301));
#1328=EDGE_LOOP('',(#5302,#5303,#5304,#5305));
#1329=EDGE_LOOP('',(#5306,#5307,#5308,#5309));
#1330=EDGE_LOOP('',(#5310,#5311,#5312,#5313));
#1331=EDGE_LOOP('',(#5314,#5315,#5316,#5317));
#1332=EDGE_LOOP('',(#5318,#5319,#5320,#5321));
#1333=EDGE_LOOP('',(#5322,#5323,#5324,#5325));
#1334=EDGE_LOOP('',(#5326,#5327,#5328,#5329));
#1335=EDGE_LOOP('',(#5330,#5331,#5332,#5333));
#1336=EDGE_LOOP('',(#5334,#5335,#5336,#5337));
#1337=EDGE_LOOP('',(#5338,#5339,#5340,#5341));
#1338=EDGE_LOOP('',(#5342,#5343,#5344,#5345));
#1339=EDGE_LOOP('',(#5346,#5347,#5348,#5349));
#1340=EDGE_LOOP('',(#5350,#5351,#5352,#5353));
#1341=EDGE_LOOP('',(#5354,#5355,#5356,#5357));
#1342=EDGE_LOOP('',(#5358,#5359,#5360,#5361));
#1343=EDGE_LOOP('',(#5362,#5363,#5364,#5365));
#1344=EDGE_LOOP('',(#5366,#5367,#5368,#5369));
#1345=EDGE_LOOP('',(#5370,#5371,#5372,#5373));
#1346=EDGE_LOOP('',(#5374,#5375,#5376,#5377));
#1347=EDGE_LOOP('',(#5378,#5379,#5380,#5381));
#1348=EDGE_LOOP('',(#5382,#5383,#5384,#5385));
#1349=EDGE_LOOP('',(#5386,#5387,#5388,#5389));
#1350=EDGE_LOOP('',(#5390,#5391,#5392,#5393));
#1351=EDGE_LOOP('',(#5394,#5395,#5396,#5397));
#1352=EDGE_LOOP('',(#5398,#5399,#5400,#5401));
#1353=EDGE_LOOP('',(#5402,#5403,#5404,#5405));
#1354=EDGE_LOOP('',(#5406,#5407,#5408,#5409));
#1355=EDGE_LOOP('',(#5410,#5411,#5412,#5413));
#1356=EDGE_LOOP('',(#5414,#5415,#5416,#5417));
#1357=EDGE_LOOP('',(#5418,#5419,#5420,#5421));
#1358=EDGE_LOOP('',(#5422,#5423,#5424,#5425));
#1359=EDGE_LOOP('',(#5426,#5427,#5428,#5429));
#1360=EDGE_LOOP('',(#5430,#5431,#5432,#5433));
#1361=EDGE_LOOP('',(#5434,#5435,#5436,#5437));
#1362=EDGE_LOOP('',(#5438,#5439,#5440,#5441));
#1363=EDGE_LOOP('',(#5442,#5443,#5444,#5445));
#1364=EDGE_LOOP('',(#5446,#5447,#5448,#5449));
#1365=EDGE_LOOP('',(#5450,#5451,#5452,#5453));
#1366=EDGE_LOOP('',(#5454,#5455,#5456,#5457));
#1367=EDGE_LOOP('',(#5458,#5459,#5460,#5461));
#1368=EDGE_LOOP('',(#5462,#5463,#5464,#5465));
#1369=EDGE_LOOP('',(#5466,#5467,#5468,#5469));
#1370=EDGE_LOOP('',(#5470,#5471,#5472,#5473));
#1371=EDGE_LOOP('',(#5474,#5475,#5476,#5477));
#1372=EDGE_LOOP('',(#5478,#5479,#5480,#5481));
#1373=EDGE_LOOP('',(#5482,#5483,#5484,#5485));
#1374=EDGE_LOOP('',(#5486,#5487,#5488,#5489));
#1375=EDGE_LOOP('',(#5490,#5491,#5492,#5493));
#1376=EDGE_LOOP('',(#5494,#5495,#5496,#5497));
#1377=EDGE_LOOP('',(#5498,#5499,#5500,#5501));
#1378=EDGE_LOOP('',(#5502,#5503,#5504,#5505));
#1379=EDGE_LOOP('',(#5506,#5507,#5508,#5509));
#1380=EDGE_LOOP('',(#5510,#5511,#5512,#5513));
#1381=EDGE_LOOP('',(#5514,#5515,#5516,#5517));
#1382=EDGE_LOOP('',(#5518,#5519,#5520,#5521));
#1383=EDGE_LOOP('',(#5522,#5523,#5524,#5525));
#1384=EDGE_LOOP('',(#5526,#5527,#5528,#5529));
#1385=EDGE_LOOP('',(#5530,#5531,#5532,#5533));
#1386=EDGE_LOOP('',(#5534,#5535,#5536,#5537));
#1387=EDGE_LOOP('',(#5538,#5539,#5540,#5541));
#1388=EDGE_LOOP('',(#5542,#5543,#5544,#5545));
#1389=EDGE_LOOP('',(#5546,#5547,#5548,#5549));
#1390=EDGE_LOOP('',(#5550,#5551,#5552,#5553));
#1391=EDGE_LOOP('',(#5554,#5555,#5556,#5557));
#1392=EDGE_LOOP('',(#5558,#5559,#5560,#5561));
#1393=EDGE_LOOP('',(#5562,#5563,#5564,#5565));
#1394=EDGE_LOOP('',(#5566,#5567,#5568,#5569));
#1395=EDGE_LOOP('',(#5570,#5571,#5572,#5573));
#1396=EDGE_LOOP('',(#5574,#5575,#5576,#5577));
#1397=EDGE_LOOP('',(#5578,#5579,#5580,#5581));
#1398=EDGE_LOOP('',(#5582,#5583,#5584,#5585));
#1399=EDGE_LOOP('',(#5586,#5587,#5588,#5589));
#1400=EDGE_LOOP('',(#5590,#5591,#5592,#5593));
#1401=EDGE_LOOP('',(#5594,#5595,#5596,#5597));
#1402=EDGE_LOOP('',(#5598,#5599,#5600,#5601));
#1403=EDGE_LOOP('',(#5602,#5603,#5604,#5605));
#1404=EDGE_LOOP('',(#5606,#5607,#5608,#5609));
#1405=EDGE_LOOP('',(#5610));
#1406=EDGE_LOOP('',(#5611,#5612,#5613,#5614));
#1407=EDGE_LOOP('',(#5615));
#1408=EDGE_LOOP('',(#5616,#5617,#5618,#5619));
#1409=EDGE_LOOP('',(#5620));
#1410=EDGE_LOOP('',(#5621,#5622,#5623,#5624));
#1411=EDGE_LOOP('',(#5625));
#1412=EDGE_LOOP('',(#5626,#5627,#5628,#5629));
#1413=EDGE_LOOP('',(#5630));
#1414=EDGE_LOOP('',(#5631,#5632,#5633,#5634));
#1415=EDGE_LOOP('',(#5635));
#1416=EDGE_LOOP('',(#5636,#5637,#5638,#5639));
#1417=EDGE_LOOP('',(#5640));
#1418=EDGE_LOOP('',(#5641,#5642,#5643,#5644));
#1419=EDGE_LOOP('',(#5645));
#1420=EDGE_LOOP('',(#5646,#5647,#5648,#5649));
#1421=EDGE_LOOP('',(#5650));
#1422=EDGE_LOOP('',(#5651,#5652,#5653,#5654));
#1423=EDGE_LOOP('',(#5655));
#1424=EDGE_LOOP('',(#5656,#5657,#5658,#5659));
#1425=EDGE_LOOP('',(#5660));
#1426=EDGE_LOOP('',(#5661,#5662,#5663,#5664));
#1427=EDGE_LOOP('',(#5665));
#1428=EDGE_LOOP('',(#5666,#5667,#5668,#5669));
#1429=EDGE_LOOP('',(#5670));
#1430=EDGE_LOOP('',(#5671,#5672,#5673,#5674));
#1431=EDGE_LOOP('',(#5675));
#1432=EDGE_LOOP('',(#5676,#5677,#5678,#5679));
#1433=EDGE_LOOP('',(#5680,#5681,#5682,#5683));
#1434=EDGE_LOOP('',(#5684,#5685,#5686,#5687));
#1435=EDGE_LOOP('',(#5688,#5689,#5690,#5691));
#1436=EDGE_LOOP('',(#5692,#5693,#5694,#5695));
#1437=EDGE_LOOP('',(#5696,#5697,#5698,#5699));
#1438=EDGE_LOOP('',(#5700,#5701,#5702,#5703));
#1439=EDGE_LOOP('',(#5704,#5705,#5706,#5707));
#1440=EDGE_LOOP('',(#5708,#5709,#5710,#5711));
#1441=EDGE_LOOP('',(#5712,#5713,#5714,#5715));
#1442=EDGE_LOOP('',(#5716,#5717,#5718,#5719));
#1443=EDGE_LOOP('',(#5720,#5721,#5722,#5723));
#1444=EDGE_LOOP('',(#5724,#5725,#5726,#5727));
#1445=EDGE_LOOP('',(#5728,#5729,#5730,#5731));
#1446=EDGE_LOOP('',(#5732,#5733,#5734,#5735));
#1447=EDGE_LOOP('',(#5736,#5737,#5738,#5739));
#1448=EDGE_LOOP('',(#5740,#5741,#5742,#5743));
#1449=EDGE_LOOP('',(#5744,#5745,#5746,#5747));
#1450=EDGE_LOOP('',(#5748,#5749,#5750,#5751));
#1451=EDGE_LOOP('',(#5752,#5753,#5754,#5755));
#1452=EDGE_LOOP('',(#5756,#5757,#5758,#5759));
#1453=EDGE_LOOP('',(#5760,#5761,#5762,#5763));
#1454=EDGE_LOOP('',(#5764,#5765,#5766,#5767));
#1455=EDGE_LOOP('',(#5768,#5769,#5770,#5771));
#1456=EDGE_LOOP('',(#5772,#5773,#5774,#5775));
#1457=EDGE_LOOP('',(#5776,#5777,#5778,#5779));
#1458=EDGE_LOOP('',(#5780,#5781,#5782,#5783));
#1459=EDGE_LOOP('',(#5784,#5785,#5786,#5787));
#1460=EDGE_LOOP('',(#5788,#5789,#5790,#5791));
#1461=EDGE_LOOP('',(#5792,#5793,#5794,#5795));
#1462=EDGE_LOOP('',(#5796,#5797,#5798,#5799));
#1463=EDGE_LOOP('',(#5800,#5801,#5802,#5803));
#1464=EDGE_LOOP('',(#5804,#5805));
#1465=EDGE_LOOP('',(#5806,#5807,#5808,#5809));
#1466=EDGE_LOOP('',(#5810,#5811));
#1467=EDGE_LOOP('',(#5812,#5813,#5814,#5815));
#1468=EDGE_LOOP('',(#5816,#5817));
#1469=EDGE_LOOP('',(#5818,#5819,#5820,#5821));
#1470=EDGE_LOOP('',(#5822,#5823));
#1471=EDGE_LOOP('',(#5824,#5825,#5826,#5827));
#1472=EDGE_LOOP('',(#5828,#5829));
#1473=EDGE_LOOP('',(#5830,#5831,#5832,#5833));
#1474=EDGE_LOOP('',(#5834,#5835));
#1475=EDGE_LOOP('',(#5836,#5837,#5838,#5839));
#1476=EDGE_LOOP('',(#5840,#5841));
#1477=EDGE_LOOP('',(#5842,#5843,#5844,#5845));
#1478=EDGE_LOOP('',(#5846,#5847));
#1479=EDGE_LOOP('',(#5848,#5849,#5850,#5851));
#1480=EDGE_LOOP('',(#5852,#5853));
#1481=EDGE_LOOP('',(#5854,#5855,#5856,#5857));
#1482=EDGE_LOOP('',(#5858,#5859));
#1483=EDGE_LOOP('',(#5860,#5861,#5862,#5863));
#1484=EDGE_LOOP('',(#5864,#5865));
#1485=EDGE_LOOP('',(#5866,#5867,#5868,#5869));
#1486=EDGE_LOOP('',(#5870,#5871));
#1487=EDGE_LOOP('',(#5872,#5873,#5874,#5875));
#1488=EDGE_LOOP('',(#5876,#5877));
#1489=EDGE_LOOP('',(#5878,#5879,#5880,#5881));
#1490=EDGE_LOOP('',(#5882,#5883));
#1491=EDGE_LOOP('',(#5884,#5885,#5886,#5887));
#1492=EDGE_LOOP('',(#5888,#5889));
#1493=EDGE_LOOP('',(#5890,#5891,#5892,#5893));
#1494=EDGE_LOOP('',(#5894,#5895));
#1495=EDGE_LOOP('',(#5896,#5897,#5898,#5899));
#1496=EDGE_LOOP('',(#5900,#5901));
#1497=EDGE_LOOP('',(#5902,#5903,#5904,#5905));
#1498=EDGE_LOOP('',(#5906,#5907));
#1499=EDGE_LOOP('',(#5908,#5909,#5910,#5911));
#1500=EDGE_LOOP('',(#5912,#5913));
#1501=EDGE_LOOP('',(#5914,#5915,#5916,#5917));
#1502=EDGE_LOOP('',(#5918,#5919));
#1503=EDGE_LOOP('',(#5920,#5921,#5922,#5923));
#1504=EDGE_LOOP('',(#5924,#5925));
#1505=EDGE_LOOP('',(#5926,#5927,#5928,#5929));
#1506=EDGE_LOOP('',(#5930,#5931));
#1507=EDGE_LOOP('',(#5932,#5933,#5934,#5935));
#1508=EDGE_LOOP('',(#5936,#5937));
#1509=EDGE_LOOP('',(#5938));
#1510=EDGE_LOOP('',(#5939));
#1511=EDGE_LOOP('',(#5940));
#1512=EDGE_LOOP('',(#5941));
#1513=EDGE_LOOP('',(#5942));
#1514=EDGE_LOOP('',(#5943));
#1515=EDGE_LOOP('',(#5944));
#1516=EDGE_LOOP('',(#5945));
#1517=EDGE_LOOP('',(#5946));
#1518=EDGE_LOOP('',(#5947));
#1519=EDGE_LOOP('',(#5948));
#1520=EDGE_LOOP('',(#5949));
#1521=EDGE_LOOP('',(#5950));
#1522=EDGE_LOOP('',(#5951));
#1523=EDGE_LOOP('',(#5952));
#1524=EDGE_LOOP('',(#5953));
#1525=EDGE_LOOP('',(#5954,#5955,#5956,#5957,#5958,#5959,#5960,#5961,#5962,
#5963));
#1526=EDGE_LOOP('',(#5964,#5965,#5966,#5967,#5968,#5969,#5970,#5971,#5972,
#5973));
#1527=EDGE_LOOP('',(#5974,#5975,#5976,#5977,#5978,#5979,#5980,#5981,#5982,
#5983));
#1528=EDGE_LOOP('',(#5984,#5985,#5986,#5987,#5988,#5989,#5990,#5991,#5992,
#5993));
#1529=EDGE_LOOP('',(#5994,#5995,#5996,#5997,#5998,#5999,#6000,#6001,#6002,
#6003));
#1530=EDGE_LOOP('',(#6004,#6005,#6006,#6007,#6008,#6009,#6010,#6011,#6012,
#6013));
#1531=EDGE_LOOP('',(#6014,#6015,#6016,#6017,#6018,#6019,#6020,#6021,#6022,
#6023));
#1532=EDGE_LOOP('',(#6024,#6025,#6026,#6027,#6028,#6029,#6030,#6031,#6032,
#6033));
#1533=EDGE_LOOP('',(#6034,#6035,#6036,#6037,#6038,#6039,#6040,#6041,#6042,
#6043));
#1534=EDGE_LOOP('',(#6044,#6045,#6046,#6047,#6048,#6049,#6050,#6051,#6052,
#6053));
#1535=EDGE_LOOP('',(#6054,#6055,#6056,#6057,#6058,#6059,#6060,#6061,#6062,
#6063));
#1536=EDGE_LOOP('',(#6064,#6065,#6066,#6067,#6068,#6069,#6070,#6071,#6072,
#6073));
#1537=EDGE_LOOP('',(#6074,#6075,#6076,#6077,#6078,#6079,#6080,#6081,#6082,
#6083));
#1538=EDGE_LOOP('',(#6084,#6085,#6086,#6087,#6088,#6089,#6090,#6091,#6092,
#6093));
#1539=EDGE_LOOP('',(#6094,#6095,#6096,#6097,#6098,#6099,#6100,#6101,#6102,
#6103));
#1540=EDGE_LOOP('',(#6104,#6105,#6106,#6107,#6108,#6109,#6110,#6111,#6112,
#6113));
#1541=EDGE_LOOP('',(#6114,#6115,#6116,#6117,#6118,#6119,#6120,#6121,#6122,
#6123));
#1542=EDGE_LOOP('',(#6124,#6125,#6126,#6127,#6128,#6129,#6130,#6131,#6132,
#6133));
#1543=EDGE_LOOP('',(#6134,#6135,#6136,#6137,#6138,#6139,#6140,#6141,#6142,
#6143));
#1544=EDGE_LOOP('',(#6144,#6145,#6146,#6147,#6148,#6149,#6150,#6151,#6152,
#6153));
#1545=EDGE_LOOP('',(#6154,#6155,#6156,#6157,#6158,#6159,#6160,#6161,#6162,
#6163));
#1546=EDGE_LOOP('',(#6164,#6165,#6166,#6167,#6168,#6169,#6170,#6171,#6172,
#6173));
#1547=EDGE_LOOP('',(#6174,#6175,#6176,#6177,#6178,#6179,#6180,#6181,#6182,
#6183));
#1548=EDGE_LOOP('',(#6184,#6185,#6186,#6187));
#1549=EDGE_LOOP('',(#6188,#6189,#6190,#6191));
#1550=EDGE_LOOP('',(#6192,#6193,#6194,#6195));
#1551=EDGE_LOOP('',(#6196,#6197,#6198,#6199));
#1552=EDGE_LOOP('',(#6200,#6201,#6202,#6203,#6204,#6205,#6206,#6207));
#1553=EDGE_LOOP('',(#6208,#6209,#6210,#6211));
#1554=EDGE_LOOP('',(#6212,#6213,#6214,#6215));
#1555=EDGE_LOOP('',(#6216,#6217,#6218,#6219));
#1556=EDGE_LOOP('',(#6220,#6221,#6222,#6223,#6224,#6225,#6226,#6227));
#1557=EDGE_LOOP('',(#6228));
#1558=EDGE_LOOP('',(#6229,#6230,#6231,#6232));
#1559=EDGE_LOOP('',(#6233,#6234,#6235,#6236));
#1560=EDGE_LOOP('',(#6237,#6238,#6239,#6240,#6241,#6242,#6243,#6244));
#1561=EDGE_LOOP('',(#6245,#6246,#6247,#6248));
#1562=EDGE_LOOP('',(#6249,#6250,#6251,#6252));
#1563=EDGE_LOOP('',(#6253,#6254,#6255,#6256));
#1564=EDGE_LOOP('',(#6257,#6258,#6259,#6260));
#1565=EDGE_LOOP('',(#6261,#6262,#6263,#6264));
#1566=EDGE_LOOP('',(#6265,#6266,#6267,#6268,#6269,#6270,#6271,#6272));
#1567=EDGE_LOOP('',(#6273));
#1568=EDGE_LOOP('',(#6274,#6275,#6276,#6277));
#1569=EDGE_LOOP('',(#6278,#6279,#6280,#6281));
#1570=EDGE_LOOP('',(#6282,#6283,#6284,#6285,#6286,#6287,#6288,#6289));
#1571=EDGE_LOOP('',(#6290,#6291,#6292,#6293));
#1572=EDGE_LOOP('',(#6294,#6295,#6296,#6297));
#1573=EDGE_LOOP('',(#6298,#6299,#6300,#6301));
#1574=EDGE_LOOP('',(#6302,#6303,#6304,#6305));
#1575=EDGE_LOOP('',(#6306,#6307,#6308,#6309));
#1576=EDGE_LOOP('',(#6310,#6311,#6312,#6313,#6314,#6315,#6316,#6317));
#1577=EDGE_LOOP('',(#6318));
#1578=EDGE_LOOP('',(#6319,#6320,#6321,#6322));
#1579=EDGE_LOOP('',(#6323,#6324,#6325,#6326));
#1580=EDGE_LOOP('',(#6327,#6328,#6329,#6330));
#1581=EDGE_LOOP('',(#6331,#6332,#6333,#6334));
#1582=EDGE_LOOP('',(#6335,#6336,#6337,#6338,#6339,#6340,#6341,#6342));
#1583=EDGE_LOOP('',(#6343,#6344,#6345,#6346));
#1584=EDGE_LOOP('',(#6347,#6348,#6349,#6350));
#1585=EDGE_LOOP('',(#6351,#6352,#6353,#6354));
#1586=EDGE_LOOP('',(#6355,#6356,#6357,#6358,#6359,#6360,#6361,#6362));
#1587=EDGE_LOOP('',(#6363));
#1588=EDGE_LOOP('',(#6364,#6365,#6366,#6367));
#1589=EDGE_LOOP('',(#6368,#6369,#6370,#6371));
#1590=EDGE_LOOP('',(#6372,#6373,#6374,#6375,#6376,#6377,#6378,#6379));
#1591=EDGE_LOOP('',(#6380,#6381,#6382,#6383));
#1592=EDGE_LOOP('',(#6384,#6385,#6386,#6387));
#1593=EDGE_LOOP('',(#6388,#6389,#6390,#6391));
#1594=EDGE_LOOP('',(#6392,#6393,#6394,#6395));
#1595=EDGE_LOOP('',(#6396,#6397,#6398,#6399));
#1596=EDGE_LOOP('',(#6400,#6401,#6402,#6403,#6404,#6405,#6406,#6407));
#1597=EDGE_LOOP('',(#6408));
#1598=EDGE_LOOP('',(#6409,#6410,#6411,#6412));
#1599=EDGE_LOOP('',(#6413,#6414,#6415,#6416));
#1600=EDGE_LOOP('',(#6417,#6418,#6419,#6420));
#1601=EDGE_LOOP('',(#6421,#6422,#6423,#6424));
#1602=EDGE_LOOP('',(#6425,#6426,#6427,#6428,#6429,#6430,#6431,#6432));
#1603=EDGE_LOOP('',(#6433,#6434,#6435,#6436));
#1604=EDGE_LOOP('',(#6437,#6438,#6439,#6440));
#1605=EDGE_LOOP('',(#6441,#6442,#6443,#6444));
#1606=EDGE_LOOP('',(#6445,#6446,#6447,#6448,#6449,#6450,#6451,#6452));
#1607=EDGE_LOOP('',(#6453));
#1608=EDGE_LOOP('',(#6454,#6455,#6456,#6457));
#1609=EDGE_LOOP('',(#6458,#6459,#6460,#6461));
#1610=EDGE_LOOP('',(#6462,#6463,#6464,#6465));
#1611=EDGE_LOOP('',(#6466,#6467,#6468,#6469,#6470,#6471,#6472,#6473));
#1612=EDGE_LOOP('',(#6474,#6475,#6476,#6477));
#1613=EDGE_LOOP('',(#6478,#6479,#6480,#6481));
#1614=EDGE_LOOP('',(#6482,#6483,#6484,#6485));
#1615=EDGE_LOOP('',(#6486,#6487,#6488,#6489));
#1616=EDGE_LOOP('',(#6490,#6491,#6492,#6493,#6494,#6495,#6496,#6497));
#1617=EDGE_LOOP('',(#6498));
#1618=EDGE_LOOP('',(#6499,#6500,#6501,#6502,#6503,#6504,#6505,#6506));
#1619=EDGE_LOOP('',(#6507,#6508,#6509,#6510));
#1620=EDGE_LOOP('',(#6511,#6512,#6513,#6514));
#1621=EDGE_LOOP('',(#6515,#6516,#6517,#6518));
#1622=EDGE_LOOP('',(#6519,#6520,#6521,#6522));
#1623=EDGE_LOOP('',(#6523,#6524,#6525,#6526));
#1624=EDGE_LOOP('',(#6527,#6528,#6529,#6530));
#1625=EDGE_LOOP('',(#6531,#6532,#6533,#6534));
#1626=EDGE_LOOP('',(#6535,#6536,#6537,#6538,#6539,#6540,#6541,#6542));
#1627=EDGE_LOOP('',(#6543));
#1628=EDGE_LOOP('',(#6544,#6545,#6546,#6547));
#1629=EDGE_LOOP('',(#6548,#6549,#6550,#6551));
#1630=EDGE_LOOP('',(#6552,#6553,#6554,#6555,#6556,#6557,#6558,#6559));
#1631=EDGE_LOOP('',(#6560,#6561,#6562,#6563));
#1632=EDGE_LOOP('',(#6564,#6565,#6566,#6567));
#1633=EDGE_LOOP('',(#6568,#6569,#6570,#6571));
#1634=EDGE_LOOP('',(#6572,#6573,#6574,#6575));
#1635=EDGE_LOOP('',(#6576,#6577,#6578,#6579));
#1636=EDGE_LOOP('',(#6580,#6581,#6582,#6583,#6584,#6585,#6586,#6587));
#1637=EDGE_LOOP('',(#6588));
#1638=EDGE_LOOP('',(#6589,#6590,#6591,#6592,#6593,#6594,#6595,#6596));
#1639=EDGE_LOOP('',(#6597,#6598,#6599,#6600));
#1640=EDGE_LOOP('',(#6601,#6602,#6603,#6604));
#1641=EDGE_LOOP('',(#6605,#6606,#6607,#6608));
#1642=EDGE_LOOP('',(#6609,#6610,#6611,#6612));
#1643=EDGE_LOOP('',(#6613,#6614,#6615,#6616));
#1644=EDGE_LOOP('',(#6617,#6618,#6619,#6620));
#1645=EDGE_LOOP('',(#6621,#6622,#6623,#6624));
#1646=EDGE_LOOP('',(#6625,#6626,#6627,#6628,#6629,#6630,#6631,#6632));
#1647=EDGE_LOOP('',(#6633));
#1648=EDGE_LOOP('',(#6634,#6635,#6636,#6637));
#1649=EDGE_LOOP('',(#6638,#6639,#6640,#6641));
#1650=EDGE_LOOP('',(#6642,#6643,#6644,#6645));
#1651=EDGE_LOOP('',(#6646,#6647,#6648,#6649));
#1652=EDGE_LOOP('',(#6650,#6651,#6652,#6653,#6654,#6655,#6656,#6657));
#1653=EDGE_LOOP('',(#6658,#6659,#6660,#6661));
#1654=EDGE_LOOP('',(#6662,#6663,#6664,#6665));
#1655=EDGE_LOOP('',(#6666,#6667,#6668,#6669));
#1656=EDGE_LOOP('',(#6670,#6671,#6672,#6673,#6674,#6675,#6676,#6677));
#1657=EDGE_LOOP('',(#6678));
#1658=EDGE_LOOP('',(#6679,#6680,#6681,#6682,#6683,#6684,#6685,#6686));
#1659=EDGE_LOOP('',(#6687,#6688,#6689,#6690));
#1660=EDGE_LOOP('',(#6691,#6692,#6693,#6694));
#1661=EDGE_LOOP('',(#6695,#6696,#6697,#6698));
#1662=EDGE_LOOP('',(#6699,#6700,#6701,#6702));
#1663=EDGE_LOOP('',(#6703,#6704,#6705,#6706));
#1664=EDGE_LOOP('',(#6707,#6708,#6709,#6710));
#1665=EDGE_LOOP('',(#6711,#6712,#6713,#6714));
#1666=EDGE_LOOP('',(#6715,#6716,#6717,#6718,#6719,#6720,#6721,#6722));
#1667=EDGE_LOOP('',(#6723));
#1668=EDGE_LOOP('',(#6724,#6725,#6726,#6727));
#1669=EDGE_LOOP('',(#6728,#6729,#6730,#6731));
#1670=EDGE_LOOP('',(#6732,#6733,#6734,#6735,#6736,#6737,#6738,#6739));
#1671=EDGE_LOOP('',(#6740,#6741,#6742,#6743));
#1672=EDGE_LOOP('',(#6744,#6745,#6746,#6747));
#1673=EDGE_LOOP('',(#6748,#6749,#6750,#6751));
#1674=EDGE_LOOP('',(#6752,#6753,#6754,#6755));
#1675=EDGE_LOOP('',(#6756,#6757,#6758,#6759));
#1676=EDGE_LOOP('',(#6760,#6761,#6762,#6763,#6764,#6765,#6766,#6767));
#1677=EDGE_LOOP('',(#6768));
#1678=EDGE_LOOP('',(#6769,#6770,#6771,#6772));
#1679=EDGE_LOOP('',(#6773,#6774,#6775,#6776,#6777,#6778,#6779,#6780));
#1680=EDGE_LOOP('',(#6781,#6782,#6783,#6784));
#1681=EDGE_LOOP('',(#6785,#6786,#6787,#6788));
#1682=EDGE_LOOP('',(#6789,#6790,#6791,#6792));
#1683=EDGE_LOOP('',(#6793,#6794,#6795,#6796));
#1684=EDGE_LOOP('',(#6797,#6798,#6799,#6800));
#1685=EDGE_LOOP('',(#6801,#6802,#6803,#6804));
#1686=EDGE_LOOP('',(#6805,#6806,#6807,#6808,#6809,#6810,#6811,#6812));
#1687=EDGE_LOOP('',(#6813));
#1688=EDGE_LOOP('',(#6814,#6815,#6816,#6817));
#1689=EDGE_LOOP('',(#6818,#6819,#6820,#6821));
#1690=EDGE_LOOP('',(#6822,#6823,#6824,#6825,#6826,#6827,#6828,#6829));
#1691=EDGE_LOOP('',(#6830,#6831,#6832,#6833));
#1692=EDGE_LOOP('',(#6834,#6835,#6836,#6837));
#1693=EDGE_LOOP('',(#6838,#6839,#6840,#6841));
#1694=EDGE_LOOP('',(#6842,#6843,#6844,#6845));
#1695=EDGE_LOOP('',(#6846,#6847,#6848,#6849));
#1696=EDGE_LOOP('',(#6850,#6851,#6852,#6853,#6854,#6855,#6856,#6857));
#1697=EDGE_LOOP('',(#6858));
#1698=EDGE_LOOP('',(#6859,#6860,#6861,#6862));
#1699=EDGE_LOOP('',(#6863,#6864,#6865,#6866));
#1700=EDGE_LOOP('',(#6867,#6868,#6869,#6870));
#1701=EDGE_LOOP('',(#6871,#6872,#6873,#6874));
#1702=EDGE_LOOP('',(#6875,#6876,#6877,#6878));
#1703=EDGE_LOOP('',(#6879,#6880,#6881,#6882));
#1704=EDGE_LOOP('',(#6883,#6884,#6885,#6886,#6887,#6888,#6889,#6890));
#1705=EDGE_LOOP('',(#6891,#6892,#6893,#6894));
#1706=EDGE_LOOP('',(#6895,#6896,#6897,#6898,#6899,#6900,#6901,#6902));
#1707=EDGE_LOOP('',(#6903));
#1708=EDGE_LOOP('',(#6904,#6905,#6906,#6907));
#1709=EDGE_LOOP('',(#6908,#6909,#6910,#6911));
#1710=EDGE_LOOP('',(#6912,#6913,#6914,#6915));
#1711=EDGE_LOOP('',(#6916,#6917,#6918,#6919));
#1712=EDGE_LOOP('',(#6920,#6921,#6922,#6923,#6924,#6925,#6926,#6927));
#1713=EDGE_LOOP('',(#6928,#6929,#6930,#6931));
#1714=EDGE_LOOP('',(#6932,#6933,#6934,#6935));
#1715=EDGE_LOOP('',(#6936,#6937,#6938,#6939));
#1716=EDGE_LOOP('',(#6940,#6941,#6942,#6943,#6944,#6945,#6946,#6947));
#1717=EDGE_LOOP('',(#6948));
#1718=EDGE_LOOP('',(#6949,#6950,#6951,#6952));
#1719=EDGE_LOOP('',(#6953,#6954,#6955,#6956));
#1720=EDGE_LOOP('',(#6957,#6958,#6959,#6960));
#1721=EDGE_LOOP('',(#6961,#6962,#6963,#6964));
#1722=EDGE_LOOP('',(#6965,#6966,#6967,#6968));
#1723=EDGE_LOOP('',(#6969,#6970,#6971,#6972));
#1724=EDGE_LOOP('',(#6973,#6974,#6975,#6976));
#1725=EDGE_LOOP('',(#6977,#6978,#6979,#6980,#6981,#6982,#6983,#6984));
#1726=EDGE_LOOP('',(#6985,#6986,#6987,#6988,#6989,#6990,#6991,#6992));
#1727=EDGE_LOOP('',(#6993));
#1728=EDGE_LOOP('',(#6994,#6995,#6996,#6997));
#1729=EDGE_LOOP('',(#6998,#6999,#7000,#7001));
#1730=EDGE_LOOP('',(#7002,#7003,#7004,#7005));
#1731=EDGE_LOOP('',(#7006,#7007,#7008,#7009));
#1732=EDGE_LOOP('',(#7010,#7011,#7012,#7013,#7014,#7015,#7016,#7017));
#1733=EDGE_LOOP('',(#7018,#7019,#7020,#7021));
#1734=EDGE_LOOP('',(#7022,#7023,#7024,#7025));
#1735=EDGE_LOOP('',(#7026,#7027,#7028,#7029));
#1736=EDGE_LOOP('',(#7030,#7031,#7032,#7033,#7034,#7035,#7036,#7037));
#1737=EDGE_LOOP('',(#7038));
#1738=EDGE_LOOP('',(#7039,#7040,#7041,#7042));
#1739=EDGE_LOOP('',(#7043,#7044,#7045,#7046));
#1740=EDGE_LOOP('',(#7047,#7048,#7049,#7050,#7051,#7052,#7053,#7054));
#1741=EDGE_LOOP('',(#7055,#7056,#7057,#7058));
#1742=EDGE_LOOP('',(#7059,#7060,#7061,#7062));
#1743=EDGE_LOOP('',(#7063,#7064,#7065,#7066));
#1744=EDGE_LOOP('',(#7067,#7068,#7069,#7070));
#1745=EDGE_LOOP('',(#7071,#7072,#7073,#7074));
#1746=EDGE_LOOP('',(#7075,#7076,#7077,#7078,#7079,#7080,#7081,#7082));
#1747=EDGE_LOOP('',(#7083));
#1748=EDGE_LOOP('',(#7084,#7085,#7086,#7087));
#1749=EDGE_LOOP('',(#7088,#7089,#7090,#7091,#7092,#7093,#7094,#7095));
#1750=EDGE_LOOP('',(#7096,#7097,#7098,#7099));
#1751=EDGE_LOOP('',(#7100,#7101,#7102,#7103));
#1752=EDGE_LOOP('',(#7104,#7105,#7106,#7107));
#1753=EDGE_LOOP('',(#7108,#7109,#7110,#7111));
#1754=EDGE_LOOP('',(#7112,#7113,#7114,#7115));
#1755=EDGE_LOOP('',(#7116,#7117,#7118,#7119));
#1756=EDGE_LOOP('',(#7120,#7121,#7122,#7123,#7124,#7125,#7126,#7127));
#1757=EDGE_LOOP('',(#7128));
#1758=EDGE_LOOP('',(#7129,#7130,#7131,#7132));
#1759=EDGE_LOOP('',(#7133,#7134,#7135,#7136,#7137,#7138,#7139,#7140));
#1760=EDGE_LOOP('',(#7141,#7142,#7143,#7144));
#1761=EDGE_LOOP('',(#7145,#7146,#7147,#7148));
#1762=EDGE_LOOP('',(#7149,#7150,#7151,#7152));
#1763=EDGE_LOOP('',(#7153,#7154,#7155,#7156));
#1764=EDGE_LOOP('',(#7157,#7158,#7159,#7160));
#1765=EDGE_LOOP('',(#7161,#7162,#7163,#7164));
#1766=EDGE_LOOP('',(#7165,#7166,#7167,#7168,#7169,#7170,#7171,#7172));
#1767=EDGE_LOOP('',(#7173));
#1768=EDGE_LOOP('',(#7174,#7175,#7176,#7177,#7178,#7179,#7180,#7181));
#1769=EDGE_LOOP('',(#7182,#7183,#7184,#7185));
#1770=EDGE_LOOP('',(#7186,#7187,#7188,#7189));
#1771=EDGE_LOOP('',(#7190,#7191,#7192,#7193));
#1772=EDGE_LOOP('',(#7194,#7195,#7196,#7197));
#1773=EDGE_LOOP('',(#7198,#7199,#7200,#7201));
#1774=EDGE_LOOP('',(#7202,#7203,#7204,#7205));
#1775=EDGE_LOOP('',(#7206,#7207,#7208,#7209));
#1776=EDGE_LOOP('',(#7210,#7211,#7212,#7213,#7214,#7215,#7216,#7217));
#1777=EDGE_LOOP('',(#7218));
#1778=EDGE_LOOP('',(#7219,#7220,#7221,#7222));
#1779=EDGE_LOOP('',(#7223,#7224,#7225,#7226));
#1780=EDGE_LOOP('',(#7227,#7228,#7229,#7230));
#1781=EDGE_LOOP('',(#7231));
#1782=EDGE_LOOP('',(#7232,#7233,#7234,#7235,#7236,#7237,#7238,#7239,#7240,
#7241,#7242,#7243,#7244,#7245));
#1783=EDGE_LOOP('',(#7246,#7247,#7248,#7249,#7250,#7251,#7252,#7253,#7254,
#7255,#7256,#7257,#7258,#7259));
#1784=EDGE_LOOP('',(#7260,#7261,#7262,#7263,#7264,#7265,#7266,#7267,#7268,
#7269,#7270,#7271,#7272,#7273));
#1785=EDGE_LOOP('',(#7274,#7275,#7276,#7277,#7278,#7279,#7280,#7281,#7282,
#7283,#7284,#7285,#7286,#7287));
#1786=EDGE_LOOP('',(#7288,#7289,#7290,#7291,#7292,#7293,#7294,#7295,#7296,
#7297,#7298,#7299,#7300,#7301));
#1787=EDGE_LOOP('',(#7302,#7303,#7304,#7305,#7306,#7307,#7308,#7309,#7310,
#7311,#7312,#7313,#7314,#7315));
#1788=EDGE_LOOP('',(#7316,#7317,#7318,#7319,#7320,#7321,#7322,#7323,#7324,
#7325,#7326,#7327,#7328,#7329));
#1789=EDGE_LOOP('',(#7330,#7331,#7332,#7333,#7334,#7335,#7336,#7337,#7338,
#7339,#7340,#7341,#7342,#7343));
#1790=EDGE_LOOP('',(#7344));
#1791=EDGE_LOOP('',(#7345));
#1792=EDGE_LOOP('',(#7346));
#1793=EDGE_LOOP('',(#7347));
#1794=EDGE_LOOP('',(#7348));
#1795=EDGE_LOOP('',(#7349));
#1796=EDGE_LOOP('',(#7350));
#1797=EDGE_LOOP('',(#7351));
#1798=EDGE_LOOP('',(#7352));
#1799=EDGE_LOOP('',(#7353));
#1800=EDGE_LOOP('',(#7354,#7355,#7356,#7357,#7358,#7359,#7360,#7361,#7362,
#7363,#7364,#7365,#7366,#7367));
#1801=EDGE_LOOP('',(#7368,#7369,#7370,#7371,#7372,#7373,#7374,#7375,#7376,
#7377,#7378,#7379,#7380,#7381));
#1802=EDGE_LOOP('',(#7382,#7383,#7384,#7385,#7386,#7387,#7388,#7389,#7390,
#7391,#7392,#7393,#7394,#7395));
#1803=EDGE_LOOP('',(#7396,#7397,#7398,#7399,#7400,#7401,#7402,#7403,#7404,
#7405,#7406,#7407,#7408,#7409));
#1804=EDGE_LOOP('',(#7410,#7411,#7412,#7413,#7414,#7415,#7416,#7417,#7418,
#7419,#7420,#7421,#7422,#7423));
#1805=EDGE_LOOP('',(#7424,#7425,#7426,#7427,#7428,#7429,#7430,#7431,#7432,
#7433,#7434,#7435,#7436,#7437));
#1806=EDGE_LOOP('',(#7438,#7439,#7440,#7441,#7442,#7443,#7444,#7445,#7446,
#7447,#7448,#7449,#7450,#7451));
#1807=EDGE_LOOP('',(#7452,#7453,#7454,#7455,#7456,#7457,#7458,#7459,#7460,
#7461,#7462,#7463,#7464,#7465));
#1808=EDGE_LOOP('',(#7466));
#1809=EDGE_LOOP('',(#7467));
#1810=EDGE_LOOP('',(#7468));
#1811=EDGE_LOOP('',(#7469));
#1812=EDGE_LOOP('',(#7470));
#1813=EDGE_LOOP('',(#7471));
#1814=EDGE_LOOP('',(#7472));
#1815=EDGE_LOOP('',(#7473));
#1816=EDGE_LOOP('',(#7474));
#1817=EDGE_LOOP('',(#7475));
#1818=EDGE_LOOP('',(#7476));
#1819=EDGE_LOOP('',(#7477));
#1820=EDGE_LOOP('',(#7478));
#1821=EDGE_LOOP('',(#7479));
#1822=EDGE_LOOP('',(#7480));
#1823=EDGE_LOOP('',(#7481));
#1824=EDGE_LOOP('',(#7482));
#1825=EDGE_LOOP('',(#7483));
#1826=EDGE_LOOP('',(#7484));
#1827=EDGE_LOOP('',(#7485));
#1828=EDGE_LOOP('',(#7486));
#1829=EDGE_LOOP('',(#7487));
#1830=EDGE_LOOP('',(#7488));
#1831=EDGE_LOOP('',(#7489));
#1832=EDGE_LOOP('',(#7490));
#1833=EDGE_LOOP('',(#7491));
#1834=EDGE_LOOP('',(#7492));
#1835=EDGE_LOOP('',(#7493));
#1836=EDGE_LOOP('',(#7494));
#1837=EDGE_LOOP('',(#7495));
#1838=EDGE_LOOP('',(#7496));
#1839=EDGE_LOOP('',(#7497));
#1840=LINE('',#11576,#2524);
#1841=LINE('',#11578,#2525);
#1842=LINE('',#11580,#2526);
#1843=LINE('',#11581,#2527);
#1844=LINE('',#11587,#2528);
#1845=LINE('',#11593,#2529);
#1846=LINE('',#11596,#2530);
#1847=LINE('',#11598,#2531);
#1848=LINE('',#11599,#2532);
#1849=LINE('',#11605,#2533);
#1850=LINE('',#11611,#2534);
#1851=LINE('',#11617,#2535);
#1852=LINE('',#11620,#2536);
#1853=LINE('',#11622,#2537);
#1854=LINE('',#11623,#2538);
#1855=LINE('',#11629,#2539);
#1856=LINE('',#11635,#2540);
#1857=LINE('',#11638,#2541);
#1858=LINE('',#11640,#2542);
#1859=LINE('',#11641,#2543);
#1860=LINE('',#11647,#2544);
#1861=LINE('',#11653,#2545);
#1862=LINE('',#11660,#2546);
#1863=LINE('',#11662,#2547);
#1864=LINE('',#11664,#2548);
#1865=LINE('',#11665,#2549);
#1866=LINE('',#11671,#2550);
#1867=LINE('',#11677,#2551);
#1868=LINE('',#11680,#2552);
#1869=LINE('',#11682,#2553);
#1870=LINE('',#11683,#2554);
#1871=LINE('',#11689,#2555);
#1872=LINE('',#11695,#2556);
#1873=LINE('',#11701,#2557);
#1874=LINE('',#11704,#2558);
#1875=LINE('',#11706,#2559);
#1876=LINE('',#11707,#2560);
#1877=LINE('',#11713,#2561);
#1878=LINE('',#11719,#2562);
#1879=LINE('',#11722,#2563);
#1880=LINE('',#11724,#2564);
#1881=LINE('',#11725,#2565);
#1882=LINE('',#11731,#2566);
#1883=LINE('',#11737,#2567);
#1884=LINE('',#11744,#2568);
#1885=LINE('',#11746,#2569);
#1886=LINE('',#11748,#2570);
#1887=LINE('',#11749,#2571);
#1888=LINE('',#11755,#2572);
#1889=LINE('',#11761,#2573);
#1890=LINE('',#11764,#2574);
#1891=LINE('',#11766,#2575);
#1892=LINE('',#11767,#2576);
#1893=LINE('',#11773,#2577);
#1894=LINE('',#11779,#2578);
#1895=LINE('',#11785,#2579);
#1896=LINE('',#11788,#2580);
#1897=LINE('',#11790,#2581);
#1898=LINE('',#11791,#2582);
#1899=LINE('',#11797,#2583);
#1900=LINE('',#11803,#2584);
#1901=LINE('',#11806,#2585);
#1902=LINE('',#11808,#2586);
#1903=LINE('',#11809,#2587);
#1904=LINE('',#11815,#2588);
#1905=LINE('',#11821,#2589);
#1906=LINE('',#11828,#2590);
#1907=LINE('',#11830,#2591);
#1908=LINE('',#11832,#2592);
#1909=LINE('',#11833,#2593);
#1910=LINE('',#11839,#2594);
#1911=LINE('',#11845,#2595);
#1912=LINE('',#11848,#2596);
#1913=LINE('',#11850,#2597);
#1914=LINE('',#11851,#2598);
#1915=LINE('',#11857,#2599);
#1916=LINE('',#11863,#2600);
#1917=LINE('',#11869,#2601);
#1918=LINE('',#11872,#2602);
#1919=LINE('',#11874,#2603);
#1920=LINE('',#11875,#2604);
#1921=LINE('',#11881,#2605);
#1922=LINE('',#11887,#2606);
#1923=LINE('',#11890,#2607);
#1924=LINE('',#11892,#2608);
#1925=LINE('',#11893,#2609);
#1926=LINE('',#11899,#2610);
#1927=LINE('',#11905,#2611);
#1928=LINE('',#11912,#2612);
#1929=LINE('',#11914,#2613);
#1930=LINE('',#11916,#2614);
#1931=LINE('',#11917,#2615);
#1932=LINE('',#11923,#2616);
#1933=LINE('',#11929,#2617);
#1934=LINE('',#11932,#2618);
#1935=LINE('',#11934,#2619);
#1936=LINE('',#11935,#2620);
#1937=LINE('',#11941,#2621);
#1938=LINE('',#11947,#2622);
#1939=LINE('',#11953,#2623);
#1940=LINE('',#11956,#2624);
#1941=LINE('',#11958,#2625);
#1942=LINE('',#11959,#2626);
#1943=LINE('',#11965,#2627);
#1944=LINE('',#11971,#2628);
#1945=LINE('',#11974,#2629);
#1946=LINE('',#11976,#2630);
#1947=LINE('',#11977,#2631);
#1948=LINE('',#11983,#2632);
#1949=LINE('',#11989,#2633);
#1950=LINE('',#11996,#2634);
#1951=LINE('',#11998,#2635);
#1952=LINE('',#12000,#2636);
#1953=LINE('',#12001,#2637);
#1954=LINE('',#12007,#2638);
#1955=LINE('',#12013,#2639);
#1956=LINE('',#12016,#2640);
#1957=LINE('',#12018,#2641);
#1958=LINE('',#12019,#2642);
#1959=LINE('',#12025,#2643);
#1960=LINE('',#12031,#2644);
#1961=LINE('',#12037,#2645);
#1962=LINE('',#12040,#2646);
#1963=LINE('',#12042,#2647);
#1964=LINE('',#12043,#2648);
#1965=LINE('',#12049,#2649);
#1966=LINE('',#12055,#2650);
#1967=LINE('',#12058,#2651);
#1968=LINE('',#12060,#2652);
#1969=LINE('',#12061,#2653);
#1970=LINE('',#12067,#2654);
#1971=LINE('',#12073,#2655);
#1972=LINE('',#12080,#2656);
#1973=LINE('',#12082,#2657);
#1974=LINE('',#12084,#2658);
#1975=LINE('',#12085,#2659);
#1976=LINE('',#12091,#2660);
#1977=LINE('',#12097,#2661);
#1978=LINE('',#12100,#2662);
#1979=LINE('',#12102,#2663);
#1980=LINE('',#12103,#2664);
#1981=LINE('',#12109,#2665);
#1982=LINE('',#12115,#2666);
#1983=LINE('',#12121,#2667);
#1984=LINE('',#12124,#2668);
#1985=LINE('',#12126,#2669);
#1986=LINE('',#12127,#2670);
#1987=LINE('',#12133,#2671);
#1988=LINE('',#12139,#2672);
#1989=LINE('',#12142,#2673);
#1990=LINE('',#12144,#2674);
#1991=LINE('',#12145,#2675);
#1992=LINE('',#12151,#2676);
#1993=LINE('',#12157,#2677);
#1994=LINE('',#12164,#2678);
#1995=LINE('',#12166,#2679);
#1996=LINE('',#12168,#2680);
#1997=LINE('',#12169,#2681);
#1998=LINE('',#12175,#2682);
#1999=LINE('',#12181,#2683);
#2000=LINE('',#12184,#2684);
#2001=LINE('',#12186,#2685);
#2002=LINE('',#12187,#2686);
#2003=LINE('',#12193,#2687);
#2004=LINE('',#12199,#2688);
#2005=LINE('',#12205,#2689);
#2006=LINE('',#12208,#2690);
#2007=LINE('',#12210,#2691);
#2008=LINE('',#12211,#2692);
#2009=LINE('',#12217,#2693);
#2010=LINE('',#12223,#2694);
#2011=LINE('',#12226,#2695);
#2012=LINE('',#12228,#2696);
#2013=LINE('',#12229,#2697);
#2014=LINE('',#12235,#2698);
#2015=LINE('',#12241,#2699);
#2016=LINE('',#12249,#2700);
#2017=LINE('',#12256,#2701);
#2018=LINE('',#12263,#2702);
#2019=LINE('',#12270,#2703);
#2020=LINE('',#12277,#2704);
#2021=LINE('',#12284,#2705);
#2022=LINE('',#12291,#2706);
#2023=LINE('',#12298,#2707);
#2024=LINE('',#12305,#2708);
#2025=LINE('',#12312,#2709);
#2026=LINE('',#12319,#2710);
#2027=LINE('',#12326,#2711);
#2028=LINE('',#12333,#2712);
#2029=LINE('',#12340,#2713);
#2030=LINE('',#12347,#2714);
#2031=LINE('',#12353,#2715);
#2032=LINE('',#12359,#2716);
#2033=LINE('',#12365,#2717);
#2034=LINE('',#12371,#2718);
#2035=LINE('',#12377,#2719);
#2036=LINE('',#12383,#2720);
#2037=LINE('',#12389,#2721);
#2038=LINE('',#12395,#2722);
#2039=LINE('',#12401,#2723);
#2040=LINE('',#12407,#2724);
#2041=LINE('',#12413,#2725);
#2042=LINE('',#12419,#2726);
#2043=LINE('',#12425,#2727);
#2044=LINE('',#12431,#2728);
#2045=LINE('',#12437,#2729);
#2046=LINE('',#12443,#2730);
#2047=LINE('',#12449,#2731);
#2048=LINE('',#12455,#2732);
#2049=LINE('',#12461,#2733);
#2050=LINE('',#12467,#2734);
#2051=LINE('',#12473,#2735);
#2052=LINE('',#12479,#2736);
#2053=LINE('',#12485,#2737);
#2054=LINE('',#12491,#2738);
#2055=LINE('',#12497,#2739);
#2056=LINE('',#12503,#2740);
#2057=LINE('',#12509,#2741);
#2058=LINE('',#12515,#2742);
#2059=LINE('',#12521,#2743);
#2060=LINE('',#12527,#2744);
#2061=LINE('',#12532,#2745);
#2062=LINE('',#12536,#2746);
#2063=LINE('',#12539,#2747);
#2064=LINE('',#12543,#2748);
#2065=LINE('',#12547,#2749);
#2066=LINE('',#12550,#2750);
#2067=LINE('',#12554,#2751);
#2068=LINE('',#12558,#2752);
#2069=LINE('',#12561,#2753);
#2070=LINE('',#12565,#2754);
#2071=LINE('',#12569,#2755);
#2072=LINE('',#12572,#2756);
#2073=LINE('',#12576,#2757);
#2074=LINE('',#12580,#2758);
#2075=LINE('',#12583,#2759);
#2076=LINE('',#12587,#2760);
#2077=LINE('',#12591,#2761);
#2078=LINE('',#12594,#2762);
#2079=LINE('',#12598,#2763);
#2080=LINE('',#12602,#2764);
#2081=LINE('',#12605,#2765);
#2082=LINE('',#12609,#2766);
#2083=LINE('',#12613,#2767);
#2084=LINE('',#12616,#2768);
#2085=LINE('',#12620,#2769);
#2086=LINE('',#12624,#2770);
#2087=LINE('',#12627,#2771);
#2088=LINE('',#12631,#2772);
#2089=LINE('',#12635,#2773);
#2090=LINE('',#12638,#2774);
#2091=LINE('',#12642,#2775);
#2092=LINE('',#12646,#2776);
#2093=LINE('',#12649,#2777);
#2094=LINE('',#12653,#2778);
#2095=LINE('',#12657,#2779);
#2096=LINE('',#12660,#2780);
#2097=LINE('',#12664,#2781);
#2098=LINE('',#12668,#2782);
#2099=LINE('',#12671,#2783);
#2100=LINE('',#12675,#2784);
#2101=LINE('',#12679,#2785);
#2102=LINE('',#12682,#2786);
#2103=LINE('',#12686,#2787);
#2104=LINE('',#12690,#2788);
#2105=LINE('',#12693,#2789);
#2106=LINE('',#12697,#2790);
#2107=LINE('',#12701,#2791);
#2108=LINE('',#12704,#2792);
#2109=LINE('',#12708,#2793);
#2110=LINE('',#12712,#2794);
#2111=LINE('',#12715,#2795);
#2112=LINE('',#12719,#2796);
#2113=LINE('',#12723,#2797);
#2114=LINE('',#12726,#2798);
#2115=LINE('',#12730,#2799);
#2116=LINE('',#12734,#2800);
#2117=LINE('',#12737,#2801);
#2118=LINE('',#12741,#2802);
#2119=LINE('',#12745,#2803);
#2120=LINE('',#12748,#2804);
#2121=LINE('',#12752,#2805);
#2122=LINE('',#12756,#2806);
#2123=LINE('',#12759,#2807);
#2124=LINE('',#12763,#2808);
#2125=LINE('',#12767,#2809);
#2126=LINE('',#12770,#2810);
#2127=LINE('',#12774,#2811);
#2128=LINE('',#12778,#2812);
#2129=LINE('',#12781,#2813);
#2130=LINE('',#12788,#2814);
#2131=LINE('',#12792,#2815);
#2132=LINE('',#12796,#2816);
#2133=LINE('',#12800,#2817);
#2134=LINE('',#12803,#2818);
#2135=LINE('',#12805,#2819);
#2136=LINE('',#12809,#2820);
#2137=LINE('',#12813,#2821);
#2138=LINE('',#12817,#2822);
#2139=LINE('',#12820,#2823);
#2140=LINE('',#12822,#2824);
#2141=LINE('',#12826,#2825);
#2142=LINE('',#12830,#2826);
#2143=LINE('',#12834,#2827);
#2144=LINE('',#12837,#2828);
#2145=LINE('',#12839,#2829);
#2146=LINE('',#12843,#2830);
#2147=LINE('',#12847,#2831);
#2148=LINE('',#12851,#2832);
#2149=LINE('',#12854,#2833);
#2150=LINE('',#12856,#2834);
#2151=LINE('',#12860,#2835);
#2152=LINE('',#12864,#2836);
#2153=LINE('',#12868,#2837);
#2154=LINE('',#12871,#2838);
#2155=LINE('',#12873,#2839);
#2156=LINE('',#12877,#2840);
#2157=LINE('',#12881,#2841);
#2158=LINE('',#12885,#2842);
#2159=LINE('',#12888,#2843);
#2160=LINE('',#12890,#2844);
#2161=LINE('',#12894,#2845);
#2162=LINE('',#12898,#2846);
#2163=LINE('',#12902,#2847);
#2164=LINE('',#12905,#2848);
#2165=LINE('',#12907,#2849);
#2166=LINE('',#12911,#2850);
#2167=LINE('',#12915,#2851);
#2168=LINE('',#12919,#2852);
#2169=LINE('',#12922,#2853);
#2170=LINE('',#12924,#2854);
#2171=LINE('',#12928,#2855);
#2172=LINE('',#12932,#2856);
#2173=LINE('',#12936,#2857);
#2174=LINE('',#12939,#2858);
#2175=LINE('',#12941,#2859);
#2176=LINE('',#12945,#2860);
#2177=LINE('',#12949,#2861);
#2178=LINE('',#12953,#2862);
#2179=LINE('',#12956,#2863);
#2180=LINE('',#12958,#2864);
#2181=LINE('',#12962,#2865);
#2182=LINE('',#12966,#2866);
#2183=LINE('',#12970,#2867);
#2184=LINE('',#12973,#2868);
#2185=LINE('',#12975,#2869);
#2186=LINE('',#12979,#2870);
#2187=LINE('',#12983,#2871);
#2188=LINE('',#12987,#2872);
#2189=LINE('',#12990,#2873);
#2190=LINE('',#12992,#2874);
#2191=LINE('',#12996,#2875);
#2192=LINE('',#13000,#2876);
#2193=LINE('',#13004,#2877);
#2194=LINE('',#13007,#2878);
#2195=LINE('',#13009,#2879);
#2196=LINE('',#13013,#2880);
#2197=LINE('',#13017,#2881);
#2198=LINE('',#13021,#2882);
#2199=LINE('',#13024,#2883);
#2200=LINE('',#13026,#2884);
#2201=LINE('',#13030,#2885);
#2202=LINE('',#13034,#2886);
#2203=LINE('',#13038,#2887);
#2204=LINE('',#13041,#2888);
#2205=LINE('',#13043,#2889);
#2206=LINE('',#13047,#2890);
#2207=LINE('',#13051,#2891);
#2208=LINE('',#13055,#2892);
#2209=LINE('',#13058,#2893);
#2210=LINE('',#13060,#2894);
#2211=LINE('',#13064,#2895);
#2212=LINE('',#13068,#2896);
#2213=LINE('',#13072,#2897);
#2214=LINE('',#13075,#2898);
#2215=LINE('',#13077,#2899);
#2216=LINE('',#13081,#2900);
#2217=LINE('',#13085,#2901);
#2218=LINE('',#13089,#2902);
#2219=LINE('',#13092,#2903);
#2220=LINE('',#13094,#2904);
#2221=LINE('',#13098,#2905);
#2222=LINE('',#13102,#2906);
#2223=LINE('',#13106,#2907);
#2224=LINE('',#13109,#2908);
#2225=LINE('',#13111,#2909);
#2226=LINE('',#13115,#2910);
#2227=LINE('',#13119,#2911);
#2228=LINE('',#13123,#2912);
#2229=LINE('',#13126,#2913);
#2230=LINE('',#13128,#2914);
#2231=LINE('',#13132,#2915);
#2232=LINE('',#13136,#2916);
#2233=LINE('',#13140,#2917);
#2234=LINE('',#13143,#2918);
#2235=LINE('',#13145,#2919);
#2236=LINE('',#13149,#2920);
#2237=LINE('',#13153,#2921);
#2238=LINE('',#13157,#2922);
#2239=LINE('',#13160,#2923);
#2240=LINE('',#13162,#2924);
#2241=LINE('',#13166,#2925);
#2242=LINE('',#13170,#2926);
#2243=LINE('',#13174,#2927);
#2244=LINE('',#13177,#2928);
#2245=LINE('',#13180,#2929);
#2246=LINE('',#13182,#2930);
#2247=LINE('',#13183,#2931);
#2248=LINE('',#13186,#2932);
#2249=LINE('',#13190,#2933);
#2250=LINE('',#13191,#2934);
#2251=LINE('',#13194,#2935);
#2252=LINE('',#13198,#2936);
#2253=LINE('',#13199,#2937);
#2254=LINE('',#13202,#2938);
#2255=LINE('',#13206,#2939);
#2256=LINE('',#13207,#2940);
#2257=LINE('',#13213,#2941);
#2258=LINE('',#13215,#2942);
#2259=LINE('',#13216,#2943);
#2260=LINE('',#13219,#2944);
#2261=LINE('',#13223,#2945);
#2262=LINE('',#13224,#2946);
#2263=LINE('',#13227,#2947);
#2264=LINE('',#13231,#2948);
#2265=LINE('',#13232,#2949);
#2266=LINE('',#13235,#2950);
#2267=LINE('',#13239,#2951);
#2268=LINE('',#13240,#2952);
#2269=LINE('',#13246,#2953);
#2270=LINE('',#13248,#2954);
#2271=LINE('',#13249,#2955);
#2272=LINE('',#13252,#2956);
#2273=LINE('',#13256,#2957);
#2274=LINE('',#13257,#2958);
#2275=LINE('',#13260,#2959);
#2276=LINE('',#13264,#2960);
#2277=LINE('',#13265,#2961);
#2278=LINE('',#13268,#2962);
#2279=LINE('',#13272,#2963);
#2280=LINE('',#13273,#2964);
#2281=LINE('',#13279,#2965);
#2282=LINE('',#13281,#2966);
#2283=LINE('',#13282,#2967);
#2284=LINE('',#13285,#2968);
#2285=LINE('',#13289,#2969);
#2286=LINE('',#13290,#2970);
#2287=LINE('',#13293,#2971);
#2288=LINE('',#13297,#2972);
#2289=LINE('',#13298,#2973);
#2290=LINE('',#13301,#2974);
#2291=LINE('',#13305,#2975);
#2292=LINE('',#13306,#2976);
#2293=LINE('',#13312,#2977);
#2294=LINE('',#13314,#2978);
#2295=LINE('',#13315,#2979);
#2296=LINE('',#13318,#2980);
#2297=LINE('',#13322,#2981);
#2298=LINE('',#13323,#2982);
#2299=LINE('',#13326,#2983);
#2300=LINE('',#13330,#2984);
#2301=LINE('',#13331,#2985);
#2302=LINE('',#13334,#2986);
#2303=LINE('',#13338,#2987);
#2304=LINE('',#13339,#2988);
#2305=LINE('',#13345,#2989);
#2306=LINE('',#13347,#2990);
#2307=LINE('',#13348,#2991);
#2308=LINE('',#13351,#2992);
#2309=LINE('',#13355,#2993);
#2310=LINE('',#13356,#2994);
#2311=LINE('',#13359,#2995);
#2312=LINE('',#13363,#2996);
#2313=LINE('',#13364,#2997);
#2314=LINE('',#13367,#2998);
#2315=LINE('',#13371,#2999);
#2316=LINE('',#13372,#3000);
#2317=LINE('',#13378,#3001);
#2318=LINE('',#13381,#3002);
#2319=LINE('',#13384,#3003);
#2320=LINE('',#13385,#3004);
#2321=LINE('',#13388,#3005);
#2322=LINE('',#13392,#3006);
#2323=LINE('',#13393,#3007);
#2324=LINE('',#13396,#3008);
#2325=LINE('',#13400,#3009);
#2326=LINE('',#13401,#3010);
#2327=LINE('',#13404,#3011);
#2328=LINE('',#13407,#3012);
#2329=LINE('',#13411,#3013);
#2330=LINE('',#13413,#3014);
#2331=LINE('',#13414,#3015);
#2332=LINE('',#13417,#3016);
#2333=LINE('',#13421,#3017);
#2334=LINE('',#13422,#3018);
#2335=LINE('',#13425,#3019);
#2336=LINE('',#13429,#3020);
#2337=LINE('',#13430,#3021);
#2338=LINE('',#13433,#3022);
#2339=LINE('',#13437,#3023);
#2340=LINE('',#13438,#3024);
#2341=LINE('',#13444,#3025);
#2342=LINE('',#13446,#3026);
#2343=LINE('',#13447,#3027);
#2344=LINE('',#13450,#3028);
#2345=LINE('',#13454,#3029);
#2346=LINE('',#13455,#3030);
#2347=LINE('',#13458,#3031);
#2348=LINE('',#13462,#3032);
#2349=LINE('',#13463,#3033);
#2350=LINE('',#13466,#3034);
#2351=LINE('',#13470,#3035);
#2352=LINE('',#13471,#3036);
#2353=LINE('',#13477,#3037);
#2354=LINE('',#13479,#3038);
#2355=LINE('',#13480,#3039);
#2356=LINE('',#13483,#3040);
#2357=LINE('',#13487,#3041);
#2358=LINE('',#13488,#3042);
#2359=LINE('',#13491,#3043);
#2360=LINE('',#13495,#3044);
#2361=LINE('',#13496,#3045);
#2362=LINE('',#13499,#3046);
#2363=LINE('',#13503,#3047);
#2364=LINE('',#13504,#3048);
#2365=LINE('',#13510,#3049);
#2366=LINE('',#13512,#3050);
#2367=LINE('',#13513,#3051);
#2368=LINE('',#13516,#3052);
#2369=LINE('',#13520,#3053);
#2370=LINE('',#13521,#3054);
#2371=LINE('',#13524,#3055);
#2372=LINE('',#13528,#3056);
#2373=LINE('',#13529,#3057);
#2374=LINE('',#13532,#3058);
#2375=LINE('',#13536,#3059);
#2376=LINE('',#13537,#3060);
#2377=LINE('',#13543,#3061);
#2378=LINE('',#13545,#3062);
#2379=LINE('',#13546,#3063);
#2380=LINE('',#13549,#3064);
#2381=LINE('',#13553,#3065);
#2382=LINE('',#13554,#3066);
#2383=LINE('',#13557,#3067);
#2384=LINE('',#13561,#3068);
#2385=LINE('',#13562,#3069);
#2386=LINE('',#13565,#3070);
#2387=LINE('',#13569,#3071);
#2388=LINE('',#13570,#3072);
#2389=LINE('',#13576,#3073);
#2390=LINE('',#13578,#3074);
#2391=LINE('',#13579,#3075);
#2392=LINE('',#13582,#3076);
#2393=LINE('',#13586,#3077);
#2394=LINE('',#13587,#3078);
#2395=LINE('',#13590,#3079);
#2396=LINE('',#13594,#3080);
#2397=LINE('',#13595,#3081);
#2398=LINE('',#13598,#3082);
#2399=LINE('',#13602,#3083);
#2400=LINE('',#13603,#3084);
#2401=LINE('',#13609,#3085);
#2402=LINE('',#13612,#3086);
#2403=LINE('',#13615,#3087);
#2404=LINE('',#13616,#3088);
#2405=LINE('',#13619,#3089);
#2406=LINE('',#13623,#3090);
#2407=LINE('',#13624,#3091);
#2408=LINE('',#13627,#3092);
#2409=LINE('',#13631,#3093);
#2410=LINE('',#13632,#3094);
#2411=LINE('',#13635,#3095);
#2412=LINE('',#13638,#3096);
#2413=LINE('',#13642,#3097);
#2414=LINE('',#13644,#3098);
#2415=LINE('',#13645,#3099);
#2416=LINE('',#13648,#3100);
#2417=LINE('',#13652,#3101);
#2418=LINE('',#13653,#3102);
#2419=LINE('',#13656,#3103);
#2420=LINE('',#13660,#3104);
#2421=LINE('',#13661,#3105);
#2422=LINE('',#13664,#3106);
#2423=LINE('',#13668,#3107);
#2424=LINE('',#13669,#3108);
#2425=LINE('',#13675,#3109);
#2426=LINE('',#13677,#3110);
#2427=LINE('',#13678,#3111);
#2428=LINE('',#13681,#3112);
#2429=LINE('',#13685,#3113);
#2430=LINE('',#13686,#3114);
#2431=LINE('',#13689,#3115);
#2432=LINE('',#13693,#3116);
#2433=LINE('',#13694,#3117);
#2434=LINE('',#13697,#3118);
#2435=LINE('',#13701,#3119);
#2436=LINE('',#13702,#3120);
#2437=LINE('',#13708,#3121);
#2438=LINE('',#13710,#3122);
#2439=LINE('',#13711,#3123);
#2440=LINE('',#13714,#3124);
#2441=LINE('',#13718,#3125);
#2442=LINE('',#13719,#3126);
#2443=LINE('',#13722,#3127);
#2444=LINE('',#13726,#3128);
#2445=LINE('',#13727,#3129);
#2446=LINE('',#13730,#3130);
#2447=LINE('',#13734,#3131);
#2448=LINE('',#13735,#3132);
#2449=LINE('',#13741,#3133);
#2450=LINE('',#13744,#3134);
#2451=LINE('',#13747,#3135);
#2452=LINE('',#13748,#3136);
#2453=LINE('',#13751,#3137);
#2454=LINE('',#13755,#3138);
#2455=LINE('',#13756,#3139);
#2456=LINE('',#13759,#3140);
#2457=LINE('',#13763,#3141);
#2458=LINE('',#13764,#3142);
#2459=LINE('',#13767,#3143);
#2460=LINE('',#13770,#3144);
#2461=LINE('',#13774,#3145);
#2462=LINE('',#13776,#3146);
#2463=LINE('',#13777,#3147);
#2464=LINE('',#13780,#3148);
#2465=LINE('',#13784,#3149);
#2466=LINE('',#13785,#3150);
#2467=LINE('',#13788,#3151);
#2468=LINE('',#13792,#3152);
#2469=LINE('',#13793,#3153);
#2470=LINE('',#13796,#3154);
#2471=LINE('',#13800,#3155);
#2472=LINE('',#13801,#3156);
#2473=LINE('',#13807,#3157);
#2474=LINE('',#13809,#3158);
#2475=LINE('',#13810,#3159);
#2476=LINE('',#13813,#3160);
#2477=LINE('',#13817,#3161);
#2478=LINE('',#13818,#3162);
#2479=LINE('',#13821,#3163);
#2480=LINE('',#13825,#3164);
#2481=LINE('',#13826,#3165);
#2482=LINE('',#13829,#3166);
#2483=LINE('',#13833,#3167);
#2484=LINE('',#13834,#3168);
#2485=LINE('',#13840,#3169);
#2486=LINE('',#13843,#3170);
#2487=LINE('',#13846,#3171);
#2488=LINE('',#13847,#3172);
#2489=LINE('',#13850,#3173);
#2490=LINE('',#13854,#3174);
#2491=LINE('',#13855,#3175);
#2492=LINE('',#13858,#3176);
#2493=LINE('',#13862,#3177);
#2494=LINE('',#13863,#3178);
#2495=LINE('',#13866,#3179);
#2496=LINE('',#13869,#3180);
#2497=LINE('',#13873,#3181);
#2498=LINE('',#13876,#3182);
#2499=LINE('',#13879,#3183);
#2500=LINE('',#13880,#3184);
#2501=LINE('',#13883,#3185);
#2502=LINE('',#13887,#3186);
#2503=LINE('',#13888,#3187);
#2504=LINE('',#13891,#3188);
#2505=LINE('',#13895,#3189);
#2506=LINE('',#13896,#3190);
#2507=LINE('',#13899,#3191);
#2508=LINE('',#13902,#3192);
#2509=LINE('',#13906,#3193);
#2510=LINE('',#13908,#3194);
#2511=LINE('',#13909,#3195);
#2512=LINE('',#13912,#3196);
#2513=LINE('',#13916,#3197);
#2514=LINE('',#13917,#3198);
#2515=LINE('',#13920,#3199);
#2516=LINE('',#13924,#3200);
#2517=LINE('',#13925,#3201);
#2518=LINE('',#13928,#3202);
#2519=LINE('',#13932,#3203);
#2520=LINE('',#13933,#3204);
#2521=LINE('',#13939,#3205);
#2522=LINE('',#13943,#3206);
#2523=LINE('',#13949,#3207);
#2524=VECTOR('',#9058,10.);
#2525=VECTOR('',#9059,10.);
#2526=VECTOR('',#9060,10.);
#2527=VECTOR('',#9061,10.);
#2528=VECTOR('',#9068,10.);
#2529=VECTOR('',#9075,10.);
#2530=VECTOR('',#9078,10.);
#2531=VECTOR('',#9079,10.);
#2532=VECTOR('',#9080,10.);
#2533=VECTOR('',#9087,10.);
#2534=VECTOR('',#9094,10.);
#2535=VECTOR('',#9101,10.);
#2536=VECTOR('',#9104,10.);
#2537=VECTOR('',#9105,10.);
#2538=VECTOR('',#9106,10.);
#2539=VECTOR('',#9113,10.);
#2540=VECTOR('',#9120,10.);
#2541=VECTOR('',#9123,10.);
#2542=VECTOR('',#9124,10.);
#2543=VECTOR('',#9125,10.);
#2544=VECTOR('',#9132,10.);
#2545=VECTOR('',#9139,10.);
#2546=VECTOR('',#9148,10.);
#2547=VECTOR('',#9149,10.);
#2548=VECTOR('',#9150,10.);
#2549=VECTOR('',#9151,10.);
#2550=VECTOR('',#9158,10.);
#2551=VECTOR('',#9165,10.);
#2552=VECTOR('',#9168,10.);
#2553=VECTOR('',#9169,10.);
#2554=VECTOR('',#9170,10.);
#2555=VECTOR('',#9177,10.);
#2556=VECTOR('',#9184,10.);
#2557=VECTOR('',#9191,10.);
#2558=VECTOR('',#9194,10.);
#2559=VECTOR('',#9195,10.);
#2560=VECTOR('',#9196,10.);
#2561=VECTOR('',#9203,10.);
#2562=VECTOR('',#9210,10.);
#2563=VECTOR('',#9213,10.);
#2564=VECTOR('',#9214,10.);
#2565=VECTOR('',#9215,10.);
#2566=VECTOR('',#9222,10.);
#2567=VECTOR('',#9229,10.);
#2568=VECTOR('',#9238,10.);
#2569=VECTOR('',#9239,10.);
#2570=VECTOR('',#9240,10.);
#2571=VECTOR('',#9241,10.);
#2572=VECTOR('',#9248,10.);
#2573=VECTOR('',#9255,10.);
#2574=VECTOR('',#9258,10.);
#2575=VECTOR('',#9259,10.);
#2576=VECTOR('',#9260,10.);
#2577=VECTOR('',#9267,10.);
#2578=VECTOR('',#9274,10.);
#2579=VECTOR('',#9281,10.);
#2580=VECTOR('',#9284,10.);
#2581=VECTOR('',#9285,10.);
#2582=VECTOR('',#9286,10.);
#2583=VECTOR('',#9293,10.);
#2584=VECTOR('',#9300,10.);
#2585=VECTOR('',#9303,10.);
#2586=VECTOR('',#9304,10.);
#2587=VECTOR('',#9305,10.);
#2588=VECTOR('',#9312,10.);
#2589=VECTOR('',#9319,10.);
#2590=VECTOR('',#9328,10.);
#2591=VECTOR('',#9329,10.);
#2592=VECTOR('',#9330,10.);
#2593=VECTOR('',#9331,10.);
#2594=VECTOR('',#9338,10.);
#2595=VECTOR('',#9345,10.);
#2596=VECTOR('',#9348,10.);
#2597=VECTOR('',#9349,10.);
#2598=VECTOR('',#9350,10.);
#2599=VECTOR('',#9357,10.);
#2600=VECTOR('',#9364,10.);
#2601=VECTOR('',#9371,10.);
#2602=VECTOR('',#9374,10.);
#2603=VECTOR('',#9375,10.);
#2604=VECTOR('',#9376,10.);
#2605=VECTOR('',#9383,10.);
#2606=VECTOR('',#9390,10.);
#2607=VECTOR('',#9393,10.);
#2608=VECTOR('',#9394,10.);
#2609=VECTOR('',#9395,10.);
#2610=VECTOR('',#9402,10.);
#2611=VECTOR('',#9409,10.);
#2612=VECTOR('',#9418,10.);
#2613=VECTOR('',#9419,10.);
#2614=VECTOR('',#9420,10.);
#2615=VECTOR('',#9421,10.);
#2616=VECTOR('',#9428,10.);
#2617=VECTOR('',#9435,10.);
#2618=VECTOR('',#9438,10.);
#2619=VECTOR('',#9439,10.);
#2620=VECTOR('',#9440,10.);
#2621=VECTOR('',#9447,10.);
#2622=VECTOR('',#9454,10.);
#2623=VECTOR('',#9461,10.);
#2624=VECTOR('',#9464,10.);
#2625=VECTOR('',#9465,10.);
#2626=VECTOR('',#9466,10.);
#2627=VECTOR('',#9473,10.);
#2628=VECTOR('',#9480,10.);
#2629=VECTOR('',#9483,10.);
#2630=VECTOR('',#9484,10.);
#2631=VECTOR('',#9485,10.);
#2632=VECTOR('',#9492,10.);
#2633=VECTOR('',#9499,10.);
#2634=VECTOR('',#9508,10.);
#2635=VECTOR('',#9509,10.);
#2636=VECTOR('',#9510,10.);
#2637=VECTOR('',#9511,10.);
#2638=VECTOR('',#9518,10.);
#2639=VECTOR('',#9525,10.);
#2640=VECTOR('',#9528,10.);
#2641=VECTOR('',#9529,10.);
#2642=VECTOR('',#9530,10.);
#2643=VECTOR('',#9537,10.);
#2644=VECTOR('',#9544,10.);
#2645=VECTOR('',#9551,10.);
#2646=VECTOR('',#9554,10.);
#2647=VECTOR('',#9555,10.);
#2648=VECTOR('',#9556,10.);
#2649=VECTOR('',#9563,10.);
#2650=VECTOR('',#9570,10.);
#2651=VECTOR('',#9573,10.);
#2652=VECTOR('',#9574,10.);
#2653=VECTOR('',#9575,10.);
#2654=VECTOR('',#9582,10.);
#2655=VECTOR('',#9589,10.);
#2656=VECTOR('',#9598,10.);
#2657=VECTOR('',#9599,10.);
#2658=VECTOR('',#9600,10.);
#2659=VECTOR('',#9601,10.);
#2660=VECTOR('',#9608,10.);
#2661=VECTOR('',#9615,10.);
#2662=VECTOR('',#9618,10.);
#2663=VECTOR('',#9619,10.);
#2664=VECTOR('',#9620,10.);
#2665=VECTOR('',#9627,10.);
#2666=VECTOR('',#9634,10.);
#2667=VECTOR('',#9641,10.);
#2668=VECTOR('',#9644,10.);
#2669=VECTOR('',#9645,10.);
#2670=VECTOR('',#9646,10.);
#2671=VECTOR('',#9653,10.);
#2672=VECTOR('',#9660,10.);
#2673=VECTOR('',#9663,10.);
#2674=VECTOR('',#9664,10.);
#2675=VECTOR('',#9665,10.);
#2676=VECTOR('',#9672,10.);
#2677=VECTOR('',#9679,10.);
#2678=VECTOR('',#9688,10.);
#2679=VECTOR('',#9689,10.);
#2680=VECTOR('',#9690,10.);
#2681=VECTOR('',#9691,10.);
#2682=VECTOR('',#9698,10.);
#2683=VECTOR('',#9705,10.);
#2684=VECTOR('',#9708,10.);
#2685=VECTOR('',#9709,10.);
#2686=VECTOR('',#9710,10.);
#2687=VECTOR('',#9717,10.);
#2688=VECTOR('',#9724,10.);
#2689=VECTOR('',#9731,10.);
#2690=VECTOR('',#9734,10.);
#2691=VECTOR('',#9735,10.);
#2692=VECTOR('',#9736,10.);
#2693=VECTOR('',#9743,10.);
#2694=VECTOR('',#9750,10.);
#2695=VECTOR('',#9753,10.);
#2696=VECTOR('',#9754,10.);
#2697=VECTOR('',#9755,10.);
#2698=VECTOR('',#9762,10.);
#2699=VECTOR('',#9769,10.);
#2700=VECTOR('',#9780,2.1);
#2701=VECTOR('',#9789,2.1);
#2702=VECTOR('',#9798,2.1);
#2703=VECTOR('',#9807,2.1);
#2704=VECTOR('',#9816,2.1);
#2705=VECTOR('',#9825,2.1);
#2706=VECTOR('',#9834,2.1);
#2707=VECTOR('',#9843,2.1);
#2708=VECTOR('',#9852,2.1);
#2709=VECTOR('',#9861,2.1);
#2710=VECTOR('',#9870,2.1);
#2711=VECTOR('',#9879,2.1);
#2712=VECTOR('',#9888,2.1);
#2713=VECTOR('',#9897,2.1);
#2714=VECTOR('',#9906,2.15);
#2715=VECTOR('',#9913,2.15);
#2716=VECTOR('',#9920,2.15);
#2717=VECTOR('',#9927,2.15);
#2718=VECTOR('',#9934,2.15);
#2719=VECTOR('',#9941,2.15);
#2720=VECTOR('',#9948,2.15);
#2721=VECTOR('',#9955,2.15);
#2722=VECTOR('',#9962,2.00000000000009);
#2723=VECTOR('',#9969,2.00000000000001);
#2724=VECTOR('',#9976,2.00000000000001);
#2725=VECTOR('',#9983,2.);
#2726=VECTOR('',#9990,2.00000000000002);
#2727=VECTOR('',#9997,2.);
#2728=VECTOR('',#10004,2.);
#2729=VECTOR('',#10011,2.00000000000003);
#2730=VECTOR('',#10018,2.00000000000006);
#2731=VECTOR('',#10025,2.);
#2732=VECTOR('',#10032,2.);
#2733=VECTOR('',#10039,2.);
#2734=VECTOR('',#10046,2.);
#2735=VECTOR('',#10053,2.);
#2736=VECTOR('',#10060,2.00000000000001);
#2737=VECTOR('',#10067,2.00000000000006);
#2738=VECTOR('',#10074,2.);
#2739=VECTOR('',#10081,2.00000000000003);
#2740=VECTOR('',#10088,2.00000000000001);
#2741=VECTOR('',#10095,2.00000000000007);
#2742=VECTOR('',#10102,2.);
#2743=VECTOR('',#10109,2.00000000000001);
#2744=VECTOR('',#10116,2.00000000000002);
#2745=VECTOR('',#10121,10.);
#2746=VECTOR('',#10124,10.);
#2747=VECTOR('',#10129,10.);
#2748=VECTOR('',#10132,10.);
#2749=VECTOR('',#10135,10.);
#2750=VECTOR('',#10140,10.);
#2751=VECTOR('',#10143,10.);
#2752=VECTOR('',#10146,10.);
#2753=VECTOR('',#10151,10.);
#2754=VECTOR('',#10154,10.);
#2755=VECTOR('',#10157,10.);
#2756=VECTOR('',#10162,10.);
#2757=VECTOR('',#10165,10.);
#2758=VECTOR('',#10168,10.);
#2759=VECTOR('',#10173,10.);
#2760=VECTOR('',#10176,10.);
#2761=VECTOR('',#10179,10.);
#2762=VECTOR('',#10184,10.);
#2763=VECTOR('',#10187,10.);
#2764=VECTOR('',#10190,10.);
#2765=VECTOR('',#10195,10.);
#2766=VECTOR('',#10198,10.);
#2767=VECTOR('',#10201,10.);
#2768=VECTOR('',#10206,10.);
#2769=VECTOR('',#10209,10.);
#2770=VECTOR('',#10212,10.);
#2771=VECTOR('',#10217,10.);
#2772=VECTOR('',#10220,10.);
#2773=VECTOR('',#10223,10.);
#2774=VECTOR('',#10228,10.);
#2775=VECTOR('',#10231,10.);
#2776=VECTOR('',#10234,10.);
#2777=VECTOR('',#10239,10.);
#2778=VECTOR('',#10242,10.);
#2779=VECTOR('',#10245,10.);
#2780=VECTOR('',#10250,10.);
#2781=VECTOR('',#10253,10.);
#2782=VECTOR('',#10256,10.);
#2783=VECTOR('',#10261,10.);
#2784=VECTOR('',#10264,10.);
#2785=VECTOR('',#10267,10.);
#2786=VECTOR('',#10272,10.);
#2787=VECTOR('',#10275,10.);
#2788=VECTOR('',#10278,10.);
#2789=VECTOR('',#10283,10.);
#2790=VECTOR('',#10286,10.);
#2791=VECTOR('',#10289,10.);
#2792=VECTOR('',#10294,10.);
#2793=VECTOR('',#10297,10.);
#2794=VECTOR('',#10300,10.);
#2795=VECTOR('',#10305,10.);
#2796=VECTOR('',#10308,10.);
#2797=VECTOR('',#10311,10.);
#2798=VECTOR('',#10316,10.);
#2799=VECTOR('',#10319,10.);
#2800=VECTOR('',#10322,10.);
#2801=VECTOR('',#10327,10.);
#2802=VECTOR('',#10330,10.);
#2803=VECTOR('',#10333,10.);
#2804=VECTOR('',#10338,10.);
#2805=VECTOR('',#10341,10.);
#2806=VECTOR('',#10344,10.);
#2807=VECTOR('',#10349,10.);
#2808=VECTOR('',#10352,10.);
#2809=VECTOR('',#10355,10.);
#2810=VECTOR('',#10360,10.);
#2811=VECTOR('',#10363,10.);
#2812=VECTOR('',#10366,10.);
#2813=VECTOR('',#10371,10.);
#2814=VECTOR('',#10378,10.);
#2815=VECTOR('',#10381,10.);
#2816=VECTOR('',#10384,10.);
#2817=VECTOR('',#10387,10.);
#2818=VECTOR('',#10390,10.);
#2819=VECTOR('',#10391,10.);
#2820=VECTOR('',#10394,10.);
#2821=VECTOR('',#10397,10.);
#2822=VECTOR('',#10400,10.);
#2823=VECTOR('',#10403,10.);
#2824=VECTOR('',#10404,10.);
#2825=VECTOR('',#10407,10.);
#2826=VECTOR('',#10410,10.);
#2827=VECTOR('',#10413,10.);
#2828=VECTOR('',#10416,10.);
#2829=VECTOR('',#10417,10.);
#2830=VECTOR('',#10420,10.);
#2831=VECTOR('',#10423,10.);
#2832=VECTOR('',#10426,10.);
#2833=VECTOR('',#10429,10.);
#2834=VECTOR('',#10430,10.);
#2835=VECTOR('',#10433,10.);
#2836=VECTOR('',#10436,10.);
#2837=VECTOR('',#10439,10.);
#2838=VECTOR('',#10442,10.);
#2839=VECTOR('',#10443,10.);
#2840=VECTOR('',#10446,10.);
#2841=VECTOR('',#10449,10.);
#2842=VECTOR('',#10452,10.);
#2843=VECTOR('',#10455,10.);
#2844=VECTOR('',#10456,10.);
#2845=VECTOR('',#10459,10.);
#2846=VECTOR('',#10462,10.);
#2847=VECTOR('',#10465,10.);
#2848=VECTOR('',#10468,10.);
#2849=VECTOR('',#10469,10.);
#2850=VECTOR('',#10472,10.);
#2851=VECTOR('',#10475,10.);
#2852=VECTOR('',#10478,10.);
#2853=VECTOR('',#10481,10.);
#2854=VECTOR('',#10482,10.);
#2855=VECTOR('',#10485,10.);
#2856=VECTOR('',#10488,10.);
#2857=VECTOR('',#10491,10.);
#2858=VECTOR('',#10494,10.);
#2859=VECTOR('',#10495,10.);
#2860=VECTOR('',#10498,10.);
#2861=VECTOR('',#10501,10.);
#2862=VECTOR('',#10504,10.);
#2863=VECTOR('',#10507,10.);
#2864=VECTOR('',#10508,10.);
#2865=VECTOR('',#10511,10.);
#2866=VECTOR('',#10514,10.);
#2867=VECTOR('',#10517,10.);
#2868=VECTOR('',#10520,10.);
#2869=VECTOR('',#10521,10.);
#2870=VECTOR('',#10524,10.);
#2871=VECTOR('',#10527,10.);
#2872=VECTOR('',#10530,10.);
#2873=VECTOR('',#10533,10.);
#2874=VECTOR('',#10534,10.);
#2875=VECTOR('',#10537,10.);
#2876=VECTOR('',#10540,10.);
#2877=VECTOR('',#10543,10.);
#2878=VECTOR('',#10546,10.);
#2879=VECTOR('',#10547,10.);
#2880=VECTOR('',#10550,10.);
#2881=VECTOR('',#10553,10.);
#2882=VECTOR('',#10556,10.);
#2883=VECTOR('',#10559,10.);
#2884=VECTOR('',#10560,10.);
#2885=VECTOR('',#10563,10.);
#2886=VECTOR('',#10566,10.);
#2887=VECTOR('',#10569,10.);
#2888=VECTOR('',#10572,10.);
#2889=VECTOR('',#10573,10.);
#2890=VECTOR('',#10576,10.);
#2891=VECTOR('',#10579,10.);
#2892=VECTOR('',#10582,10.);
#2893=VECTOR('',#10585,10.);
#2894=VECTOR('',#10586,10.);
#2895=VECTOR('',#10589,10.);
#2896=VECTOR('',#10592,10.);
#2897=VECTOR('',#10595,10.);
#2898=VECTOR('',#10598,10.);
#2899=VECTOR('',#10599,10.);
#2900=VECTOR('',#10602,10.);
#2901=VECTOR('',#10605,10.);
#2902=VECTOR('',#10608,10.);
#2903=VECTOR('',#10611,10.);
#2904=VECTOR('',#10612,10.);
#2905=VECTOR('',#10615,10.);
#2906=VECTOR('',#10618,10.);
#2907=VECTOR('',#10621,10.);
#2908=VECTOR('',#10624,10.);
#2909=VECTOR('',#10625,10.);
#2910=VECTOR('',#10628,10.);
#2911=VECTOR('',#10631,10.);
#2912=VECTOR('',#10634,10.);
#2913=VECTOR('',#10637,10.);
#2914=VECTOR('',#10638,10.);
#2915=VECTOR('',#10641,10.);
#2916=VECTOR('',#10644,10.);
#2917=VECTOR('',#10647,10.);
#2918=VECTOR('',#10650,10.);
#2919=VECTOR('',#10651,10.);
#2920=VECTOR('',#10654,10.);
#2921=VECTOR('',#10657,10.);
#2922=VECTOR('',#10660,10.);
#2923=VECTOR('',#10663,10.);
#2924=VECTOR('',#10664,10.);
#2925=VECTOR('',#10667,10.);
#2926=VECTOR('',#10670,10.);
#2927=VECTOR('',#10673,10.);
#2928=VECTOR('',#10676,10.);
#2929=VECTOR('',#10679,10.);
#2930=VECTOR('',#10680,10.);
#2931=VECTOR('',#10681,10.);
#2932=VECTOR('',#10684,10.);
#2933=VECTOR('',#10689,10.);
#2934=VECTOR('',#10690,10.);
#2935=VECTOR('',#10693,10.);
#2936=VECTOR('',#10698,10.);
#2937=VECTOR('',#10699,10.);
#2938=VECTOR('',#10702,10.);
#2939=VECTOR('',#10707,10.);
#2940=VECTOR('',#10708,10.);
#2941=VECTOR('',#10717,10.);
#2942=VECTOR('',#10718,10.);
#2943=VECTOR('',#10719,10.);
#2944=VECTOR('',#10722,10.);
#2945=VECTOR('',#10727,10.);
#2946=VECTOR('',#10728,10.);
#2947=VECTOR('',#10731,10.);
#2948=VECTOR('',#10736,10.);
#2949=VECTOR('',#10737,10.);
#2950=VECTOR('',#10740,10.);
#2951=VECTOR('',#10745,10.);
#2952=VECTOR('',#10746,10.);
#2953=VECTOR('',#10755,10.);
#2954=VECTOR('',#10756,10.);
#2955=VECTOR('',#10757,10.);
#2956=VECTOR('',#10760,10.);
#2957=VECTOR('',#10765,10.);
#2958=VECTOR('',#10766,10.);
#2959=VECTOR('',#10769,10.);
#2960=VECTOR('',#10774,10.);
#2961=VECTOR('',#10775,10.);
#2962=VECTOR('',#10778,10.);
#2963=VECTOR('',#10783,10.);
#2964=VECTOR('',#10784,10.);
#2965=VECTOR('',#10793,10.);
#2966=VECTOR('',#10794,10.);
#2967=VECTOR('',#10795,10.);
#2968=VECTOR('',#10798,10.);
#2969=VECTOR('',#10803,10.);
#2970=VECTOR('',#10804,10.);
#2971=VECTOR('',#10807,10.);
#2972=VECTOR('',#10812,10.);
#2973=VECTOR('',#10813,10.);
#2974=VECTOR('',#10816,10.);
#2975=VECTOR('',#10821,10.);
#2976=VECTOR('',#10822,10.);
#2977=VECTOR('',#10831,10.);
#2978=VECTOR('',#10832,10.);
#2979=VECTOR('',#10833,10.);
#2980=VECTOR('',#10836,10.);
#2981=VECTOR('',#10841,10.);
#2982=VECTOR('',#10842,10.);
#2983=VECTOR('',#10845,10.);
#2984=VECTOR('',#10850,10.);
#2985=VECTOR('',#10851,10.);
#2986=VECTOR('',#10854,10.);
#2987=VECTOR('',#10859,10.);
#2988=VECTOR('',#10860,10.);
#2989=VECTOR('',#10869,10.);
#2990=VECTOR('',#10870,10.);
#2991=VECTOR('',#10871,10.);
#2992=VECTOR('',#10874,10.);
#2993=VECTOR('',#10879,10.);
#2994=VECTOR('',#10880,10.);
#2995=VECTOR('',#10883,10.);
#2996=VECTOR('',#10888,10.);
#2997=VECTOR('',#10889,10.);
#2998=VECTOR('',#10892,10.);
#2999=VECTOR('',#10897,10.);
#3000=VECTOR('',#10898,10.);
#3001=VECTOR('',#10907,10.);
#3002=VECTOR('',#10910,10.);
#3003=VECTOR('',#10913,10.);
#3004=VECTOR('',#10914,10.);
#3005=VECTOR('',#10917,10.);
#3006=VECTOR('',#10922,10.);
#3007=VECTOR('',#10923,10.);
#3008=VECTOR('',#10926,10.);
#3009=VECTOR('',#10931,10.);
#3010=VECTOR('',#10932,10.);
#3011=VECTOR('',#10935,10.);
#3012=VECTOR('',#10940,10.);
#3013=VECTOR('',#10945,10.);
#3014=VECTOR('',#10946,10.);
#3015=VECTOR('',#10947,10.);
#3016=VECTOR('',#10950,10.);
#3017=VECTOR('',#10955,10.);
#3018=VECTOR('',#10956,10.);
#3019=VECTOR('',#10959,10.);
#3020=VECTOR('',#10964,10.);
#3021=VECTOR('',#10965,10.);
#3022=VECTOR('',#10968,10.);
#3023=VECTOR('',#10973,10.);
#3024=VECTOR('',#10974,10.);
#3025=VECTOR('',#10983,10.);
#3026=VECTOR('',#10984,10.);
#3027=VECTOR('',#10985,10.);
#3028=VECTOR('',#10988,10.);
#3029=VECTOR('',#10993,10.);
#3030=VECTOR('',#10994,10.);
#3031=VECTOR('',#10997,10.);
#3032=VECTOR('',#11002,10.);
#3033=VECTOR('',#11003,10.);
#3034=VECTOR('',#11006,10.);
#3035=VECTOR('',#11011,10.);
#3036=VECTOR('',#11012,10.);
#3037=VECTOR('',#11021,10.);
#3038=VECTOR('',#11022,10.);
#3039=VECTOR('',#11023,10.);
#3040=VECTOR('',#11026,10.);
#3041=VECTOR('',#11031,10.);
#3042=VECTOR('',#11032,10.);
#3043=VECTOR('',#11035,10.);
#3044=VECTOR('',#11040,10.);
#3045=VECTOR('',#11041,10.);
#3046=VECTOR('',#11044,10.);
#3047=VECTOR('',#11049,10.);
#3048=VECTOR('',#11050,10.);
#3049=VECTOR('',#11059,10.);
#3050=VECTOR('',#11060,10.);
#3051=VECTOR('',#11061,10.);
#3052=VECTOR('',#11064,10.);
#3053=VECTOR('',#11069,10.);
#3054=VECTOR('',#11070,10.);
#3055=VECTOR('',#11073,10.);
#3056=VECTOR('',#11078,10.);
#3057=VECTOR('',#11079,10.);
#3058=VECTOR('',#11082,10.);
#3059=VECTOR('',#11087,10.);
#3060=VECTOR('',#11088,10.);
#3061=VECTOR('',#11097,10.);
#3062=VECTOR('',#11098,10.);
#3063=VECTOR('',#11099,10.);
#3064=VECTOR('',#11102,10.);
#3065=VECTOR('',#11107,10.);
#3066=VECTOR('',#11108,10.);
#3067=VECTOR('',#11111,10.);
#3068=VECTOR('',#11116,10.);
#3069=VECTOR('',#11117,10.);
#3070=VECTOR('',#11120,10.);
#3071=VECTOR('',#11125,10.);
#3072=VECTOR('',#11126,10.);
#3073=VECTOR('',#11135,10.);
#3074=VECTOR('',#11136,10.);
#3075=VECTOR('',#11137,10.);
#3076=VECTOR('',#11140,10.);
#3077=VECTOR('',#11145,10.);
#3078=VECTOR('',#11146,10.);
#3079=VECTOR('',#11149,10.);
#3080=VECTOR('',#11154,10.);
#3081=VECTOR('',#11155,10.);
#3082=VECTOR('',#11158,10.);
#3083=VECTOR('',#11163,10.);
#3084=VECTOR('',#11164,10.);
#3085=VECTOR('',#11173,10.);
#3086=VECTOR('',#11176,10.);
#3087=VECTOR('',#11179,10.);
#3088=VECTOR('',#11180,10.);
#3089=VECTOR('',#11183,10.);
#3090=VECTOR('',#11188,10.);
#3091=VECTOR('',#11189,10.);
#3092=VECTOR('',#11192,10.);
#3093=VECTOR('',#11197,10.);
#3094=VECTOR('',#11198,10.);
#3095=VECTOR('',#11201,10.);
#3096=VECTOR('',#11206,10.);
#3097=VECTOR('',#11211,10.);
#3098=VECTOR('',#11212,10.);
#3099=VECTOR('',#11213,10.);
#3100=VECTOR('',#11216,10.);
#3101=VECTOR('',#11221,10.);
#3102=VECTOR('',#11222,10.);
#3103=VECTOR('',#11225,10.);
#3104=VECTOR('',#11230,10.);
#3105=VECTOR('',#11231,10.);
#3106=VECTOR('',#11234,10.);
#3107=VECTOR('',#11239,10.);
#3108=VECTOR('',#11240,10.);
#3109=VECTOR('',#11249,10.);
#3110=VECTOR('',#11250,10.);
#3111=VECTOR('',#11251,10.);
#3112=VECTOR('',#11254,10.);
#3113=VECTOR('',#11259,10.);
#3114=VECTOR('',#11260,10.);
#3115=VECTOR('',#11263,10.);
#3116=VECTOR('',#11268,10.);
#3117=VECTOR('',#11269,10.);
#3118=VECTOR('',#11272,10.);
#3119=VECTOR('',#11277,10.);
#3120=VECTOR('',#11278,10.);
#3121=VECTOR('',#11287,10.);
#3122=VECTOR('',#11288,10.);
#3123=VECTOR('',#11289,10.);
#3124=VECTOR('',#11292,10.);
#3125=VECTOR('',#11297,10.);
#3126=VECTOR('',#11298,10.);
#3127=VECTOR('',#11301,10.);
#3128=VECTOR('',#11306,10.);
#3129=VECTOR('',#11307,10.);
#3130=VECTOR('',#11310,10.);
#3131=VECTOR('',#11315,10.);
#3132=VECTOR('',#11316,10.);
#3133=VECTOR('',#11325,10.);
#3134=VECTOR('',#11328,10.);
#3135=VECTOR('',#11331,10.);
#3136=VECTOR('',#11332,10.);
#3137=VECTOR('',#11335,10.);
#3138=VECTOR('',#11340,10.);
#3139=VECTOR('',#11341,10.);
#3140=VECTOR('',#11344,10.);
#3141=VECTOR('',#11349,10.);
#3142=VECTOR('',#11350,10.);
#3143=VECTOR('',#11353,10.);
#3144=VECTOR('',#11358,10.);
#3145=VECTOR('',#11363,10.);
#3146=VECTOR('',#11364,10.);
#3147=VECTOR('',#11365,10.);
#3148=VECTOR('',#11368,10.);
#3149=VECTOR('',#11373,10.);
#3150=VECTOR('',#11374,10.);
#3151=VECTOR('',#11377,10.);
#3152=VECTOR('',#11382,10.);
#3153=VECTOR('',#11383,10.);
#3154=VECTOR('',#11386,10.);
#3155=VECTOR('',#11391,10.);
#3156=VECTOR('',#11392,10.);
#3157=VECTOR('',#11401,10.);
#3158=VECTOR('',#11402,10.);
#3159=VECTOR('',#11403,10.);
#3160=VECTOR('',#11406,10.);
#3161=VECTOR('',#11411,10.);
#3162=VECTOR('',#11412,10.);
#3163=VECTOR('',#11415,10.);
#3164=VECTOR('',#11420,10.);
#3165=VECTOR('',#11421,10.);
#3166=VECTOR('',#11424,10.);
#3167=VECTOR('',#11429,10.);
#3168=VECTOR('',#11430,10.);
#3169=VECTOR('',#11439,10.);
#3170=VECTOR('',#11442,10.);
#3171=VECTOR('',#11445,10.);
#3172=VECTOR('',#11446,10.);
#3173=VECTOR('',#11449,10.);
#3174=VECTOR('',#11454,10.);
#3175=VECTOR('',#11455,10.);
#3176=VECTOR('',#11458,10.);
#3177=VECTOR('',#11463,10.);
#3178=VECTOR('',#11464,10.);
#3179=VECTOR('',#11467,10.);
#3180=VECTOR('',#11472,10.);
#3181=VECTOR('',#11477,10.);
#3182=VECTOR('',#11480,10.);
#3183=VECTOR('',#11483,10.);
#3184=VECTOR('',#11484,10.);
#3185=VECTOR('',#11487,10.);
#3186=VECTOR('',#11492,10.);
#3187=VECTOR('',#11493,10.);
#3188=VECTOR('',#11496,10.);
#3189=VECTOR('',#11501,10.);
#3190=VECTOR('',#11502,10.);
#3191=VECTOR('',#11505,10.);
#3192=VECTOR('',#11510,10.);
#3193=VECTOR('',#11515,10.);
#3194=VECTOR('',#11516,10.);
#3195=VECTOR('',#11517,10.);
#3196=VECTOR('',#11520,10.);
#3197=VECTOR('',#11525,10.);
#3198=VECTOR('',#11526,10.);
#3199=VECTOR('',#11529,10.);
#3200=VECTOR('',#11534,10.);
#3201=VECTOR('',#11535,10.);
#3202=VECTOR('',#11538,10.);
#3203=VECTOR('',#11543,10.);
#3204=VECTOR('',#11544,10.);
#3205=VECTOR('',#11553,95.);
#3206=VECTOR('',#11558,60.);
#3207=VECTOR('',#11565,120.);
#3208=VERTEX_POINT('',#11574);
#3209=VERTEX_POINT('',#11575);
#3210=VERTEX_POINT('',#11577);
#3211=VERTEX_POINT('',#11579);
#3212=VERTEX_POINT('',#11583);
#3213=VERTEX_POINT('',#11585);
#3214=VERTEX_POINT('',#11589);
#3215=VERTEX_POINT('',#11591);
#3216=VERTEX_POINT('',#11595);
#3217=VERTEX_POINT('',#11597);
#3218=VERTEX_POINT('',#11601);
#3219=VERTEX_POINT('',#11603);
#3220=VERTEX_POINT('',#11607);
#3221=VERTEX_POINT('',#11609);
#3222=VERTEX_POINT('',#11613);
#3223=VERTEX_POINT('',#11615);
#3224=VERTEX_POINT('',#11619);
#3225=VERTEX_POINT('',#11621);
#3226=VERTEX_POINT('',#11625);
#3227=VERTEX_POINT('',#11627);
#3228=VERTEX_POINT('',#11631);
#3229=VERTEX_POINT('',#11633);
#3230=VERTEX_POINT('',#11637);
#3231=VERTEX_POINT('',#11639);
#3232=VERTEX_POINT('',#11643);
#3233=VERTEX_POINT('',#11645);
#3234=VERTEX_POINT('',#11649);
#3235=VERTEX_POINT('',#11651);
#3236=VERTEX_POINT('',#11658);
#3237=VERTEX_POINT('',#11659);
#3238=VERTEX_POINT('',#11661);
#3239=VERTEX_POINT('',#11663);
#3240=VERTEX_POINT('',#11667);
#3241=VERTEX_POINT('',#11669);
#3242=VERTEX_POINT('',#11673);
#3243=VERTEX_POINT('',#11675);
#3244=VERTEX_POINT('',#11679);
#3245=VERTEX_POINT('',#11681);
#3246=VERTEX_POINT('',#11685);
#3247=VERTEX_POINT('',#11687);
#3248=VERTEX_POINT('',#11691);
#3249=VERTEX_POINT('',#11693);
#3250=VERTEX_POINT('',#11697);
#3251=VERTEX_POINT('',#11699);
#3252=VERTEX_POINT('',#11703);
#3253=VERTEX_POINT('',#11705);
#3254=VERTEX_POINT('',#11709);
#3255=VERTEX_POINT('',#11711);
#3256=VERTEX_POINT('',#11715);
#3257=VERTEX_POINT('',#11717);
#3258=VERTEX_POINT('',#11721);
#3259=VERTEX_POINT('',#11723);
#3260=VERTEX_POINT('',#11727);
#3261=VERTEX_POINT('',#11729);
#3262=VERTEX_POINT('',#11733);
#3263=VERTEX_POINT('',#11735);
#3264=VERTEX_POINT('',#11742);
#3265=VERTEX_POINT('',#11743);
#3266=VERTEX_POINT('',#11745);
#3267=VERTEX_POINT('',#11747);
#3268=VERTEX_POINT('',#11751);
#3269=VERTEX_POINT('',#11753);
#3270=VERTEX_POINT('',#11757);
#3271=VERTEX_POINT('',#11759);
#3272=VERTEX_POINT('',#11763);
#3273=VERTEX_POINT('',#11765);
#3274=VERTEX_POINT('',#11769);
#3275=VERTEX_POINT('',#11771);
#3276=VERTEX_POINT('',#11775);
#3277=VERTEX_POINT('',#11777);
#3278=VERTEX_POINT('',#11781);
#3279=VERTEX_POINT('',#11783);
#3280=VERTEX_POINT('',#11787);
#3281=VERTEX_POINT('',#11789);
#3282=VERTEX_POINT('',#11793);
#3283=VERTEX_POINT('',#11795);
#3284=VERTEX_POINT('',#11799);
#3285=VERTEX_POINT('',#11801);
#3286=VERTEX_POINT('',#11805);
#3287=VERTEX_POINT('',#11807);
#3288=VERTEX_POINT('',#11811);
#3289=VERTEX_POINT('',#11813);
#3290=VERTEX_POINT('',#11817);
#3291=VERTEX_POINT('',#11819);
#3292=VERTEX_POINT('',#11826);
#3293=VERTEX_POINT('',#11827);
#3294=VERTEX_POINT('',#11829);
#3295=VERTEX_POINT('',#11831);
#3296=VERTEX_POINT('',#11835);
#3297=VERTEX_POINT('',#11837);
#3298=VERTEX_POINT('',#11841);
#3299=VERTEX_POINT('',#11843);
#3300=VERTEX_POINT('',#11847);
#3301=VERTEX_POINT('',#11849);
#3302=VERTEX_POINT('',#11853);
#3303=VERTEX_POINT('',#11855);
#3304=VERTEX_POINT('',#11859);
#3305=VERTEX_POINT('',#11861);
#3306=VERTEX_POINT('',#11865);
#3307=VERTEX_POINT('',#11867);
#3308=VERTEX_POINT('',#11871);
#3309=VERTEX_POINT('',#11873);
#3310=VERTEX_POINT('',#11877);
#3311=VERTEX_POINT('',#11879);
#3312=VERTEX_POINT('',#11883);
#3313=VERTEX_POINT('',#11885);
#3314=VERTEX_POINT('',#11889);
#3315=VERTEX_POINT('',#11891);
#3316=VERTEX_POINT('',#11895);
#3317=VERTEX_POINT('',#11897);
#3318=VERTEX_POINT('',#11901);
#3319=VERTEX_POINT('',#11903);
#3320=VERTEX_POINT('',#11910);
#3321=VERTEX_POINT('',#11911);
#3322=VERTEX_POINT('',#11913);
#3323=VERTEX_POINT('',#11915);
#3324=VERTEX_POINT('',#11919);
#3325=VERTEX_POINT('',#11921);
#3326=VERTEX_POINT('',#11925);
#3327=VERTEX_POINT('',#11927);
#3328=VERTEX_POINT('',#11931);
#3329=VERTEX_POINT('',#11933);
#3330=VERTEX_POINT('',#11937);
#3331=VERTEX_POINT('',#11939);
#3332=VERTEX_POINT('',#11943);
#3333=VERTEX_POINT('',#11945);
#3334=VERTEX_POINT('',#11949);
#3335=VERTEX_POINT('',#11951);
#3336=VERTEX_POINT('',#11955);
#3337=VERTEX_POINT('',#11957);
#3338=VERTEX_POINT('',#11961);
#3339=VERTEX_POINT('',#11963);
#3340=VERTEX_POINT('',#11967);
#3341=VERTEX_POINT('',#11969);
#3342=VERTEX_POINT('',#11973);
#3343=VERTEX_POINT('',#11975);
#3344=VERTEX_POINT('',#11979);
#3345=VERTEX_POINT('',#11981);
#3346=VERTEX_POINT('',#11985);
#3347=VERTEX_POINT('',#11987);
#3348=VERTEX_POINT('',#11994);
#3349=VERTEX_POINT('',#11995);
#3350=VERTEX_POINT('',#11997);
#3351=VERTEX_POINT('',#11999);
#3352=VERTEX_POINT('',#12003);
#3353=VERTEX_POINT('',#12005);
#3354=VERTEX_POINT('',#12009);
#3355=VERTEX_POINT('',#12011);
#3356=VERTEX_POINT('',#12015);
#3357=VERTEX_POINT('',#12017);
#3358=VERTEX_POINT('',#12021);
#3359=VERTEX_POINT('',#12023);
#3360=VERTEX_POINT('',#12027);
#3361=VERTEX_POINT('',#12029);
#3362=VERTEX_POINT('',#12033);
#3363=VERTEX_POINT('',#12035);
#3364=VERTEX_POINT('',#12039);
#3365=VERTEX_POINT('',#12041);
#3366=VERTEX_POINT('',#12045);
#3367=VERTEX_POINT('',#12047);
#3368=VERTEX_POINT('',#12051);
#3369=VERTEX_POINT('',#12053);
#3370=VERTEX_POINT('',#12057);
#3371=VERTEX_POINT('',#12059);
#3372=VERTEX_POINT('',#12063);
#3373=VERTEX_POINT('',#12065);
#3374=VERTEX_POINT('',#12069);
#3375=VERTEX_POINT('',#12071);
#3376=VERTEX_POINT('',#12078);
#3377=VERTEX_POINT('',#12079);
#3378=VERTEX_POINT('',#12081);
#3379=VERTEX_POINT('',#12083);
#3380=VERTEX_POINT('',#12087);
#3381=VERTEX_POINT('',#12089);
#3382=VERTEX_POINT('',#12093);
#3383=VERTEX_POINT('',#12095);
#3384=VERTEX_POINT('',#12099);
#3385=VERTEX_POINT('',#12101);
#3386=VERTEX_POINT('',#12105);
#3387=VERTEX_POINT('',#12107);
#3388=VERTEX_POINT('',#12111);
#3389=VERTEX_POINT('',#12113);
#3390=VERTEX_POINT('',#12117);
#3391=VERTEX_POINT('',#12119);
#3392=VERTEX_POINT('',#12123);
#3393=VERTEX_POINT('',#12125);
#3394=VERTEX_POINT('',#12129);
#3395=VERTEX_POINT('',#12131);
#3396=VERTEX_POINT('',#12135);
#3397=VERTEX_POINT('',#12137);
#3398=VERTEX_POINT('',#12141);
#3399=VERTEX_POINT('',#12143);
#3400=VERTEX_POINT('',#12147);
#3401=VERTEX_POINT('',#12149);
#3402=VERTEX_POINT('',#12153);
#3403=VERTEX_POINT('',#12155);
#3404=VERTEX_POINT('',#12162);
#3405=VERTEX_POINT('',#12163);
#3406=VERTEX_POINT('',#12165);
#3407=VERTEX_POINT('',#12167);
#3408=VERTEX_POINT('',#12171);
#3409=VERTEX_POINT('',#12173);
#3410=VERTEX_POINT('',#12177);
#3411=VERTEX_POINT('',#12179);
#3412=VERTEX_POINT('',#12183);
#3413=VERTEX_POINT('',#12185);
#3414=VERTEX_POINT('',#12189);
#3415=VERTEX_POINT('',#12191);
#3416=VERTEX_POINT('',#12195);
#3417=VERTEX_POINT('',#12197);
#3418=VERTEX_POINT('',#12201);
#3419=VERTEX_POINT('',#12203);
#3420=VERTEX_POINT('',#12207);
#3421=VERTEX_POINT('',#12209);
#3422=VERTEX_POINT('',#12213);
#3423=VERTEX_POINT('',#12215);
#3424=VERTEX_POINT('',#12219);
#3425=VERTEX_POINT('',#12221);
#3426=VERTEX_POINT('',#12225);
#3427=VERTEX_POINT('',#12227);
#3428=VERTEX_POINT('',#12231);
#3429=VERTEX_POINT('',#12233);
#3430=VERTEX_POINT('',#12237);
#3431=VERTEX_POINT('',#12239);
#3432=VERTEX_POINT('',#12246);
#3433=VERTEX_POINT('',#12248);
#3434=VERTEX_POINT('',#12253);
#3435=VERTEX_POINT('',#12255);
#3436=VERTEX_POINT('',#12260);
#3437=VERTEX_POINT('',#12262);
#3438=VERTEX_POINT('',#12267);
#3439=VERTEX_POINT('',#12269);
#3440=VERTEX_POINT('',#12274);
#3441=VERTEX_POINT('',#12276);
#3442=VERTEX_POINT('',#12281);
#3443=VERTEX_POINT('',#12283);
#3444=VERTEX_POINT('',#12288);
#3445=VERTEX_POINT('',#12290);
#3446=VERTEX_POINT('',#12295);
#3447=VERTEX_POINT('',#12297);
#3448=VERTEX_POINT('',#12302);
#3449=VERTEX_POINT('',#12304);
#3450=VERTEX_POINT('',#12309);
#3451=VERTEX_POINT('',#12311);
#3452=VERTEX_POINT('',#12316);
#3453=VERTEX_POINT('',#12318);
#3454=VERTEX_POINT('',#12323);
#3455=VERTEX_POINT('',#12325);
#3456=VERTEX_POINT('',#12330);
#3457=VERTEX_POINT('',#12332);
#3458=VERTEX_POINT('',#12337);
#3459=VERTEX_POINT('',#12339);
#3460=VERTEX_POINT('',#12344);
#3461=VERTEX_POINT('',#12346);
#3462=VERTEX_POINT('',#12350);
#3463=VERTEX_POINT('',#12352);
#3464=VERTEX_POINT('',#12356);
#3465=VERTEX_POINT('',#12358);
#3466=VERTEX_POINT('',#12362);
#3467=VERTEX_POINT('',#12364);
#3468=VERTEX_POINT('',#12368);
#3469=VERTEX_POINT('',#12370);
#3470=VERTEX_POINT('',#12374);
#3471=VERTEX_POINT('',#12376);
#3472=VERTEX_POINT('',#12380);
#3473=VERTEX_POINT('',#12382);
#3474=VERTEX_POINT('',#12386);
#3475=VERTEX_POINT('',#12388);
#3476=VERTEX_POINT('',#12392);
#3477=VERTEX_POINT('',#12394);
#3478=VERTEX_POINT('',#12398);
#3479=VERTEX_POINT('',#12400);
#3480=VERTEX_POINT('',#12404);
#3481=VERTEX_POINT('',#12406);
#3482=VERTEX_POINT('',#12410);
#3483=VERTEX_POINT('',#12412);
#3484=VERTEX_POINT('',#12416);
#3485=VERTEX_POINT('',#12418);
#3486=VERTEX_POINT('',#12422);
#3487=VERTEX_POINT('',#12424);
#3488=VERTEX_POINT('',#12428);
#3489=VERTEX_POINT('',#12430);
#3490=VERTEX_POINT('',#12434);
#3491=VERTEX_POINT('',#12436);
#3492=VERTEX_POINT('',#12440);
#3493=VERTEX_POINT('',#12442);
#3494=VERTEX_POINT('',#12446);
#3495=VERTEX_POINT('',#12448);
#3496=VERTEX_POINT('',#12452);
#3497=VERTEX_POINT('',#12454);
#3498=VERTEX_POINT('',#12458);
#3499=VERTEX_POINT('',#12460);
#3500=VERTEX_POINT('',#12464);
#3501=VERTEX_POINT('',#12466);
#3502=VERTEX_POINT('',#12470);
#3503=VERTEX_POINT('',#12472);
#3504=VERTEX_POINT('',#12476);
#3505=VERTEX_POINT('',#12478);
#3506=VERTEX_POINT('',#12482);
#3507=VERTEX_POINT('',#12484);
#3508=VERTEX_POINT('',#12488);
#3509=VERTEX_POINT('',#12490);
#3510=VERTEX_POINT('',#12494);
#3511=VERTEX_POINT('',#12496);
#3512=VERTEX_POINT('',#12500);
#3513=VERTEX_POINT('',#12502);
#3514=VERTEX_POINT('',#12506);
#3515=VERTEX_POINT('',#12508);
#3516=VERTEX_POINT('',#12512);
#3517=VERTEX_POINT('',#12514);
#3518=VERTEX_POINT('',#12518);
#3519=VERTEX_POINT('',#12520);
#3520=VERTEX_POINT('',#12524);
#3521=VERTEX_POINT('',#12526);
#3522=VERTEX_POINT('',#12530);
#3523=VERTEX_POINT('',#12531);
#3524=VERTEX_POINT('',#12533);
#3525=VERTEX_POINT('',#12535);
#3526=VERTEX_POINT('',#12541);
#3527=VERTEX_POINT('',#12542);
#3528=VERTEX_POINT('',#12544);
#3529=VERTEX_POINT('',#12546);
#3530=VERTEX_POINT('',#12552);
#3531=VERTEX_POINT('',#12553);
#3532=VERTEX_POINT('',#12555);
#3533=VERTEX_POINT('',#12557);
#3534=VERTEX_POINT('',#12563);
#3535=VERTEX_POINT('',#12564);
#3536=VERTEX_POINT('',#12566);
#3537=VERTEX_POINT('',#12568);
#3538=VERTEX_POINT('',#12574);
#3539=VERTEX_POINT('',#12575);
#3540=VERTEX_POINT('',#12577);
#3541=VERTEX_POINT('',#12579);
#3542=VERTEX_POINT('',#12585);
#3543=VERTEX_POINT('',#12586);
#3544=VERTEX_POINT('',#12588);
#3545=VERTEX_POINT('',#12590);
#3546=VERTEX_POINT('',#12596);
#3547=VERTEX_POINT('',#12597);
#3548=VERTEX_POINT('',#12599);
#3549=VERTEX_POINT('',#12601);
#3550=VERTEX_POINT('',#12607);
#3551=VERTEX_POINT('',#12608);
#3552=VERTEX_POINT('',#12610);
#3553=VERTEX_POINT('',#12612);
#3554=VERTEX_POINT('',#12618);
#3555=VERTEX_POINT('',#12619);
#3556=VERTEX_POINT('',#12621);
#3557=VERTEX_POINT('',#12623);
#3558=VERTEX_POINT('',#12629);
#3559=VERTEX_POINT('',#12630);
#3560=VERTEX_POINT('',#12632);
#3561=VERTEX_POINT('',#12634);
#3562=VERTEX_POINT('',#12640);
#3563=VERTEX_POINT('',#12641);
#3564=VERTEX_POINT('',#12643);
#3565=VERTEX_POINT('',#12645);
#3566=VERTEX_POINT('',#12651);
#3567=VERTEX_POINT('',#12652);
#3568=VERTEX_POINT('',#12654);
#3569=VERTEX_POINT('',#12656);
#3570=VERTEX_POINT('',#12662);
#3571=VERTEX_POINT('',#12663);
#3572=VERTEX_POINT('',#12665);
#3573=VERTEX_POINT('',#12667);
#3574=VERTEX_POINT('',#12673);
#3575=VERTEX_POINT('',#12674);
#3576=VERTEX_POINT('',#12676);
#3577=VERTEX_POINT('',#12678);
#3578=VERTEX_POINT('',#12684);
#3579=VERTEX_POINT('',#12685);
#3580=VERTEX_POINT('',#12687);
#3581=VERTEX_POINT('',#12689);
#3582=VERTEX_POINT('',#12695);
#3583=VERTEX_POINT('',#12696);
#3584=VERTEX_POINT('',#12698);
#3585=VERTEX_POINT('',#12700);
#3586=VERTEX_POINT('',#12706);
#3587=VERTEX_POINT('',#12707);
#3588=VERTEX_POINT('',#12709);
#3589=VERTEX_POINT('',#12711);
#3590=VERTEX_POINT('',#12717);
#3591=VERTEX_POINT('',#12718);
#3592=VERTEX_POINT('',#12720);
#3593=VERTEX_POINT('',#12722);
#3594=VERTEX_POINT('',#12728);
#3595=VERTEX_POINT('',#12729);
#3596=VERTEX_POINT('',#12731);
#3597=VERTEX_POINT('',#12733);
#3598=VERTEX_POINT('',#12739);
#3599=VERTEX_POINT('',#12740);
#3600=VERTEX_POINT('',#12742);
#3601=VERTEX_POINT('',#12744);
#3602=VERTEX_POINT('',#12750);
#3603=VERTEX_POINT('',#12751);
#3604=VERTEX_POINT('',#12753);
#3605=VERTEX_POINT('',#12755);
#3606=VERTEX_POINT('',#12761);
#3607=VERTEX_POINT('',#12762);
#3608=VERTEX_POINT('',#12764);
#3609=VERTEX_POINT('',#12766);
#3610=VERTEX_POINT('',#12772);
#3611=VERTEX_POINT('',#12773);
#3612=VERTEX_POINT('',#12775);
#3613=VERTEX_POINT('',#12777);
#3614=VERTEX_POINT('',#12783);
#3615=VERTEX_POINT('',#12785);
#3616=VERTEX_POINT('',#12787);
#3617=VERTEX_POINT('',#12789);
#3618=VERTEX_POINT('',#12791);
#3619=VERTEX_POINT('',#12793);
#3620=VERTEX_POINT('',#12795);
#3621=VERTEX_POINT('',#12797);
#3622=VERTEX_POINT('',#12799);
#3623=VERTEX_POINT('',#12801);
#3624=VERTEX_POINT('',#12804);
#3625=VERTEX_POINT('',#12806);
#3626=VERTEX_POINT('',#12808);
#3627=VERTEX_POINT('',#12810);
#3628=VERTEX_POINT('',#12812);
#3629=VERTEX_POINT('',#12814);
#3630=VERTEX_POINT('',#12816);
#3631=VERTEX_POINT('',#12818);
#3632=VERTEX_POINT('',#12821);
#3633=VERTEX_POINT('',#12823);
#3634=VERTEX_POINT('',#12825);
#3635=VERTEX_POINT('',#12827);
#3636=VERTEX_POINT('',#12829);
#3637=VERTEX_POINT('',#12831);
#3638=VERTEX_POINT('',#12833);
#3639=VERTEX_POINT('',#12835);
#3640=VERTEX_POINT('',#12838);
#3641=VERTEX_POINT('',#12840);
#3642=VERTEX_POINT('',#12842);
#3643=VERTEX_POINT('',#12844);
#3644=VERTEX_POINT('',#12846);
#3645=VERTEX_POINT('',#12848);
#3646=VERTEX_POINT('',#12850);
#3647=VERTEX_POINT('',#12852);
#3648=VERTEX_POINT('',#12855);
#3649=VERTEX_POINT('',#12857);
#3650=VERTEX_POINT('',#12859);
#3651=VERTEX_POINT('',#12861);
#3652=VERTEX_POINT('',#12863);
#3653=VERTEX_POINT('',#12865);
#3654=VERTEX_POINT('',#12867);
#3655=VERTEX_POINT('',#12869);
#3656=VERTEX_POINT('',#12872);
#3657=VERTEX_POINT('',#12874);
#3658=VERTEX_POINT('',#12876);
#3659=VERTEX_POINT('',#12878);
#3660=VERTEX_POINT('',#12880);
#3661=VERTEX_POINT('',#12882);
#3662=VERTEX_POINT('',#12884);
#3663=VERTEX_POINT('',#12886);
#3664=VERTEX_POINT('',#12889);
#3665=VERTEX_POINT('',#12891);
#3666=VERTEX_POINT('',#12893);
#3667=VERTEX_POINT('',#12895);
#3668=VERTEX_POINT('',#12897);
#3669=VERTEX_POINT('',#12899);
#3670=VERTEX_POINT('',#12901);
#3671=VERTEX_POINT('',#12903);
#3672=VERTEX_POINT('',#12906);
#3673=VERTEX_POINT('',#12908);
#3674=VERTEX_POINT('',#12910);
#3675=VERTEX_POINT('',#12912);
#3676=VERTEX_POINT('',#12914);
#3677=VERTEX_POINT('',#12916);
#3678=VERTEX_POINT('',#12918);
#3679=VERTEX_POINT('',#12920);
#3680=VERTEX_POINT('',#12923);
#3681=VERTEX_POINT('',#12925);
#3682=VERTEX_POINT('',#12927);
#3683=VERTEX_POINT('',#12929);
#3684=VERTEX_POINT('',#12931);
#3685=VERTEX_POINT('',#12933);
#3686=VERTEX_POINT('',#12935);
#3687=VERTEX_POINT('',#12937);
#3688=VERTEX_POINT('',#12940);
#3689=VERTEX_POINT('',#12942);
#3690=VERTEX_POINT('',#12944);
#3691=VERTEX_POINT('',#12946);
#3692=VERTEX_POINT('',#12948);
#3693=VERTEX_POINT('',#12950);
#3694=VERTEX_POINT('',#12952);
#3695=VERTEX_POINT('',#12954);
#3696=VERTEX_POINT('',#12957);
#3697=VERTEX_POINT('',#12959);
#3698=VERTEX_POINT('',#12961);
#3699=VERTEX_POINT('',#12963);
#3700=VERTEX_POINT('',#12965);
#3701=VERTEX_POINT('',#12967);
#3702=VERTEX_POINT('',#12969);
#3703=VERTEX_POINT('',#12971);
#3704=VERTEX_POINT('',#12974);
#3705=VERTEX_POINT('',#12976);
#3706=VERTEX_POINT('',#12978);
#3707=VERTEX_POINT('',#12980);
#3708=VERTEX_POINT('',#12982);
#3709=VERTEX_POINT('',#12984);
#3710=VERTEX_POINT('',#12986);
#3711=VERTEX_POINT('',#12988);
#3712=VERTEX_POINT('',#12991);
#3713=VERTEX_POINT('',#12993);
#3714=VERTEX_POINT('',#12995);
#3715=VERTEX_POINT('',#12997);
#3716=VERTEX_POINT('',#12999);
#3717=VERTEX_POINT('',#13001);
#3718=VERTEX_POINT('',#13003);
#3719=VERTEX_POINT('',#13005);
#3720=VERTEX_POINT('',#13008);
#3721=VERTEX_POINT('',#13010);
#3722=VERTEX_POINT('',#13012);
#3723=VERTEX_POINT('',#13014);
#3724=VERTEX_POINT('',#13016);
#3725=VERTEX_POINT('',#13018);
#3726=VERTEX_POINT('',#13020);
#3727=VERTEX_POINT('',#13022);
#3728=VERTEX_POINT('',#13025);
#3729=VERTEX_POINT('',#13027);
#3730=VERTEX_POINT('',#13029);
#3731=VERTEX_POINT('',#13031);
#3732=VERTEX_POINT('',#13033);
#3733=VERTEX_POINT('',#13035);
#3734=VERTEX_POINT('',#13037);
#3735=VERTEX_POINT('',#13039);
#3736=VERTEX_POINT('',#13042);
#3737=VERTEX_POINT('',#13044);
#3738=VERTEX_POINT('',#13046);
#3739=VERTEX_POINT('',#13048);
#3740=VERTEX_POINT('',#13050);
#3741=VERTEX_POINT('',#13052);
#3742=VERTEX_POINT('',#13054);
#3743=VERTEX_POINT('',#13056);
#3744=VERTEX_POINT('',#13059);
#3745=VERTEX_POINT('',#13061);
#3746=VERTEX_POINT('',#13063);
#3747=VERTEX_POINT('',#13065);
#3748=VERTEX_POINT('',#13067);
#3749=VERTEX_POINT('',#13069);
#3750=VERTEX_POINT('',#13071);
#3751=VERTEX_POINT('',#13073);
#3752=VERTEX_POINT('',#13076);
#3753=VERTEX_POINT('',#13078);
#3754=VERTEX_POINT('',#13080);
#3755=VERTEX_POINT('',#13082);
#3756=VERTEX_POINT('',#13084);
#3757=VERTEX_POINT('',#13086);
#3758=VERTEX_POINT('',#13088);
#3759=VERTEX_POINT('',#13090);
#3760=VERTEX_POINT('',#13093);
#3761=VERTEX_POINT('',#13095);
#3762=VERTEX_POINT('',#13097);
#3763=VERTEX_POINT('',#13099);
#3764=VERTEX_POINT('',#13101);
#3765=VERTEX_POINT('',#13103);
#3766=VERTEX_POINT('',#13105);
#3767=VERTEX_POINT('',#13107);
#3768=VERTEX_POINT('',#13110);
#3769=VERTEX_POINT('',#13112);
#3770=VERTEX_POINT('',#13114);
#3771=VERTEX_POINT('',#13116);
#3772=VERTEX_POINT('',#13118);
#3773=VERTEX_POINT('',#13120);
#3774=VERTEX_POINT('',#13122);
#3775=VERTEX_POINT('',#13124);
#3776=VERTEX_POINT('',#13127);
#3777=VERTEX_POINT('',#13129);
#3778=VERTEX_POINT('',#13131);
#3779=VERTEX_POINT('',#13133);
#3780=VERTEX_POINT('',#13135);
#3781=VERTEX_POINT('',#13137);
#3782=VERTEX_POINT('',#13139);
#3783=VERTEX_POINT('',#13141);
#3784=VERTEX_POINT('',#13144);
#3785=VERTEX_POINT('',#13146);
#3786=VERTEX_POINT('',#13148);
#3787=VERTEX_POINT('',#13150);
#3788=VERTEX_POINT('',#13152);
#3789=VERTEX_POINT('',#13154);
#3790=VERTEX_POINT('',#13156);
#3791=VERTEX_POINT('',#13158);
#3792=VERTEX_POINT('',#13161);
#3793=VERTEX_POINT('',#13163);
#3794=VERTEX_POINT('',#13165);
#3795=VERTEX_POINT('',#13167);
#3796=VERTEX_POINT('',#13169);
#3797=VERTEX_POINT('',#13171);
#3798=VERTEX_POINT('',#13173);
#3799=VERTEX_POINT('',#13175);
#3800=VERTEX_POINT('',#13179);
#3801=VERTEX_POINT('',#13181);
#3802=VERTEX_POINT('',#13185);
#3803=VERTEX_POINT('',#13189);
#3804=VERTEX_POINT('',#13193);
#3805=VERTEX_POINT('',#13197);
#3806=VERTEX_POINT('',#13201);
#3807=VERTEX_POINT('',#13205);
#3808=VERTEX_POINT('',#13212);
#3809=VERTEX_POINT('',#13214);
#3810=VERTEX_POINT('',#13218);
#3811=VERTEX_POINT('',#13222);
#3812=VERTEX_POINT('',#13226);
#3813=VERTEX_POINT('',#13230);
#3814=VERTEX_POINT('',#13234);
#3815=VERTEX_POINT('',#13238);
#3816=VERTEX_POINT('',#13245);
#3817=VERTEX_POINT('',#13247);
#3818=VERTEX_POINT('',#13251);
#3819=VERTEX_POINT('',#13255);
#3820=VERTEX_POINT('',#13259);
#3821=VERTEX_POINT('',#13263);
#3822=VERTEX_POINT('',#13267);
#3823=VERTEX_POINT('',#13271);
#3824=VERTEX_POINT('',#13278);
#3825=VERTEX_POINT('',#13280);
#3826=VERTEX_POINT('',#13284);
#3827=VERTEX_POINT('',#13288);
#3828=VERTEX_POINT('',#13292);
#3829=VERTEX_POINT('',#13296);
#3830=VERTEX_POINT('',#13300);
#3831=VERTEX_POINT('',#13304);
#3832=VERTEX_POINT('',#13311);
#3833=VERTEX_POINT('',#13313);
#3834=VERTEX_POINT('',#13317);
#3835=VERTEX_POINT('',#13321);
#3836=VERTEX_POINT('',#13325);
#3837=VERTEX_POINT('',#13329);
#3838=VERTEX_POINT('',#13333);
#3839=VERTEX_POINT('',#13337);
#3840=VERTEX_POINT('',#13344);
#3841=VERTEX_POINT('',#13346);
#3842=VERTEX_POINT('',#13350);
#3843=VERTEX_POINT('',#13354);
#3844=VERTEX_POINT('',#13358);
#3845=VERTEX_POINT('',#13362);
#3846=VERTEX_POINT('',#13366);
#3847=VERTEX_POINT('',#13370);
#3848=VERTEX_POINT('',#13377);
#3849=VERTEX_POINT('',#13379);
#3850=VERTEX_POINT('',#13383);
#3851=VERTEX_POINT('',#13387);
#3852=VERTEX_POINT('',#13391);
#3853=VERTEX_POINT('',#13395);
#3854=VERTEX_POINT('',#13399);
#3855=VERTEX_POINT('',#13403);
#3856=VERTEX_POINT('',#13410);
#3857=VERTEX_POINT('',#13412);
#3858=VERTEX_POINT('',#13416);
#3859=VERTEX_POINT('',#13420);
#3860=VERTEX_POINT('',#13424);
#3861=VERTEX_POINT('',#13428);
#3862=VERTEX_POINT('',#13432);
#3863=VERTEX_POINT('',#13436);
#3864=VERTEX_POINT('',#13443);
#3865=VERTEX_POINT('',#13445);
#3866=VERTEX_POINT('',#13449);
#3867=VERTEX_POINT('',#13453);
#3868=VERTEX_POINT('',#13457);
#3869=VERTEX_POINT('',#13461);
#3870=VERTEX_POINT('',#13465);
#3871=VERTEX_POINT('',#13469);
#3872=VERTEX_POINT('',#13476);
#3873=VERTEX_POINT('',#13478);
#3874=VERTEX_POINT('',#13482);
#3875=VERTEX_POINT('',#13486);
#3876=VERTEX_POINT('',#13490);
#3877=VERTEX_POINT('',#13494);
#3878=VERTEX_POINT('',#13498);
#3879=VERTEX_POINT('',#13502);
#3880=VERTEX_POINT('',#13509);
#3881=VERTEX_POINT('',#13511);
#3882=VERTEX_POINT('',#13515);
#3883=VERTEX_POINT('',#13519);
#3884=VERTEX_POINT('',#13523);
#3885=VERTEX_POINT('',#13527);
#3886=VERTEX_POINT('',#13531);
#3887=VERTEX_POINT('',#13535);
#3888=VERTEX_POINT('',#13542);
#3889=VERTEX_POINT('',#13544);
#3890=VERTEX_POINT('',#13548);
#3891=VERTEX_POINT('',#13552);
#3892=VERTEX_POINT('',#13556);
#3893=VERTEX_POINT('',#13560);
#3894=VERTEX_POINT('',#13564);
#3895=VERTEX_POINT('',#13568);
#3896=VERTEX_POINT('',#13575);
#3897=VERTEX_POINT('',#13577);
#3898=VERTEX_POINT('',#13581);
#3899=VERTEX_POINT('',#13585);
#3900=VERTEX_POINT('',#13589);
#3901=VERTEX_POINT('',#13593);
#3902=VERTEX_POINT('',#13597);
#3903=VERTEX_POINT('',#13601);
#3904=VERTEX_POINT('',#13608);
#3905=VERTEX_POINT('',#13610);
#3906=VERTEX_POINT('',#13614);
#3907=VERTEX_POINT('',#13618);
#3908=VERTEX_POINT('',#13622);
#3909=VERTEX_POINT('',#13626);
#3910=VERTEX_POINT('',#13630);
#3911=VERTEX_POINT('',#13634);
#3912=VERTEX_POINT('',#13641);
#3913=VERTEX_POINT('',#13643);
#3914=VERTEX_POINT('',#13647);
#3915=VERTEX_POINT('',#13651);
#3916=VERTEX_POINT('',#13655);
#3917=VERTEX_POINT('',#13659);
#3918=VERTEX_POINT('',#13663);
#3919=VERTEX_POINT('',#13667);
#3920=VERTEX_POINT('',#13674);
#3921=VERTEX_POINT('',#13676);
#3922=VERTEX_POINT('',#13680);
#3923=VERTEX_POINT('',#13684);
#3924=VERTEX_POINT('',#13688);
#3925=VERTEX_POINT('',#13692);
#3926=VERTEX_POINT('',#13696);
#3927=VERTEX_POINT('',#13700);
#3928=VERTEX_POINT('',#13707);
#3929=VERTEX_POINT('',#13709);
#3930=VERTEX_POINT('',#13713);
#3931=VERTEX_POINT('',#13717);
#3932=VERTEX_POINT('',#13721);
#3933=VERTEX_POINT('',#13725);
#3934=VERTEX_POINT('',#13729);
#3935=VERTEX_POINT('',#13733);
#3936=VERTEX_POINT('',#13740);
#3937=VERTEX_POINT('',#13742);
#3938=VERTEX_POINT('',#13746);
#3939=VERTEX_POINT('',#13750);
#3940=VERTEX_POINT('',#13754);
#3941=VERTEX_POINT('',#13758);
#3942=VERTEX_POINT('',#13762);
#3943=VERTEX_POINT('',#13766);
#3944=VERTEX_POINT('',#13773);
#3945=VERTEX_POINT('',#13775);
#3946=VERTEX_POINT('',#13779);
#3947=VERTEX_POINT('',#13783);
#3948=VERTEX_POINT('',#13787);
#3949=VERTEX_POINT('',#13791);
#3950=VERTEX_POINT('',#13795);
#3951=VERTEX_POINT('',#13799);
#3952=VERTEX_POINT('',#13806);
#3953=VERTEX_POINT('',#13808);
#3954=VERTEX_POINT('',#13812);
#3955=VERTEX_POINT('',#13816);
#3956=VERTEX_POINT('',#13820);
#3957=VERTEX_POINT('',#13824);
#3958=VERTEX_POINT('',#13828);
#3959=VERTEX_POINT('',#13832);
#3960=VERTEX_POINT('',#13839);
#3961=VERTEX_POINT('',#13841);
#3962=VERTEX_POINT('',#13845);
#3963=VERTEX_POINT('',#13849);
#3964=VERTEX_POINT('',#13853);
#3965=VERTEX_POINT('',#13857);
#3966=VERTEX_POINT('',#13861);
#3967=VERTEX_POINT('',#13865);
#3968=VERTEX_POINT('',#13872);
#3969=VERTEX_POINT('',#13874);
#3970=VERTEX_POINT('',#13878);
#3971=VERTEX_POINT('',#13882);
#3972=VERTEX_POINT('',#13886);
#3973=VERTEX_POINT('',#13890);
#3974=VERTEX_POINT('',#13894);
#3975=VERTEX_POINT('',#13898);
#3976=VERTEX_POINT('',#13905);
#3977=VERTEX_POINT('',#13907);
#3978=VERTEX_POINT('',#13911);
#3979=VERTEX_POINT('',#13915);
#3980=VERTEX_POINT('',#13919);
#3981=VERTEX_POINT('',#13923);
#3982=VERTEX_POINT('',#13927);
#3983=VERTEX_POINT('',#13931);
#3984=VERTEX_POINT('',#13938);
#3985=VERTEX_POINT('',#13942);
#3986=VERTEX_POINT('',#13946);
#3987=VERTEX_POINT('',#13948);
#3988=EDGE_CURVE('',#3208,#3209,#1840,.T.);
#3989=EDGE_CURVE('',#3210,#3208,#1841,.T.);
#3990=EDGE_CURVE('',#3211,#3210,#1842,.T.);
#3991=EDGE_CURVE('',#3211,#3209,#1843,.T.);
#3992=EDGE_CURVE('',#3209,#3212,#133,.T.);
#3993=EDGE_CURVE('',#3213,#3211,#134,.T.);
#3994=EDGE_CURVE('',#3213,#3212,#1844,.T.);
#3995=EDGE_CURVE('',#3212,#3214,#135,.T.);
#3996=EDGE_CURVE('',#3215,#3213,#136,.T.);
#3997=EDGE_CURVE('',#3215,#3214,#1845,.T.);
#3998=EDGE_CURVE('',#3214,#3216,#1846,.T.);
#3999=EDGE_CURVE('',#3217,#3215,#1847,.T.);
#4000=EDGE_CURVE('',#3217,#3216,#1848,.T.);
#4001=EDGE_CURVE('',#3216,#3218,#137,.T.);
#4002=EDGE_CURVE('',#3219,#3217,#138,.T.);
#4003=EDGE_CURVE('',#3219,#3218,#1849,.T.);
#4004=EDGE_CURVE('',#3218,#3220,#139,.T.);
#4005=EDGE_CURVE('',#3221,#3219,#140,.T.);
#4006=EDGE_CURVE('',#3221,#3220,#1850,.T.);
#4007=EDGE_CURVE('',#3220,#3222,#141,.T.);
#4008=EDGE_CURVE('',#3223,#3221,#142,.T.);
#4009=EDGE_CURVE('',#3223,#3222,#1851,.T.);
#4010=EDGE_CURVE('',#3222,#3224,#1852,.T.);
#4011=EDGE_CURVE('',#3225,#3223,#1853,.T.);
#4012=EDGE_CURVE('',#3225,#3224,#1854,.T.);
#4013=EDGE_CURVE('',#3224,#3226,#143,.T.);
#4014=EDGE_CURVE('',#3227,#3225,#144,.T.);
#4015=EDGE_CURVE('',#3227,#3226,#1855,.T.);
#4016=EDGE_CURVE('',#3226,#3228,#145,.T.);
#4017=EDGE_CURVE('',#3229,#3227,#146,.T.);
#4018=EDGE_CURVE('',#3229,#3228,#1856,.T.);
#4019=EDGE_CURVE('',#3228,#3230,#1857,.T.);
#4020=EDGE_CURVE('',#3231,#3229,#1858,.T.);
#4021=EDGE_CURVE('',#3231,#3230,#1859,.T.);
#4022=EDGE_CURVE('',#3230,#3232,#147,.T.);
#4023=EDGE_CURVE('',#3233,#3231,#148,.T.);
#4024=EDGE_CURVE('',#3233,#3232,#1860,.T.);
#4025=EDGE_CURVE('',#3232,#3234,#149,.T.);
#4026=EDGE_CURVE('',#3235,#3233,#150,.T.);
#4027=EDGE_CURVE('',#3235,#3234,#1861,.T.);
#4028=EDGE_CURVE('',#3234,#3208,#151,.T.);
#4029=EDGE_CURVE('',#3210,#3235,#152,.T.);
#4030=EDGE_CURVE('',#3236,#3237,#1862,.T.);
#4031=EDGE_CURVE('',#3238,#3236,#1863,.T.);
#4032=EDGE_CURVE('',#3239,#3238,#1864,.T.);
#4033=EDGE_CURVE('',#3239,#3237,#1865,.T.);
#4034=EDGE_CURVE('',#3237,#3240,#153,.T.);
#4035=EDGE_CURVE('',#3241,#3239,#154,.T.);
#4036=EDGE_CURVE('',#3241,#3240,#1866,.T.);
#4037=EDGE_CURVE('',#3240,#3242,#155,.T.);
#4038=EDGE_CURVE('',#3243,#3241,#156,.T.);
#4039=EDGE_CURVE('',#3243,#3242,#1867,.T.);
#4040=EDGE_CURVE('',#3242,#3244,#1868,.T.);
#4041=EDGE_CURVE('',#3245,#3243,#1869,.T.);
#4042=EDGE_CURVE('',#3245,#3244,#1870,.T.);
#4043=EDGE_CURVE('',#3244,#3246,#157,.T.);
#4044=EDGE_CURVE('',#3247,#3245,#158,.T.);
#4045=EDGE_CURVE('',#3247,#3246,#1871,.T.);
#4046=EDGE_CURVE('',#3246,#3248,#159,.T.);
#4047=EDGE_CURVE('',#3249,#3247,#160,.T.);
#4048=EDGE_CURVE('',#3249,#3248,#1872,.T.);
#4049=EDGE_CURVE('',#3248,#3250,#161,.T.);
#4050=EDGE_CURVE('',#3251,#3249,#162,.T.);
#4051=EDGE_CURVE('',#3251,#3250,#1873,.T.);
#4052=EDGE_CURVE('',#3250,#3252,#1874,.T.);
#4053=EDGE_CURVE('',#3253,#3251,#1875,.T.);
#4054=EDGE_CURVE('',#3253,#3252,#1876,.T.);
#4055=EDGE_CURVE('',#3252,#3254,#163,.T.);
#4056=EDGE_CURVE('',#3255,#3253,#164,.T.);
#4057=EDGE_CURVE('',#3255,#3254,#1877,.T.);
#4058=EDGE_CURVE('',#3254,#3256,#165,.T.);
#4059=EDGE_CURVE('',#3257,#3255,#166,.T.);
#4060=EDGE_CURVE('',#3257,#3256,#1878,.T.);
#4061=EDGE_CURVE('',#3256,#3258,#1879,.T.);
#4062=EDGE_CURVE('',#3259,#3257,#1880,.T.);
#4063=EDGE_CURVE('',#3259,#3258,#1881,.T.);
#4064=EDGE_CURVE('',#3258,#3260,#167,.T.);
#4065=EDGE_CURVE('',#3261,#3259,#168,.T.);
#4066=EDGE_CURVE('',#3261,#3260,#1882,.T.);
#4067=EDGE_CURVE('',#3260,#3262,#169,.T.);
#4068=EDGE_CURVE('',#3263,#3261,#170,.T.);
#4069=EDGE_CURVE('',#3263,#3262,#1883,.T.);
#4070=EDGE_CURVE('',#3262,#3236,#171,.T.);
#4071=EDGE_CURVE('',#3238,#3263,#172,.T.);
#4072=EDGE_CURVE('',#3264,#3265,#1884,.T.);
#4073=EDGE_CURVE('',#3266,#3264,#1885,.T.);
#4074=EDGE_CURVE('',#3267,#3266,#1886,.T.);
#4075=EDGE_CURVE('',#3267,#3265,#1887,.T.);
#4076=EDGE_CURVE('',#3265,#3268,#173,.T.);
#4077=EDGE_CURVE('',#3269,#3267,#174,.T.);
#4078=EDGE_CURVE('',#3269,#3268,#1888,.T.);
#4079=EDGE_CURVE('',#3268,#3270,#175,.T.);
#4080=EDGE_CURVE('',#3271,#3269,#176,.T.);
#4081=EDGE_CURVE('',#3271,#3270,#1889,.T.);
#4082=EDGE_CURVE('',#3270,#3272,#1890,.T.);
#4083=EDGE_CURVE('',#3273,#3271,#1891,.T.);
#4084=EDGE_CURVE('',#3273,#3272,#1892,.T.);
#4085=EDGE_CURVE('',#3272,#3274,#177,.T.);
#4086=EDGE_CURVE('',#3275,#3273,#178,.T.);
#4087=EDGE_CURVE('',#3275,#3274,#1893,.T.);
#4088=EDGE_CURVE('',#3274,#3276,#179,.T.);
#4089=EDGE_CURVE('',#3277,#3275,#180,.T.);
#4090=EDGE_CURVE('',#3277,#3276,#1894,.T.);
#4091=EDGE_CURVE('',#3276,#3278,#181,.T.);
#4092=EDGE_CURVE('',#3279,#3277,#182,.T.);
#4093=EDGE_CURVE('',#3279,#3278,#1895,.T.);
#4094=EDGE_CURVE('',#3278,#3280,#1896,.T.);
#4095=EDGE_CURVE('',#3281,#3279,#1897,.T.);
#4096=EDGE_CURVE('',#3281,#3280,#1898,.T.);
#4097=EDGE_CURVE('',#3280,#3282,#183,.T.);
#4098=EDGE_CURVE('',#3283,#3281,#184,.T.);
#4099=EDGE_CURVE('',#3283,#3282,#1899,.T.);
#4100=EDGE_CURVE('',#3282,#3284,#185,.T.);
#4101=EDGE_CURVE('',#3285,#3283,#186,.T.);
#4102=EDGE_CURVE('',#3285,#3284,#1900,.T.);
#4103=EDGE_CURVE('',#3284,#3286,#1901,.T.);
#4104=EDGE_CURVE('',#3287,#3285,#1902,.T.);
#4105=EDGE_CURVE('',#3287,#3286,#1903,.T.);
#4106=EDGE_CURVE('',#3286,#3288,#187,.T.);
#4107=EDGE_CURVE('',#3289,#3287,#188,.T.);
#4108=EDGE_CURVE('',#3289,#3288,#1904,.T.);
#4109=EDGE_CURVE('',#3288,#3290,#189,.T.);
#4110=EDGE_CURVE('',#3291,#3289,#190,.T.);
#4111=EDGE_CURVE('',#3291,#3290,#1905,.T.);
#4112=EDGE_CURVE('',#3290,#3264,#191,.T.);
#4113=EDGE_CURVE('',#3266,#3291,#192,.T.);
#4114=EDGE_CURVE('',#3292,#3293,#1906,.T.);
#4115=EDGE_CURVE('',#3294,#3292,#1907,.T.);
#4116=EDGE_CURVE('',#3295,#3294,#1908,.T.);
#4117=EDGE_CURVE('',#3295,#3293,#1909,.T.);
#4118=EDGE_CURVE('',#3293,#3296,#193,.T.);
#4119=EDGE_CURVE('',#3297,#3295,#194,.T.);
#4120=EDGE_CURVE('',#3297,#3296,#1910,.T.);
#4121=EDGE_CURVE('',#3296,#3298,#195,.T.);
#4122=EDGE_CURVE('',#3299,#3297,#196,.T.);
#4123=EDGE_CURVE('',#3299,#3298,#1911,.T.);
#4124=EDGE_CURVE('',#3298,#3300,#1912,.T.);
#4125=EDGE_CURVE('',#3301,#3299,#1913,.T.);
#4126=EDGE_CURVE('',#3301,#3300,#1914,.T.);
#4127=EDGE_CURVE('',#3300,#3302,#197,.T.);
#4128=EDGE_CURVE('',#3303,#3301,#198,.T.);
#4129=EDGE_CURVE('',#3303,#3302,#1915,.T.);
#4130=EDGE_CURVE('',#3302,#3304,#199,.T.);
#4131=EDGE_CURVE('',#3305,#3303,#200,.T.);
#4132=EDGE_CURVE('',#3305,#3304,#1916,.T.);
#4133=EDGE_CURVE('',#3304,#3306,#201,.T.);
#4134=EDGE_CURVE('',#3307,#3305,#202,.T.);
#4135=EDGE_CURVE('',#3307,#3306,#1917,.T.);
#4136=EDGE_CURVE('',#3306,#3308,#1918,.T.);
#4137=EDGE_CURVE('',#3309,#3307,#1919,.T.);
#4138=EDGE_CURVE('',#3309,#3308,#1920,.T.);
#4139=EDGE_CURVE('',#3308,#3310,#203,.T.);
#4140=EDGE_CURVE('',#3311,#3309,#204,.T.);
#4141=EDGE_CURVE('',#3311,#3310,#1921,.T.);
#4142=EDGE_CURVE('',#3310,#3312,#205,.T.);
#4143=EDGE_CURVE('',#3313,#3311,#206,.T.);
#4144=EDGE_CURVE('',#3313,#3312,#1922,.T.);
#4145=EDGE_CURVE('',#3312,#3314,#1923,.T.);
#4146=EDGE_CURVE('',#3315,#3313,#1924,.T.);
#4147=EDGE_CURVE('',#3315,#3314,#1925,.T.);
#4148=EDGE_CURVE('',#3314,#3316,#207,.T.);
#4149=EDGE_CURVE('',#3317,#3315,#208,.T.);
#4150=EDGE_CURVE('',#3317,#3316,#1926,.T.);
#4151=EDGE_CURVE('',#3316,#3318,#209,.T.);
#4152=EDGE_CURVE('',#3319,#3317,#210,.T.);
#4153=EDGE_CURVE('',#3319,#3318,#1927,.T.);
#4154=EDGE_CURVE('',#3318,#3292,#211,.T.);
#4155=EDGE_CURVE('',#3294,#3319,#212,.T.);
#4156=EDGE_CURVE('',#3320,#3321,#1928,.T.);
#4157=EDGE_CURVE('',#3322,#3320,#1929,.T.);
#4158=EDGE_CURVE('',#3323,#3322,#1930,.T.);
#4159=EDGE_CURVE('',#3323,#3321,#1931,.T.);
#4160=EDGE_CURVE('',#3321,#3324,#213,.T.);
#4161=EDGE_CURVE('',#3325,#3323,#214,.T.);
#4162=EDGE_CURVE('',#3325,#3324,#1932,.T.);
#4163=EDGE_CURVE('',#3324,#3326,#215,.T.);
#4164=EDGE_CURVE('',#3327,#3325,#216,.T.);
#4165=EDGE_CURVE('',#3327,#3326,#1933,.T.);
#4166=EDGE_CURVE('',#3326,#3328,#1934,.T.);
#4167=EDGE_CURVE('',#3329,#3327,#1935,.T.);
#4168=EDGE_CURVE('',#3329,#3328,#1936,.T.);
#4169=EDGE_CURVE('',#3328,#3330,#217,.T.);
#4170=EDGE_CURVE('',#3331,#3329,#218,.T.);
#4171=EDGE_CURVE('',#3331,#3330,#1937,.T.);
#4172=EDGE_CURVE('',#3330,#3332,#219,.T.);
#4173=EDGE_CURVE('',#3333,#3331,#220,.T.);
#4174=EDGE_CURVE('',#3333,#3332,#1938,.T.);
#4175=EDGE_CURVE('',#3332,#3334,#221,.T.);
#4176=EDGE_CURVE('',#3335,#3333,#222,.T.);
#4177=EDGE_CURVE('',#3335,#3334,#1939,.T.);
#4178=EDGE_CURVE('',#3334,#3336,#1940,.T.);
#4179=EDGE_CURVE('',#3337,#3335,#1941,.T.);
#4180=EDGE_CURVE('',#3337,#3336,#1942,.T.);
#4181=EDGE_CURVE('',#3336,#3338,#223,.T.);
#4182=EDGE_CURVE('',#3339,#3337,#224,.T.);
#4183=EDGE_CURVE('',#3339,#3338,#1943,.T.);
#4184=EDGE_CURVE('',#3338,#3340,#225,.T.);
#4185=EDGE_CURVE('',#3341,#3339,#226,.T.);
#4186=EDGE_CURVE('',#3341,#3340,#1944,.T.);
#4187=EDGE_CURVE('',#3340,#3342,#1945,.T.);
#4188=EDGE_CURVE('',#3343,#3341,#1946,.T.);
#4189=EDGE_CURVE('',#3343,#3342,#1947,.T.);
#4190=EDGE_CURVE('',#3342,#3344,#227,.T.);
#4191=EDGE_CURVE('',#3345,#3343,#228,.T.);
#4192=EDGE_CURVE('',#3345,#3344,#1948,.T.);
#4193=EDGE_CURVE('',#3344,#3346,#229,.T.);
#4194=EDGE_CURVE('',#3347,#3345,#230,.T.);
#4195=EDGE_CURVE('',#3347,#3346,#1949,.T.);
#4196=EDGE_CURVE('',#3346,#3320,#231,.T.);
#4197=EDGE_CURVE('',#3322,#3347,#232,.T.);
#4198=EDGE_CURVE('',#3348,#3349,#1950,.T.);
#4199=EDGE_CURVE('',#3350,#3348,#1951,.T.);
#4200=EDGE_CURVE('',#3351,#3350,#1952,.T.);
#4201=EDGE_CURVE('',#3351,#3349,#1953,.T.);
#4202=EDGE_CURVE('',#3349,#3352,#233,.T.);
#4203=EDGE_CURVE('',#3353,#3351,#234,.T.);
#4204=EDGE_CURVE('',#3353,#3352,#1954,.T.);
#4205=EDGE_CURVE('',#3352,#3354,#235,.T.);
#4206=EDGE_CURVE('',#3355,#3353,#236,.T.);
#4207=EDGE_CURVE('',#3355,#3354,#1955,.T.);
#4208=EDGE_CURVE('',#3354,#3356,#1956,.T.);
#4209=EDGE_CURVE('',#3357,#3355,#1957,.T.);
#4210=EDGE_CURVE('',#3357,#3356,#1958,.T.);
#4211=EDGE_CURVE('',#3356,#3358,#237,.T.);
#4212=EDGE_CURVE('',#3359,#3357,#238,.T.);
#4213=EDGE_CURVE('',#3359,#3358,#1959,.T.);
#4214=EDGE_CURVE('',#3358,#3360,#239,.T.);
#4215=EDGE_CURVE('',#3361,#3359,#240,.T.);
#4216=EDGE_CURVE('',#3361,#3360,#1960,.T.);
#4217=EDGE_CURVE('',#3360,#3362,#241,.T.);
#4218=EDGE_CURVE('',#3363,#3361,#242,.T.);
#4219=EDGE_CURVE('',#3363,#3362,#1961,.T.);
#4220=EDGE_CURVE('',#3362,#3364,#1962,.T.);
#4221=EDGE_CURVE('',#3365,#3363,#1963,.T.);
#4222=EDGE_CURVE('',#3365,#3364,#1964,.T.);
#4223=EDGE_CURVE('',#3364,#3366,#243,.T.);
#4224=EDGE_CURVE('',#3367,#3365,#244,.T.);
#4225=EDGE_CURVE('',#3367,#3366,#1965,.T.);
#4226=EDGE_CURVE('',#3366,#3368,#245,.T.);
#4227=EDGE_CURVE('',#3369,#3367,#246,.T.);
#4228=EDGE_CURVE('',#3369,#3368,#1966,.T.);
#4229=EDGE_CURVE('',#3368,#3370,#1967,.T.);
#4230=EDGE_CURVE('',#3371,#3369,#1968,.T.);
#4231=EDGE_CURVE('',#3371,#3370,#1969,.T.);
#4232=EDGE_CURVE('',#3370,#3372,#247,.T.);
#4233=EDGE_CURVE('',#3373,#3371,#248,.T.);
#4234=EDGE_CURVE('',#3373,#3372,#1970,.T.);
#4235=EDGE_CURVE('',#3372,#3374,#249,.T.);
#4236=EDGE_CURVE('',#3375,#3373,#250,.T.);
#4237=EDGE_CURVE('',#3375,#3374,#1971,.T.);
#4238=EDGE_CURVE('',#3374,#3348,#251,.T.);
#4239=EDGE_CURVE('',#3350,#3375,#252,.T.);
#4240=EDGE_CURVE('',#3376,#3377,#1972,.T.);
#4241=EDGE_CURVE('',#3378,#3376,#1973,.T.);
#4242=EDGE_CURVE('',#3379,#3378,#1974,.T.);
#4243=EDGE_CURVE('',#3379,#3377,#1975,.T.);
#4244=EDGE_CURVE('',#3377,#3380,#253,.T.);
#4245=EDGE_CURVE('',#3381,#3379,#254,.T.);
#4246=EDGE_CURVE('',#3381,#3380,#1976,.T.);
#4247=EDGE_CURVE('',#3380,#3382,#255,.T.);
#4248=EDGE_CURVE('',#3383,#3381,#256,.T.);
#4249=EDGE_CURVE('',#3383,#3382,#1977,.T.);
#4250=EDGE_CURVE('',#3382,#3384,#1978,.T.);
#4251=EDGE_CURVE('',#3385,#3383,#1979,.T.);
#4252=EDGE_CURVE('',#3385,#3384,#1980,.T.);
#4253=EDGE_CURVE('',#3384,#3386,#257,.T.);
#4254=EDGE_CURVE('',#3387,#3385,#258,.T.);
#4255=EDGE_CURVE('',#3387,#3386,#1981,.T.);
#4256=EDGE_CURVE('',#3386,#3388,#259,.T.);
#4257=EDGE_CURVE('',#3389,#3387,#260,.T.);
#4258=EDGE_CURVE('',#3389,#3388,#1982,.T.);
#4259=EDGE_CURVE('',#3388,#3390,#261,.T.);
#4260=EDGE_CURVE('',#3391,#3389,#262,.T.);
#4261=EDGE_CURVE('',#3391,#3390,#1983,.T.);
#4262=EDGE_CURVE('',#3390,#3392,#1984,.T.);
#4263=EDGE_CURVE('',#3393,#3391,#1985,.T.);
#4264=EDGE_CURVE('',#3393,#3392,#1986,.T.);
#4265=EDGE_CURVE('',#3392,#3394,#263,.T.);
#4266=EDGE_CURVE('',#3395,#3393,#264,.T.);
#4267=EDGE_CURVE('',#3395,#3394,#1987,.T.);
#4268=EDGE_CURVE('',#3394,#3396,#265,.T.);
#4269=EDGE_CURVE('',#3397,#3395,#266,.T.);
#4270=EDGE_CURVE('',#3397,#3396,#1988,.T.);
#4271=EDGE_CURVE('',#3396,#3398,#1989,.T.);
#4272=EDGE_CURVE('',#3399,#3397,#1990,.T.);
#4273=EDGE_CURVE('',#3399,#3398,#1991,.T.);
#4274=EDGE_CURVE('',#3398,#3400,#267,.T.);
#4275=EDGE_CURVE('',#3401,#3399,#268,.T.);
#4276=EDGE_CURVE('',#3401,#3400,#1992,.T.);
#4277=EDGE_CURVE('',#3400,#3402,#269,.T.);
#4278=EDGE_CURVE('',#3403,#3401,#270,.T.);
#4279=EDGE_CURVE('',#3403,#3402,#1993,.T.);
#4280=EDGE_CURVE('',#3402,#3376,#271,.T.);
#4281=EDGE_CURVE('',#3378,#3403,#272,.T.);
#4282=EDGE_CURVE('',#3404,#3405,#1994,.T.);
#4283=EDGE_CURVE('',#3406,#3404,#1995,.T.);
#4284=EDGE_CURVE('',#3407,#3406,#1996,.T.);
#4285=EDGE_CURVE('',#3407,#3405,#1997,.T.);
#4286=EDGE_CURVE('',#3405,#3408,#273,.T.);
#4287=EDGE_CURVE('',#3409,#3407,#274,.T.);
#4288=EDGE_CURVE('',#3409,#3408,#1998,.T.);
#4289=EDGE_CURVE('',#3408,#3410,#275,.T.);
#4290=EDGE_CURVE('',#3411,#3409,#276,.T.);
#4291=EDGE_CURVE('',#3411,#3410,#1999,.T.);
#4292=EDGE_CURVE('',#3410,#3412,#2000,.T.);
#4293=EDGE_CURVE('',#3413,#3411,#2001,.T.);
#4294=EDGE_CURVE('',#3413,#3412,#2002,.T.);
#4295=EDGE_CURVE('',#3412,#3414,#277,.T.);
#4296=EDGE_CURVE('',#3415,#3413,#278,.T.);
#4297=EDGE_CURVE('',#3415,#3414,#2003,.T.);
#4298=EDGE_CURVE('',#3414,#3416,#279,.T.);
#4299=EDGE_CURVE('',#3417,#3415,#280,.T.);
#4300=EDGE_CURVE('',#3417,#3416,#2004,.T.);
#4301=EDGE_CURVE('',#3416,#3418,#281,.T.);
#4302=EDGE_CURVE('',#3419,#3417,#282,.T.);
#4303=EDGE_CURVE('',#3419,#3418,#2005,.T.);
#4304=EDGE_CURVE('',#3418,#3420,#2006,.T.);
#4305=EDGE_CURVE('',#3421,#3419,#2007,.T.);
#4306=EDGE_CURVE('',#3421,#3420,#2008,.T.);
#4307=EDGE_CURVE('',#3420,#3422,#283,.T.);
#4308=EDGE_CURVE('',#3423,#3421,#284,.T.);
#4309=EDGE_CURVE('',#3423,#3422,#2009,.T.);
#4310=EDGE_CURVE('',#3422,#3424,#285,.T.);
#4311=EDGE_CURVE('',#3425,#3423,#286,.T.);
#4312=EDGE_CURVE('',#3425,#3424,#2010,.T.);
#4313=EDGE_CURVE('',#3424,#3426,#2011,.T.);
#4314=EDGE_CURVE('',#3427,#3425,#2012,.T.);
#4315=EDGE_CURVE('',#3427,#3426,#2013,.T.);
#4316=EDGE_CURVE('',#3426,#3428,#287,.T.);
#4317=EDGE_CURVE('',#3429,#3427,#288,.T.);
#4318=EDGE_CURVE('',#3429,#3428,#2014,.T.);
#4319=EDGE_CURVE('',#3428,#3430,#289,.T.);
#4320=EDGE_CURVE('',#3431,#3429,#290,.T.);
#4321=EDGE_CURVE('',#3431,#3430,#2015,.T.);
#4322=EDGE_CURVE('',#3430,#3404,#291,.T.);
#4323=EDGE_CURVE('',#3406,#3431,#292,.T.);
#4324=EDGE_CURVE('',#3432,#3432,#293,.T.);
#4325=EDGE_CURVE('',#3432,#3433,#2016,.T.);
#4326=EDGE_CURVE('',#3433,#3433,#294,.T.);
#4327=EDGE_CURVE('',#3434,#3434,#295,.T.);
#4328=EDGE_CURVE('',#3434,#3435,#2017,.T.);
#4329=EDGE_CURVE('',#3435,#3435,#296,.T.);
#4330=EDGE_CURVE('',#3436,#3436,#297,.T.);
#4331=EDGE_CURVE('',#3436,#3437,#2018,.T.);
#4332=EDGE_CURVE('',#3437,#3437,#298,.T.);
#4333=EDGE_CURVE('',#3438,#3438,#299,.T.);
#4334=EDGE_CURVE('',#3438,#3439,#2019,.T.);
#4335=EDGE_CURVE('',#3439,#3439,#300,.T.);
#4336=EDGE_CURVE('',#3440,#3440,#301,.T.);
#4337=EDGE_CURVE('',#3440,#3441,#2020,.T.);
#4338=EDGE_CURVE('',#3441,#3441,#302,.T.);
#4339=EDGE_CURVE('',#3442,#3442,#303,.T.);
#4340=EDGE_CURVE('',#3442,#3443,#2021,.T.);
#4341=EDGE_CURVE('',#3443,#3443,#304,.T.);
#4342=EDGE_CURVE('',#3444,#3444,#305,.T.);
#4343=EDGE_CURVE('',#3444,#3445,#2022,.T.);
#4344=EDGE_CURVE('',#3445,#3445,#306,.T.);
#4345=EDGE_CURVE('',#3446,#3446,#307,.T.);
#4346=EDGE_CURVE('',#3446,#3447,#2023,.T.);
#4347=EDGE_CURVE('',#3447,#3447,#308,.T.);
#4348=EDGE_CURVE('',#3448,#3448,#309,.T.);
#4349=EDGE_CURVE('',#3448,#3449,#2024,.T.);
#4350=EDGE_CURVE('',#3449,#3449,#310,.T.);
#4351=EDGE_CURVE('',#3450,#3450,#311,.T.);
#4352=EDGE_CURVE('',#3450,#3451,#2025,.T.);
#4353=EDGE_CURVE('',#3451,#3451,#312,.T.);
#4354=EDGE_CURVE('',#3452,#3452,#313,.T.);
#4355=EDGE_CURVE('',#3452,#3453,#2026,.T.);
#4356=EDGE_CURVE('',#3453,#3453,#314,.T.);
#4357=EDGE_CURVE('',#3454,#3454,#315,.T.);
#4358=EDGE_CURVE('',#3454,#3455,#2027,.T.);
#4359=EDGE_CURVE('',#3455,#3455,#316,.T.);
#4360=EDGE_CURVE('',#3456,#3456,#317,.T.);
#4361=EDGE_CURVE('',#3456,#3457,#2028,.T.);
#4362=EDGE_CURVE('',#3457,#3457,#318,.T.);
#4363=EDGE_CURVE('',#3458,#3458,#319,.T.);
#4364=EDGE_CURVE('',#3458,#3459,#2029,.T.);
#4365=EDGE_CURVE('',#3459,#3459,#320,.T.);
#4366=EDGE_CURVE('',#3460,#3460,#321,.T.);
#4367=EDGE_CURVE('',#3460,#3461,#2030,.T.);
#4368=EDGE_CURVE('',#3461,#3461,#322,.T.);
#4369=EDGE_CURVE('',#3462,#3462,#323,.T.);
#4370=EDGE_CURVE('',#3462,#3463,#2031,.T.);
#4371=EDGE_CURVE('',#3463,#3463,#324,.T.);
#4372=EDGE_CURVE('',#3464,#3464,#325,.T.);
#4373=EDGE_CURVE('',#3464,#3465,#2032,.T.);
#4374=EDGE_CURVE('',#3465,#3465,#326,.T.);
#4375=EDGE_CURVE('',#3466,#3466,#327,.T.);
#4376=EDGE_CURVE('',#3466,#3467,#2033,.T.);
#4377=EDGE_CURVE('',#3467,#3467,#328,.T.);
#4378=EDGE_CURVE('',#3468,#3468,#329,.T.);
#4379=EDGE_CURVE('',#3468,#3469,#2034,.T.);
#4380=EDGE_CURVE('',#3469,#3469,#330,.T.);
#4381=EDGE_CURVE('',#3470,#3470,#331,.T.);
#4382=EDGE_CURVE('',#3470,#3471,#2035,.T.);
#4383=EDGE_CURVE('',#3471,#3471,#332,.T.);
#4384=EDGE_CURVE('',#3472,#3472,#333,.T.);
#4385=EDGE_CURVE('',#3472,#3473,#2036,.T.);
#4386=EDGE_CURVE('',#3473,#3473,#334,.T.);
#4387=EDGE_CURVE('',#3474,#3474,#335,.T.);
#4388=EDGE_CURVE('',#3474,#3475,#2037,.T.);
#4389=EDGE_CURVE('',#3475,#3475,#336,.T.);
#4390=EDGE_CURVE('',#3476,#3476,#337,.T.);
#4391=EDGE_CURVE('',#3476,#3477,#2038,.T.);
#4392=EDGE_CURVE('',#3477,#3477,#338,.T.);
#4393=EDGE_CURVE('',#3478,#3478,#339,.T.);
#4394=EDGE_CURVE('',#3478,#3479,#2039,.T.);
#4395=EDGE_CURVE('',#3479,#3479,#340,.T.);
#4396=EDGE_CURVE('',#3480,#3480,#341,.T.);
#4397=EDGE_CURVE('',#3480,#3481,#2040,.T.);
#4398=EDGE_CURVE('',#3481,#3481,#342,.T.);
#4399=EDGE_CURVE('',#3482,#3482,#343,.T.);
#4400=EDGE_CURVE('',#3482,#3483,#2041,.T.);
#4401=EDGE_CURVE('',#3483,#3483,#344,.T.);
#4402=EDGE_CURVE('',#3484,#3484,#345,.T.);
#4403=EDGE_CURVE('',#3484,#3485,#2042,.T.);
#4404=EDGE_CURVE('',#3485,#3485,#346,.T.);
#4405=EDGE_CURVE('',#3486,#3486,#347,.T.);
#4406=EDGE_CURVE('',#3486,#3487,#2043,.T.);
#4407=EDGE_CURVE('',#3487,#3487,#348,.T.);
#4408=EDGE_CURVE('',#3488,#3488,#349,.T.);
#4409=EDGE_CURVE('',#3488,#3489,#2044,.T.);
#4410=EDGE_CURVE('',#3489,#3489,#350,.T.);
#4411=EDGE_CURVE('',#3490,#3490,#351,.T.);
#4412=EDGE_CURVE('',#3490,#3491,#2045,.T.);
#4413=EDGE_CURVE('',#3491,#3491,#352,.T.);
#4414=EDGE_CURVE('',#3492,#3492,#353,.T.);
#4415=EDGE_CURVE('',#3492,#3493,#2046,.T.);
#4416=EDGE_CURVE('',#3493,#3493,#354,.T.);
#4417=EDGE_CURVE('',#3494,#3494,#355,.T.);
#4418=EDGE_CURVE('',#3494,#3495,#2047,.T.);
#4419=EDGE_CURVE('',#3495,#3495,#356,.T.);
#4420=EDGE_CURVE('',#3496,#3496,#357,.T.);
#4421=EDGE_CURVE('',#3496,#3497,#2048,.T.);
#4422=EDGE_CURVE('',#3497,#3497,#358,.T.);
#4423=EDGE_CURVE('',#3498,#3498,#359,.T.);
#4424=EDGE_CURVE('',#3498,#3499,#2049,.T.);
#4425=EDGE_CURVE('',#3499,#3499,#360,.T.);
#4426=EDGE_CURVE('',#3500,#3500,#361,.T.);
#4427=EDGE_CURVE('',#3500,#3501,#2050,.T.);
#4428=EDGE_CURVE('',#3501,#3501,#362,.T.);
#4429=EDGE_CURVE('',#3502,#3502,#363,.T.);
#4430=EDGE_CURVE('',#3502,#3503,#2051,.T.);
#4431=EDGE_CURVE('',#3503,#3503,#364,.T.);
#4432=EDGE_CURVE('',#3504,#3504,#365,.T.);
#4433=EDGE_CURVE('',#3504,#3505,#2052,.T.);
#4434=EDGE_CURVE('',#3505,#3505,#366,.T.);
#4435=EDGE_CURVE('',#3506,#3506,#367,.T.);
#4436=EDGE_CURVE('',#3506,#3507,#2053,.T.);
#4437=EDGE_CURVE('',#3507,#3507,#368,.T.);
#4438=EDGE_CURVE('',#3508,#3508,#369,.T.);
#4439=EDGE_CURVE('',#3508,#3509,#2054,.T.);
#4440=EDGE_CURVE('',#3509,#3509,#370,.T.);
#4441=EDGE_CURVE('',#3510,#3510,#371,.T.);
#4442=EDGE_CURVE('',#3510,#3511,#2055,.T.);
#4443=EDGE_CURVE('',#3511,#3511,#372,.T.);
#4444=EDGE_CURVE('',#3512,#3512,#373,.T.);
#4445=EDGE_CURVE('',#3512,#3513,#2056,.T.);
#4446=EDGE_CURVE('',#3513,#3513,#374,.T.);
#4447=EDGE_CURVE('',#3514,#3514,#375,.T.);
#4448=EDGE_CURVE('',#3514,#3515,#2057,.T.);
#4449=EDGE_CURVE('',#3515,#3515,#376,.T.);
#4450=EDGE_CURVE('',#3516,#3516,#377,.T.);
#4451=EDGE_CURVE('',#3516,#3517,#2058,.T.);
#4452=EDGE_CURVE('',#3517,#3517,#378,.T.);
#4453=EDGE_CURVE('',#3518,#3518,#379,.T.);
#4454=EDGE_CURVE('',#3518,#3519,#2059,.T.);
#4455=EDGE_CURVE('',#3519,#3519,#380,.T.);
#4456=EDGE_CURVE('',#3520,#3520,#381,.T.);
#4457=EDGE_CURVE('',#3520,#3521,#2060,.T.);
#4458=EDGE_CURVE('',#3521,#3521,#382,.T.);
#4459=EDGE_CURVE('',#3522,#3523,#2061,.T.);
#4460=EDGE_CURVE('',#3522,#3524,#383,.T.);
#4461=EDGE_CURVE('',#3525,#3524,#2062,.T.);
#4462=EDGE_CURVE('',#3523,#3525,#384,.T.);
#4463=EDGE_CURVE('',#3524,#3522,#2063,.T.);
#4464=EDGE_CURVE('',#3526,#3527,#2064,.T.);
#4465=EDGE_CURVE('',#3526,#3528,#385,.T.);
#4466=EDGE_CURVE('',#3529,#3528,#2065,.T.);
#4467=EDGE_CURVE('',#3527,#3529,#386,.T.);
#4468=EDGE_CURVE('',#3528,#3526,#2066,.T.);
#4469=EDGE_CURVE('',#3530,#3531,#2067,.T.);
#4470=EDGE_CURVE('',#3530,#3532,#387,.T.);
#4471=EDGE_CURVE('',#3533,#3532,#2068,.T.);
#4472=EDGE_CURVE('',#3531,#3533,#388,.T.);
#4473=EDGE_CURVE('',#3532,#3530,#2069,.T.);
#4474=EDGE_CURVE('',#3534,#3535,#2070,.T.);
#4475=EDGE_CURVE('',#3534,#3536,#389,.T.);
#4476=EDGE_CURVE('',#3537,#3536,#2071,.T.);
#4477=EDGE_CURVE('',#3535,#3537,#390,.T.);
#4478=EDGE_CURVE('',#3536,#3534,#2072,.T.);
#4479=EDGE_CURVE('',#3538,#3539,#2073,.T.);
#4480=EDGE_CURVE('',#3538,#3540,#391,.T.);
#4481=EDGE_CURVE('',#3541,#3540,#2074,.T.);
#4482=EDGE_CURVE('',#3539,#3541,#392,.T.);
#4483=EDGE_CURVE('',#3540,#3538,#2075,.T.);
#4484=EDGE_CURVE('',#3542,#3543,#2076,.T.);
#4485=EDGE_CURVE('',#3542,#3544,#393,.T.);
#4486=EDGE_CURVE('',#3545,#3544,#2077,.T.);
#4487=EDGE_CURVE('',#3543,#3545,#394,.T.);
#4488=EDGE_CURVE('',#3544,#3542,#2078,.T.);
#4489=EDGE_CURVE('',#3546,#3547,#2079,.T.);
#4490=EDGE_CURVE('',#3546,#3548,#395,.T.);
#4491=EDGE_CURVE('',#3549,#3548,#2080,.T.);
#4492=EDGE_CURVE('',#3547,#3549,#396,.T.);
#4493=EDGE_CURVE('',#3548,#3546,#2081,.T.);
#4494=EDGE_CURVE('',#3550,#3551,#2082,.T.);
#4495=EDGE_CURVE('',#3550,#3552,#397,.T.);
#4496=EDGE_CURVE('',#3553,#3552,#2083,.T.);
#4497=EDGE_CURVE('',#3551,#3553,#398,.T.);
#4498=EDGE_CURVE('',#3552,#3550,#2084,.T.);
#4499=EDGE_CURVE('',#3554,#3555,#2085,.T.);
#4500=EDGE_CURVE('',#3554,#3556,#399,.T.);
#4501=EDGE_CURVE('',#3557,#3556,#2086,.T.);
#4502=EDGE_CURVE('',#3555,#3557,#400,.T.);
#4503=EDGE_CURVE('',#3556,#3554,#2087,.T.);
#4504=EDGE_CURVE('',#3558,#3559,#2088,.T.);
#4505=EDGE_CURVE('',#3558,#3560,#401,.T.);
#4506=EDGE_CURVE('',#3561,#3560,#2089,.T.);
#4507=EDGE_CURVE('',#3559,#3561,#402,.T.);
#4508=EDGE_CURVE('',#3560,#3558,#2090,.T.);
#4509=EDGE_CURVE('',#3562,#3563,#2091,.T.);
#4510=EDGE_CURVE('',#3562,#3564,#403,.T.);
#4511=EDGE_CURVE('',#3565,#3564,#2092,.T.);
#4512=EDGE_CURVE('',#3563,#3565,#404,.T.);
#4513=EDGE_CURVE('',#3564,#3562,#2093,.T.);
#4514=EDGE_CURVE('',#3566,#3567,#2094,.T.);
#4515=EDGE_CURVE('',#3566,#3568,#405,.T.);
#4516=EDGE_CURVE('',#3569,#3568,#2095,.T.);
#4517=EDGE_CURVE('',#3567,#3569,#406,.T.);
#4518=EDGE_CURVE('',#3568,#3566,#2096,.T.);
#4519=EDGE_CURVE('',#3570,#3571,#2097,.T.);
#4520=EDGE_CURVE('',#3570,#3572,#407,.T.);
#4521=EDGE_CURVE('',#3573,#3572,#2098,.T.);
#4522=EDGE_CURVE('',#3571,#3573,#408,.T.);
#4523=EDGE_CURVE('',#3572,#3570,#2099,.T.);
#4524=EDGE_CURVE('',#3574,#3575,#2100,.T.);
#4525=EDGE_CURVE('',#3574,#3576,#409,.T.);
#4526=EDGE_CURVE('',#3577,#3576,#2101,.T.);
#4527=EDGE_CURVE('',#3575,#3577,#410,.T.);
#4528=EDGE_CURVE('',#3576,#3574,#2102,.T.);
#4529=EDGE_CURVE('',#3578,#3579,#2103,.T.);
#4530=EDGE_CURVE('',#3578,#3580,#411,.T.);
#4531=EDGE_CURVE('',#3581,#3580,#2104,.T.);
#4532=EDGE_CURVE('',#3579,#3581,#412,.T.);
#4533=EDGE_CURVE('',#3580,#3578,#2105,.T.);
#4534=EDGE_CURVE('',#3582,#3583,#2106,.T.);
#4535=EDGE_CURVE('',#3582,#3584,#413,.T.);
#4536=EDGE_CURVE('',#3585,#3584,#2107,.T.);
#4537=EDGE_CURVE('',#3583,#3585,#414,.T.);
#4538=EDGE_CURVE('',#3584,#3582,#2108,.T.);
#4539=EDGE_CURVE('',#3586,#3587,#2109,.T.);
#4540=EDGE_CURVE('',#3586,#3588,#415,.T.);
#4541=EDGE_CURVE('',#3589,#3588,#2110,.T.);
#4542=EDGE_CURVE('',#3587,#3589,#416,.T.);
#4543=EDGE_CURVE('',#3588,#3586,#2111,.T.);
#4544=EDGE_CURVE('',#3590,#3591,#2112,.T.);
#4545=EDGE_CURVE('',#3590,#3592,#417,.T.);
#4546=EDGE_CURVE('',#3593,#3592,#2113,.T.);
#4547=EDGE_CURVE('',#3591,#3593,#418,.T.);
#4548=EDGE_CURVE('',#3592,#3590,#2114,.T.);
#4549=EDGE_CURVE('',#3594,#3595,#2115,.T.);
#4550=EDGE_CURVE('',#3594,#3596,#419,.T.);
#4551=EDGE_CURVE('',#3597,#3596,#2116,.T.);
#4552=EDGE_CURVE('',#3595,#3597,#420,.T.);
#4553=EDGE_CURVE('',#3596,#3594,#2117,.T.);
#4554=EDGE_CURVE('',#3598,#3599,#2118,.T.);
#4555=EDGE_CURVE('',#3598,#3600,#421,.T.);
#4556=EDGE_CURVE('',#3601,#3600,#2119,.T.);
#4557=EDGE_CURVE('',#3599,#3601,#422,.T.);
#4558=EDGE_CURVE('',#3600,#3598,#2120,.T.);
#4559=EDGE_CURVE('',#3602,#3603,#2121,.T.);
#4560=EDGE_CURVE('',#3602,#3604,#423,.T.);
#4561=EDGE_CURVE('',#3605,#3604,#2122,.T.);
#4562=EDGE_CURVE('',#3603,#3605,#424,.T.);
#4563=EDGE_CURVE('',#3604,#3602,#2123,.T.);
#4564=EDGE_CURVE('',#3606,#3607,#2124,.T.);
#4565=EDGE_CURVE('',#3606,#3608,#425,.T.);
#4566=EDGE_CURVE('',#3609,#3608,#2125,.T.);
#4567=EDGE_CURVE('',#3607,#3609,#426,.T.);
#4568=EDGE_CURVE('',#3608,#3606,#2126,.T.);
#4569=EDGE_CURVE('',#3610,#3611,#2127,.T.);
#4570=EDGE_CURVE('',#3610,#3612,#427,.T.);
#4571=EDGE_CURVE('',#3613,#3612,#2128,.T.);
#4572=EDGE_CURVE('',#3611,#3613,#428,.T.);
#4573=EDGE_CURVE('',#3612,#3610,#2129,.T.);
#4574=EDGE_CURVE('',#3614,#3614,#429,.T.);
#4575=EDGE_CURVE('',#3615,#3615,#430,.T.);
#4576=EDGE_CURVE('',#3613,#3616,#2130,.T.);
#4577=EDGE_CURVE('',#3616,#3617,#431,.T.);
#4578=EDGE_CURVE('',#3617,#3618,#2131,.T.);
#4579=EDGE_CURVE('',#3618,#3619,#432,.T.);
#4580=EDGE_CURVE('',#3619,#3620,#2132,.T.);
#4581=EDGE_CURVE('',#3620,#3621,#433,.T.);
#4582=EDGE_CURVE('',#3621,#3622,#2133,.T.);
#4583=EDGE_CURVE('',#3622,#3623,#434,.T.);
#4584=EDGE_CURVE('',#3623,#3611,#2134,.T.);
#4585=EDGE_CURVE('',#3609,#3624,#2135,.T.);
#4586=EDGE_CURVE('',#3624,#3625,#435,.T.);
#4587=EDGE_CURVE('',#3625,#3626,#2136,.T.);
#4588=EDGE_CURVE('',#3626,#3627,#436,.T.);
#4589=EDGE_CURVE('',#3627,#3628,#2137,.T.);
#4590=EDGE_CURVE('',#3628,#3629,#437,.T.);
#4591=EDGE_CURVE('',#3629,#3630,#2138,.T.);
#4592=EDGE_CURVE('',#3630,#3631,#438,.T.);
#4593=EDGE_CURVE('',#3631,#3607,#2139,.T.);
#4594=EDGE_CURVE('',#3605,#3632,#2140,.T.);
#4595=EDGE_CURVE('',#3632,#3633,#439,.T.);
#4596=EDGE_CURVE('',#3633,#3634,#2141,.T.);
#4597=EDGE_CURVE('',#3634,#3635,#440,.T.);
#4598=EDGE_CURVE('',#3635,#3636,#2142,.T.);
#4599=EDGE_CURVE('',#3636,#3637,#441,.T.);
#4600=EDGE_CURVE('',#3637,#3638,#2143,.T.);
#4601=EDGE_CURVE('',#3638,#3639,#442,.T.);
#4602=EDGE_CURVE('',#3639,#3603,#2144,.T.);
#4603=EDGE_CURVE('',#3601,#3640,#2145,.T.);
#4604=EDGE_CURVE('',#3640,#3641,#443,.T.);
#4605=EDGE_CURVE('',#3641,#3642,#2146,.T.);
#4606=EDGE_CURVE('',#3642,#3643,#444,.T.);
#4607=EDGE_CURVE('',#3643,#3644,#2147,.T.);
#4608=EDGE_CURVE('',#3644,#3645,#445,.T.);
#4609=EDGE_CURVE('',#3645,#3646,#2148,.T.);
#4610=EDGE_CURVE('',#3646,#3647,#446,.T.);
#4611=EDGE_CURVE('',#3647,#3599,#2149,.T.);
#4612=EDGE_CURVE('',#3597,#3648,#2150,.T.);
#4613=EDGE_CURVE('',#3648,#3649,#447,.T.);
#4614=EDGE_CURVE('',#3649,#3650,#2151,.T.);
#4615=EDGE_CURVE('',#3650,#3651,#448,.T.);
#4616=EDGE_CURVE('',#3651,#3652,#2152,.T.);
#4617=EDGE_CURVE('',#3652,#3653,#449,.T.);
#4618=EDGE_CURVE('',#3653,#3654,#2153,.T.);
#4619=EDGE_CURVE('',#3654,#3655,#450,.T.);
#4620=EDGE_CURVE('',#3655,#3595,#2154,.T.);
#4621=EDGE_CURVE('',#3593,#3656,#2155,.T.);
#4622=EDGE_CURVE('',#3656,#3657,#451,.T.);
#4623=EDGE_CURVE('',#3657,#3658,#2156,.T.);
#4624=EDGE_CURVE('',#3658,#3659,#452,.T.);
#4625=EDGE_CURVE('',#3659,#3660,#2157,.T.);
#4626=EDGE_CURVE('',#3660,#3661,#453,.T.);
#4627=EDGE_CURVE('',#3661,#3662,#2158,.T.);
#4628=EDGE_CURVE('',#3662,#3663,#454,.T.);
#4629=EDGE_CURVE('',#3663,#3591,#2159,.T.);
#4630=EDGE_CURVE('',#3589,#3664,#2160,.T.);
#4631=EDGE_CURVE('',#3664,#3665,#455,.T.);
#4632=EDGE_CURVE('',#3665,#3666,#2161,.T.);
#4633=EDGE_CURVE('',#3666,#3667,#456,.T.);
#4634=EDGE_CURVE('',#3667,#3668,#2162,.T.);
#4635=EDGE_CURVE('',#3668,#3669,#457,.T.);
#4636=EDGE_CURVE('',#3669,#3670,#2163,.T.);
#4637=EDGE_CURVE('',#3670,#3671,#458,.T.);
#4638=EDGE_CURVE('',#3671,#3587,#2164,.T.);
#4639=EDGE_CURVE('',#3585,#3672,#2165,.T.);
#4640=EDGE_CURVE('',#3672,#3673,#459,.T.);
#4641=EDGE_CURVE('',#3673,#3674,#2166,.T.);
#4642=EDGE_CURVE('',#3674,#3675,#460,.T.);
#4643=EDGE_CURVE('',#3675,#3676,#2167,.T.);
#4644=EDGE_CURVE('',#3676,#3677,#461,.T.);
#4645=EDGE_CURVE('',#3677,#3678,#2168,.T.);
#4646=EDGE_CURVE('',#3678,#3679,#462,.T.);
#4647=EDGE_CURVE('',#3679,#3583,#2169,.T.);
#4648=EDGE_CURVE('',#3581,#3680,#2170,.T.);
#4649=EDGE_CURVE('',#3680,#3681,#463,.T.);
#4650=EDGE_CURVE('',#3681,#3682,#2171,.T.);
#4651=EDGE_CURVE('',#3682,#3683,#464,.T.);
#4652=EDGE_CURVE('',#3683,#3684,#2172,.T.);
#4653=EDGE_CURVE('',#3684,#3685,#465,.T.);
#4654=EDGE_CURVE('',#3685,#3686,#2173,.T.);
#4655=EDGE_CURVE('',#3686,#3687,#466,.T.);
#4656=EDGE_CURVE('',#3687,#3579,#2174,.T.);
#4657=EDGE_CURVE('',#3577,#3688,#2175,.T.);
#4658=EDGE_CURVE('',#3688,#3689,#467,.T.);
#4659=EDGE_CURVE('',#3689,#3690,#2176,.T.);
#4660=EDGE_CURVE('',#3690,#3691,#468,.T.);
#4661=EDGE_CURVE('',#3691,#3692,#2177,.T.);
#4662=EDGE_CURVE('',#3692,#3693,#469,.T.);
#4663=EDGE_CURVE('',#3693,#3694,#2178,.T.);
#4664=EDGE_CURVE('',#3694,#3695,#470,.T.);
#4665=EDGE_CURVE('',#3695,#3575,#2179,.T.);
#4666=EDGE_CURVE('',#3573,#3696,#2180,.T.);
#4667=EDGE_CURVE('',#3696,#3697,#471,.T.);
#4668=EDGE_CURVE('',#3697,#3698,#2181,.T.);
#4669=EDGE_CURVE('',#3698,#3699,#472,.T.);
#4670=EDGE_CURVE('',#3699,#3700,#2182,.T.);
#4671=EDGE_CURVE('',#3700,#3701,#473,.T.);
#4672=EDGE_CURVE('',#3701,#3702,#2183,.T.);
#4673=EDGE_CURVE('',#3702,#3703,#474,.T.);
#4674=EDGE_CURVE('',#3703,#3571,#2184,.T.);
#4675=EDGE_CURVE('',#3569,#3704,#2185,.T.);
#4676=EDGE_CURVE('',#3704,#3705,#475,.T.);
#4677=EDGE_CURVE('',#3705,#3706,#2186,.T.);
#4678=EDGE_CURVE('',#3706,#3707,#476,.T.);
#4679=EDGE_CURVE('',#3707,#3708,#2187,.T.);
#4680=EDGE_CURVE('',#3708,#3709,#477,.T.);
#4681=EDGE_CURVE('',#3709,#3710,#2188,.T.);
#4682=EDGE_CURVE('',#3710,#3711,#478,.T.);
#4683=EDGE_CURVE('',#3711,#3567,#2189,.T.);
#4684=EDGE_CURVE('',#3565,#3712,#2190,.T.);
#4685=EDGE_CURVE('',#3712,#3713,#479,.T.);
#4686=EDGE_CURVE('',#3713,#3714,#2191,.T.);
#4687=EDGE_CURVE('',#3714,#3715,#480,.T.);
#4688=EDGE_CURVE('',#3715,#3716,#2192,.T.);
#4689=EDGE_CURVE('',#3716,#3717,#481,.T.);
#4690=EDGE_CURVE('',#3717,#3718,#2193,.T.);
#4691=EDGE_CURVE('',#3718,#3719,#482,.T.);
#4692=EDGE_CURVE('',#3719,#3563,#2194,.T.);
#4693=EDGE_CURVE('',#3561,#3720,#2195,.T.);
#4694=EDGE_CURVE('',#3720,#3721,#483,.T.);
#4695=EDGE_CURVE('',#3721,#3722,#2196,.T.);
#4696=EDGE_CURVE('',#3722,#3723,#484,.T.);
#4697=EDGE_CURVE('',#3723,#3724,#2197,.T.);
#4698=EDGE_CURVE('',#3724,#3725,#485,.T.);
#4699=EDGE_CURVE('',#3725,#3726,#2198,.T.);
#4700=EDGE_CURVE('',#3726,#3727,#486,.T.);
#4701=EDGE_CURVE('',#3727,#3559,#2199,.T.);
#4702=EDGE_CURVE('',#3557,#3728,#2200,.T.);
#4703=EDGE_CURVE('',#3728,#3729,#487,.T.);
#4704=EDGE_CURVE('',#3729,#3730,#2201,.T.);
#4705=EDGE_CURVE('',#3730,#3731,#488,.T.);
#4706=EDGE_CURVE('',#3731,#3732,#2202,.T.);
#4707=EDGE_CURVE('',#3732,#3733,#489,.T.);
#4708=EDGE_CURVE('',#3733,#3734,#2203,.T.);
#4709=EDGE_CURVE('',#3734,#3735,#490,.T.);
#4710=EDGE_CURVE('',#3735,#3555,#2204,.T.);
#4711=EDGE_CURVE('',#3553,#3736,#2205,.T.);
#4712=EDGE_CURVE('',#3736,#3737,#491,.T.);
#4713=EDGE_CURVE('',#3737,#3738,#2206,.T.);
#4714=EDGE_CURVE('',#3738,#3739,#492,.T.);
#4715=EDGE_CURVE('',#3739,#3740,#2207,.T.);
#4716=EDGE_CURVE('',#3740,#3741,#493,.T.);
#4717=EDGE_CURVE('',#3741,#3742,#2208,.T.);
#4718=EDGE_CURVE('',#3742,#3743,#494,.T.);
#4719=EDGE_CURVE('',#3743,#3551,#2209,.T.);
#4720=EDGE_CURVE('',#3549,#3744,#2210,.T.);
#4721=EDGE_CURVE('',#3744,#3745,#495,.T.);
#4722=EDGE_CURVE('',#3745,#3746,#2211,.T.);
#4723=EDGE_CURVE('',#3746,#3747,#496,.T.);
#4724=EDGE_CURVE('',#3747,#3748,#2212,.T.);
#4725=EDGE_CURVE('',#3748,#3749,#497,.T.);
#4726=EDGE_CURVE('',#3749,#3750,#2213,.T.);
#4727=EDGE_CURVE('',#3750,#3751,#498,.T.);
#4728=EDGE_CURVE('',#3751,#3547,#2214,.T.);
#4729=EDGE_CURVE('',#3545,#3752,#2215,.T.);
#4730=EDGE_CURVE('',#3752,#3753,#499,.T.);
#4731=EDGE_CURVE('',#3753,#3754,#2216,.T.);
#4732=EDGE_CURVE('',#3754,#3755,#500,.T.);
#4733=EDGE_CURVE('',#3755,#3756,#2217,.T.);
#4734=EDGE_CURVE('',#3756,#3757,#501,.T.);
#4735=EDGE_CURVE('',#3757,#3758,#2218,.T.);
#4736=EDGE_CURVE('',#3758,#3759,#502,.T.);
#4737=EDGE_CURVE('',#3759,#3543,#2219,.T.);
#4738=EDGE_CURVE('',#3541,#3760,#2220,.T.);
#4739=EDGE_CURVE('',#3760,#3761,#503,.T.);
#4740=EDGE_CURVE('',#3761,#3762,#2221,.T.);
#4741=EDGE_CURVE('',#3762,#3763,#504,.T.);
#4742=EDGE_CURVE('',#3763,#3764,#2222,.T.);
#4743=EDGE_CURVE('',#3764,#3765,#505,.T.);
#4744=EDGE_CURVE('',#3765,#3766,#2223,.T.);
#4745=EDGE_CURVE('',#3766,#3767,#506,.T.);
#4746=EDGE_CURVE('',#3767,#3539,#2224,.T.);
#4747=EDGE_CURVE('',#3537,#3768,#2225,.T.);
#4748=EDGE_CURVE('',#3768,#3769,#507,.T.);
#4749=EDGE_CURVE('',#3769,#3770,#2226,.T.);
#4750=EDGE_CURVE('',#3770,#3771,#508,.T.);
#4751=EDGE_CURVE('',#3771,#3772,#2227,.T.);
#4752=EDGE_CURVE('',#3772,#3773,#509,.T.);
#4753=EDGE_CURVE('',#3773,#3774,#2228,.T.);
#4754=EDGE_CURVE('',#3774,#3775,#510,.T.);
#4755=EDGE_CURVE('',#3775,#3535,#2229,.T.);
#4756=EDGE_CURVE('',#3533,#3776,#2230,.T.);
#4757=EDGE_CURVE('',#3776,#3777,#511,.T.);
#4758=EDGE_CURVE('',#3777,#3778,#2231,.T.);
#4759=EDGE_CURVE('',#3778,#3779,#512,.T.);
#4760=EDGE_CURVE('',#3779,#3780,#2232,.T.);
#4761=EDGE_CURVE('',#3780,#3781,#513,.T.);
#4762=EDGE_CURVE('',#3781,#3782,#2233,.T.);
#4763=EDGE_CURVE('',#3782,#3783,#514,.T.);
#4764=EDGE_CURVE('',#3783,#3531,#2234,.T.);
#4765=EDGE_CURVE('',#3529,#3784,#2235,.T.);
#4766=EDGE_CURVE('',#3784,#3785,#515,.T.);
#4767=EDGE_CURVE('',#3785,#3786,#2236,.T.);
#4768=EDGE_CURVE('',#3786,#3787,#516,.T.);
#4769=EDGE_CURVE('',#3787,#3788,#2237,.T.);
#4770=EDGE_CURVE('',#3788,#3789,#517,.T.);
#4771=EDGE_CURVE('',#3789,#3790,#2238,.T.);
#4772=EDGE_CURVE('',#3790,#3791,#518,.T.);
#4773=EDGE_CURVE('',#3791,#3527,#2239,.T.);
#4774=EDGE_CURVE('',#3525,#3792,#2240,.T.);
#4775=EDGE_CURVE('',#3792,#3793,#519,.T.);
#4776=EDGE_CURVE('',#3793,#3794,#2241,.T.);
#4777=EDGE_CURVE('',#3794,#3795,#520,.T.);
#4778=EDGE_CURVE('',#3795,#3796,#2242,.T.);
#4779=EDGE_CURVE('',#3796,#3797,#521,.T.);
#4780=EDGE_CURVE('',#3797,#3798,#2243,.T.);
#4781=EDGE_CURVE('',#3798,#3799,#522,.T.);
#4782=EDGE_CURVE('',#3799,#3523,#2244,.T.);
#4783=EDGE_CURVE('',#3795,#3800,#2245,.T.);
#4784=EDGE_CURVE('',#3800,#3801,#2246,.T.);
#4785=EDGE_CURVE('',#3796,#3801,#2247,.T.);
#4786=EDGE_CURVE('',#3794,#3802,#2248,.T.);
#4787=EDGE_CURVE('',#3802,#3800,#523,.T.);
#4788=EDGE_CURVE('',#3793,#3803,#2249,.T.);
#4789=EDGE_CURVE('',#3803,#3802,#2250,.T.);
#4790=EDGE_CURVE('',#3792,#3804,#2251,.T.);
#4791=EDGE_CURVE('',#3804,#3803,#524,.T.);
#4792=EDGE_CURVE('',#3799,#3805,#2252,.T.);
#4793=EDGE_CURVE('',#3805,#3804,#2253,.T.);
#4794=EDGE_CURVE('',#3798,#3806,#2254,.T.);
#4795=EDGE_CURVE('',#3806,#3805,#525,.T.);
#4796=EDGE_CURVE('',#3797,#3807,#2255,.T.);
#4797=EDGE_CURVE('',#3807,#3806,#2256,.T.);
#4798=EDGE_CURVE('',#3801,#3807,#526,.T.);
#4799=EDGE_CURVE('',#3785,#3808,#2257,.T.);
#4800=EDGE_CURVE('',#3808,#3809,#2258,.T.);
#4801=EDGE_CURVE('',#3786,#3809,#2259,.T.);
#4802=EDGE_CURVE('',#3784,#3810,#2260,.T.);
#4803=EDGE_CURVE('',#3810,#3808,#527,.T.);
#4804=EDGE_CURVE('',#3791,#3811,#2261,.T.);
#4805=EDGE_CURVE('',#3811,#3810,#2262,.T.);
#4806=EDGE_CURVE('',#3790,#3812,#2263,.T.);
#4807=EDGE_CURVE('',#3812,#3811,#528,.T.);
#4808=EDGE_CURVE('',#3789,#3813,#2264,.T.);
#4809=EDGE_CURVE('',#3813,#3812,#2265,.T.);
#4810=EDGE_CURVE('',#3788,#3814,#2266,.T.);
#4811=EDGE_CURVE('',#3814,#3813,#529,.T.);
#4812=EDGE_CURVE('',#3787,#3815,#2267,.T.);
#4813=EDGE_CURVE('',#3815,#3814,#2268,.T.);
#4814=EDGE_CURVE('',#3809,#3815,#530,.T.);
#4815=EDGE_CURVE('',#3777,#3816,#2269,.T.);
#4816=EDGE_CURVE('',#3816,#3817,#2270,.T.);
#4817=EDGE_CURVE('',#3778,#3817,#2271,.T.);
#4818=EDGE_CURVE('',#3776,#3818,#2272,.T.);
#4819=EDGE_CURVE('',#3818,#3816,#531,.T.);
#4820=EDGE_CURVE('',#3783,#3819,#2273,.T.);
#4821=EDGE_CURVE('',#3819,#3818,#2274,.T.);
#4822=EDGE_CURVE('',#3782,#3820,#2275,.T.);
#4823=EDGE_CURVE('',#3820,#3819,#532,.T.);
#4824=EDGE_CURVE('',#3781,#3821,#2276,.T.);
#4825=EDGE_CURVE('',#3821,#3820,#2277,.T.);
#4826=EDGE_CURVE('',#3780,#3822,#2278,.T.);
#4827=EDGE_CURVE('',#3822,#3821,#533,.T.);
#4828=EDGE_CURVE('',#3779,#3823,#2279,.T.);
#4829=EDGE_CURVE('',#3823,#3822,#2280,.T.);
#4830=EDGE_CURVE('',#3817,#3823,#534,.T.);
#4831=EDGE_CURVE('',#3771,#3824,#2281,.T.);
#4832=EDGE_CURVE('',#3824,#3825,#2282,.T.);
#4833=EDGE_CURVE('',#3772,#3825,#2283,.T.);
#4834=EDGE_CURVE('',#3770,#3826,#2284,.T.);
#4835=EDGE_CURVE('',#3826,#3824,#535,.T.);
#4836=EDGE_CURVE('',#3769,#3827,#2285,.T.);
#4837=EDGE_CURVE('',#3827,#3826,#2286,.T.);
#4838=EDGE_CURVE('',#3768,#3828,#2287,.T.);
#4839=EDGE_CURVE('',#3828,#3827,#536,.T.);
#4840=EDGE_CURVE('',#3775,#3829,#2288,.T.);
#4841=EDGE_CURVE('',#3829,#3828,#2289,.T.);
#4842=EDGE_CURVE('',#3774,#3830,#2290,.T.);
#4843=EDGE_CURVE('',#3830,#3829,#537,.T.);
#4844=EDGE_CURVE('',#3773,#3831,#2291,.T.);
#4845=EDGE_CURVE('',#3831,#3830,#2292,.T.);
#4846=EDGE_CURVE('',#3825,#3831,#538,.T.);
#4847=EDGE_CURVE('',#3761,#3832,#2293,.T.);
#4848=EDGE_CURVE('',#3832,#3833,#2294,.T.);
#4849=EDGE_CURVE('',#3762,#3833,#2295,.T.);
#4850=EDGE_CURVE('',#3760,#3834,#2296,.T.);
#4851=EDGE_CURVE('',#3834,#3832,#539,.T.);
#4852=EDGE_CURVE('',#3767,#3835,#2297,.T.);
#4853=EDGE_CURVE('',#3835,#3834,#2298,.T.);
#4854=EDGE_CURVE('',#3766,#3836,#2299,.T.);
#4855=EDGE_CURVE('',#3836,#3835,#540,.T.);
#4856=EDGE_CURVE('',#3765,#3837,#2300,.T.);
#4857=EDGE_CURVE('',#3837,#3836,#2301,.T.);
#4858=EDGE_CURVE('',#3764,#3838,#2302,.T.);
#4859=EDGE_CURVE('',#3838,#3837,#541,.T.);
#4860=EDGE_CURVE('',#3763,#3839,#2303,.T.);
#4861=EDGE_CURVE('',#3839,#3838,#2304,.T.);
#4862=EDGE_CURVE('',#3833,#3839,#542,.T.);
#4863=EDGE_CURVE('',#3755,#3840,#2305,.T.);
#4864=EDGE_CURVE('',#3840,#3841,#2306,.T.);
#4865=EDGE_CURVE('',#3756,#3841,#2307,.T.);
#4866=EDGE_CURVE('',#3754,#3842,#2308,.T.);
#4867=EDGE_CURVE('',#3842,#3840,#543,.T.);
#4868=EDGE_CURVE('',#3753,#3843,#2309,.T.);
#4869=EDGE_CURVE('',#3843,#3842,#2310,.T.);
#4870=EDGE_CURVE('',#3752,#3844,#2311,.T.);
#4871=EDGE_CURVE('',#3844,#3843,#544,.T.);
#4872=EDGE_CURVE('',#3759,#3845,#2312,.T.);
#4873=EDGE_CURVE('',#3845,#3844,#2313,.T.);
#4874=EDGE_CURVE('',#3758,#3846,#2314,.T.);
#4875=EDGE_CURVE('',#3846,#3845,#545,.T.);
#4876=EDGE_CURVE('',#3757,#3847,#2315,.T.);
#4877=EDGE_CURVE('',#3847,#3846,#2316,.T.);
#4878=EDGE_CURVE('',#3841,#3847,#546,.T.);
#4879=EDGE_CURVE('',#3746,#3848,#2317,.T.);
#4880=EDGE_CURVE('',#3848,#3849,#547,.T.);
#4881=EDGE_CURVE('',#3747,#3849,#2318,.T.);
#4882=EDGE_CURVE('',#3745,#3850,#2319,.T.);
#4883=EDGE_CURVE('',#3850,#3848,#2320,.T.);
#4884=EDGE_CURVE('',#3744,#3851,#2321,.T.);
#4885=EDGE_CURVE('',#3851,#3850,#548,.T.);
#4886=EDGE_CURVE('',#3751,#3852,#2322,.T.);
#4887=EDGE_CURVE('',#3852,#3851,#2323,.T.);
#4888=EDGE_CURVE('',#3750,#3853,#2324,.T.);
#4889=EDGE_CURVE('',#3853,#3852,#549,.T.);
#4890=EDGE_CURVE('',#3749,#3854,#2325,.T.);
#4891=EDGE_CURVE('',#3854,#3853,#2326,.T.);
#4892=EDGE_CURVE('',#3748,#3855,#2327,.T.);
#4893=EDGE_CURVE('',#3855,#3854,#550,.T.);
#4894=EDGE_CURVE('',#3849,#3855,#2328,.T.);
#4895=EDGE_CURVE('',#3743,#3856,#2329,.T.);
#4896=EDGE_CURVE('',#3856,#3857,#2330,.T.);
#4897=EDGE_CURVE('',#3736,#3857,#2331,.T.);
#4898=EDGE_CURVE('',#3742,#3858,#2332,.T.);
#4899=EDGE_CURVE('',#3858,#3856,#551,.T.);
#4900=EDGE_CURVE('',#3741,#3859,#2333,.T.);
#4901=EDGE_CURVE('',#3859,#3858,#2334,.T.);
#4902=EDGE_CURVE('',#3740,#3860,#2335,.T.);
#4903=EDGE_CURVE('',#3860,#3859,#552,.T.);
#4904=EDGE_CURVE('',#3739,#3861,#2336,.T.);
#4905=EDGE_CURVE('',#3861,#3860,#2337,.T.);
#4906=EDGE_CURVE('',#3738,#3862,#2338,.T.);
#4907=EDGE_CURVE('',#3862,#3861,#553,.T.);
#4908=EDGE_CURVE('',#3737,#3863,#2339,.T.);
#4909=EDGE_CURVE('',#3863,#3862,#2340,.T.);
#4910=EDGE_CURVE('',#3857,#3863,#554,.T.);
#4911=EDGE_CURVE('',#3729,#3864,#2341,.T.);
#4912=EDGE_CURVE('',#3864,#3865,#2342,.T.);
#4913=EDGE_CURVE('',#3730,#3865,#2343,.T.);
#4914=EDGE_CURVE('',#3728,#3866,#2344,.T.);
#4915=EDGE_CURVE('',#3866,#3864,#555,.T.);
#4916=EDGE_CURVE('',#3735,#3867,#2345,.T.);
#4917=EDGE_CURVE('',#3867,#3866,#2346,.T.);
#4918=EDGE_CURVE('',#3734,#3868,#2347,.T.);
#4919=EDGE_CURVE('',#3868,#3867,#556,.T.);
#4920=EDGE_CURVE('',#3733,#3869,#2348,.T.);
#4921=EDGE_CURVE('',#3869,#3868,#2349,.T.);
#4922=EDGE_CURVE('',#3732,#3870,#2350,.T.);
#4923=EDGE_CURVE('',#3870,#3869,#557,.T.);
#4924=EDGE_CURVE('',#3731,#3871,#2351,.T.);
#4925=EDGE_CURVE('',#3871,#3870,#2352,.T.);
#4926=EDGE_CURVE('',#3865,#3871,#558,.T.);
#4927=EDGE_CURVE('',#3727,#3872,#2353,.T.);
#4928=EDGE_CURVE('',#3872,#3873,#2354,.T.);
#4929=EDGE_CURVE('',#3720,#3873,#2355,.T.);
#4930=EDGE_CURVE('',#3726,#3874,#2356,.T.);
#4931=EDGE_CURVE('',#3874,#3872,#559,.T.);
#4932=EDGE_CURVE('',#3725,#3875,#2357,.T.);
#4933=EDGE_CURVE('',#3875,#3874,#2358,.T.);
#4934=EDGE_CURVE('',#3724,#3876,#2359,.T.);
#4935=EDGE_CURVE('',#3876,#3875,#560,.T.);
#4936=EDGE_CURVE('',#3723,#3877,#2360,.T.);
#4937=EDGE_CURVE('',#3877,#3876,#2361,.T.);
#4938=EDGE_CURVE('',#3722,#3878,#2362,.T.);
#4939=EDGE_CURVE('',#3878,#3877,#561,.T.);
#4940=EDGE_CURVE('',#3721,#3879,#2363,.T.);
#4941=EDGE_CURVE('',#3879,#3878,#2364,.T.);
#4942=EDGE_CURVE('',#3873,#3879,#562,.T.);
#4943=EDGE_CURVE('',#3715,#3880,#2365,.T.);
#4944=EDGE_CURVE('',#3880,#3881,#2366,.T.);
#4945=EDGE_CURVE('',#3716,#3881,#2367,.T.);
#4946=EDGE_CURVE('',#3714,#3882,#2368,.T.);
#4947=EDGE_CURVE('',#3882,#3880,#563,.T.);
#4948=EDGE_CURVE('',#3713,#3883,#2369,.T.);
#4949=EDGE_CURVE('',#3883,#3882,#2370,.T.);
#4950=EDGE_CURVE('',#3712,#3884,#2371,.T.);
#4951=EDGE_CURVE('',#3884,#3883,#564,.T.);
#4952=EDGE_CURVE('',#3719,#3885,#2372,.T.);
#4953=EDGE_CURVE('',#3885,#3884,#2373,.T.);
#4954=EDGE_CURVE('',#3718,#3886,#2374,.T.);
#4955=EDGE_CURVE('',#3886,#3885,#565,.T.);
#4956=EDGE_CURVE('',#3717,#3887,#2375,.T.);
#4957=EDGE_CURVE('',#3887,#3886,#2376,.T.);
#4958=EDGE_CURVE('',#3881,#3887,#566,.T.);
#4959=EDGE_CURVE('',#3711,#3888,#2377,.T.);
#4960=EDGE_CURVE('',#3888,#3889,#2378,.T.);
#4961=EDGE_CURVE('',#3704,#3889,#2379,.T.);
#4962=EDGE_CURVE('',#3710,#3890,#2380,.T.);
#4963=EDGE_CURVE('',#3890,#3888,#567,.T.);
#4964=EDGE_CURVE('',#3709,#3891,#2381,.T.);
#4965=EDGE_CURVE('',#3891,#3890,#2382,.T.);
#4966=EDGE_CURVE('',#3708,#3892,#2383,.T.);
#4967=EDGE_CURVE('',#3892,#3891,#568,.T.);
#4968=EDGE_CURVE('',#3707,#3893,#2384,.T.);
#4969=EDGE_CURVE('',#3893,#3892,#2385,.T.);
#4970=EDGE_CURVE('',#3706,#3894,#2386,.T.);
#4971=EDGE_CURVE('',#3894,#3893,#569,.T.);
#4972=EDGE_CURVE('',#3705,#3895,#2387,.T.);
#4973=EDGE_CURVE('',#3895,#3894,#2388,.T.);
#4974=EDGE_CURVE('',#3889,#3895,#570,.T.);
#4975=EDGE_CURVE('',#3697,#3896,#2389,.T.);
#4976=EDGE_CURVE('',#3896,#3897,#2390,.T.);
#4977=EDGE_CURVE('',#3698,#3897,#2391,.T.);
#4978=EDGE_CURVE('',#3696,#3898,#2392,.T.);
#4979=EDGE_CURVE('',#3898,#3896,#571,.T.);
#4980=EDGE_CURVE('',#3703,#3899,#2393,.T.);
#4981=EDGE_CURVE('',#3899,#3898,#2394,.T.);
#4982=EDGE_CURVE('',#3702,#3900,#2395,.T.);
#4983=EDGE_CURVE('',#3900,#3899,#572,.T.);
#4984=EDGE_CURVE('',#3701,#3901,#2396,.T.);
#4985=EDGE_CURVE('',#3901,#3900,#2397,.T.);
#4986=EDGE_CURVE('',#3700,#3902,#2398,.T.);
#4987=EDGE_CURVE('',#3902,#3901,#573,.T.);
#4988=EDGE_CURVE('',#3699,#3903,#2399,.T.);
#4989=EDGE_CURVE('',#3903,#3902,#2400,.T.);
#4990=EDGE_CURVE('',#3897,#3903,#574,.T.);
#4991=EDGE_CURVE('',#3688,#3904,#2401,.T.);
#4992=EDGE_CURVE('',#3904,#3905,#575,.T.);
#4993=EDGE_CURVE('',#3689,#3905,#2402,.T.);
#4994=EDGE_CURVE('',#3695,#3906,#2403,.T.);
#4995=EDGE_CURVE('',#3906,#3904,#2404,.T.);
#4996=EDGE_CURVE('',#3694,#3907,#2405,.T.);
#4997=EDGE_CURVE('',#3907,#3906,#576,.T.);
#4998=EDGE_CURVE('',#3693,#3908,#2406,.T.);
#4999=EDGE_CURVE('',#3908,#3907,#2407,.T.);
#5000=EDGE_CURVE('',#3692,#3909,#2408,.T.);
#5001=EDGE_CURVE('',#3909,#3908,#577,.T.);
#5002=EDGE_CURVE('',#3691,#3910,#2409,.T.);
#5003=EDGE_CURVE('',#3910,#3909,#2410,.T.);
#5004=EDGE_CURVE('',#3690,#3911,#2411,.T.);
#5005=EDGE_CURVE('',#3911,#3910,#578,.T.);
#5006=EDGE_CURVE('',#3905,#3911,#2412,.T.);
#5007=EDGE_CURVE('',#3681,#3912,#2413,.T.);
#5008=EDGE_CURVE('',#3912,#3913,#2414,.T.);
#5009=EDGE_CURVE('',#3682,#3913,#2415,.T.);
#5010=EDGE_CURVE('',#3680,#3914,#2416,.T.);
#5011=EDGE_CURVE('',#3914,#3912,#579,.T.);
#5012=EDGE_CURVE('',#3687,#3915,#2417,.T.);
#5013=EDGE_CURVE('',#3915,#3914,#2418,.T.);
#5014=EDGE_CURVE('',#3686,#3916,#2419,.T.);
#5015=EDGE_CURVE('',#3916,#3915,#580,.T.);
#5016=EDGE_CURVE('',#3685,#3917,#2420,.T.);
#5017=EDGE_CURVE('',#3917,#3916,#2421,.T.);
#5018=EDGE_CURVE('',#3684,#3918,#2422,.T.);
#5019=EDGE_CURVE('',#3918,#3917,#581,.T.);
#5020=EDGE_CURVE('',#3683,#3919,#2423,.T.);
#5021=EDGE_CURVE('',#3919,#3918,#2424,.T.);
#5022=EDGE_CURVE('',#3913,#3919,#582,.T.);
#5023=EDGE_CURVE('',#3677,#3920,#2425,.T.);
#5024=EDGE_CURVE('',#3920,#3921,#2426,.T.);
#5025=EDGE_CURVE('',#3678,#3921,#2427,.T.);
#5026=EDGE_CURVE('',#3676,#3922,#2428,.T.);
#5027=EDGE_CURVE('',#3922,#3920,#583,.T.);
#5028=EDGE_CURVE('',#3675,#3923,#2429,.T.);
#5029=EDGE_CURVE('',#3923,#3922,#2430,.T.);
#5030=EDGE_CURVE('',#3674,#3924,#2431,.T.);
#5031=EDGE_CURVE('',#3924,#3923,#584,.T.);
#5032=EDGE_CURVE('',#3673,#3925,#2432,.T.);
#5033=EDGE_CURVE('',#3925,#3924,#2433,.T.);
#5034=EDGE_CURVE('',#3672,#3926,#2434,.T.);
#5035=EDGE_CURVE('',#3926,#3925,#585,.T.);
#5036=EDGE_CURVE('',#3679,#3927,#2435,.T.);
#5037=EDGE_CURVE('',#3927,#3926,#2436,.T.);
#5038=EDGE_CURVE('',#3921,#3927,#586,.T.);
#5039=EDGE_CURVE('',#3667,#3928,#2437,.T.);
#5040=EDGE_CURVE('',#3928,#3929,#2438,.T.);
#5041=EDGE_CURVE('',#3668,#3929,#2439,.T.);
#5042=EDGE_CURVE('',#3666,#3930,#2440,.T.);
#5043=EDGE_CURVE('',#3930,#3928,#587,.T.);
#5044=EDGE_CURVE('',#3665,#3931,#2441,.T.);
#5045=EDGE_CURVE('',#3931,#3930,#2442,.T.);
#5046=EDGE_CURVE('',#3664,#3932,#2443,.T.);
#5047=EDGE_CURVE('',#3932,#3931,#588,.T.);
#5048=EDGE_CURVE('',#3671,#3933,#2444,.T.);
#5049=EDGE_CURVE('',#3933,#3932,#2445,.T.);
#5050=EDGE_CURVE('',#3670,#3934,#2446,.T.);
#5051=EDGE_CURVE('',#3934,#3933,#589,.T.);
#5052=EDGE_CURVE('',#3669,#3935,#2447,.T.);
#5053=EDGE_CURVE('',#3935,#3934,#2448,.T.);
#5054=EDGE_CURVE('',#3929,#3935,#590,.T.);
#5055=EDGE_CURVE('',#3662,#3936,#2449,.T.);
#5056=EDGE_CURVE('',#3936,#3937,#591,.T.);
#5057=EDGE_CURVE('',#3663,#3937,#2450,.T.);
#5058=EDGE_CURVE('',#3661,#3938,#2451,.T.);
#5059=EDGE_CURVE('',#3938,#3936,#2452,.T.);
#5060=EDGE_CURVE('',#3660,#3939,#2453,.T.);
#5061=EDGE_CURVE('',#3939,#3938,#592,.T.);
#5062=EDGE_CURVE('',#3659,#3940,#2454,.T.);
#5063=EDGE_CURVE('',#3940,#3939,#2455,.T.);
#5064=EDGE_CURVE('',#3658,#3941,#2456,.T.);
#5065=EDGE_CURVE('',#3941,#3940,#593,.T.);
#5066=EDGE_CURVE('',#3657,#3942,#2457,.T.);
#5067=EDGE_CURVE('',#3942,#3941,#2458,.T.);
#5068=EDGE_CURVE('',#3656,#3943,#2459,.T.);
#5069=EDGE_CURVE('',#3943,#3942,#594,.T.);
#5070=EDGE_CURVE('',#3937,#3943,#2460,.T.);
#5071=EDGE_CURVE('',#3651,#3944,#2461,.T.);
#5072=EDGE_CURVE('',#3944,#3945,#2462,.T.);
#5073=EDGE_CURVE('',#3652,#3945,#2463,.T.);
#5074=EDGE_CURVE('',#3650,#3946,#2464,.T.);
#5075=EDGE_CURVE('',#3946,#3944,#595,.T.);
#5076=EDGE_CURVE('',#3649,#3947,#2465,.T.);
#5077=EDGE_CURVE('',#3947,#3946,#2466,.T.);
#5078=EDGE_CURVE('',#3648,#3948,#2467,.T.);
#5079=EDGE_CURVE('',#3948,#3947,#596,.T.);
#5080=EDGE_CURVE('',#3655,#3949,#2468,.T.);
#5081=EDGE_CURVE('',#3949,#3948,#2469,.T.);
#5082=EDGE_CURVE('',#3654,#3950,#2470,.T.);
#5083=EDGE_CURVE('',#3950,#3949,#597,.T.);
#5084=EDGE_CURVE('',#3653,#3951,#2471,.T.);
#5085=EDGE_CURVE('',#3951,#3950,#2472,.T.);
#5086=EDGE_CURVE('',#3945,#3951,#598,.T.);
#5087=EDGE_CURVE('',#3641,#3952,#2473,.T.);
#5088=EDGE_CURVE('',#3952,#3953,#2474,.T.);
#5089=EDGE_CURVE('',#3642,#3953,#2475,.T.);
#5090=EDGE_CURVE('',#3640,#3954,#2476,.T.);
#5091=EDGE_CURVE('',#3954,#3952,#599,.T.);
#5092=EDGE_CURVE('',#3647,#3955,#2477,.T.);
#5093=EDGE_CURVE('',#3955,#3954,#2478,.T.);
#5094=EDGE_CURVE('',#3646,#3956,#2479,.T.);
#5095=EDGE_CURVE('',#3956,#3955,#600,.T.);
#5096=EDGE_CURVE('',#3645,#3957,#2480,.T.);
#5097=EDGE_CURVE('',#3957,#3956,#2481,.T.);
#5098=EDGE_CURVE('',#3644,#3958,#2482,.T.);
#5099=EDGE_CURVE('',#3958,#3957,#601,.T.);
#5100=EDGE_CURVE('',#3643,#3959,#2483,.T.);
#5101=EDGE_CURVE('',#3959,#3958,#2484,.T.);
#5102=EDGE_CURVE('',#3953,#3959,#602,.T.);
#5103=EDGE_CURVE('',#3632,#3960,#2485,.T.);
#5104=EDGE_CURVE('',#3960,#3961,#603,.T.);
#5105=EDGE_CURVE('',#3633,#3961,#2486,.T.);
#5106=EDGE_CURVE('',#3639,#3962,#2487,.T.);
#5107=EDGE_CURVE('',#3962,#3960,#2488,.T.);
#5108=EDGE_CURVE('',#3638,#3963,#2489,.T.);
#5109=EDGE_CURVE('',#3963,#3962,#604,.T.);
#5110=EDGE_CURVE('',#3637,#3964,#2490,.T.);
#5111=EDGE_CURVE('',#3964,#3963,#2491,.T.);
#5112=EDGE_CURVE('',#3636,#3965,#2492,.T.);
#5113=EDGE_CURVE('',#3965,#3964,#605,.T.);
#5114=EDGE_CURVE('',#3635,#3966,#2493,.T.);
#5115=EDGE_CURVE('',#3966,#3965,#2494,.T.);
#5116=EDGE_CURVE('',#3634,#3967,#2495,.T.);
#5117=EDGE_CURVE('',#3967,#3966,#606,.T.);
#5118=EDGE_CURVE('',#3961,#3967,#2496,.T.);
#5119=EDGE_CURVE('',#3624,#3968,#2497,.T.);
#5120=EDGE_CURVE('',#3968,#3969,#607,.T.);
#5121=EDGE_CURVE('',#3625,#3969,#2498,.T.);
#5122=EDGE_CURVE('',#3631,#3970,#2499,.T.);
#5123=EDGE_CURVE('',#3970,#3968,#2500,.T.);
#5124=EDGE_CURVE('',#3630,#3971,#2501,.T.);
#5125=EDGE_CURVE('',#3971,#3970,#608,.T.);
#5126=EDGE_CURVE('',#3629,#3972,#2502,.T.);
#5127=EDGE_CURVE('',#3972,#3971,#2503,.T.);
#5128=EDGE_CURVE('',#3628,#3973,#2504,.T.);
#5129=EDGE_CURVE('',#3973,#3972,#609,.T.);
#5130=EDGE_CURVE('',#3627,#3974,#2505,.T.);
#5131=EDGE_CURVE('',#3974,#3973,#2506,.T.);
#5132=EDGE_CURVE('',#3626,#3975,#2507,.T.);
#5133=EDGE_CURVE('',#3975,#3974,#610,.T.);
#5134=EDGE_CURVE('',#3969,#3975,#2508,.T.);
#5135=EDGE_CURVE('',#3623,#3976,#2509,.T.);
#5136=EDGE_CURVE('',#3976,#3977,#2510,.T.);
#5137=EDGE_CURVE('',#3616,#3977,#2511,.T.);
#5138=EDGE_CURVE('',#3622,#3978,#2512,.T.);
#5139=EDGE_CURVE('',#3978,#3976,#611,.T.);
#5140=EDGE_CURVE('',#3621,#3979,#2513,.T.);
#5141=EDGE_CURVE('',#3979,#3978,#2514,.T.);
#5142=EDGE_CURVE('',#3620,#3980,#2515,.T.);
#5143=EDGE_CURVE('',#3980,#3979,#612,.T.);
#5144=EDGE_CURVE('',#3619,#3981,#2516,.T.);
#5145=EDGE_CURVE('',#3981,#3980,#2517,.T.);
#5146=EDGE_CURVE('',#3618,#3982,#2518,.T.);
#5147=EDGE_CURVE('',#3982,#3981,#613,.T.);
#5148=EDGE_CURVE('',#3617,#3983,#2519,.T.);
#5149=EDGE_CURVE('',#3983,#3982,#2520,.T.);
#5150=EDGE_CURVE('',#3977,#3983,#614,.T.);
#5151=EDGE_CURVE('',#3614,#3984,#2521,.T.);
#5152=EDGE_CURVE('',#3984,#3984,#615,.T.);
#5153=EDGE_CURVE('',#3615,#3985,#2522,.T.);
#5154=EDGE_CURVE('',#3985,#3985,#616,.T.);
#5155=EDGE_CURVE('',#3986,#3986,#617,.T.);
#5156=EDGE_CURVE('',#3986,#3987,#2523,.T.);
#5157=EDGE_CURVE('',#3987,#3987,#618,.T.);
#5158=ORIENTED_EDGE('',*,*,#3988,.F.);
#5159=ORIENTED_EDGE('',*,*,#3989,.F.);
#5160=ORIENTED_EDGE('',*,*,#3990,.F.);
#5161=ORIENTED_EDGE('',*,*,#3991,.T.);
#5162=ORIENTED_EDGE('',*,*,#3992,.F.);
#5163=ORIENTED_EDGE('',*,*,#3991,.F.);
#5164=ORIENTED_EDGE('',*,*,#3993,.F.);
#5165=ORIENTED_EDGE('',*,*,#3994,.T.);
#5166=ORIENTED_EDGE('',*,*,#3995,.F.);
#5167=ORIENTED_EDGE('',*,*,#3994,.F.);
#5168=ORIENTED_EDGE('',*,*,#3996,.F.);
#5169=ORIENTED_EDGE('',*,*,#3997,.T.);
#5170=ORIENTED_EDGE('',*,*,#3998,.F.);
#5171=ORIENTED_EDGE('',*,*,#3997,.F.);
#5172=ORIENTED_EDGE('',*,*,#3999,.F.);
#5173=ORIENTED_EDGE('',*,*,#4000,.T.);
#5174=ORIENTED_EDGE('',*,*,#4001,.F.);
#5175=ORIENTED_EDGE('',*,*,#4000,.F.);
#5176=ORIENTED_EDGE('',*,*,#4002,.F.);
#5177=ORIENTED_EDGE('',*,*,#4003,.T.);
#5178=ORIENTED_EDGE('',*,*,#4004,.F.);
#5179=ORIENTED_EDGE('',*,*,#4003,.F.);
#5180=ORIENTED_EDGE('',*,*,#4005,.F.);
#5181=ORIENTED_EDGE('',*,*,#4006,.T.);
#5182=ORIENTED_EDGE('',*,*,#4007,.F.);
#5183=ORIENTED_EDGE('',*,*,#4006,.F.);
#5184=ORIENTED_EDGE('',*,*,#4008,.F.);
#5185=ORIENTED_EDGE('',*,*,#4009,.T.);
#5186=ORIENTED_EDGE('',*,*,#4010,.F.);
#5187=ORIENTED_EDGE('',*,*,#4009,.F.);
#5188=ORIENTED_EDGE('',*,*,#4011,.F.);
#5189=ORIENTED_EDGE('',*,*,#4012,.T.);
#5190=ORIENTED_EDGE('',*,*,#4013,.F.);
#5191=ORIENTED_EDGE('',*,*,#4012,.F.);
#5192=ORIENTED_EDGE('',*,*,#4014,.F.);
#5193=ORIENTED_EDGE('',*,*,#4015,.T.);
#5194=ORIENTED_EDGE('',*,*,#4016,.F.);
#5195=ORIENTED_EDGE('',*,*,#4015,.F.);
#5196=ORIENTED_EDGE('',*,*,#4017,.F.);
#5197=ORIENTED_EDGE('',*,*,#4018,.T.);
#5198=ORIENTED_EDGE('',*,*,#4019,.F.);
#5199=ORIENTED_EDGE('',*,*,#4018,.F.);
#5200=ORIENTED_EDGE('',*,*,#4020,.F.);
#5201=ORIENTED_EDGE('',*,*,#4021,.T.);
#5202=ORIENTED_EDGE('',*,*,#4022,.F.);
#5203=ORIENTED_EDGE('',*,*,#4021,.F.);
#5204=ORIENTED_EDGE('',*,*,#4023,.F.);
#5205=ORIENTED_EDGE('',*,*,#4024,.T.);
#5206=ORIENTED_EDGE('',*,*,#4025,.F.);
#5207=ORIENTED_EDGE('',*,*,#4024,.F.);
#5208=ORIENTED_EDGE('',*,*,#4026,.F.);
#5209=ORIENTED_EDGE('',*,*,#4027,.T.);
#5210=ORIENTED_EDGE('',*,*,#4028,.F.);
#5211=ORIENTED_EDGE('',*,*,#4027,.F.);
#5212=ORIENTED_EDGE('',*,*,#4029,.F.);
#5213=ORIENTED_EDGE('',*,*,#3989,.T.);
#5214=ORIENTED_EDGE('',*,*,#4030,.F.);
#5215=ORIENTED_EDGE('',*,*,#4031,.F.);
#5216=ORIENTED_EDGE('',*,*,#4032,.F.);
#5217=ORIENTED_EDGE('',*,*,#4033,.T.);
#5218=ORIENTED_EDGE('',*,*,#4034,.F.);
#5219=ORIENTED_EDGE('',*,*,#4033,.F.);
#5220=ORIENTED_EDGE('',*,*,#4035,.F.);
#5221=ORIENTED_EDGE('',*,*,#4036,.T.);
#5222=ORIENTED_EDGE('',*,*,#4037,.F.);
#5223=ORIENTED_EDGE('',*,*,#4036,.F.);
#5224=ORIENTED_EDGE('',*,*,#4038,.F.);
#5225=ORIENTED_EDGE('',*,*,#4039,.T.);
#5226=ORIENTED_EDGE('',*,*,#4040,.F.);
#5227=ORIENTED_EDGE('',*,*,#4039,.F.);
#5228=ORIENTED_EDGE('',*,*,#4041,.F.);
#5229=ORIENTED_EDGE('',*,*,#4042,.T.);
#5230=ORIENTED_EDGE('',*,*,#4043,.F.);
#5231=ORIENTED_EDGE('',*,*,#4042,.F.);
#5232=ORIENTED_EDGE('',*,*,#4044,.F.);
#5233=ORIENTED_EDGE('',*,*,#4045,.T.);
#5234=ORIENTED_EDGE('',*,*,#4046,.F.);
#5235=ORIENTED_EDGE('',*,*,#4045,.F.);
#5236=ORIENTED_EDGE('',*,*,#4047,.F.);
#5237=ORIENTED_EDGE('',*,*,#4048,.T.);
#5238=ORIENTED_EDGE('',*,*,#4049,.F.);
#5239=ORIENTED_EDGE('',*,*,#4048,.F.);
#5240=ORIENTED_EDGE('',*,*,#4050,.F.);
#5241=ORIENTED_EDGE('',*,*,#4051,.T.);
#5242=ORIENTED_EDGE('',*,*,#4052,.F.);
#5243=ORIENTED_EDGE('',*,*,#4051,.F.);
#5244=ORIENTED_EDGE('',*,*,#4053,.F.);
#5245=ORIENTED_EDGE('',*,*,#4054,.T.);
#5246=ORIENTED_EDGE('',*,*,#4055,.F.);
#5247=ORIENTED_EDGE('',*,*,#4054,.F.);
#5248=ORIENTED_EDGE('',*,*,#4056,.F.);
#5249=ORIENTED_EDGE('',*,*,#4057,.T.);
#5250=ORIENTED_EDGE('',*,*,#4058,.F.);
#5251=ORIENTED_EDGE('',*,*,#4057,.F.);
#5252=ORIENTED_EDGE('',*,*,#4059,.F.);
#5253=ORIENTED_EDGE('',*,*,#4060,.T.);
#5254=ORIENTED_EDGE('',*,*,#4061,.F.);
#5255=ORIENTED_EDGE('',*,*,#4060,.F.);
#5256=ORIENTED_EDGE('',*,*,#4062,.F.);
#5257=ORIENTED_EDGE('',*,*,#4063,.T.);
#5258=ORIENTED_EDGE('',*,*,#4064,.F.);
#5259=ORIENTED_EDGE('',*,*,#4063,.F.);
#5260=ORIENTED_EDGE('',*,*,#4065,.F.);
#5261=ORIENTED_EDGE('',*,*,#4066,.T.);
#5262=ORIENTED_EDGE('',*,*,#4067,.F.);
#5263=ORIENTED_EDGE('',*,*,#4066,.F.);
#5264=ORIENTED_EDGE('',*,*,#4068,.F.);
#5265=ORIENTED_EDGE('',*,*,#4069,.T.);
#5266=ORIENTED_EDGE('',*,*,#4070,.F.);
#5267=ORIENTED_EDGE('',*,*,#4069,.F.);
#5268=ORIENTED_EDGE('',*,*,#4071,.F.);
#5269=ORIENTED_EDGE('',*,*,#4031,.T.);
#5270=ORIENTED_EDGE('',*,*,#4072,.F.);
#5271=ORIENTED_EDGE('',*,*,#4073,.F.);
#5272=ORIENTED_EDGE('',*,*,#4074,.F.);
#5273=ORIENTED_EDGE('',*,*,#4075,.T.);
#5274=ORIENTED_EDGE('',*,*,#4076,.F.);
#5275=ORIENTED_EDGE('',*,*,#4075,.F.);
#5276=ORIENTED_EDGE('',*,*,#4077,.F.);
#5277=ORIENTED_EDGE('',*,*,#4078,.T.);
#5278=ORIENTED_EDGE('',*,*,#4079,.F.);
#5279=ORIENTED_EDGE('',*,*,#4078,.F.);
#5280=ORIENTED_EDGE('',*,*,#4080,.F.);
#5281=ORIENTED_EDGE('',*,*,#4081,.T.);
#5282=ORIENTED_EDGE('',*,*,#4082,.F.);
#5283=ORIENTED_EDGE('',*,*,#4081,.F.);
#5284=ORIENTED_EDGE('',*,*,#4083,.F.);
#5285=ORIENTED_EDGE('',*,*,#4084,.T.);
#5286=ORIENTED_EDGE('',*,*,#4085,.F.);
#5287=ORIENTED_EDGE('',*,*,#4084,.F.);
#5288=ORIENTED_EDGE('',*,*,#4086,.F.);
#5289=ORIENTED_EDGE('',*,*,#4087,.T.);
#5290=ORIENTED_EDGE('',*,*,#4088,.F.);
#5291=ORIENTED_EDGE('',*,*,#4087,.F.);
#5292=ORIENTED_EDGE('',*,*,#4089,.F.);
#5293=ORIENTED_EDGE('',*,*,#4090,.T.);
#5294=ORIENTED_EDGE('',*,*,#4091,.F.);
#5295=ORIENTED_EDGE('',*,*,#4090,.F.);
#5296=ORIENTED_EDGE('',*,*,#4092,.F.);
#5297=ORIENTED_EDGE('',*,*,#4093,.T.);
#5298=ORIENTED_EDGE('',*,*,#4094,.F.);
#5299=ORIENTED_EDGE('',*,*,#4093,.F.);
#5300=ORIENTED_EDGE('',*,*,#4095,.F.);
#5301=ORIENTED_EDGE('',*,*,#4096,.T.);
#5302=ORIENTED_EDGE('',*,*,#4097,.F.);
#5303=ORIENTED_EDGE('',*,*,#4096,.F.);
#5304=ORIENTED_EDGE('',*,*,#4098,.F.);
#5305=ORIENTED_EDGE('',*,*,#4099,.T.);
#5306=ORIENTED_EDGE('',*,*,#4100,.F.);
#5307=ORIENTED_EDGE('',*,*,#4099,.F.);
#5308=ORIENTED_EDGE('',*,*,#4101,.F.);
#5309=ORIENTED_EDGE('',*,*,#4102,.T.);
#5310=ORIENTED_EDGE('',*,*,#4103,.F.);
#5311=ORIENTED_EDGE('',*,*,#4102,.F.);
#5312=ORIENTED_EDGE('',*,*,#4104,.F.);
#5313=ORIENTED_EDGE('',*,*,#4105,.T.);
#5314=ORIENTED_EDGE('',*,*,#4106,.F.);
#5315=ORIENTED_EDGE('',*,*,#4105,.F.);
#5316=ORIENTED_EDGE('',*,*,#4107,.F.);
#5317=ORIENTED_EDGE('',*,*,#4108,.T.);
#5318=ORIENTED_EDGE('',*,*,#4109,.F.);
#5319=ORIENTED_EDGE('',*,*,#4108,.F.);
#5320=ORIENTED_EDGE('',*,*,#4110,.F.);
#5321=ORIENTED_EDGE('',*,*,#4111,.T.);
#5322=ORIENTED_EDGE('',*,*,#4112,.F.);
#5323=ORIENTED_EDGE('',*,*,#4111,.F.);
#5324=ORIENTED_EDGE('',*,*,#4113,.F.);
#5325=ORIENTED_EDGE('',*,*,#4073,.T.);
#5326=ORIENTED_EDGE('',*,*,#4114,.F.);
#5327=ORIENTED_EDGE('',*,*,#4115,.F.);
#5328=ORIENTED_EDGE('',*,*,#4116,.F.);
#5329=ORIENTED_EDGE('',*,*,#4117,.T.);
#5330=ORIENTED_EDGE('',*,*,#4118,.F.);
#5331=ORIENTED_EDGE('',*,*,#4117,.F.);
#5332=ORIENTED_EDGE('',*,*,#4119,.F.);
#5333=ORIENTED_EDGE('',*,*,#4120,.T.);
#5334=ORIENTED_EDGE('',*,*,#4121,.F.);
#5335=ORIENTED_EDGE('',*,*,#4120,.F.);
#5336=ORIENTED_EDGE('',*,*,#4122,.F.);
#5337=ORIENTED_EDGE('',*,*,#4123,.T.);
#5338=ORIENTED_EDGE('',*,*,#4124,.F.);
#5339=ORIENTED_EDGE('',*,*,#4123,.F.);
#5340=ORIENTED_EDGE('',*,*,#4125,.F.);
#5341=ORIENTED_EDGE('',*,*,#4126,.T.);
#5342=ORIENTED_EDGE('',*,*,#4127,.F.);
#5343=ORIENTED_EDGE('',*,*,#4126,.F.);
#5344=ORIENTED_EDGE('',*,*,#4128,.F.);
#5345=ORIENTED_EDGE('',*,*,#4129,.T.);
#5346=ORIENTED_EDGE('',*,*,#4130,.F.);
#5347=ORIENTED_EDGE('',*,*,#4129,.F.);
#5348=ORIENTED_EDGE('',*,*,#4131,.F.);
#5349=ORIENTED_EDGE('',*,*,#4132,.T.);
#5350=ORIENTED_EDGE('',*,*,#4133,.F.);
#5351=ORIENTED_EDGE('',*,*,#4132,.F.);
#5352=ORIENTED_EDGE('',*,*,#4134,.F.);
#5353=ORIENTED_EDGE('',*,*,#4135,.T.);
#5354=ORIENTED_EDGE('',*,*,#4136,.F.);
#5355=ORIENTED_EDGE('',*,*,#4135,.F.);
#5356=ORIENTED_EDGE('',*,*,#4137,.F.);
#5357=ORIENTED_EDGE('',*,*,#4138,.T.);
#5358=ORIENTED_EDGE('',*,*,#4139,.F.);
#5359=ORIENTED_EDGE('',*,*,#4138,.F.);
#5360=ORIENTED_EDGE('',*,*,#4140,.F.);
#5361=ORIENTED_EDGE('',*,*,#4141,.T.);
#5362=ORIENTED_EDGE('',*,*,#4142,.F.);
#5363=ORIENTED_EDGE('',*,*,#4141,.F.);
#5364=ORIENTED_EDGE('',*,*,#4143,.F.);
#5365=ORIENTED_EDGE('',*,*,#4144,.T.);
#5366=ORIENTED_EDGE('',*,*,#4145,.F.);
#5367=ORIENTED_EDGE('',*,*,#4144,.F.);
#5368=ORIENTED_EDGE('',*,*,#4146,.F.);
#5369=ORIENTED_EDGE('',*,*,#4147,.T.);
#5370=ORIENTED_EDGE('',*,*,#4148,.F.);
#5371=ORIENTED_EDGE('',*,*,#4147,.F.);
#5372=ORIENTED_EDGE('',*,*,#4149,.F.);
#5373=ORIENTED_EDGE('',*,*,#4150,.T.);
#5374=ORIENTED_EDGE('',*,*,#4151,.F.);
#5375=ORIENTED_EDGE('',*,*,#4150,.F.);
#5376=ORIENTED_EDGE('',*,*,#4152,.F.);
#5377=ORIENTED_EDGE('',*,*,#4153,.T.);
#5378=ORIENTED_EDGE('',*,*,#4154,.F.);
#5379=ORIENTED_EDGE('',*,*,#4153,.F.);
#5380=ORIENTED_EDGE('',*,*,#4155,.F.);
#5381=ORIENTED_EDGE('',*,*,#4115,.T.);
#5382=ORIENTED_EDGE('',*,*,#4156,.F.);
#5383=ORIENTED_EDGE('',*,*,#4157,.F.);
#5384=ORIENTED_EDGE('',*,*,#4158,.F.);
#5385=ORIENTED_EDGE('',*,*,#4159,.T.);
#5386=ORIENTED_EDGE('',*,*,#4160,.F.);
#5387=ORIENTED_EDGE('',*,*,#4159,.F.);
#5388=ORIENTED_EDGE('',*,*,#4161,.F.);
#5389=ORIENTED_EDGE('',*,*,#4162,.T.);
#5390=ORIENTED_EDGE('',*,*,#4163,.F.);
#5391=ORIENTED_EDGE('',*,*,#4162,.F.);
#5392=ORIENTED_EDGE('',*,*,#4164,.F.);
#5393=ORIENTED_EDGE('',*,*,#4165,.T.);
#5394=ORIENTED_EDGE('',*,*,#4166,.F.);
#5395=ORIENTED_EDGE('',*,*,#4165,.F.);
#5396=ORIENTED_EDGE('',*,*,#4167,.F.);
#5397=ORIENTED_EDGE('',*,*,#4168,.T.);
#5398=ORIENTED_EDGE('',*,*,#4169,.F.);
#5399=ORIENTED_EDGE('',*,*,#4168,.F.);
#5400=ORIENTED_EDGE('',*,*,#4170,.F.);
#5401=ORIENTED_EDGE('',*,*,#4171,.T.);
#5402=ORIENTED_EDGE('',*,*,#4172,.F.);
#5403=ORIENTED_EDGE('',*,*,#4171,.F.);
#5404=ORIENTED_EDGE('',*,*,#4173,.F.);
#5405=ORIENTED_EDGE('',*,*,#4174,.T.);
#5406=ORIENTED_EDGE('',*,*,#4175,.F.);
#5407=ORIENTED_EDGE('',*,*,#4174,.F.);
#5408=ORIENTED_EDGE('',*,*,#4176,.F.);
#5409=ORIENTED_EDGE('',*,*,#4177,.T.);
#5410=ORIENTED_EDGE('',*,*,#4178,.F.);
#5411=ORIENTED_EDGE('',*,*,#4177,.F.);
#5412=ORIENTED_EDGE('',*,*,#4179,.F.);
#5413=ORIENTED_EDGE('',*,*,#4180,.T.);
#5414=ORIENTED_EDGE('',*,*,#4181,.F.);
#5415=ORIENTED_EDGE('',*,*,#4180,.F.);
#5416=ORIENTED_EDGE('',*,*,#4182,.F.);
#5417=ORIENTED_EDGE('',*,*,#4183,.T.);
#5418=ORIENTED_EDGE('',*,*,#4184,.F.);
#5419=ORIENTED_EDGE('',*,*,#4183,.F.);
#5420=ORIENTED_EDGE('',*,*,#4185,.F.);
#5421=ORIENTED_EDGE('',*,*,#4186,.T.);
#5422=ORIENTED_EDGE('',*,*,#4187,.F.);
#5423=ORIENTED_EDGE('',*,*,#4186,.F.);
#5424=ORIENTED_EDGE('',*,*,#4188,.F.);
#5425=ORIENTED_EDGE('',*,*,#4189,.T.);
#5426=ORIENTED_EDGE('',*,*,#4190,.F.);
#5427=ORIENTED_EDGE('',*,*,#4189,.F.);
#5428=ORIENTED_EDGE('',*,*,#4191,.F.);
#5429=ORIENTED_EDGE('',*,*,#4192,.T.);
#5430=ORIENTED_EDGE('',*,*,#4193,.F.);
#5431=ORIENTED_EDGE('',*,*,#4192,.F.);
#5432=ORIENTED_EDGE('',*,*,#4194,.F.);
#5433=ORIENTED_EDGE('',*,*,#4195,.T.);
#5434=ORIENTED_EDGE('',*,*,#4196,.F.);
#5435=ORIENTED_EDGE('',*,*,#4195,.F.);
#5436=ORIENTED_EDGE('',*,*,#4197,.F.);
#5437=ORIENTED_EDGE('',*,*,#4157,.T.);
#5438=ORIENTED_EDGE('',*,*,#4198,.F.);
#5439=ORIENTED_EDGE('',*,*,#4199,.F.);
#5440=ORIENTED_EDGE('',*,*,#4200,.F.);
#5441=ORIENTED_EDGE('',*,*,#4201,.T.);
#5442=ORIENTED_EDGE('',*,*,#4202,.F.);
#5443=ORIENTED_EDGE('',*,*,#4201,.F.);
#5444=ORIENTED_EDGE('',*,*,#4203,.F.);
#5445=ORIENTED_EDGE('',*,*,#4204,.T.);
#5446=ORIENTED_EDGE('',*,*,#4205,.F.);
#5447=ORIENTED_EDGE('',*,*,#4204,.F.);
#5448=ORIENTED_EDGE('',*,*,#4206,.F.);
#5449=ORIENTED_EDGE('',*,*,#4207,.T.);
#5450=ORIENTED_EDGE('',*,*,#4208,.F.);
#5451=ORIENTED_EDGE('',*,*,#4207,.F.);
#5452=ORIENTED_EDGE('',*,*,#4209,.F.);
#5453=ORIENTED_EDGE('',*,*,#4210,.T.);
#5454=ORIENTED_EDGE('',*,*,#4211,.F.);
#5455=ORIENTED_EDGE('',*,*,#4210,.F.);
#5456=ORIENTED_EDGE('',*,*,#4212,.F.);
#5457=ORIENTED_EDGE('',*,*,#4213,.T.);
#5458=ORIENTED_EDGE('',*,*,#4214,.F.);
#5459=ORIENTED_EDGE('',*,*,#4213,.F.);
#5460=ORIENTED_EDGE('',*,*,#4215,.F.);
#5461=ORIENTED_EDGE('',*,*,#4216,.T.);
#5462=ORIENTED_EDGE('',*,*,#4217,.F.);
#5463=ORIENTED_EDGE('',*,*,#4216,.F.);
#5464=ORIENTED_EDGE('',*,*,#4218,.F.);
#5465=ORIENTED_EDGE('',*,*,#4219,.T.);
#5466=ORIENTED_EDGE('',*,*,#4220,.F.);
#5467=ORIENTED_EDGE('',*,*,#4219,.F.);
#5468=ORIENTED_EDGE('',*,*,#4221,.F.);
#5469=ORIENTED_EDGE('',*,*,#4222,.T.);
#5470=ORIENTED_EDGE('',*,*,#4223,.F.);
#5471=ORIENTED_EDGE('',*,*,#4222,.F.);
#5472=ORIENTED_EDGE('',*,*,#4224,.F.);
#5473=ORIENTED_EDGE('',*,*,#4225,.T.);
#5474=ORIENTED_EDGE('',*,*,#4226,.F.);
#5475=ORIENTED_EDGE('',*,*,#4225,.F.);
#5476=ORIENTED_EDGE('',*,*,#4227,.F.);
#5477=ORIENTED_EDGE('',*,*,#4228,.T.);
#5478=ORIENTED_EDGE('',*,*,#4229,.F.);
#5479=ORIENTED_EDGE('',*,*,#4228,.F.);
#5480=ORIENTED_EDGE('',*,*,#4230,.F.);
#5481=ORIENTED_EDGE('',*,*,#4231,.T.);
#5482=ORIENTED_EDGE('',*,*,#4232,.F.);
#5483=ORIENTED_EDGE('',*,*,#4231,.F.);
#5484=ORIENTED_EDGE('',*,*,#4233,.F.);
#5485=ORIENTED_EDGE('',*,*,#4234,.T.);
#5486=ORIENTED_EDGE('',*,*,#4235,.F.);
#5487=ORIENTED_EDGE('',*,*,#4234,.F.);
#5488=ORIENTED_EDGE('',*,*,#4236,.F.);
#5489=ORIENTED_EDGE('',*,*,#4237,.T.);
#5490=ORIENTED_EDGE('',*,*,#4238,.F.);
#5491=ORIENTED_EDGE('',*,*,#4237,.F.);
#5492=ORIENTED_EDGE('',*,*,#4239,.F.);
#5493=ORIENTED_EDGE('',*,*,#4199,.T.);
#5494=ORIENTED_EDGE('',*,*,#4240,.F.);
#5495=ORIENTED_EDGE('',*,*,#4241,.F.);
#5496=ORIENTED_EDGE('',*,*,#4242,.F.);
#5497=ORIENTED_EDGE('',*,*,#4243,.T.);
#5498=ORIENTED_EDGE('',*,*,#4244,.F.);
#5499=ORIENTED_EDGE('',*,*,#4243,.F.);
#5500=ORIENTED_EDGE('',*,*,#4245,.F.);
#5501=ORIENTED_EDGE('',*,*,#4246,.T.);
#5502=ORIENTED_EDGE('',*,*,#4247,.F.);
#5503=ORIENTED_EDGE('',*,*,#4246,.F.);
#5504=ORIENTED_EDGE('',*,*,#4248,.F.);
#5505=ORIENTED_EDGE('',*,*,#4249,.T.);
#5506=ORIENTED_EDGE('',*,*,#4250,.F.);
#5507=ORIENTED_EDGE('',*,*,#4249,.F.);
#5508=ORIENTED_EDGE('',*,*,#4251,.F.);
#5509=ORIENTED_EDGE('',*,*,#4252,.T.);
#5510=ORIENTED_EDGE('',*,*,#4253,.F.);
#5511=ORIENTED_EDGE('',*,*,#4252,.F.);
#5512=ORIENTED_EDGE('',*,*,#4254,.F.);
#5513=ORIENTED_EDGE('',*,*,#4255,.T.);
#5514=ORIENTED_EDGE('',*,*,#4256,.F.);
#5515=ORIENTED_EDGE('',*,*,#4255,.F.);
#5516=ORIENTED_EDGE('',*,*,#4257,.F.);
#5517=ORIENTED_EDGE('',*,*,#4258,.T.);
#5518=ORIENTED_EDGE('',*,*,#4259,.F.);
#5519=ORIENTED_EDGE('',*,*,#4258,.F.);
#5520=ORIENTED_EDGE('',*,*,#4260,.F.);
#5521=ORIENTED_EDGE('',*,*,#4261,.T.);
#5522=ORIENTED_EDGE('',*,*,#4262,.F.);
#5523=ORIENTED_EDGE('',*,*,#4261,.F.);
#5524=ORIENTED_EDGE('',*,*,#4263,.F.);
#5525=ORIENTED_EDGE('',*,*,#4264,.T.);
#5526=ORIENTED_EDGE('',*,*,#4265,.F.);
#5527=ORIENTED_EDGE('',*,*,#4264,.F.);
#5528=ORIENTED_EDGE('',*,*,#4266,.F.);
#5529=ORIENTED_EDGE('',*,*,#4267,.T.);
#5530=ORIENTED_EDGE('',*,*,#4268,.F.);
#5531=ORIENTED_EDGE('',*,*,#4267,.F.);
#5532=ORIENTED_EDGE('',*,*,#4269,.F.);
#5533=ORIENTED_EDGE('',*,*,#4270,.T.);
#5534=ORIENTED_EDGE('',*,*,#4271,.F.);
#5535=ORIENTED_EDGE('',*,*,#4270,.F.);
#5536=ORIENTED_EDGE('',*,*,#4272,.F.);
#5537=ORIENTED_EDGE('',*,*,#4273,.T.);
#5538=ORIENTED_EDGE('',*,*,#4274,.F.);
#5539=ORIENTED_EDGE('',*,*,#4273,.F.);
#5540=ORIENTED_EDGE('',*,*,#4275,.F.);
#5541=ORIENTED_EDGE('',*,*,#4276,.T.);
#5542=ORIENTED_EDGE('',*,*,#4277,.F.);
#5543=ORIENTED_EDGE('',*,*,#4276,.F.);
#5544=ORIENTED_EDGE('',*,*,#4278,.F.);
#5545=ORIENTED_EDGE('',*,*,#4279,.T.);
#5546=ORIENTED_EDGE('',*,*,#4280,.F.);
#5547=ORIENTED_EDGE('',*,*,#4279,.F.);
#5548=ORIENTED_EDGE('',*,*,#4281,.F.);
#5549=ORIENTED_EDGE('',*,*,#4241,.T.);
#5550=ORIENTED_EDGE('',*,*,#4282,.F.);
#5551=ORIENTED_EDGE('',*,*,#4283,.F.);
#5552=ORIENTED_EDGE('',*,*,#4284,.F.);
#5553=ORIENTED_EDGE('',*,*,#4285,.T.);
#5554=ORIENTED_EDGE('',*,*,#4286,.F.);
#5555=ORIENTED_EDGE('',*,*,#4285,.F.);
#5556=ORIENTED_EDGE('',*,*,#4287,.F.);
#5557=ORIENTED_EDGE('',*,*,#4288,.T.);
#5558=ORIENTED_EDGE('',*,*,#4289,.F.);
#5559=ORIENTED_EDGE('',*,*,#4288,.F.);
#5560=ORIENTED_EDGE('',*,*,#4290,.F.);
#5561=ORIENTED_EDGE('',*,*,#4291,.T.);
#5562=ORIENTED_EDGE('',*,*,#4292,.F.);
#5563=ORIENTED_EDGE('',*,*,#4291,.F.);
#5564=ORIENTED_EDGE('',*,*,#4293,.F.);
#5565=ORIENTED_EDGE('',*,*,#4294,.T.);
#5566=ORIENTED_EDGE('',*,*,#4295,.F.);
#5567=ORIENTED_EDGE('',*,*,#4294,.F.);
#5568=ORIENTED_EDGE('',*,*,#4296,.F.);
#5569=ORIENTED_EDGE('',*,*,#4297,.T.);
#5570=ORIENTED_EDGE('',*,*,#4298,.F.);
#5571=ORIENTED_EDGE('',*,*,#4297,.F.);
#5572=ORIENTED_EDGE('',*,*,#4299,.F.);
#5573=ORIENTED_EDGE('',*,*,#4300,.T.);
#5574=ORIENTED_EDGE('',*,*,#4301,.F.);
#5575=ORIENTED_EDGE('',*,*,#4300,.F.);
#5576=ORIENTED_EDGE('',*,*,#4302,.F.);
#5577=ORIENTED_EDGE('',*,*,#4303,.T.);
#5578=ORIENTED_EDGE('',*,*,#4304,.F.);
#5579=ORIENTED_EDGE('',*,*,#4303,.F.);
#5580=ORIENTED_EDGE('',*,*,#4305,.F.);
#5581=ORIENTED_EDGE('',*,*,#4306,.T.);
#5582=ORIENTED_EDGE('',*,*,#4307,.F.);
#5583=ORIENTED_EDGE('',*,*,#4306,.F.);
#5584=ORIENTED_EDGE('',*,*,#4308,.F.);
#5585=ORIENTED_EDGE('',*,*,#4309,.T.);
#5586=ORIENTED_EDGE('',*,*,#4310,.F.);
#5587=ORIENTED_EDGE('',*,*,#4309,.F.);
#5588=ORIENTED_EDGE('',*,*,#4311,.F.);
#5589=ORIENTED_EDGE('',*,*,#4312,.T.);
#5590=ORIENTED_EDGE('',*,*,#4313,.F.);
#5591=ORIENTED_EDGE('',*,*,#4312,.F.);
#5592=ORIENTED_EDGE('',*,*,#4314,.F.);
#5593=ORIENTED_EDGE('',*,*,#4315,.T.);
#5594=ORIENTED_EDGE('',*,*,#4316,.F.);
#5595=ORIENTED_EDGE('',*,*,#4315,.F.);
#5596=ORIENTED_EDGE('',*,*,#4317,.F.);
#5597=ORIENTED_EDGE('',*,*,#4318,.T.);
#5598=ORIENTED_EDGE('',*,*,#4319,.F.);
#5599=ORIENTED_EDGE('',*,*,#4318,.F.);
#5600=ORIENTED_EDGE('',*,*,#4320,.F.);
#5601=ORIENTED_EDGE('',*,*,#4321,.T.);
#5602=ORIENTED_EDGE('',*,*,#4322,.F.);
#5603=ORIENTED_EDGE('',*,*,#4321,.F.);
#5604=ORIENTED_EDGE('',*,*,#4323,.F.);
#5605=ORIENTED_EDGE('',*,*,#4283,.T.);
#5606=ORIENTED_EDGE('',*,*,#4324,.F.);
#5607=ORIENTED_EDGE('',*,*,#4325,.T.);
#5608=ORIENTED_EDGE('',*,*,#4326,.T.);
#5609=ORIENTED_EDGE('',*,*,#4325,.F.);
#5610=ORIENTED_EDGE('',*,*,#4326,.F.);
#5611=ORIENTED_EDGE('',*,*,#4327,.F.);
#5612=ORIENTED_EDGE('',*,*,#4328,.T.);
#5613=ORIENTED_EDGE('',*,*,#4329,.T.);
#5614=ORIENTED_EDGE('',*,*,#4328,.F.);
#5615=ORIENTED_EDGE('',*,*,#4329,.F.);
#5616=ORIENTED_EDGE('',*,*,#4330,.F.);
#5617=ORIENTED_EDGE('',*,*,#4331,.T.);
#5618=ORIENTED_EDGE('',*,*,#4332,.T.);
#5619=ORIENTED_EDGE('',*,*,#4331,.F.);
#5620=ORIENTED_EDGE('',*,*,#4332,.F.);
#5621=ORIENTED_EDGE('',*,*,#4333,.F.);
#5622=ORIENTED_EDGE('',*,*,#4334,.T.);
#5623=ORIENTED_EDGE('',*,*,#4335,.T.);
#5624=ORIENTED_EDGE('',*,*,#4334,.F.);
#5625=ORIENTED_EDGE('',*,*,#4335,.F.);
#5626=ORIENTED_EDGE('',*,*,#4336,.F.);
#5627=ORIENTED_EDGE('',*,*,#4337,.T.);
#5628=ORIENTED_EDGE('',*,*,#4338,.T.);
#5629=ORIENTED_EDGE('',*,*,#4337,.F.);
#5630=ORIENTED_EDGE('',*,*,#4338,.F.);
#5631=ORIENTED_EDGE('',*,*,#4339,.F.);
#5632=ORIENTED_EDGE('',*,*,#4340,.T.);
#5633=ORIENTED_EDGE('',*,*,#4341,.T.);
#5634=ORIENTED_EDGE('',*,*,#4340,.F.);
#5635=ORIENTED_EDGE('',*,*,#4341,.F.);
#5636=ORIENTED_EDGE('',*,*,#4342,.F.);
#5637=ORIENTED_EDGE('',*,*,#4343,.T.);
#5638=ORIENTED_EDGE('',*,*,#4344,.T.);
#5639=ORIENTED_EDGE('',*,*,#4343,.F.);
#5640=ORIENTED_EDGE('',*,*,#4344,.F.);
#5641=ORIENTED_EDGE('',*,*,#4345,.F.);
#5642=ORIENTED_EDGE('',*,*,#4346,.T.);
#5643=ORIENTED_EDGE('',*,*,#4347,.T.);
#5644=ORIENTED_EDGE('',*,*,#4346,.F.);
#5645=ORIENTED_EDGE('',*,*,#4347,.F.);
#5646=ORIENTED_EDGE('',*,*,#4348,.F.);
#5647=ORIENTED_EDGE('',*,*,#4349,.T.);
#5648=ORIENTED_EDGE('',*,*,#4350,.T.);
#5649=ORIENTED_EDGE('',*,*,#4349,.F.);
#5650=ORIENTED_EDGE('',*,*,#4350,.F.);
#5651=ORIENTED_EDGE('',*,*,#4351,.F.);
#5652=ORIENTED_EDGE('',*,*,#4352,.T.);
#5653=ORIENTED_EDGE('',*,*,#4353,.T.);
#5654=ORIENTED_EDGE('',*,*,#4352,.F.);
#5655=ORIENTED_EDGE('',*,*,#4353,.F.);
#5656=ORIENTED_EDGE('',*,*,#4354,.F.);
#5657=ORIENTED_EDGE('',*,*,#4355,.T.);
#5658=ORIENTED_EDGE('',*,*,#4356,.T.);
#5659=ORIENTED_EDGE('',*,*,#4355,.F.);
#5660=ORIENTED_EDGE('',*,*,#4356,.F.);
#5661=ORIENTED_EDGE('',*,*,#4357,.F.);
#5662=ORIENTED_EDGE('',*,*,#4358,.T.);
#5663=ORIENTED_EDGE('',*,*,#4359,.T.);
#5664=ORIENTED_EDGE('',*,*,#4358,.F.);
#5665=ORIENTED_EDGE('',*,*,#4359,.F.);
#5666=ORIENTED_EDGE('',*,*,#4360,.F.);
#5667=ORIENTED_EDGE('',*,*,#4361,.T.);
#5668=ORIENTED_EDGE('',*,*,#4362,.T.);
#5669=ORIENTED_EDGE('',*,*,#4361,.F.);
#5670=ORIENTED_EDGE('',*,*,#4362,.F.);
#5671=ORIENTED_EDGE('',*,*,#4363,.F.);
#5672=ORIENTED_EDGE('',*,*,#4364,.T.);
#5673=ORIENTED_EDGE('',*,*,#4365,.T.);
#5674=ORIENTED_EDGE('',*,*,#4364,.F.);
#5675=ORIENTED_EDGE('',*,*,#4365,.F.);
#5676=ORIENTED_EDGE('',*,*,#4366,.F.);
#5677=ORIENTED_EDGE('',*,*,#4367,.T.);
#5678=ORIENTED_EDGE('',*,*,#4368,.F.);
#5679=ORIENTED_EDGE('',*,*,#4367,.F.);
#5680=ORIENTED_EDGE('',*,*,#4369,.F.);
#5681=ORIENTED_EDGE('',*,*,#4370,.T.);
#5682=ORIENTED_EDGE('',*,*,#4371,.F.);
#5683=ORIENTED_EDGE('',*,*,#4370,.F.);
#5684=ORIENTED_EDGE('',*,*,#4372,.F.);
#5685=ORIENTED_EDGE('',*,*,#4373,.T.);
#5686=ORIENTED_EDGE('',*,*,#4374,.F.);
#5687=ORIENTED_EDGE('',*,*,#4373,.F.);
#5688=ORIENTED_EDGE('',*,*,#4375,.F.);
#5689=ORIENTED_EDGE('',*,*,#4376,.T.);
#5690=ORIENTED_EDGE('',*,*,#4377,.F.);
#5691=ORIENTED_EDGE('',*,*,#4376,.F.);
#5692=ORIENTED_EDGE('',*,*,#4378,.F.);
#5693=ORIENTED_EDGE('',*,*,#4379,.T.);
#5694=ORIENTED_EDGE('',*,*,#4380,.F.);
#5695=ORIENTED_EDGE('',*,*,#4379,.F.);
#5696=ORIENTED_EDGE('',*,*,#4381,.F.);
#5697=ORIENTED_EDGE('',*,*,#4382,.T.);
#5698=ORIENTED_EDGE('',*,*,#4383,.F.);
#5699=ORIENTED_EDGE('',*,*,#4382,.F.);
#5700=ORIENTED_EDGE('',*,*,#4384,.F.);
#5701=ORIENTED_EDGE('',*,*,#4385,.T.);
#5702=ORIENTED_EDGE('',*,*,#4386,.F.);
#5703=ORIENTED_EDGE('',*,*,#4385,.F.);
#5704=ORIENTED_EDGE('',*,*,#4387,.F.);
#5705=ORIENTED_EDGE('',*,*,#4388,.T.);
#5706=ORIENTED_EDGE('',*,*,#4389,.F.);
#5707=ORIENTED_EDGE('',*,*,#4388,.F.);
#5708=ORIENTED_EDGE('',*,*,#4390,.F.);
#5709=ORIENTED_EDGE('',*,*,#4391,.T.);
#5710=ORIENTED_EDGE('',*,*,#4392,.F.);
#5711=ORIENTED_EDGE('',*,*,#4391,.F.);
#5712=ORIENTED_EDGE('',*,*,#4393,.F.);
#5713=ORIENTED_EDGE('',*,*,#4394,.T.);
#5714=ORIENTED_EDGE('',*,*,#4395,.F.);
#5715=ORIENTED_EDGE('',*,*,#4394,.F.);
#5716=ORIENTED_EDGE('',*,*,#4396,.F.);
#5717=ORIENTED_EDGE('',*,*,#4397,.T.);
#5718=ORIENTED_EDGE('',*,*,#4398,.F.);
#5719=ORIENTED_EDGE('',*,*,#4397,.F.);
#5720=ORIENTED_EDGE('',*,*,#4399,.F.);
#5721=ORIENTED_EDGE('',*,*,#4400,.T.);
#5722=ORIENTED_EDGE('',*,*,#4401,.F.);
#5723=ORIENTED_EDGE('',*,*,#4400,.F.);
#5724=ORIENTED_EDGE('',*,*,#4402,.F.);
#5725=ORIENTED_EDGE('',*,*,#4403,.T.);
#5726=ORIENTED_EDGE('',*,*,#4404,.F.);
#5727=ORIENTED_EDGE('',*,*,#4403,.F.);
#5728=ORIENTED_EDGE('',*,*,#4405,.F.);
#5729=ORIENTED_EDGE('',*,*,#4406,.T.);
#5730=ORIENTED_EDGE('',*,*,#4407,.F.);
#5731=ORIENTED_EDGE('',*,*,#4406,.F.);
#5732=ORIENTED_EDGE('',*,*,#4408,.F.);
#5733=ORIENTED_EDGE('',*,*,#4409,.T.);
#5734=ORIENTED_EDGE('',*,*,#4410,.F.);
#5735=ORIENTED_EDGE('',*,*,#4409,.F.);
#5736=ORIENTED_EDGE('',*,*,#4411,.F.);
#5737=ORIENTED_EDGE('',*,*,#4412,.T.);
#5738=ORIENTED_EDGE('',*,*,#4413,.F.);
#5739=ORIENTED_EDGE('',*,*,#4412,.F.);
#5740=ORIENTED_EDGE('',*,*,#4414,.F.);
#5741=ORIENTED_EDGE('',*,*,#4415,.T.);
#5742=ORIENTED_EDGE('',*,*,#4416,.F.);
#5743=ORIENTED_EDGE('',*,*,#4415,.F.);
#5744=ORIENTED_EDGE('',*,*,#4417,.F.);
#5745=ORIENTED_EDGE('',*,*,#4418,.T.);
#5746=ORIENTED_EDGE('',*,*,#4419,.F.);
#5747=ORIENTED_EDGE('',*,*,#4418,.F.);
#5748=ORIENTED_EDGE('',*,*,#4420,.F.);
#5749=ORIENTED_EDGE('',*,*,#4421,.T.);
#5750=ORIENTED_EDGE('',*,*,#4422,.F.);
#5751=ORIENTED_EDGE('',*,*,#4421,.F.);
#5752=ORIENTED_EDGE('',*,*,#4423,.F.);
#5753=ORIENTED_EDGE('',*,*,#4424,.T.);
#5754=ORIENTED_EDGE('',*,*,#4425,.F.);
#5755=ORIENTED_EDGE('',*,*,#4424,.F.);
#5756=ORIENTED_EDGE('',*,*,#4426,.F.);
#5757=ORIENTED_EDGE('',*,*,#4427,.T.);
#5758=ORIENTED_EDGE('',*,*,#4428,.F.);
#5759=ORIENTED_EDGE('',*,*,#4427,.F.);
#5760=ORIENTED_EDGE('',*,*,#4429,.F.);
#5761=ORIENTED_EDGE('',*,*,#4430,.T.);
#5762=ORIENTED_EDGE('',*,*,#4431,.F.);
#5763=ORIENTED_EDGE('',*,*,#4430,.F.);
#5764=ORIENTED_EDGE('',*,*,#4432,.F.);
#5765=ORIENTED_EDGE('',*,*,#4433,.T.);
#5766=ORIENTED_EDGE('',*,*,#4434,.F.);
#5767=ORIENTED_EDGE('',*,*,#4433,.F.);
#5768=ORIENTED_EDGE('',*,*,#4435,.F.);
#5769=ORIENTED_EDGE('',*,*,#4436,.T.);
#5770=ORIENTED_EDGE('',*,*,#4437,.F.);
#5771=ORIENTED_EDGE('',*,*,#4436,.F.);
#5772=ORIENTED_EDGE('',*,*,#4438,.F.);
#5773=ORIENTED_EDGE('',*,*,#4439,.T.);
#5774=ORIENTED_EDGE('',*,*,#4440,.F.);
#5775=ORIENTED_EDGE('',*,*,#4439,.F.);
#5776=ORIENTED_EDGE('',*,*,#4441,.F.);
#5777=ORIENTED_EDGE('',*,*,#4442,.T.);
#5778=ORIENTED_EDGE('',*,*,#4443,.F.);
#5779=ORIENTED_EDGE('',*,*,#4442,.F.);
#5780=ORIENTED_EDGE('',*,*,#4444,.F.);
#5781=ORIENTED_EDGE('',*,*,#4445,.T.);
#5782=ORIENTED_EDGE('',*,*,#4446,.F.);
#5783=ORIENTED_EDGE('',*,*,#4445,.F.);
#5784=ORIENTED_EDGE('',*,*,#4447,.F.);
#5785=ORIENTED_EDGE('',*,*,#4448,.T.);
#5786=ORIENTED_EDGE('',*,*,#4449,.F.);
#5787=ORIENTED_EDGE('',*,*,#4448,.F.);
#5788=ORIENTED_EDGE('',*,*,#4450,.F.);
#5789=ORIENTED_EDGE('',*,*,#4451,.T.);
#5790=ORIENTED_EDGE('',*,*,#4452,.F.);
#5791=ORIENTED_EDGE('',*,*,#4451,.F.);
#5792=ORIENTED_EDGE('',*,*,#4453,.F.);
#5793=ORIENTED_EDGE('',*,*,#4454,.T.);
#5794=ORIENTED_EDGE('',*,*,#4455,.F.);
#5795=ORIENTED_EDGE('',*,*,#4454,.F.);
#5796=ORIENTED_EDGE('',*,*,#4456,.F.);
#5797=ORIENTED_EDGE('',*,*,#4457,.T.);
#5798=ORIENTED_EDGE('',*,*,#4458,.F.);
#5799=ORIENTED_EDGE('',*,*,#4457,.F.);
#5800=ORIENTED_EDGE('',*,*,#4459,.F.);
#5801=ORIENTED_EDGE('',*,*,#4460,.T.);
#5802=ORIENTED_EDGE('',*,*,#4461,.F.);
#5803=ORIENTED_EDGE('',*,*,#4462,.F.);
#5804=ORIENTED_EDGE('',*,*,#4463,.F.);
#5805=ORIENTED_EDGE('',*,*,#4460,.F.);
#5806=ORIENTED_EDGE('',*,*,#4464,.F.);
#5807=ORIENTED_EDGE('',*,*,#4465,.T.);
#5808=ORIENTED_EDGE('',*,*,#4466,.F.);
#5809=ORIENTED_EDGE('',*,*,#4467,.F.);
#5810=ORIENTED_EDGE('',*,*,#4468,.F.);
#5811=ORIENTED_EDGE('',*,*,#4465,.F.);
#5812=ORIENTED_EDGE('',*,*,#4469,.F.);
#5813=ORIENTED_EDGE('',*,*,#4470,.T.);
#5814=ORIENTED_EDGE('',*,*,#4471,.F.);
#5815=ORIENTED_EDGE('',*,*,#4472,.F.);
#5816=ORIENTED_EDGE('',*,*,#4473,.F.);
#5817=ORIENTED_EDGE('',*,*,#4470,.F.);
#5818=ORIENTED_EDGE('',*,*,#4474,.F.);
#5819=ORIENTED_EDGE('',*,*,#4475,.T.);
#5820=ORIENTED_EDGE('',*,*,#4476,.F.);
#5821=ORIENTED_EDGE('',*,*,#4477,.F.);
#5822=ORIENTED_EDGE('',*,*,#4478,.F.);
#5823=ORIENTED_EDGE('',*,*,#4475,.F.);
#5824=ORIENTED_EDGE('',*,*,#4479,.F.);
#5825=ORIENTED_EDGE('',*,*,#4480,.T.);
#5826=ORIENTED_EDGE('',*,*,#4481,.F.);
#5827=ORIENTED_EDGE('',*,*,#4482,.F.);
#5828=ORIENTED_EDGE('',*,*,#4483,.F.);
#5829=ORIENTED_EDGE('',*,*,#4480,.F.);
#5830=ORIENTED_EDGE('',*,*,#4484,.F.);
#5831=ORIENTED_EDGE('',*,*,#4485,.T.);
#5832=ORIENTED_EDGE('',*,*,#4486,.F.);
#5833=ORIENTED_EDGE('',*,*,#4487,.F.);
#5834=ORIENTED_EDGE('',*,*,#4488,.F.);
#5835=ORIENTED_EDGE('',*,*,#4485,.F.);
#5836=ORIENTED_EDGE('',*,*,#4489,.F.);
#5837=ORIENTED_EDGE('',*,*,#4490,.T.);
#5838=ORIENTED_EDGE('',*,*,#4491,.F.);
#5839=ORIENTED_EDGE('',*,*,#4492,.F.);
#5840=ORIENTED_EDGE('',*,*,#4493,.F.);
#5841=ORIENTED_EDGE('',*,*,#4490,.F.);
#5842=ORIENTED_EDGE('',*,*,#4494,.F.);
#5843=ORIENTED_EDGE('',*,*,#4495,.T.);
#5844=ORIENTED_EDGE('',*,*,#4496,.F.);
#5845=ORIENTED_EDGE('',*,*,#4497,.F.);
#5846=ORIENTED_EDGE('',*,*,#4498,.F.);
#5847=ORIENTED_EDGE('',*,*,#4495,.F.);
#5848=ORIENTED_EDGE('',*,*,#4499,.F.);
#5849=ORIENTED_EDGE('',*,*,#4500,.T.);
#5850=ORIENTED_EDGE('',*,*,#4501,.F.);
#5851=ORIENTED_EDGE('',*,*,#4502,.F.);
#5852=ORIENTED_EDGE('',*,*,#4503,.F.);
#5853=ORIENTED_EDGE('',*,*,#4500,.F.);
#5854=ORIENTED_EDGE('',*,*,#4504,.F.);
#5855=ORIENTED_EDGE('',*,*,#4505,.T.);
#5856=ORIENTED_EDGE('',*,*,#4506,.F.);
#5857=ORIENTED_EDGE('',*,*,#4507,.F.);
#5858=ORIENTED_EDGE('',*,*,#4508,.F.);
#5859=ORIENTED_EDGE('',*,*,#4505,.F.);
#5860=ORIENTED_EDGE('',*,*,#4509,.F.);
#5861=ORIENTED_EDGE('',*,*,#4510,.T.);
#5862=ORIENTED_EDGE('',*,*,#4511,.F.);
#5863=ORIENTED_EDGE('',*,*,#4512,.F.);
#5864=ORIENTED_EDGE('',*,*,#4513,.F.);
#5865=ORIENTED_EDGE('',*,*,#4510,.F.);
#5866=ORIENTED_EDGE('',*,*,#4514,.F.);
#5867=ORIENTED_EDGE('',*,*,#4515,.T.);
#5868=ORIENTED_EDGE('',*,*,#4516,.F.);
#5869=ORIENTED_EDGE('',*,*,#4517,.F.);
#5870=ORIENTED_EDGE('',*,*,#4518,.F.);
#5871=ORIENTED_EDGE('',*,*,#4515,.F.);
#5872=ORIENTED_EDGE('',*,*,#4519,.F.);
#5873=ORIENTED_EDGE('',*,*,#4520,.T.);
#5874=ORIENTED_EDGE('',*,*,#4521,.F.);
#5875=ORIENTED_EDGE('',*,*,#4522,.F.);
#5876=ORIENTED_EDGE('',*,*,#4523,.F.);
#5877=ORIENTED_EDGE('',*,*,#4520,.F.);
#5878=ORIENTED_EDGE('',*,*,#4524,.F.);
#5879=ORIENTED_EDGE('',*,*,#4525,.T.);
#5880=ORIENTED_EDGE('',*,*,#4526,.F.);
#5881=ORIENTED_EDGE('',*,*,#4527,.F.);
#5882=ORIENTED_EDGE('',*,*,#4528,.F.);
#5883=ORIENTED_EDGE('',*,*,#4525,.F.);
#5884=ORIENTED_EDGE('',*,*,#4529,.F.);
#5885=ORIENTED_EDGE('',*,*,#4530,.T.);
#5886=ORIENTED_EDGE('',*,*,#4531,.F.);
#5887=ORIENTED_EDGE('',*,*,#4532,.F.);
#5888=ORIENTED_EDGE('',*,*,#4533,.F.);
#5889=ORIENTED_EDGE('',*,*,#4530,.F.);
#5890=ORIENTED_EDGE('',*,*,#4534,.F.);
#5891=ORIENTED_EDGE('',*,*,#4535,.T.);
#5892=ORIENTED_EDGE('',*,*,#4536,.F.);
#5893=ORIENTED_EDGE('',*,*,#4537,.F.);
#5894=ORIENTED_EDGE('',*,*,#4538,.F.);
#5895=ORIENTED_EDGE('',*,*,#4535,.F.);
#5896=ORIENTED_EDGE('',*,*,#4539,.F.);
#5897=ORIENTED_EDGE('',*,*,#4540,.T.);
#5898=ORIENTED_EDGE('',*,*,#4541,.F.);
#5899=ORIENTED_EDGE('',*,*,#4542,.F.);
#5900=ORIENTED_EDGE('',*,*,#4543,.F.);
#5901=ORIENTED_EDGE('',*,*,#4540,.F.);
#5902=ORIENTED_EDGE('',*,*,#4544,.F.);
#5903=ORIENTED_EDGE('',*,*,#4545,.T.);
#5904=ORIENTED_EDGE('',*,*,#4546,.F.);
#5905=ORIENTED_EDGE('',*,*,#4547,.F.);
#5906=ORIENTED_EDGE('',*,*,#4548,.F.);
#5907=ORIENTED_EDGE('',*,*,#4545,.F.);
#5908=ORIENTED_EDGE('',*,*,#4549,.F.);
#5909=ORIENTED_EDGE('',*,*,#4550,.T.);
#5910=ORIENTED_EDGE('',*,*,#4551,.F.);
#5911=ORIENTED_EDGE('',*,*,#4552,.F.);
#5912=ORIENTED_EDGE('',*,*,#4553,.F.);
#5913=ORIENTED_EDGE('',*,*,#4550,.F.);
#5914=ORIENTED_EDGE('',*,*,#4554,.F.);
#5915=ORIENTED_EDGE('',*,*,#4555,.T.);
#5916=ORIENTED_EDGE('',*,*,#4556,.F.);
#5917=ORIENTED_EDGE('',*,*,#4557,.F.);
#5918=ORIENTED_EDGE('',*,*,#4558,.F.);
#5919=ORIENTED_EDGE('',*,*,#4555,.F.);
#5920=ORIENTED_EDGE('',*,*,#4559,.F.);
#5921=ORIENTED_EDGE('',*,*,#4560,.T.);
#5922=ORIENTED_EDGE('',*,*,#4561,.F.);
#5923=ORIENTED_EDGE('',*,*,#4562,.F.);
#5924=ORIENTED_EDGE('',*,*,#4563,.F.);
#5925=ORIENTED_EDGE('',*,*,#4560,.F.);
#5926=ORIENTED_EDGE('',*,*,#4564,.F.);
#5927=ORIENTED_EDGE('',*,*,#4565,.T.);
#5928=ORIENTED_EDGE('',*,*,#4566,.F.);
#5929=ORIENTED_EDGE('',*,*,#4567,.F.);
#5930=ORIENTED_EDGE('',*,*,#4568,.F.);
#5931=ORIENTED_EDGE('',*,*,#4565,.F.);
#5932=ORIENTED_EDGE('',*,*,#4569,.F.);
#5933=ORIENTED_EDGE('',*,*,#4570,.T.);
#5934=ORIENTED_EDGE('',*,*,#4571,.F.);
#5935=ORIENTED_EDGE('',*,*,#4572,.F.);
#5936=ORIENTED_EDGE('',*,*,#4573,.F.);
#5937=ORIENTED_EDGE('',*,*,#4570,.F.);
#5938=ORIENTED_EDGE('',*,*,#4574,.T.);
#5939=ORIENTED_EDGE('',*,*,#4324,.T.);
#5940=ORIENTED_EDGE('',*,*,#4327,.T.);
#5941=ORIENTED_EDGE('',*,*,#4330,.T.);
#5942=ORIENTED_EDGE('',*,*,#4333,.T.);
#5943=ORIENTED_EDGE('',*,*,#4336,.T.);
#5944=ORIENTED_EDGE('',*,*,#4339,.T.);
#5945=ORIENTED_EDGE('',*,*,#4342,.T.);
#5946=ORIENTED_EDGE('',*,*,#4345,.T.);
#5947=ORIENTED_EDGE('',*,*,#4348,.T.);
#5948=ORIENTED_EDGE('',*,*,#4351,.T.);
#5949=ORIENTED_EDGE('',*,*,#4354,.T.);
#5950=ORIENTED_EDGE('',*,*,#4357,.T.);
#5951=ORIENTED_EDGE('',*,*,#4360,.T.);
#5952=ORIENTED_EDGE('',*,*,#4363,.T.);
#5953=ORIENTED_EDGE('',*,*,#4575,.T.);
#5954=ORIENTED_EDGE('',*,*,#4572,.T.);
#5955=ORIENTED_EDGE('',*,*,#4576,.T.);
#5956=ORIENTED_EDGE('',*,*,#4577,.T.);
#5957=ORIENTED_EDGE('',*,*,#4578,.T.);
#5958=ORIENTED_EDGE('',*,*,#4579,.T.);
#5959=ORIENTED_EDGE('',*,*,#4580,.T.);
#5960=ORIENTED_EDGE('',*,*,#4581,.T.);
#5961=ORIENTED_EDGE('',*,*,#4582,.T.);
#5962=ORIENTED_EDGE('',*,*,#4583,.T.);
#5963=ORIENTED_EDGE('',*,*,#4584,.T.);
#5964=ORIENTED_EDGE('',*,*,#4567,.T.);
#5965=ORIENTED_EDGE('',*,*,#4585,.T.);
#5966=ORIENTED_EDGE('',*,*,#4586,.T.);
#5967=ORIENTED_EDGE('',*,*,#4587,.T.);
#5968=ORIENTED_EDGE('',*,*,#4588,.T.);
#5969=ORIENTED_EDGE('',*,*,#4589,.T.);
#5970=ORIENTED_EDGE('',*,*,#4590,.T.);
#5971=ORIENTED_EDGE('',*,*,#4591,.T.);
#5972=ORIENTED_EDGE('',*,*,#4592,.T.);
#5973=ORIENTED_EDGE('',*,*,#4593,.T.);
#5974=ORIENTED_EDGE('',*,*,#4562,.T.);
#5975=ORIENTED_EDGE('',*,*,#4594,.T.);
#5976=ORIENTED_EDGE('',*,*,#4595,.T.);
#5977=ORIENTED_EDGE('',*,*,#4596,.T.);
#5978=ORIENTED_EDGE('',*,*,#4597,.T.);
#5979=ORIENTED_EDGE('',*,*,#4598,.T.);
#5980=ORIENTED_EDGE('',*,*,#4599,.T.);
#5981=ORIENTED_EDGE('',*,*,#4600,.T.);
#5982=ORIENTED_EDGE('',*,*,#4601,.T.);
#5983=ORIENTED_EDGE('',*,*,#4602,.T.);
#5984=ORIENTED_EDGE('',*,*,#4557,.T.);
#5985=ORIENTED_EDGE('',*,*,#4603,.T.);
#5986=ORIENTED_EDGE('',*,*,#4604,.T.);
#5987=ORIENTED_EDGE('',*,*,#4605,.T.);
#5988=ORIENTED_EDGE('',*,*,#4606,.T.);
#5989=ORIENTED_EDGE('',*,*,#4607,.T.);
#5990=ORIENTED_EDGE('',*,*,#4608,.T.);
#5991=ORIENTED_EDGE('',*,*,#4609,.T.);
#5992=ORIENTED_EDGE('',*,*,#4610,.T.);
#5993=ORIENTED_EDGE('',*,*,#4611,.T.);
#5994=ORIENTED_EDGE('',*,*,#4552,.T.);
#5995=ORIENTED_EDGE('',*,*,#4612,.T.);
#5996=ORIENTED_EDGE('',*,*,#4613,.T.);
#5997=ORIENTED_EDGE('',*,*,#4614,.T.);
#5998=ORIENTED_EDGE('',*,*,#4615,.T.);
#5999=ORIENTED_EDGE('',*,*,#4616,.T.);
#6000=ORIENTED_EDGE('',*,*,#4617,.T.);
#6001=ORIENTED_EDGE('',*,*,#4618,.T.);
#6002=ORIENTED_EDGE('',*,*,#4619,.T.);
#6003=ORIENTED_EDGE('',*,*,#4620,.T.);
#6004=ORIENTED_EDGE('',*,*,#4547,.T.);
#6005=ORIENTED_EDGE('',*,*,#4621,.T.);
#6006=ORIENTED_EDGE('',*,*,#4622,.T.);
#6007=ORIENTED_EDGE('',*,*,#4623,.T.);
#6008=ORIENTED_EDGE('',*,*,#4624,.T.);
#6009=ORIENTED_EDGE('',*,*,#4625,.T.);
#6010=ORIENTED_EDGE('',*,*,#4626,.T.);
#6011=ORIENTED_EDGE('',*,*,#4627,.T.);
#6012=ORIENTED_EDGE('',*,*,#4628,.T.);
#6013=ORIENTED_EDGE('',*,*,#4629,.T.);
#6014=ORIENTED_EDGE('',*,*,#4542,.T.);
#6015=ORIENTED_EDGE('',*,*,#4630,.T.);
#6016=ORIENTED_EDGE('',*,*,#4631,.T.);
#6017=ORIENTED_EDGE('',*,*,#4632,.T.);
#6018=ORIENTED_EDGE('',*,*,#4633,.T.);
#6019=ORIENTED_EDGE('',*,*,#4634,.T.);
#6020=ORIENTED_EDGE('',*,*,#4635,.T.);
#6021=ORIENTED_EDGE('',*,*,#4636,.T.);
#6022=ORIENTED_EDGE('',*,*,#4637,.T.);
#6023=ORIENTED_EDGE('',*,*,#4638,.T.);
#6024=ORIENTED_EDGE('',*,*,#4537,.T.);
#6025=ORIENTED_EDGE('',*,*,#4639,.T.);
#6026=ORIENTED_EDGE('',*,*,#4640,.T.);
#6027=ORIENTED_EDGE('',*,*,#4641,.T.);
#6028=ORIENTED_EDGE('',*,*,#4642,.T.);
#6029=ORIENTED_EDGE('',*,*,#4643,.T.);
#6030=ORIENTED_EDGE('',*,*,#4644,.T.);
#6031=ORIENTED_EDGE('',*,*,#4645,.T.);
#6032=ORIENTED_EDGE('',*,*,#4646,.T.);
#6033=ORIENTED_EDGE('',*,*,#4647,.T.);
#6034=ORIENTED_EDGE('',*,*,#4532,.T.);
#6035=ORIENTED_EDGE('',*,*,#4648,.T.);
#6036=ORIENTED_EDGE('',*,*,#4649,.T.);
#6037=ORIENTED_EDGE('',*,*,#4650,.T.);
#6038=ORIENTED_EDGE('',*,*,#4651,.T.);
#6039=ORIENTED_EDGE('',*,*,#4652,.T.);
#6040=ORIENTED_EDGE('',*,*,#4653,.T.);
#6041=ORIENTED_EDGE('',*,*,#4654,.T.);
#6042=ORIENTED_EDGE('',*,*,#4655,.T.);
#6043=ORIENTED_EDGE('',*,*,#4656,.T.);
#6044=ORIENTED_EDGE('',*,*,#4527,.T.);
#6045=ORIENTED_EDGE('',*,*,#4657,.T.);
#6046=ORIENTED_EDGE('',*,*,#4658,.T.);
#6047=ORIENTED_EDGE('',*,*,#4659,.T.);
#6048=ORIENTED_EDGE('',*,*,#4660,.T.);
#6049=ORIENTED_EDGE('',*,*,#4661,.T.);
#6050=ORIENTED_EDGE('',*,*,#4662,.T.);
#6051=ORIENTED_EDGE('',*,*,#4663,.T.);
#6052=ORIENTED_EDGE('',*,*,#4664,.T.);
#6053=ORIENTED_EDGE('',*,*,#4665,.T.);
#6054=ORIENTED_EDGE('',*,*,#4522,.T.);
#6055=ORIENTED_EDGE('',*,*,#4666,.T.);
#6056=ORIENTED_EDGE('',*,*,#4667,.T.);
#6057=ORIENTED_EDGE('',*,*,#4668,.T.);
#6058=ORIENTED_EDGE('',*,*,#4669,.T.);
#6059=ORIENTED_EDGE('',*,*,#4670,.T.);
#6060=ORIENTED_EDGE('',*,*,#4671,.T.);
#6061=ORIENTED_EDGE('',*,*,#4672,.T.);
#6062=ORIENTED_EDGE('',*,*,#4673,.T.);
#6063=ORIENTED_EDGE('',*,*,#4674,.T.);
#6064=ORIENTED_EDGE('',*,*,#4517,.T.);
#6065=ORIENTED_EDGE('',*,*,#4675,.T.);
#6066=ORIENTED_EDGE('',*,*,#4676,.T.);
#6067=ORIENTED_EDGE('',*,*,#4677,.T.);
#6068=ORIENTED_EDGE('',*,*,#4678,.T.);
#6069=ORIENTED_EDGE('',*,*,#4679,.T.);
#6070=ORIENTED_EDGE('',*,*,#4680,.T.);
#6071=ORIENTED_EDGE('',*,*,#4681,.T.);
#6072=ORIENTED_EDGE('',*,*,#4682,.T.);
#6073=ORIENTED_EDGE('',*,*,#4683,.T.);
#6074=ORIENTED_EDGE('',*,*,#4512,.T.);
#6075=ORIENTED_EDGE('',*,*,#4684,.T.);
#6076=ORIENTED_EDGE('',*,*,#4685,.T.);
#6077=ORIENTED_EDGE('',*,*,#4686,.T.);
#6078=ORIENTED_EDGE('',*,*,#4687,.T.);
#6079=ORIENTED_EDGE('',*,*,#4688,.T.);
#6080=ORIENTED_EDGE('',*,*,#4689,.T.);
#6081=ORIENTED_EDGE('',*,*,#4690,.T.);
#6082=ORIENTED_EDGE('',*,*,#4691,.T.);
#6083=ORIENTED_EDGE('',*,*,#4692,.T.);
#6084=ORIENTED_EDGE('',*,*,#4507,.T.);
#6085=ORIENTED_EDGE('',*,*,#4693,.T.);
#6086=ORIENTED_EDGE('',*,*,#4694,.T.);
#6087=ORIENTED_EDGE('',*,*,#4695,.T.);
#6088=ORIENTED_EDGE('',*,*,#4696,.T.);
#6089=ORIENTED_EDGE('',*,*,#4697,.T.);
#6090=ORIENTED_EDGE('',*,*,#4698,.T.);
#6091=ORIENTED_EDGE('',*,*,#4699,.T.);
#6092=ORIENTED_EDGE('',*,*,#4700,.T.);
#6093=ORIENTED_EDGE('',*,*,#4701,.T.);
#6094=ORIENTED_EDGE('',*,*,#4502,.T.);
#6095=ORIENTED_EDGE('',*,*,#4702,.T.);
#6096=ORIENTED_EDGE('',*,*,#4703,.T.);
#6097=ORIENTED_EDGE('',*,*,#4704,.T.);
#6098=ORIENTED_EDGE('',*,*,#4705,.T.);
#6099=ORIENTED_EDGE('',*,*,#4706,.T.);
#6100=ORIENTED_EDGE('',*,*,#4707,.T.);
#6101=ORIENTED_EDGE('',*,*,#4708,.T.);
#6102=ORIENTED_EDGE('',*,*,#4709,.T.);
#6103=ORIENTED_EDGE('',*,*,#4710,.T.);
#6104=ORIENTED_EDGE('',*,*,#4497,.T.);
#6105=ORIENTED_EDGE('',*,*,#4711,.T.);
#6106=ORIENTED_EDGE('',*,*,#4712,.T.);
#6107=ORIENTED_EDGE('',*,*,#4713,.T.);
#6108=ORIENTED_EDGE('',*,*,#4714,.T.);
#6109=ORIENTED_EDGE('',*,*,#4715,.T.);
#6110=ORIENTED_EDGE('',*,*,#4716,.T.);
#6111=ORIENTED_EDGE('',*,*,#4717,.T.);
#6112=ORIENTED_EDGE('',*,*,#4718,.T.);
#6113=ORIENTED_EDGE('',*,*,#4719,.T.);
#6114=ORIENTED_EDGE('',*,*,#4492,.T.);
#6115=ORIENTED_EDGE('',*,*,#4720,.T.);
#6116=ORIENTED_EDGE('',*,*,#4721,.T.);
#6117=ORIENTED_EDGE('',*,*,#4722,.T.);
#6118=ORIENTED_EDGE('',*,*,#4723,.T.);
#6119=ORIENTED_EDGE('',*,*,#4724,.T.);
#6120=ORIENTED_EDGE('',*,*,#4725,.T.);
#6121=ORIENTED_EDGE('',*,*,#4726,.T.);
#6122=ORIENTED_EDGE('',*,*,#4727,.T.);
#6123=ORIENTED_EDGE('',*,*,#4728,.T.);
#6124=ORIENTED_EDGE('',*,*,#4487,.T.);
#6125=ORIENTED_EDGE('',*,*,#4729,.T.);
#6126=ORIENTED_EDGE('',*,*,#4730,.T.);
#6127=ORIENTED_EDGE('',*,*,#4731,.T.);
#6128=ORIENTED_EDGE('',*,*,#4732,.T.);
#6129=ORIENTED_EDGE('',*,*,#4733,.T.);
#6130=ORIENTED_EDGE('',*,*,#4734,.T.);
#6131=ORIENTED_EDGE('',*,*,#4735,.T.);
#6132=ORIENTED_EDGE('',*,*,#4736,.T.);
#6133=ORIENTED_EDGE('',*,*,#4737,.T.);
#6134=ORIENTED_EDGE('',*,*,#4482,.T.);
#6135=ORIENTED_EDGE('',*,*,#4738,.T.);
#6136=ORIENTED_EDGE('',*,*,#4739,.T.);
#6137=ORIENTED_EDGE('',*,*,#4740,.T.);
#6138=ORIENTED_EDGE('',*,*,#4741,.T.);
#6139=ORIENTED_EDGE('',*,*,#4742,.T.);
#6140=ORIENTED_EDGE('',*,*,#4743,.T.);
#6141=ORIENTED_EDGE('',*,*,#4744,.T.);
#6142=ORIENTED_EDGE('',*,*,#4745,.T.);
#6143=ORIENTED_EDGE('',*,*,#4746,.T.);
#6144=ORIENTED_EDGE('',*,*,#4477,.T.);
#6145=ORIENTED_EDGE('',*,*,#4747,.T.);
#6146=ORIENTED_EDGE('',*,*,#4748,.T.);
#6147=ORIENTED_EDGE('',*,*,#4749,.T.);
#6148=ORIENTED_EDGE('',*,*,#4750,.T.);
#6149=ORIENTED_EDGE('',*,*,#4751,.T.);
#6150=ORIENTED_EDGE('',*,*,#4752,.T.);
#6151=ORIENTED_EDGE('',*,*,#4753,.T.);
#6152=ORIENTED_EDGE('',*,*,#4754,.T.);
#6153=ORIENTED_EDGE('',*,*,#4755,.T.);
#6154=ORIENTED_EDGE('',*,*,#4472,.T.);
#6155=ORIENTED_EDGE('',*,*,#4756,.T.);
#6156=ORIENTED_EDGE('',*,*,#4757,.T.);
#6157=ORIENTED_EDGE('',*,*,#4758,.T.);
#6158=ORIENTED_EDGE('',*,*,#4759,.T.);
#6159=ORIENTED_EDGE('',*,*,#4760,.T.);
#6160=ORIENTED_EDGE('',*,*,#4761,.T.);
#6161=ORIENTED_EDGE('',*,*,#4762,.T.);
#6162=ORIENTED_EDGE('',*,*,#4763,.T.);
#6163=ORIENTED_EDGE('',*,*,#4764,.T.);
#6164=ORIENTED_EDGE('',*,*,#4467,.T.);
#6165=ORIENTED_EDGE('',*,*,#4765,.T.);
#6166=ORIENTED_EDGE('',*,*,#4766,.T.);
#6167=ORIENTED_EDGE('',*,*,#4767,.T.);
#6168=ORIENTED_EDGE('',*,*,#4768,.T.);
#6169=ORIENTED_EDGE('',*,*,#4769,.T.);
#6170=ORIENTED_EDGE('',*,*,#4770,.T.);
#6171=ORIENTED_EDGE('',*,*,#4771,.T.);
#6172=ORIENTED_EDGE('',*,*,#4772,.T.);
#6173=ORIENTED_EDGE('',*,*,#4773,.T.);
#6174=ORIENTED_EDGE('',*,*,#4462,.T.);
#6175=ORIENTED_EDGE('',*,*,#4774,.T.);
#6176=ORIENTED_EDGE('',*,*,#4775,.T.);
#6177=ORIENTED_EDGE('',*,*,#4776,.T.);
#6178=ORIENTED_EDGE('',*,*,#4777,.T.);
#6179=ORIENTED_EDGE('',*,*,#4778,.T.);
#6180=ORIENTED_EDGE('',*,*,#4779,.T.);
#6181=ORIENTED_EDGE('',*,*,#4780,.T.);
#6182=ORIENTED_EDGE('',*,*,#4781,.T.);
#6183=ORIENTED_EDGE('',*,*,#4782,.T.);
#6184=ORIENTED_EDGE('',*,*,#4778,.F.);
#6185=ORIENTED_EDGE('',*,*,#4783,.T.);
#6186=ORIENTED_EDGE('',*,*,#4784,.T.);
#6187=ORIENTED_EDGE('',*,*,#4785,.F.);
#6188=ORIENTED_EDGE('',*,*,#4777,.F.);
#6189=ORIENTED_EDGE('',*,*,#4786,.T.);
#6190=ORIENTED_EDGE('',*,*,#4787,.T.);
#6191=ORIENTED_EDGE('',*,*,#4783,.F.);
#6192=ORIENTED_EDGE('',*,*,#4776,.F.);
#6193=ORIENTED_EDGE('',*,*,#4788,.T.);
#6194=ORIENTED_EDGE('',*,*,#4789,.T.);
#6195=ORIENTED_EDGE('',*,*,#4786,.F.);
#6196=ORIENTED_EDGE('',*,*,#4775,.F.);
#6197=ORIENTED_EDGE('',*,*,#4790,.T.);
#6198=ORIENTED_EDGE('',*,*,#4791,.T.);
#6199=ORIENTED_EDGE('',*,*,#4788,.F.);
#6200=ORIENTED_EDGE('',*,*,#4459,.T.);
#6201=ORIENTED_EDGE('',*,*,#4782,.F.);
#6202=ORIENTED_EDGE('',*,*,#4792,.T.);
#6203=ORIENTED_EDGE('',*,*,#4793,.T.);
#6204=ORIENTED_EDGE('',*,*,#4790,.F.);
#6205=ORIENTED_EDGE('',*,*,#4774,.F.);
#6206=ORIENTED_EDGE('',*,*,#4461,.T.);
#6207=ORIENTED_EDGE('',*,*,#4463,.T.);
#6208=ORIENTED_EDGE('',*,*,#4781,.F.);
#6209=ORIENTED_EDGE('',*,*,#4794,.T.);
#6210=ORIENTED_EDGE('',*,*,#4795,.T.);
#6211=ORIENTED_EDGE('',*,*,#4792,.F.);
#6212=ORIENTED_EDGE('',*,*,#4780,.F.);
#6213=ORIENTED_EDGE('',*,*,#4796,.T.);
#6214=ORIENTED_EDGE('',*,*,#4797,.T.);
#6215=ORIENTED_EDGE('',*,*,#4794,.F.);
#6216=ORIENTED_EDGE('',*,*,#4779,.F.);
#6217=ORIENTED_EDGE('',*,*,#4785,.T.);
#6218=ORIENTED_EDGE('',*,*,#4798,.T.);
#6219=ORIENTED_EDGE('',*,*,#4796,.F.);
#6220=ORIENTED_EDGE('',*,*,#4798,.F.);
#6221=ORIENTED_EDGE('',*,*,#4784,.F.);
#6222=ORIENTED_EDGE('',*,*,#4787,.F.);
#6223=ORIENTED_EDGE('',*,*,#4789,.F.);
#6224=ORIENTED_EDGE('',*,*,#4791,.F.);
#6225=ORIENTED_EDGE('',*,*,#4793,.F.);
#6226=ORIENTED_EDGE('',*,*,#4795,.F.);
#6227=ORIENTED_EDGE('',*,*,#4797,.F.);
#6228=ORIENTED_EDGE('',*,*,#4444,.T.);
#6229=ORIENTED_EDGE('',*,*,#4767,.F.);
#6230=ORIENTED_EDGE('',*,*,#4799,.T.);
#6231=ORIENTED_EDGE('',*,*,#4800,.T.);
#6232=ORIENTED_EDGE('',*,*,#4801,.F.);
#6233=ORIENTED_EDGE('',*,*,#4766,.F.);
#6234=ORIENTED_EDGE('',*,*,#4802,.T.);
#6235=ORIENTED_EDGE('',*,*,#4803,.T.);
#6236=ORIENTED_EDGE('',*,*,#4799,.F.);
#6237=ORIENTED_EDGE('',*,*,#4464,.T.);
#6238=ORIENTED_EDGE('',*,*,#4773,.F.);
#6239=ORIENTED_EDGE('',*,*,#4804,.T.);
#6240=ORIENTED_EDGE('',*,*,#4805,.T.);
#6241=ORIENTED_EDGE('',*,*,#4802,.F.);
#6242=ORIENTED_EDGE('',*,*,#4765,.F.);
#6243=ORIENTED_EDGE('',*,*,#4466,.T.);
#6244=ORIENTED_EDGE('',*,*,#4468,.T.);
#6245=ORIENTED_EDGE('',*,*,#4772,.F.);
#6246=ORIENTED_EDGE('',*,*,#4806,.T.);
#6247=ORIENTED_EDGE('',*,*,#4807,.T.);
#6248=ORIENTED_EDGE('',*,*,#4804,.F.);
#6249=ORIENTED_EDGE('',*,*,#4771,.F.);
#6250=ORIENTED_EDGE('',*,*,#4808,.T.);
#6251=ORIENTED_EDGE('',*,*,#4809,.T.);
#6252=ORIENTED_EDGE('',*,*,#4806,.F.);
#6253=ORIENTED_EDGE('',*,*,#4770,.F.);
#6254=ORIENTED_EDGE('',*,*,#4810,.T.);
#6255=ORIENTED_EDGE('',*,*,#4811,.T.);
#6256=ORIENTED_EDGE('',*,*,#4808,.F.);
#6257=ORIENTED_EDGE('',*,*,#4769,.F.);
#6258=ORIENTED_EDGE('',*,*,#4812,.T.);
#6259=ORIENTED_EDGE('',*,*,#4813,.T.);
#6260=ORIENTED_EDGE('',*,*,#4810,.F.);
#6261=ORIENTED_EDGE('',*,*,#4768,.F.);
#6262=ORIENTED_EDGE('',*,*,#4801,.T.);
#6263=ORIENTED_EDGE('',*,*,#4814,.T.);
#6264=ORIENTED_EDGE('',*,*,#4812,.F.);
#6265=ORIENTED_EDGE('',*,*,#4814,.F.);
#6266=ORIENTED_EDGE('',*,*,#4800,.F.);
#6267=ORIENTED_EDGE('',*,*,#4803,.F.);
#6268=ORIENTED_EDGE('',*,*,#4805,.F.);
#6269=ORIENTED_EDGE('',*,*,#4807,.F.);
#6270=ORIENTED_EDGE('',*,*,#4809,.F.);
#6271=ORIENTED_EDGE('',*,*,#4811,.F.);
#6272=ORIENTED_EDGE('',*,*,#4813,.F.);
#6273=ORIENTED_EDGE('',*,*,#4447,.T.);
#6274=ORIENTED_EDGE('',*,*,#4758,.F.);
#6275=ORIENTED_EDGE('',*,*,#4815,.T.);
#6276=ORIENTED_EDGE('',*,*,#4816,.T.);
#6277=ORIENTED_EDGE('',*,*,#4817,.F.);
#6278=ORIENTED_EDGE('',*,*,#4757,.F.);
#6279=ORIENTED_EDGE('',*,*,#4818,.T.);
#6280=ORIENTED_EDGE('',*,*,#4819,.T.);
#6281=ORIENTED_EDGE('',*,*,#4815,.F.);
#6282=ORIENTED_EDGE('',*,*,#4469,.T.);
#6283=ORIENTED_EDGE('',*,*,#4764,.F.);
#6284=ORIENTED_EDGE('',*,*,#4820,.T.);
#6285=ORIENTED_EDGE('',*,*,#4821,.T.);
#6286=ORIENTED_EDGE('',*,*,#4818,.F.);
#6287=ORIENTED_EDGE('',*,*,#4756,.F.);
#6288=ORIENTED_EDGE('',*,*,#4471,.T.);
#6289=ORIENTED_EDGE('',*,*,#4473,.T.);
#6290=ORIENTED_EDGE('',*,*,#4763,.F.);
#6291=ORIENTED_EDGE('',*,*,#4822,.T.);
#6292=ORIENTED_EDGE('',*,*,#4823,.T.);
#6293=ORIENTED_EDGE('',*,*,#4820,.F.);
#6294=ORIENTED_EDGE('',*,*,#4762,.F.);
#6295=ORIENTED_EDGE('',*,*,#4824,.T.);
#6296=ORIENTED_EDGE('',*,*,#4825,.T.);
#6297=ORIENTED_EDGE('',*,*,#4822,.F.);
#6298=ORIENTED_EDGE('',*,*,#4761,.F.);
#6299=ORIENTED_EDGE('',*,*,#4826,.T.);
#6300=ORIENTED_EDGE('',*,*,#4827,.T.);
#6301=ORIENTED_EDGE('',*,*,#4824,.F.);
#6302=ORIENTED_EDGE('',*,*,#4760,.F.);
#6303=ORIENTED_EDGE('',*,*,#4828,.T.);
#6304=ORIENTED_EDGE('',*,*,#4829,.T.);
#6305=ORIENTED_EDGE('',*,*,#4826,.F.);
#6306=ORIENTED_EDGE('',*,*,#4759,.F.);
#6307=ORIENTED_EDGE('',*,*,#4817,.T.);
#6308=ORIENTED_EDGE('',*,*,#4830,.T.);
#6309=ORIENTED_EDGE('',*,*,#4828,.F.);
#6310=ORIENTED_EDGE('',*,*,#4830,.F.);
#6311=ORIENTED_EDGE('',*,*,#4816,.F.);
#6312=ORIENTED_EDGE('',*,*,#4819,.F.);
#6313=ORIENTED_EDGE('',*,*,#4821,.F.);
#6314=ORIENTED_EDGE('',*,*,#4823,.F.);
#6315=ORIENTED_EDGE('',*,*,#4825,.F.);
#6316=ORIENTED_EDGE('',*,*,#4827,.F.);
#6317=ORIENTED_EDGE('',*,*,#4829,.F.);
#6318=ORIENTED_EDGE('',*,*,#4450,.T.);
#6319=ORIENTED_EDGE('',*,*,#4751,.F.);
#6320=ORIENTED_EDGE('',*,*,#4831,.T.);
#6321=ORIENTED_EDGE('',*,*,#4832,.T.);
#6322=ORIENTED_EDGE('',*,*,#4833,.F.);
#6323=ORIENTED_EDGE('',*,*,#4750,.F.);
#6324=ORIENTED_EDGE('',*,*,#4834,.T.);
#6325=ORIENTED_EDGE('',*,*,#4835,.T.);
#6326=ORIENTED_EDGE('',*,*,#4831,.F.);
#6327=ORIENTED_EDGE('',*,*,#4749,.F.);
#6328=ORIENTED_EDGE('',*,*,#4836,.T.);
#6329=ORIENTED_EDGE('',*,*,#4837,.T.);
#6330=ORIENTED_EDGE('',*,*,#4834,.F.);
#6331=ORIENTED_EDGE('',*,*,#4748,.F.);
#6332=ORIENTED_EDGE('',*,*,#4838,.T.);
#6333=ORIENTED_EDGE('',*,*,#4839,.T.);
#6334=ORIENTED_EDGE('',*,*,#4836,.F.);
#6335=ORIENTED_EDGE('',*,*,#4474,.T.);
#6336=ORIENTED_EDGE('',*,*,#4755,.F.);
#6337=ORIENTED_EDGE('',*,*,#4840,.T.);
#6338=ORIENTED_EDGE('',*,*,#4841,.T.);
#6339=ORIENTED_EDGE('',*,*,#4838,.F.);
#6340=ORIENTED_EDGE('',*,*,#4747,.F.);
#6341=ORIENTED_EDGE('',*,*,#4476,.T.);
#6342=ORIENTED_EDGE('',*,*,#4478,.T.);
#6343=ORIENTED_EDGE('',*,*,#4754,.F.);
#6344=ORIENTED_EDGE('',*,*,#4842,.T.);
#6345=ORIENTED_EDGE('',*,*,#4843,.T.);
#6346=ORIENTED_EDGE('',*,*,#4840,.F.);
#6347=ORIENTED_EDGE('',*,*,#4753,.F.);
#6348=ORIENTED_EDGE('',*,*,#4844,.T.);
#6349=ORIENTED_EDGE('',*,*,#4845,.T.);
#6350=ORIENTED_EDGE('',*,*,#4842,.F.);
#6351=ORIENTED_EDGE('',*,*,#4752,.F.);
#6352=ORIENTED_EDGE('',*,*,#4833,.T.);
#6353=ORIENTED_EDGE('',*,*,#4846,.T.);
#6354=ORIENTED_EDGE('',*,*,#4844,.F.);
#6355=ORIENTED_EDGE('',*,*,#4846,.F.);
#6356=ORIENTED_EDGE('',*,*,#4832,.F.);
#6357=ORIENTED_EDGE('',*,*,#4835,.F.);
#6358=ORIENTED_EDGE('',*,*,#4837,.F.);
#6359=ORIENTED_EDGE('',*,*,#4839,.F.);
#6360=ORIENTED_EDGE('',*,*,#4841,.F.);
#6361=ORIENTED_EDGE('',*,*,#4843,.F.);
#6362=ORIENTED_EDGE('',*,*,#4845,.F.);
#6363=ORIENTED_EDGE('',*,*,#4390,.T.);
#6364=ORIENTED_EDGE('',*,*,#4740,.F.);
#6365=ORIENTED_EDGE('',*,*,#4847,.T.);
#6366=ORIENTED_EDGE('',*,*,#4848,.T.);
#6367=ORIENTED_EDGE('',*,*,#4849,.F.);
#6368=ORIENTED_EDGE('',*,*,#4739,.F.);
#6369=ORIENTED_EDGE('',*,*,#4850,.T.);
#6370=ORIENTED_EDGE('',*,*,#4851,.T.);
#6371=ORIENTED_EDGE('',*,*,#4847,.F.);
#6372=ORIENTED_EDGE('',*,*,#4479,.T.);
#6373=ORIENTED_EDGE('',*,*,#4746,.F.);
#6374=ORIENTED_EDGE('',*,*,#4852,.T.);
#6375=ORIENTED_EDGE('',*,*,#4853,.T.);
#6376=ORIENTED_EDGE('',*,*,#4850,.F.);
#6377=ORIENTED_EDGE('',*,*,#4738,.F.);
#6378=ORIENTED_EDGE('',*,*,#4481,.T.);
#6379=ORIENTED_EDGE('',*,*,#4483,.T.);
#6380=ORIENTED_EDGE('',*,*,#4745,.F.);
#6381=ORIENTED_EDGE('',*,*,#4854,.T.);
#6382=ORIENTED_EDGE('',*,*,#4855,.T.);
#6383=ORIENTED_EDGE('',*,*,#4852,.F.);
#6384=ORIENTED_EDGE('',*,*,#4744,.F.);
#6385=ORIENTED_EDGE('',*,*,#4856,.T.);
#6386=ORIENTED_EDGE('',*,*,#4857,.T.);
#6387=ORIENTED_EDGE('',*,*,#4854,.F.);
#6388=ORIENTED_EDGE('',*,*,#4743,.F.);
#6389=ORIENTED_EDGE('',*,*,#4858,.T.);
#6390=ORIENTED_EDGE('',*,*,#4859,.T.);
#6391=ORIENTED_EDGE('',*,*,#4856,.F.);
#6392=ORIENTED_EDGE('',*,*,#4742,.F.);
#6393=ORIENTED_EDGE('',*,*,#4860,.T.);
#6394=ORIENTED_EDGE('',*,*,#4861,.T.);
#6395=ORIENTED_EDGE('',*,*,#4858,.F.);
#6396=ORIENTED_EDGE('',*,*,#4741,.F.);
#6397=ORIENTED_EDGE('',*,*,#4849,.T.);
#6398=ORIENTED_EDGE('',*,*,#4862,.T.);
#6399=ORIENTED_EDGE('',*,*,#4860,.F.);
#6400=ORIENTED_EDGE('',*,*,#4862,.F.);
#6401=ORIENTED_EDGE('',*,*,#4848,.F.);
#6402=ORIENTED_EDGE('',*,*,#4851,.F.);
#6403=ORIENTED_EDGE('',*,*,#4853,.F.);
#6404=ORIENTED_EDGE('',*,*,#4855,.F.);
#6405=ORIENTED_EDGE('',*,*,#4857,.F.);
#6406=ORIENTED_EDGE('',*,*,#4859,.F.);
#6407=ORIENTED_EDGE('',*,*,#4861,.F.);
#6408=ORIENTED_EDGE('',*,*,#4393,.T.);
#6409=ORIENTED_EDGE('',*,*,#4733,.F.);
#6410=ORIENTED_EDGE('',*,*,#4863,.T.);
#6411=ORIENTED_EDGE('',*,*,#4864,.T.);
#6412=ORIENTED_EDGE('',*,*,#4865,.F.);
#6413=ORIENTED_EDGE('',*,*,#4732,.F.);
#6414=ORIENTED_EDGE('',*,*,#4866,.T.);
#6415=ORIENTED_EDGE('',*,*,#4867,.T.);
#6416=ORIENTED_EDGE('',*,*,#4863,.F.);
#6417=ORIENTED_EDGE('',*,*,#4731,.F.);
#6418=ORIENTED_EDGE('',*,*,#4868,.T.);
#6419=ORIENTED_EDGE('',*,*,#4869,.T.);
#6420=ORIENTED_EDGE('',*,*,#4866,.F.);
#6421=ORIENTED_EDGE('',*,*,#4730,.F.);
#6422=ORIENTED_EDGE('',*,*,#4870,.T.);
#6423=ORIENTED_EDGE('',*,*,#4871,.T.);
#6424=ORIENTED_EDGE('',*,*,#4868,.F.);
#6425=ORIENTED_EDGE('',*,*,#4484,.T.);
#6426=ORIENTED_EDGE('',*,*,#4737,.F.);
#6427=ORIENTED_EDGE('',*,*,#4872,.T.);
#6428=ORIENTED_EDGE('',*,*,#4873,.T.);
#6429=ORIENTED_EDGE('',*,*,#4870,.F.);
#6430=ORIENTED_EDGE('',*,*,#4729,.F.);
#6431=ORIENTED_EDGE('',*,*,#4486,.T.);
#6432=ORIENTED_EDGE('',*,*,#4488,.T.);
#6433=ORIENTED_EDGE('',*,*,#4736,.F.);
#6434=ORIENTED_EDGE('',*,*,#4874,.T.);
#6435=ORIENTED_EDGE('',*,*,#4875,.T.);
#6436=ORIENTED_EDGE('',*,*,#4872,.F.);
#6437=ORIENTED_EDGE('',*,*,#4735,.F.);
#6438=ORIENTED_EDGE('',*,*,#4876,.T.);
#6439=ORIENTED_EDGE('',*,*,#4877,.T.);
#6440=ORIENTED_EDGE('',*,*,#4874,.F.);
#6441=ORIENTED_EDGE('',*,*,#4734,.F.);
#6442=ORIENTED_EDGE('',*,*,#4865,.T.);
#6443=ORIENTED_EDGE('',*,*,#4878,.T.);
#6444=ORIENTED_EDGE('',*,*,#4876,.F.);
#6445=ORIENTED_EDGE('',*,*,#4878,.F.);
#6446=ORIENTED_EDGE('',*,*,#4864,.F.);
#6447=ORIENTED_EDGE('',*,*,#4867,.F.);
#6448=ORIENTED_EDGE('',*,*,#4869,.F.);
#6449=ORIENTED_EDGE('',*,*,#4871,.F.);
#6450=ORIENTED_EDGE('',*,*,#4873,.F.);
#6451=ORIENTED_EDGE('',*,*,#4875,.F.);
#6452=ORIENTED_EDGE('',*,*,#4877,.F.);
#6453=ORIENTED_EDGE('',*,*,#4408,.T.);
#6454=ORIENTED_EDGE('',*,*,#4723,.F.);
#6455=ORIENTED_EDGE('',*,*,#4879,.T.);
#6456=ORIENTED_EDGE('',*,*,#4880,.T.);
#6457=ORIENTED_EDGE('',*,*,#4881,.F.);
#6458=ORIENTED_EDGE('',*,*,#4722,.F.);
#6459=ORIENTED_EDGE('',*,*,#4882,.T.);
#6460=ORIENTED_EDGE('',*,*,#4883,.T.);
#6461=ORIENTED_EDGE('',*,*,#4879,.F.);
#6462=ORIENTED_EDGE('',*,*,#4721,.F.);
#6463=ORIENTED_EDGE('',*,*,#4884,.T.);
#6464=ORIENTED_EDGE('',*,*,#4885,.T.);
#6465=ORIENTED_EDGE('',*,*,#4882,.F.);
#6466=ORIENTED_EDGE('',*,*,#4489,.T.);
#6467=ORIENTED_EDGE('',*,*,#4728,.F.);
#6468=ORIENTED_EDGE('',*,*,#4886,.T.);
#6469=ORIENTED_EDGE('',*,*,#4887,.T.);
#6470=ORIENTED_EDGE('',*,*,#4884,.F.);
#6471=ORIENTED_EDGE('',*,*,#4720,.F.);
#6472=ORIENTED_EDGE('',*,*,#4491,.T.);
#6473=ORIENTED_EDGE('',*,*,#4493,.T.);
#6474=ORIENTED_EDGE('',*,*,#4727,.F.);
#6475=ORIENTED_EDGE('',*,*,#4888,.T.);
#6476=ORIENTED_EDGE('',*,*,#4889,.T.);
#6477=ORIENTED_EDGE('',*,*,#4886,.F.);
#6478=ORIENTED_EDGE('',*,*,#4726,.F.);
#6479=ORIENTED_EDGE('',*,*,#4890,.T.);
#6480=ORIENTED_EDGE('',*,*,#4891,.T.);
#6481=ORIENTED_EDGE('',*,*,#4888,.F.);
#6482=ORIENTED_EDGE('',*,*,#4725,.F.);
#6483=ORIENTED_EDGE('',*,*,#4892,.T.);
#6484=ORIENTED_EDGE('',*,*,#4893,.T.);
#6485=ORIENTED_EDGE('',*,*,#4890,.F.);
#6486=ORIENTED_EDGE('',*,*,#4724,.F.);
#6487=ORIENTED_EDGE('',*,*,#4881,.T.);
#6488=ORIENTED_EDGE('',*,*,#4894,.T.);
#6489=ORIENTED_EDGE('',*,*,#4892,.F.);
#6490=ORIENTED_EDGE('',*,*,#4894,.F.);
#6491=ORIENTED_EDGE('',*,*,#4880,.F.);
#6492=ORIENTED_EDGE('',*,*,#4883,.F.);
#6493=ORIENTED_EDGE('',*,*,#4885,.F.);
#6494=ORIENTED_EDGE('',*,*,#4887,.F.);
#6495=ORIENTED_EDGE('',*,*,#4889,.F.);
#6496=ORIENTED_EDGE('',*,*,#4891,.F.);
#6497=ORIENTED_EDGE('',*,*,#4893,.F.);
#6498=ORIENTED_EDGE('',*,*,#4405,.T.);
#6499=ORIENTED_EDGE('',*,*,#4494,.T.);
#6500=ORIENTED_EDGE('',*,*,#4719,.F.);
#6501=ORIENTED_EDGE('',*,*,#4895,.T.);
#6502=ORIENTED_EDGE('',*,*,#4896,.T.);
#6503=ORIENTED_EDGE('',*,*,#4897,.F.);
#6504=ORIENTED_EDGE('',*,*,#4711,.F.);
#6505=ORIENTED_EDGE('',*,*,#4496,.T.);
#6506=ORIENTED_EDGE('',*,*,#4498,.T.);
#6507=ORIENTED_EDGE('',*,*,#4718,.F.);
#6508=ORIENTED_EDGE('',*,*,#4898,.T.);
#6509=ORIENTED_EDGE('',*,*,#4899,.T.);
#6510=ORIENTED_EDGE('',*,*,#4895,.F.);
#6511=ORIENTED_EDGE('',*,*,#4717,.F.);
#6512=ORIENTED_EDGE('',*,*,#4900,.T.);
#6513=ORIENTED_EDGE('',*,*,#4901,.T.);
#6514=ORIENTED_EDGE('',*,*,#4898,.F.);
#6515=ORIENTED_EDGE('',*,*,#4716,.F.);
#6516=ORIENTED_EDGE('',*,*,#4902,.T.);
#6517=ORIENTED_EDGE('',*,*,#4903,.T.);
#6518=ORIENTED_EDGE('',*,*,#4900,.F.);
#6519=ORIENTED_EDGE('',*,*,#4715,.F.);
#6520=ORIENTED_EDGE('',*,*,#4904,.T.);
#6521=ORIENTED_EDGE('',*,*,#4905,.T.);
#6522=ORIENTED_EDGE('',*,*,#4902,.F.);
#6523=ORIENTED_EDGE('',*,*,#4714,.F.);
#6524=ORIENTED_EDGE('',*,*,#4906,.T.);
#6525=ORIENTED_EDGE('',*,*,#4907,.T.);
#6526=ORIENTED_EDGE('',*,*,#4904,.F.);
#6527=ORIENTED_EDGE('',*,*,#4713,.F.);
#6528=ORIENTED_EDGE('',*,*,#4908,.T.);
#6529=ORIENTED_EDGE('',*,*,#4909,.T.);
#6530=ORIENTED_EDGE('',*,*,#4906,.F.);
#6531=ORIENTED_EDGE('',*,*,#4712,.F.);
#6532=ORIENTED_EDGE('',*,*,#4897,.T.);
#6533=ORIENTED_EDGE('',*,*,#4910,.T.);
#6534=ORIENTED_EDGE('',*,*,#4908,.F.);
#6535=ORIENTED_EDGE('',*,*,#4910,.F.);
#6536=ORIENTED_EDGE('',*,*,#4896,.F.);
#6537=ORIENTED_EDGE('',*,*,#4899,.F.);
#6538=ORIENTED_EDGE('',*,*,#4901,.F.);
#6539=ORIENTED_EDGE('',*,*,#4903,.F.);
#6540=ORIENTED_EDGE('',*,*,#4905,.F.);
#6541=ORIENTED_EDGE('',*,*,#4907,.F.);
#6542=ORIENTED_EDGE('',*,*,#4909,.F.);
#6543=ORIENTED_EDGE('',*,*,#4420,.T.);
#6544=ORIENTED_EDGE('',*,*,#4704,.F.);
#6545=ORIENTED_EDGE('',*,*,#4911,.T.);
#6546=ORIENTED_EDGE('',*,*,#4912,.T.);
#6547=ORIENTED_EDGE('',*,*,#4913,.F.);
#6548=ORIENTED_EDGE('',*,*,#4703,.F.);
#6549=ORIENTED_EDGE('',*,*,#4914,.T.);
#6550=ORIENTED_EDGE('',*,*,#4915,.T.);
#6551=ORIENTED_EDGE('',*,*,#4911,.F.);
#6552=ORIENTED_EDGE('',*,*,#4499,.T.);
#6553=ORIENTED_EDGE('',*,*,#4710,.F.);
#6554=ORIENTED_EDGE('',*,*,#4916,.T.);
#6555=ORIENTED_EDGE('',*,*,#4917,.T.);
#6556=ORIENTED_EDGE('',*,*,#4914,.F.);
#6557=ORIENTED_EDGE('',*,*,#4702,.F.);
#6558=ORIENTED_EDGE('',*,*,#4501,.T.);
#6559=ORIENTED_EDGE('',*,*,#4503,.T.);
#6560=ORIENTED_EDGE('',*,*,#4709,.F.);
#6561=ORIENTED_EDGE('',*,*,#4918,.T.);
#6562=ORIENTED_EDGE('',*,*,#4919,.T.);
#6563=ORIENTED_EDGE('',*,*,#4916,.F.);
#6564=ORIENTED_EDGE('',*,*,#4708,.F.);
#6565=ORIENTED_EDGE('',*,*,#4920,.T.);
#6566=ORIENTED_EDGE('',*,*,#4921,.T.);
#6567=ORIENTED_EDGE('',*,*,#4918,.F.);
#6568=ORIENTED_EDGE('',*,*,#4707,.F.);
#6569=ORIENTED_EDGE('',*,*,#4922,.T.);
#6570=ORIENTED_EDGE('',*,*,#4923,.T.);
#6571=ORIENTED_EDGE('',*,*,#4920,.F.);
#6572=ORIENTED_EDGE('',*,*,#4706,.F.);
#6573=ORIENTED_EDGE('',*,*,#4924,.T.);
#6574=ORIENTED_EDGE('',*,*,#4925,.T.);
#6575=ORIENTED_EDGE('',*,*,#4922,.F.);
#6576=ORIENTED_EDGE('',*,*,#4705,.F.);
#6577=ORIENTED_EDGE('',*,*,#4913,.T.);
#6578=ORIENTED_EDGE('',*,*,#4926,.T.);
#6579=ORIENTED_EDGE('',*,*,#4924,.F.);
#6580=ORIENTED_EDGE('',*,*,#4926,.F.);
#6581=ORIENTED_EDGE('',*,*,#4912,.F.);
#6582=ORIENTED_EDGE('',*,*,#4915,.F.);
#6583=ORIENTED_EDGE('',*,*,#4917,.F.);
#6584=ORIENTED_EDGE('',*,*,#4919,.F.);
#6585=ORIENTED_EDGE('',*,*,#4921,.F.);
#6586=ORIENTED_EDGE('',*,*,#4923,.F.);
#6587=ORIENTED_EDGE('',*,*,#4925,.F.);
#6588=ORIENTED_EDGE('',*,*,#4417,.T.);
#6589=ORIENTED_EDGE('',*,*,#4504,.T.);
#6590=ORIENTED_EDGE('',*,*,#4701,.F.);
#6591=ORIENTED_EDGE('',*,*,#4927,.T.);
#6592=ORIENTED_EDGE('',*,*,#4928,.T.);
#6593=ORIENTED_EDGE('',*,*,#4929,.F.);
#6594=ORIENTED_EDGE('',*,*,#4693,.F.);
#6595=ORIENTED_EDGE('',*,*,#4506,.T.);
#6596=ORIENTED_EDGE('',*,*,#4508,.T.);
#6597=ORIENTED_EDGE('',*,*,#4700,.F.);
#6598=ORIENTED_EDGE('',*,*,#4930,.T.);
#6599=ORIENTED_EDGE('',*,*,#4931,.T.);
#6600=ORIENTED_EDGE('',*,*,#4927,.F.);
#6601=ORIENTED_EDGE('',*,*,#4699,.F.);
#6602=ORIENTED_EDGE('',*,*,#4932,.T.);
#6603=ORIENTED_EDGE('',*,*,#4933,.T.);
#6604=ORIENTED_EDGE('',*,*,#4930,.F.);
#6605=ORIENTED_EDGE('',*,*,#4698,.F.);
#6606=ORIENTED_EDGE('',*,*,#4934,.T.);
#6607=ORIENTED_EDGE('',*,*,#4935,.T.);
#6608=ORIENTED_EDGE('',*,*,#4932,.F.);
#6609=ORIENTED_EDGE('',*,*,#4697,.F.);
#6610=ORIENTED_EDGE('',*,*,#4936,.T.);
#6611=ORIENTED_EDGE('',*,*,#4937,.T.);
#6612=ORIENTED_EDGE('',*,*,#4934,.F.);
#6613=ORIENTED_EDGE('',*,*,#4696,.F.);
#6614=ORIENTED_EDGE('',*,*,#4938,.T.);
#6615=ORIENTED_EDGE('',*,*,#4939,.T.);
#6616=ORIENTED_EDGE('',*,*,#4936,.F.);
#6617=ORIENTED_EDGE('',*,*,#4695,.F.);
#6618=ORIENTED_EDGE('',*,*,#4940,.T.);
#6619=ORIENTED_EDGE('',*,*,#4941,.T.);
#6620=ORIENTED_EDGE('',*,*,#4938,.F.);
#6621=ORIENTED_EDGE('',*,*,#4694,.F.);
#6622=ORIENTED_EDGE('',*,*,#4929,.T.);
#6623=ORIENTED_EDGE('',*,*,#4942,.T.);
#6624=ORIENTED_EDGE('',*,*,#4940,.F.);
#6625=ORIENTED_EDGE('',*,*,#4942,.F.);
#6626=ORIENTED_EDGE('',*,*,#4928,.F.);
#6627=ORIENTED_EDGE('',*,*,#4931,.F.);
#6628=ORIENTED_EDGE('',*,*,#4933,.F.);
#6629=ORIENTED_EDGE('',*,*,#4935,.F.);
#6630=ORIENTED_EDGE('',*,*,#4937,.F.);
#6631=ORIENTED_EDGE('',*,*,#4939,.F.);
#6632=ORIENTED_EDGE('',*,*,#4941,.F.);
#6633=ORIENTED_EDGE('',*,*,#4414,.T.);
#6634=ORIENTED_EDGE('',*,*,#4688,.F.);
#6635=ORIENTED_EDGE('',*,*,#4943,.T.);
#6636=ORIENTED_EDGE('',*,*,#4944,.T.);
#6637=ORIENTED_EDGE('',*,*,#4945,.F.);
#6638=ORIENTED_EDGE('',*,*,#4687,.F.);
#6639=ORIENTED_EDGE('',*,*,#4946,.T.);
#6640=ORIENTED_EDGE('',*,*,#4947,.T.);
#6641=ORIENTED_EDGE('',*,*,#4943,.F.);
#6642=ORIENTED_EDGE('',*,*,#4686,.F.);
#6643=ORIENTED_EDGE('',*,*,#4948,.T.);
#6644=ORIENTED_EDGE('',*,*,#4949,.T.);
#6645=ORIENTED_EDGE('',*,*,#4946,.F.);
#6646=ORIENTED_EDGE('',*,*,#4685,.F.);
#6647=ORIENTED_EDGE('',*,*,#4950,.T.);
#6648=ORIENTED_EDGE('',*,*,#4951,.T.);
#6649=ORIENTED_EDGE('',*,*,#4948,.F.);
#6650=ORIENTED_EDGE('',*,*,#4509,.T.);
#6651=ORIENTED_EDGE('',*,*,#4692,.F.);
#6652=ORIENTED_EDGE('',*,*,#4952,.T.);
#6653=ORIENTED_EDGE('',*,*,#4953,.T.);
#6654=ORIENTED_EDGE('',*,*,#4950,.F.);
#6655=ORIENTED_EDGE('',*,*,#4684,.F.);
#6656=ORIENTED_EDGE('',*,*,#4511,.T.);
#6657=ORIENTED_EDGE('',*,*,#4513,.T.);
#6658=ORIENTED_EDGE('',*,*,#4691,.F.);
#6659=ORIENTED_EDGE('',*,*,#4954,.T.);
#6660=ORIENTED_EDGE('',*,*,#4955,.T.);
#6661=ORIENTED_EDGE('',*,*,#4952,.F.);
#6662=ORIENTED_EDGE('',*,*,#4690,.F.);
#6663=ORIENTED_EDGE('',*,*,#4956,.T.);
#6664=ORIENTED_EDGE('',*,*,#4957,.T.);
#6665=ORIENTED_EDGE('',*,*,#4954,.F.);
#6666=ORIENTED_EDGE('',*,*,#4689,.F.);
#6667=ORIENTED_EDGE('',*,*,#4945,.T.);
#6668=ORIENTED_EDGE('',*,*,#4958,.T.);
#6669=ORIENTED_EDGE('',*,*,#4956,.F.);
#6670=ORIENTED_EDGE('',*,*,#4958,.F.);
#6671=ORIENTED_EDGE('',*,*,#4944,.F.);
#6672=ORIENTED_EDGE('',*,*,#4947,.F.);
#6673=ORIENTED_EDGE('',*,*,#4949,.F.);
#6674=ORIENTED_EDGE('',*,*,#4951,.F.);
#6675=ORIENTED_EDGE('',*,*,#4953,.F.);
#6676=ORIENTED_EDGE('',*,*,#4955,.F.);
#6677=ORIENTED_EDGE('',*,*,#4957,.F.);
#6678=ORIENTED_EDGE('',*,*,#4411,.T.);
#6679=ORIENTED_EDGE('',*,*,#4514,.T.);
#6680=ORIENTED_EDGE('',*,*,#4683,.F.);
#6681=ORIENTED_EDGE('',*,*,#4959,.T.);
#6682=ORIENTED_EDGE('',*,*,#4960,.T.);
#6683=ORIENTED_EDGE('',*,*,#4961,.F.);
#6684=ORIENTED_EDGE('',*,*,#4675,.F.);
#6685=ORIENTED_EDGE('',*,*,#4516,.T.);
#6686=ORIENTED_EDGE('',*,*,#4518,.T.);
#6687=ORIENTED_EDGE('',*,*,#4682,.F.);
#6688=ORIENTED_EDGE('',*,*,#4962,.T.);
#6689=ORIENTED_EDGE('',*,*,#4963,.T.);
#6690=ORIENTED_EDGE('',*,*,#4959,.F.);
#6691=ORIENTED_EDGE('',*,*,#4681,.F.);
#6692=ORIENTED_EDGE('',*,*,#4964,.T.);
#6693=ORIENTED_EDGE('',*,*,#4965,.T.);
#6694=ORIENTED_EDGE('',*,*,#4962,.F.);
#6695=ORIENTED_EDGE('',*,*,#4680,.F.);
#6696=ORIENTED_EDGE('',*,*,#4966,.T.);
#6697=ORIENTED_EDGE('',*,*,#4967,.T.);
#6698=ORIENTED_EDGE('',*,*,#4964,.F.);
#6699=ORIENTED_EDGE('',*,*,#4679,.F.);
#6700=ORIENTED_EDGE('',*,*,#4968,.T.);
#6701=ORIENTED_EDGE('',*,*,#4969,.T.);
#6702=ORIENTED_EDGE('',*,*,#4966,.F.);
#6703=ORIENTED_EDGE('',*,*,#4678,.F.);
#6704=ORIENTED_EDGE('',*,*,#4970,.T.);
#6705=ORIENTED_EDGE('',*,*,#4971,.T.);
#6706=ORIENTED_EDGE('',*,*,#4968,.F.);
#6707=ORIENTED_EDGE('',*,*,#4677,.F.);
#6708=ORIENTED_EDGE('',*,*,#4972,.T.);
#6709=ORIENTED_EDGE('',*,*,#4973,.T.);
#6710=ORIENTED_EDGE('',*,*,#4970,.F.);
#6711=ORIENTED_EDGE('',*,*,#4676,.F.);
#6712=ORIENTED_EDGE('',*,*,#4961,.T.);
#6713=ORIENTED_EDGE('',*,*,#4974,.T.);
#6714=ORIENTED_EDGE('',*,*,#4972,.F.);
#6715=ORIENTED_EDGE('',*,*,#4974,.F.);
#6716=ORIENTED_EDGE('',*,*,#4960,.F.);
#6717=ORIENTED_EDGE('',*,*,#4963,.F.);
#6718=ORIENTED_EDGE('',*,*,#4965,.F.);
#6719=ORIENTED_EDGE('',*,*,#4967,.F.);
#6720=ORIENTED_EDGE('',*,*,#4969,.F.);
#6721=ORIENTED_EDGE('',*,*,#4971,.F.);
#6722=ORIENTED_EDGE('',*,*,#4973,.F.);
#6723=ORIENTED_EDGE('',*,*,#4435,.T.);
#6724=ORIENTED_EDGE('',*,*,#4668,.F.);
#6725=ORIENTED_EDGE('',*,*,#4975,.T.);
#6726=ORIENTED_EDGE('',*,*,#4976,.T.);
#6727=ORIENTED_EDGE('',*,*,#4977,.F.);
#6728=ORIENTED_EDGE('',*,*,#4667,.F.);
#6729=ORIENTED_EDGE('',*,*,#4978,.T.);
#6730=ORIENTED_EDGE('',*,*,#4979,.T.);
#6731=ORIENTED_EDGE('',*,*,#4975,.F.);
#6732=ORIENTED_EDGE('',*,*,#4519,.T.);
#6733=ORIENTED_EDGE('',*,*,#4674,.F.);
#6734=ORIENTED_EDGE('',*,*,#4980,.T.);
#6735=ORIENTED_EDGE('',*,*,#4981,.T.);
#6736=ORIENTED_EDGE('',*,*,#4978,.F.);
#6737=ORIENTED_EDGE('',*,*,#4666,.F.);
#6738=ORIENTED_EDGE('',*,*,#4521,.T.);
#6739=ORIENTED_EDGE('',*,*,#4523,.T.);
#6740=ORIENTED_EDGE('',*,*,#4673,.F.);
#6741=ORIENTED_EDGE('',*,*,#4982,.T.);
#6742=ORIENTED_EDGE('',*,*,#4983,.T.);
#6743=ORIENTED_EDGE('',*,*,#4980,.F.);
#6744=ORIENTED_EDGE('',*,*,#4672,.F.);
#6745=ORIENTED_EDGE('',*,*,#4984,.T.);
#6746=ORIENTED_EDGE('',*,*,#4985,.T.);
#6747=ORIENTED_EDGE('',*,*,#4982,.F.);
#6748=ORIENTED_EDGE('',*,*,#4671,.F.);
#6749=ORIENTED_EDGE('',*,*,#4986,.T.);
#6750=ORIENTED_EDGE('',*,*,#4987,.T.);
#6751=ORIENTED_EDGE('',*,*,#4984,.F.);
#6752=ORIENTED_EDGE('',*,*,#4670,.F.);
#6753=ORIENTED_EDGE('',*,*,#4988,.T.);
#6754=ORIENTED_EDGE('',*,*,#4989,.T.);
#6755=ORIENTED_EDGE('',*,*,#4986,.F.);
#6756=ORIENTED_EDGE('',*,*,#4669,.F.);
#6757=ORIENTED_EDGE('',*,*,#4977,.T.);
#6758=ORIENTED_EDGE('',*,*,#4990,.T.);
#6759=ORIENTED_EDGE('',*,*,#4988,.F.);
#6760=ORIENTED_EDGE('',*,*,#4990,.F.);
#6761=ORIENTED_EDGE('',*,*,#4976,.F.);
#6762=ORIENTED_EDGE('',*,*,#4979,.F.);
#6763=ORIENTED_EDGE('',*,*,#4981,.F.);
#6764=ORIENTED_EDGE('',*,*,#4983,.F.);
#6765=ORIENTED_EDGE('',*,*,#4985,.F.);
#6766=ORIENTED_EDGE('',*,*,#4987,.F.);
#6767=ORIENTED_EDGE('',*,*,#4989,.F.);
#6768=ORIENTED_EDGE('',*,*,#4432,.T.);
#6769=ORIENTED_EDGE('',*,*,#4658,.F.);
#6770=ORIENTED_EDGE('',*,*,#4991,.T.);
#6771=ORIENTED_EDGE('',*,*,#4992,.T.);
#6772=ORIENTED_EDGE('',*,*,#4993,.F.);
#6773=ORIENTED_EDGE('',*,*,#4524,.T.);
#6774=ORIENTED_EDGE('',*,*,#4665,.F.);
#6775=ORIENTED_EDGE('',*,*,#4994,.T.);
#6776=ORIENTED_EDGE('',*,*,#4995,.T.);
#6777=ORIENTED_EDGE('',*,*,#4991,.F.);
#6778=ORIENTED_EDGE('',*,*,#4657,.F.);
#6779=ORIENTED_EDGE('',*,*,#4526,.T.);
#6780=ORIENTED_EDGE('',*,*,#4528,.T.);
#6781=ORIENTED_EDGE('',*,*,#4664,.F.);
#6782=ORIENTED_EDGE('',*,*,#4996,.T.);
#6783=ORIENTED_EDGE('',*,*,#4997,.T.);
#6784=ORIENTED_EDGE('',*,*,#4994,.F.);
#6785=ORIENTED_EDGE('',*,*,#4663,.F.);
#6786=ORIENTED_EDGE('',*,*,#4998,.T.);
#6787=ORIENTED_EDGE('',*,*,#4999,.T.);
#6788=ORIENTED_EDGE('',*,*,#4996,.F.);
#6789=ORIENTED_EDGE('',*,*,#4662,.F.);
#6790=ORIENTED_EDGE('',*,*,#5000,.T.);
#6791=ORIENTED_EDGE('',*,*,#5001,.T.);
#6792=ORIENTED_EDGE('',*,*,#4998,.F.);
#6793=ORIENTED_EDGE('',*,*,#4661,.F.);
#6794=ORIENTED_EDGE('',*,*,#5002,.T.);
#6795=ORIENTED_EDGE('',*,*,#5003,.T.);
#6796=ORIENTED_EDGE('',*,*,#5000,.F.);
#6797=ORIENTED_EDGE('',*,*,#4660,.F.);
#6798=ORIENTED_EDGE('',*,*,#5004,.T.);
#6799=ORIENTED_EDGE('',*,*,#5005,.T.);
#6800=ORIENTED_EDGE('',*,*,#5002,.F.);
#6801=ORIENTED_EDGE('',*,*,#4659,.F.);
#6802=ORIENTED_EDGE('',*,*,#4993,.T.);
#6803=ORIENTED_EDGE('',*,*,#5006,.T.);
#6804=ORIENTED_EDGE('',*,*,#5004,.F.);
#6805=ORIENTED_EDGE('',*,*,#5006,.F.);
#6806=ORIENTED_EDGE('',*,*,#4992,.F.);
#6807=ORIENTED_EDGE('',*,*,#4995,.F.);
#6808=ORIENTED_EDGE('',*,*,#4997,.F.);
#6809=ORIENTED_EDGE('',*,*,#4999,.F.);
#6810=ORIENTED_EDGE('',*,*,#5001,.F.);
#6811=ORIENTED_EDGE('',*,*,#5003,.F.);
#6812=ORIENTED_EDGE('',*,*,#5005,.F.);
#6813=ORIENTED_EDGE('',*,*,#4429,.T.);
#6814=ORIENTED_EDGE('',*,*,#4650,.F.);
#6815=ORIENTED_EDGE('',*,*,#5007,.T.);
#6816=ORIENTED_EDGE('',*,*,#5008,.T.);
#6817=ORIENTED_EDGE('',*,*,#5009,.F.);
#6818=ORIENTED_EDGE('',*,*,#4649,.F.);
#6819=ORIENTED_EDGE('',*,*,#5010,.T.);
#6820=ORIENTED_EDGE('',*,*,#5011,.T.);
#6821=ORIENTED_EDGE('',*,*,#5007,.F.);
#6822=ORIENTED_EDGE('',*,*,#4529,.T.);
#6823=ORIENTED_EDGE('',*,*,#4656,.F.);
#6824=ORIENTED_EDGE('',*,*,#5012,.T.);
#6825=ORIENTED_EDGE('',*,*,#5013,.T.);
#6826=ORIENTED_EDGE('',*,*,#5010,.F.);
#6827=ORIENTED_EDGE('',*,*,#4648,.F.);
#6828=ORIENTED_EDGE('',*,*,#4531,.T.);
#6829=ORIENTED_EDGE('',*,*,#4533,.T.);
#6830=ORIENTED_EDGE('',*,*,#4655,.F.);
#6831=ORIENTED_EDGE('',*,*,#5014,.T.);
#6832=ORIENTED_EDGE('',*,*,#5015,.T.);
#6833=ORIENTED_EDGE('',*,*,#5012,.F.);
#6834=ORIENTED_EDGE('',*,*,#4654,.F.);
#6835=ORIENTED_EDGE('',*,*,#5016,.T.);
#6836=ORIENTED_EDGE('',*,*,#5017,.T.);
#6837=ORIENTED_EDGE('',*,*,#5014,.F.);
#6838=ORIENTED_EDGE('',*,*,#4653,.F.);
#6839=ORIENTED_EDGE('',*,*,#5018,.T.);
#6840=ORIENTED_EDGE('',*,*,#5019,.T.);
#6841=ORIENTED_EDGE('',*,*,#5016,.F.);
#6842=ORIENTED_EDGE('',*,*,#4652,.F.);
#6843=ORIENTED_EDGE('',*,*,#5020,.T.);
#6844=ORIENTED_EDGE('',*,*,#5021,.T.);
#6845=ORIENTED_EDGE('',*,*,#5018,.F.);
#6846=ORIENTED_EDGE('',*,*,#4651,.F.);
#6847=ORIENTED_EDGE('',*,*,#5009,.T.);
#6848=ORIENTED_EDGE('',*,*,#5022,.T.);
#6849=ORIENTED_EDGE('',*,*,#5020,.F.);
#6850=ORIENTED_EDGE('',*,*,#5022,.F.);
#6851=ORIENTED_EDGE('',*,*,#5008,.F.);
#6852=ORIENTED_EDGE('',*,*,#5011,.F.);
#6853=ORIENTED_EDGE('',*,*,#5013,.F.);
#6854=ORIENTED_EDGE('',*,*,#5015,.F.);
#6855=ORIENTED_EDGE('',*,*,#5017,.F.);
#6856=ORIENTED_EDGE('',*,*,#5019,.F.);
#6857=ORIENTED_EDGE('',*,*,#5021,.F.);
#6858=ORIENTED_EDGE('',*,*,#4423,.T.);
#6859=ORIENTED_EDGE('',*,*,#4645,.F.);
#6860=ORIENTED_EDGE('',*,*,#5023,.T.);
#6861=ORIENTED_EDGE('',*,*,#5024,.T.);
#6862=ORIENTED_EDGE('',*,*,#5025,.F.);
#6863=ORIENTED_EDGE('',*,*,#4644,.F.);
#6864=ORIENTED_EDGE('',*,*,#5026,.T.);
#6865=ORIENTED_EDGE('',*,*,#5027,.T.);
#6866=ORIENTED_EDGE('',*,*,#5023,.F.);
#6867=ORIENTED_EDGE('',*,*,#4643,.F.);
#6868=ORIENTED_EDGE('',*,*,#5028,.T.);
#6869=ORIENTED_EDGE('',*,*,#5029,.T.);
#6870=ORIENTED_EDGE('',*,*,#5026,.F.);
#6871=ORIENTED_EDGE('',*,*,#4642,.F.);
#6872=ORIENTED_EDGE('',*,*,#5030,.T.);
#6873=ORIENTED_EDGE('',*,*,#5031,.T.);
#6874=ORIENTED_EDGE('',*,*,#5028,.F.);
#6875=ORIENTED_EDGE('',*,*,#4641,.F.);
#6876=ORIENTED_EDGE('',*,*,#5032,.T.);
#6877=ORIENTED_EDGE('',*,*,#5033,.T.);
#6878=ORIENTED_EDGE('',*,*,#5030,.F.);
#6879=ORIENTED_EDGE('',*,*,#4640,.F.);
#6880=ORIENTED_EDGE('',*,*,#5034,.T.);
#6881=ORIENTED_EDGE('',*,*,#5035,.T.);
#6882=ORIENTED_EDGE('',*,*,#5032,.F.);
#6883=ORIENTED_EDGE('',*,*,#4534,.T.);
#6884=ORIENTED_EDGE('',*,*,#4647,.F.);
#6885=ORIENTED_EDGE('',*,*,#5036,.T.);
#6886=ORIENTED_EDGE('',*,*,#5037,.T.);
#6887=ORIENTED_EDGE('',*,*,#5034,.F.);
#6888=ORIENTED_EDGE('',*,*,#4639,.F.);
#6889=ORIENTED_EDGE('',*,*,#4536,.T.);
#6890=ORIENTED_EDGE('',*,*,#4538,.T.);
#6891=ORIENTED_EDGE('',*,*,#4646,.F.);
#6892=ORIENTED_EDGE('',*,*,#5025,.T.);
#6893=ORIENTED_EDGE('',*,*,#5038,.T.);
#6894=ORIENTED_EDGE('',*,*,#5036,.F.);
#6895=ORIENTED_EDGE('',*,*,#5038,.F.);
#6896=ORIENTED_EDGE('',*,*,#5024,.F.);
#6897=ORIENTED_EDGE('',*,*,#5027,.F.);
#6898=ORIENTED_EDGE('',*,*,#5029,.F.);
#6899=ORIENTED_EDGE('',*,*,#5031,.F.);
#6900=ORIENTED_EDGE('',*,*,#5033,.F.);
#6901=ORIENTED_EDGE('',*,*,#5035,.F.);
#6902=ORIENTED_EDGE('',*,*,#5037,.F.);
#6903=ORIENTED_EDGE('',*,*,#4426,.T.);
#6904=ORIENTED_EDGE('',*,*,#4634,.F.);
#6905=ORIENTED_EDGE('',*,*,#5039,.T.);
#6906=ORIENTED_EDGE('',*,*,#5040,.T.);
#6907=ORIENTED_EDGE('',*,*,#5041,.F.);
#6908=ORIENTED_EDGE('',*,*,#4633,.F.);
#6909=ORIENTED_EDGE('',*,*,#5042,.T.);
#6910=ORIENTED_EDGE('',*,*,#5043,.T.);
#6911=ORIENTED_EDGE('',*,*,#5039,.F.);
#6912=ORIENTED_EDGE('',*,*,#4632,.F.);
#6913=ORIENTED_EDGE('',*,*,#5044,.T.);
#6914=ORIENTED_EDGE('',*,*,#5045,.T.);
#6915=ORIENTED_EDGE('',*,*,#5042,.F.);
#6916=ORIENTED_EDGE('',*,*,#4631,.F.);
#6917=ORIENTED_EDGE('',*,*,#5046,.T.);
#6918=ORIENTED_EDGE('',*,*,#5047,.T.);
#6919=ORIENTED_EDGE('',*,*,#5044,.F.);
#6920=ORIENTED_EDGE('',*,*,#4539,.T.);
#6921=ORIENTED_EDGE('',*,*,#4638,.F.);
#6922=ORIENTED_EDGE('',*,*,#5048,.T.);
#6923=ORIENTED_EDGE('',*,*,#5049,.T.);
#6924=ORIENTED_EDGE('',*,*,#5046,.F.);
#6925=ORIENTED_EDGE('',*,*,#4630,.F.);
#6926=ORIENTED_EDGE('',*,*,#4541,.T.);
#6927=ORIENTED_EDGE('',*,*,#4543,.T.);
#6928=ORIENTED_EDGE('',*,*,#4637,.F.);
#6929=ORIENTED_EDGE('',*,*,#5050,.T.);
#6930=ORIENTED_EDGE('',*,*,#5051,.T.);
#6931=ORIENTED_EDGE('',*,*,#5048,.F.);
#6932=ORIENTED_EDGE('',*,*,#4636,.F.);
#6933=ORIENTED_EDGE('',*,*,#5052,.T.);
#6934=ORIENTED_EDGE('',*,*,#5053,.T.);
#6935=ORIENTED_EDGE('',*,*,#5050,.F.);
#6936=ORIENTED_EDGE('',*,*,#4635,.F.);
#6937=ORIENTED_EDGE('',*,*,#5041,.T.);
#6938=ORIENTED_EDGE('',*,*,#5054,.T.);
#6939=ORIENTED_EDGE('',*,*,#5052,.F.);
#6940=ORIENTED_EDGE('',*,*,#5054,.F.);
#6941=ORIENTED_EDGE('',*,*,#5040,.F.);
#6942=ORIENTED_EDGE('',*,*,#5043,.F.);
#6943=ORIENTED_EDGE('',*,*,#5045,.F.);
#6944=ORIENTED_EDGE('',*,*,#5047,.F.);
#6945=ORIENTED_EDGE('',*,*,#5049,.F.);
#6946=ORIENTED_EDGE('',*,*,#5051,.F.);
#6947=ORIENTED_EDGE('',*,*,#5053,.F.);
#6948=ORIENTED_EDGE('',*,*,#4441,.T.);
#6949=ORIENTED_EDGE('',*,*,#4628,.F.);
#6950=ORIENTED_EDGE('',*,*,#5055,.T.);
#6951=ORIENTED_EDGE('',*,*,#5056,.T.);
#6952=ORIENTED_EDGE('',*,*,#5057,.F.);
#6953=ORIENTED_EDGE('',*,*,#4627,.F.);
#6954=ORIENTED_EDGE('',*,*,#5058,.T.);
#6955=ORIENTED_EDGE('',*,*,#5059,.T.);
#6956=ORIENTED_EDGE('',*,*,#5055,.F.);
#6957=ORIENTED_EDGE('',*,*,#4626,.F.);
#6958=ORIENTED_EDGE('',*,*,#5060,.T.);
#6959=ORIENTED_EDGE('',*,*,#5061,.T.);
#6960=ORIENTED_EDGE('',*,*,#5058,.F.);
#6961=ORIENTED_EDGE('',*,*,#4625,.F.);
#6962=ORIENTED_EDGE('',*,*,#5062,.T.);
#6963=ORIENTED_EDGE('',*,*,#5063,.T.);
#6964=ORIENTED_EDGE('',*,*,#5060,.F.);
#6965=ORIENTED_EDGE('',*,*,#4624,.F.);
#6966=ORIENTED_EDGE('',*,*,#5064,.T.);
#6967=ORIENTED_EDGE('',*,*,#5065,.T.);
#6968=ORIENTED_EDGE('',*,*,#5062,.F.);
#6969=ORIENTED_EDGE('',*,*,#4623,.F.);
#6970=ORIENTED_EDGE('',*,*,#5066,.T.);
#6971=ORIENTED_EDGE('',*,*,#5067,.T.);
#6972=ORIENTED_EDGE('',*,*,#5064,.F.);
#6973=ORIENTED_EDGE('',*,*,#4622,.F.);
#6974=ORIENTED_EDGE('',*,*,#5068,.T.);
#6975=ORIENTED_EDGE('',*,*,#5069,.T.);
#6976=ORIENTED_EDGE('',*,*,#5066,.F.);
#6977=ORIENTED_EDGE('',*,*,#4544,.T.);
#6978=ORIENTED_EDGE('',*,*,#4629,.F.);
#6979=ORIENTED_EDGE('',*,*,#5057,.T.);
#6980=ORIENTED_EDGE('',*,*,#5070,.T.);
#6981=ORIENTED_EDGE('',*,*,#5068,.F.);
#6982=ORIENTED_EDGE('',*,*,#4621,.F.);
#6983=ORIENTED_EDGE('',*,*,#4546,.T.);
#6984=ORIENTED_EDGE('',*,*,#4548,.T.);
#6985=ORIENTED_EDGE('',*,*,#5070,.F.);
#6986=ORIENTED_EDGE('',*,*,#5056,.F.);
#6987=ORIENTED_EDGE('',*,*,#5059,.F.);
#6988=ORIENTED_EDGE('',*,*,#5061,.F.);
#6989=ORIENTED_EDGE('',*,*,#5063,.F.);
#6990=ORIENTED_EDGE('',*,*,#5065,.F.);
#6991=ORIENTED_EDGE('',*,*,#5067,.F.);
#6992=ORIENTED_EDGE('',*,*,#5069,.F.);
#6993=ORIENTED_EDGE('',*,*,#4438,.T.);
#6994=ORIENTED_EDGE('',*,*,#4616,.F.);
#6995=ORIENTED_EDGE('',*,*,#5071,.T.);
#6996=ORIENTED_EDGE('',*,*,#5072,.T.);
#6997=ORIENTED_EDGE('',*,*,#5073,.F.);
#6998=ORIENTED_EDGE('',*,*,#4615,.F.);
#6999=ORIENTED_EDGE('',*,*,#5074,.T.);
#7000=ORIENTED_EDGE('',*,*,#5075,.T.);
#7001=ORIENTED_EDGE('',*,*,#5071,.F.);
#7002=ORIENTED_EDGE('',*,*,#4614,.F.);
#7003=ORIENTED_EDGE('',*,*,#5076,.T.);
#7004=ORIENTED_EDGE('',*,*,#5077,.T.);
#7005=ORIENTED_EDGE('',*,*,#5074,.F.);
#7006=ORIENTED_EDGE('',*,*,#4613,.F.);
#7007=ORIENTED_EDGE('',*,*,#5078,.T.);
#7008=ORIENTED_EDGE('',*,*,#5079,.T.);
#7009=ORIENTED_EDGE('',*,*,#5076,.F.);
#7010=ORIENTED_EDGE('',*,*,#4549,.T.);
#7011=ORIENTED_EDGE('',*,*,#4620,.F.);
#7012=ORIENTED_EDGE('',*,*,#5080,.T.);
#7013=ORIENTED_EDGE('',*,*,#5081,.T.);
#7014=ORIENTED_EDGE('',*,*,#5078,.F.);
#7015=ORIENTED_EDGE('',*,*,#4612,.F.);
#7016=ORIENTED_EDGE('',*,*,#4551,.T.);
#7017=ORIENTED_EDGE('',*,*,#4553,.T.);
#7018=ORIENTED_EDGE('',*,*,#4619,.F.);
#7019=ORIENTED_EDGE('',*,*,#5082,.T.);
#7020=ORIENTED_EDGE('',*,*,#5083,.T.);
#7021=ORIENTED_EDGE('',*,*,#5080,.F.);
#7022=ORIENTED_EDGE('',*,*,#4618,.F.);
#7023=ORIENTED_EDGE('',*,*,#5084,.T.);
#7024=ORIENTED_EDGE('',*,*,#5085,.T.);
#7025=ORIENTED_EDGE('',*,*,#5082,.F.);
#7026=ORIENTED_EDGE('',*,*,#4617,.F.);
#7027=ORIENTED_EDGE('',*,*,#5073,.T.);
#7028=ORIENTED_EDGE('',*,*,#5086,.T.);
#7029=ORIENTED_EDGE('',*,*,#5084,.F.);
#7030=ORIENTED_EDGE('',*,*,#5086,.F.);
#7031=ORIENTED_EDGE('',*,*,#5072,.F.);
#7032=ORIENTED_EDGE('',*,*,#5075,.F.);
#7033=ORIENTED_EDGE('',*,*,#5077,.F.);
#7034=ORIENTED_EDGE('',*,*,#5079,.F.);
#7035=ORIENTED_EDGE('',*,*,#5081,.F.);
#7036=ORIENTED_EDGE('',*,*,#5083,.F.);
#7037=ORIENTED_EDGE('',*,*,#5085,.F.);
#7038=ORIENTED_EDGE('',*,*,#4453,.T.);
#7039=ORIENTED_EDGE('',*,*,#4605,.F.);
#7040=ORIENTED_EDGE('',*,*,#5087,.T.);
#7041=ORIENTED_EDGE('',*,*,#5088,.T.);
#7042=ORIENTED_EDGE('',*,*,#5089,.F.);
#7043=ORIENTED_EDGE('',*,*,#4604,.F.);
#7044=ORIENTED_EDGE('',*,*,#5090,.T.);
#7045=ORIENTED_EDGE('',*,*,#5091,.T.);
#7046=ORIENTED_EDGE('',*,*,#5087,.F.);
#7047=ORIENTED_EDGE('',*,*,#4554,.T.);
#7048=ORIENTED_EDGE('',*,*,#4611,.F.);
#7049=ORIENTED_EDGE('',*,*,#5092,.T.);
#7050=ORIENTED_EDGE('',*,*,#5093,.T.);
#7051=ORIENTED_EDGE('',*,*,#5090,.F.);
#7052=ORIENTED_EDGE('',*,*,#4603,.F.);
#7053=ORIENTED_EDGE('',*,*,#4556,.T.);
#7054=ORIENTED_EDGE('',*,*,#4558,.T.);
#7055=ORIENTED_EDGE('',*,*,#4610,.F.);
#7056=ORIENTED_EDGE('',*,*,#5094,.T.);
#7057=ORIENTED_EDGE('',*,*,#5095,.T.);
#7058=ORIENTED_EDGE('',*,*,#5092,.F.);
#7059=ORIENTED_EDGE('',*,*,#4609,.F.);
#7060=ORIENTED_EDGE('',*,*,#5096,.T.);
#7061=ORIENTED_EDGE('',*,*,#5097,.T.);
#7062=ORIENTED_EDGE('',*,*,#5094,.F.);
#7063=ORIENTED_EDGE('',*,*,#4608,.F.);
#7064=ORIENTED_EDGE('',*,*,#5098,.T.);
#7065=ORIENTED_EDGE('',*,*,#5099,.T.);
#7066=ORIENTED_EDGE('',*,*,#5096,.F.);
#7067=ORIENTED_EDGE('',*,*,#4607,.F.);
#7068=ORIENTED_EDGE('',*,*,#5100,.T.);
#7069=ORIENTED_EDGE('',*,*,#5101,.T.);
#7070=ORIENTED_EDGE('',*,*,#5098,.F.);
#7071=ORIENTED_EDGE('',*,*,#4606,.F.);
#7072=ORIENTED_EDGE('',*,*,#5089,.T.);
#7073=ORIENTED_EDGE('',*,*,#5102,.T.);
#7074=ORIENTED_EDGE('',*,*,#5100,.F.);
#7075=ORIENTED_EDGE('',*,*,#5102,.F.);
#7076=ORIENTED_EDGE('',*,*,#5088,.F.);
#7077=ORIENTED_EDGE('',*,*,#5091,.F.);
#7078=ORIENTED_EDGE('',*,*,#5093,.F.);
#7079=ORIENTED_EDGE('',*,*,#5095,.F.);
#7080=ORIENTED_EDGE('',*,*,#5097,.F.);
#7081=ORIENTED_EDGE('',*,*,#5099,.F.);
#7082=ORIENTED_EDGE('',*,*,#5101,.F.);
#7083=ORIENTED_EDGE('',*,*,#4456,.T.);
#7084=ORIENTED_EDGE('',*,*,#4595,.F.);
#7085=ORIENTED_EDGE('',*,*,#5103,.T.);
#7086=ORIENTED_EDGE('',*,*,#5104,.T.);
#7087=ORIENTED_EDGE('',*,*,#5105,.F.);
#7088=ORIENTED_EDGE('',*,*,#4559,.T.);
#7089=ORIENTED_EDGE('',*,*,#4602,.F.);
#7090=ORIENTED_EDGE('',*,*,#5106,.T.);
#7091=ORIENTED_EDGE('',*,*,#5107,.T.);
#7092=ORIENTED_EDGE('',*,*,#5103,.F.);
#7093=ORIENTED_EDGE('',*,*,#4594,.F.);
#7094=ORIENTED_EDGE('',*,*,#4561,.T.);
#7095=ORIENTED_EDGE('',*,*,#4563,.T.);
#7096=ORIENTED_EDGE('',*,*,#4601,.F.);
#7097=ORIENTED_EDGE('',*,*,#5108,.T.);
#7098=ORIENTED_EDGE('',*,*,#5109,.T.);
#7099=ORIENTED_EDGE('',*,*,#5106,.F.);
#7100=ORIENTED_EDGE('',*,*,#4600,.F.);
#7101=ORIENTED_EDGE('',*,*,#5110,.T.);
#7102=ORIENTED_EDGE('',*,*,#5111,.T.);
#7103=ORIENTED_EDGE('',*,*,#5108,.F.);
#7104=ORIENTED_EDGE('',*,*,#4599,.F.);
#7105=ORIENTED_EDGE('',*,*,#5112,.T.);
#7106=ORIENTED_EDGE('',*,*,#5113,.T.);
#7107=ORIENTED_EDGE('',*,*,#5110,.F.);
#7108=ORIENTED_EDGE('',*,*,#4598,.F.);
#7109=ORIENTED_EDGE('',*,*,#5114,.T.);
#7110=ORIENTED_EDGE('',*,*,#5115,.T.);
#7111=ORIENTED_EDGE('',*,*,#5112,.F.);
#7112=ORIENTED_EDGE('',*,*,#4597,.F.);
#7113=ORIENTED_EDGE('',*,*,#5116,.T.);
#7114=ORIENTED_EDGE('',*,*,#5117,.T.);
#7115=ORIENTED_EDGE('',*,*,#5114,.F.);
#7116=ORIENTED_EDGE('',*,*,#4596,.F.);
#7117=ORIENTED_EDGE('',*,*,#5105,.T.);
#7118=ORIENTED_EDGE('',*,*,#5118,.T.);
#7119=ORIENTED_EDGE('',*,*,#5116,.F.);
#7120=ORIENTED_EDGE('',*,*,#5118,.F.);
#7121=ORIENTED_EDGE('',*,*,#5104,.F.);
#7122=ORIENTED_EDGE('',*,*,#5107,.F.);
#7123=ORIENTED_EDGE('',*,*,#5109,.F.);
#7124=ORIENTED_EDGE('',*,*,#5111,.F.);
#7125=ORIENTED_EDGE('',*,*,#5113,.F.);
#7126=ORIENTED_EDGE('',*,*,#5115,.F.);
#7127=ORIENTED_EDGE('',*,*,#5117,.F.);
#7128=ORIENTED_EDGE('',*,*,#4396,.T.);
#7129=ORIENTED_EDGE('',*,*,#4586,.F.);
#7130=ORIENTED_EDGE('',*,*,#5119,.T.);
#7131=ORIENTED_EDGE('',*,*,#5120,.T.);
#7132=ORIENTED_EDGE('',*,*,#5121,.F.);
#7133=ORIENTED_EDGE('',*,*,#4564,.T.);
#7134=ORIENTED_EDGE('',*,*,#4593,.F.);
#7135=ORIENTED_EDGE('',*,*,#5122,.T.);
#7136=ORIENTED_EDGE('',*,*,#5123,.T.);
#7137=ORIENTED_EDGE('',*,*,#5119,.F.);
#7138=ORIENTED_EDGE('',*,*,#4585,.F.);
#7139=ORIENTED_EDGE('',*,*,#4566,.T.);
#7140=ORIENTED_EDGE('',*,*,#4568,.T.);
#7141=ORIENTED_EDGE('',*,*,#4592,.F.);
#7142=ORIENTED_EDGE('',*,*,#5124,.T.);
#7143=ORIENTED_EDGE('',*,*,#5125,.T.);
#7144=ORIENTED_EDGE('',*,*,#5122,.F.);
#7145=ORIENTED_EDGE('',*,*,#4591,.F.);
#7146=ORIENTED_EDGE('',*,*,#5126,.T.);
#7147=ORIENTED_EDGE('',*,*,#5127,.T.);
#7148=ORIENTED_EDGE('',*,*,#5124,.F.);
#7149=ORIENTED_EDGE('',*,*,#4590,.F.);
#7150=ORIENTED_EDGE('',*,*,#5128,.T.);
#7151=ORIENTED_EDGE('',*,*,#5129,.T.);
#7152=ORIENTED_EDGE('',*,*,#5126,.F.);
#7153=ORIENTED_EDGE('',*,*,#4589,.F.);
#7154=ORIENTED_EDGE('',*,*,#5130,.T.);
#7155=ORIENTED_EDGE('',*,*,#5131,.T.);
#7156=ORIENTED_EDGE('',*,*,#5128,.F.);
#7157=ORIENTED_EDGE('',*,*,#4588,.F.);
#7158=ORIENTED_EDGE('',*,*,#5132,.T.);
#7159=ORIENTED_EDGE('',*,*,#5133,.T.);
#7160=ORIENTED_EDGE('',*,*,#5130,.F.);
#7161=ORIENTED_EDGE('',*,*,#4587,.F.);
#7162=ORIENTED_EDGE('',*,*,#5121,.T.);
#7163=ORIENTED_EDGE('',*,*,#5134,.T.);
#7164=ORIENTED_EDGE('',*,*,#5132,.F.);
#7165=ORIENTED_EDGE('',*,*,#5134,.F.);
#7166=ORIENTED_EDGE('',*,*,#5120,.F.);
#7167=ORIENTED_EDGE('',*,*,#5123,.F.);
#7168=ORIENTED_EDGE('',*,*,#5125,.F.);
#7169=ORIENTED_EDGE('',*,*,#5127,.F.);
#7170=ORIENTED_EDGE('',*,*,#5129,.F.);
#7171=ORIENTED_EDGE('',*,*,#5131,.F.);
#7172=ORIENTED_EDGE('',*,*,#5133,.F.);
#7173=ORIENTED_EDGE('',*,*,#4399,.T.);
#7174=ORIENTED_EDGE('',*,*,#4569,.T.);
#7175=ORIENTED_EDGE('',*,*,#4584,.F.);
#7176=ORIENTED_EDGE('',*,*,#5135,.T.);
#7177=ORIENTED_EDGE('',*,*,#5136,.T.);
#7178=ORIENTED_EDGE('',*,*,#5137,.F.);
#7179=ORIENTED_EDGE('',*,*,#4576,.F.);
#7180=ORIENTED_EDGE('',*,*,#4571,.T.);
#7181=ORIENTED_EDGE('',*,*,#4573,.T.);
#7182=ORIENTED_EDGE('',*,*,#4583,.F.);
#7183=ORIENTED_EDGE('',*,*,#5138,.T.);
#7184=ORIENTED_EDGE('',*,*,#5139,.T.);
#7185=ORIENTED_EDGE('',*,*,#5135,.F.);
#7186=ORIENTED_EDGE('',*,*,#4582,.F.);
#7187=ORIENTED_EDGE('',*,*,#5140,.T.);
#7188=ORIENTED_EDGE('',*,*,#5141,.T.);
#7189=ORIENTED_EDGE('',*,*,#5138,.F.);
#7190=ORIENTED_EDGE('',*,*,#4581,.F.);
#7191=ORIENTED_EDGE('',*,*,#5142,.T.);
#7192=ORIENTED_EDGE('',*,*,#5143,.T.);
#7193=ORIENTED_EDGE('',*,*,#5140,.F.);
#7194=ORIENTED_EDGE('',*,*,#4580,.F.);
#7195=ORIENTED_EDGE('',*,*,#5144,.T.);
#7196=ORIENTED_EDGE('',*,*,#5145,.T.);
#7197=ORIENTED_EDGE('',*,*,#5142,.F.);
#7198=ORIENTED_EDGE('',*,*,#4579,.F.);
#7199=ORIENTED_EDGE('',*,*,#5146,.T.);
#7200=ORIENTED_EDGE('',*,*,#5147,.T.);
#7201=ORIENTED_EDGE('',*,*,#5144,.F.);
#7202=ORIENTED_EDGE('',*,*,#4578,.F.);
#7203=ORIENTED_EDGE('',*,*,#5148,.T.);
#7204=ORIENTED_EDGE('',*,*,#5149,.T.);
#7205=ORIENTED_EDGE('',*,*,#5146,.F.);
#7206=ORIENTED_EDGE('',*,*,#4577,.F.);
#7207=ORIENTED_EDGE('',*,*,#5137,.T.);
#7208=ORIENTED_EDGE('',*,*,#5150,.T.);
#7209=ORIENTED_EDGE('',*,*,#5148,.F.);
#7210=ORIENTED_EDGE('',*,*,#5150,.F.);
#7211=ORIENTED_EDGE('',*,*,#5136,.F.);
#7212=ORIENTED_EDGE('',*,*,#5139,.F.);
#7213=ORIENTED_EDGE('',*,*,#5141,.F.);
#7214=ORIENTED_EDGE('',*,*,#5143,.F.);
#7215=ORIENTED_EDGE('',*,*,#5145,.F.);
#7216=ORIENTED_EDGE('',*,*,#5147,.F.);
#7217=ORIENTED_EDGE('',*,*,#5149,.F.);
#7218=ORIENTED_EDGE('',*,*,#4402,.T.);
#7219=ORIENTED_EDGE('',*,*,#4574,.F.);
#7220=ORIENTED_EDGE('',*,*,#5151,.T.);
#7221=ORIENTED_EDGE('',*,*,#5152,.F.);
#7222=ORIENTED_EDGE('',*,*,#5151,.F.);
#7223=ORIENTED_EDGE('',*,*,#4575,.F.);
#7224=ORIENTED_EDGE('',*,*,#5153,.T.);
#7225=ORIENTED_EDGE('',*,*,#5154,.T.);
#7226=ORIENTED_EDGE('',*,*,#5153,.F.);
#7227=ORIENTED_EDGE('',*,*,#5155,.F.);
#7228=ORIENTED_EDGE('',*,*,#5156,.T.);
#7229=ORIENTED_EDGE('',*,*,#5157,.T.);
#7230=ORIENTED_EDGE('',*,*,#5156,.F.);
#7231=ORIENTED_EDGE('',*,*,#5155,.T.);
#7232=ORIENTED_EDGE('',*,*,#3990,.T.);
#7233=ORIENTED_EDGE('',*,*,#4029,.T.);
#7234=ORIENTED_EDGE('',*,*,#4026,.T.);
#7235=ORIENTED_EDGE('',*,*,#4023,.T.);
#7236=ORIENTED_EDGE('',*,*,#4020,.T.);
#7237=ORIENTED_EDGE('',*,*,#4017,.T.);
#7238=ORIENTED_EDGE('',*,*,#4014,.T.);
#7239=ORIENTED_EDGE('',*,*,#4011,.T.);
#7240=ORIENTED_EDGE('',*,*,#4008,.T.);
#7241=ORIENTED_EDGE('',*,*,#4005,.T.);
#7242=ORIENTED_EDGE('',*,*,#4002,.T.);
#7243=ORIENTED_EDGE('',*,*,#3999,.T.);
#7244=ORIENTED_EDGE('',*,*,#3996,.T.);
#7245=ORIENTED_EDGE('',*,*,#3993,.T.);
#7246=ORIENTED_EDGE('',*,*,#4032,.T.);
#7247=ORIENTED_EDGE('',*,*,#4071,.T.);
#7248=ORIENTED_EDGE('',*,*,#4068,.T.);
#7249=ORIENTED_EDGE('',*,*,#4065,.T.);
#7250=ORIENTED_EDGE('',*,*,#4062,.T.);
#7251=ORIENTED_EDGE('',*,*,#4059,.T.);
#7252=ORIENTED_EDGE('',*,*,#4056,.T.);
#7253=ORIENTED_EDGE('',*,*,#4053,.T.);
#7254=ORIENTED_EDGE('',*,*,#4050,.T.);
#7255=ORIENTED_EDGE('',*,*,#4047,.T.);
#7256=ORIENTED_EDGE('',*,*,#4044,.T.);
#7257=ORIENTED_EDGE('',*,*,#4041,.T.);
#7258=ORIENTED_EDGE('',*,*,#4038,.T.);
#7259=ORIENTED_EDGE('',*,*,#4035,.T.);
#7260=ORIENTED_EDGE('',*,*,#4074,.T.);
#7261=ORIENTED_EDGE('',*,*,#4113,.T.);
#7262=ORIENTED_EDGE('',*,*,#4110,.T.);
#7263=ORIENTED_EDGE('',*,*,#4107,.T.);
#7264=ORIENTED_EDGE('',*,*,#4104,.T.);
#7265=ORIENTED_EDGE('',*,*,#4101,.T.);
#7266=ORIENTED_EDGE('',*,*,#4098,.T.);
#7267=ORIENTED_EDGE('',*,*,#4095,.T.);
#7268=ORIENTED_EDGE('',*,*,#4092,.T.);
#7269=ORIENTED_EDGE('',*,*,#4089,.T.);
#7270=ORIENTED_EDGE('',*,*,#4086,.T.);
#7271=ORIENTED_EDGE('',*,*,#4083,.T.);
#7272=ORIENTED_EDGE('',*,*,#4080,.T.);
#7273=ORIENTED_EDGE('',*,*,#4077,.T.);
#7274=ORIENTED_EDGE('',*,*,#4116,.T.);
#7275=ORIENTED_EDGE('',*,*,#4155,.T.);
#7276=ORIENTED_EDGE('',*,*,#4152,.T.);
#7277=ORIENTED_EDGE('',*,*,#4149,.T.);
#7278=ORIENTED_EDGE('',*,*,#4146,.T.);
#7279=ORIENTED_EDGE('',*,*,#4143,.T.);
#7280=ORIENTED_EDGE('',*,*,#4140,.T.);
#7281=ORIENTED_EDGE('',*,*,#4137,.T.);
#7282=ORIENTED_EDGE('',*,*,#4134,.T.);
#7283=ORIENTED_EDGE('',*,*,#4131,.T.);
#7284=ORIENTED_EDGE('',*,*,#4128,.T.);
#7285=ORIENTED_EDGE('',*,*,#4125,.T.);
#7286=ORIENTED_EDGE('',*,*,#4122,.T.);
#7287=ORIENTED_EDGE('',*,*,#4119,.T.);
#7288=ORIENTED_EDGE('',*,*,#4158,.T.);
#7289=ORIENTED_EDGE('',*,*,#4197,.T.);
#7290=ORIENTED_EDGE('',*,*,#4194,.T.);
#7291=ORIENTED_EDGE('',*,*,#4191,.T.);
#7292=ORIENTED_EDGE('',*,*,#4188,.T.);
#7293=ORIENTED_EDGE('',*,*,#4185,.T.);
#7294=ORIENTED_EDGE('',*,*,#4182,.T.);
#7295=ORIENTED_EDGE('',*,*,#4179,.T.);
#7296=ORIENTED_EDGE('',*,*,#4176,.T.);
#7297=ORIENTED_EDGE('',*,*,#4173,.T.);
#7298=ORIENTED_EDGE('',*,*,#4170,.T.);
#7299=ORIENTED_EDGE('',*,*,#4167,.T.);
#7300=ORIENTED_EDGE('',*,*,#4164,.T.);
#7301=ORIENTED_EDGE('',*,*,#4161,.T.);
#7302=ORIENTED_EDGE('',*,*,#4200,.T.);
#7303=ORIENTED_EDGE('',*,*,#4239,.T.);
#7304=ORIENTED_EDGE('',*,*,#4236,.T.);
#7305=ORIENTED_EDGE('',*,*,#4233,.T.);
#7306=ORIENTED_EDGE('',*,*,#4230,.T.);
#7307=ORIENTED_EDGE('',*,*,#4227,.T.);
#7308=ORIENTED_EDGE('',*,*,#4224,.T.);
#7309=ORIENTED_EDGE('',*,*,#4221,.T.);
#7310=ORIENTED_EDGE('',*,*,#4218,.T.);
#7311=ORIENTED_EDGE('',*,*,#4215,.T.);
#7312=ORIENTED_EDGE('',*,*,#4212,.T.);
#7313=ORIENTED_EDGE('',*,*,#4209,.T.);
#7314=ORIENTED_EDGE('',*,*,#4206,.T.);
#7315=ORIENTED_EDGE('',*,*,#4203,.T.);
#7316=ORIENTED_EDGE('',*,*,#4242,.T.);
#7317=ORIENTED_EDGE('',*,*,#4281,.T.);
#7318=ORIENTED_EDGE('',*,*,#4278,.T.);
#7319=ORIENTED_EDGE('',*,*,#4275,.T.);
#7320=ORIENTED_EDGE('',*,*,#4272,.T.);
#7321=ORIENTED_EDGE('',*,*,#4269,.T.);
#7322=ORIENTED_EDGE('',*,*,#4266,.T.);
#7323=ORIENTED_EDGE('',*,*,#4263,.T.);
#7324=ORIENTED_EDGE('',*,*,#4260,.T.);
#7325=ORIENTED_EDGE('',*,*,#4257,.T.);
#7326=ORIENTED_EDGE('',*,*,#4254,.T.);
#7327=ORIENTED_EDGE('',*,*,#4251,.T.);
#7328=ORIENTED_EDGE('',*,*,#4248,.T.);
#7329=ORIENTED_EDGE('',*,*,#4245,.T.);
#7330=ORIENTED_EDGE('',*,*,#4305,.T.);
#7331=ORIENTED_EDGE('',*,*,#4302,.T.);
#7332=ORIENTED_EDGE('',*,*,#4299,.T.);
#7333=ORIENTED_EDGE('',*,*,#4296,.T.);
#7334=ORIENTED_EDGE('',*,*,#4293,.T.);
#7335=ORIENTED_EDGE('',*,*,#4290,.T.);
#7336=ORIENTED_EDGE('',*,*,#4287,.T.);
#7337=ORIENTED_EDGE('',*,*,#4284,.T.);
#7338=ORIENTED_EDGE('',*,*,#4323,.T.);
#7339=ORIENTED_EDGE('',*,*,#4320,.T.);
#7340=ORIENTED_EDGE('',*,*,#4317,.T.);
#7341=ORIENTED_EDGE('',*,*,#4314,.T.);
#7342=ORIENTED_EDGE('',*,*,#4311,.T.);
#7343=ORIENTED_EDGE('',*,*,#4308,.T.);
#7344=ORIENTED_EDGE('',*,*,#4366,.T.);
#7345=ORIENTED_EDGE('',*,*,#4369,.T.);
#7346=ORIENTED_EDGE('',*,*,#4372,.T.);
#7347=ORIENTED_EDGE('',*,*,#4375,.T.);
#7348=ORIENTED_EDGE('',*,*,#4378,.T.);
#7349=ORIENTED_EDGE('',*,*,#4381,.T.);
#7350=ORIENTED_EDGE('',*,*,#4384,.T.);
#7351=ORIENTED_EDGE('',*,*,#4387,.T.);
#7352=ORIENTED_EDGE('',*,*,#5152,.T.);
#7353=ORIENTED_EDGE('',*,*,#5157,.F.);
#7354=ORIENTED_EDGE('',*,*,#3988,.T.);
#7355=ORIENTED_EDGE('',*,*,#3992,.T.);
#7356=ORIENTED_EDGE('',*,*,#3995,.T.);
#7357=ORIENTED_EDGE('',*,*,#3998,.T.);
#7358=ORIENTED_EDGE('',*,*,#4001,.T.);
#7359=ORIENTED_EDGE('',*,*,#4004,.T.);
#7360=ORIENTED_EDGE('',*,*,#4007,.T.);
#7361=ORIENTED_EDGE('',*,*,#4010,.T.);
#7362=ORIENTED_EDGE('',*,*,#4013,.T.);
#7363=ORIENTED_EDGE('',*,*,#4016,.T.);
#7364=ORIENTED_EDGE('',*,*,#4019,.T.);
#7365=ORIENTED_EDGE('',*,*,#4022,.T.);
#7366=ORIENTED_EDGE('',*,*,#4025,.T.);
#7367=ORIENTED_EDGE('',*,*,#4028,.T.);
#7368=ORIENTED_EDGE('',*,*,#4030,.T.);
#7369=ORIENTED_EDGE('',*,*,#4034,.T.);
#7370=ORIENTED_EDGE('',*,*,#4037,.T.);
#7371=ORIENTED_EDGE('',*,*,#4040,.T.);
#7372=ORIENTED_EDGE('',*,*,#4043,.T.);
#7373=ORIENTED_EDGE('',*,*,#4046,.T.);
#7374=ORIENTED_EDGE('',*,*,#4049,.T.);
#7375=ORIENTED_EDGE('',*,*,#4052,.T.);
#7376=ORIENTED_EDGE('',*,*,#4055,.T.);
#7377=ORIENTED_EDGE('',*,*,#4058,.T.);
#7378=ORIENTED_EDGE('',*,*,#4061,.T.);
#7379=ORIENTED_EDGE('',*,*,#4064,.T.);
#7380=ORIENTED_EDGE('',*,*,#4067,.T.);
#7381=ORIENTED_EDGE('',*,*,#4070,.T.);
#7382=ORIENTED_EDGE('',*,*,#4072,.T.);
#7383=ORIENTED_EDGE('',*,*,#4076,.T.);
#7384=ORIENTED_EDGE('',*,*,#4079,.T.);
#7385=ORIENTED_EDGE('',*,*,#4082,.T.);
#7386=ORIENTED_EDGE('',*,*,#4085,.T.);
#7387=ORIENTED_EDGE('',*,*,#4088,.T.);
#7388=ORIENTED_EDGE('',*,*,#4091,.T.);
#7389=ORIENTED_EDGE('',*,*,#4094,.T.);
#7390=ORIENTED_EDGE('',*,*,#4097,.T.);
#7391=ORIENTED_EDGE('',*,*,#4100,.T.);
#7392=ORIENTED_EDGE('',*,*,#4103,.T.);
#7393=ORIENTED_EDGE('',*,*,#4106,.T.);
#7394=ORIENTED_EDGE('',*,*,#4109,.T.);
#7395=ORIENTED_EDGE('',*,*,#4112,.T.);
#7396=ORIENTED_EDGE('',*,*,#4114,.T.);
#7397=ORIENTED_EDGE('',*,*,#4118,.T.);
#7398=ORIENTED_EDGE('',*,*,#4121,.T.);
#7399=ORIENTED_EDGE('',*,*,#4124,.T.);
#7400=ORIENTED_EDGE('',*,*,#4127,.T.);
#7401=ORIENTED_EDGE('',*,*,#4130,.T.);
#7402=ORIENTED_EDGE('',*,*,#4133,.T.);
#7403=ORIENTED_EDGE('',*,*,#4136,.T.);
#7404=ORIENTED_EDGE('',*,*,#4139,.T.);
#7405=ORIENTED_EDGE('',*,*,#4142,.T.);
#7406=ORIENTED_EDGE('',*,*,#4145,.T.);
#7407=ORIENTED_EDGE('',*,*,#4148,.T.);
#7408=ORIENTED_EDGE('',*,*,#4151,.T.);
#7409=ORIENTED_EDGE('',*,*,#4154,.T.);
#7410=ORIENTED_EDGE('',*,*,#4156,.T.);
#7411=ORIENTED_EDGE('',*,*,#4160,.T.);
#7412=ORIENTED_EDGE('',*,*,#4163,.T.);
#7413=ORIENTED_EDGE('',*,*,#4166,.T.);
#7414=ORIENTED_EDGE('',*,*,#4169,.T.);
#7415=ORIENTED_EDGE('',*,*,#4172,.T.);
#7416=ORIENTED_EDGE('',*,*,#4175,.T.);
#7417=ORIENTED_EDGE('',*,*,#4178,.T.);
#7418=ORIENTED_EDGE('',*,*,#4181,.T.);
#7419=ORIENTED_EDGE('',*,*,#4184,.T.);
#7420=ORIENTED_EDGE('',*,*,#4187,.T.);
#7421=ORIENTED_EDGE('',*,*,#4190,.T.);
#7422=ORIENTED_EDGE('',*,*,#4193,.T.);
#7423=ORIENTED_EDGE('',*,*,#4196,.T.);
#7424=ORIENTED_EDGE('',*,*,#4198,.T.);
#7425=ORIENTED_EDGE('',*,*,#4202,.T.);
#7426=ORIENTED_EDGE('',*,*,#4205,.T.);
#7427=ORIENTED_EDGE('',*,*,#4208,.T.);
#7428=ORIENTED_EDGE('',*,*,#4211,.T.);
#7429=ORIENTED_EDGE('',*,*,#4214,.T.);
#7430=ORIENTED_EDGE('',*,*,#4217,.T.);
#7431=ORIENTED_EDGE('',*,*,#4220,.T.);
#7432=ORIENTED_EDGE('',*,*,#4223,.T.);
#7433=ORIENTED_EDGE('',*,*,#4226,.T.);
#7434=ORIENTED_EDGE('',*,*,#4229,.T.);
#7435=ORIENTED_EDGE('',*,*,#4232,.T.);
#7436=ORIENTED_EDGE('',*,*,#4235,.T.);
#7437=ORIENTED_EDGE('',*,*,#4238,.T.);
#7438=ORIENTED_EDGE('',*,*,#4240,.T.);
#7439=ORIENTED_EDGE('',*,*,#4244,.T.);
#7440=ORIENTED_EDGE('',*,*,#4247,.T.);
#7441=ORIENTED_EDGE('',*,*,#4250,.T.);
#7442=ORIENTED_EDGE('',*,*,#4253,.T.);
#7443=ORIENTED_EDGE('',*,*,#4256,.T.);
#7444=ORIENTED_EDGE('',*,*,#4259,.T.);
#7445=ORIENTED_EDGE('',*,*,#4262,.T.);
#7446=ORIENTED_EDGE('',*,*,#4265,.T.);
#7447=ORIENTED_EDGE('',*,*,#4268,.T.);
#7448=ORIENTED_EDGE('',*,*,#4271,.T.);
#7449=ORIENTED_EDGE('',*,*,#4274,.T.);
#7450=ORIENTED_EDGE('',*,*,#4277,.T.);
#7451=ORIENTED_EDGE('',*,*,#4280,.T.);
#7452=ORIENTED_EDGE('',*,*,#4304,.T.);
#7453=ORIENTED_EDGE('',*,*,#4307,.T.);
#7454=ORIENTED_EDGE('',*,*,#4310,.T.);
#7455=ORIENTED_EDGE('',*,*,#4313,.T.);
#7456=ORIENTED_EDGE('',*,*,#4316,.T.);
#7457=ORIENTED_EDGE('',*,*,#4319,.T.);
#7458=ORIENTED_EDGE('',*,*,#4322,.T.);
#7459=ORIENTED_EDGE('',*,*,#4282,.T.);
#7460=ORIENTED_EDGE('',*,*,#4286,.T.);
#7461=ORIENTED_EDGE('',*,*,#4289,.T.);
#7462=ORIENTED_EDGE('',*,*,#4292,.T.);
#7463=ORIENTED_EDGE('',*,*,#4295,.T.);
#7464=ORIENTED_EDGE('',*,*,#4298,.T.);
#7465=ORIENTED_EDGE('',*,*,#4301,.T.);
#7466=ORIENTED_EDGE('',*,*,#4368,.T.);
#7467=ORIENTED_EDGE('',*,*,#4371,.T.);
#7468=ORIENTED_EDGE('',*,*,#4374,.T.);
#7469=ORIENTED_EDGE('',*,*,#4377,.T.);
#7470=ORIENTED_EDGE('',*,*,#4380,.T.);
#7471=ORIENTED_EDGE('',*,*,#4383,.T.);
#7472=ORIENTED_EDGE('',*,*,#4386,.T.);
#7473=ORIENTED_EDGE('',*,*,#4389,.T.);
#7474=ORIENTED_EDGE('',*,*,#4392,.T.);
#7475=ORIENTED_EDGE('',*,*,#4395,.T.);
#7476=ORIENTED_EDGE('',*,*,#4398,.T.);
#7477=ORIENTED_EDGE('',*,*,#4401,.T.);
#7478=ORIENTED_EDGE('',*,*,#4404,.T.);
#7479=ORIENTED_EDGE('',*,*,#4407,.T.);
#7480=ORIENTED_EDGE('',*,*,#4410,.T.);
#7481=ORIENTED_EDGE('',*,*,#4413,.T.);
#7482=ORIENTED_EDGE('',*,*,#4416,.T.);
#7483=ORIENTED_EDGE('',*,*,#4419,.T.);
#7484=ORIENTED_EDGE('',*,*,#4422,.T.);
#7485=ORIENTED_EDGE('',*,*,#4425,.T.);
#7486=ORIENTED_EDGE('',*,*,#4428,.T.);
#7487=ORIENTED_EDGE('',*,*,#4431,.T.);
#7488=ORIENTED_EDGE('',*,*,#4434,.T.);
#7489=ORIENTED_EDGE('',*,*,#4437,.T.);
#7490=ORIENTED_EDGE('',*,*,#4440,.T.);
#7491=ORIENTED_EDGE('',*,*,#4443,.T.);
#7492=ORIENTED_EDGE('',*,*,#4446,.T.);
#7493=ORIENTED_EDGE('',*,*,#4449,.T.);
#7494=ORIENTED_EDGE('',*,*,#4452,.T.);
#7495=ORIENTED_EDGE('',*,*,#4455,.T.);
#7496=ORIENTED_EDGE('',*,*,#4458,.T.);
#7497=ORIENTED_EDGE('',*,*,#5154,.F.);
#7498=PLANE('',#8138);
#7499=PLANE('',#8145);
#7500=PLANE('',#8155);
#7501=PLANE('',#8162);
#7502=PLANE('',#8172);
#7503=PLANE('',#8179);
#7504=PLANE('',#8189);
#7505=PLANE('',#8196);
#7506=PLANE('',#8206);
#7507=PLANE('',#8213);
#7508=PLANE('',#8223);
#7509=PLANE('',#8230);
#7510=PLANE('',#8240);
#7511=PLANE('',#8247);
#7512=PLANE('',#8257);
#7513=PLANE('',#8264);
#7514=PLANE('',#8274);
#7515=PLANE('',#8281);
#7516=PLANE('',#8291);
#7517=PLANE('',#8298);
#7518=PLANE('',#8308);
#7519=PLANE('',#8315);
#7520=PLANE('',#8325);
#7521=PLANE('',#8332);
#7522=PLANE('',#8342);
#7523=PLANE('',#8349);
#7524=PLANE('',#8359);
#7525=PLANE('',#8366);
#7526=PLANE('',#8376);
#7527=PLANE('',#8383);
#7528=PLANE('',#8393);
#7529=PLANE('',#8400);
#7530=PLANE('',#8413);
#7531=PLANE('',#8417);
#7532=PLANE('',#8421);
#7533=PLANE('',#8425);
#7534=PLANE('',#8429);
#7535=PLANE('',#8433);
#7536=PLANE('',#8437);
#7537=PLANE('',#8441);
#7538=PLANE('',#8445);
#7539=PLANE('',#8449);
#7540=PLANE('',#8453);
#7541=PLANE('',#8457);
#7542=PLANE('',#8461);
#7543=PLANE('',#8465);
#7544=PLANE('',#8562);
#7545=PLANE('',#8566);
#7546=PLANE('',#8570);
#7547=PLANE('',#8574);
#7548=PLANE('',#8578);
#7549=PLANE('',#8582);
#7550=PLANE('',#8586);
#7551=PLANE('',#8590);
#7552=PLANE('',#8594);
#7553=PLANE('',#8598);
#7554=PLANE('',#8602);
#7555=PLANE('',#8606);
#7556=PLANE('',#8610);
#7557=PLANE('',#8614);
#7558=PLANE('',#8618);
#7559=PLANE('',#8622);
#7560=PLANE('',#8626);
#7561=PLANE('',#8630);
#7562=PLANE('',#8634);
#7563=PLANE('',#8638);
#7564=PLANE('',#8642);
#7565=PLANE('',#8646);
#7566=PLANE('',#8650);
#7567=PLANE('',#8651);
#7568=PLANE('',#8746);
#7569=PLANE('',#8749);
#7570=PLANE('',#8752);
#7571=PLANE('',#8755);
#7572=PLANE('',#8758);
#7573=PLANE('',#8759);
#7574=PLANE('',#8762);
#7575=PLANE('',#8765);
#7576=PLANE('',#8768);
#7577=PLANE('',#8771);
#7578=PLANE('',#8772);
#7579=PLANE('',#8775);
#7580=PLANE('',#8778);
#7581=PLANE('',#8781);
#7582=PLANE('',#8784);
#7583=PLANE('',#8785);
#7584=PLANE('',#8788);
#7585=PLANE('',#8791);
#7586=PLANE('',#8794);
#7587=PLANE('',#8797);
#7588=PLANE('',#8798);
#7589=PLANE('',#8801);
#7590=PLANE('',#8804);
#7591=PLANE('',#8807);
#7592=PLANE('',#8810);
#7593=PLANE('',#8811);
#7594=PLANE('',#8814);
#7595=PLANE('',#8817);
#7596=PLANE('',#8820);
#7597=PLANE('',#8823);
#7598=PLANE('',#8826);
#7599=PLANE('',#8829);
#7600=PLANE('',#8832);
#7601=PLANE('',#8835);
#7602=PLANE('',#8836);
#7603=PLANE('',#8837);
#7604=PLANE('',#8840);
#7605=PLANE('',#8843);
#7606=PLANE('',#8846);
#7607=PLANE('',#8849);
#7608=PLANE('',#8850);
#7609=PLANE('',#8853);
#7610=PLANE('',#8856);
#7611=PLANE('',#8859);
#7612=PLANE('',#8862);
#7613=PLANE('',#8863);
#7614=PLANE('',#8866);
#7615=PLANE('',#8869);
#7616=PLANE('',#8872);
#7617=PLANE('',#8875);
#7618=PLANE('',#8876);
#7619=PLANE('',#8879);
#7620=PLANE('',#8882);
#7621=PLANE('',#8885);
#7622=PLANE('',#8888);
#7623=PLANE('',#8889);
#7624=PLANE('',#8892);
#7625=PLANE('',#8895);
#7626=PLANE('',#8898);
#7627=PLANE('',#8901);
#7628=PLANE('',#8902);
#7629=PLANE('',#8905);
#7630=PLANE('',#8908);
#7631=PLANE('',#8911);
#7632=PLANE('',#8914);
#7633=PLANE('',#8917);
#7634=PLANE('',#8920);
#7635=PLANE('',#8923);
#7636=PLANE('',#8926);
#7637=PLANE('',#8927);
#7638=PLANE('',#8928);
#7639=PLANE('',#8931);
#7640=PLANE('',#8934);
#7641=PLANE('',#8937);
#7642=PLANE('',#8940);
#7643=PLANE('',#8941);
#7644=PLANE('',#8944);
#7645=PLANE('',#8947);
#7646=PLANE('',#8950);
#7647=PLANE('',#8953);
#7648=PLANE('',#8954);
#7649=PLANE('',#8957);
#7650=PLANE('',#8960);
#7651=PLANE('',#8963);
#7652=PLANE('',#8966);
#7653=PLANE('',#8969);
#7654=PLANE('',#8972);
#7655=PLANE('',#8975);
#7656=PLANE('',#8978);
#7657=PLANE('',#8979);
#7658=PLANE('',#8980);
#7659=PLANE('',#8983);
#7660=PLANE('',#8986);
#7661=PLANE('',#8989);
#7662=PLANE('',#8992);
#7663=PLANE('',#8993);
#7664=PLANE('',#8996);
#7665=PLANE('',#8999);
#7666=PLANE('',#9002);
#7667=PLANE('',#9005);
#7668=PLANE('',#9008);
#7669=PLANE('',#9011);
#7670=PLANE('',#9014);
#7671=PLANE('',#9017);
#7672=PLANE('',#9018);
#7673=PLANE('',#9021);
#7674=PLANE('',#9024);
#7675=PLANE('',#9027);
#7676=PLANE('',#9030);
#7677=PLANE('',#9031);
#7678=PLANE('',#9032);
#7679=PLANE('',#9035);
#7680=PLANE('',#9038);
#7681=PLANE('',#9041);
#7682=PLANE('',#9044);
#7683=PLANE('',#9052);
#7684=PLANE('',#9053);
#7685=ADVANCED_FACE('',(#862),#7498,.F.);
#7686=ADVANCED_FACE('',(#863),#619,.F.);
#7687=ADVANCED_FACE('',(#864),#620,.F.);
#7688=ADVANCED_FACE('',(#865),#7499,.F.);
#7689=ADVANCED_FACE('',(#866),#621,.F.);
#7690=ADVANCED_FACE('',(#867),#622,.T.);
#7691=ADVANCED_FACE('',(#868),#623,.F.);
#7692=ADVANCED_FACE('',(#869),#7500,.F.);
#7693=ADVANCED_FACE('',(#870),#624,.F.);
#7694=ADVANCED_FACE('',(#871),#625,.F.);
#7695=ADVANCED_FACE('',(#872),#7501,.F.);
#7696=ADVANCED_FACE('',(#873),#626,.F.);
#7697=ADVANCED_FACE('',(#874),#627,.F.);
#7698=ADVANCED_FACE('',(#875),#628,.F.);
#7699=ADVANCED_FACE('',(#876),#7502,.F.);
#7700=ADVANCED_FACE('',(#877),#629,.F.);
#7701=ADVANCED_FACE('',(#878),#630,.F.);
#7702=ADVANCED_FACE('',(#879),#7503,.F.);
#7703=ADVANCED_FACE('',(#880),#631,.F.);
#7704=ADVANCED_FACE('',(#881),#632,.T.);
#7705=ADVANCED_FACE('',(#882),#633,.F.);
#7706=ADVANCED_FACE('',(#883),#7504,.F.);
#7707=ADVANCED_FACE('',(#884),#634,.F.);
#7708=ADVANCED_FACE('',(#885),#635,.F.);
#7709=ADVANCED_FACE('',(#886),#7505,.F.);
#7710=ADVANCED_FACE('',(#887),#636,.F.);
#7711=ADVANCED_FACE('',(#888),#637,.F.);
#7712=ADVANCED_FACE('',(#889),#638,.F.);
#7713=ADVANCED_FACE('',(#890),#7506,.F.);
#7714=ADVANCED_FACE('',(#891),#639,.F.);
#7715=ADVANCED_FACE('',(#892),#640,.F.);
#7716=ADVANCED_FACE('',(#893),#7507,.F.);
#7717=ADVANCED_FACE('',(#894),#641,.F.);
#7718=ADVANCED_FACE('',(#895),#642,.T.);
#7719=ADVANCED_FACE('',(#896),#643,.F.);
#7720=ADVANCED_FACE('',(#897),#7508,.F.);
#7721=ADVANCED_FACE('',(#898),#644,.F.);
#7722=ADVANCED_FACE('',(#899),#645,.F.);
#7723=ADVANCED_FACE('',(#900),#7509,.F.);
#7724=ADVANCED_FACE('',(#901),#646,.F.);
#7725=ADVANCED_FACE('',(#902),#647,.F.);
#7726=ADVANCED_FACE('',(#903),#648,.F.);
#7727=ADVANCED_FACE('',(#904),#7510,.F.);
#7728=ADVANCED_FACE('',(#905),#649,.F.);
#7729=ADVANCED_FACE('',(#906),#650,.F.);
#7730=ADVANCED_FACE('',(#907),#7511,.F.);
#7731=ADVANCED_FACE('',(#908),#651,.F.);
#7732=ADVANCED_FACE('',(#909),#652,.T.);
#7733=ADVANCED_FACE('',(#910),#653,.F.);
#7734=ADVANCED_FACE('',(#911),#7512,.F.);
#7735=ADVANCED_FACE('',(#912),#654,.F.);
#7736=ADVANCED_FACE('',(#913),#655,.F.);
#7737=ADVANCED_FACE('',(#914),#7513,.F.);
#7738=ADVANCED_FACE('',(#915),#656,.F.);
#7739=ADVANCED_FACE('',(#916),#657,.F.);
#7740=ADVANCED_FACE('',(#917),#658,.F.);
#7741=ADVANCED_FACE('',(#918),#7514,.F.);
#7742=ADVANCED_FACE('',(#919),#659,.F.);
#7743=ADVANCED_FACE('',(#920),#660,.F.);
#7744=ADVANCED_FACE('',(#921),#7515,.F.);
#7745=ADVANCED_FACE('',(#922),#661,.F.);
#7746=ADVANCED_FACE('',(#923),#662,.T.);
#7747=ADVANCED_FACE('',(#924),#663,.F.);
#7748=ADVANCED_FACE('',(#925),#7516,.F.);
#7749=ADVANCED_FACE('',(#926),#664,.F.);
#7750=ADVANCED_FACE('',(#927),#665,.F.);
#7751=ADVANCED_FACE('',(#928),#7517,.F.);
#7752=ADVANCED_FACE('',(#929),#666,.F.);
#7753=ADVANCED_FACE('',(#930),#667,.F.);
#7754=ADVANCED_FACE('',(#931),#668,.F.);
#7755=ADVANCED_FACE('',(#932),#7518,.F.);
#7756=ADVANCED_FACE('',(#933),#669,.F.);
#7757=ADVANCED_FACE('',(#934),#670,.F.);
#7758=ADVANCED_FACE('',(#935),#7519,.F.);
#7759=ADVANCED_FACE('',(#936),#671,.F.);
#7760=ADVANCED_FACE('',(#937),#672,.T.);
#7761=ADVANCED_FACE('',(#938),#673,.F.);
#7762=ADVANCED_FACE('',(#939),#7520,.F.);
#7763=ADVANCED_FACE('',(#940),#674,.F.);
#7764=ADVANCED_FACE('',(#941),#675,.F.);
#7765=ADVANCED_FACE('',(#942),#7521,.F.);
#7766=ADVANCED_FACE('',(#943),#676,.F.);
#7767=ADVANCED_FACE('',(#944),#677,.F.);
#7768=ADVANCED_FACE('',(#945),#678,.F.);
#7769=ADVANCED_FACE('',(#946),#7522,.F.);
#7770=ADVANCED_FACE('',(#947),#679,.F.);
#7771=ADVANCED_FACE('',(#948),#680,.F.);
#7772=ADVANCED_FACE('',(#949),#7523,.F.);
#7773=ADVANCED_FACE('',(#950),#681,.F.);
#7774=ADVANCED_FACE('',(#951),#682,.T.);
#7775=ADVANCED_FACE('',(#952),#683,.F.);
#7776=ADVANCED_FACE('',(#953),#7524,.F.);
#7777=ADVANCED_FACE('',(#954),#684,.F.);
#7778=ADVANCED_FACE('',(#955),#685,.F.);
#7779=ADVANCED_FACE('',(#956),#7525,.F.);
#7780=ADVANCED_FACE('',(#957),#686,.F.);
#7781=ADVANCED_FACE('',(#958),#687,.F.);
#7782=ADVANCED_FACE('',(#959),#688,.F.);
#7783=ADVANCED_FACE('',(#960),#7526,.F.);
#7784=ADVANCED_FACE('',(#961),#689,.F.);
#7785=ADVANCED_FACE('',(#962),#690,.F.);
#7786=ADVANCED_FACE('',(#963),#7527,.F.);
#7787=ADVANCED_FACE('',(#964),#691,.F.);
#7788=ADVANCED_FACE('',(#965),#692,.T.);
#7789=ADVANCED_FACE('',(#966),#693,.F.);
#7790=ADVANCED_FACE('',(#967),#7528,.F.);
#7791=ADVANCED_FACE('',(#968),#694,.F.);
#7792=ADVANCED_FACE('',(#969),#695,.F.);
#7793=ADVANCED_FACE('',(#970),#7529,.F.);
#7794=ADVANCED_FACE('',(#971),#696,.F.);
#7795=ADVANCED_FACE('',(#972),#697,.F.);
#7796=ADVANCED_FACE('',(#973),#698,.F.);
#7797=ADVANCED_FACE('',(#974),#699,.F.);
#7798=ADVANCED_FACE('',(#975),#7530,.T.);
#7799=ADVANCED_FACE('',(#976),#700,.F.);
#7800=ADVANCED_FACE('',(#977),#7531,.T.);
#7801=ADVANCED_FACE('',(#978),#701,.F.);
#7802=ADVANCED_FACE('',(#979),#7532,.T.);
#7803=ADVANCED_FACE('',(#980),#702,.F.);
#7804=ADVANCED_FACE('',(#981),#7533,.T.);
#7805=ADVANCED_FACE('',(#982),#703,.F.);
#7806=ADVANCED_FACE('',(#983),#7534,.T.);
#7807=ADVANCED_FACE('',(#984),#704,.F.);
#7808=ADVANCED_FACE('',(#985),#7535,.T.);
#7809=ADVANCED_FACE('',(#986),#705,.F.);
#7810=ADVANCED_FACE('',(#987),#7536,.T.);
#7811=ADVANCED_FACE('',(#988),#706,.F.);
#7812=ADVANCED_FACE('',(#989),#7537,.T.);
#7813=ADVANCED_FACE('',(#990),#707,.F.);
#7814=ADVANCED_FACE('',(#991),#7538,.T.);
#7815=ADVANCED_FACE('',(#992),#708,.F.);
#7816=ADVANCED_FACE('',(#993),#7539,.T.);
#7817=ADVANCED_FACE('',(#994),#709,.F.);
#7818=ADVANCED_FACE('',(#995),#7540,.T.);
#7819=ADVANCED_FACE('',(#996),#710,.F.);
#7820=ADVANCED_FACE('',(#997),#7541,.T.);
#7821=ADVANCED_FACE('',(#998),#711,.F.);
#7822=ADVANCED_FACE('',(#999),#7542,.T.);
#7823=ADVANCED_FACE('',(#1000),#712,.F.);
#7824=ADVANCED_FACE('',(#1001),#7543,.T.);
#7825=ADVANCED_FACE('',(#1002),#713,.F.);
#7826=ADVANCED_FACE('',(#1003),#714,.F.);
#7827=ADVANCED_FACE('',(#1004),#715,.F.);
#7828=ADVANCED_FACE('',(#1005),#716,.F.);
#7829=ADVANCED_FACE('',(#1006),#717,.F.);
#7830=ADVANCED_FACE('',(#1007),#718,.F.);
#7831=ADVANCED_FACE('',(#1008),#719,.F.);
#7832=ADVANCED_FACE('',(#1009),#720,.F.);
#7833=ADVANCED_FACE('',(#1010),#721,.F.);
#7834=ADVANCED_FACE('',(#1011),#722,.F.);
#7835=ADVANCED_FACE('',(#1012),#723,.F.);
#7836=ADVANCED_FACE('',(#1013),#724,.F.);
#7837=ADVANCED_FACE('',(#1014),#725,.F.);
#7838=ADVANCED_FACE('',(#1015),#726,.F.);
#7839=ADVANCED_FACE('',(#1016),#727,.F.);
#7840=ADVANCED_FACE('',(#1017),#728,.F.);
#7841=ADVANCED_FACE('',(#1018),#729,.F.);
#7842=ADVANCED_FACE('',(#1019),#730,.F.);
#7843=ADVANCED_FACE('',(#1020),#731,.F.);
#7844=ADVANCED_FACE('',(#1021),#732,.F.);
#7845=ADVANCED_FACE('',(#1022),#733,.F.);
#7846=ADVANCED_FACE('',(#1023),#734,.F.);
#7847=ADVANCED_FACE('',(#1024),#735,.F.);
#7848=ADVANCED_FACE('',(#1025),#736,.F.);
#7849=ADVANCED_FACE('',(#1026),#737,.F.);
#7850=ADVANCED_FACE('',(#1027),#738,.F.);
#7851=ADVANCED_FACE('',(#1028),#739,.F.);
#7852=ADVANCED_FACE('',(#1029),#740,.F.);
#7853=ADVANCED_FACE('',(#1030),#741,.F.);
#7854=ADVANCED_FACE('',(#1031),#742,.F.);
#7855=ADVANCED_FACE('',(#1032),#743,.F.);
#7856=ADVANCED_FACE('',(#1033),#744,.F.);
#7857=ADVANCED_FACE('',(#1034),#7544,.T.);
#7858=ADVANCED_FACE('',(#1035),#745,.F.);
#7859=ADVANCED_FACE('',(#1036),#7545,.T.);
#7860=ADVANCED_FACE('',(#1037),#746,.F.);
#7861=ADVANCED_FACE('',(#1038),#7546,.T.);
#7862=ADVANCED_FACE('',(#1039),#747,.F.);
#7863=ADVANCED_FACE('',(#1040),#7547,.T.);
#7864=ADVANCED_FACE('',(#1041),#748,.F.);
#7865=ADVANCED_FACE('',(#1042),#7548,.T.);
#7866=ADVANCED_FACE('',(#1043),#749,.F.);
#7867=ADVANCED_FACE('',(#1044),#7549,.T.);
#7868=ADVANCED_FACE('',(#1045),#750,.F.);
#7869=ADVANCED_FACE('',(#1046),#7550,.T.);
#7870=ADVANCED_FACE('',(#1047),#751,.F.);
#7871=ADVANCED_FACE('',(#1048),#7551,.T.);
#7872=ADVANCED_FACE('',(#1049),#752,.F.);
#7873=ADVANCED_FACE('',(#1050),#7552,.T.);
#7874=ADVANCED_FACE('',(#1051),#753,.F.);
#7875=ADVANCED_FACE('',(#1052),#7553,.T.);
#7876=ADVANCED_FACE('',(#1053),#754,.F.);
#7877=ADVANCED_FACE('',(#1054),#7554,.T.);
#7878=ADVANCED_FACE('',(#1055),#755,.F.);
#7879=ADVANCED_FACE('',(#1056),#7555,.T.);
#7880=ADVANCED_FACE('',(#1057),#756,.F.);
#7881=ADVANCED_FACE('',(#1058),#7556,.T.);
#7882=ADVANCED_FACE('',(#1059),#757,.F.);
#7883=ADVANCED_FACE('',(#1060),#7557,.T.);
#7884=ADVANCED_FACE('',(#1061),#758,.F.);
#7885=ADVANCED_FACE('',(#1062),#7558,.T.);
#7886=ADVANCED_FACE('',(#1063),#759,.F.);
#7887=ADVANCED_FACE('',(#1064),#7559,.T.);
#7888=ADVANCED_FACE('',(#1065),#760,.F.);
#7889=ADVANCED_FACE('',(#1066),#7560,.T.);
#7890=ADVANCED_FACE('',(#1067),#761,.F.);
#7891=ADVANCED_FACE('',(#1068),#7561,.T.);
#7892=ADVANCED_FACE('',(#1069),#762,.F.);
#7893=ADVANCED_FACE('',(#1070),#7562,.T.);
#7894=ADVANCED_FACE('',(#1071),#763,.F.);
#7895=ADVANCED_FACE('',(#1072),#7563,.T.);
#7896=ADVANCED_FACE('',(#1073),#764,.F.);
#7897=ADVANCED_FACE('',(#1074),#7564,.T.);
#7898=ADVANCED_FACE('',(#1075),#765,.F.);
#7899=ADVANCED_FACE('',(#1076),#7565,.T.);
#7900=ADVANCED_FACE('',(#1077),#766,.F.);
#7901=ADVANCED_FACE('',(#1078),#7566,.T.);
#7902=ADVANCED_FACE('',(#1079,#15,#16,#17,#18,#19,#20,#21,#22,#23,#24,#25,
#26,#27,#28,#29,#30,#31,#32,#33,#34,#35,#36,#37,#38,#39,#40,#41,#42,#43,
#44,#45,#46,#47,#48,#49,#50,#51,#52),#7567,.T.);
#7903=ADVANCED_FACE('',(#1080),#7568,.F.);
#7904=ADVANCED_FACE('',(#1081),#767,.F.);
#7905=ADVANCED_FACE('',(#1082),#7569,.F.);
#7906=ADVANCED_FACE('',(#1083),#768,.F.);
#7907=ADVANCED_FACE('',(#1084),#7570,.F.);
#7908=ADVANCED_FACE('',(#1085),#769,.F.);
#7909=ADVANCED_FACE('',(#1086),#7571,.F.);
#7910=ADVANCED_FACE('',(#1087),#770,.F.);
#7911=ADVANCED_FACE('',(#1088,#53),#7572,.T.);
#7912=ADVANCED_FACE('',(#1089),#7573,.F.);
#7913=ADVANCED_FACE('',(#1090),#771,.F.);
#7914=ADVANCED_FACE('',(#1091),#7574,.F.);
#7915=ADVANCED_FACE('',(#1092),#772,.F.);
#7916=ADVANCED_FACE('',(#1093),#7575,.F.);
#7917=ADVANCED_FACE('',(#1094),#773,.F.);
#7918=ADVANCED_FACE('',(#1095),#7576,.F.);
#7919=ADVANCED_FACE('',(#1096),#774,.F.);
#7920=ADVANCED_FACE('',(#1097,#54),#7577,.T.);
#7921=ADVANCED_FACE('',(#1098),#7578,.F.);
#7922=ADVANCED_FACE('',(#1099),#775,.F.);
#7923=ADVANCED_FACE('',(#1100),#7579,.F.);
#7924=ADVANCED_FACE('',(#1101),#776,.F.);
#7925=ADVANCED_FACE('',(#1102),#7580,.F.);
#7926=ADVANCED_FACE('',(#1103),#777,.F.);
#7927=ADVANCED_FACE('',(#1104),#7581,.F.);
#7928=ADVANCED_FACE('',(#1105),#778,.F.);
#7929=ADVANCED_FACE('',(#1106,#55),#7582,.T.);
#7930=ADVANCED_FACE('',(#1107),#7583,.F.);
#7931=ADVANCED_FACE('',(#1108),#779,.F.);
#7932=ADVANCED_FACE('',(#1109),#7584,.F.);
#7933=ADVANCED_FACE('',(#1110),#780,.F.);
#7934=ADVANCED_FACE('',(#1111),#7585,.F.);
#7935=ADVANCED_FACE('',(#1112),#781,.F.);
#7936=ADVANCED_FACE('',(#1113),#7586,.F.);
#7937=ADVANCED_FACE('',(#1114),#782,.F.);
#7938=ADVANCED_FACE('',(#1115,#56),#7587,.T.);
#7939=ADVANCED_FACE('',(#1116),#7588,.F.);
#7940=ADVANCED_FACE('',(#1117),#783,.F.);
#7941=ADVANCED_FACE('',(#1118),#7589,.F.);
#7942=ADVANCED_FACE('',(#1119),#784,.F.);
#7943=ADVANCED_FACE('',(#1120),#7590,.F.);
#7944=ADVANCED_FACE('',(#1121),#785,.F.);
#7945=ADVANCED_FACE('',(#1122),#7591,.F.);
#7946=ADVANCED_FACE('',(#1123),#786,.F.);
#7947=ADVANCED_FACE('',(#1124,#57),#7592,.T.);
#7948=ADVANCED_FACE('',(#1125),#7593,.F.);
#7949=ADVANCED_FACE('',(#1126),#787,.F.);
#7950=ADVANCED_FACE('',(#1127),#7594,.F.);
#7951=ADVANCED_FACE('',(#1128),#788,.F.);
#7952=ADVANCED_FACE('',(#1129),#7595,.F.);
#7953=ADVANCED_FACE('',(#1130),#789,.F.);
#7954=ADVANCED_FACE('',(#1131),#7596,.F.);
#7955=ADVANCED_FACE('',(#1132),#790,.F.);
#7956=ADVANCED_FACE('',(#1133,#58),#7597,.T.);
#7957=ADVANCED_FACE('',(#1134),#791,.F.);
#7958=ADVANCED_FACE('',(#1135),#7598,.F.);
#7959=ADVANCED_FACE('',(#1136),#792,.F.);
#7960=ADVANCED_FACE('',(#1137),#7599,.F.);
#7961=ADVANCED_FACE('',(#1138),#793,.F.);
#7962=ADVANCED_FACE('',(#1139),#7600,.F.);
#7963=ADVANCED_FACE('',(#1140),#794,.F.);
#7964=ADVANCED_FACE('',(#1141),#7601,.F.);
#7965=ADVANCED_FACE('',(#1142,#59),#7602,.T.);
#7966=ADVANCED_FACE('',(#1143),#7603,.F.);
#7967=ADVANCED_FACE('',(#1144),#795,.F.);
#7968=ADVANCED_FACE('',(#1145),#7604,.F.);
#7969=ADVANCED_FACE('',(#1146),#796,.F.);
#7970=ADVANCED_FACE('',(#1147),#7605,.F.);
#7971=ADVANCED_FACE('',(#1148),#797,.F.);
#7972=ADVANCED_FACE('',(#1149),#7606,.F.);
#7973=ADVANCED_FACE('',(#1150),#798,.F.);
#7974=ADVANCED_FACE('',(#1151,#60),#7607,.T.);
#7975=ADVANCED_FACE('',(#1152),#7608,.F.);
#7976=ADVANCED_FACE('',(#1153),#799,.F.);
#7977=ADVANCED_FACE('',(#1154),#7609,.F.);
#7978=ADVANCED_FACE('',(#1155),#800,.F.);
#7979=ADVANCED_FACE('',(#1156),#7610,.F.);
#7980=ADVANCED_FACE('',(#1157),#801,.F.);
#7981=ADVANCED_FACE('',(#1158),#7611,.F.);
#7982=ADVANCED_FACE('',(#1159),#802,.F.);
#7983=ADVANCED_FACE('',(#1160,#61),#7612,.T.);
#7984=ADVANCED_FACE('',(#1161),#7613,.F.);
#7985=ADVANCED_FACE('',(#1162),#803,.F.);
#7986=ADVANCED_FACE('',(#1163),#7614,.F.);
#7987=ADVANCED_FACE('',(#1164),#804,.F.);
#7988=ADVANCED_FACE('',(#1165),#7615,.F.);
#7989=ADVANCED_FACE('',(#1166),#805,.F.);
#7990=ADVANCED_FACE('',(#1167),#7616,.F.);
#7991=ADVANCED_FACE('',(#1168),#806,.F.);
#7992=ADVANCED_FACE('',(#1169,#62),#7617,.T.);
#7993=ADVANCED_FACE('',(#1170),#7618,.F.);
#7994=ADVANCED_FACE('',(#1171),#807,.F.);
#7995=ADVANCED_FACE('',(#1172),#7619,.F.);
#7996=ADVANCED_FACE('',(#1173),#808,.F.);
#7997=ADVANCED_FACE('',(#1174),#7620,.F.);
#7998=ADVANCED_FACE('',(#1175),#809,.F.);
#7999=ADVANCED_FACE('',(#1176),#7621,.F.);
#8000=ADVANCED_FACE('',(#1177),#810,.F.);
#8001=ADVANCED_FACE('',(#1178,#63),#7622,.T.);
#8002=ADVANCED_FACE('',(#1179),#7623,.F.);
#8003=ADVANCED_FACE('',(#1180),#811,.F.);
#8004=ADVANCED_FACE('',(#1181),#7624,.F.);
#8005=ADVANCED_FACE('',(#1182),#812,.F.);
#8006=ADVANCED_FACE('',(#1183),#7625,.F.);
#8007=ADVANCED_FACE('',(#1184),#813,.F.);
#8008=ADVANCED_FACE('',(#1185),#7626,.F.);
#8009=ADVANCED_FACE('',(#1186),#814,.F.);
#8010=ADVANCED_FACE('',(#1187,#64),#7627,.T.);
#8011=ADVANCED_FACE('',(#1188),#7628,.F.);
#8012=ADVANCED_FACE('',(#1189),#815,.F.);
#8013=ADVANCED_FACE('',(#1190),#7629,.F.);
#8014=ADVANCED_FACE('',(#1191),#816,.F.);
#8015=ADVANCED_FACE('',(#1192),#7630,.F.);
#8016=ADVANCED_FACE('',(#1193),#817,.F.);
#8017=ADVANCED_FACE('',(#1194),#7631,.F.);
#8018=ADVANCED_FACE('',(#1195),#818,.F.);
#8019=ADVANCED_FACE('',(#1196,#65),#7632,.T.);
#8020=ADVANCED_FACE('',(#1197),#819,.F.);
#8021=ADVANCED_FACE('',(#1198),#7633,.F.);
#8022=ADVANCED_FACE('',(#1199),#820,.F.);
#8023=ADVANCED_FACE('',(#1200),#7634,.F.);
#8024=ADVANCED_FACE('',(#1201),#821,.F.);
#8025=ADVANCED_FACE('',(#1202),#7635,.F.);
#8026=ADVANCED_FACE('',(#1203),#822,.F.);
#8027=ADVANCED_FACE('',(#1204),#7636,.F.);
#8028=ADVANCED_FACE('',(#1205,#66),#7637,.T.);
#8029=ADVANCED_FACE('',(#1206),#7638,.F.);
#8030=ADVANCED_FACE('',(#1207),#823,.F.);
#8031=ADVANCED_FACE('',(#1208),#7639,.F.);
#8032=ADVANCED_FACE('',(#1209),#824,.F.);
#8033=ADVANCED_FACE('',(#1210),#7640,.F.);
#8034=ADVANCED_FACE('',(#1211),#825,.F.);
#8035=ADVANCED_FACE('',(#1212),#7641,.F.);
#8036=ADVANCED_FACE('',(#1213),#826,.F.);
#8037=ADVANCED_FACE('',(#1214,#67),#7642,.T.);
#8038=ADVANCED_FACE('',(#1215),#7643,.F.);
#8039=ADVANCED_FACE('',(#1216),#827,.F.);
#8040=ADVANCED_FACE('',(#1217),#7644,.F.);
#8041=ADVANCED_FACE('',(#1218),#828,.F.);
#8042=ADVANCED_FACE('',(#1219),#7645,.F.);
#8043=ADVANCED_FACE('',(#1220),#829,.F.);
#8044=ADVANCED_FACE('',(#1221),#7646,.F.);
#8045=ADVANCED_FACE('',(#1222),#830,.F.);
#8046=ADVANCED_FACE('',(#1223,#68),#7647,.T.);
#8047=ADVANCED_FACE('',(#1224),#7648,.F.);
#8048=ADVANCED_FACE('',(#1225),#831,.F.);
#8049=ADVANCED_FACE('',(#1226),#7649,.F.);
#8050=ADVANCED_FACE('',(#1227),#832,.F.);
#8051=ADVANCED_FACE('',(#1228),#7650,.F.);
#8052=ADVANCED_FACE('',(#1229),#833,.F.);
#8053=ADVANCED_FACE('',(#1230),#7651,.F.);
#8054=ADVANCED_FACE('',(#1231),#834,.F.);
#8055=ADVANCED_FACE('',(#1232,#69),#7652,.T.);
#8056=ADVANCED_FACE('',(#1233),#835,.F.);
#8057=ADVANCED_FACE('',(#1234),#7653,.F.);
#8058=ADVANCED_FACE('',(#1235),#836,.F.);
#8059=ADVANCED_FACE('',(#1236),#7654,.F.);
#8060=ADVANCED_FACE('',(#1237),#837,.F.);
#8061=ADVANCED_FACE('',(#1238),#7655,.F.);
#8062=ADVANCED_FACE('',(#1239),#838,.F.);
#8063=ADVANCED_FACE('',(#1240),#7656,.F.);
#8064=ADVANCED_FACE('',(#1241,#70),#7657,.T.);
#8065=ADVANCED_FACE('',(#1242),#7658,.F.);
#8066=ADVANCED_FACE('',(#1243),#839,.F.);
#8067=ADVANCED_FACE('',(#1244),#7659,.F.);
#8068=ADVANCED_FACE('',(#1245),#840,.F.);
#8069=ADVANCED_FACE('',(#1246),#7660,.F.);
#8070=ADVANCED_FACE('',(#1247),#841,.F.);
#8071=ADVANCED_FACE('',(#1248),#7661,.F.);
#8072=ADVANCED_FACE('',(#1249),#842,.F.);
#8073=ADVANCED_FACE('',(#1250,#71),#7662,.T.);
#8074=ADVANCED_FACE('',(#1251),#7663,.F.);
#8075=ADVANCED_FACE('',(#1252),#843,.F.);
#8076=ADVANCED_FACE('',(#1253),#7664,.F.);
#8077=ADVANCED_FACE('',(#1254),#844,.F.);
#8078=ADVANCED_FACE('',(#1255),#7665,.F.);
#8079=ADVANCED_FACE('',(#1256),#845,.F.);
#8080=ADVANCED_FACE('',(#1257),#7666,.F.);
#8081=ADVANCED_FACE('',(#1258),#846,.F.);
#8082=ADVANCED_FACE('',(#1259,#72),#7667,.T.);
#8083=ADVANCED_FACE('',(#1260),#847,.F.);
#8084=ADVANCED_FACE('',(#1261),#7668,.F.);
#8085=ADVANCED_FACE('',(#1262),#848,.F.);
#8086=ADVANCED_FACE('',(#1263),#7669,.F.);
#8087=ADVANCED_FACE('',(#1264),#849,.F.);
#8088=ADVANCED_FACE('',(#1265),#7670,.F.);
#8089=ADVANCED_FACE('',(#1266),#850,.F.);
#8090=ADVANCED_FACE('',(#1267),#7671,.F.);
#8091=ADVANCED_FACE('',(#1268,#73),#7672,.T.);
#8092=ADVANCED_FACE('',(#1269),#851,.F.);
#8093=ADVANCED_FACE('',(#1270),#7673,.F.);
#8094=ADVANCED_FACE('',(#1271),#852,.F.);
#8095=ADVANCED_FACE('',(#1272),#7674,.F.);
#8096=ADVANCED_FACE('',(#1273),#853,.F.);
#8097=ADVANCED_FACE('',(#1274),#7675,.F.);
#8098=ADVANCED_FACE('',(#1275),#854,.F.);
#8099=ADVANCED_FACE('',(#1276),#7676,.F.);
#8100=ADVANCED_FACE('',(#1277,#74),#7677,.T.);
#8101=ADVANCED_FACE('',(#1278),#7678,.F.);
#8102=ADVANCED_FACE('',(#1279),#855,.F.);
#8103=ADVANCED_FACE('',(#1280),#7679,.F.);
#8104=ADVANCED_FACE('',(#1281),#856,.F.);
#8105=ADVANCED_FACE('',(#1282),#7680,.F.);
#8106=ADVANCED_FACE('',(#1283),#857,.F.);
#8107=ADVANCED_FACE('',(#1284),#7681,.F.);
#8108=ADVANCED_FACE('',(#1285),#858,.F.);
#8109=ADVANCED_FACE('',(#1286,#75),#7682,.T.);
#8110=ADVANCED_FACE('',(#1287),#859,.T.);
#8111=ADVANCED_FACE('',(#1288),#860,.F.);
#8112=ADVANCED_FACE('',(#1289),#861,.T.);
#8113=ADVANCED_FACE('',(#1290,#76,#77,#78,#79,#80,#81,#82,#83,#84,#85,#86,
#87,#88,#89,#90,#91,#92),#7683,.T.);
#8114=ADVANCED_FACE('',(#1291,#93,#94,#95,#96,#97,#98,#99,#100,#101,#102,
#103,#104,#105,#106,#107,#108,#109,#110,#111,#112,#113,#114,#115,#116,#117,
#118,#119,#120,#121,#122,#123,#124,#125,#126,#127,#128,#129,#130,#131,#132),
#7684,.F.);
#8115=CLOSED_SHELL('',(#7685,#7686,#7687,#7688,#7689,#7690,#7691,#7692,
#7693,#7694,#7695,#7696,#7697,#7698,#7699,#7700,#7701,#7702,#7703,#7704,
#7705,#7706,#7707,#7708,#7709,#7710,#7711,#7712,#7713,#7714,#7715,#7716,
#7717,#7718,#7719,#7720,#7721,#7722,#7723,#7724,#7725,#7726,#7727,#7728,
#7729,#7730,#7731,#7732,#7733,#7734,#7735,#7736,#7737,#7738,#7739,#7740,
#7741,#7742,#7743,#7744,#7745,#7746,#7747,#7748,#7749,#7750,#7751,#7752,
#7753,#7754,#7755,#7756,#7757,#7758,#7759,#7760,#7761,#7762,#7763,#7764,
#7765,#7766,#7767,#7768,#7769,#7770,#7771,#7772,#7773,#7774,#7775,#7776,
#7777,#7778,#7779,#7780,#7781,#7782,#7783,#7784,#7785,#7786,#7787,#7788,
#7789,#7790,#7791,#7792,#7793,#7794,#7795,#7796,#7797,#7798,#7799,#7800,
#7801,#7802,#7803,#7804,#7805,#7806,#7807,#7808,#7809,#7810,#7811,#7812,
#7813,#7814,#7815,#7816,#7817,#7818,#7819,#7820,#7821,#7822,#7823,#7824,
#7825,#7826,#7827,#7828,#7829,#7830,#7831,#7832,#7833,#7834,#7835,#7836,
#7837,#7838,#7839,#7840,#7841,#7842,#7843,#7844,#7845,#7846,#7847,#7848,
#7849,#7850,#7851,#7852,#7853,#7854,#7855,#7856,#7857,#7858,#7859,#7860,
#7861,#7862,#7863,#7864,#7865,#7866,#7867,#7868,#7869,#7870,#7871,#7872,
#7873,#7874,#7875,#7876,#7877,#7878,#7879,#7880,#7881,#7882,#7883,#7884,
#7885,#7886,#7887,#7888,#7889,#7890,#7891,#7892,#7893,#7894,#7895,#7896,
#7897,#7898,#7899,#7900,#7901,#7902,#7903,#7904,#7905,#7906,#7907,#7908,
#7909,#7910,#7911,#7912,#7913,#7914,#7915,#7916,#7917,#7918,#7919,#7920,
#7921,#7922,#7923,#7924,#7925,#7926,#7927,#7928,#7929,#7930,#7931,#7932,
#7933,#7934,#7935,#7936,#7937,#7938,#7939,#7940,#7941,#7942,#7943,#7944,
#7945,#7946,#7947,#7948,#7949,#7950,#7951,#7952,#7953,#7954,#7955,#7956,
#7957,#7958,#7959,#7960,#7961,#7962,#7963,#7964,#7965,#7966,#7967,#7968,
#7969,#7970,#7971,#7972,#7973,#7974,#7975,#7976,#7977,#7978,#7979,#7980,
#7981,#7982,#7983,#7984,#7985,#7986,#7987,#7988,#7989,#7990,#7991,#7992,
#7993,#7994,#7995,#7996,#7997,#7998,#7999,#8000,#8001,#8002,#8003,#8004,
#8005,#8006,#8007,#8008,#8009,#8010,#8011,#8012,#8013,#8014,#8015,#8016,
#8017,#8018,#8019,#8020,#8021,#8022,#8023,#8024,#8025,#8026,#8027,#8028,
#8029,#8030,#8031,#8032,#8033,#8034,#8035,#8036,#8037,#8038,#8039,#8040,
#8041,#8042,#8043,#8044,#8045,#8046,#8047,#8048,#8049,#8050,#8051,#8052,
#8053,#8054,#8055,#8056,#8057,#8058,#8059,#8060,#8061,#8062,#8063,#8064,
#8065,#8066,#8067,#8068,#8069,#8070,#8071,#8072,#8073,#8074,#8075,#8076,
#8077,#8078,#8079,#8080,#8081,#8082,#8083,#8084,#8085,#8086,#8087,#8088,
#8089,#8090,#8091,#8092,#8093,#8094,#8095,#8096,#8097,#8098,#8099,#8100,
#8101,#8102,#8103,#8104,#8105,#8106,#8107,#8108,#8109,#8110,#8111,#8112,
#8113,#8114));
#8116=DERIVED_UNIT_ELEMENT(#8119,1.);
#8117=DERIVED_UNIT_ELEMENT(#13958,-3.);
#8118=DIMENSIONAL_EXPONENTS(0.,1.,0.,0.,0.,0.,0.);
#8119=(
CONVERSION_BASED_UNIT('gram',#8121)
MASS_UNIT()
NAMED_UNIT(#8118)
);
#8120=(
MASS_UNIT()
NAMED_UNIT(*)
SI_UNIT(.KILO.,.GRAM.)
);
#8121=MASS_MEASURE_WITH_UNIT(MASS_MEASURE(0.001),#8120);
#8122=DERIVED_UNIT((#8116,#8117));
#8123=MEASURE_REPRESENTATION_ITEM('density measure',
POSITIVE_RATIO_MEASURE(1.),#8122);
#8124=PROPERTY_DEFINITION_REPRESENTATION(#8129,#8126);
#8125=PROPERTY_DEFINITION_REPRESENTATION(#8130,#8127);
#8126=REPRESENTATION('material name',(#8128),#13955);
#8127=REPRESENTATION('density',(#8123),#13955);
#8128=DESCRIPTIVE_REPRESENTATION_ITEM('Generic','Generic');
#8129=PROPERTY_DEFINITION('material property','material name',#13965);
#8130=PROPERTY_DEFINITION('material property','density of part',#13965);
#8131=DATE_TIME_ROLE('creation_date');
#8132=APPLIED_DATE_AND_TIME_ASSIGNMENT(#8133,#8131,(#13965));
#8133=DATE_AND_TIME(#8134,#8135);
#8134=CALENDAR_DATE(2025,23,4);
#8135=LOCAL_TIME(0,0,0.,#8136);
#8136=COORDINATED_UNIVERSAL_TIME_OFFSET(0,0,.BEHIND.);
#8137=AXIS2_PLACEMENT_3D('',#11572,#9054,#9055);
#8138=AXIS2_PLACEMENT_3D('',#11573,#9056,#9057);
#8139=AXIS2_PLACEMENT_3D('',#11582,#9062,#9063);
#8140=AXIS2_PLACEMENT_3D('',#11584,#9064,#9065);
#8141=AXIS2_PLACEMENT_3D('',#11586,#9066,#9067);
#8142=AXIS2_PLACEMENT_3D('',#11588,#9069,#9070);
#8143=AXIS2_PLACEMENT_3D('',#11590,#9071,#9072);
#8144=AXIS2_PLACEMENT_3D('',#11592,#9073,#9074);
#8145=AXIS2_PLACEMENT_3D('',#11594,#9076,#9077);
#8146=AXIS2_PLACEMENT_3D('',#11600,#9081,#9082);
#8147=AXIS2_PLACEMENT_3D('',#11602,#9083,#9084);
#8148=AXIS2_PLACEMENT_3D('',#11604,#9085,#9086);
#8149=AXIS2_PLACEMENT_3D('',#11606,#9088,#9089);
#8150=AXIS2_PLACEMENT_3D('',#11608,#9090,#9091);
#8151=AXIS2_PLACEMENT_3D('',#11610,#9092,#9093);
#8152=AXIS2_PLACEMENT_3D('',#11612,#9095,#9096);
#8153=AXIS2_PLACEMENT_3D('',#11614,#9097,#9098);
#8154=AXIS2_PLACEMENT_3D('',#11616,#9099,#9100);
#8155=AXIS2_PLACEMENT_3D('',#11618,#9102,#9103);
#8156=AXIS2_PLACEMENT_3D('',#11624,#9107,#9108);
#8157=AXIS2_PLACEMENT_3D('',#11626,#9109,#9110);
#8158=AXIS2_PLACEMENT_3D('',#11628,#9111,#9112);
#8159=AXIS2_PLACEMENT_3D('',#11630,#9114,#9115);
#8160=AXIS2_PLACEMENT_3D('',#11632,#9116,#9117);
#8161=AXIS2_PLACEMENT_3D('',#11634,#9118,#9119);
#8162=AXIS2_PLACEMENT_3D('',#11636,#9121,#9122);
#8163=AXIS2_PLACEMENT_3D('',#11642,#9126,#9127);
#8164=AXIS2_PLACEMENT_3D('',#11644,#9128,#9129);
#8165=AXIS2_PLACEMENT_3D('',#11646,#9130,#9131);
#8166=AXIS2_PLACEMENT_3D('',#11648,#9133,#9134);
#8167=AXIS2_PLACEMENT_3D('',#11650,#9135,#9136);
#8168=AXIS2_PLACEMENT_3D('',#11652,#9137,#9138);
#8169=AXIS2_PLACEMENT_3D('',#11654,#9140,#9141);
#8170=AXIS2_PLACEMENT_3D('',#11655,#9142,#9143);
#8171=AXIS2_PLACEMENT_3D('',#11656,#9144,#9145);
#8172=AXIS2_PLACEMENT_3D('',#11657,#9146,#9147);
#8173=AXIS2_PLACEMENT_3D('',#11666,#9152,#9153);
#8174=AXIS2_PLACEMENT_3D('',#11668,#9154,#9155);
#8175=AXIS2_PLACEMENT_3D('',#11670,#9156,#9157);
#8176=AXIS2_PLACEMENT_3D('',#11672,#9159,#9160);
#8177=AXIS2_PLACEMENT_3D('',#11674,#9161,#9162);
#8178=AXIS2_PLACEMENT_3D('',#11676,#9163,#9164);
#8179=AXIS2_PLACEMENT_3D('',#11678,#9166,#9167);
#8180=AXIS2_PLACEMENT_3D('',#11684,#9171,#9172);
#8181=AXIS2_PLACEMENT_3D('',#11686,#9173,#9174);
#8182=AXIS2_PLACEMENT_3D('',#11688,#9175,#9176);
#8183=AXIS2_PLACEMENT_3D('',#11690,#9178,#9179);
#8184=AXIS2_PLACEMENT_3D('',#11692,#9180,#9181);
#8185=AXIS2_PLACEMENT_3D('',#11694,#9182,#9183);
#8186=AXIS2_PLACEMENT_3D('',#11696,#9185,#9186);
#8187=AXIS2_PLACEMENT_3D('',#11698,#9187,#9188);
#8188=AXIS2_PLACEMENT_3D('',#11700,#9189,#9190);
#8189=AXIS2_PLACEMENT_3D('',#11702,#9192,#9193);
#8190=AXIS2_PLACEMENT_3D('',#11708,#9197,#9198);
#8191=AXIS2_PLACEMENT_3D('',#11710,#9199,#9200);
#8192=AXIS2_PLACEMENT_3D('',#11712,#9201,#9202);
#8193=AXIS2_PLACEMENT_3D('',#11714,#9204,#9205);
#8194=AXIS2_PLACEMENT_3D('',#11716,#9206,#9207);
#8195=AXIS2_PLACEMENT_3D('',#11718,#9208,#9209);
#8196=AXIS2_PLACEMENT_3D('',#11720,#9211,#9212);
#8197=AXIS2_PLACEMENT_3D('',#11726,#9216,#9217);
#8198=AXIS2_PLACEMENT_3D('',#11728,#9218,#9219);
#8199=AXIS2_PLACEMENT_3D('',#11730,#9220,#9221);
#8200=AXIS2_PLACEMENT_3D('',#11732,#9223,#9224);
#8201=AXIS2_PLACEMENT_3D('',#11734,#9225,#9226);
#8202=AXIS2_PLACEMENT_3D('',#11736,#9227,#9228);
#8203=AXIS2_PLACEMENT_3D('',#11738,#9230,#9231);
#8204=AXIS2_PLACEMENT_3D('',#11739,#9232,#9233);
#8205=AXIS2_PLACEMENT_3D('',#11740,#9234,#9235);
#8206=AXIS2_PLACEMENT_3D('',#11741,#9236,#9237);
#8207=AXIS2_PLACEMENT_3D('',#11750,#9242,#9243);
#8208=AXIS2_PLACEMENT_3D('',#11752,#9244,#9245);
#8209=AXIS2_PLACEMENT_3D('',#11754,#9246,#9247);
#8210=AXIS2_PLACEMENT_3D('',#11756,#9249,#9250);
#8211=AXIS2_PLACEMENT_3D('',#11758,#9251,#9252);
#8212=AXIS2_PLACEMENT_3D('',#11760,#9253,#9254);
#8213=AXIS2_PLACEMENT_3D('',#11762,#9256,#9257);
#8214=AXIS2_PLACEMENT_3D('',#11768,#9261,#9262);
#8215=AXIS2_PLACEMENT_3D('',#11770,#9263,#9264);
#8216=AXIS2_PLACEMENT_3D('',#11772,#9265,#9266);
#8217=AXIS2_PLACEMENT_3D('',#11774,#9268,#9269);
#8218=AXIS2_PLACEMENT_3D('',#11776,#9270,#9271);
#8219=AXIS2_PLACEMENT_3D('',#11778,#9272,#9273);
#8220=AXIS2_PLACEMENT_3D('',#11780,#9275,#9276);
#8221=AXIS2_PLACEMENT_3D('',#11782,#9277,#9278);
#8222=AXIS2_PLACEMENT_3D('',#11784,#9279,#9280);
#8223=AXIS2_PLACEMENT_3D('',#11786,#9282,#9283);
#8224=AXIS2_PLACEMENT_3D('',#11792,#9287,#9288);
#8225=AXIS2_PLACEMENT_3D('',#11794,#9289,#9290);
#8226=AXIS2_PLACEMENT_3D('',#11796,#9291,#9292);
#8227=AXIS2_PLACEMENT_3D('',#11798,#9294,#9295);
#8228=AXIS2_PLACEMENT_3D('',#11800,#9296,#9297);
#8229=AXIS2_PLACEMENT_3D('',#11802,#9298,#9299);
#8230=AXIS2_PLACEMENT_3D('',#11804,#9301,#9302);
#8231=AXIS2_PLACEMENT_3D('',#11810,#9306,#9307);
#8232=AXIS2_PLACEMENT_3D('',#11812,#9308,#9309);
#8233=AXIS2_PLACEMENT_3D('',#11814,#9310,#9311);
#8234=AXIS2_PLACEMENT_3D('',#11816,#9313,#9314);
#8235=AXIS2_PLACEMENT_3D('',#11818,#9315,#9316);
#8236=AXIS2_PLACEMENT_3D('',#11820,#9317,#9318);
#8237=AXIS2_PLACEMENT_3D('',#11822,#9320,#9321);
#8238=AXIS2_PLACEMENT_3D('',#11823,#9322,#9323);
#8239=AXIS2_PLACEMENT_3D('',#11824,#9324,#9325);
#8240=AXIS2_PLACEMENT_3D('',#11825,#9326,#9327);
#8241=AXIS2_PLACEMENT_3D('',#11834,#9332,#9333);
#8242=AXIS2_PLACEMENT_3D('',#11836,#9334,#9335);
#8243=AXIS2_PLACEMENT_3D('',#11838,#9336,#9337);
#8244=AXIS2_PLACEMENT_3D('',#11840,#9339,#9340);
#8245=AXIS2_PLACEMENT_3D('',#11842,#9341,#9342);
#8246=AXIS2_PLACEMENT_3D('',#11844,#9343,#9344);
#8247=AXIS2_PLACEMENT_3D('',#11846,#9346,#9347);
#8248=AXIS2_PLACEMENT_3D('',#11852,#9351,#9352);
#8249=AXIS2_PLACEMENT_3D('',#11854,#9353,#9354);
#8250=AXIS2_PLACEMENT_3D('',#11856,#9355,#9356);
#8251=AXIS2_PLACEMENT_3D('',#11858,#9358,#9359);
#8252=AXIS2_PLACEMENT_3D('',#11860,#9360,#9361);
#8253=AXIS2_PLACEMENT_3D('',#11862,#9362,#9363);
#8254=AXIS2_PLACEMENT_3D('',#11864,#9365,#9366);
#8255=AXIS2_PLACEMENT_3D('',#11866,#9367,#9368);
#8256=AXIS2_PLACEMENT_3D('',#11868,#9369,#9370);
#8257=AXIS2_PLACEMENT_3D('',#11870,#9372,#9373);
#8258=AXIS2_PLACEMENT_3D('',#11876,#9377,#9378);
#8259=AXIS2_PLACEMENT_3D('',#11878,#9379,#9380);
#8260=AXIS2_PLACEMENT_3D('',#11880,#9381,#9382);
#8261=AXIS2_PLACEMENT_3D('',#11882,#9384,#9385);
#8262=AXIS2_PLACEMENT_3D('',#11884,#9386,#9387);
#8263=AXIS2_PLACEMENT_3D('',#11886,#9388,#9389);
#8264=AXIS2_PLACEMENT_3D('',#11888,#9391,#9392);
#8265=AXIS2_PLACEMENT_3D('',#11894,#9396,#9397);
#8266=AXIS2_PLACEMENT_3D('',#11896,#9398,#9399);
#8267=AXIS2_PLACEMENT_3D('',#11898,#9400,#9401);
#8268=AXIS2_PLACEMENT_3D('',#11900,#9403,#9404);
#8269=AXIS2_PLACEMENT_3D('',#11902,#9405,#9406);
#8270=AXIS2_PLACEMENT_3D('',#11904,#9407,#9408);
#8271=AXIS2_PLACEMENT_3D('',#11906,#9410,#9411);
#8272=AXIS2_PLACEMENT_3D('',#11907,#9412,#9413);
#8273=AXIS2_PLACEMENT_3D('',#11908,#9414,#9415);
#8274=AXIS2_PLACEMENT_3D('',#11909,#9416,#9417);
#8275=AXIS2_PLACEMENT_3D('',#11918,#9422,#9423);
#8276=AXIS2_PLACEMENT_3D('',#11920,#9424,#9425);
#8277=AXIS2_PLACEMENT_3D('',#11922,#9426,#9427);
#8278=AXIS2_PLACEMENT_3D('',#11924,#9429,#9430);
#8279=AXIS2_PLACEMENT_3D('',#11926,#9431,#9432);
#8280=AXIS2_PLACEMENT_3D('',#11928,#9433,#9434);
#8281=AXIS2_PLACEMENT_3D('',#11930,#9436,#9437);
#8282=AXIS2_PLACEMENT_3D('',#11936,#9441,#9442);
#8283=AXIS2_PLACEMENT_3D('',#11938,#9443,#9444);
#8284=AXIS2_PLACEMENT_3D('',#11940,#9445,#9446);
#8285=AXIS2_PLACEMENT_3D('',#11942,#9448,#9449);
#8286=AXIS2_PLACEMENT_3D('',#11944,#9450,#9451);
#8287=AXIS2_PLACEMENT_3D('',#11946,#9452,#9453);
#8288=AXIS2_PLACEMENT_3D('',#11948,#9455,#9456);
#8289=AXIS2_PLACEMENT_3D('',#11950,#9457,#9458);
#8290=AXIS2_PLACEMENT_3D('',#11952,#9459,#9460);
#8291=AXIS2_PLACEMENT_3D('',#11954,#9462,#9463);
#8292=AXIS2_PLACEMENT_3D('',#11960,#9467,#9468);
#8293=AXIS2_PLACEMENT_3D('',#11962,#9469,#9470);
#8294=AXIS2_PLACEMENT_3D('',#11964,#9471,#9472);
#8295=AXIS2_PLACEMENT_3D('',#11966,#9474,#9475);
#8296=AXIS2_PLACEMENT_3D('',#11968,#9476,#9477);
#8297=AXIS2_PLACEMENT_3D('',#11970,#9478,#9479);
#8298=AXIS2_PLACEMENT_3D('',#11972,#9481,#9482);
#8299=AXIS2_PLACEMENT_3D('',#11978,#9486,#9487);
#8300=AXIS2_PLACEMENT_3D('',#11980,#9488,#9489);
#8301=AXIS2_PLACEMENT_3D('',#11982,#9490,#9491);
#8302=AXIS2_PLACEMENT_3D('',#11984,#9493,#9494);
#8303=AXIS2_PLACEMENT_3D('',#11986,#9495,#9496);
#8304=AXIS2_PLACEMENT_3D('',#11988,#9497,#9498);
#8305=AXIS2_PLACEMENT_3D('',#11990,#9500,#9501);
#8306=AXIS2_PLACEMENT_3D('',#11991,#9502,#9503);
#8307=AXIS2_PLACEMENT_3D('',#11992,#9504,#9505);
#8308=AXIS2_PLACEMENT_3D('',#11993,#9506,#9507);
#8309=AXIS2_PLACEMENT_3D('',#12002,#9512,#9513);
#8310=AXIS2_PLACEMENT_3D('',#12004,#9514,#9515);
#8311=AXIS2_PLACEMENT_3D('',#12006,#9516,#9517);
#8312=AXIS2_PLACEMENT_3D('',#12008,#9519,#9520);
#8313=AXIS2_PLACEMENT_3D('',#12010,#9521,#9522);
#8314=AXIS2_PLACEMENT_3D('',#12012,#9523,#9524);
#8315=AXIS2_PLACEMENT_3D('',#12014,#9526,#9527);
#8316=AXIS2_PLACEMENT_3D('',#12020,#9531,#9532);
#8317=AXIS2_PLACEMENT_3D('',#12022,#9533,#9534);
#8318=AXIS2_PLACEMENT_3D('',#12024,#9535,#9536);
#8319=AXIS2_PLACEMENT_3D('',#12026,#9538,#9539);
#8320=AXIS2_PLACEMENT_3D('',#12028,#9540,#9541);
#8321=AXIS2_PLACEMENT_3D('',#12030,#9542,#9543);
#8322=AXIS2_PLACEMENT_3D('',#12032,#9545,#9546);
#8323=AXIS2_PLACEMENT_3D('',#12034,#9547,#9548);
#8324=AXIS2_PLACEMENT_3D('',#12036,#9549,#9550);
#8325=AXIS2_PLACEMENT_3D('',#12038,#9552,#9553);
#8326=AXIS2_PLACEMENT_3D('',#12044,#9557,#9558);
#8327=AXIS2_PLACEMENT_3D('',#12046,#9559,#9560);
#8328=AXIS2_PLACEMENT_3D('',#12048,#9561,#9562);
#8329=AXIS2_PLACEMENT_3D('',#12050,#9564,#9565);
#8330=AXIS2_PLACEMENT_3D('',#12052,#9566,#9567);
#8331=AXIS2_PLACEMENT_3D('',#12054,#9568,#9569);
#8332=AXIS2_PLACEMENT_3D('',#12056,#9571,#9572);
#8333=AXIS2_PLACEMENT_3D('',#12062,#9576,#9577);
#8334=AXIS2_PLACEMENT_3D('',#12064,#9578,#9579);
#8335=AXIS2_PLACEMENT_3D('',#12066,#9580,#9581);
#8336=AXIS2_PLACEMENT_3D('',#12068,#9583,#9584);
#8337=AXIS2_PLACEMENT_3D('',#12070,#9585,#9586);
#8338=AXIS2_PLACEMENT_3D('',#12072,#9587,#9588);
#8339=AXIS2_PLACEMENT_3D('',#12074,#9590,#9591);
#8340=AXIS2_PLACEMENT_3D('',#12075,#9592,#9593);
#8341=AXIS2_PLACEMENT_3D('',#12076,#9594,#9595);
#8342=AXIS2_PLACEMENT_3D('',#12077,#9596,#9597);
#8343=AXIS2_PLACEMENT_3D('',#12086,#9602,#9603);
#8344=AXIS2_PLACEMENT_3D('',#12088,#9604,#9605);
#8345=AXIS2_PLACEMENT_3D('',#12090,#9606,#9607);
#8346=AXIS2_PLACEMENT_3D('',#12092,#9609,#9610);
#8347=AXIS2_PLACEMENT_3D('',#12094,#9611,#9612);
#8348=AXIS2_PLACEMENT_3D('',#12096,#9613,#9614);
#8349=AXIS2_PLACEMENT_3D('',#12098,#9616,#9617);
#8350=AXIS2_PLACEMENT_3D('',#12104,#9621,#9622);
#8351=AXIS2_PLACEMENT_3D('',#12106,#9623,#9624);
#8352=AXIS2_PLACEMENT_3D('',#12108,#9625,#9626);
#8353=AXIS2_PLACEMENT_3D('',#12110,#9628,#9629);
#8354=AXIS2_PLACEMENT_3D('',#12112,#9630,#9631);
#8355=AXIS2_PLACEMENT_3D('',#12114,#9632,#9633);
#8356=AXIS2_PLACEMENT_3D('',#12116,#9635,#9636);
#8357=AXIS2_PLACEMENT_3D('',#12118,#9637,#9638);
#8358=AXIS2_PLACEMENT_3D('',#12120,#9639,#9640);
#8359=AXIS2_PLACEMENT_3D('',#12122,#9642,#9643);
#8360=AXIS2_PLACEMENT_3D('',#12128,#9647,#9648);
#8361=AXIS2_PLACEMENT_3D('',#12130,#9649,#9650);
#8362=AXIS2_PLACEMENT_3D('',#12132,#9651,#9652);
#8363=AXIS2_PLACEMENT_3D('',#12134,#9654,#9655);
#8364=AXIS2_PLACEMENT_3D('',#12136,#9656,#9657);
#8365=AXIS2_PLACEMENT_3D('',#12138,#9658,#9659);
#8366=AXIS2_PLACEMENT_3D('',#12140,#9661,#9662);
#8367=AXIS2_PLACEMENT_3D('',#12146,#9666,#9667);
#8368=AXIS2_PLACEMENT_3D('',#12148,#9668,#9669);
#8369=AXIS2_PLACEMENT_3D('',#12150,#9670,#9671);
#8370=AXIS2_PLACEMENT_3D('',#12152,#9673,#9674);
#8371=AXIS2_PLACEMENT_3D('',#12154,#9675,#9676);
#8372=AXIS2_PLACEMENT_3D('',#12156,#9677,#9678);
#8373=AXIS2_PLACEMENT_3D('',#12158,#9680,#9681);
#8374=AXIS2_PLACEMENT_3D('',#12159,#9682,#9683);
#8375=AXIS2_PLACEMENT_3D('',#12160,#9684,#9685);
#8376=AXIS2_PLACEMENT_3D('',#12161,#9686,#9687);
#8377=AXIS2_PLACEMENT_3D('',#12170,#9692,#9693);
#8378=AXIS2_PLACEMENT_3D('',#12172,#9694,#9695);
#8379=AXIS2_PLACEMENT_3D('',#12174,#9696,#9697);
#8380=AXIS2_PLACEMENT_3D('',#12176,#9699,#9700);
#8381=AXIS2_PLACEMENT_3D('',#12178,#9701,#9702);
#8382=AXIS2_PLACEMENT_3D('',#12180,#9703,#9704);
#8383=AXIS2_PLACEMENT_3D('',#12182,#9706,#9707);
#8384=AXIS2_PLACEMENT_3D('',#12188,#9711,#9712);
#8385=AXIS2_PLACEMENT_3D('',#12190,#9713,#9714);
#8386=AXIS2_PLACEMENT_3D('',#12192,#9715,#9716);
#8387=AXIS2_PLACEMENT_3D('',#12194,#9718,#9719);
#8388=AXIS2_PLACEMENT_3D('',#12196,#9720,#9721);
#8389=AXIS2_PLACEMENT_3D('',#12198,#9722,#9723);
#8390=AXIS2_PLACEMENT_3D('',#12200,#9725,#9726);
#8391=AXIS2_PLACEMENT_3D('',#12202,#9727,#9728);
#8392=AXIS2_PLACEMENT_3D('',#12204,#9729,#9730);
#8393=AXIS2_PLACEMENT_3D('',#12206,#9732,#9733);
#8394=AXIS2_PLACEMENT_3D('',#12212,#9737,#9738);
#8395=AXIS2_PLACEMENT_3D('',#12214,#9739,#9740);
#8396=AXIS2_PLACEMENT_3D('',#12216,#9741,#9742);
#8397=AXIS2_PLACEMENT_3D('',#12218,#9744,#9745);
#8398=AXIS2_PLACEMENT_3D('',#12220,#9746,#9747);
#8399=AXIS2_PLACEMENT_3D('',#12222,#9748,#9749);
#8400=AXIS2_PLACEMENT_3D('',#12224,#9751,#9752);
#8401=AXIS2_PLACEMENT_3D('',#12230,#9756,#9757);
#8402=AXIS2_PLACEMENT_3D('',#12232,#9758,#9759);
#8403=AXIS2_PLACEMENT_3D('',#12234,#9760,#9761);
#8404=AXIS2_PLACEMENT_3D('',#12236,#9763,#9764);
#8405=AXIS2_PLACEMENT_3D('',#12238,#9765,#9766);
#8406=AXIS2_PLACEMENT_3D('',#12240,#9767,#9768);
#8407=AXIS2_PLACEMENT_3D('',#12242,#9770,#9771);
#8408=AXIS2_PLACEMENT_3D('',#12243,#9772,#9773);
#8409=AXIS2_PLACEMENT_3D('',#12244,#9774,#9775);
#8410=AXIS2_PLACEMENT_3D('',#12245,#9776,#9777);
#8411=AXIS2_PLACEMENT_3D('',#12247,#9778,#9779);
#8412=AXIS2_PLACEMENT_3D('',#12250,#9781,#9782);
#8413=AXIS2_PLACEMENT_3D('',#12251,#9783,#9784);
#8414=AXIS2_PLACEMENT_3D('',#12252,#9785,#9786);
#8415=AXIS2_PLACEMENT_3D('',#12254,#9787,#9788);
#8416=AXIS2_PLACEMENT_3D('',#12257,#9790,#9791);
#8417=AXIS2_PLACEMENT_3D('',#12258,#9792,#9793);
#8418=AXIS2_PLACEMENT_3D('',#12259,#9794,#9795);
#8419=AXIS2_PLACEMENT_3D('',#12261,#9796,#9797);
#8420=AXIS2_PLACEMENT_3D('',#12264,#9799,#9800);
#8421=AXIS2_PLACEMENT_3D('',#12265,#9801,#9802);
#8422=AXIS2_PLACEMENT_3D('',#12266,#9803,#9804);
#8423=AXIS2_PLACEMENT_3D('',#12268,#9805,#9806);
#8424=AXIS2_PLACEMENT_3D('',#12271,#9808,#9809);
#8425=AXIS2_PLACEMENT_3D('',#12272,#9810,#9811);
#8426=AXIS2_PLACEMENT_3D('',#12273,#9812,#9813);
#8427=AXIS2_PLACEMENT_3D('',#12275,#9814,#9815);
#8428=AXIS2_PLACEMENT_3D('',#12278,#9817,#9818);
#8429=AXIS2_PLACEMENT_3D('',#12279,#9819,#9820);
#8430=AXIS2_PLACEMENT_3D('',#12280,#9821,#9822);
#8431=AXIS2_PLACEMENT_3D('',#12282,#9823,#9824);
#8432=AXIS2_PLACEMENT_3D('',#12285,#9826,#9827);
#8433=AXIS2_PLACEMENT_3D('',#12286,#9828,#9829);
#8434=AXIS2_PLACEMENT_3D('',#12287,#9830,#9831);
#8435=AXIS2_PLACEMENT_3D('',#12289,#9832,#9833);
#8436=AXIS2_PLACEMENT_3D('',#12292,#9835,#9836);
#8437=AXIS2_PLACEMENT_3D('',#12293,#9837,#9838);
#8438=AXIS2_PLACEMENT_3D('',#12294,#9839,#9840);
#8439=AXIS2_PLACEMENT_3D('',#12296,#9841,#9842);
#8440=AXIS2_PLACEMENT_3D('',#12299,#9844,#9845);
#8441=AXIS2_PLACEMENT_3D('',#12300,#9846,#9847);
#8442=AXIS2_PLACEMENT_3D('',#12301,#9848,#9849);
#8443=AXIS2_PLACEMENT_3D('',#12303,#9850,#9851);
#8444=AXIS2_PLACEMENT_3D('',#12306,#9853,#9854);
#8445=AXIS2_PLACEMENT_3D('',#12307,#9855,#9856);
#8446=AXIS2_PLACEMENT_3D('',#12308,#9857,#9858);
#8447=AXIS2_PLACEMENT_3D('',#12310,#9859,#9860);
#8448=AXIS2_PLACEMENT_3D('',#12313,#9862,#9863);
#8449=AXIS2_PLACEMENT_3D('',#12314,#9864,#9865);
#8450=AXIS2_PLACEMENT_3D('',#12315,#9866,#9867);
#8451=AXIS2_PLACEMENT_3D('',#12317,#9868,#9869);
#8452=AXIS2_PLACEMENT_3D('',#12320,#9871,#9872);
#8453=AXIS2_PLACEMENT_3D('',#12321,#9873,#9874);
#8454=AXIS2_PLACEMENT_3D('',#12322,#9875,#9876);
#8455=AXIS2_PLACEMENT_3D('',#12324,#9877,#9878);
#8456=AXIS2_PLACEMENT_3D('',#12327,#9880,#9881);
#8457=AXIS2_PLACEMENT_3D('',#12328,#9882,#9883);
#8458=AXIS2_PLACEMENT_3D('',#12329,#9884,#9885);
#8459=AXIS2_PLACEMENT_3D('',#12331,#9886,#9887);
#8460=AXIS2_PLACEMENT_3D('',#12334,#9889,#9890);
#8461=AXIS2_PLACEMENT_3D('',#12335,#9891,#9892);
#8462=AXIS2_PLACEMENT_3D('',#12336,#9893,#9894);
#8463=AXIS2_PLACEMENT_3D('',#12338,#9895,#9896);
#8464=AXIS2_PLACEMENT_3D('',#12341,#9898,#9899);
#8465=AXIS2_PLACEMENT_3D('',#12342,#9900,#9901);
#8466=AXIS2_PLACEMENT_3D('',#12343,#9902,#9903);
#8467=AXIS2_PLACEMENT_3D('',#12345,#9904,#9905);
#8468=AXIS2_PLACEMENT_3D('',#12348,#9907,#9908);
#8469=AXIS2_PLACEMENT_3D('',#12349,#9909,#9910);
#8470=AXIS2_PLACEMENT_3D('',#12351,#9911,#9912);
#8471=AXIS2_PLACEMENT_3D('',#12354,#9914,#9915);
#8472=AXIS2_PLACEMENT_3D('',#12355,#9916,#9917);
#8473=AXIS2_PLACEMENT_3D('',#12357,#9918,#9919);
#8474=AXIS2_PLACEMENT_3D('',#12360,#9921,#9922);
#8475=AXIS2_PLACEMENT_3D('',#12361,#9923,#9924);
#8476=AXIS2_PLACEMENT_3D('',#12363,#9925,#9926);
#8477=AXIS2_PLACEMENT_3D('',#12366,#9928,#9929);
#8478=AXIS2_PLACEMENT_3D('',#12367,#9930,#9931);
#8479=AXIS2_PLACEMENT_3D('',#12369,#9932,#9933);
#8480=AXIS2_PLACEMENT_3D('',#12372,#9935,#9936);
#8481=AXIS2_PLACEMENT_3D('',#12373,#9937,#9938);
#8482=AXIS2_PLACEMENT_3D('',#12375,#9939,#9940);
#8483=AXIS2_PLACEMENT_3D('',#12378,#9942,#9943);
#8484=AXIS2_PLACEMENT_3D('',#12379,#9944,#9945);
#8485=AXIS2_PLACEMENT_3D('',#12381,#9946,#9947);
#8486=AXIS2_PLACEMENT_3D('',#12384,#9949,#9950);
#8487=AXIS2_PLACEMENT_3D('',#12385,#9951,#9952);
#8488=AXIS2_PLACEMENT_3D('',#12387,#9953,#9954);
#8489=AXIS2_PLACEMENT_3D('',#12390,#9956,#9957);
#8490=AXIS2_PLACEMENT_3D('',#12391,#9958,#9959);
#8491=AXIS2_PLACEMENT_3D('',#12393,#9960,#9961);
#8492=AXIS2_PLACEMENT_3D('',#12396,#9963,#9964);
#8493=AXIS2_PLACEMENT_3D('',#12397,#9965,#9966);
#8494=AXIS2_PLACEMENT_3D('',#12399,#9967,#9968);
#8495=AXIS2_PLACEMENT_3D('',#12402,#9970,#9971);
#8496=AXIS2_PLACEMENT_3D('',#12403,#9972,#9973);
#8497=AXIS2_PLACEMENT_3D('',#12405,#9974,#9975);
#8498=AXIS2_PLACEMENT_3D('',#12408,#9977,#9978);
#8499=AXIS2_PLACEMENT_3D('',#12409,#9979,#9980);
#8500=AXIS2_PLACEMENT_3D('',#12411,#9981,#9982);
#8501=AXIS2_PLACEMENT_3D('',#12414,#9984,#9985);
#8502=AXIS2_PLACEMENT_3D('',#12415,#9986,#9987);
#8503=AXIS2_PLACEMENT_3D('',#12417,#9988,#9989);
#8504=AXIS2_PLACEMENT_3D('',#12420,#9991,#9992);
#8505=AXIS2_PLACEMENT_3D('',#12421,#9993,#9994);
#8506=AXIS2_PLACEMENT_3D('',#12423,#9995,#9996);
#8507=AXIS2_PLACEMENT_3D('',#12426,#9998,#9999);
#8508=AXIS2_PLACEMENT_3D('',#12427,#10000,#10001);
#8509=AXIS2_PLACEMENT_3D('',#12429,#10002,#10003);
#8510=AXIS2_PLACEMENT_3D('',#12432,#10005,#10006);
#8511=AXIS2_PLACEMENT_3D('',#12433,#10007,#10008);
#8512=AXIS2_PLACEMENT_3D('',#12435,#10009,#10010);
#8513=AXIS2_PLACEMENT_3D('',#12438,#10012,#10013);
#8514=AXIS2_PLACEMENT_3D('',#12439,#10014,#10015);
#8515=AXIS2_PLACEMENT_3D('',#12441,#10016,#10017);
#8516=AXIS2_PLACEMENT_3D('',#12444,#10019,#10020);
#8517=AXIS2_PLACEMENT_3D('',#12445,#10021,#10022);
#8518=AXIS2_PLACEMENT_3D('',#12447,#10023,#10024);
#8519=AXIS2_PLACEMENT_3D('',#12450,#10026,#10027);
#8520=AXIS2_PLACEMENT_3D('',#12451,#10028,#10029);
#8521=AXIS2_PLACEMENT_3D('',#12453,#10030,#10031);
#8522=AXIS2_PLACEMENT_3D('',#12456,#10033,#10034);
#8523=AXIS2_PLACEMENT_3D('',#12457,#10035,#10036);
#8524=AXIS2_PLACEMENT_3D('',#12459,#10037,#10038);
#8525=AXIS2_PLACEMENT_3D('',#12462,#10040,#10041);
#8526=AXIS2_PLACEMENT_3D('',#12463,#10042,#10043);
#8527=AXIS2_PLACEMENT_3D('',#12465,#10044,#10045);
#8528=AXIS2_PLACEMENT_3D('',#12468,#10047,#10048);
#8529=AXIS2_PLACEMENT_3D('',#12469,#10049,#10050);
#8530=AXIS2_PLACEMENT_3D('',#12471,#10051,#10052);
#8531=AXIS2_PLACEMENT_3D('',#12474,#10054,#10055);
#8532=AXIS2_PLACEMENT_3D('',#12475,#10056,#10057);
#8533=AXIS2_PLACEMENT_3D('',#12477,#10058,#10059);
#8534=AXIS2_PLACEMENT_3D('',#12480,#10061,#10062);
#8535=AXIS2_PLACEMENT_3D('',#12481,#10063,#10064);
#8536=AXIS2_PLACEMENT_3D('',#12483,#10065,#10066);
#8537=AXIS2_PLACEMENT_3D('',#12486,#10068,#10069);
#8538=AXIS2_PLACEMENT_3D('',#12487,#10070,#10071);
#8539=AXIS2_PLACEMENT_3D('',#12489,#10072,#10073);
#8540=AXIS2_PLACEMENT_3D('',#12492,#10075,#10076);
#8541=AXIS2_PLACEMENT_3D('',#12493,#10077,#10078);
#8542=AXIS2_PLACEMENT_3D('',#12495,#10079,#10080);
#8543=AXIS2_PLACEMENT_3D('',#12498,#10082,#10083);
#8544=AXIS2_PLACEMENT_3D('',#12499,#10084,#10085);
#8545=AXIS2_PLACEMENT_3D('',#12501,#10086,#10087);
#8546=AXIS2_PLACEMENT_3D('',#12504,#10089,#10090);
#8547=AXIS2_PLACEMENT_3D('',#12505,#10091,#10092);
#8548=AXIS2_PLACEMENT_3D('',#12507,#10093,#10094);
#8549=AXIS2_PLACEMENT_3D('',#12510,#10096,#10097);
#8550=AXIS2_PLACEMENT_3D('',#12511,#10098,#10099);
#8551=AXIS2_PLACEMENT_3D('',#12513,#10100,#10101);
#8552=AXIS2_PLACEMENT_3D('',#12516,#10103,#10104);
#8553=AXIS2_PLACEMENT_3D('',#12517,#10105,#10106);
#8554=AXIS2_PLACEMENT_3D('',#12519,#10107,#10108);
#8555=AXIS2_PLACEMENT_3D('',#12522,#10110,#10111);
#8556=AXIS2_PLACEMENT_3D('',#12523,#10112,#10113);
#8557=AXIS2_PLACEMENT_3D('',#12525,#10114,#10115);
#8558=AXIS2_PLACEMENT_3D('',#12528,#10117,#10118);
#8559=AXIS2_PLACEMENT_3D('',#12529,#10119,#10120);
#8560=AXIS2_PLACEMENT_3D('',#12534,#10122,#10123);
#8561=AXIS2_PLACEMENT_3D('',#12537,#10125,#10126);
#8562=AXIS2_PLACEMENT_3D('',#12538,#10127,#10128);
#8563=AXIS2_PLACEMENT_3D('',#12540,#10130,#10131);
#8564=AXIS2_PLACEMENT_3D('',#12545,#10133,#10134);
#8565=AXIS2_PLACEMENT_3D('',#12548,#10136,#10137);
#8566=AXIS2_PLACEMENT_3D('',#12549,#10138,#10139);
#8567=AXIS2_PLACEMENT_3D('',#12551,#10141,#10142);
#8568=AXIS2_PLACEMENT_3D('',#12556,#10144,#10145);
#8569=AXIS2_PLACEMENT_3D('',#12559,#10147,#10148);
#8570=AXIS2_PLACEMENT_3D('',#12560,#10149,#10150);
#8571=AXIS2_PLACEMENT_3D('',#12562,#10152,#10153);
#8572=AXIS2_PLACEMENT_3D('',#12567,#10155,#10156);
#8573=AXIS2_PLACEMENT_3D('',#12570,#10158,#10159);
#8574=AXIS2_PLACEMENT_3D('',#12571,#10160,#10161);
#8575=AXIS2_PLACEMENT_3D('',#12573,#10163,#10164);
#8576=AXIS2_PLACEMENT_3D('',#12578,#10166,#10167);
#8577=AXIS2_PLACEMENT_3D('',#12581,#10169,#10170);
#8578=AXIS2_PLACEMENT_3D('',#12582,#10171,#10172);
#8579=AXIS2_PLACEMENT_3D('',#12584,#10174,#10175);
#8580=AXIS2_PLACEMENT_3D('',#12589,#10177,#10178);
#8581=AXIS2_PLACEMENT_3D('',#12592,#10180,#10181);
#8582=AXIS2_PLACEMENT_3D('',#12593,#10182,#10183);
#8583=AXIS2_PLACEMENT_3D('',#12595,#10185,#10186);
#8584=AXIS2_PLACEMENT_3D('',#12600,#10188,#10189);
#8585=AXIS2_PLACEMENT_3D('',#12603,#10191,#10192);
#8586=AXIS2_PLACEMENT_3D('',#12604,#10193,#10194);
#8587=AXIS2_PLACEMENT_3D('',#12606,#10196,#10197);
#8588=AXIS2_PLACEMENT_3D('',#12611,#10199,#10200);
#8589=AXIS2_PLACEMENT_3D('',#12614,#10202,#10203);
#8590=AXIS2_PLACEMENT_3D('',#12615,#10204,#10205);
#8591=AXIS2_PLACEMENT_3D('',#12617,#10207,#10208);
#8592=AXIS2_PLACEMENT_3D('',#12622,#10210,#10211);
#8593=AXIS2_PLACEMENT_3D('',#12625,#10213,#10214);
#8594=AXIS2_PLACEMENT_3D('',#12626,#10215,#10216);
#8595=AXIS2_PLACEMENT_3D('',#12628,#10218,#10219);
#8596=AXIS2_PLACEMENT_3D('',#12633,#10221,#10222);
#8597=AXIS2_PLACEMENT_3D('',#12636,#10224,#10225);
#8598=AXIS2_PLACEMENT_3D('',#12637,#10226,#10227);
#8599=AXIS2_PLACEMENT_3D('',#12639,#10229,#10230);
#8600=AXIS2_PLACEMENT_3D('',#12644,#10232,#10233);
#8601=AXIS2_PLACEMENT_3D('',#12647,#10235,#10236);
#8602=AXIS2_PLACEMENT_3D('',#12648,#10237,#10238);
#8603=AXIS2_PLACEMENT_3D('',#12650,#10240,#10241);
#8604=AXIS2_PLACEMENT_3D('',#12655,#10243,#10244);
#8605=AXIS2_PLACEMENT_3D('',#12658,#10246,#10247);
#8606=AXIS2_PLACEMENT_3D('',#12659,#10248,#10249);
#8607=AXIS2_PLACEMENT_3D('',#12661,#10251,#10252);
#8608=AXIS2_PLACEMENT_3D('',#12666,#10254,#10255);
#8609=AXIS2_PLACEMENT_3D('',#12669,#10257,#10258);
#8610=AXIS2_PLACEMENT_3D('',#12670,#10259,#10260);
#8611=AXIS2_PLACEMENT_3D('',#12672,#10262,#10263);
#8612=AXIS2_PLACEMENT_3D('',#12677,#10265,#10266);
#8613=AXIS2_PLACEMENT_3D('',#12680,#10268,#10269);
#8614=AXIS2_PLACEMENT_3D('',#12681,#10270,#10271);
#8615=AXIS2_PLACEMENT_3D('',#12683,#10273,#10274);
#8616=AXIS2_PLACEMENT_3D('',#12688,#10276,#10277);
#8617=AXIS2_PLACEMENT_3D('',#12691,#10279,#10280);
#8618=AXIS2_PLACEMENT_3D('',#12692,#10281,#10282);
#8619=AXIS2_PLACEMENT_3D('',#12694,#10284,#10285);
#8620=AXIS2_PLACEMENT_3D('',#12699,#10287,#10288);
#8621=AXIS2_PLACEMENT_3D('',#12702,#10290,#10291);
#8622=AXIS2_PLACEMENT_3D('',#12703,#10292,#10293);
#8623=AXIS2_PLACEMENT_3D('',#12705,#10295,#10296);
#8624=AXIS2_PLACEMENT_3D('',#12710,#10298,#10299);
#8625=AXIS2_PLACEMENT_3D('',#12713,#10301,#10302);
#8626=AXIS2_PLACEMENT_3D('',#12714,#10303,#10304);
#8627=AXIS2_PLACEMENT_3D('',#12716,#10306,#10307);
#8628=AXIS2_PLACEMENT_3D('',#12721,#10309,#10310);
#8629=AXIS2_PLACEMENT_3D('',#12724,#10312,#10313);
#8630=AXIS2_PLACEMENT_3D('',#12725,#10314,#10315);
#8631=AXIS2_PLACEMENT_3D('',#12727,#10317,#10318);
#8632=AXIS2_PLACEMENT_3D('',#12732,#10320,#10321);
#8633=AXIS2_PLACEMENT_3D('',#12735,#10323,#10324);
#8634=AXIS2_PLACEMENT_3D('',#12736,#10325,#10326);
#8635=AXIS2_PLACEMENT_3D('',#12738,#10328,#10329);
#8636=AXIS2_PLACEMENT_3D('',#12743,#10331,#10332);
#8637=AXIS2_PLACEMENT_3D('',#12746,#10334,#10335);
#8638=AXIS2_PLACEMENT_3D('',#12747,#10336,#10337);
#8639=AXIS2_PLACEMENT_3D('',#12749,#10339,#10340);
#8640=AXIS2_PLACEMENT_3D('',#12754,#10342,#10343);
#8641=AXIS2_PLACEMENT_3D('',#12757,#10345,#10346);
#8642=AXIS2_PLACEMENT_3D('',#12758,#10347,#10348);
#8643=AXIS2_PLACEMENT_3D('',#12760,#10350,#10351);
#8644=AXIS2_PLACEMENT_3D('',#12765,#10353,#10354);
#8645=AXIS2_PLACEMENT_3D('',#12768,#10356,#10357);
#8646=AXIS2_PLACEMENT_3D('',#12769,#10358,#10359);
#8647=AXIS2_PLACEMENT_3D('',#12771,#10361,#10362);
#8648=AXIS2_PLACEMENT_3D('',#12776,#10364,#10365);
#8649=AXIS2_PLACEMENT_3D('',#12779,#10367,#10368);
#8650=AXIS2_PLACEMENT_3D('',#12780,#10369,#10370);
#8651=AXIS2_PLACEMENT_3D('',#12782,#10372,#10373);
#8652=AXIS2_PLACEMENT_3D('',#12784,#10374,#10375);
#8653=AXIS2_PLACEMENT_3D('',#12786,#10376,#10377);
#8654=AXIS2_PLACEMENT_3D('',#12790,#10379,#10380);
#8655=AXIS2_PLACEMENT_3D('',#12794,#10382,#10383);
#8656=AXIS2_PLACEMENT_3D('',#12798,#10385,#10386);
#8657=AXIS2_PLACEMENT_3D('',#12802,#10388,#10389);
#8658=AXIS2_PLACEMENT_3D('',#12807,#10392,#10393);
#8659=AXIS2_PLACEMENT_3D('',#12811,#10395,#10396);
#8660=AXIS2_PLACEMENT_3D('',#12815,#10398,#10399);
#8661=AXIS2_PLACEMENT_3D('',#12819,#10401,#10402);
#8662=AXIS2_PLACEMENT_3D('',#12824,#10405,#10406);
#8663=AXIS2_PLACEMENT_3D('',#12828,#10408,#10409);
#8664=AXIS2_PLACEMENT_3D('',#12832,#10411,#10412);
#8665=AXIS2_PLACEMENT_3D('',#12836,#10414,#10415);
#8666=AXIS2_PLACEMENT_3D('',#12841,#10418,#10419);
#8667=AXIS2_PLACEMENT_3D('',#12845,#10421,#10422);
#8668=AXIS2_PLACEMENT_3D('',#12849,#10424,#10425);
#8669=AXIS2_PLACEMENT_3D('',#12853,#10427,#10428);
#8670=AXIS2_PLACEMENT_3D('',#12858,#10431,#10432);
#8671=AXIS2_PLACEMENT_3D('',#12862,#10434,#10435);
#8672=AXIS2_PLACEMENT_3D('',#12866,#10437,#10438);
#8673=AXIS2_PLACEMENT_3D('',#12870,#10440,#10441);
#8674=AXIS2_PLACEMENT_3D('',#12875,#10444,#10445);
#8675=AXIS2_PLACEMENT_3D('',#12879,#10447,#10448);
#8676=AXIS2_PLACEMENT_3D('',#12883,#10450,#10451);
#8677=AXIS2_PLACEMENT_3D('',#12887,#10453,#10454);
#8678=AXIS2_PLACEMENT_3D('',#12892,#10457,#10458);
#8679=AXIS2_PLACEMENT_3D('',#12896,#10460,#10461);
#8680=AXIS2_PLACEMENT_3D('',#12900,#10463,#10464);
#8681=AXIS2_PLACEMENT_3D('',#12904,#10466,#10467);
#8682=AXIS2_PLACEMENT_3D('',#12909,#10470,#10471);
#8683=AXIS2_PLACEMENT_3D('',#12913,#10473,#10474);
#8684=AXIS2_PLACEMENT_3D('',#12917,#10476,#10477);
#8685=AXIS2_PLACEMENT_3D('',#12921,#10479,#10480);
#8686=AXIS2_PLACEMENT_3D('',#12926,#10483,#10484);
#8687=AXIS2_PLACEMENT_3D('',#12930,#10486,#10487);
#8688=AXIS2_PLACEMENT_3D('',#12934,#10489,#10490);
#8689=AXIS2_PLACEMENT_3D('',#12938,#10492,#10493);
#8690=AXIS2_PLACEMENT_3D('',#12943,#10496,#10497);
#8691=AXIS2_PLACEMENT_3D('',#12947,#10499,#10500);
#8692=AXIS2_PLACEMENT_3D('',#12951,#10502,#10503);
#8693=AXIS2_PLACEMENT_3D('',#12955,#10505,#10506);
#8694=AXIS2_PLACEMENT_3D('',#12960,#10509,#10510);
#8695=AXIS2_PLACEMENT_3D('',#12964,#10512,#10513);
#8696=AXIS2_PLACEMENT_3D('',#12968,#10515,#10516);
#8697=AXIS2_PLACEMENT_3D('',#12972,#10518,#10519);
#8698=AXIS2_PLACEMENT_3D('',#12977,#10522,#10523);
#8699=AXIS2_PLACEMENT_3D('',#12981,#10525,#10526);
#8700=AXIS2_PLACEMENT_3D('',#12985,#10528,#10529);
#8701=AXIS2_PLACEMENT_3D('',#12989,#10531,#10532);
#8702=AXIS2_PLACEMENT_3D('',#12994,#10535,#10536);
#8703=AXIS2_PLACEMENT_3D('',#12998,#10538,#10539);
#8704=AXIS2_PLACEMENT_3D('',#13002,#10541,#10542);
#8705=AXIS2_PLACEMENT_3D('',#13006,#10544,#10545);
#8706=AXIS2_PLACEMENT_3D('',#13011,#10548,#10549);
#8707=AXIS2_PLACEMENT_3D('',#13015,#10551,#10552);
#8708=AXIS2_PLACEMENT_3D('',#13019,#10554,#10555);
#8709=AXIS2_PLACEMENT_3D('',#13023,#10557,#10558);
#8710=AXIS2_PLACEMENT_3D('',#13028,#10561,#10562);
#8711=AXIS2_PLACEMENT_3D('',#13032,#10564,#10565);
#8712=AXIS2_PLACEMENT_3D('',#13036,#10567,#10568);
#8713=AXIS2_PLACEMENT_3D('',#13040,#10570,#10571);
#8714=AXIS2_PLACEMENT_3D('',#13045,#10574,#10575);
#8715=AXIS2_PLACEMENT_3D('',#13049,#10577,#10578);
#8716=AXIS2_PLACEMENT_3D('',#13053,#10580,#10581);
#8717=AXIS2_PLACEMENT_3D('',#13057,#10583,#10584);
#8718=AXIS2_PLACEMENT_3D('',#13062,#10587,#10588);
#8719=AXIS2_PLACEMENT_3D('',#13066,#10590,#10591);
#8720=AXIS2_PLACEMENT_3D('',#13070,#10593,#10594);
#8721=AXIS2_PLACEMENT_3D('',#13074,#10596,#10597);
#8722=AXIS2_PLACEMENT_3D('',#13079,#10600,#10601);
#8723=AXIS2_PLACEMENT_3D('',#13083,#10603,#10604);
#8724=AXIS2_PLACEMENT_3D('',#13087,#10606,#10607);
#8725=AXIS2_PLACEMENT_3D('',#13091,#10609,#10610);
#8726=AXIS2_PLACEMENT_3D('',#13096,#10613,#10614);
#8727=AXIS2_PLACEMENT_3D('',#13100,#10616,#10617);
#8728=AXIS2_PLACEMENT_3D('',#13104,#10619,#10620);
#8729=AXIS2_PLACEMENT_3D('',#13108,#10622,#10623);
#8730=AXIS2_PLACEMENT_3D('',#13113,#10626,#10627);
#8731=AXIS2_PLACEMENT_3D('',#13117,#10629,#10630);
#8732=AXIS2_PLACEMENT_3D('',#13121,#10632,#10633);
#8733=AXIS2_PLACEMENT_3D('',#13125,#10635,#10636);
#8734=AXIS2_PLACEMENT_3D('',#13130,#10639,#10640);
#8735=AXIS2_PLACEMENT_3D('',#13134,#10642,#10643);
#8736=AXIS2_PLACEMENT_3D('',#13138,#10645,#10646);
#8737=AXIS2_PLACEMENT_3D('',#13142,#10648,#10649);
#8738=AXIS2_PLACEMENT_3D('',#13147,#10652,#10653);
#8739=AXIS2_PLACEMENT_3D('',#13151,#10655,#10656);
#8740=AXIS2_PLACEMENT_3D('',#13155,#10658,#10659);
#8741=AXIS2_PLACEMENT_3D('',#13159,#10661,#10662);
#8742=AXIS2_PLACEMENT_3D('',#13164,#10665,#10666);
#8743=AXIS2_PLACEMENT_3D('',#13168,#10668,#10669);
#8744=AXIS2_PLACEMENT_3D('',#13172,#10671,#10672);
#8745=AXIS2_PLACEMENT_3D('',#13176,#10674,#10675);
#8746=AXIS2_PLACEMENT_3D('',#13178,#10677,#10678);
#8747=AXIS2_PLACEMENT_3D('',#13184,#10682,#10683);
#8748=AXIS2_PLACEMENT_3D('',#13187,#10685,#10686);
#8749=AXIS2_PLACEMENT_3D('',#13188,#10687,#10688);
#8750=AXIS2_PLACEMENT_3D('',#13192,#10691,#10692);
#8751=AXIS2_PLACEMENT_3D('',#13195,#10694,#10695);
#8752=AXIS2_PLACEMENT_3D('',#13196,#10696,#10697);
#8753=AXIS2_PLACEMENT_3D('',#13200,#10700,#10701);
#8754=AXIS2_PLACEMENT_3D('',#13203,#10703,#10704);
#8755=AXIS2_PLACEMENT_3D('',#13204,#10705,#10706);
#8756=AXIS2_PLACEMENT_3D('',#13208,#10709,#10710);
#8757=AXIS2_PLACEMENT_3D('',#13209,#10711,#10712);
#8758=AXIS2_PLACEMENT_3D('',#13210,#10713,#10714);
#8759=AXIS2_PLACEMENT_3D('',#13211,#10715,#10716);
#8760=AXIS2_PLACEMENT_3D('',#13217,#10720,#10721);
#8761=AXIS2_PLACEMENT_3D('',#13220,#10723,#10724);
#8762=AXIS2_PLACEMENT_3D('',#13221,#10725,#10726);
#8763=AXIS2_PLACEMENT_3D('',#13225,#10729,#10730);
#8764=AXIS2_PLACEMENT_3D('',#13228,#10732,#10733);
#8765=AXIS2_PLACEMENT_3D('',#13229,#10734,#10735);
#8766=AXIS2_PLACEMENT_3D('',#13233,#10738,#10739);
#8767=AXIS2_PLACEMENT_3D('',#13236,#10741,#10742);
#8768=AXIS2_PLACEMENT_3D('',#13237,#10743,#10744);
#8769=AXIS2_PLACEMENT_3D('',#13241,#10747,#10748);
#8770=AXIS2_PLACEMENT_3D('',#13242,#10749,#10750);
#8771=AXIS2_PLACEMENT_3D('',#13243,#10751,#10752);
#8772=AXIS2_PLACEMENT_3D('',#13244,#10753,#10754);
#8773=AXIS2_PLACEMENT_3D('',#13250,#10758,#10759);
#8774=AXIS2_PLACEMENT_3D('',#13253,#10761,#10762);
#8775=AXIS2_PLACEMENT_3D('',#13254,#10763,#10764);
#8776=AXIS2_PLACEMENT_3D('',#13258,#10767,#10768);
#8777=AXIS2_PLACEMENT_3D('',#13261,#10770,#10771);
#8778=AXIS2_PLACEMENT_3D('',#13262,#10772,#10773);
#8779=AXIS2_PLACEMENT_3D('',#13266,#10776,#10777);
#8780=AXIS2_PLACEMENT_3D('',#13269,#10779,#10780);
#8781=AXIS2_PLACEMENT_3D('',#13270,#10781,#10782);
#8782=AXIS2_PLACEMENT_3D('',#13274,#10785,#10786);
#8783=AXIS2_PLACEMENT_3D('',#13275,#10787,#10788);
#8784=AXIS2_PLACEMENT_3D('',#13276,#10789,#10790);
#8785=AXIS2_PLACEMENT_3D('',#13277,#10791,#10792);
#8786=AXIS2_PLACEMENT_3D('',#13283,#10796,#10797);
#8787=AXIS2_PLACEMENT_3D('',#13286,#10799,#10800);
#8788=AXIS2_PLACEMENT_3D('',#13287,#10801,#10802);
#8789=AXIS2_PLACEMENT_3D('',#13291,#10805,#10806);
#8790=AXIS2_PLACEMENT_3D('',#13294,#10808,#10809);
#8791=AXIS2_PLACEMENT_3D('',#13295,#10810,#10811);
#8792=AXIS2_PLACEMENT_3D('',#13299,#10814,#10815);
#8793=AXIS2_PLACEMENT_3D('',#13302,#10817,#10818);
#8794=AXIS2_PLACEMENT_3D('',#13303,#10819,#10820);
#8795=AXIS2_PLACEMENT_3D('',#13307,#10823,#10824);
#8796=AXIS2_PLACEMENT_3D('',#13308,#10825,#10826);
#8797=AXIS2_PLACEMENT_3D('',#13309,#10827,#10828);
#8798=AXIS2_PLACEMENT_3D('',#13310,#10829,#10830);
#8799=AXIS2_PLACEMENT_3D('',#13316,#10834,#10835);
#8800=AXIS2_PLACEMENT_3D('',#13319,#10837,#10838);
#8801=AXIS2_PLACEMENT_3D('',#13320,#10839,#10840);
#8802=AXIS2_PLACEMENT_3D('',#13324,#10843,#10844);
#8803=AXIS2_PLACEMENT_3D('',#13327,#10846,#10847);
#8804=AXIS2_PLACEMENT_3D('',#13328,#10848,#10849);
#8805=AXIS2_PLACEMENT_3D('',#13332,#10852,#10853);
#8806=AXIS2_PLACEMENT_3D('',#13335,#10855,#10856);
#8807=AXIS2_PLACEMENT_3D('',#13336,#10857,#10858);
#8808=AXIS2_PLACEMENT_3D('',#13340,#10861,#10862);
#8809=AXIS2_PLACEMENT_3D('',#13341,#10863,#10864);
#8810=AXIS2_PLACEMENT_3D('',#13342,#10865,#10866);
#8811=AXIS2_PLACEMENT_3D('',#13343,#10867,#10868);
#8812=AXIS2_PLACEMENT_3D('',#13349,#10872,#10873);
#8813=AXIS2_PLACEMENT_3D('',#13352,#10875,#10876);
#8814=AXIS2_PLACEMENT_3D('',#13353,#10877,#10878);
#8815=AXIS2_PLACEMENT_3D('',#13357,#10881,#10882);
#8816=AXIS2_PLACEMENT_3D('',#13360,#10884,#10885);
#8817=AXIS2_PLACEMENT_3D('',#13361,#10886,#10887);
#8818=AXIS2_PLACEMENT_3D('',#13365,#10890,#10891);
#8819=AXIS2_PLACEMENT_3D('',#13368,#10893,#10894);
#8820=AXIS2_PLACEMENT_3D('',#13369,#10895,#10896);
#8821=AXIS2_PLACEMENT_3D('',#13373,#10899,#10900);
#8822=AXIS2_PLACEMENT_3D('',#13374,#10901,#10902);
#8823=AXIS2_PLACEMENT_3D('',#13375,#10903,#10904);
#8824=AXIS2_PLACEMENT_3D('',#13376,#10905,#10906);
#8825=AXIS2_PLACEMENT_3D('',#13380,#10908,#10909);
#8826=AXIS2_PLACEMENT_3D('',#13382,#10911,#10912);
#8827=AXIS2_PLACEMENT_3D('',#13386,#10915,#10916);
#8828=AXIS2_PLACEMENT_3D('',#13389,#10918,#10919);
#8829=AXIS2_PLACEMENT_3D('',#13390,#10920,#10921);
#8830=AXIS2_PLACEMENT_3D('',#13394,#10924,#10925);
#8831=AXIS2_PLACEMENT_3D('',#13397,#10927,#10928);
#8832=AXIS2_PLACEMENT_3D('',#13398,#10929,#10930);
#8833=AXIS2_PLACEMENT_3D('',#13402,#10933,#10934);
#8834=AXIS2_PLACEMENT_3D('',#13405,#10936,#10937);
#8835=AXIS2_PLACEMENT_3D('',#13406,#10938,#10939);
#8836=AXIS2_PLACEMENT_3D('',#13408,#10941,#10942);
#8837=AXIS2_PLACEMENT_3D('',#13409,#10943,#10944);
#8838=AXIS2_PLACEMENT_3D('',#13415,#10948,#10949);
#8839=AXIS2_PLACEMENT_3D('',#13418,#10951,#10952);
#8840=AXIS2_PLACEMENT_3D('',#13419,#10953,#10954);
#8841=AXIS2_PLACEMENT_3D('',#13423,#10957,#10958);
#8842=AXIS2_PLACEMENT_3D('',#13426,#10960,#10961);
#8843=AXIS2_PLACEMENT_3D('',#13427,#10962,#10963);
#8844=AXIS2_PLACEMENT_3D('',#13431,#10966,#10967);
#8845=AXIS2_PLACEMENT_3D('',#13434,#10969,#10970);
#8846=AXIS2_PLACEMENT_3D('',#13435,#10971,#10972);
#8847=AXIS2_PLACEMENT_3D('',#13439,#10975,#10976);
#8848=AXIS2_PLACEMENT_3D('',#13440,#10977,#10978);
#8849=AXIS2_PLACEMENT_3D('',#13441,#10979,#10980);
#8850=AXIS2_PLACEMENT_3D('',#13442,#10981,#10982);
#8851=AXIS2_PLACEMENT_3D('',#13448,#10986,#10987);
#8852=AXIS2_PLACEMENT_3D('',#13451,#10989,#10990);
#8853=AXIS2_PLACEMENT_3D('',#13452,#10991,#10992);
#8854=AXIS2_PLACEMENT_3D('',#13456,#10995,#10996);
#8855=AXIS2_PLACEMENT_3D('',#13459,#10998,#10999);
#8856=AXIS2_PLACEMENT_3D('',#13460,#11000,#11001);
#8857=AXIS2_PLACEMENT_3D('',#13464,#11004,#11005);
#8858=AXIS2_PLACEMENT_3D('',#13467,#11007,#11008);
#8859=AXIS2_PLACEMENT_3D('',#13468,#11009,#11010);
#8860=AXIS2_PLACEMENT_3D('',#13472,#11013,#11014);
#8861=AXIS2_PLACEMENT_3D('',#13473,#11015,#11016);
#8862=AXIS2_PLACEMENT_3D('',#13474,#11017,#11018);
#8863=AXIS2_PLACEMENT_3D('',#13475,#11019,#11020);
#8864=AXIS2_PLACEMENT_3D('',#13481,#11024,#11025);
#8865=AXIS2_PLACEMENT_3D('',#13484,#11027,#11028);
#8866=AXIS2_PLACEMENT_3D('',#13485,#11029,#11030);
#8867=AXIS2_PLACEMENT_3D('',#13489,#11033,#11034);
#8868=AXIS2_PLACEMENT_3D('',#13492,#11036,#11037);
#8869=AXIS2_PLACEMENT_3D('',#13493,#11038,#11039);
#8870=AXIS2_PLACEMENT_3D('',#13497,#11042,#11043);
#8871=AXIS2_PLACEMENT_3D('',#13500,#11045,#11046);
#8872=AXIS2_PLACEMENT_3D('',#13501,#11047,#11048);
#8873=AXIS2_PLACEMENT_3D('',#13505,#11051,#11052);
#8874=AXIS2_PLACEMENT_3D('',#13506,#11053,#11054);
#8875=AXIS2_PLACEMENT_3D('',#13507,#11055,#11056);
#8876=AXIS2_PLACEMENT_3D('',#13508,#11057,#11058);
#8877=AXIS2_PLACEMENT_3D('',#13514,#11062,#11063);
#8878=AXIS2_PLACEMENT_3D('',#13517,#11065,#11066);
#8879=AXIS2_PLACEMENT_3D('',#13518,#11067,#11068);
#8880=AXIS2_PLACEMENT_3D('',#13522,#11071,#11072);
#8881=AXIS2_PLACEMENT_3D('',#13525,#11074,#11075);
#8882=AXIS2_PLACEMENT_3D('',#13526,#11076,#11077);
#8883=AXIS2_PLACEMENT_3D('',#13530,#11080,#11081);
#8884=AXIS2_PLACEMENT_3D('',#13533,#11083,#11084);
#8885=AXIS2_PLACEMENT_3D('',#13534,#11085,#11086);
#8886=AXIS2_PLACEMENT_3D('',#13538,#11089,#11090);
#8887=AXIS2_PLACEMENT_3D('',#13539,#11091,#11092);
#8888=AXIS2_PLACEMENT_3D('',#13540,#11093,#11094);
#8889=AXIS2_PLACEMENT_3D('',#13541,#11095,#11096);
#8890=AXIS2_PLACEMENT_3D('',#13547,#11100,#11101);
#8891=AXIS2_PLACEMENT_3D('',#13550,#11103,#11104);
#8892=AXIS2_PLACEMENT_3D('',#13551,#11105,#11106);
#8893=AXIS2_PLACEMENT_3D('',#13555,#11109,#11110);
#8894=AXIS2_PLACEMENT_3D('',#13558,#11112,#11113);
#8895=AXIS2_PLACEMENT_3D('',#13559,#11114,#11115);
#8896=AXIS2_PLACEMENT_3D('',#13563,#11118,#11119);
#8897=AXIS2_PLACEMENT_3D('',#13566,#11121,#11122);
#8898=AXIS2_PLACEMENT_3D('',#13567,#11123,#11124);
#8899=AXIS2_PLACEMENT_3D('',#13571,#11127,#11128);
#8900=AXIS2_PLACEMENT_3D('',#13572,#11129,#11130);
#8901=AXIS2_PLACEMENT_3D('',#13573,#11131,#11132);
#8902=AXIS2_PLACEMENT_3D('',#13574,#11133,#11134);
#8903=AXIS2_PLACEMENT_3D('',#13580,#11138,#11139);
#8904=AXIS2_PLACEMENT_3D('',#13583,#11141,#11142);
#8905=AXIS2_PLACEMENT_3D('',#13584,#11143,#11144);
#8906=AXIS2_PLACEMENT_3D('',#13588,#11147,#11148);
#8907=AXIS2_PLACEMENT_3D('',#13591,#11150,#11151);
#8908=AXIS2_PLACEMENT_3D('',#13592,#11152,#11153);
#8909=AXIS2_PLACEMENT_3D('',#13596,#11156,#11157);
#8910=AXIS2_PLACEMENT_3D('',#13599,#11159,#11160);
#8911=AXIS2_PLACEMENT_3D('',#13600,#11161,#11162);
#8912=AXIS2_PLACEMENT_3D('',#13604,#11165,#11166);
#8913=AXIS2_PLACEMENT_3D('',#13605,#11167,#11168);
#8914=AXIS2_PLACEMENT_3D('',#13606,#11169,#11170);
#8915=AXIS2_PLACEMENT_3D('',#13607,#11171,#11172);
#8916=AXIS2_PLACEMENT_3D('',#13611,#11174,#11175);
#8917=AXIS2_PLACEMENT_3D('',#13613,#11177,#11178);
#8918=AXIS2_PLACEMENT_3D('',#13617,#11181,#11182);
#8919=AXIS2_PLACEMENT_3D('',#13620,#11184,#11185);
#8920=AXIS2_PLACEMENT_3D('',#13621,#11186,#11187);
#8921=AXIS2_PLACEMENT_3D('',#13625,#11190,#11191);
#8922=AXIS2_PLACEMENT_3D('',#13628,#11193,#11194);
#8923=AXIS2_PLACEMENT_3D('',#13629,#11195,#11196);
#8924=AXIS2_PLACEMENT_3D('',#13633,#11199,#11200);
#8925=AXIS2_PLACEMENT_3D('',#13636,#11202,#11203);
#8926=AXIS2_PLACEMENT_3D('',#13637,#11204,#11205);
#8927=AXIS2_PLACEMENT_3D('',#13639,#11207,#11208);
#8928=AXIS2_PLACEMENT_3D('',#13640,#11209,#11210);
#8929=AXIS2_PLACEMENT_3D('',#13646,#11214,#11215);
#8930=AXIS2_PLACEMENT_3D('',#13649,#11217,#11218);
#8931=AXIS2_PLACEMENT_3D('',#13650,#11219,#11220);
#8932=AXIS2_PLACEMENT_3D('',#13654,#11223,#11224);
#8933=AXIS2_PLACEMENT_3D('',#13657,#11226,#11227);
#8934=AXIS2_PLACEMENT_3D('',#13658,#11228,#11229);
#8935=AXIS2_PLACEMENT_3D('',#13662,#11232,#11233);
#8936=AXIS2_PLACEMENT_3D('',#13665,#11235,#11236);
#8937=AXIS2_PLACEMENT_3D('',#13666,#11237,#11238);
#8938=AXIS2_PLACEMENT_3D('',#13670,#11241,#11242);
#8939=AXIS2_PLACEMENT_3D('',#13671,#11243,#11244);
#8940=AXIS2_PLACEMENT_3D('',#13672,#11245,#11246);
#8941=AXIS2_PLACEMENT_3D('',#13673,#11247,#11248);
#8942=AXIS2_PLACEMENT_3D('',#13679,#11252,#11253);
#8943=AXIS2_PLACEMENT_3D('',#13682,#11255,#11256);
#8944=AXIS2_PLACEMENT_3D('',#13683,#11257,#11258);
#8945=AXIS2_PLACEMENT_3D('',#13687,#11261,#11262);
#8946=AXIS2_PLACEMENT_3D('',#13690,#11264,#11265);
#8947=AXIS2_PLACEMENT_3D('',#13691,#11266,#11267);
#8948=AXIS2_PLACEMENT_3D('',#13695,#11270,#11271);
#8949=AXIS2_PLACEMENT_3D('',#13698,#11273,#11274);
#8950=AXIS2_PLACEMENT_3D('',#13699,#11275,#11276);
#8951=AXIS2_PLACEMENT_3D('',#13703,#11279,#11280);
#8952=AXIS2_PLACEMENT_3D('',#13704,#11281,#11282);
#8953=AXIS2_PLACEMENT_3D('',#13705,#11283,#11284);
#8954=AXIS2_PLACEMENT_3D('',#13706,#11285,#11286);
#8955=AXIS2_PLACEMENT_3D('',#13712,#11290,#11291);
#8956=AXIS2_PLACEMENT_3D('',#13715,#11293,#11294);
#8957=AXIS2_PLACEMENT_3D('',#13716,#11295,#11296);
#8958=AXIS2_PLACEMENT_3D('',#13720,#11299,#11300);
#8959=AXIS2_PLACEMENT_3D('',#13723,#11302,#11303);
#8960=AXIS2_PLACEMENT_3D('',#13724,#11304,#11305);
#8961=AXIS2_PLACEMENT_3D('',#13728,#11308,#11309);
#8962=AXIS2_PLACEMENT_3D('',#13731,#11311,#11312);
#8963=AXIS2_PLACEMENT_3D('',#13732,#11313,#11314);
#8964=AXIS2_PLACEMENT_3D('',#13736,#11317,#11318);
#8965=AXIS2_PLACEMENT_3D('',#13737,#11319,#11320);
#8966=AXIS2_PLACEMENT_3D('',#13738,#11321,#11322);
#8967=AXIS2_PLACEMENT_3D('',#13739,#11323,#11324);
#8968=AXIS2_PLACEMENT_3D('',#13743,#11326,#11327);
#8969=AXIS2_PLACEMENT_3D('',#13745,#11329,#11330);
#8970=AXIS2_PLACEMENT_3D('',#13749,#11333,#11334);
#8971=AXIS2_PLACEMENT_3D('',#13752,#11336,#11337);
#8972=AXIS2_PLACEMENT_3D('',#13753,#11338,#11339);
#8973=AXIS2_PLACEMENT_3D('',#13757,#11342,#11343);
#8974=AXIS2_PLACEMENT_3D('',#13760,#11345,#11346);
#8975=AXIS2_PLACEMENT_3D('',#13761,#11347,#11348);
#8976=AXIS2_PLACEMENT_3D('',#13765,#11351,#11352);
#8977=AXIS2_PLACEMENT_3D('',#13768,#11354,#11355);
#8978=AXIS2_PLACEMENT_3D('',#13769,#11356,#11357);
#8979=AXIS2_PLACEMENT_3D('',#13771,#11359,#11360);
#8980=AXIS2_PLACEMENT_3D('',#13772,#11361,#11362);
#8981=AXIS2_PLACEMENT_3D('',#13778,#11366,#11367);
#8982=AXIS2_PLACEMENT_3D('',#13781,#11369,#11370);
#8983=AXIS2_PLACEMENT_3D('',#13782,#11371,#11372);
#8984=AXIS2_PLACEMENT_3D('',#13786,#11375,#11376);
#8985=AXIS2_PLACEMENT_3D('',#13789,#11378,#11379);
#8986=AXIS2_PLACEMENT_3D('',#13790,#11380,#11381);
#8987=AXIS2_PLACEMENT_3D('',#13794,#11384,#11385);
#8988=AXIS2_PLACEMENT_3D('',#13797,#11387,#11388);
#8989=AXIS2_PLACEMENT_3D('',#13798,#11389,#11390);
#8990=AXIS2_PLACEMENT_3D('',#13802,#11393,#11394);
#8991=AXIS2_PLACEMENT_3D('',#13803,#11395,#11396);
#8992=AXIS2_PLACEMENT_3D('',#13804,#11397,#11398);
#8993=AXIS2_PLACEMENT_3D('',#13805,#11399,#11400);
#8994=AXIS2_PLACEMENT_3D('',#13811,#11404,#11405);
#8995=AXIS2_PLACEMENT_3D('',#13814,#11407,#11408);
#8996=AXIS2_PLACEMENT_3D('',#13815,#11409,#11410);
#8997=AXIS2_PLACEMENT_3D('',#13819,#11413,#11414);
#8998=AXIS2_PLACEMENT_3D('',#13822,#11416,#11417);
#8999=AXIS2_PLACEMENT_3D('',#13823,#11418,#11419);
#9000=AXIS2_PLACEMENT_3D('',#13827,#11422,#11423);
#9001=AXIS2_PLACEMENT_3D('',#13830,#11425,#11426);
#9002=AXIS2_PLACEMENT_3D('',#13831,#11427,#11428);
#9003=AXIS2_PLACEMENT_3D('',#13835,#11431,#11432);
#9004=AXIS2_PLACEMENT_3D('',#13836,#11433,#11434);
#9005=AXIS2_PLACEMENT_3D('',#13837,#11435,#11436);
#9006=AXIS2_PLACEMENT_3D('',#13838,#11437,#11438);
#9007=AXIS2_PLACEMENT_3D('',#13842,#11440,#11441);
#9008=AXIS2_PLACEMENT_3D('',#13844,#11443,#11444);
#9009=AXIS2_PLACEMENT_3D('',#13848,#11447,#11448);
#9010=AXIS2_PLACEMENT_3D('',#13851,#11450,#11451);
#9011=AXIS2_PLACEMENT_3D('',#13852,#11452,#11453);
#9012=AXIS2_PLACEMENT_3D('',#13856,#11456,#11457);
#9013=AXIS2_PLACEMENT_3D('',#13859,#11459,#11460);
#9014=AXIS2_PLACEMENT_3D('',#13860,#11461,#11462);
#9015=AXIS2_PLACEMENT_3D('',#13864,#11465,#11466);
#9016=AXIS2_PLACEMENT_3D('',#13867,#11468,#11469);
#9017=AXIS2_PLACEMENT_3D('',#13868,#11470,#11471);
#9018=AXIS2_PLACEMENT_3D('',#13870,#11473,#11474);
#9019=AXIS2_PLACEMENT_3D('',#13871,#11475,#11476);
#9020=AXIS2_PLACEMENT_3D('',#13875,#11478,#11479);
#9021=AXIS2_PLACEMENT_3D('',#13877,#11481,#11482);
#9022=AXIS2_PLACEMENT_3D('',#13881,#11485,#11486);
#9023=AXIS2_PLACEMENT_3D('',#13884,#11488,#11489);
#9024=AXIS2_PLACEMENT_3D('',#13885,#11490,#11491);
#9025=AXIS2_PLACEMENT_3D('',#13889,#11494,#11495);
#9026=AXIS2_PLACEMENT_3D('',#13892,#11497,#11498);
#9027=AXIS2_PLACEMENT_3D('',#13893,#11499,#11500);
#9028=AXIS2_PLACEMENT_3D('',#13897,#11503,#11504);
#9029=AXIS2_PLACEMENT_3D('',#13900,#11506,#11507);
#9030=AXIS2_PLACEMENT_3D('',#13901,#11508,#11509);
#9031=AXIS2_PLACEMENT_3D('',#13903,#11511,#11512);
#9032=AXIS2_PLACEMENT_3D('',#13904,#11513,#11514);
#9033=AXIS2_PLACEMENT_3D('',#13910,#11518,#11519);
#9034=AXIS2_PLACEMENT_3D('',#13913,#11521,#11522);
#9035=AXIS2_PLACEMENT_3D('',#13914,#11523,#11524);
#9036=AXIS2_PLACEMENT_3D('',#13918,#11527,#11528);
#9037=AXIS2_PLACEMENT_3D('',#13921,#11530,#11531);
#9038=AXIS2_PLACEMENT_3D('',#13922,#11532,#11533);
#9039=AXIS2_PLACEMENT_3D('',#13926,#11536,#11537);
#9040=AXIS2_PLACEMENT_3D('',#13929,#11539,#11540);
#9041=AXIS2_PLACEMENT_3D('',#13930,#11541,#11542);
#9042=AXIS2_PLACEMENT_3D('',#13934,#11545,#11546);
#9043=AXIS2_PLACEMENT_3D('',#13935,#11547,#11548);
#9044=AXIS2_PLACEMENT_3D('',#13936,#11549,#11550);
#9045=AXIS2_PLACEMENT_3D('',#13937,#11551,#11552);
#9046=AXIS2_PLACEMENT_3D('',#13940,#11554,#11555);
#9047=AXIS2_PLACEMENT_3D('',#13941,#11556,#11557);
#9048=AXIS2_PLACEMENT_3D('',#13944,#11559,#11560);
#9049=AXIS2_PLACEMENT_3D('',#13945,#11561,#11562);
#9050=AXIS2_PLACEMENT_3D('',#13947,#11563,#11564);
#9051=AXIS2_PLACEMENT_3D('',#13950,#11566,#11567);
#9052=AXIS2_PLACEMENT_3D('',#13951,#11568,#11569);
#9053=AXIS2_PLACEMENT_3D('',#13952,#11570,#11571);
#9054=DIRECTION('axis',(0.,0.,1.));
#9055=DIRECTION('refdir',(1.,0.,0.));
#9056=DIRECTION('center_axis',(-0.566406236983117,0.824126188581958,0.));
#9057=DIRECTION('ref_axis',(0.824126188581958,0.566406236983117,0.));
#9058=DIRECTION('',(-0.824126188581958,-0.566406236983117,0.));
#9059=DIRECTION('',(0.,0.,-1.));
#9060=DIRECTION('',(0.824126188581958,0.566406236983117,0.));
#9061=DIRECTION('',(0.,0.,-1.));
#9062=DIRECTION('center_axis',(0.,0.,-1.));
#9063=DIRECTION('ref_axis',(0.786474344111571,0.617622948127961,0.));
#9064=DIRECTION('center_axis',(0.,0.,1.));
#9065=DIRECTION('ref_axis',(0.786474344111571,0.617622948127961,0.));
#9066=DIRECTION('center_axis',(0.,0.,-1.));
#9067=DIRECTION('ref_axis',(0.786474344111571,0.617622948127961,0.));
#9068=DIRECTION('',(0.,0.,-1.));
#9069=DIRECTION('center_axis',(0.,0.,-1.));
#9070=DIRECTION('ref_axis',(0.775526839689343,0.63131459742466,0.));
#9071=DIRECTION('center_axis',(0.,0.,1.));
#9072=DIRECTION('ref_axis',(0.775526839689343,0.63131459742466,0.));
#9073=DIRECTION('center_axis',(0.,0.,-1.));
#9074=DIRECTION('ref_axis',(0.775526839689343,0.63131459742466,0.));
#9075=DIRECTION('',(0.,0.,-1.));
#9076=DIRECTION('center_axis',(-0.580702955712692,0.814115518355069,0.));
#9077=DIRECTION('ref_axis',(0.814115518355069,0.580702955712692,0.));
#9078=DIRECTION('',(-0.814115518355069,-0.580702955712692,0.));
#9079=DIRECTION('',(0.814115518355069,0.580702955712692,0.));
#9080=DIRECTION('',(0.,0.,-1.));
#9081=DIRECTION('center_axis',(0.,0.,-1.));
#9082=DIRECTION('ref_axis',(-0.580702955623959,0.814115518418362,0.));
#9083=DIRECTION('center_axis',(0.,0.,1.));
#9084=DIRECTION('ref_axis',(-0.580702955623959,0.814115518418362,0.));
#9085=DIRECTION('center_axis',(0.,0.,-1.));
#9086=DIRECTION('ref_axis',(-0.580702955623959,0.814115518418362,0.));
#9087=DIRECTION('',(0.,0.,-1.));
#9088=DIRECTION('center_axis',(0.,0.,-1.));
#9089=DIRECTION('ref_axis',(-0.995305407869603,-0.0967840124479379,0.));
#9090=DIRECTION('center_axis',(0.,0.,-1.));
#9091=DIRECTION('ref_axis',(-0.995305407869603,-0.0967840124479379,0.));
#9092=DIRECTION('center_axis',(0.,0.,1.));
#9093=DIRECTION('ref_axis',(-0.995305407869603,-0.0967840124479379,0.));
#9094=DIRECTION('',(0.,0.,-1.));
#9095=DIRECTION('center_axis',(0.,0.,-1.));
#9096=DIRECTION('ref_axis',(-0.995305407869703,-0.0967840124469109,0.));
#9097=DIRECTION('center_axis',(0.,0.,1.));
#9098=DIRECTION('ref_axis',(-0.995305407869703,-0.0967840124469109,0.));
#9099=DIRECTION('center_axis',(0.,0.,-1.));
#9100=DIRECTION('ref_axis',(-0.995305407869703,-0.0967840124469109,0.));
#9101=DIRECTION('',(0.,0.,-1.));
#9102=DIRECTION('center_axis',(0.165047605863337,-0.986285601536787,0.));
#9103=DIRECTION('ref_axis',(-0.986285601536786,-0.165047605863337,0.));
#9104=DIRECTION('',(0.986285601536786,0.165047605863337,0.));
#9105=DIRECTION('',(-0.986285601536786,-0.165047605863337,0.));
#9106=DIRECTION('',(0.,0.,-1.));
#9107=DIRECTION('center_axis',(0.,0.,-1.));
#9108=DIRECTION('ref_axis',(0.165047605907693,-0.986285601529364,0.));
#9109=DIRECTION('center_axis',(0.,0.,1.));
#9110=DIRECTION('ref_axis',(0.165047605907693,-0.986285601529364,0.));
#9111=DIRECTION('center_axis',(0.,0.,-1.));
#9112=DIRECTION('ref_axis',(0.165047605907693,-0.986285601529364,0.));
#9113=DIRECTION('',(0.,0.,-1.));
#9114=DIRECTION('center_axis',(0.,0.,-1.));
#9115=DIRECTION('ref_axis',(0.994787120298862,0.101973453837251,0.));
#9116=DIRECTION('center_axis',(0.,0.,1.));
#9117=DIRECTION('ref_axis',(0.994787120298862,0.101973453837251,0.));
#9118=DIRECTION('center_axis',(0.,0.,-1.));
#9119=DIRECTION('ref_axis',(0.994787120298862,0.101973453837251,0.));
#9120=DIRECTION('',(0.,0.,-1.));
#9121=DIRECTION('center_axis',(0.18223552542261,-0.983254907576843,0.));
#9122=DIRECTION('ref_axis',(-0.983254907576843,-0.18223552542261,0.));
#9123=DIRECTION('',(0.983254907576843,0.18223552542261,0.));
#9124=DIRECTION('',(-0.983254907576843,-0.18223552542261,0.));
#9125=DIRECTION('',(0.,0.,-1.));
#9126=DIRECTION('center_axis',(0.,0.,-1.));
#9127=DIRECTION('ref_axis',(0.182235525393594,-0.98325490758222,0.));
#9128=DIRECTION('center_axis',(0.,0.,1.));
#9129=DIRECTION('ref_axis',(0.182235525393594,-0.98325490758222,0.));
#9130=DIRECTION('center_axis',(0.,0.,-1.));
#9131=DIRECTION('ref_axis',(0.182235525393594,-0.98325490758222,0.));
#9132=DIRECTION('',(0.,0.,-1.));
#9133=DIRECTION('center_axis',(0.,0.,-1.));
#9134=DIRECTION('ref_axis',(0.990067078855766,0.140595801381158,0.));
#9135=DIRECTION('center_axis',(0.,0.,1.));
#9136=DIRECTION('ref_axis',(0.990067078855766,0.140595801381158,0.));
#9137=DIRECTION('center_axis',(0.,0.,-1.));
#9138=DIRECTION('ref_axis',(0.990067078855766,0.140595801381158,0.));
#9139=DIRECTION('',(0.,0.,-1.));
#9140=DIRECTION('center_axis',(0.,0.,-1.));
#9141=DIRECTION('ref_axis',(0.799499389851443,0.600666900725494,0.));
#9142=DIRECTION('center_axis',(0.,0.,1.));
#9143=DIRECTION('ref_axis',(0.799499389851443,0.600666900725494,0.));
#9144=DIRECTION('center_axis',(0.,0.,-1.));
#9145=DIRECTION('ref_axis',(0.799499389851443,0.600666900725494,0.));
#9146=DIRECTION('center_axis',(0.18223552542261,0.983254907576843,0.));
#9147=DIRECTION('ref_axis',(0.983254907576843,-0.18223552542261,0.));
#9148=DIRECTION('',(-0.983254907576843,0.18223552542261,0.));
#9149=DIRECTION('',(0.,0.,-1.));
#9150=DIRECTION('',(0.983254907576843,-0.18223552542261,0.));
#9151=DIRECTION('',(0.,0.,-1.));
#9152=DIRECTION('center_axis',(0.,0.,-1.));
#9153=DIRECTION('ref_axis',(0.992846716788243,-0.119395967112826,0.));
#9154=DIRECTION('center_axis',(0.,0.,1.));
#9155=DIRECTION('ref_axis',(0.992846716788243,-0.119395967112826,0.));
#9156=DIRECTION('center_axis',(0.,0.,-1.));
#9157=DIRECTION('ref_axis',(0.992846716788243,-0.119395967112826,0.));
#9158=DIRECTION('',(0.,0.,-1.));
#9159=DIRECTION('center_axis',(0.,0.,-1.));
#9160=DIRECTION('ref_axis',(0.994787120237539,-0.101973454435475,0.));
#9161=DIRECTION('center_axis',(0.,0.,1.));
#9162=DIRECTION('ref_axis',(0.994787120237539,-0.101973454435475,0.));
#9163=DIRECTION('center_axis',(0.,0.,-1.));
#9164=DIRECTION('ref_axis',(0.994787120237539,-0.101973454435475,0.));
#9165=DIRECTION('',(0.,0.,-1.));
#9166=DIRECTION('center_axis',(0.165047605858555,0.986285601537587,0.));
#9167=DIRECTION('ref_axis',(0.986285601537587,-0.165047605858555,0.));
#9168=DIRECTION('',(-0.986285601537587,0.165047605858555,0.));
#9169=DIRECTION('',(0.986285601537587,-0.165047605858555,0.));
#9170=DIRECTION('',(0.,0.,-1.));
#9171=DIRECTION('center_axis',(0.,0.,-1.));
#9172=DIRECTION('ref_axis',(0.165047605966053,0.986285601519598,0.));
#9173=DIRECTION('center_axis',(0.,0.,1.));
#9174=DIRECTION('ref_axis',(0.165047605966053,0.986285601519598,0.));
#9175=DIRECTION('center_axis',(0.,0.,-1.));
#9176=DIRECTION('ref_axis',(0.165047605966053,0.986285601519598,0.));
#9177=DIRECTION('',(0.,0.,-1.));
#9178=DIRECTION('center_axis',(0.,0.,-1.));
#9179=DIRECTION('ref_axis',(-0.772223834768619,0.635350571743859,0.));
#9180=DIRECTION('center_axis',(0.,0.,-1.));
#9181=DIRECTION('ref_axis',(-0.772223834768619,0.635350571743859,0.));
#9182=DIRECTION('center_axis',(0.,0.,1.));
#9183=DIRECTION('ref_axis',(-0.772223834768619,0.635350571743859,0.));
#9184=DIRECTION('',(0.,0.,-1.));
#9185=DIRECTION('center_axis',(0.,0.,-1.));
#9186=DIRECTION('ref_axis',(-0.772223834767964,0.635350571744656,0.));
#9187=DIRECTION('center_axis',(0.,0.,1.));
#9188=DIRECTION('ref_axis',(-0.772223834767964,0.635350571744656,0.));
#9189=DIRECTION('center_axis',(0.,0.,-1.));
#9190=DIRECTION('ref_axis',(-0.772223834767964,0.635350571744656,0.));
#9191=DIRECTION('',(0.,0.,-1.));
#9192=DIRECTION('center_axis',(-0.580702955708745,-0.814115518357885,0.));
#9193=DIRECTION('ref_axis',(-0.814115518357885,0.580702955708745,0.));
#9194=DIRECTION('',(0.814115518357885,-0.580702955708745,0.));
#9195=DIRECTION('',(-0.814115518357885,0.580702955708745,0.));
#9196=DIRECTION('',(0.,0.,-1.));
#9197=DIRECTION('center_axis',(0.,0.,-1.));
#9198=DIRECTION('ref_axis',(-0.580702955672131,-0.814115518384001,0.));
#9199=DIRECTION('center_axis',(0.,0.,1.));
#9200=DIRECTION('ref_axis',(-0.580702955672131,-0.814115518384001,0.));
#9201=DIRECTION('center_axis',(0.,0.,-1.));
#9202=DIRECTION('ref_axis',(-0.580702955672131,-0.814115518384001,0.));
#9203=DIRECTION('',(0.,0.,-1.));
#9204=DIRECTION('center_axis',(0.,0.,-1.));
#9205=DIRECTION('ref_axis',(0.775526839309697,-0.631314597891029,0.));
#9206=DIRECTION('center_axis',(0.,0.,1.));
#9207=DIRECTION('ref_axis',(0.775526839309697,-0.631314597891029,0.));
#9208=DIRECTION('center_axis',(0.,0.,-1.));
#9209=DIRECTION('ref_axis',(0.775526839309697,-0.631314597891029,0.));
#9210=DIRECTION('',(0.,0.,-1.));
#9211=DIRECTION('center_axis',(-0.566406236983117,-0.824126188581958,0.));
#9212=DIRECTION('ref_axis',(-0.824126188581958,0.566406236983117,0.));
#9213=DIRECTION('',(0.824126188581958,-0.566406236983117,0.));
#9214=DIRECTION('',(-0.824126188581958,0.566406236983117,0.));
#9215=DIRECTION('',(0.,0.,-1.));
#9216=DIRECTION('center_axis',(0.,0.,-1.));
#9217=DIRECTION('ref_axis',(-0.566406237007436,-0.824126188565244,0.));
#9218=DIRECTION('center_axis',(0.,0.,1.));
#9219=DIRECTION('ref_axis',(-0.566406237007436,-0.824126188565244,0.));
#9220=DIRECTION('center_axis',(0.,0.,-1.));
#9221=DIRECTION('ref_axis',(-0.566406237007436,-0.824126188565244,0.));
#9222=DIRECTION('',(0.,0.,-1.));
#9223=DIRECTION('center_axis',(0.,0.,-1.));
#9224=DIRECTION('ref_axis',(0.799499389851443,-0.600666900725494,0.));
#9225=DIRECTION('center_axis',(0.,0.,1.));
#9226=DIRECTION('ref_axis',(0.799499389851443,-0.600666900725494,0.));
#9227=DIRECTION('center_axis',(0.,0.,-1.));
#9228=DIRECTION('ref_axis',(0.799499389851443,-0.600666900725494,0.));
#9229=DIRECTION('',(0.,0.,-1.));
#9230=DIRECTION('center_axis',(0.,0.,-1.));
#9231=DIRECTION('ref_axis',(0.990067078855766,-0.140595801381159,0.));
#9232=DIRECTION('center_axis',(0.,0.,1.));
#9233=DIRECTION('ref_axis',(0.990067078855766,-0.140595801381159,0.));
#9234=DIRECTION('center_axis',(0.,0.,-1.));
#9235=DIRECTION('ref_axis',(0.990067078855766,-0.140595801381159,0.));
#9236=DIRECTION('center_axis',(0.824126188581958,0.566406236983117,0.));
#9237=DIRECTION('ref_axis',(0.566406236983117,-0.824126188581958,0.));
#9238=DIRECTION('',(-0.566406236983117,0.824126188581958,0.));
#9239=DIRECTION('',(0.,0.,-1.));
#9240=DIRECTION('',(0.566406236983117,-0.824126188581958,0.));
#9241=DIRECTION('',(0.,0.,-1.));
#9242=DIRECTION('center_axis',(0.,0.,-1.));
#9243=DIRECTION('ref_axis',(0.617622948127961,-0.786474344111571,0.));
#9244=DIRECTION('center_axis',(0.,0.,1.));
#9245=DIRECTION('ref_axis',(0.617622948127961,-0.786474344111571,0.));
#9246=DIRECTION('center_axis',(0.,0.,-1.));
#9247=DIRECTION('ref_axis',(0.617622948127961,-0.786474344111571,0.));
#9248=DIRECTION('',(0.,0.,-1.));
#9249=DIRECTION('center_axis',(0.,0.,-1.));
#9250=DIRECTION('ref_axis',(0.63131459742466,-0.775526839689343,0.));
#9251=DIRECTION('center_axis',(0.,0.,1.));
#9252=DIRECTION('ref_axis',(0.63131459742466,-0.775526839689343,0.));
#9253=DIRECTION('center_axis',(0.,0.,-1.));
#9254=DIRECTION('ref_axis',(0.63131459742466,-0.775526839689343,0.));
#9255=DIRECTION('',(0.,0.,-1.));
#9256=DIRECTION('center_axis',(0.814115518355069,0.580702955712692,0.));
#9257=DIRECTION('ref_axis',(0.580702955712692,-0.814115518355069,0.));
#9258=DIRECTION('',(-0.580702955712692,0.814115518355069,0.));
#9259=DIRECTION('',(0.580702955712692,-0.814115518355069,0.));
#9260=DIRECTION('',(0.,0.,-1.));
#9261=DIRECTION('center_axis',(0.,0.,-1.));
#9262=DIRECTION('ref_axis',(0.814115518418362,0.580702955623959,0.));
#9263=DIRECTION('center_axis',(0.,0.,1.));
#9264=DIRECTION('ref_axis',(0.814115518418362,0.580702955623959,0.));
#9265=DIRECTION('center_axis',(0.,0.,-1.));
#9266=DIRECTION('ref_axis',(0.814115518418362,0.580702955623959,0.));
#9267=DIRECTION('',(0.,0.,-1.));
#9268=DIRECTION('center_axis',(0.,0.,-1.));
#9269=DIRECTION('ref_axis',(-0.0967840124479381,0.995305407869603,0.));
#9270=DIRECTION('center_axis',(0.,0.,-1.));
#9271=DIRECTION('ref_axis',(-0.0967840124479381,0.995305407869603,0.));
#9272=DIRECTION('center_axis',(0.,0.,1.));
#9273=DIRECTION('ref_axis',(-0.0967840124479381,0.995305407869603,0.));
#9274=DIRECTION('',(0.,0.,-1.));
#9275=DIRECTION('center_axis',(0.,0.,-1.));
#9276=DIRECTION('ref_axis',(-0.0967840124469109,0.995305407869703,0.));
#9277=DIRECTION('center_axis',(0.,0.,1.));
#9278=DIRECTION('ref_axis',(-0.0967840124469109,0.995305407869703,0.));
#9279=DIRECTION('center_axis',(0.,0.,-1.));
#9280=DIRECTION('ref_axis',(-0.0967840124469109,0.995305407869703,0.));
#9281=DIRECTION('',(0.,0.,-1.));
#9282=DIRECTION('center_axis',(-0.986285601536786,-0.165047605863337,0.));
#9283=DIRECTION('ref_axis',(-0.165047605863337,0.986285601536786,0.));
#9284=DIRECTION('',(0.165047605863337,-0.986285601536786,0.));
#9285=DIRECTION('',(-0.165047605863337,0.986285601536786,0.));
#9286=DIRECTION('',(0.,0.,-1.));
#9287=DIRECTION('center_axis',(0.,0.,-1.));
#9288=DIRECTION('ref_axis',(-0.986285601529364,-0.165047605907693,0.));
#9289=DIRECTION('center_axis',(0.,0.,1.));
#9290=DIRECTION('ref_axis',(-0.986285601529364,-0.165047605907693,0.));
#9291=DIRECTION('center_axis',(0.,0.,-1.));
#9292=DIRECTION('ref_axis',(-0.986285601529364,-0.165047605907693,0.));
#9293=DIRECTION('',(0.,0.,-1.));
#9294=DIRECTION('center_axis',(0.,0.,-1.));
#9295=DIRECTION('ref_axis',(0.101973453837252,-0.994787120298862,0.));
#9296=DIRECTION('center_axis',(0.,0.,1.));
#9297=DIRECTION('ref_axis',(0.101973453837252,-0.994787120298862,0.));
#9298=DIRECTION('center_axis',(0.,0.,-1.));
#9299=DIRECTION('ref_axis',(0.101973453837252,-0.994787120298862,0.));
#9300=DIRECTION('',(0.,0.,-1.));
#9301=DIRECTION('center_axis',(-0.983254907576843,-0.18223552542261,0.));
#9302=DIRECTION('ref_axis',(-0.18223552542261,0.983254907576843,0.));
#9303=DIRECTION('',(0.18223552542261,-0.983254907576843,0.));
#9304=DIRECTION('',(-0.18223552542261,0.983254907576843,0.));
#9305=DIRECTION('',(0.,0.,-1.));
#9306=DIRECTION('center_axis',(0.,0.,-1.));
#9307=DIRECTION('ref_axis',(-0.98325490758222,-0.182235525393594,0.));
#9308=DIRECTION('center_axis',(0.,0.,1.));
#9309=DIRECTION('ref_axis',(-0.98325490758222,-0.182235525393594,0.));
#9310=DIRECTION('center_axis',(0.,0.,-1.));
#9311=DIRECTION('ref_axis',(-0.98325490758222,-0.182235525393594,0.));
#9312=DIRECTION('',(0.,0.,-1.));
#9313=DIRECTION('center_axis',(0.,0.,-1.));
#9314=DIRECTION('ref_axis',(0.140595801381159,-0.990067078855766,0.));
#9315=DIRECTION('center_axis',(0.,0.,1.));
#9316=DIRECTION('ref_axis',(0.140595801381159,-0.990067078855766,0.));
#9317=DIRECTION('center_axis',(0.,0.,-1.));
#9318=DIRECTION('ref_axis',(0.140595801381159,-0.990067078855766,0.));
#9319=DIRECTION('',(0.,0.,-1.));
#9320=DIRECTION('center_axis',(0.,0.,-1.));
#9321=DIRECTION('ref_axis',(0.600666900725494,-0.799499389851443,0.));
#9322=DIRECTION('center_axis',(0.,0.,1.));
#9323=DIRECTION('ref_axis',(0.600666900725494,-0.799499389851443,0.));
#9324=DIRECTION('center_axis',(0.,0.,-1.));
#9325=DIRECTION('ref_axis',(0.600666900725494,-0.799499389851443,0.));
#9326=DIRECTION('center_axis',(0.983254907576843,-0.18223552542261,0.));
#9327=DIRECTION('ref_axis',(-0.18223552542261,-0.983254907576843,0.));
#9328=DIRECTION('',(0.18223552542261,0.983254907576843,0.));
#9329=DIRECTION('',(0.,0.,-1.));
#9330=DIRECTION('',(-0.18223552542261,-0.983254907576843,0.));
#9331=DIRECTION('',(0.,0.,-1.));
#9332=DIRECTION('center_axis',(0.,0.,-1.));
#9333=DIRECTION('ref_axis',(-0.119395967112826,-0.992846716788243,0.));
#9334=DIRECTION('center_axis',(0.,0.,1.));
#9335=DIRECTION('ref_axis',(-0.119395967112826,-0.992846716788243,0.));
#9336=DIRECTION('center_axis',(0.,0.,-1.));
#9337=DIRECTION('ref_axis',(-0.119395967112826,-0.992846716788243,0.));
#9338=DIRECTION('',(0.,0.,-1.));
#9339=DIRECTION('center_axis',(0.,0.,-1.));
#9340=DIRECTION('ref_axis',(-0.101973454435475,-0.994787120237539,0.));
#9341=DIRECTION('center_axis',(0.,0.,1.));
#9342=DIRECTION('ref_axis',(-0.101973454435475,-0.994787120237539,0.));
#9343=DIRECTION('center_axis',(0.,0.,-1.));
#9344=DIRECTION('ref_axis',(-0.101973454435475,-0.994787120237539,0.));
#9345=DIRECTION('',(0.,0.,-1.));
#9346=DIRECTION('center_axis',(0.986285601537587,-0.165047605858555,0.));
#9347=DIRECTION('ref_axis',(-0.165047605858555,-0.986285601537587,0.));
#9348=DIRECTION('',(0.165047605858555,0.986285601537587,0.));
#9349=DIRECTION('',(-0.165047605858555,-0.986285601537587,0.));
#9350=DIRECTION('',(0.,0.,-1.));
#9351=DIRECTION('center_axis',(0.,0.,-1.));
#9352=DIRECTION('ref_axis',(0.986285601519598,-0.165047605966053,0.));
#9353=DIRECTION('center_axis',(0.,0.,1.));
#9354=DIRECTION('ref_axis',(0.986285601519598,-0.165047605966053,0.));
#9355=DIRECTION('center_axis',(0.,0.,-1.));
#9356=DIRECTION('ref_axis',(0.986285601519598,-0.165047605966053,0.));
#9357=DIRECTION('',(0.,0.,-1.));
#9358=DIRECTION('center_axis',(0.,0.,-1.));
#9359=DIRECTION('ref_axis',(0.635350571743859,0.772223834768619,0.));
#9360=DIRECTION('center_axis',(0.,0.,-1.));
#9361=DIRECTION('ref_axis',(0.635350571743859,0.772223834768619,0.));
#9362=DIRECTION('center_axis',(0.,0.,1.));
#9363=DIRECTION('ref_axis',(0.635350571743859,0.772223834768619,0.));
#9364=DIRECTION('',(0.,0.,-1.));
#9365=DIRECTION('center_axis',(0.,0.,-1.));
#9366=DIRECTION('ref_axis',(0.635350571744656,0.772223834767964,0.));
#9367=DIRECTION('center_axis',(0.,0.,1.));
#9368=DIRECTION('ref_axis',(0.635350571744656,0.772223834767964,0.));
#9369=DIRECTION('center_axis',(0.,0.,-1.));
#9370=DIRECTION('ref_axis',(0.635350571744656,0.772223834767964,0.));
#9371=DIRECTION('',(0.,0.,-1.));
#9372=DIRECTION('center_axis',(-0.814115518357885,0.580702955708745,0.));
#9373=DIRECTION('ref_axis',(0.580702955708745,0.814115518357885,0.));
#9374=DIRECTION('',(-0.580702955708745,-0.814115518357885,0.));
#9375=DIRECTION('',(0.580702955708745,0.814115518357885,0.));
#9376=DIRECTION('',(0.,0.,-1.));
#9377=DIRECTION('center_axis',(0.,0.,-1.));
#9378=DIRECTION('ref_axis',(-0.814115518384001,0.580702955672131,0.));
#9379=DIRECTION('center_axis',(0.,0.,1.));
#9380=DIRECTION('ref_axis',(-0.814115518384001,0.580702955672131,0.));
#9381=DIRECTION('center_axis',(0.,0.,-1.));
#9382=DIRECTION('ref_axis',(-0.814115518384001,0.580702955672131,0.));
#9383=DIRECTION('',(0.,0.,-1.));
#9384=DIRECTION('center_axis',(0.,0.,-1.));
#9385=DIRECTION('ref_axis',(-0.631314597891029,-0.775526839309697,0.));
#9386=DIRECTION('center_axis',(0.,0.,1.));
#9387=DIRECTION('ref_axis',(-0.631314597891029,-0.775526839309697,0.));
#9388=DIRECTION('center_axis',(0.,0.,-1.));
#9389=DIRECTION('ref_axis',(-0.631314597891029,-0.775526839309697,0.));
#9390=DIRECTION('',(0.,0.,-1.));
#9391=DIRECTION('center_axis',(-0.824126188581958,0.566406236983117,0.));
#9392=DIRECTION('ref_axis',(0.566406236983117,0.824126188581958,0.));
#9393=DIRECTION('',(-0.566406236983117,-0.824126188581958,0.));
#9394=DIRECTION('',(0.566406236983117,0.824126188581958,0.));
#9395=DIRECTION('',(0.,0.,-1.));
#9396=DIRECTION('center_axis',(0.,0.,-1.));
#9397=DIRECTION('ref_axis',(-0.824126188565244,0.566406237007436,0.));
#9398=DIRECTION('center_axis',(0.,0.,1.));
#9399=DIRECTION('ref_axis',(-0.824126188565244,0.566406237007436,0.));
#9400=DIRECTION('center_axis',(0.,0.,-1.));
#9401=DIRECTION('ref_axis',(-0.824126188565244,0.566406237007436,0.));
#9402=DIRECTION('',(0.,0.,-1.));
#9403=DIRECTION('center_axis',(0.,0.,-1.));
#9404=DIRECTION('ref_axis',(-0.600666900725494,-0.799499389851443,0.));
#9405=DIRECTION('center_axis',(0.,0.,1.));
#9406=DIRECTION('ref_axis',(-0.600666900725494,-0.799499389851443,0.));
#9407=DIRECTION('center_axis',(0.,0.,-1.));
#9408=DIRECTION('ref_axis',(-0.600666900725494,-0.799499389851443,0.));
#9409=DIRECTION('',(0.,0.,-1.));
#9410=DIRECTION('center_axis',(0.,0.,-1.));
#9411=DIRECTION('ref_axis',(-0.140595801381159,-0.990067078855766,0.));
#9412=DIRECTION('center_axis',(0.,0.,1.));
#9413=DIRECTION('ref_axis',(-0.140595801381159,-0.990067078855766,0.));
#9414=DIRECTION('center_axis',(0.,0.,-1.));
#9415=DIRECTION('ref_axis',(-0.140595801381159,-0.990067078855766,0.));
#9416=DIRECTION('center_axis',(0.566406236983117,-0.824126188581958,0.));
#9417=DIRECTION('ref_axis',(-0.824126188581958,-0.566406236983117,0.));
#9418=DIRECTION('',(0.824126188581958,0.566406236983117,0.));
#9419=DIRECTION('',(0.,0.,-1.));
#9420=DIRECTION('',(-0.824126188581958,-0.566406236983117,0.));
#9421=DIRECTION('',(0.,0.,-1.));
#9422=DIRECTION('center_axis',(0.,0.,-1.));
#9423=DIRECTION('ref_axis',(-0.786474344111571,-0.617622948127961,0.));
#9424=DIRECTION('center_axis',(0.,0.,1.));
#9425=DIRECTION('ref_axis',(-0.786474344111571,-0.617622948127961,0.));
#9426=DIRECTION('center_axis',(0.,0.,-1.));
#9427=DIRECTION('ref_axis',(-0.786474344111571,-0.617622948127961,0.));
#9428=DIRECTION('',(0.,0.,-1.));
#9429=DIRECTION('center_axis',(0.,0.,-1.));
#9430=DIRECTION('ref_axis',(-0.775526839689343,-0.63131459742466,0.));
#9431=DIRECTION('center_axis',(0.,0.,1.));
#9432=DIRECTION('ref_axis',(-0.775526839689343,-0.63131459742466,0.));
#9433=DIRECTION('center_axis',(0.,0.,-1.));
#9434=DIRECTION('ref_axis',(-0.775526839689343,-0.63131459742466,0.));
#9435=DIRECTION('',(0.,0.,-1.));
#9436=DIRECTION('center_axis',(0.580702955712692,-0.814115518355069,0.));
#9437=DIRECTION('ref_axis',(-0.814115518355069,-0.580702955712692,0.));
#9438=DIRECTION('',(0.814115518355069,0.580702955712692,0.));
#9439=DIRECTION('',(-0.814115518355069,-0.580702955712692,0.));
#9440=DIRECTION('',(0.,0.,-1.));
#9441=DIRECTION('center_axis',(0.,0.,-1.));
#9442=DIRECTION('ref_axis',(0.580702955623959,-0.814115518418362,0.));
#9443=DIRECTION('center_axis',(0.,0.,1.));
#9444=DIRECTION('ref_axis',(0.580702955623959,-0.814115518418362,0.));
#9445=DIRECTION('center_axis',(0.,0.,-1.));
#9446=DIRECTION('ref_axis',(0.580702955623959,-0.814115518418362,0.));
#9447=DIRECTION('',(0.,0.,-1.));
#9448=DIRECTION('center_axis',(0.,0.,-1.));
#9449=DIRECTION('ref_axis',(0.995305407869603,0.0967840124479381,0.));
#9450=DIRECTION('center_axis',(0.,0.,-1.));
#9451=DIRECTION('ref_axis',(0.995305407869603,0.0967840124479381,0.));
#9452=DIRECTION('center_axis',(0.,0.,1.));
#9453=DIRECTION('ref_axis',(0.995305407869603,0.0967840124479381,0.));
#9454=DIRECTION('',(0.,0.,-1.));
#9455=DIRECTION('center_axis',(0.,0.,-1.));
#9456=DIRECTION('ref_axis',(0.995305407869703,0.0967840124469109,0.));
#9457=DIRECTION('center_axis',(0.,0.,1.));
#9458=DIRECTION('ref_axis',(0.995305407869703,0.0967840124469109,0.));
#9459=DIRECTION('center_axis',(0.,0.,-1.));
#9460=DIRECTION('ref_axis',(0.995305407869703,0.0967840124469109,0.));
#9461=DIRECTION('',(0.,0.,-1.));
#9462=DIRECTION('center_axis',(-0.165047605863337,0.986285601536786,0.));
#9463=DIRECTION('ref_axis',(0.986285601536786,0.165047605863337,0.));
#9464=DIRECTION('',(-0.986285601536786,-0.165047605863337,0.));
#9465=DIRECTION('',(0.986285601536786,0.165047605863337,0.));
#9466=DIRECTION('',(0.,0.,-1.));
#9467=DIRECTION('center_axis',(0.,0.,-1.));
#9468=DIRECTION('ref_axis',(-0.165047605907693,0.986285601529364,0.));
#9469=DIRECTION('center_axis',(0.,0.,1.));
#9470=DIRECTION('ref_axis',(-0.165047605907693,0.986285601529364,0.));
#9471=DIRECTION('center_axis',(0.,0.,-1.));
#9472=DIRECTION('ref_axis',(-0.165047605907693,0.986285601529364,0.));
#9473=DIRECTION('',(0.,0.,-1.));
#9474=DIRECTION('center_axis',(0.,0.,-1.));
#9475=DIRECTION('ref_axis',(-0.994787120298862,-0.101973453837252,0.));
#9476=DIRECTION('center_axis',(0.,0.,1.));
#9477=DIRECTION('ref_axis',(-0.994787120298862,-0.101973453837252,0.));
#9478=DIRECTION('center_axis',(0.,0.,-1.));
#9479=DIRECTION('ref_axis',(-0.994787120298862,-0.101973453837252,0.));
#9480=DIRECTION('',(0.,0.,-1.));
#9481=DIRECTION('center_axis',(-0.18223552542261,0.983254907576843,0.));
#9482=DIRECTION('ref_axis',(0.983254907576843,0.18223552542261,0.));
#9483=DIRECTION('',(-0.983254907576843,-0.18223552542261,0.));
#9484=DIRECTION('',(0.983254907576843,0.18223552542261,0.));
#9485=DIRECTION('',(0.,0.,-1.));
#9486=DIRECTION('center_axis',(0.,0.,-1.));
#9487=DIRECTION('ref_axis',(-0.182235525393594,0.98325490758222,0.));
#9488=DIRECTION('center_axis',(0.,0.,1.));
#9489=DIRECTION('ref_axis',(-0.182235525393594,0.98325490758222,0.));
#9490=DIRECTION('center_axis',(0.,0.,-1.));
#9491=DIRECTION('ref_axis',(-0.182235525393594,0.98325490758222,0.));
#9492=DIRECTION('',(0.,0.,-1.));
#9493=DIRECTION('center_axis',(0.,0.,-1.));
#9494=DIRECTION('ref_axis',(-0.990067078855766,-0.140595801381159,0.));
#9495=DIRECTION('center_axis',(0.,0.,1.));
#9496=DIRECTION('ref_axis',(-0.990067078855766,-0.140595801381159,0.));
#9497=DIRECTION('center_axis',(0.,0.,-1.));
#9498=DIRECTION('ref_axis',(-0.990067078855766,-0.140595801381159,0.));
#9499=DIRECTION('',(0.,0.,-1.));
#9500=DIRECTION('center_axis',(0.,0.,-1.));
#9501=DIRECTION('ref_axis',(-0.799499389851443,-0.600666900725494,0.));
#9502=DIRECTION('center_axis',(0.,0.,1.));
#9503=DIRECTION('ref_axis',(-0.799499389851443,-0.600666900725494,0.));
#9504=DIRECTION('center_axis',(0.,0.,-1.));
#9505=DIRECTION('ref_axis',(-0.799499389851443,-0.600666900725494,0.));
#9506=DIRECTION('center_axis',(-0.18223552542261,-0.983254907576843,0.));
#9507=DIRECTION('ref_axis',(-0.983254907576843,0.182235525422609,0.));
#9508=DIRECTION('',(0.983254907576843,-0.182235525422609,0.));
#9509=DIRECTION('',(0.,0.,-1.));
#9510=DIRECTION('',(-0.983254907576843,0.182235525422609,0.));
#9511=DIRECTION('',(0.,0.,-1.));
#9512=DIRECTION('center_axis',(0.,0.,-1.));
#9513=DIRECTION('ref_axis',(-0.992846716788243,0.119395967112826,0.));
#9514=DIRECTION('center_axis',(0.,0.,1.));
#9515=DIRECTION('ref_axis',(-0.992846716788243,0.119395967112826,0.));
#9516=DIRECTION('center_axis',(0.,0.,-1.));
#9517=DIRECTION('ref_axis',(-0.992846716788243,0.119395967112826,0.));
#9518=DIRECTION('',(0.,0.,-1.));
#9519=DIRECTION('center_axis',(0.,0.,-1.));
#9520=DIRECTION('ref_axis',(-0.994787120237539,0.101973454435475,0.));
#9521=DIRECTION('center_axis',(0.,0.,1.));
#9522=DIRECTION('ref_axis',(-0.994787120237539,0.101973454435475,0.));
#9523=DIRECTION('center_axis',(0.,0.,-1.));
#9524=DIRECTION('ref_axis',(-0.994787120237539,0.101973454435475,0.));
#9525=DIRECTION('',(0.,0.,-1.));
#9526=DIRECTION('center_axis',(-0.165047605858555,-0.986285601537587,0.));
#9527=DIRECTION('ref_axis',(-0.986285601537587,0.165047605858555,0.));
#9528=DIRECTION('',(0.986285601537587,-0.165047605858555,0.));
#9529=DIRECTION('',(-0.986285601537587,0.165047605858555,0.));
#9530=DIRECTION('',(0.,0.,-1.));
#9531=DIRECTION('center_axis',(0.,0.,-1.));
#9532=DIRECTION('ref_axis',(-0.165047605966053,-0.986285601519598,0.));
#9533=DIRECTION('center_axis',(0.,0.,1.));
#9534=DIRECTION('ref_axis',(-0.165047605966053,-0.986285601519598,0.));
#9535=DIRECTION('center_axis',(0.,0.,-1.));
#9536=DIRECTION('ref_axis',(-0.165047605966053,-0.986285601519598,0.));
#9537=DIRECTION('',(0.,0.,-1.));
#9538=DIRECTION('center_axis',(0.,0.,-1.));
#9539=DIRECTION('ref_axis',(0.772223834768619,-0.635350571743859,0.));
#9540=DIRECTION('center_axis',(0.,0.,-1.));
#9541=DIRECTION('ref_axis',(0.772223834768619,-0.635350571743859,0.));
#9542=DIRECTION('center_axis',(0.,0.,1.));
#9543=DIRECTION('ref_axis',(0.772223834768619,-0.635350571743859,0.));
#9544=DIRECTION('',(0.,0.,-1.));
#9545=DIRECTION('center_axis',(0.,0.,-1.));
#9546=DIRECTION('ref_axis',(0.772223834767964,-0.635350571744655,0.));
#9547=DIRECTION('center_axis',(0.,0.,1.));
#9548=DIRECTION('ref_axis',(0.772223834767964,-0.635350571744655,0.));
#9549=DIRECTION('center_axis',(0.,0.,-1.));
#9550=DIRECTION('ref_axis',(0.772223834767964,-0.635350571744655,0.));
#9551=DIRECTION('',(0.,0.,-1.));
#9552=DIRECTION('center_axis',(0.580702955708745,0.814115518357885,0.));
#9553=DIRECTION('ref_axis',(0.814115518357885,-0.580702955708745,0.));
#9554=DIRECTION('',(-0.814115518357885,0.580702955708745,0.));
#9555=DIRECTION('',(0.814115518357885,-0.580702955708745,0.));
#9556=DIRECTION('',(0.,0.,-1.));
#9557=DIRECTION('center_axis',(0.,0.,-1.));
#9558=DIRECTION('ref_axis',(0.580702955672131,0.814115518384001,0.));
#9559=DIRECTION('center_axis',(0.,0.,1.));
#9560=DIRECTION('ref_axis',(0.580702955672131,0.814115518384001,0.));
#9561=DIRECTION('center_axis',(0.,0.,-1.));
#9562=DIRECTION('ref_axis',(0.580702955672131,0.814115518384001,0.));
#9563=DIRECTION('',(0.,0.,-1.));
#9564=DIRECTION('center_axis',(0.,0.,-1.));
#9565=DIRECTION('ref_axis',(-0.775526839309697,0.631314597891029,0.));
#9566=DIRECTION('center_axis',(0.,0.,1.));
#9567=DIRECTION('ref_axis',(-0.775526839309697,0.631314597891029,0.));
#9568=DIRECTION('center_axis',(0.,0.,-1.));
#9569=DIRECTION('ref_axis',(-0.775526839309697,0.631314597891029,0.));
#9570=DIRECTION('',(0.,0.,-1.));
#9571=DIRECTION('center_axis',(0.566406236983117,0.824126188581959,0.));
#9572=DIRECTION('ref_axis',(0.824126188581958,-0.566406236983117,0.));
#9573=DIRECTION('',(-0.824126188581958,0.566406236983117,0.));
#9574=DIRECTION('',(0.824126188581958,-0.566406236983117,0.));
#9575=DIRECTION('',(0.,0.,-1.));
#9576=DIRECTION('center_axis',(0.,0.,-1.));
#9577=DIRECTION('ref_axis',(0.566406237007436,0.824126188565244,0.));
#9578=DIRECTION('center_axis',(0.,0.,1.));
#9579=DIRECTION('ref_axis',(0.566406237007436,0.824126188565244,0.));
#9580=DIRECTION('center_axis',(0.,0.,-1.));
#9581=DIRECTION('ref_axis',(0.566406237007436,0.824126188565244,0.));
#9582=DIRECTION('',(0.,0.,-1.));
#9583=DIRECTION('center_axis',(0.,0.,-1.));
#9584=DIRECTION('ref_axis',(-0.799499389851443,0.600666900725494,0.));
#9585=DIRECTION('center_axis',(0.,0.,1.));
#9586=DIRECTION('ref_axis',(-0.799499389851443,0.600666900725494,0.));
#9587=DIRECTION('center_axis',(0.,0.,-1.));
#9588=DIRECTION('ref_axis',(-0.799499389851443,0.600666900725494,0.));
#9589=DIRECTION('',(0.,0.,-1.));
#9590=DIRECTION('center_axis',(0.,0.,-1.));
#9591=DIRECTION('ref_axis',(-0.990067078855766,0.140595801381159,0.));
#9592=DIRECTION('center_axis',(0.,0.,1.));
#9593=DIRECTION('ref_axis',(-0.990067078855766,0.140595801381159,0.));
#9594=DIRECTION('center_axis',(0.,0.,-1.));
#9595=DIRECTION('ref_axis',(-0.990067078855766,0.140595801381159,0.));
#9596=DIRECTION('center_axis',(-0.824126188581958,-0.566406236983117,0.));
#9597=DIRECTION('ref_axis',(-0.566406236983117,0.824126188581958,0.));
#9598=DIRECTION('',(0.566406236983117,-0.824126188581958,0.));
#9599=DIRECTION('',(0.,0.,-1.));
#9600=DIRECTION('',(-0.566406236983117,0.824126188581958,0.));
#9601=DIRECTION('',(0.,0.,-1.));
#9602=DIRECTION('center_axis',(0.,0.,-1.));
#9603=DIRECTION('ref_axis',(-0.617622948127961,0.786474344111571,0.));
#9604=DIRECTION('center_axis',(0.,0.,1.));
#9605=DIRECTION('ref_axis',(-0.617622948127961,0.786474344111571,0.));
#9606=DIRECTION('center_axis',(0.,0.,-1.));
#9607=DIRECTION('ref_axis',(-0.617622948127961,0.786474344111571,0.));
#9608=DIRECTION('',(0.,0.,-1.));
#9609=DIRECTION('center_axis',(0.,0.,-1.));
#9610=DIRECTION('ref_axis',(-0.63131459742466,0.775526839689343,0.));
#9611=DIRECTION('center_axis',(0.,0.,1.));
#9612=DIRECTION('ref_axis',(-0.63131459742466,0.775526839689343,0.));
#9613=DIRECTION('center_axis',(0.,0.,-1.));
#9614=DIRECTION('ref_axis',(-0.63131459742466,0.775526839689343,0.));
#9615=DIRECTION('',(0.,0.,-1.));
#9616=DIRECTION('center_axis',(-0.814115518355069,-0.580702955712692,0.));
#9617=DIRECTION('ref_axis',(-0.580702955712692,0.814115518355069,0.));
#9618=DIRECTION('',(0.580702955712692,-0.814115518355069,0.));
#9619=DIRECTION('',(-0.580702955712692,0.814115518355069,0.));
#9620=DIRECTION('',(0.,0.,-1.));
#9621=DIRECTION('center_axis',(0.,0.,-1.));
#9622=DIRECTION('ref_axis',(-0.814115518418362,-0.580702955623959,0.));
#9623=DIRECTION('center_axis',(0.,0.,1.));
#9624=DIRECTION('ref_axis',(-0.814115518418362,-0.580702955623959,0.));
#9625=DIRECTION('center_axis',(0.,0.,-1.));
#9626=DIRECTION('ref_axis',(-0.814115518418362,-0.580702955623959,0.));
#9627=DIRECTION('',(0.,0.,-1.));
#9628=DIRECTION('center_axis',(0.,0.,-1.));
#9629=DIRECTION('ref_axis',(0.0967840124479382,-0.995305407869603,0.));
#9630=DIRECTION('center_axis',(0.,0.,-1.));
#9631=DIRECTION('ref_axis',(0.0967840124479382,-0.995305407869603,0.));
#9632=DIRECTION('center_axis',(0.,0.,1.));
#9633=DIRECTION('ref_axis',(0.0967840124479382,-0.995305407869603,0.));
#9634=DIRECTION('',(0.,0.,-1.));
#9635=DIRECTION('center_axis',(0.,0.,-1.));
#9636=DIRECTION('ref_axis',(0.096784012446911,-0.995305407869703,0.));
#9637=DIRECTION('center_axis',(0.,0.,1.));
#9638=DIRECTION('ref_axis',(0.096784012446911,-0.995305407869703,0.));
#9639=DIRECTION('center_axis',(0.,0.,-1.));
#9640=DIRECTION('ref_axis',(0.096784012446911,-0.995305407869703,0.));
#9641=DIRECTION('',(0.,0.,-1.));
#9642=DIRECTION('center_axis',(0.986285601536786,0.165047605863337,0.));
#9643=DIRECTION('ref_axis',(0.165047605863337,-0.986285601536786,0.));
#9644=DIRECTION('',(-0.165047605863337,0.986285601536786,0.));
#9645=DIRECTION('',(0.165047605863337,-0.986285601536786,0.));
#9646=DIRECTION('',(0.,0.,-1.));
#9647=DIRECTION('center_axis',(0.,0.,-1.));
#9648=DIRECTION('ref_axis',(0.986285601529364,0.165047605907694,0.));
#9649=DIRECTION('center_axis',(0.,0.,1.));
#9650=DIRECTION('ref_axis',(0.986285601529364,0.165047605907694,0.));
#9651=DIRECTION('center_axis',(0.,0.,-1.));
#9652=DIRECTION('ref_axis',(0.986285601529364,0.165047605907694,0.));
#9653=DIRECTION('',(0.,0.,-1.));
#9654=DIRECTION('center_axis',(0.,0.,-1.));
#9655=DIRECTION('ref_axis',(-0.101973453837252,0.994787120298862,0.));
#9656=DIRECTION('center_axis',(0.,0.,1.));
#9657=DIRECTION('ref_axis',(-0.101973453837252,0.994787120298862,0.));
#9658=DIRECTION('center_axis',(0.,0.,-1.));
#9659=DIRECTION('ref_axis',(-0.101973453837252,0.994787120298862,0.));
#9660=DIRECTION('',(0.,0.,-1.));
#9661=DIRECTION('center_axis',(0.983254907576843,0.18223552542261,0.));
#9662=DIRECTION('ref_axis',(0.18223552542261,-0.983254907576843,0.));
#9663=DIRECTION('',(-0.18223552542261,0.983254907576843,0.));
#9664=DIRECTION('',(0.18223552542261,-0.983254907576843,0.));
#9665=DIRECTION('',(0.,0.,-1.));
#9666=DIRECTION('center_axis',(0.,0.,-1.));
#9667=DIRECTION('ref_axis',(0.98325490758222,0.182235525393595,0.));
#9668=DIRECTION('center_axis',(0.,0.,1.));
#9669=DIRECTION('ref_axis',(0.98325490758222,0.182235525393595,0.));
#9670=DIRECTION('center_axis',(0.,0.,-1.));
#9671=DIRECTION('ref_axis',(0.98325490758222,0.182235525393595,0.));
#9672=DIRECTION('',(0.,0.,-1.));
#9673=DIRECTION('center_axis',(0.,0.,-1.));
#9674=DIRECTION('ref_axis',(-0.140595801381159,0.990067078855766,0.));
#9675=DIRECTION('center_axis',(0.,0.,1.));
#9676=DIRECTION('ref_axis',(-0.140595801381159,0.990067078855766,0.));
#9677=DIRECTION('center_axis',(0.,0.,-1.));
#9678=DIRECTION('ref_axis',(-0.140595801381159,0.990067078855766,0.));
#9679=DIRECTION('',(0.,0.,-1.));
#9680=DIRECTION('center_axis',(0.,0.,-1.));
#9681=DIRECTION('ref_axis',(-0.600666900725494,0.799499389851443,0.));
#9682=DIRECTION('center_axis',(0.,0.,1.));
#9683=DIRECTION('ref_axis',(-0.600666900725494,0.799499389851443,0.));
#9684=DIRECTION('center_axis',(0.,0.,-1.));
#9685=DIRECTION('ref_axis',(-0.600666900725494,0.799499389851443,0.));
#9686=DIRECTION('center_axis',(-0.983254907576843,0.182235525422609,0.));
#9687=DIRECTION('ref_axis',(0.182235525422609,0.983254907576843,0.));
#9688=DIRECTION('',(-0.182235525422609,-0.983254907576843,0.));
#9689=DIRECTION('',(0.,0.,-1.));
#9690=DIRECTION('',(0.182235525422609,0.983254907576843,0.));
#9691=DIRECTION('',(0.,0.,-1.));
#9692=DIRECTION('center_axis',(0.,0.,-1.));
#9693=DIRECTION('ref_axis',(0.119395967112826,0.992846716788243,0.));
#9694=DIRECTION('center_axis',(0.,0.,1.));
#9695=DIRECTION('ref_axis',(0.119395967112826,0.992846716788243,0.));
#9696=DIRECTION('center_axis',(0.,0.,-1.));
#9697=DIRECTION('ref_axis',(0.119395967112826,0.992846716788243,0.));
#9698=DIRECTION('',(0.,0.,-1.));
#9699=DIRECTION('center_axis',(0.,0.,-1.));
#9700=DIRECTION('ref_axis',(0.101973454435475,0.994787120237539,0.));
#9701=DIRECTION('center_axis',(0.,0.,1.));
#9702=DIRECTION('ref_axis',(0.101973454435475,0.994787120237539,0.));
#9703=DIRECTION('center_axis',(0.,0.,-1.));
#9704=DIRECTION('ref_axis',(0.101973454435475,0.994787120237539,0.));
#9705=DIRECTION('',(0.,0.,-1.));
#9706=DIRECTION('center_axis',(-0.986285601537587,0.165047605858555,0.));
#9707=DIRECTION('ref_axis',(0.165047605858555,0.986285601537587,0.));
#9708=DIRECTION('',(-0.165047605858555,-0.986285601537587,0.));
#9709=DIRECTION('',(0.165047605858555,0.986285601537587,0.));
#9710=DIRECTION('',(0.,0.,-1.));
#9711=DIRECTION('center_axis',(0.,0.,-1.));
#9712=DIRECTION('ref_axis',(-0.986285601519598,0.165047605966053,0.));
#9713=DIRECTION('center_axis',(0.,0.,1.));
#9714=DIRECTION('ref_axis',(-0.986285601519598,0.165047605966053,0.));
#9715=DIRECTION('center_axis',(0.,0.,-1.));
#9716=DIRECTION('ref_axis',(-0.986285601519598,0.165047605966053,0.));
#9717=DIRECTION('',(0.,0.,-1.));
#9718=DIRECTION('center_axis',(0.,0.,-1.));
#9719=DIRECTION('ref_axis',(-0.635350571743859,-0.772223834768619,0.));
#9720=DIRECTION('center_axis',(0.,0.,-1.));
#9721=DIRECTION('ref_axis',(-0.635350571743859,-0.772223834768619,0.));
#9722=DIRECTION('center_axis',(0.,0.,1.));
#9723=DIRECTION('ref_axis',(-0.635350571743859,-0.772223834768619,0.));
#9724=DIRECTION('',(0.,0.,-1.));
#9725=DIRECTION('center_axis',(0.,0.,-1.));
#9726=DIRECTION('ref_axis',(-0.635350571744656,-0.772223834767964,0.));
#9727=DIRECTION('center_axis',(0.,0.,1.));
#9728=DIRECTION('ref_axis',(-0.635350571744656,-0.772223834767964,0.));
#9729=DIRECTION('center_axis',(0.,0.,-1.));
#9730=DIRECTION('ref_axis',(-0.635350571744656,-0.772223834767964,0.));
#9731=DIRECTION('',(0.,0.,-1.));
#9732=DIRECTION('center_axis',(0.814115518357885,-0.580702955708745,0.));
#9733=DIRECTION('ref_axis',(-0.580702955708745,-0.814115518357885,0.));
#9734=DIRECTION('',(0.580702955708745,0.814115518357885,0.));
#9735=DIRECTION('',(-0.580702955708745,-0.814115518357885,0.));
#9736=DIRECTION('',(0.,0.,-1.));
#9737=DIRECTION('center_axis',(0.,0.,-1.));
#9738=DIRECTION('ref_axis',(0.814115518384001,-0.580702955672131,0.));
#9739=DIRECTION('center_axis',(0.,0.,1.));
#9740=DIRECTION('ref_axis',(0.814115518384001,-0.580702955672131,0.));
#9741=DIRECTION('center_axis',(0.,0.,-1.));
#9742=DIRECTION('ref_axis',(0.814115518384001,-0.580702955672131,0.));
#9743=DIRECTION('',(0.,0.,-1.));
#9744=DIRECTION('center_axis',(0.,0.,-1.));
#9745=DIRECTION('ref_axis',(0.631314597891029,0.775526839309697,0.));
#9746=DIRECTION('center_axis',(0.,0.,1.));
#9747=DIRECTION('ref_axis',(0.631314597891029,0.775526839309697,0.));
#9748=DIRECTION('center_axis',(0.,0.,-1.));
#9749=DIRECTION('ref_axis',(0.631314597891029,0.775526839309697,0.));
#9750=DIRECTION('',(0.,0.,-1.));
#9751=DIRECTION('center_axis',(0.824126188581958,-0.566406236983117,0.));
#9752=DIRECTION('ref_axis',(-0.566406236983117,-0.824126188581958,0.));
#9753=DIRECTION('',(0.566406236983117,0.824126188581958,0.));
#9754=DIRECTION('',(-0.566406236983117,-0.824126188581958,0.));
#9755=DIRECTION('',(0.,0.,-1.));
#9756=DIRECTION('center_axis',(0.,0.,-1.));
#9757=DIRECTION('ref_axis',(0.824126188565244,-0.566406237007436,0.));
#9758=DIRECTION('center_axis',(0.,0.,1.));
#9759=DIRECTION('ref_axis',(0.824126188565244,-0.566406237007436,0.));
#9760=DIRECTION('center_axis',(0.,0.,-1.));
#9761=DIRECTION('ref_axis',(0.824126188565244,-0.566406237007436,0.));
#9762=DIRECTION('',(0.,0.,-1.));
#9763=DIRECTION('center_axis',(0.,0.,-1.));
#9764=DIRECTION('ref_axis',(0.600666900725494,0.799499389851443,0.));
#9765=DIRECTION('center_axis',(0.,0.,1.));
#9766=DIRECTION('ref_axis',(0.600666900725494,0.799499389851443,0.));
#9767=DIRECTION('center_axis',(0.,0.,-1.));
#9768=DIRECTION('ref_axis',(0.600666900725494,0.799499389851443,0.));
#9769=DIRECTION('',(0.,0.,-1.));
#9770=DIRECTION('center_axis',(0.,0.,-1.));
#9771=DIRECTION('ref_axis',(0.140595801381158,0.990067078855766,0.));
#9772=DIRECTION('center_axis',(0.,0.,1.));
#9773=DIRECTION('ref_axis',(0.140595801381158,0.990067078855766,0.));
#9774=DIRECTION('center_axis',(0.,0.,-1.));
#9775=DIRECTION('ref_axis',(0.140595801381158,0.990067078855766,0.));
#9776=DIRECTION('center_axis',(0.,0.,-1.));
#9777=DIRECTION('ref_axis',(1.,0.,0.));
#9778=DIRECTION('center_axis',(0.,0.,-1.));
#9779=DIRECTION('ref_axis',(1.,0.,0.));
#9780=DIRECTION('',(0.,0.,-1.));
#9781=DIRECTION('center_axis',(0.,0.,-1.));
#9782=DIRECTION('ref_axis',(1.,0.,0.));
#9783=DIRECTION('center_axis',(0.,0.,1.));
#9784=DIRECTION('ref_axis',(1.,0.,0.));
#9785=DIRECTION('center_axis',(0.,0.,-1.));
#9786=DIRECTION('ref_axis',(1.,0.,0.));
#9787=DIRECTION('center_axis',(0.,0.,-1.));
#9788=DIRECTION('ref_axis',(1.,0.,0.));
#9789=DIRECTION('',(0.,0.,-1.));
#9790=DIRECTION('center_axis',(0.,0.,-1.));
#9791=DIRECTION('ref_axis',(1.,0.,0.));
#9792=DIRECTION('center_axis',(0.,0.,1.));
#9793=DIRECTION('ref_axis',(1.,0.,0.));
#9794=DIRECTION('center_axis',(0.,0.,-1.));
#9795=DIRECTION('ref_axis',(1.,0.,0.));
#9796=DIRECTION('center_axis',(0.,0.,-1.));
#9797=DIRECTION('ref_axis',(1.,0.,0.));
#9798=DIRECTION('',(0.,0.,-1.));
#9799=DIRECTION('center_axis',(0.,0.,-1.));
#9800=DIRECTION('ref_axis',(1.,0.,0.));
#9801=DIRECTION('center_axis',(0.,0.,1.));
#9802=DIRECTION('ref_axis',(1.,0.,0.));
#9803=DIRECTION('center_axis',(0.,0.,-1.));
#9804=DIRECTION('ref_axis',(1.,0.,0.));
#9805=DIRECTION('center_axis',(0.,0.,-1.));
#9806=DIRECTION('ref_axis',(1.,0.,0.));
#9807=DIRECTION('',(0.,0.,-1.));
#9808=DIRECTION('center_axis',(0.,0.,-1.));
#9809=DIRECTION('ref_axis',(1.,0.,0.));
#9810=DIRECTION('center_axis',(0.,0.,1.));
#9811=DIRECTION('ref_axis',(1.,0.,0.));
#9812=DIRECTION('center_axis',(0.,0.,-1.));
#9813=DIRECTION('ref_axis',(1.,0.,0.));
#9814=DIRECTION('center_axis',(0.,0.,-1.));
#9815=DIRECTION('ref_axis',(1.,0.,0.));
#9816=DIRECTION('',(0.,0.,-1.));
#9817=DIRECTION('center_axis',(0.,0.,-1.));
#9818=DIRECTION('ref_axis',(1.,0.,0.));
#9819=DIRECTION('center_axis',(0.,0.,1.));
#9820=DIRECTION('ref_axis',(1.,0.,0.));
#9821=DIRECTION('center_axis',(0.,0.,-1.));
#9822=DIRECTION('ref_axis',(1.,0.,0.));
#9823=DIRECTION('center_axis',(0.,0.,-1.));
#9824=DIRECTION('ref_axis',(1.,0.,0.));
#9825=DIRECTION('',(0.,0.,-1.));
#9826=DIRECTION('center_axis',(0.,0.,-1.));
#9827=DIRECTION('ref_axis',(1.,0.,0.));
#9828=DIRECTION('center_axis',(0.,0.,1.));
#9829=DIRECTION('ref_axis',(1.,0.,0.));
#9830=DIRECTION('center_axis',(0.,0.,-1.));
#9831=DIRECTION('ref_axis',(1.,0.,0.));
#9832=DIRECTION('center_axis',(0.,0.,-1.));
#9833=DIRECTION('ref_axis',(1.,0.,0.));
#9834=DIRECTION('',(0.,0.,-1.));
#9835=DIRECTION('center_axis',(0.,0.,-1.));
#9836=DIRECTION('ref_axis',(1.,0.,0.));
#9837=DIRECTION('center_axis',(0.,0.,1.));
#9838=DIRECTION('ref_axis',(1.,0.,0.));
#9839=DIRECTION('center_axis',(0.,0.,-1.));
#9840=DIRECTION('ref_axis',(1.,0.,0.));
#9841=DIRECTION('center_axis',(0.,0.,-1.));
#9842=DIRECTION('ref_axis',(1.,0.,0.));
#9843=DIRECTION('',(0.,0.,-1.));
#9844=DIRECTION('center_axis',(0.,0.,-1.));
#9845=DIRECTION('ref_axis',(1.,0.,0.));
#9846=DIRECTION('center_axis',(0.,0.,1.));
#9847=DIRECTION('ref_axis',(1.,0.,0.));
#9848=DIRECTION('center_axis',(0.,0.,-1.));
#9849=DIRECTION('ref_axis',(1.,0.,0.));
#9850=DIRECTION('center_axis',(0.,0.,-1.));
#9851=DIRECTION('ref_axis',(1.,0.,0.));
#9852=DIRECTION('',(0.,0.,-1.));
#9853=DIRECTION('center_axis',(0.,0.,-1.));
#9854=DIRECTION('ref_axis',(1.,0.,0.));
#9855=DIRECTION('center_axis',(0.,0.,1.));
#9856=DIRECTION('ref_axis',(1.,0.,0.));
#9857=DIRECTION('center_axis',(0.,0.,-1.));
#9858=DIRECTION('ref_axis',(1.,0.,0.));
#9859=DIRECTION('center_axis',(0.,0.,-1.));
#9860=DIRECTION('ref_axis',(1.,0.,0.));
#9861=DIRECTION('',(0.,0.,-1.));
#9862=DIRECTION('center_axis',(0.,0.,-1.));
#9863=DIRECTION('ref_axis',(1.,0.,0.));
#9864=DIRECTION('center_axis',(0.,0.,1.));
#9865=DIRECTION('ref_axis',(1.,0.,0.));
#9866=DIRECTION('center_axis',(0.,0.,-1.));
#9867=DIRECTION('ref_axis',(1.,0.,0.));
#9868=DIRECTION('center_axis',(0.,0.,-1.));
#9869=DIRECTION('ref_axis',(1.,0.,0.));
#9870=DIRECTION('',(0.,0.,-1.));
#9871=DIRECTION('center_axis',(0.,0.,-1.));
#9872=DIRECTION('ref_axis',(1.,0.,0.));
#9873=DIRECTION('center_axis',(0.,0.,1.));
#9874=DIRECTION('ref_axis',(1.,0.,0.));
#9875=DIRECTION('center_axis',(0.,0.,-1.));
#9876=DIRECTION('ref_axis',(1.,0.,0.));
#9877=DIRECTION('center_axis',(0.,0.,-1.));
#9878=DIRECTION('ref_axis',(1.,0.,0.));
#9879=DIRECTION('',(0.,0.,-1.));
#9880=DIRECTION('center_axis',(0.,0.,-1.));
#9881=DIRECTION('ref_axis',(1.,0.,0.));
#9882=DIRECTION('center_axis',(0.,0.,1.));
#9883=DIRECTION('ref_axis',(1.,0.,0.));
#9884=DIRECTION('center_axis',(0.,0.,-1.));
#9885=DIRECTION('ref_axis',(1.,0.,0.));
#9886=DIRECTION('center_axis',(0.,0.,-1.));
#9887=DIRECTION('ref_axis',(1.,0.,0.));
#9888=DIRECTION('',(0.,0.,-1.));
#9889=DIRECTION('center_axis',(0.,0.,-1.));
#9890=DIRECTION('ref_axis',(1.,0.,0.));
#9891=DIRECTION('center_axis',(0.,0.,1.));
#9892=DIRECTION('ref_axis',(1.,0.,0.));
#9893=DIRECTION('center_axis',(0.,0.,-1.));
#9894=DIRECTION('ref_axis',(1.,0.,0.));
#9895=DIRECTION('center_axis',(0.,0.,-1.));
#9896=DIRECTION('ref_axis',(1.,0.,0.));
#9897=DIRECTION('',(0.,0.,-1.));
#9898=DIRECTION('center_axis',(0.,0.,-1.));
#9899=DIRECTION('ref_axis',(1.,0.,0.));
#9900=DIRECTION('center_axis',(0.,0.,1.));
#9901=DIRECTION('ref_axis',(1.,0.,0.));
#9902=DIRECTION('center_axis',(0.,0.,-1.));
#9903=DIRECTION('ref_axis',(1.,0.,0.));
#9904=DIRECTION('center_axis',(0.,0.,-1.));
#9905=DIRECTION('ref_axis',(1.,0.,0.));
#9906=DIRECTION('',(0.,0.,-1.));
#9907=DIRECTION('center_axis',(0.,0.,1.));
#9908=DIRECTION('ref_axis',(1.,0.,0.));
#9909=DIRECTION('center_axis',(0.,0.,-1.));
#9910=DIRECTION('ref_axis',(1.,0.,0.));
#9911=DIRECTION('center_axis',(0.,0.,-1.));
#9912=DIRECTION('ref_axis',(1.,0.,0.));
#9913=DIRECTION('',(0.,0.,-1.));
#9914=DIRECTION('center_axis',(0.,0.,1.));
#9915=DIRECTION('ref_axis',(1.,0.,0.));
#9916=DIRECTION('center_axis',(0.,0.,-1.));
#9917=DIRECTION('ref_axis',(1.,0.,0.));
#9918=DIRECTION('center_axis',(0.,0.,-1.));
#9919=DIRECTION('ref_axis',(1.,0.,0.));
#9920=DIRECTION('',(0.,0.,-1.));
#9921=DIRECTION('center_axis',(0.,0.,1.));
#9922=DIRECTION('ref_axis',(1.,0.,0.));
#9923=DIRECTION('center_axis',(0.,0.,-1.));
#9924=DIRECTION('ref_axis',(1.,0.,0.));
#9925=DIRECTION('center_axis',(0.,0.,-1.));
#9926=DIRECTION('ref_axis',(1.,0.,0.));
#9927=DIRECTION('',(0.,0.,-1.));
#9928=DIRECTION('center_axis',(0.,0.,1.));
#9929=DIRECTION('ref_axis',(1.,0.,0.));
#9930=DIRECTION('center_axis',(0.,0.,-1.));
#9931=DIRECTION('ref_axis',(1.,0.,0.));
#9932=DIRECTION('center_axis',(0.,0.,-1.));
#9933=DIRECTION('ref_axis',(1.,0.,0.));
#9934=DIRECTION('',(0.,0.,-1.));
#9935=DIRECTION('center_axis',(0.,0.,1.));
#9936=DIRECTION('ref_axis',(1.,0.,0.));
#9937=DIRECTION('center_axis',(0.,0.,-1.));
#9938=DIRECTION('ref_axis',(1.,0.,0.));
#9939=DIRECTION('center_axis',(0.,0.,-1.));
#9940=DIRECTION('ref_axis',(1.,0.,0.));
#9941=DIRECTION('',(0.,0.,-1.));
#9942=DIRECTION('center_axis',(0.,0.,1.));
#9943=DIRECTION('ref_axis',(1.,0.,0.));
#9944=DIRECTION('center_axis',(0.,0.,-1.));
#9945=DIRECTION('ref_axis',(1.,0.,0.));
#9946=DIRECTION('center_axis',(0.,0.,-1.));
#9947=DIRECTION('ref_axis',(1.,0.,0.));
#9948=DIRECTION('',(0.,0.,-1.));
#9949=DIRECTION('center_axis',(0.,0.,1.));
#9950=DIRECTION('ref_axis',(1.,0.,0.));
#9951=DIRECTION('center_axis',(0.,0.,-1.));
#9952=DIRECTION('ref_axis',(1.,0.,0.));
#9953=DIRECTION('center_axis',(0.,0.,-1.));
#9954=DIRECTION('ref_axis',(1.,0.,0.));
#9955=DIRECTION('',(0.,0.,-1.));
#9956=DIRECTION('center_axis',(0.,0.,1.));
#9957=DIRECTION('ref_axis',(1.,0.,0.));
#9958=DIRECTION('center_axis',(0.,0.,-1.));
#9959=DIRECTION('ref_axis',(0.203456012970907,0.979084087699306,0.));
#9960=DIRECTION('center_axis',(0.,0.,-1.));
#9961=DIRECTION('ref_axis',(0.203456012970907,0.979084087699306,0.));
#9962=DIRECTION('',(0.,0.,-1.));
#9963=DIRECTION('center_axis',(0.,0.,1.));
#9964=DIRECTION('ref_axis',(0.203456012970907,0.979084087699306,0.));
#9965=DIRECTION('center_axis',(0.,0.,-1.));
#9966=DIRECTION('ref_axis',(-0.917211301293827,-0.398401090333452,0.));
#9967=DIRECTION('center_axis',(0.,0.,-1.));
#9968=DIRECTION('ref_axis',(-0.917211301293827,-0.398401090333452,0.));
#9969=DIRECTION('',(0.,0.,-1.));
#9970=DIRECTION('center_axis',(0.,0.,1.));
#9971=DIRECTION('ref_axis',(-0.917211301293827,-0.398401090333452,0.));
#9972=DIRECTION('center_axis',(0.,0.,-1.));
#9973=DIRECTION('ref_axis',(-0.33487961231399,-0.942260922067997,0.));
#9974=DIRECTION('center_axis',(0.,0.,-1.));
#9975=DIRECTION('ref_axis',(-0.33487961231399,-0.942260922067997,0.));
#9976=DIRECTION('',(0.,0.,-1.));
#9977=DIRECTION('center_axis',(0.,0.,1.));
#9978=DIRECTION('ref_axis',(-0.33487961231399,-0.942260922067997,0.));
#9979=DIRECTION('center_axis',(0.,0.,-1.));
#9980=DIRECTION('ref_axis',(-0.576680322052873,0.816969893054202,0.));
#9981=DIRECTION('center_axis',(0.,0.,-1.));
#9982=DIRECTION('ref_axis',(-0.576680322052873,0.816969893054202,0.));
#9983=DIRECTION('',(0.,0.,-1.));
#9984=DIRECTION('center_axis',(0.,0.,1.));
#9985=DIRECTION('ref_axis',(-0.576680322052873,0.816969893054202,0.));
#9986=DIRECTION('center_axis',(0.,0.,-1.));
#9987=DIRECTION('ref_axis',(1.,2.22044604925029E-16,0.));
#9988=DIRECTION('center_axis',(0.,0.,-1.));
#9989=DIRECTION('ref_axis',(1.,2.22044604925029E-16,0.));
#9990=DIRECTION('',(0.,0.,-1.));
#9991=DIRECTION('center_axis',(0.,0.,1.));
#9992=DIRECTION('ref_axis',(1.,2.22044604925029E-16,0.));
#9993=DIRECTION('center_axis',(0.,0.,-1.));
#9994=DIRECTION('ref_axis',(-0.576680322052873,-0.816969893054202,0.));
#9995=DIRECTION('center_axis',(0.,0.,-1.));
#9996=DIRECTION('ref_axis',(-0.576680322052873,-0.816969893054202,0.));
#9997=DIRECTION('',(0.,0.,-1.));
#9998=DIRECTION('center_axis',(0.,0.,1.));
#9999=DIRECTION('ref_axis',(-0.576680322052873,-0.816969893054202,0.));
#10000=DIRECTION('center_axis',(0.,0.,-1.));
#10001=DIRECTION('ref_axis',(0.854419404783057,-0.519583949646413,0.));
#10002=DIRECTION('center_axis',(0.,0.,-1.));
#10003=DIRECTION('ref_axis',(0.854419404783057,-0.519583949646413,0.));
#10004=DIRECTION('',(0.,0.,-1.));
#10005=DIRECTION('center_axis',(0.,0.,1.));
#10006=DIRECTION('ref_axis',(0.854419404783057,-0.519583949646413,0.));
#10007=DIRECTION('center_axis',(0.,0.,-1.));
#10008=DIRECTION('ref_axis',(-0.0682424133949541,0.997668769188468,0.));
#10009=DIRECTION('center_axis',(0.,0.,-1.));
#10010=DIRECTION('ref_axis',(-0.0682424133949541,0.997668769188468,0.));
#10011=DIRECTION('',(0.,0.,-1.));
#10012=DIRECTION('center_axis',(0.,0.,1.));
#10013=DIRECTION('ref_axis',(-0.0682424133949541,0.997668769188468,0.));
#10014=DIRECTION('center_axis',(0.,0.,-1.));
#10015=DIRECTION('ref_axis',(-0.775711290512862,-0.631087944561509,0.));
#10016=DIRECTION('center_axis',(0.,0.,-1.));
#10017=DIRECTION('ref_axis',(-0.775711290512862,-0.631087944561509,0.));
#10018=DIRECTION('',(0.,0.,-1.));
#10019=DIRECTION('center_axis',(0.,0.,1.));
#10020=DIRECTION('ref_axis',(-0.775711290512862,-0.631087944561509,0.));
#10021=DIRECTION('center_axis',(0.,0.,-1.));
#10022=DIRECTION('ref_axis',(0.962917287409219,-0.269796770937815,0.));
#10023=DIRECTION('center_axis',(0.,0.,-1.));
#10024=DIRECTION('ref_axis',(0.962917287409219,-0.269796770937815,0.));
#10025=DIRECTION('',(0.,0.,-1.));
#10026=DIRECTION('center_axis',(0.,0.,1.));
#10027=DIRECTION('ref_axis',(0.962917287409219,-0.269796770937815,0.));
#10028=DIRECTION('center_axis',(0.,0.,-1.));
#10029=DIRECTION('ref_axis',(-0.334879612313992,0.942260922067996,0.));
#10030=DIRECTION('center_axis',(0.,0.,-1.));
#10031=DIRECTION('ref_axis',(-0.334879612313992,0.942260922067996,0.));
#10032=DIRECTION('',(0.,0.,-1.));
#10033=DIRECTION('center_axis',(0.,0.,1.));
#10034=DIRECTION('ref_axis',(-0.334879612313992,0.942260922067996,0.));
#10035=DIRECTION('center_axis',(0.,0.,-1.));
#10036=DIRECTION('ref_axis',(0.682551479455706,0.730837518120701,0.));
#10037=DIRECTION('center_axis',(0.,0.,-1.));
#10038=DIRECTION('ref_axis',(0.682551479455706,0.730837518120701,0.));
#10039=DIRECTION('',(0.,0.,-1.));
#10040=DIRECTION('center_axis',(0.,0.,1.));
#10041=DIRECTION('ref_axis',(0.682551479455706,0.730837518120701,0.));
#10042=DIRECTION('center_axis',(0.,0.,-1.));
#10043=DIRECTION('ref_axis',(-0.990685945933002,0.136166649848017,0.));
#10044=DIRECTION('center_axis',(0.,0.,-1.));
#10045=DIRECTION('ref_axis',(-0.990685945933002,0.136166649848017,0.));
#10046=DIRECTION('',(0.,0.,-1.));
#10047=DIRECTION('center_axis',(0.,0.,1.));
#10048=DIRECTION('ref_axis',(-0.990685945933002,0.136166649848017,0.));
#10049=DIRECTION('center_axis',(0.,0.,-1.));
#10050=DIRECTION('ref_axis',(0.203456012458261,-0.979084087805835,0.));
#10051=DIRECTION('center_axis',(0.,0.,-1.));
#10052=DIRECTION('ref_axis',(0.203456012458261,-0.979084087805835,0.));
#10053=DIRECTION('',(0.,0.,-1.));
#10054=DIRECTION('center_axis',(0.,0.,1.));
#10055=DIRECTION('ref_axis',(0.203456012458261,-0.979084087805835,0.));
#10056=DIRECTION('center_axis',(0.,0.,-1.));
#10057=DIRECTION('ref_axis',(-0.917211301293828,0.398401090333452,0.));
#10058=DIRECTION('center_axis',(0.,0.,-1.));
#10059=DIRECTION('ref_axis',(-0.917211301293828,0.398401090333452,0.));
#10060=DIRECTION('',(0.,0.,-1.));
#10061=DIRECTION('center_axis',(0.,0.,1.));
#10062=DIRECTION('ref_axis',(-0.917211301293828,0.398401090333452,0.));
#10063=DIRECTION('center_axis',(0.,0.,-1.));
#10064=DIRECTION('ref_axis',(0.854419404511003,0.519583950093787,0.));
#10065=DIRECTION('center_axis',(0.,0.,-1.));
#10066=DIRECTION('ref_axis',(0.854419404511003,0.519583950093787,0.));
#10067=DIRECTION('',(0.,0.,-1.));
#10068=DIRECTION('center_axis',(0.,0.,1.));
#10069=DIRECTION('ref_axis',(0.854419404511003,0.519583950093787,0.));
#10070=DIRECTION('center_axis',(0.,0.,-1.));
#10071=DIRECTION('ref_axis',(-0.0682424137432066,-0.997668769164647,0.));
#10072=DIRECTION('center_axis',(0.,0.,-1.));
#10073=DIRECTION('ref_axis',(-0.0682424137432066,-0.997668769164647,0.));
#10074=DIRECTION('',(0.,0.,-1.));
#10075=DIRECTION('center_axis',(0.,0.,1.));
#10076=DIRECTION('ref_axis',(-0.0682424137432066,-0.997668769164647,0.));
#10077=DIRECTION('center_axis',(0.,0.,-1.));
#10078=DIRECTION('ref_axis',(0.460065036990013,-0.887885218786402,0.));
#10079=DIRECTION('center_axis',(0.,0.,-1.));
#10080=DIRECTION('ref_axis',(0.460065036990013,-0.887885218786402,0.));
#10081=DIRECTION('',(0.,0.,-1.));
#10082=DIRECTION('center_axis',(0.,0.,1.));
#10083=DIRECTION('ref_axis',(0.460065036990013,-0.887885218786402,0.));
#10084=DIRECTION('center_axis',(0.,0.,-1.));
#10085=DIRECTION('ref_axis',(0.46006503776484,0.88788521838492,0.));
#10086=DIRECTION('center_axis',(0.,0.,-1.));
#10087=DIRECTION('ref_axis',(0.46006503776484,0.88788521838492,0.));
#10088=DIRECTION('',(0.,0.,-1.));
#10089=DIRECTION('center_axis',(0.,0.,1.));
#10090=DIRECTION('ref_axis',(0.46006503776484,0.88788521838492,0.));
#10091=DIRECTION('center_axis',(0.,0.,-1.));
#10092=DIRECTION('ref_axis',(-0.990685945933002,-0.136166649848018,0.));
#10093=DIRECTION('center_axis',(0.,0.,-1.));
#10094=DIRECTION('ref_axis',(-0.990685945933002,-0.136166649848018,0.));
#10095=DIRECTION('',(0.,0.,-1.));
#10096=DIRECTION('center_axis',(0.,0.,1.));
#10097=DIRECTION('ref_axis',(-0.990685945933002,-0.136166649848018,0.));
#10098=DIRECTION('center_axis',(0.,0.,-1.));
#10099=DIRECTION('ref_axis',(0.682553143717783,-0.730835963811971,0.));
#10100=DIRECTION('center_axis',(0.,0.,-1.));
#10101=DIRECTION('ref_axis',(0.682553143717783,-0.730835963811971,0.));
#10102=DIRECTION('',(0.,0.,-1.));
#10103=DIRECTION('center_axis',(0.,0.,1.));
#10104=DIRECTION('ref_axis',(0.682553143717783,-0.730835963811971,0.));
#10105=DIRECTION('center_axis',(0.,0.,-1.));
#10106=DIRECTION('ref_axis',(-0.775711290512863,0.631087944561508,0.));
#10107=DIRECTION('center_axis',(0.,0.,-1.));
#10108=DIRECTION('ref_axis',(-0.775711290512863,0.631087944561508,0.));
#10109=DIRECTION('',(0.,0.,-1.));
#10110=DIRECTION('center_axis',(0.,0.,1.));
#10111=DIRECTION('ref_axis',(-0.775711290512863,0.631087944561508,0.));
#10112=DIRECTION('center_axis',(0.,0.,-1.));
#10113=DIRECTION('ref_axis',(0.962917287362131,0.269796771105876,0.));
#10114=DIRECTION('center_axis',(0.,0.,-1.));
#10115=DIRECTION('ref_axis',(0.962917287362131,0.269796771105876,0.));
#10116=DIRECTION('',(0.,0.,-1.));
#10117=DIRECTION('center_axis',(0.,0.,1.));
#10118=DIRECTION('ref_axis',(0.962917287362131,0.269796771105876,0.));
#10119=DIRECTION('center_axis',(0.,0.,-1.));
#10120=DIRECTION('ref_axis',(-0.460065037764839,-0.88788521838492,0.));
#10121=DIRECTION('',(0.,0.,1.));
#10122=DIRECTION('center_axis',(0.,0.,-1.));
#10123=DIRECTION('ref_axis',(0.46006503776484,0.88788521838492,0.));
#10124=DIRECTION('',(0.,0.,-1.));
#10125=DIRECTION('center_axis',(0.,0.,-1.));
#10126=DIRECTION('ref_axis',(0.46006503776484,0.88788521838492,0.));
#10127=DIRECTION('center_axis',(0.,0.,1.));
#10128=DIRECTION('ref_axis',(1.,0.,0.));
#10129=DIRECTION('',(0.88788521838492,-0.46006503776484,0.));
#10130=DIRECTION('center_axis',(0.,0.,-1.));
#10131=DIRECTION('ref_axis',(0.990685945933002,0.136166649848019,0.));
#10132=DIRECTION('',(0.,0.,1.));
#10133=DIRECTION('center_axis',(0.,0.,-1.));
#10134=DIRECTION('ref_axis',(-0.990685945933002,-0.136166649848018,0.));
#10135=DIRECTION('',(0.,0.,-1.));
#10136=DIRECTION('center_axis',(0.,0.,-1.));
#10137=DIRECTION('ref_axis',(-0.990685945933002,-0.136166649848018,0.));
#10138=DIRECTION('center_axis',(0.,0.,1.));
#10139=DIRECTION('ref_axis',(1.,0.,0.));
#10140=DIRECTION('',(-0.136166649848018,0.990685945933002,0.));
#10141=DIRECTION('center_axis',(0.,0.,-1.));
#10142=DIRECTION('ref_axis',(-0.682553143717786,0.730835963811967,0.));
#10143=DIRECTION('',(0.,0.,1.));
#10144=DIRECTION('center_axis',(0.,0.,-1.));
#10145=DIRECTION('ref_axis',(0.682553143717783,-0.730835963811971,0.));
#10146=DIRECTION('',(0.,0.,-1.));
#10147=DIRECTION('center_axis',(0.,0.,-1.));
#10148=DIRECTION('ref_axis',(0.682553143717783,-0.730835963811971,0.));
#10149=DIRECTION('center_axis',(0.,0.,1.));
#10150=DIRECTION('ref_axis',(1.,0.,0.));
#10151=DIRECTION('',(-0.730835963811971,-0.682553143717783,0.));
#10152=DIRECTION('center_axis',(0.,0.,-1.));
#10153=DIRECTION('ref_axis',(-0.203456012970904,-0.979084087699306,0.));
#10154=DIRECTION('',(0.,0.,1.));
#10155=DIRECTION('center_axis',(0.,0.,-1.));
#10156=DIRECTION('ref_axis',(0.203456012970907,0.979084087699306,0.));
#10157=DIRECTION('',(0.,0.,-1.));
#10158=DIRECTION('center_axis',(0.,0.,-1.));
#10159=DIRECTION('ref_axis',(0.203456012970907,0.979084087699306,0.));
#10160=DIRECTION('center_axis',(0.,0.,1.));
#10161=DIRECTION('ref_axis',(1.,0.,0.));
#10162=DIRECTION('',(0.979084087699306,-0.203456012970907,0.));
#10163=DIRECTION('center_axis',(0.,0.,-1.));
#10164=DIRECTION('ref_axis',(0.917211301293825,0.398401090333459,0.));
#10165=DIRECTION('',(0.,0.,1.));
#10166=DIRECTION('center_axis',(0.,0.,-1.));
#10167=DIRECTION('ref_axis',(-0.917211301293828,-0.398401090333452,0.));
#10168=DIRECTION('',(0.,0.,-1.));
#10169=DIRECTION('center_axis',(0.,0.,-1.));
#10170=DIRECTION('ref_axis',(-0.917211301293828,-0.398401090333452,0.));
#10171=DIRECTION('center_axis',(0.,0.,1.));
#10172=DIRECTION('ref_axis',(1.,0.,0.));
#10173=DIRECTION('',(-0.398401090333452,0.917211301293827,0.));
#10174=DIRECTION('center_axis',(0.,0.,-1.));
#10175=DIRECTION('ref_axis',(-0.854419404783058,0.519583949646413,0.));
#10176=DIRECTION('',(0.,0.,1.));
#10177=DIRECTION('center_axis',(0.,0.,-1.));
#10178=DIRECTION('ref_axis',(0.854419404783057,-0.519583949646413,0.));
#10179=DIRECTION('',(0.,0.,-1.));
#10180=DIRECTION('center_axis',(0.,0.,-1.));
#10181=DIRECTION('ref_axis',(0.854419404783057,-0.519583949646413,0.));
#10182=DIRECTION('center_axis',(0.,0.,1.));
#10183=DIRECTION('ref_axis',(1.,0.,0.));
#10184=DIRECTION('',(-0.519583949646413,-0.854419404783057,0.));
#10185=DIRECTION('center_axis',(0.,0.,-1.));
#10186=DIRECTION('ref_axis',(0.576680322052869,0.816969893054205,0.));
#10187=DIRECTION('',(0.,0.,1.));
#10188=DIRECTION('center_axis',(0.,0.,-1.));
#10189=DIRECTION('ref_axis',(-0.576680322052873,-0.816969893054202,0.));
#10190=DIRECTION('',(0.,0.,-1.));
#10191=DIRECTION('center_axis',(0.,0.,-1.));
#10192=DIRECTION('ref_axis',(-0.576680322052873,-0.816969893054202,0.));
#10193=DIRECTION('center_axis',(0.,0.,1.));
#10194=DIRECTION('ref_axis',(1.,0.,0.));
#10195=DIRECTION('',(-0.816969893054202,0.576680322052873,0.));
#10196=DIRECTION('center_axis',(0.,0.,-1.));
#10197=DIRECTION('ref_axis',(0.334879612313991,-0.942260922067997,0.));
#10198=DIRECTION('',(0.,0.,1.));
#10199=DIRECTION('center_axis',(0.,0.,-1.));
#10200=DIRECTION('ref_axis',(-0.334879612313992,0.942260922067996,0.));
#10201=DIRECTION('',(0.,0.,-1.));
#10202=DIRECTION('center_axis',(0.,0.,-1.));
#10203=DIRECTION('ref_axis',(-0.334879612313992,0.942260922067996,0.));
#10204=DIRECTION('center_axis',(0.,0.,1.));
#10205=DIRECTION('ref_axis',(1.,0.,0.));
#10206=DIRECTION('',(0.942260922067996,0.334879612313992,0.));
#10207=DIRECTION('center_axis',(0.,0.,-1.));
#10208=DIRECTION('ref_axis',(-0.962917287409217,0.269796770937821,0.));
#10209=DIRECTION('',(0.,0.,1.));
#10210=DIRECTION('center_axis',(0.,0.,-1.));
#10211=DIRECTION('ref_axis',(0.962917287409219,-0.269796770937815,0.));
#10212=DIRECTION('',(0.,0.,-1.));
#10213=DIRECTION('center_axis',(0.,0.,-1.));
#10214=DIRECTION('ref_axis',(0.962917287409219,-0.269796770937815,0.));
#10215=DIRECTION('center_axis',(0.,0.,1.));
#10216=DIRECTION('ref_axis',(1.,0.,0.));
#10217=DIRECTION('',(-0.269796770937815,-0.962917287409219,0.));
#10218=DIRECTION('center_axis',(0.,0.,-1.));
#10219=DIRECTION('ref_axis',(0.775711290512865,0.631087944561505,0.));
#10220=DIRECTION('',(0.,0.,1.));
#10221=DIRECTION('center_axis',(0.,0.,-1.));
#10222=DIRECTION('ref_axis',(-0.775711290512862,-0.631087944561508,0.));
#10223=DIRECTION('',(0.,0.,-1.));
#10224=DIRECTION('center_axis',(0.,0.,-1.));
#10225=DIRECTION('ref_axis',(-0.775711290512862,-0.631087944561508,0.));
#10226=DIRECTION('center_axis',(0.,0.,1.));
#10227=DIRECTION('ref_axis',(1.,0.,0.));
#10228=DIRECTION('',(-0.631087944561508,0.775711290512862,0.));
#10229=DIRECTION('center_axis',(0.,0.,-1.));
#10230=DIRECTION('ref_axis',(0.0682424133949587,-0.997668769188467,0.));
#10231=DIRECTION('',(0.,0.,1.));
#10232=DIRECTION('center_axis',(0.,0.,-1.));
#10233=DIRECTION('ref_axis',(-0.0682424133949541,0.997668769188468,0.));
#10234=DIRECTION('',(0.,0.,-1.));
#10235=DIRECTION('center_axis',(0.,0.,-1.));
#10236=DIRECTION('ref_axis',(-0.0682424133949541,0.997668769188468,0.));
#10237=DIRECTION('center_axis',(0.,0.,1.));
#10238=DIRECTION('ref_axis',(1.,0.,0.));
#10239=DIRECTION('',(0.997668769188468,0.0682424133949541,0.));
#10240=DIRECTION('center_axis',(0.,0.,-1.));
#10241=DIRECTION('ref_axis',(-0.854419404511002,-0.519583950093788,0.));
#10242=DIRECTION('',(0.,0.,1.));
#10243=DIRECTION('center_axis',(0.,0.,-1.));
#10244=DIRECTION('ref_axis',(0.854419404511003,0.519583950093787,0.));
#10245=DIRECTION('',(0.,0.,-1.));
#10246=DIRECTION('center_axis',(0.,0.,-1.));
#10247=DIRECTION('ref_axis',(0.854419404511003,0.519583950093787,0.));
#10248=DIRECTION('center_axis',(0.,0.,1.));
#10249=DIRECTION('ref_axis',(1.,0.,0.));
#10250=DIRECTION('',(0.519583950093787,-0.854419404511003,0.));
#10251=DIRECTION('center_axis',(0.,0.,-1.));
#10252=DIRECTION('ref_axis',(0.917211301293827,-0.398401090333453,0.));
#10253=DIRECTION('',(0.,0.,1.));
#10254=DIRECTION('center_axis',(0.,0.,-1.));
#10255=DIRECTION('ref_axis',(-0.917211301293828,0.398401090333452,0.));
#10256=DIRECTION('',(0.,0.,-1.));
#10257=DIRECTION('center_axis',(0.,0.,-1.));
#10258=DIRECTION('ref_axis',(-0.917211301293828,0.398401090333452,0.));
#10259=DIRECTION('center_axis',(0.,0.,1.));
#10260=DIRECTION('ref_axis',(1.,0.,0.));
#10261=DIRECTION('',(0.398401090333452,0.917211301293828,0.));
#10262=DIRECTION('center_axis',(0.,0.,-1.));
#10263=DIRECTION('ref_axis',(-0.203456012458255,0.979084087805836,0.));
#10264=DIRECTION('',(0.,0.,1.));
#10265=DIRECTION('center_axis',(0.,0.,-1.));
#10266=DIRECTION('ref_axis',(0.203456012458261,-0.979084087805835,0.));
#10267=DIRECTION('',(0.,0.,-1.));
#10268=DIRECTION('center_axis',(0.,0.,-1.));
#10269=DIRECTION('ref_axis',(0.203456012458261,-0.979084087805835,0.));
#10270=DIRECTION('center_axis',(0.,0.,1.));
#10271=DIRECTION('ref_axis',(1.,0.,0.));
#10272=DIRECTION('',(-0.979084087805835,-0.203456012458261,0.));
#10273=DIRECTION('center_axis',(0.,0.,-1.));
#10274=DIRECTION('ref_axis',(-0.682551479455706,-0.730837518120702,0.));
#10275=DIRECTION('',(0.,0.,1.));
#10276=DIRECTION('center_axis',(0.,0.,-1.));
#10277=DIRECTION('ref_axis',(0.682551479455706,0.730837518120701,0.));
#10278=DIRECTION('',(0.,0.,-1.));
#10279=DIRECTION('center_axis',(0.,0.,-1.));
#10280=DIRECTION('ref_axis',(0.682551479455706,0.730837518120701,0.));
#10281=DIRECTION('center_axis',(0.,0.,1.));
#10282=DIRECTION('ref_axis',(1.,0.,0.));
#10283=DIRECTION('',(0.730837518120701,-0.682551479455706,0.));
#10284=DIRECTION('center_axis',(0.,0.,-1.));
#10285=DIRECTION('ref_axis',(0.990685945933003,-0.136166649848015,0.));
#10286=DIRECTION('',(0.,0.,1.));
#10287=DIRECTION('center_axis',(0.,0.,-1.));
#10288=DIRECTION('ref_axis',(-0.990685945933002,0.136166649848017,0.));
#10289=DIRECTION('',(0.,0.,-1.));
#10290=DIRECTION('center_axis',(0.,0.,-1.));
#10291=DIRECTION('ref_axis',(-0.990685945933002,0.136166649848017,0.));
#10292=DIRECTION('center_axis',(0.,0.,1.));
#10293=DIRECTION('ref_axis',(1.,0.,0.));
#10294=DIRECTION('',(0.136166649848017,0.990685945933002,0.));
#10295=DIRECTION('center_axis',(0.,0.,-1.));
#10296=DIRECTION('ref_axis',(-0.46006503699001,0.887885218786404,0.));
#10297=DIRECTION('',(0.,0.,1.));
#10298=DIRECTION('center_axis',(0.,0.,-1.));
#10299=DIRECTION('ref_axis',(0.460065036990013,-0.887885218786402,0.));
#10300=DIRECTION('',(0.,0.,-1.));
#10301=DIRECTION('center_axis',(0.,0.,-1.));
#10302=DIRECTION('ref_axis',(0.460065036990013,-0.887885218786402,0.));
#10303=DIRECTION('center_axis',(0.,0.,1.));
#10304=DIRECTION('ref_axis',(1.,0.,0.));
#10305=DIRECTION('',(-0.887885218786402,-0.460065036990013,0.));
#10306=DIRECTION('center_axis',(0.,0.,-1.));
#10307=DIRECTION('ref_axis',(0.0682424137432101,0.997668769164647,0.));
#10308=DIRECTION('',(0.,0.,1.));
#10309=DIRECTION('center_axis',(0.,0.,-1.));
#10310=DIRECTION('ref_axis',(-0.0682424137432066,-0.997668769164647,0.));
#10311=DIRECTION('',(0.,0.,-1.));
#10312=DIRECTION('center_axis',(0.,0.,-1.));
#10313=DIRECTION('ref_axis',(-0.0682424137432066,-0.997668769164647,0.));
#10314=DIRECTION('center_axis',(0.,0.,1.));
#10315=DIRECTION('ref_axis',(1.,0.,0.));
#10316=DIRECTION('',(-0.997668769164647,0.0682424137432067,0.));
#10317=DIRECTION('center_axis',(0.,0.,-1.));
#10318=DIRECTION('ref_axis',(0.775711290512863,-0.631087944561507,0.));
#10319=DIRECTION('',(0.,0.,1.));
#10320=DIRECTION('center_axis',(0.,0.,-1.));
#10321=DIRECTION('ref_axis',(-0.775711290512863,0.631087944561508,0.));
#10322=DIRECTION('',(0.,0.,-1.));
#10323=DIRECTION('center_axis',(0.,0.,-1.));
#10324=DIRECTION('ref_axis',(-0.775711290512863,0.631087944561508,0.));
#10325=DIRECTION('center_axis',(0.,0.,1.));
#10326=DIRECTION('ref_axis',(1.,0.,0.));
#10327=DIRECTION('',(0.631087944561508,0.775711290512863,0.));
#10328=DIRECTION('center_axis',(0.,0.,-1.));
#10329=DIRECTION('ref_axis',(-0.962917287362128,-0.269796771105886,0.));
#10330=DIRECTION('',(0.,0.,1.));
#10331=DIRECTION('center_axis',(0.,0.,-1.));
#10332=DIRECTION('ref_axis',(0.96291728736213,0.269796771105876,0.));
#10333=DIRECTION('',(0.,0.,-1.));
#10334=DIRECTION('center_axis',(0.,0.,-1.));
#10335=DIRECTION('ref_axis',(0.96291728736213,0.269796771105876,0.));
#10336=DIRECTION('center_axis',(0.,0.,1.));
#10337=DIRECTION('ref_axis',(1.,0.,0.));
#10338=DIRECTION('',(0.269796771105876,-0.96291728736213,0.));
#10339=DIRECTION('center_axis',(0.,0.,-1.));
#10340=DIRECTION('ref_axis',(0.334879612313991,0.942260922067997,0.));
#10341=DIRECTION('',(0.,0.,1.));
#10342=DIRECTION('center_axis',(0.,0.,-1.));
#10343=DIRECTION('ref_axis',(-0.33487961231399,-0.942260922067997,0.));
#10344=DIRECTION('',(0.,0.,-1.));
#10345=DIRECTION('center_axis',(0.,0.,-1.));
#10346=DIRECTION('ref_axis',(-0.33487961231399,-0.942260922067997,0.));
#10347=DIRECTION('center_axis',(0.,0.,1.));
#10348=DIRECTION('ref_axis',(1.,0.,0.));
#10349=DIRECTION('',(-0.942260922067997,0.33487961231399,0.));
#10350=DIRECTION('center_axis',(0.,0.,-1.));
#10351=DIRECTION('ref_axis',(0.576680322052867,-0.816969893054206,0.));
#10352=DIRECTION('',(0.,0.,1.));
#10353=DIRECTION('center_axis',(0.,0.,-1.));
#10354=DIRECTION('ref_axis',(-0.576680322052873,0.816969893054203,0.));
#10355=DIRECTION('',(0.,0.,-1.));
#10356=DIRECTION('center_axis',(0.,0.,-1.));
#10357=DIRECTION('ref_axis',(-0.576680322052873,0.816969893054203,0.));
#10358=DIRECTION('center_axis',(0.,0.,1.));
#10359=DIRECTION('ref_axis',(1.,0.,0.));
#10360=DIRECTION('',(0.816969893054202,0.576680322052873,0.));
#10361=DIRECTION('center_axis',(0.,0.,-1.));
#10362=DIRECTION('ref_axis',(-1.,9.95799250102981E-17,0.));
#10363=DIRECTION('',(0.,0.,1.));
#10364=DIRECTION('center_axis',(0.,0.,-1.));
#10365=DIRECTION('ref_axis',(1.,2.22044604925029E-16,0.));
#10366=DIRECTION('',(0.,0.,-1.));
#10367=DIRECTION('center_axis',(0.,0.,-1.));
#10368=DIRECTION('ref_axis',(1.,2.22044604925029E-16,0.));
#10369=DIRECTION('center_axis',(0.,0.,1.));
#10370=DIRECTION('ref_axis',(1.,0.,0.));
#10371=DIRECTION('',(2.22044604925029E-16,-1.,0.));
#10372=DIRECTION('center_axis',(0.,0.,1.));
#10373=DIRECTION('ref_axis',(1.,0.,0.));
#10374=DIRECTION('center_axis',(0.,0.,1.));
#10375=DIRECTION('ref_axis',(1.,0.,0.));
#10376=DIRECTION('center_axis',(0.,0.,-1.));
#10377=DIRECTION('ref_axis',(-1.,0.,0.));
#10378=DIRECTION('',(-2.22044604925029E-16,1.,0.));
#10379=DIRECTION('center_axis',(0.,0.,-1.));
#10380=DIRECTION('ref_axis',(1.,2.22044604925029E-16,0.));
#10381=DIRECTION('',(1.,3.15497721475968E-16,0.));
#10382=DIRECTION('center_axis',(0.,0.,-1.));
#10383=DIRECTION('ref_axis',(1.,2.22044604925029E-16,0.));
#10384=DIRECTION('',(2.22044604925029E-16,-1.,0.));
#10385=DIRECTION('center_axis',(0.,0.,-1.));
#10386=DIRECTION('ref_axis',(1.,2.22044604925029E-16,0.));
#10387=DIRECTION('',(-1.,-5.02403954577846E-16,0.));
#10388=DIRECTION('center_axis',(0.,0.,-1.));
#10389=DIRECTION('ref_axis',(1.,2.22044604925029E-16,0.));
#10390=DIRECTION('',(-2.22044604925029E-16,1.,0.));
#10391=DIRECTION('',(-0.816969893054202,-0.576680322052873,0.));
#10392=DIRECTION('center_axis',(0.,0.,-1.));
#10393=DIRECTION('ref_axis',(-0.576680322052873,0.816969893054202,0.));
#10394=DIRECTION('',(-0.576680322052873,0.816969893054202,0.));
#10395=DIRECTION('center_axis',(0.,0.,-1.));
#10396=DIRECTION('ref_axis',(-0.576680322052873,0.816969893054202,0.));
#10397=DIRECTION('',(0.816969893054202,0.576680322052873,0.));
#10398=DIRECTION('center_axis',(0.,0.,-1.));
#10399=DIRECTION('ref_axis',(-0.576680322052873,0.816969893054202,0.));
#10400=DIRECTION('',(0.576680322052873,-0.816969893054202,0.));
#10401=DIRECTION('center_axis',(0.,0.,-1.));
#10402=DIRECTION('ref_axis',(-0.576680322052873,0.816969893054202,0.));
#10403=DIRECTION('',(-0.816969893054202,-0.576680322052873,0.));
#10404=DIRECTION('',(0.942260922067997,-0.33487961231399,0.));
#10405=DIRECTION('center_axis',(0.,0.,-1.));
#10406=DIRECTION('ref_axis',(-0.33487961231399,-0.942260922067997,0.));
#10407=DIRECTION('',(-0.33487961231399,-0.942260922067997,0.));
#10408=DIRECTION('center_axis',(0.,0.,-1.));
#10409=DIRECTION('ref_axis',(-0.33487961231399,-0.942260922067997,0.));
#10410=DIRECTION('',(-0.942260922067997,0.33487961231399,0.));
#10411=DIRECTION('center_axis',(0.,0.,-1.));
#10412=DIRECTION('ref_axis',(-0.33487961231399,-0.942260922067997,0.));
#10413=DIRECTION('',(0.33487961231399,0.942260922067997,0.));
#10414=DIRECTION('center_axis',(0.,0.,-1.));
#10415=DIRECTION('ref_axis',(-0.33487961231399,-0.942260922067997,0.));
#10416=DIRECTION('',(0.942260922067997,-0.33487961231399,0.));
#10417=DIRECTION('',(-0.269796771105876,0.96291728736213,0.));
#10418=DIRECTION('center_axis',(0.,0.,-1.));
#10419=DIRECTION('ref_axis',(0.96291728736213,0.269796771105876,0.));
#10420=DIRECTION('',(0.96291728736213,0.269796771105876,0.));
#10421=DIRECTION('center_axis',(0.,0.,-1.));
#10422=DIRECTION('ref_axis',(0.96291728736213,0.269796771105876,0.));
#10423=DIRECTION('',(0.269796771105876,-0.96291728736213,0.));
#10424=DIRECTION('center_axis',(0.,0.,-1.));
#10425=DIRECTION('ref_axis',(0.96291728736213,0.269796771105876,0.));
#10426=DIRECTION('',(-0.96291728736213,-0.269796771105876,0.));
#10427=DIRECTION('center_axis',(0.,0.,-1.));
#10428=DIRECTION('ref_axis',(0.96291728736213,0.269796771105876,0.));
#10429=DIRECTION('',(-0.269796771105876,0.96291728736213,0.));
#10430=DIRECTION('',(-0.631087944561508,-0.775711290512863,0.));
#10431=DIRECTION('center_axis',(0.,0.,-1.));
#10432=DIRECTION('ref_axis',(-0.775711290512863,0.631087944561508,0.));
#10433=DIRECTION('',(-0.775711290512863,0.631087944561508,0.));
#10434=DIRECTION('center_axis',(0.,0.,-1.));
#10435=DIRECTION('ref_axis',(-0.775711290512863,0.631087944561508,0.));
#10436=DIRECTION('',(0.631087944561508,0.775711290512863,0.));
#10437=DIRECTION('center_axis',(0.,0.,-1.));
#10438=DIRECTION('ref_axis',(-0.775711290512863,0.631087944561508,0.));
#10439=DIRECTION('',(0.775711290512863,-0.631087944561508,0.));
#10440=DIRECTION('center_axis',(0.,0.,-1.));
#10441=DIRECTION('ref_axis',(-0.775711290512863,0.631087944561508,0.));
#10442=DIRECTION('',(-0.631087944561508,-0.775711290512863,0.));
#10443=DIRECTION('',(0.997668769164647,-0.0682424137432067,0.));
#10444=DIRECTION('center_axis',(0.,0.,-1.));
#10445=DIRECTION('ref_axis',(-0.0682424137432066,-0.997668769164647,0.));
#10446=DIRECTION('',(-0.0682424137432066,-0.997668769164647,0.));
#10447=DIRECTION('center_axis',(0.,0.,-1.));
#10448=DIRECTION('ref_axis',(-0.0682424137432066,-0.997668769164647,0.));
#10449=DIRECTION('',(-0.997668769164647,0.0682424137432067,0.));
#10450=DIRECTION('center_axis',(0.,0.,-1.));
#10451=DIRECTION('ref_axis',(-0.0682424137432066,-0.997668769164647,0.));
#10452=DIRECTION('',(0.0682424137432064,0.997668769164647,0.));
#10453=DIRECTION('center_axis',(0.,0.,-1.));
#10454=DIRECTION('ref_axis',(-0.0682424137432066,-0.997668769164647,0.));
#10455=DIRECTION('',(0.997668769164647,-0.0682424137432067,0.));
#10456=DIRECTION('',(0.887885218786402,0.460065036990013,0.));
#10457=DIRECTION('center_axis',(0.,0.,-1.));
#10458=DIRECTION('ref_axis',(0.460065036990013,-0.887885218786402,0.));
#10459=DIRECTION('',(0.460065036990013,-0.887885218786402,0.));
#10460=DIRECTION('center_axis',(0.,0.,-1.));
#10461=DIRECTION('ref_axis',(0.460065036990013,-0.887885218786402,0.));
#10462=DIRECTION('',(-0.887885218786402,-0.460065036990013,0.));
#10463=DIRECTION('center_axis',(0.,0.,-1.));
#10464=DIRECTION('ref_axis',(0.460065036990013,-0.887885218786402,0.));
#10465=DIRECTION('',(-0.460065036990014,0.887885218786402,0.));
#10466=DIRECTION('center_axis',(0.,0.,-1.));
#10467=DIRECTION('ref_axis',(0.460065036990013,-0.887885218786402,0.));
#10468=DIRECTION('',(0.887885218786402,0.460065036990013,0.));
#10469=DIRECTION('',(-0.136166649848017,-0.990685945933002,0.));
#10470=DIRECTION('center_axis',(0.,0.,-1.));
#10471=DIRECTION('ref_axis',(-0.990685945933002,0.136166649848017,0.));
#10472=DIRECTION('',(-0.990685945933002,0.136166649848017,0.));
#10473=DIRECTION('center_axis',(0.,0.,-1.));
#10474=DIRECTION('ref_axis',(-0.990685945933002,0.136166649848017,0.));
#10475=DIRECTION('',(0.136166649848017,0.990685945933002,0.));
#10476=DIRECTION('center_axis',(0.,0.,-1.));
#10477=DIRECTION('ref_axis',(-0.990685945933002,0.136166649848017,0.));
#10478=DIRECTION('',(0.990685945933002,-0.136166649848017,0.));
#10479=DIRECTION('center_axis',(0.,0.,-1.));
#10480=DIRECTION('ref_axis',(-0.990685945933002,0.136166649848017,0.));
#10481=DIRECTION('',(-0.136166649848017,-0.990685945933002,0.));
#10482=DIRECTION('',(-0.730837518120701,0.682551479455706,0.));
#10483=DIRECTION('center_axis',(0.,0.,-1.));
#10484=DIRECTION('ref_axis',(0.682551479455706,0.730837518120701,0.));
#10485=DIRECTION('',(0.682551479455706,0.730837518120701,0.));
#10486=DIRECTION('center_axis',(0.,0.,-1.));
#10487=DIRECTION('ref_axis',(0.682551479455706,0.730837518120701,0.));
#10488=DIRECTION('',(0.730837518120701,-0.682551479455706,0.));
#10489=DIRECTION('center_axis',(0.,0.,-1.));
#10490=DIRECTION('ref_axis',(0.682551479455706,0.730837518120701,0.));
#10491=DIRECTION('',(-0.682551479455706,-0.730837518120701,0.));
#10492=DIRECTION('center_axis',(0.,0.,-1.));
#10493=DIRECTION('ref_axis',(0.682551479455706,0.730837518120701,0.));
#10494=DIRECTION('',(-0.730837518120701,0.682551479455706,0.));
#10495=DIRECTION('',(0.979084087805835,0.203456012458261,0.));
#10496=DIRECTION('center_axis',(0.,0.,-1.));
#10497=DIRECTION('ref_axis',(0.203456012458261,-0.979084087805835,0.));
#10498=DIRECTION('',(0.203456012458261,-0.979084087805835,0.));
#10499=DIRECTION('center_axis',(0.,0.,-1.));
#10500=DIRECTION('ref_axis',(0.203456012458261,-0.979084087805835,0.));
#10501=DIRECTION('',(-0.979084087805835,-0.203456012458261,0.));
#10502=DIRECTION('center_axis',(0.,0.,-1.));
#10503=DIRECTION('ref_axis',(0.203456012458261,-0.979084087805835,0.));
#10504=DIRECTION('',(-0.203456012458261,0.979084087805835,0.));
#10505=DIRECTION('center_axis',(0.,0.,-1.));
#10506=DIRECTION('ref_axis',(0.203456012458261,-0.979084087805835,0.));
#10507=DIRECTION('',(0.979084087805835,0.203456012458261,0.));
#10508=DIRECTION('',(-0.398401090333452,-0.917211301293828,0.));
#10509=DIRECTION('center_axis',(0.,0.,-1.));
#10510=DIRECTION('ref_axis',(-0.917211301293828,0.398401090333452,0.));
#10511=DIRECTION('',(-0.917211301293828,0.398401090333452,0.));
#10512=DIRECTION('center_axis',(0.,0.,-1.));
#10513=DIRECTION('ref_axis',(-0.917211301293828,0.398401090333452,0.));
#10514=DIRECTION('',(0.398401090333452,0.917211301293828,0.));
#10515=DIRECTION('center_axis',(0.,0.,-1.));
#10516=DIRECTION('ref_axis',(-0.917211301293828,0.398401090333452,0.));
#10517=DIRECTION('',(0.917211301293828,-0.398401090333452,0.));
#10518=DIRECTION('center_axis',(0.,0.,-1.));
#10519=DIRECTION('ref_axis',(-0.917211301293828,0.398401090333452,0.));
#10520=DIRECTION('',(-0.398401090333452,-0.917211301293828,0.));
#10521=DIRECTION('',(-0.519583950093787,0.854419404511003,0.));
#10522=DIRECTION('center_axis',(0.,0.,-1.));
#10523=DIRECTION('ref_axis',(0.854419404511003,0.519583950093787,0.));
#10524=DIRECTION('',(0.854419404511003,0.519583950093787,0.));
#10525=DIRECTION('center_axis',(0.,0.,-1.));
#10526=DIRECTION('ref_axis',(0.854419404511003,0.519583950093787,0.));
#10527=DIRECTION('',(0.519583950093787,-0.854419404511003,0.));
#10528=DIRECTION('center_axis',(0.,0.,-1.));
#10529=DIRECTION('ref_axis',(0.854419404511003,0.519583950093787,0.));
#10530=DIRECTION('',(-0.854419404511003,-0.519583950093787,0.));
#10531=DIRECTION('center_axis',(0.,0.,-1.));
#10532=DIRECTION('ref_axis',(0.854419404511003,0.519583950093787,0.));
#10533=DIRECTION('',(-0.519583950093787,0.854419404511003,0.));
#10534=DIRECTION('',(-0.997668769188468,-0.0682424133949541,0.));
#10535=DIRECTION('center_axis',(0.,0.,-1.));
#10536=DIRECTION('ref_axis',(-0.0682424133949541,0.997668769188468,0.));
#10537=DIRECTION('',(-0.0682424133949542,0.997668769188468,0.));
#10538=DIRECTION('center_axis',(0.,0.,-1.));
#10539=DIRECTION('ref_axis',(-0.0682424133949541,0.997668769188468,0.));
#10540=DIRECTION('',(0.997668769188468,0.0682424133949541,0.));
#10541=DIRECTION('center_axis',(0.,0.,-1.));
#10542=DIRECTION('ref_axis',(-0.0682424133949541,0.997668769188468,0.));
#10543=DIRECTION('',(0.0682424133949544,-0.997668769188468,0.));
#10544=DIRECTION('center_axis',(0.,0.,-1.));
#10545=DIRECTION('ref_axis',(-0.0682424133949541,0.997668769188468,0.));
#10546=DIRECTION('',(-0.997668769188468,-0.0682424133949541,0.));
#10547=DIRECTION('',(0.631087944561508,-0.775711290512862,0.));
#10548=DIRECTION('center_axis',(0.,0.,-1.));
#10549=DIRECTION('ref_axis',(-0.775711290512862,-0.631087944561508,0.));
#10550=DIRECTION('',(-0.775711290512862,-0.631087944561509,0.));
#10551=DIRECTION('center_axis',(0.,0.,-1.));
#10552=DIRECTION('ref_axis',(-0.775711290512862,-0.631087944561508,0.));
#10553=DIRECTION('',(-0.631087944561509,0.775711290512862,0.));
#10554=DIRECTION('center_axis',(0.,0.,-1.));
#10555=DIRECTION('ref_axis',(-0.775711290512862,-0.631087944561508,0.));
#10556=DIRECTION('',(0.775711290512862,0.631087944561509,0.));
#10557=DIRECTION('center_axis',(0.,0.,-1.));
#10558=DIRECTION('ref_axis',(-0.775711290512862,-0.631087944561508,0.));
#10559=DIRECTION('',(0.631087944561508,-0.775711290512862,0.));
#10560=DIRECTION('',(0.269796770937815,0.962917287409219,0.));
#10561=DIRECTION('center_axis',(0.,0.,-1.));
#10562=DIRECTION('ref_axis',(0.962917287409219,-0.269796770937815,0.));
#10563=DIRECTION('',(0.962917287409219,-0.269796770937814,0.));
#10564=DIRECTION('center_axis',(0.,0.,-1.));
#10565=DIRECTION('ref_axis',(0.962917287409219,-0.269796770937815,0.));
#10566=DIRECTION('',(-0.269796770937815,-0.962917287409219,0.));
#10567=DIRECTION('center_axis',(0.,0.,-1.));
#10568=DIRECTION('ref_axis',(0.962917287409219,-0.269796770937815,0.));
#10569=DIRECTION('',(-0.962917287409219,0.269796770937814,0.));
#10570=DIRECTION('center_axis',(0.,0.,-1.));
#10571=DIRECTION('ref_axis',(0.962917287409219,-0.269796770937815,0.));
#10572=DIRECTION('',(0.269796770937815,0.962917287409219,0.));
#10573=DIRECTION('',(-0.942260922067996,-0.334879612313992,0.));
#10574=DIRECTION('center_axis',(0.,0.,-1.));
#10575=DIRECTION('ref_axis',(-0.334879612313992,0.942260922067996,0.));
#10576=DIRECTION('',(-0.334879612313992,0.942260922067996,0.));
#10577=DIRECTION('center_axis',(0.,0.,-1.));
#10578=DIRECTION('ref_axis',(-0.334879612313992,0.942260922067996,0.));
#10579=DIRECTION('',(0.942260922067996,0.334879612313992,0.));
#10580=DIRECTION('center_axis',(0.,0.,-1.));
#10581=DIRECTION('ref_axis',(-0.334879612313992,0.942260922067996,0.));
#10582=DIRECTION('',(0.334879612313992,-0.942260922067996,0.));
#10583=DIRECTION('center_axis',(0.,0.,-1.));
#10584=DIRECTION('ref_axis',(-0.334879612313992,0.942260922067996,0.));
#10585=DIRECTION('',(-0.942260922067996,-0.334879612313992,0.));
#10586=DIRECTION('',(0.816969893054202,-0.576680322052873,0.));
#10587=DIRECTION('center_axis',(0.,0.,-1.));
#10588=DIRECTION('ref_axis',(-0.576680322052873,-0.816969893054202,0.));
#10589=DIRECTION('',(-0.576680322052873,-0.816969893054202,0.));
#10590=DIRECTION('center_axis',(0.,0.,-1.));
#10591=DIRECTION('ref_axis',(-0.576680322052873,-0.816969893054202,0.));
#10592=DIRECTION('',(-0.816969893054202,0.576680322052873,0.));
#10593=DIRECTION('center_axis',(0.,0.,-1.));
#10594=DIRECTION('ref_axis',(-0.576680322052873,-0.816969893054202,0.));
#10595=DIRECTION('',(0.576680322052873,0.816969893054203,0.));
#10596=DIRECTION('center_axis',(0.,0.,-1.));
#10597=DIRECTION('ref_axis',(-0.576680322052873,-0.816969893054202,0.));
#10598=DIRECTION('',(0.816969893054202,-0.576680322052873,0.));
#10599=DIRECTION('',(0.519583949646413,0.854419404783057,0.));
#10600=DIRECTION('center_axis',(0.,0.,-1.));
#10601=DIRECTION('ref_axis',(0.854419404783057,-0.519583949646413,0.));
#10602=DIRECTION('',(0.854419404783057,-0.519583949646413,0.));
#10603=DIRECTION('center_axis',(0.,0.,-1.));
#10604=DIRECTION('ref_axis',(0.854419404783057,-0.519583949646413,0.));
#10605=DIRECTION('',(-0.519583949646413,-0.854419404783057,0.));
#10606=DIRECTION('center_axis',(0.,0.,-1.));
#10607=DIRECTION('ref_axis',(0.854419404783057,-0.519583949646413,0.));
#10608=DIRECTION('',(-0.854419404783057,0.519583949646413,0.));
#10609=DIRECTION('center_axis',(0.,0.,-1.));
#10610=DIRECTION('ref_axis',(0.854419404783057,-0.519583949646413,0.));
#10611=DIRECTION('',(0.519583949646413,0.854419404783057,0.));
#10612=DIRECTION('',(0.398401090333452,-0.917211301293827,0.));
#10613=DIRECTION('center_axis',(0.,0.,-1.));
#10614=DIRECTION('ref_axis',(-0.917211301293828,-0.398401090333452,0.));
#10615=DIRECTION('',(-0.917211301293827,-0.398401090333452,0.));
#10616=DIRECTION('center_axis',(0.,0.,-1.));
#10617=DIRECTION('ref_axis',(-0.917211301293828,-0.398401090333452,0.));
#10618=DIRECTION('',(-0.398401090333452,0.917211301293828,0.));
#10619=DIRECTION('center_axis',(0.,0.,-1.));
#10620=DIRECTION('ref_axis',(-0.917211301293828,-0.398401090333452,0.));
#10621=DIRECTION('',(0.917211301293827,0.398401090333453,0.));
#10622=DIRECTION('center_axis',(0.,0.,-1.));
#10623=DIRECTION('ref_axis',(-0.917211301293828,-0.398401090333452,0.));
#10624=DIRECTION('',(0.398401090333452,-0.917211301293827,0.));
#10625=DIRECTION('',(-0.979084087699306,0.203456012970907,0.));
#10626=DIRECTION('center_axis',(0.,0.,-1.));
#10627=DIRECTION('ref_axis',(0.203456012970907,0.979084087699306,0.));
#10628=DIRECTION('',(0.203456012970907,0.979084087699306,0.));
#10629=DIRECTION('center_axis',(0.,0.,-1.));
#10630=DIRECTION('ref_axis',(0.203456012970907,0.979084087699306,0.));
#10631=DIRECTION('',(0.979084087699306,-0.203456012970907,0.));
#10632=DIRECTION('center_axis',(0.,0.,-1.));
#10633=DIRECTION('ref_axis',(0.203456012970907,0.979084087699306,0.));
#10634=DIRECTION('',(-0.203456012970907,-0.979084087699306,0.));
#10635=DIRECTION('center_axis',(0.,0.,-1.));
#10636=DIRECTION('ref_axis',(0.203456012970907,0.979084087699306,0.));
#10637=DIRECTION('',(-0.979084087699306,0.203456012970907,0.));
#10638=DIRECTION('',(0.730835963811971,0.682553143717783,0.));
#10639=DIRECTION('center_axis',(0.,0.,-1.));
#10640=DIRECTION('ref_axis',(0.682553143717783,-0.730835963811971,0.));
#10641=DIRECTION('',(0.682553143717783,-0.73083596381197,0.));
#10642=DIRECTION('center_axis',(0.,0.,-1.));
#10643=DIRECTION('ref_axis',(0.682553143717783,-0.730835963811971,0.));
#10644=DIRECTION('',(-0.730835963811971,-0.682553143717783,0.));
#10645=DIRECTION('center_axis',(0.,0.,-1.));
#10646=DIRECTION('ref_axis',(0.682553143717783,-0.730835963811971,0.));
#10647=DIRECTION('',(-0.682553143717783,0.73083596381197,0.));
#10648=DIRECTION('center_axis',(0.,0.,-1.));
#10649=DIRECTION('ref_axis',(0.682553143717783,-0.730835963811971,0.));
#10650=DIRECTION('',(0.730835963811971,0.682553143717783,0.));
#10651=DIRECTION('',(0.136166649848018,-0.990685945933002,0.));
#10652=DIRECTION('center_axis',(0.,0.,-1.));
#10653=DIRECTION('ref_axis',(-0.990685945933002,-0.136166649848018,0.));
#10654=DIRECTION('',(-0.990685945933002,-0.136166649848018,0.));
#10655=DIRECTION('center_axis',(0.,0.,-1.));
#10656=DIRECTION('ref_axis',(-0.990685945933002,-0.136166649848018,0.));
#10657=DIRECTION('',(-0.136166649848018,0.990685945933002,0.));
#10658=DIRECTION('center_axis',(0.,0.,-1.));
#10659=DIRECTION('ref_axis',(-0.990685945933002,-0.136166649848018,0.));
#10660=DIRECTION('',(0.990685945933002,0.136166649848018,0.));
#10661=DIRECTION('center_axis',(0.,0.,-1.));
#10662=DIRECTION('ref_axis',(-0.990685945933002,-0.136166649848018,0.));
#10663=DIRECTION('',(0.136166649848018,-0.990685945933002,0.));
#10664=DIRECTION('',(-0.88788521838492,0.46006503776484,0.));
#10665=DIRECTION('center_axis',(0.,0.,-1.));
#10666=DIRECTION('ref_axis',(0.46006503776484,0.88788521838492,0.));
#10667=DIRECTION('',(0.46006503776484,0.88788521838492,0.));
#10668=DIRECTION('center_axis',(0.,0.,-1.));
#10669=DIRECTION('ref_axis',(0.46006503776484,0.88788521838492,0.));
#10670=DIRECTION('',(0.88788521838492,-0.46006503776484,0.));
#10671=DIRECTION('center_axis',(0.,0.,-1.));
#10672=DIRECTION('ref_axis',(0.46006503776484,0.88788521838492,0.));
#10673=DIRECTION('',(-0.46006503776484,-0.88788521838492,0.));
#10674=DIRECTION('center_axis',(0.,0.,-1.));
#10675=DIRECTION('ref_axis',(0.46006503776484,0.88788521838492,0.));
#10676=DIRECTION('',(-0.88788521838492,0.46006503776484,0.));
#10677=DIRECTION('center_axis',(0.46006503776484,0.88788521838492,0.));
#10678=DIRECTION('ref_axis',(0.88788521838492,-0.46006503776484,0.));
#10679=DIRECTION('',(0.,0.,-1.));
#10680=DIRECTION('',(0.88788521838492,-0.46006503776484,0.));
#10681=DIRECTION('',(0.,0.,-1.));
#10682=DIRECTION('center_axis',(0.,0.,-1.));
#10683=DIRECTION('ref_axis',(0.46006503776484,0.88788521838492,0.));
#10684=DIRECTION('',(0.,0.,-1.));
#10685=DIRECTION('center_axis',(0.,0.,-1.));
#10686=DIRECTION('ref_axis',(0.46006503776484,0.88788521838492,0.));
#10687=DIRECTION('center_axis',(-0.88788521838492,0.46006503776484,0.));
#10688=DIRECTION('ref_axis',(0.46006503776484,0.88788521838492,0.));
#10689=DIRECTION('',(0.,0.,-1.));
#10690=DIRECTION('',(0.46006503776484,0.88788521838492,0.));
#10691=DIRECTION('center_axis',(0.,0.,-1.));
#10692=DIRECTION('ref_axis',(-0.953144766825638,-0.302514550844913,0.));
#10693=DIRECTION('',(0.,0.,-1.));
#10694=DIRECTION('center_axis',(0.,0.,-1.));
#10695=DIRECTION('ref_axis',(0.46006503776484,0.88788521838492,0.));
#10696=DIRECTION('center_axis',(-0.46006503776484,-0.88788521838492,0.));
#10697=DIRECTION('ref_axis',(-0.88788521838492,0.46006503776484,0.));
#10698=DIRECTION('',(0.,0.,-1.));
#10699=DIRECTION('',(-0.88788521838492,0.46006503776484,0.));
#10700=DIRECTION('center_axis',(0.,0.,-1.));
#10701=DIRECTION('ref_axis',(0.302514550844915,-0.953144766825638,0.));
#10702=DIRECTION('',(0.,0.,-1.));
#10703=DIRECTION('center_axis',(0.,0.,-1.));
#10704=DIRECTION('ref_axis',(0.46006503776484,0.88788521838492,0.));
#10705=DIRECTION('center_axis',(0.88788521838492,-0.460065037764839,0.));
#10706=DIRECTION('ref_axis',(-0.46006503776484,-0.88788521838492,0.));
#10707=DIRECTION('',(0.,0.,-1.));
#10708=DIRECTION('',(-0.46006503776484,-0.88788521838492,0.));
#10709=DIRECTION('center_axis',(0.,0.,-1.));
#10710=DIRECTION('ref_axis',(0.46006503776484,0.88788521838492,0.));
#10711=DIRECTION('center_axis',(0.,0.,-1.));
#10712=DIRECTION('ref_axis',(0.46006503776484,0.88788521838492,0.));
#10713=DIRECTION('center_axis',(0.,0.,1.));
#10714=DIRECTION('ref_axis',(1.,0.,0.));
#10715=DIRECTION('center_axis',(0.136166649848018,-0.990685945933002,0.));
#10716=DIRECTION('ref_axis',(-0.990685945933002,-0.136166649848018,0.));
#10717=DIRECTION('',(0.,0.,-1.));
#10718=DIRECTION('',(-0.990685945933002,-0.136166649848018,0.));
#10719=DIRECTION('',(0.,0.,-1.));
#10720=DIRECTION('center_axis',(0.,0.,-1.));
#10721=DIRECTION('ref_axis',(0.796805111874424,-0.604236388916446,0.));
#10722=DIRECTION('',(0.,0.,-1.));
#10723=DIRECTION('center_axis',(0.,0.,-1.));
#10724=DIRECTION('ref_axis',(-0.990685945933002,-0.136166649848018,0.));
#10725=DIRECTION('center_axis',(0.990685945933002,0.136166649848018,0.));
#10726=DIRECTION('ref_axis',(0.136166649848018,-0.990685945933002,0.));
#10727=DIRECTION('',(0.,0.,-1.));
#10728=DIRECTION('',(0.136166649848018,-0.990685945933002,0.));
#10729=DIRECTION('center_axis',(0.,0.,-1.));
#10730=DIRECTION('ref_axis',(0.604236388916441,0.796805111874428,0.));
#10731=DIRECTION('',(0.,0.,-1.));
#10732=DIRECTION('center_axis',(0.,0.,-1.));
#10733=DIRECTION('ref_axis',(-0.990685945933002,-0.136166649848018,0.));
#10734=DIRECTION('center_axis',(-0.136166649848018,0.990685945933002,0.));
#10735=DIRECTION('ref_axis',(0.990685945933002,0.136166649848018,0.));
#10736=DIRECTION('',(0.,0.,-1.));
#10737=DIRECTION('',(0.990685945933002,0.136166649848018,0.));
#10738=DIRECTION('center_axis',(0.,0.,-1.));
#10739=DIRECTION('ref_axis',(-0.990685945933002,-0.136166649848018,0.));
#10740=DIRECTION('',(0.,0.,-1.));
#10741=DIRECTION('center_axis',(0.,0.,-1.));
#10742=DIRECTION('ref_axis',(-0.990685945933002,-0.136166649848018,0.));
#10743=DIRECTION('center_axis',(-0.990685945933002,-0.136166649848018,0.));
#10744=DIRECTION('ref_axis',(-0.136166649848018,0.990685945933002,0.));
#10745=DIRECTION('',(0.,0.,-1.));
#10746=DIRECTION('',(-0.136166649848018,0.990685945933002,0.));
#10747=DIRECTION('center_axis',(0.,0.,-1.));
#10748=DIRECTION('ref_axis',(-0.990685945933002,-0.136166649848018,0.));
#10749=DIRECTION('center_axis',(0.,0.,-1.));
#10750=DIRECTION('ref_axis',(-0.990685945933002,-0.136166649848018,0.));
#10751=DIRECTION('center_axis',(0.,0.,1.));
#10752=DIRECTION('ref_axis',(1.,0.,0.));
#10753=DIRECTION('center_axis',(0.73083596381197,0.682553143717783,0.));
#10754=DIRECTION('ref_axis',(0.682553143717783,-0.73083596381197,0.));
#10755=DIRECTION('',(0.,0.,-1.));
#10756=DIRECTION('',(0.682553143717783,-0.73083596381197,0.));
#10757=DIRECTION('',(0.,0.,-1.));
#10758=DIRECTION('center_axis',(0.,0.,-1.));
#10759=DIRECTION('ref_axis',(0.0341411095034094,0.999417022389491,0.));
#10760=DIRECTION('',(0.,0.,-1.));
#10761=DIRECTION('center_axis',(0.,0.,-1.));
#10762=DIRECTION('ref_axis',(0.682553143717783,-0.730835963811971,0.));
#10763=DIRECTION('center_axis',(-0.682553143717783,0.730835963811971,0.));
#10764=DIRECTION('ref_axis',(0.730835963811971,0.682553143717783,0.));
#10765=DIRECTION('',(0.,0.,-1.));
#10766=DIRECTION('',(0.730835963811971,0.682553143717783,0.));
#10767=DIRECTION('center_axis',(0.,0.,-1.));
#10768=DIRECTION('ref_axis',(-0.999417022389491,0.0341411095034131,0.));
#10769=DIRECTION('',(0.,0.,-1.));
#10770=DIRECTION('center_axis',(0.,0.,-1.));
#10771=DIRECTION('ref_axis',(0.682553143717783,-0.730835963811971,0.));
#10772=DIRECTION('center_axis',(-0.73083596381197,-0.682553143717783,0.));
#10773=DIRECTION('ref_axis',(-0.682553143717783,0.73083596381197,0.));
#10774=DIRECTION('',(0.,0.,-1.));
#10775=DIRECTION('',(-0.682553143717783,0.73083596381197,0.));
#10776=DIRECTION('center_axis',(0.,0.,-1.));
#10777=DIRECTION('ref_axis',(0.682553143717783,-0.730835963811971,0.));
#10778=DIRECTION('',(0.,0.,-1.));
#10779=DIRECTION('center_axis',(0.,0.,-1.));
#10780=DIRECTION('ref_axis',(0.682553143717783,-0.730835963811971,0.));
#10781=DIRECTION('center_axis',(0.682553143717783,-0.730835963811971,0.));
#10782=DIRECTION('ref_axis',(-0.730835963811971,-0.682553143717783,0.));
#10783=DIRECTION('',(0.,0.,-1.));
#10784=DIRECTION('',(-0.730835963811971,-0.682553143717783,0.));
#10785=DIRECTION('center_axis',(0.,0.,-1.));
#10786=DIRECTION('ref_axis',(0.682553143717783,-0.730835963811971,0.));
#10787=DIRECTION('center_axis',(0.,0.,-1.));
#10788=DIRECTION('ref_axis',(0.682553143717783,-0.730835963811971,0.));
#10789=DIRECTION('center_axis',(0.,0.,1.));
#10790=DIRECTION('ref_axis',(1.,0.,0.));
#10791=DIRECTION('center_axis',(0.203456012970907,0.979084087699306,0.));
#10792=DIRECTION('ref_axis',(0.979084087699306,-0.203456012970907,0.));
#10793=DIRECTION('',(0.,0.,-1.));
#10794=DIRECTION('',(0.979084087699306,-0.203456012970907,0.));
#10795=DIRECTION('',(0.,0.,-1.));
#10796=DIRECTION('center_axis',(0.,0.,-1.));
#10797=DIRECTION('ref_axis',(0.203456012970907,0.979084087699306,0.));
#10798=DIRECTION('',(0.,0.,-1.));
#10799=DIRECTION('center_axis',(0.,0.,-1.));
#10800=DIRECTION('ref_axis',(0.203456012970907,0.979084087699306,0.));
#10801=DIRECTION('center_axis',(-0.979084087699306,0.203456012970907,0.));
#10802=DIRECTION('ref_axis',(0.203456012970907,0.979084087699306,0.));
#10803=DIRECTION('',(0.,0.,-1.));
#10804=DIRECTION('',(0.203456012970907,0.979084087699306,0.));
#10805=DIRECTION('center_axis',(0.,0.,-1.));
#10806=DIRECTION('ref_axis',(-0.836182124208929,-0.548451871319119,0.));
#10807=DIRECTION('',(0.,0.,-1.));
#10808=DIRECTION('center_axis',(0.,0.,-1.));
#10809=DIRECTION('ref_axis',(0.203456012970907,0.979084087699306,0.));
#10810=DIRECTION('center_axis',(-0.203456012970907,-0.979084087699306,0.));
#10811=DIRECTION('ref_axis',(-0.979084087699306,0.203456012970907,0.));
#10812=DIRECTION('',(0.,0.,-1.));
#10813=DIRECTION('',(-0.979084087699306,0.203456012970907,0.));
#10814=DIRECTION('center_axis',(0.,0.,-1.));
#10815=DIRECTION('ref_axis',(0.548451871319118,-0.83618212420893,0.));
#10816=DIRECTION('',(0.,0.,-1.));
#10817=DIRECTION('center_axis',(0.,0.,-1.));
#10818=DIRECTION('ref_axis',(0.203456012970907,0.979084087699306,0.));
#10819=DIRECTION('center_axis',(0.979084087699306,-0.203456012970907,0.));
#10820=DIRECTION('ref_axis',(-0.203456012970907,-0.979084087699306,0.));
#10821=DIRECTION('',(0.,0.,-1.));
#10822=DIRECTION('',(-0.203456012970907,-0.979084087699306,0.));
#10823=DIRECTION('center_axis',(0.,0.,-1.));
#10824=DIRECTION('ref_axis',(0.203456012970907,0.979084087699306,0.));
#10825=DIRECTION('center_axis',(0.,0.,-1.));
#10826=DIRECTION('ref_axis',(0.203456012970907,0.979084087699306,0.));
#10827=DIRECTION('center_axis',(0.,0.,1.));
#10828=DIRECTION('ref_axis',(1.,0.,0.));
#10829=DIRECTION('center_axis',(0.398401090333452,-0.917211301293827,0.));
#10830=DIRECTION('ref_axis',(-0.917211301293827,-0.398401090333452,0.));
#10831=DIRECTION('',(0.,0.,-1.));
#10832=DIRECTION('',(-0.917211301293827,-0.398401090333452,0.));
#10833=DIRECTION('',(0.,0.,-1.));
#10834=DIRECTION('center_axis',(0.,0.,-1.));
#10835=DIRECTION('ref_axis',(0.930278443532704,-0.366854218318898,0.));
#10836=DIRECTION('',(0.,0.,-1.));
#10837=DIRECTION('center_axis',(0.,0.,-1.));
#10838=DIRECTION('ref_axis',(-0.917211301293828,-0.398401090333452,0.));
#10839=DIRECTION('center_axis',(0.917211301293828,0.398401090333452,0.));
#10840=DIRECTION('ref_axis',(0.398401090333452,-0.917211301293827,0.));
#10841=DIRECTION('',(0.,0.,-1.));
#10842=DIRECTION('',(0.398401090333452,-0.917211301293827,0.));
#10843=DIRECTION('center_axis',(0.,0.,-1.));
#10844=DIRECTION('ref_axis',(0.366854218318903,0.930278443532702,0.));
#10845=DIRECTION('',(0.,0.,-1.));
#10846=DIRECTION('center_axis',(0.,0.,-1.));
#10847=DIRECTION('ref_axis',(-0.917211301293828,-0.398401090333452,0.));
#10848=DIRECTION('center_axis',(-0.398401090333453,0.917211301293827,0.));
#10849=DIRECTION('ref_axis',(0.917211301293827,0.398401090333453,0.));
#10850=DIRECTION('',(0.,0.,-1.));
#10851=DIRECTION('',(0.917211301293827,0.398401090333453,0.));
#10852=DIRECTION('center_axis',(0.,0.,-1.));
#10853=DIRECTION('ref_axis',(-0.917211301293828,-0.398401090333452,0.));
#10854=DIRECTION('',(0.,0.,-1.));
#10855=DIRECTION('center_axis',(0.,0.,-1.));
#10856=DIRECTION('ref_axis',(-0.917211301293828,-0.398401090333452,0.));
#10857=DIRECTION('center_axis',(-0.917211301293828,-0.398401090333452,0.));
#10858=DIRECTION('ref_axis',(-0.398401090333452,0.917211301293828,0.));
#10859=DIRECTION('',(0.,0.,-1.));
#10860=DIRECTION('',(-0.398401090333452,0.917211301293828,0.));
#10861=DIRECTION('center_axis',(0.,0.,-1.));
#10862=DIRECTION('ref_axis',(-0.917211301293828,-0.398401090333452,0.));
#10863=DIRECTION('center_axis',(0.,0.,-1.));
#10864=DIRECTION('ref_axis',(-0.917211301293828,-0.398401090333452,0.));
#10865=DIRECTION('center_axis',(0.,0.,1.));
#10866=DIRECTION('ref_axis',(1.,0.,0.));
#10867=DIRECTION('center_axis',(0.854419404783057,-0.519583949646413,0.));
#10868=DIRECTION('ref_axis',(-0.519583949646413,-0.854419404783057,0.));
#10869=DIRECTION('',(0.,0.,-1.));
#10870=DIRECTION('',(-0.519583949646413,-0.854419404783057,0.));
#10871=DIRECTION('',(0.,0.,-1.));
#10872=DIRECTION('center_axis',(0.,0.,-1.));
#10873=DIRECTION('ref_axis',(0.854419404783057,-0.519583949646413,0.));
#10874=DIRECTION('',(0.,0.,-1.));
#10875=DIRECTION('center_axis',(0.,0.,-1.));
#10876=DIRECTION('ref_axis',(0.854419404783057,-0.519583949646413,0.));
#10877=DIRECTION('center_axis',(0.519583949646413,0.854419404783057,0.));
#10878=DIRECTION('ref_axis',(0.854419404783057,-0.519583949646413,0.));
#10879=DIRECTION('',(0.,0.,-1.));
#10880=DIRECTION('',(0.854419404783057,-0.519583949646413,0.));
#10881=DIRECTION('center_axis',(0.,0.,-1.));
#10882=DIRECTION('ref_axis',(-0.236764420908801,0.971567089290143,0.));
#10883=DIRECTION('',(0.,0.,-1.));
#10884=DIRECTION('center_axis',(0.,0.,-1.));
#10885=DIRECTION('ref_axis',(0.854419404783057,-0.519583949646413,0.));
#10886=DIRECTION('center_axis',(-0.854419404783057,0.519583949646413,0.));
#10887=DIRECTION('ref_axis',(0.519583949646413,0.854419404783057,0.));
#10888=DIRECTION('',(0.,0.,-1.));
#10889=DIRECTION('',(0.519583949646413,0.854419404783057,0.));
#10890=DIRECTION('center_axis',(0.,0.,-1.));
#10891=DIRECTION('ref_axis',(-0.97156708929014,-0.236764420908812,0.));
#10892=DIRECTION('',(0.,0.,-1.));
#10893=DIRECTION('center_axis',(0.,0.,-1.));
#10894=DIRECTION('ref_axis',(0.854419404783057,-0.519583949646413,0.));
#10895=DIRECTION('center_axis',(-0.519583949646413,-0.854419404783057,0.));
#10896=DIRECTION('ref_axis',(-0.854419404783057,0.519583949646413,0.));
#10897=DIRECTION('',(0.,0.,-1.));
#10898=DIRECTION('',(-0.854419404783057,0.519583949646413,0.));
#10899=DIRECTION('center_axis',(0.,0.,-1.));
#10900=DIRECTION('ref_axis',(0.854419404783057,-0.519583949646413,0.));
#10901=DIRECTION('center_axis',(0.,0.,-1.));
#10902=DIRECTION('ref_axis',(0.854419404783057,-0.519583949646413,0.));
#10903=DIRECTION('center_axis',(0.,0.,1.));
#10904=DIRECTION('ref_axis',(1.,0.,0.));
#10905=DIRECTION('center_axis',(0.,0.,-1.));
#10906=DIRECTION('ref_axis',(-0.576680322052873,-0.816969893054202,0.));
#10907=DIRECTION('',(0.,0.,-1.));
#10908=DIRECTION('center_axis',(0.,0.,-1.));
#10909=DIRECTION('ref_axis',(-0.576680322052873,-0.816969893054202,0.));
#10910=DIRECTION('',(0.,0.,-1.));
#10911=DIRECTION('center_axis',(0.816969893054202,-0.576680322052873,0.));
#10912=DIRECTION('ref_axis',(-0.576680322052873,-0.816969893054202,0.));
#10913=DIRECTION('',(0.,0.,-1.));
#10914=DIRECTION('',(-0.576680322052873,-0.816969893054202,0.));
#10915=DIRECTION('center_axis',(0.,0.,-1.));
#10916=DIRECTION('ref_axis',(0.985459517704303,0.169910385103452,0.));
#10917=DIRECTION('',(0.,0.,-1.));
#10918=DIRECTION('center_axis',(0.,0.,-1.));
#10919=DIRECTION('ref_axis',(-0.576680322052873,-0.816969893054202,0.));
#10920=DIRECTION('center_axis',(0.576680322052873,0.816969893054202,0.));
#10921=DIRECTION('ref_axis',(0.816969893054202,-0.576680322052873,0.));
#10922=DIRECTION('',(0.,0.,-1.));
#10923=DIRECTION('',(0.816969893054202,-0.576680322052873,0.));
#10924=DIRECTION('center_axis',(0.,0.,-1.));
#10925=DIRECTION('ref_axis',(-0.169910385103446,0.985459517704304,0.));
#10926=DIRECTION('',(0.,0.,-1.));
#10927=DIRECTION('center_axis',(0.,0.,-1.));
#10928=DIRECTION('ref_axis',(-0.576680322052873,-0.816969893054202,0.));
#10929=DIRECTION('center_axis',(-0.816969893054203,0.576680322052873,0.));
#10930=DIRECTION('ref_axis',(0.576680322052873,0.816969893054202,0.));
#10931=DIRECTION('',(0.,0.,-1.));
#10932=DIRECTION('',(0.576680322052873,0.816969893054203,0.));
#10933=DIRECTION('center_axis',(0.,0.,-1.));
#10934=DIRECTION('ref_axis',(-0.576680322052873,-0.816969893054202,0.));
#10935=DIRECTION('',(0.,0.,-1.));
#10936=DIRECTION('center_axis',(0.,0.,-1.));
#10937=DIRECTION('ref_axis',(-0.576680322052873,-0.816969893054202,0.));
#10938=DIRECTION('center_axis',(-0.576680322052873,-0.816969893054202,0.));
#10939=DIRECTION('ref_axis',(-0.816969893054202,0.576680322052873,0.));
#10940=DIRECTION('',(-0.816969893054202,0.576680322052873,0.));
#10941=DIRECTION('center_axis',(0.,0.,1.));
#10942=DIRECTION('ref_axis',(1.,0.,0.));
#10943=DIRECTION('center_axis',(0.334879612313992,-0.942260922067996,0.));
#10944=DIRECTION('ref_axis',(-0.942260922067996,-0.334879612313992,0.));
#10945=DIRECTION('',(0.,0.,-1.));
#10946=DIRECTION('',(-0.942260922067996,-0.334879612313992,0.));
#10947=DIRECTION('',(0.,0.,-1.));
#10948=DIRECTION('center_axis',(0.,0.,-1.));
#10949=DIRECTION('ref_axis',(0.903074732389714,-0.429483442893024,0.));
#10950=DIRECTION('',(0.,0.,-1.));
#10951=DIRECTION('center_axis',(0.,0.,-1.));
#10952=DIRECTION('ref_axis',(-0.334879612313992,0.942260922067996,0.));
#10953=DIRECTION('center_axis',(0.942260922067996,0.334879612313992,0.));
#10954=DIRECTION('ref_axis',(0.334879612313992,-0.942260922067996,0.));
#10955=DIRECTION('',(0.,0.,-1.));
#10956=DIRECTION('',(0.334879612313992,-0.942260922067996,0.));
#10957=DIRECTION('center_axis',(0.,0.,-1.));
#10958=DIRECTION('ref_axis',(-0.334879612313992,0.942260922067996,0.));
#10959=DIRECTION('',(0.,0.,-1.));
#10960=DIRECTION('center_axis',(0.,0.,-1.));
#10961=DIRECTION('ref_axis',(-0.334879612313992,0.942260922067996,0.));
#10962=DIRECTION('center_axis',(-0.334879612313992,0.942260922067996,0.));
#10963=DIRECTION('ref_axis',(0.942260922067996,0.334879612313992,0.));
#10964=DIRECTION('',(0.,0.,-1.));
#10965=DIRECTION('',(0.942260922067996,0.334879612313992,0.));
#10966=DIRECTION('center_axis',(0.,0.,-1.));
#10967=DIRECTION('ref_axis',(-0.334879612313992,0.942260922067996,0.));
#10968=DIRECTION('',(0.,0.,-1.));
#10969=DIRECTION('center_axis',(0.,0.,-1.));
#10970=DIRECTION('ref_axis',(-0.334879612313992,0.942260922067996,0.));
#10971=DIRECTION('center_axis',(-0.942260922067996,-0.334879612313992,0.));
#10972=DIRECTION('ref_axis',(-0.334879612313992,0.942260922067996,0.));
#10973=DIRECTION('',(0.,0.,-1.));
#10974=DIRECTION('',(-0.334879612313992,0.942260922067996,0.));
#10975=DIRECTION('center_axis',(0.,0.,-1.));
#10976=DIRECTION('ref_axis',(-0.429483442893023,-0.903074732389715,0.));
#10977=DIRECTION('center_axis',(0.,0.,-1.));
#10978=DIRECTION('ref_axis',(-0.334879612313992,0.942260922067996,0.));
#10979=DIRECTION('center_axis',(0.,0.,1.));
#10980=DIRECTION('ref_axis',(1.,0.,0.));
#10981=DIRECTION('center_axis',(0.269796770937814,0.962917287409219,0.));
#10982=DIRECTION('ref_axis',(0.962917287409219,-0.269796770937814,0.));
#10983=DIRECTION('',(0.,0.,-1.));
#10984=DIRECTION('',(0.962917287409219,-0.269796770937814,0.));
#10985=DIRECTION('',(0.,0.,-1.));
#10986=DIRECTION('center_axis',(0.,0.,-1.));
#10987=DIRECTION('ref_axis',(-0.490110217376456,0.871660469921174,0.));
#10988=DIRECTION('',(0.,0.,-1.));
#10989=DIRECTION('center_axis',(0.,0.,-1.));
#10990=DIRECTION('ref_axis',(0.962917287409219,-0.269796770937815,0.));
#10991=DIRECTION('center_axis',(-0.962917287409219,0.269796770937815,0.));
#10992=DIRECTION('ref_axis',(0.269796770937815,0.962917287409219,0.));
#10993=DIRECTION('',(0.,0.,-1.));
#10994=DIRECTION('',(0.269796770937815,0.962917287409219,0.));
#10995=DIRECTION('center_axis',(0.,0.,-1.));
#10996=DIRECTION('ref_axis',(-0.871660469921175,-0.490110217376456,0.));
#10997=DIRECTION('',(0.,0.,-1.));
#10998=DIRECTION('center_axis',(0.,0.,-1.));
#10999=DIRECTION('ref_axis',(0.962917287409219,-0.269796770937815,0.));
#11000=DIRECTION('center_axis',(-0.269796770937814,-0.962917287409219,0.));
#11001=DIRECTION('ref_axis',(-0.962917287409219,0.269796770937814,0.));
#11002=DIRECTION('',(0.,0.,-1.));
#11003=DIRECTION('',(-0.962917287409219,0.269796770937814,0.));
#11004=DIRECTION('center_axis',(0.,0.,-1.));
#11005=DIRECTION('ref_axis',(0.962917287409219,-0.269796770937815,0.));
#11006=DIRECTION('',(0.,0.,-1.));
#11007=DIRECTION('center_axis',(0.,0.,-1.));
#11008=DIRECTION('ref_axis',(0.962917287409219,-0.269796770937815,0.));
#11009=DIRECTION('center_axis',(0.962917287409219,-0.269796770937815,0.));
#11010=DIRECTION('ref_axis',(-0.269796770937815,-0.962917287409219,0.));
#11011=DIRECTION('',(0.,0.,-1.));
#11012=DIRECTION('',(-0.269796770937815,-0.962917287409219,0.));
#11013=DIRECTION('center_axis',(0.,0.,-1.));
#11014=DIRECTION('ref_axis',(0.962917287409219,-0.269796770937815,0.));
#11015=DIRECTION('center_axis',(0.,0.,-1.));
#11016=DIRECTION('ref_axis',(0.962917287409219,-0.269796770937815,0.));
#11017=DIRECTION('center_axis',(0.,0.,1.));
#11018=DIRECTION('ref_axis',(1.,0.,0.));
#11019=DIRECTION('center_axis',(0.775711290512862,0.631087944561508,0.));
#11020=DIRECTION('ref_axis',(0.631087944561508,-0.775711290512862,0.));
#11021=DIRECTION('',(0.,0.,-1.));
#11022=DIRECTION('',(0.631087944561508,-0.775711290512862,0.));
#11023=DIRECTION('',(0.,0.,-1.));
#11024=DIRECTION('center_axis',(0.,0.,-1.));
#11025=DIRECTION('ref_axis',(0.102264148640086,0.994757278889136,0.));
#11026=DIRECTION('',(0.,0.,-1.));
#11027=DIRECTION('center_axis',(0.,0.,-1.));
#11028=DIRECTION('ref_axis',(-0.775711290512862,-0.631087944561508,0.));
#11029=DIRECTION('center_axis',(-0.631087944561509,0.775711290512862,0.));
#11030=DIRECTION('ref_axis',(0.775711290512862,0.631087944561509,0.));
#11031=DIRECTION('',(0.,0.,-1.));
#11032=DIRECTION('',(0.775711290512862,0.631087944561509,0.));
#11033=DIRECTION('center_axis',(0.,0.,-1.));
#11034=DIRECTION('ref_axis',(-0.775711290512862,-0.631087944561508,0.));
#11035=DIRECTION('',(0.,0.,-1.));
#11036=DIRECTION('center_axis',(0.,0.,-1.));
#11037=DIRECTION('ref_axis',(-0.775711290512862,-0.631087944561508,0.));
#11038=DIRECTION('center_axis',(-0.775711290512862,-0.631087944561509,0.));
#11039=DIRECTION('ref_axis',(-0.631087944561509,0.775711290512862,0.));
#11040=DIRECTION('',(0.,0.,-1.));
#11041=DIRECTION('',(-0.631087944561509,0.775711290512862,0.));
#11042=DIRECTION('center_axis',(0.,0.,-1.));
#11043=DIRECTION('ref_axis',(-0.775711290512862,-0.631087944561508,0.));
#11044=DIRECTION('',(0.,0.,-1.));
#11045=DIRECTION('center_axis',(0.,0.,-1.));
#11046=DIRECTION('ref_axis',(-0.775711290512862,-0.631087944561508,0.));
#11047=DIRECTION('center_axis',(0.631087944561509,-0.775711290512862,0.));
#11048=DIRECTION('ref_axis',(-0.775711290512862,-0.631087944561509,0.));
#11049=DIRECTION('',(0.,0.,-1.));
#11050=DIRECTION('',(-0.775711290512862,-0.631087944561509,0.));
#11051=DIRECTION('center_axis',(0.,0.,-1.));
#11052=DIRECTION('ref_axis',(0.994757278889136,-0.102264148640089,0.));
#11053=DIRECTION('center_axis',(0.,0.,-1.));
#11054=DIRECTION('ref_axis',(-0.775711290512862,-0.631087944561508,0.));
#11055=DIRECTION('center_axis',(0.,0.,1.));
#11056=DIRECTION('ref_axis',(1.,0.,0.));
#11057=DIRECTION('center_axis',(-0.0682424133949541,0.997668769188468,0.));
#11058=DIRECTION('ref_axis',(0.997668769188468,0.0682424133949541,0.));
#11059=DIRECTION('',(0.,0.,-1.));
#11060=DIRECTION('',(0.997668769188468,0.0682424133949541,0.));
#11061=DIRECTION('',(0.,0.,-1.));
#11062=DIRECTION('center_axis',(0.,0.,-1.));
#11063=DIRECTION('ref_axis',(-0.0682424133949541,0.997668769188468,0.));
#11064=DIRECTION('',(0.,0.,-1.));
#11065=DIRECTION('center_axis',(0.,0.,-1.));
#11066=DIRECTION('ref_axis',(-0.0682424133949541,0.997668769188468,0.));
#11067=DIRECTION('center_axis',(-0.997668769188468,-0.0682424133949542,
0.));
#11068=DIRECTION('ref_axis',(-0.0682424133949542,0.997668769188468,0.));
#11069=DIRECTION('',(0.,0.,-1.));
#11070=DIRECTION('',(-0.0682424133949542,0.997668769188468,0.));
#11071=DIRECTION('center_axis',(0.,0.,-1.));
#11072=DIRECTION('ref_axis',(-0.65720367879509,-0.753713025347314,0.));
#11073=DIRECTION('',(0.,0.,-1.));
#11074=DIRECTION('center_axis',(0.,0.,-1.));
#11075=DIRECTION('ref_axis',(-0.0682424133949541,0.997668769188468,0.));
#11076=DIRECTION('center_axis',(0.0682424133949541,-0.997668769188468,0.));
#11077=DIRECTION('ref_axis',(-0.997668769188468,-0.0682424133949541,0.));
#11078=DIRECTION('',(0.,0.,-1.));
#11079=DIRECTION('',(-0.997668769188468,-0.0682424133949541,0.));
#11080=DIRECTION('center_axis',(0.,0.,-1.));
#11081=DIRECTION('ref_axis',(0.753713025347313,-0.657203678795091,0.));
#11082=DIRECTION('',(0.,0.,-1.));
#11083=DIRECTION('center_axis',(0.,0.,-1.));
#11084=DIRECTION('ref_axis',(-0.0682424133949541,0.997668769188468,0.));
#11085=DIRECTION('center_axis',(0.997668769188468,0.0682424133949544,0.));
#11086=DIRECTION('ref_axis',(0.0682424133949544,-0.997668769188468,0.));
#11087=DIRECTION('',(0.,0.,-1.));
#11088=DIRECTION('',(0.0682424133949544,-0.997668769188468,0.));
#11089=DIRECTION('center_axis',(0.,0.,-1.));
#11090=DIRECTION('ref_axis',(-0.0682424133949541,0.997668769188468,0.));
#11091=DIRECTION('center_axis',(0.,0.,-1.));
#11092=DIRECTION('ref_axis',(-0.0682424133949541,0.997668769188468,0.));
#11093=DIRECTION('center_axis',(0.,0.,1.));
#11094=DIRECTION('ref_axis',(1.,0.,0.));
#11095=DIRECTION('center_axis',(-0.854419404511003,-0.519583950093787,0.));
#11096=DIRECTION('ref_axis',(-0.519583950093787,0.854419404511003,0.));
#11097=DIRECTION('',(0.,0.,-1.));
#11098=DIRECTION('',(-0.519583950093787,0.854419404511003,0.));
#11099=DIRECTION('',(0.,0.,-1.));
#11100=DIRECTION('center_axis',(0.,0.,-1.));
#11101=DIRECTION('ref_axis',(-0.236764420400093,-0.971567089414111,0.));
#11102=DIRECTION('',(0.,0.,-1.));
#11103=DIRECTION('center_axis',(0.,0.,-1.));
#11104=DIRECTION('ref_axis',(0.854419404511003,0.519583950093787,0.));
#11105=DIRECTION('center_axis',(0.519583950093787,-0.854419404511003,0.));
#11106=DIRECTION('ref_axis',(-0.854419404511003,-0.519583950093787,0.));
#11107=DIRECTION('',(0.,0.,-1.));
#11108=DIRECTION('',(-0.854419404511003,-0.519583950093787,0.));
#11109=DIRECTION('center_axis',(0.,0.,-1.));
#11110=DIRECTION('ref_axis',(0.854419404511003,0.519583950093787,0.));
#11111=DIRECTION('',(0.,0.,-1.));
#11112=DIRECTION('center_axis',(0.,0.,-1.));
#11113=DIRECTION('ref_axis',(0.854419404511003,0.519583950093787,0.));
#11114=DIRECTION('center_axis',(0.854419404511003,0.519583950093787,0.));
#11115=DIRECTION('ref_axis',(0.519583950093787,-0.854419404511003,0.));
#11116=DIRECTION('',(0.,0.,-1.));
#11117=DIRECTION('',(0.519583950093787,-0.854419404511003,0.));
#11118=DIRECTION('center_axis',(0.,0.,-1.));
#11119=DIRECTION('ref_axis',(0.854419404511003,0.519583950093787,0.));
#11120=DIRECTION('',(0.,0.,-1.));
#11121=DIRECTION('center_axis',(0.,0.,-1.));
#11122=DIRECTION('ref_axis',(0.854419404511003,0.519583950093787,0.));
#11123=DIRECTION('center_axis',(-0.519583950093787,0.854419404511003,0.));
#11124=DIRECTION('ref_axis',(0.854419404511003,0.519583950093787,0.));
#11125=DIRECTION('',(0.,0.,-1.));
#11126=DIRECTION('',(0.854419404511003,0.519583950093787,0.));
#11127=DIRECTION('center_axis',(0.,0.,-1.));
#11128=DIRECTION('ref_axis',(-0.971567089414112,0.23676442040009,0.));
#11129=DIRECTION('center_axis',(0.,0.,-1.));
#11130=DIRECTION('ref_axis',(0.854419404511003,0.519583950093787,0.));
#11131=DIRECTION('center_axis',(0.,0.,1.));
#11132=DIRECTION('ref_axis',(1.,0.,0.));
#11133=DIRECTION('center_axis',(-0.398401090333452,-0.917211301293828,0.));
#11134=DIRECTION('ref_axis',(-0.917211301293828,0.398401090333452,0.));
#11135=DIRECTION('',(0.,0.,-1.));
#11136=DIRECTION('',(-0.917211301293828,0.398401090333452,0.));
#11137=DIRECTION('',(0.,0.,-1.));
#11138=DIRECTION('center_axis',(0.,0.,-1.));
#11139=DIRECTION('ref_axis',(0.366854218318906,-0.930278443532701,0.));
#11140=DIRECTION('',(0.,0.,-1.));
#11141=DIRECTION('center_axis',(0.,0.,-1.));
#11142=DIRECTION('ref_axis',(-0.917211301293828,0.398401090333452,0.));
#11143=DIRECTION('center_axis',(0.917211301293828,-0.398401090333452,0.));
#11144=DIRECTION('ref_axis',(-0.398401090333452,-0.917211301293828,0.));
#11145=DIRECTION('',(0.,0.,-1.));
#11146=DIRECTION('',(-0.398401090333452,-0.917211301293828,0.));
#11147=DIRECTION('center_axis',(0.,0.,-1.));
#11148=DIRECTION('ref_axis',(0.930278443532704,0.366854218318899,0.));
#11149=DIRECTION('',(0.,0.,-1.));
#11150=DIRECTION('center_axis',(0.,0.,-1.));
#11151=DIRECTION('ref_axis',(-0.917211301293828,0.398401090333452,0.));
#11152=DIRECTION('center_axis',(0.398401090333452,0.917211301293828,0.));
#11153=DIRECTION('ref_axis',(0.917211301293828,-0.398401090333452,0.));
#11154=DIRECTION('',(0.,0.,-1.));
#11155=DIRECTION('',(0.917211301293828,-0.398401090333452,0.));
#11156=DIRECTION('center_axis',(0.,0.,-1.));
#11157=DIRECTION('ref_axis',(-0.917211301293828,0.398401090333452,0.));
#11158=DIRECTION('',(0.,0.,-1.));
#11159=DIRECTION('center_axis',(0.,0.,-1.));
#11160=DIRECTION('ref_axis',(-0.917211301293828,0.398401090333452,0.));
#11161=DIRECTION('center_axis',(-0.917211301293828,0.398401090333452,0.));
#11162=DIRECTION('ref_axis',(0.398401090333452,0.917211301293828,0.));
#11163=DIRECTION('',(0.,0.,-1.));
#11164=DIRECTION('',(0.398401090333452,0.917211301293828,0.));
#11165=DIRECTION('center_axis',(0.,0.,-1.));
#11166=DIRECTION('ref_axis',(-0.917211301293828,0.398401090333452,0.));
#11167=DIRECTION('center_axis',(0.,0.,-1.));
#11168=DIRECTION('ref_axis',(-0.917211301293828,0.398401090333452,0.));
#11169=DIRECTION('center_axis',(0.,0.,1.));
#11170=DIRECTION('ref_axis',(1.,0.,0.));
#11171=DIRECTION('center_axis',(0.,0.,-1.));
#11172=DIRECTION('ref_axis',(0.548451871756938,0.836182123921764,0.));
#11173=DIRECTION('',(0.,0.,-1.));
#11174=DIRECTION('center_axis',(0.,0.,-1.));
#11175=DIRECTION('ref_axis',(0.203456012458261,-0.979084087805835,0.));
#11176=DIRECTION('',(0.,0.,-1.));
#11177=DIRECTION('center_axis',(-0.203456012458261,0.979084087805835,0.));
#11178=DIRECTION('ref_axis',(0.979084087805835,0.203456012458261,0.));
#11179=DIRECTION('',(0.,0.,-1.));
#11180=DIRECTION('',(0.979084087805835,0.203456012458261,0.));
#11181=DIRECTION('center_axis',(0.,0.,-1.));
#11182=DIRECTION('ref_axis',(-0.836182123921765,0.548451871756936,0.));
#11183=DIRECTION('',(0.,0.,-1.));
#11184=DIRECTION('center_axis',(0.,0.,-1.));
#11185=DIRECTION('ref_axis',(0.203456012458261,-0.979084087805835,0.));
#11186=DIRECTION('center_axis',(-0.979084087805835,-0.203456012458261,0.));
#11187=DIRECTION('ref_axis',(-0.203456012458261,0.979084087805835,0.));
#11188=DIRECTION('',(0.,0.,-1.));
#11189=DIRECTION('',(-0.203456012458261,0.979084087805835,0.));
#11190=DIRECTION('center_axis',(0.,0.,-1.));
#11191=DIRECTION('ref_axis',(0.203456012458261,-0.979084087805835,0.));
#11192=DIRECTION('',(0.,0.,-1.));
#11193=DIRECTION('center_axis',(0.,0.,-1.));
#11194=DIRECTION('ref_axis',(0.203456012458261,-0.979084087805835,0.));
#11195=DIRECTION('center_axis',(0.203456012458261,-0.979084087805835,0.));
#11196=DIRECTION('ref_axis',(-0.979084087805835,-0.203456012458261,0.));
#11197=DIRECTION('',(0.,0.,-1.));
#11198=DIRECTION('',(-0.979084087805835,-0.203456012458261,0.));
#11199=DIRECTION('center_axis',(0.,0.,-1.));
#11200=DIRECTION('ref_axis',(0.203456012458261,-0.979084087805835,0.));
#11201=DIRECTION('',(0.,0.,-1.));
#11202=DIRECTION('center_axis',(0.,0.,-1.));
#11203=DIRECTION('ref_axis',(0.203456012458261,-0.979084087805835,0.));
#11204=DIRECTION('center_axis',(0.979084087805835,0.203456012458261,0.));
#11205=DIRECTION('ref_axis',(0.203456012458261,-0.979084087805835,0.));
#11206=DIRECTION('',(0.203456012458261,-0.979084087805835,0.));
#11207=DIRECTION('center_axis',(0.,0.,1.));
#11208=DIRECTION('ref_axis',(1.,0.,0.));
#11209=DIRECTION('center_axis',(-0.730837518120701,0.682551479455706,0.));
#11210=DIRECTION('ref_axis',(0.682551479455706,0.730837518120701,0.));
#11211=DIRECTION('',(0.,0.,-1.));
#11212=DIRECTION('',(0.682551479455706,0.730837518120701,0.));
#11213=DIRECTION('',(0.,0.,-1.));
#11214=DIRECTION('center_axis',(0.,0.,-1.));
#11215=DIRECTION('ref_axis',(-0.999416944640735,-0.0341433853766542,0.));
#11216=DIRECTION('',(0.,0.,-1.));
#11217=DIRECTION('center_axis',(0.,0.,-1.));
#11218=DIRECTION('ref_axis',(0.682551479455706,0.730837518120701,0.));
#11219=DIRECTION('center_axis',(-0.682551479455706,-0.730837518120701,0.));
#11220=DIRECTION('ref_axis',(-0.730837518120701,0.682551479455706,0.));
#11221=DIRECTION('',(0.,0.,-1.));
#11222=DIRECTION('',(-0.730837518120701,0.682551479455706,0.));
#11223=DIRECTION('center_axis',(0.,0.,-1.));
#11224=DIRECTION('ref_axis',(0.0341433853766617,-0.999416944640734,0.));
#11225=DIRECTION('',(0.,0.,-1.));
#11226=DIRECTION('center_axis',(0.,0.,-1.));
#11227=DIRECTION('ref_axis',(0.682551479455706,0.730837518120701,0.));
#11228=DIRECTION('center_axis',(0.730837518120701,-0.682551479455706,0.));
#11229=DIRECTION('ref_axis',(-0.682551479455706,-0.730837518120701,0.));
#11230=DIRECTION('',(0.,0.,-1.));
#11231=DIRECTION('',(-0.682551479455706,-0.730837518120701,0.));
#11232=DIRECTION('center_axis',(0.,0.,-1.));
#11233=DIRECTION('ref_axis',(0.682551479455706,0.730837518120701,0.));
#11234=DIRECTION('',(0.,0.,-1.));
#11235=DIRECTION('center_axis',(0.,0.,-1.));
#11236=DIRECTION('ref_axis',(0.682551479455706,0.730837518120701,0.));
#11237=DIRECTION('center_axis',(0.682551479455706,0.730837518120701,0.));
#11238=DIRECTION('ref_axis',(0.730837518120701,-0.682551479455706,0.));
#11239=DIRECTION('',(0.,0.,-1.));
#11240=DIRECTION('',(0.730837518120701,-0.682551479455706,0.));
#11241=DIRECTION('center_axis',(0.,0.,-1.));
#11242=DIRECTION('ref_axis',(0.682551479455706,0.730837518120701,0.));
#11243=DIRECTION('center_axis',(0.,0.,-1.));
#11244=DIRECTION('ref_axis',(0.682551479455706,0.730837518120701,0.));
#11245=DIRECTION('center_axis',(0.,0.,1.));
#11246=DIRECTION('ref_axis',(1.,0.,0.));
#11247=DIRECTION('center_axis',(0.136166649848017,0.990685945933002,0.));
#11248=DIRECTION('ref_axis',(0.990685945933002,-0.136166649848017,0.));
#11249=DIRECTION('',(0.,0.,-1.));
#11250=DIRECTION('',(0.990685945933002,-0.136166649848017,0.));
#11251=DIRECTION('',(0.,0.,-1.));
#11252=DIRECTION('center_axis',(0.,0.,-1.));
#11253=DIRECTION('ref_axis',(-0.990685945933002,0.136166649848017,0.));
#11254=DIRECTION('',(0.,0.,-1.));
#11255=DIRECTION('center_axis',(0.,0.,-1.));
#11256=DIRECTION('ref_axis',(-0.990685945933002,0.136166649848017,0.));
#11257=DIRECTION('center_axis',(-0.990685945933002,0.136166649848017,0.));
#11258=DIRECTION('ref_axis',(0.136166649848017,0.990685945933002,0.));
#11259=DIRECTION('',(0.,0.,-1.));
#11260=DIRECTION('',(0.136166649848017,0.990685945933002,0.));
#11261=DIRECTION('center_axis',(0.,0.,-1.));
#11262=DIRECTION('ref_axis',(-0.990685945933002,0.136166649848017,0.));
#11263=DIRECTION('',(0.,0.,-1.));
#11264=DIRECTION('center_axis',(0.,0.,-1.));
#11265=DIRECTION('ref_axis',(-0.990685945933002,0.136166649848017,0.));
#11266=DIRECTION('center_axis',(-0.136166649848017,-0.990685945933002,0.));
#11267=DIRECTION('ref_axis',(-0.990685945933002,0.136166649848017,0.));
#11268=DIRECTION('',(0.,0.,-1.));
#11269=DIRECTION('',(-0.990685945933002,0.136166649848017,0.));
#11270=DIRECTION('center_axis',(0.,0.,-1.));
#11271=DIRECTION('ref_axis',(0.604236388916453,-0.796805111874418,0.));
#11272=DIRECTION('',(0.,0.,-1.));
#11273=DIRECTION('center_axis',(0.,0.,-1.));
#11274=DIRECTION('ref_axis',(-0.990685945933002,0.136166649848017,0.));
#11275=DIRECTION('center_axis',(0.990685945933002,-0.136166649848017,0.));
#11276=DIRECTION('ref_axis',(-0.136166649848017,-0.990685945933002,0.));
#11277=DIRECTION('',(0.,0.,-1.));
#11278=DIRECTION('',(-0.136166649848017,-0.990685945933002,0.));
#11279=DIRECTION('center_axis',(0.,0.,-1.));
#11280=DIRECTION('ref_axis',(0.796805111874423,0.604236388916447,0.));
#11281=DIRECTION('center_axis',(0.,0.,-1.));
#11282=DIRECTION('ref_axis',(-0.990685945933002,0.136166649848017,0.));
#11283=DIRECTION('center_axis',(0.,0.,1.));
#11284=DIRECTION('ref_axis',(1.,0.,0.));
#11285=DIRECTION('center_axis',(0.460065036990013,-0.887885218786402,0.));
#11286=DIRECTION('ref_axis',(-0.887885218786402,-0.460065036990013,0.));
#11287=DIRECTION('',(0.,0.,-1.));
#11288=DIRECTION('',(-0.887885218786402,-0.460065036990013,0.));
#11289=DIRECTION('',(0.,0.,-1.));
#11290=DIRECTION('center_axis',(0.,0.,-1.));
#11291=DIRECTION('ref_axis',(0.460065036990013,-0.887885218786402,0.));
#11292=DIRECTION('',(0.,0.,-1.));
#11293=DIRECTION('center_axis',(0.,0.,-1.));
#11294=DIRECTION('ref_axis',(0.460065036990013,-0.887885218786402,0.));
#11295=DIRECTION('center_axis',(0.887885218786402,0.460065036990013,0.));
#11296=DIRECTION('ref_axis',(0.460065036990013,-0.887885218786402,0.));
#11297=DIRECTION('',(0.,0.,-1.));
#11298=DIRECTION('',(0.460065036990013,-0.887885218786402,0.));
#11299=DIRECTION('center_axis',(0.,0.,-1.));
#11300=DIRECTION('ref_axis',(0.302514551676689,0.953144766561645,0.));
#11301=DIRECTION('',(0.,0.,-1.));
#11302=DIRECTION('center_axis',(0.,0.,-1.));
#11303=DIRECTION('ref_axis',(0.460065036990013,-0.887885218786402,0.));
#11304=DIRECTION('center_axis',(-0.460065036990013,0.887885218786402,0.));
#11305=DIRECTION('ref_axis',(0.887885218786402,0.460065036990013,0.));
#11306=DIRECTION('',(0.,0.,-1.));
#11307=DIRECTION('',(0.887885218786402,0.460065036990013,0.));
#11308=DIRECTION('center_axis',(0.,0.,-1.));
#11309=DIRECTION('ref_axis',(-0.953144766561645,0.302514551676687,0.));
#11310=DIRECTION('',(0.,0.,-1.));
#11311=DIRECTION('center_axis',(0.,0.,-1.));
#11312=DIRECTION('ref_axis',(0.460065036990013,-0.887885218786402,0.));
#11313=DIRECTION('center_axis',(-0.887885218786402,-0.460065036990014,0.));
#11314=DIRECTION('ref_axis',(-0.460065036990014,0.887885218786402,0.));
#11315=DIRECTION('',(0.,0.,-1.));
#11316=DIRECTION('',(-0.460065036990014,0.887885218786402,0.));
#11317=DIRECTION('center_axis',(0.,0.,-1.));
#11318=DIRECTION('ref_axis',(0.460065036990013,-0.887885218786402,0.));
#11319=DIRECTION('center_axis',(0.,0.,-1.));
#11320=DIRECTION('ref_axis',(0.460065036990013,-0.887885218786402,0.));
#11321=DIRECTION('center_axis',(0.,0.,1.));
#11322=DIRECTION('ref_axis',(1.,0.,0.));
#11323=DIRECTION('center_axis',(0.,0.,-1.));
#11324=DIRECTION('ref_axis',(-0.657203678532003,0.753713025576714,0.));
#11325=DIRECTION('',(0.,0.,-1.));
#11326=DIRECTION('center_axis',(0.,0.,-1.));
#11327=DIRECTION('ref_axis',(-0.0682424137432066,-0.997668769164647,0.));
#11328=DIRECTION('',(0.,0.,-1.));
#11329=DIRECTION('center_axis',(-0.997668769164647,0.0682424137432064,0.));
#11330=DIRECTION('ref_axis',(0.0682424137432064,0.997668769164647,0.));
#11331=DIRECTION('',(0.,0.,-1.));
#11332=DIRECTION('',(0.0682424137432064,0.997668769164647,0.));
#11333=DIRECTION('center_axis',(0.,0.,-1.));
#11334=DIRECTION('ref_axis',(-0.0682424137432066,-0.997668769164647,0.));
#11335=DIRECTION('',(0.,0.,-1.));
#11336=DIRECTION('center_axis',(0.,0.,-1.));
#11337=DIRECTION('ref_axis',(-0.0682424137432066,-0.997668769164647,0.));
#11338=DIRECTION('center_axis',(-0.0682424137432067,-0.997668769164647,
0.));
#11339=DIRECTION('ref_axis',(-0.997668769164647,0.0682424137432067,0.));
#11340=DIRECTION('',(0.,0.,-1.));
#11341=DIRECTION('',(-0.997668769164647,0.0682424137432067,0.));
#11342=DIRECTION('center_axis',(0.,0.,-1.));
#11343=DIRECTION('ref_axis',(-0.0682424137432066,-0.997668769164647,0.));
#11344=DIRECTION('',(0.,0.,-1.));
#11345=DIRECTION('center_axis',(0.,0.,-1.));
#11346=DIRECTION('ref_axis',(-0.0682424137432066,-0.997668769164647,0.));
#11347=DIRECTION('center_axis',(0.997668769164647,-0.0682424137432066,0.));
#11348=DIRECTION('ref_axis',(-0.0682424137432066,-0.997668769164647,0.));
#11349=DIRECTION('',(0.,0.,-1.));
#11350=DIRECTION('',(-0.0682424137432066,-0.997668769164647,0.));
#11351=DIRECTION('center_axis',(0.,0.,-1.));
#11352=DIRECTION('ref_axis',(0.753713025576714,0.657203678532003,0.));
#11353=DIRECTION('',(0.,0.,-1.));
#11354=DIRECTION('center_axis',(0.,0.,-1.));
#11355=DIRECTION('ref_axis',(-0.0682424137432066,-0.997668769164647,0.));
#11356=DIRECTION('center_axis',(0.0682424137432067,0.997668769164647,0.));
#11357=DIRECTION('ref_axis',(0.997668769164647,-0.0682424137432067,0.));
#11358=DIRECTION('',(0.997668769164647,-0.0682424137432067,0.));
#11359=DIRECTION('center_axis',(0.,0.,1.));
#11360=DIRECTION('ref_axis',(1.,0.,0.));
#11361=DIRECTION('center_axis',(-0.775711290512863,0.631087944561508,0.));
#11362=DIRECTION('ref_axis',(0.631087944561508,0.775711290512863,0.));
#11363=DIRECTION('',(0.,0.,-1.));
#11364=DIRECTION('',(0.631087944561508,0.775711290512863,0.));
#11365=DIRECTION('',(0.,0.,-1.));
#11366=DIRECTION('center_axis',(0.,0.,-1.));
#11367=DIRECTION('ref_axis',(-0.775711290512863,0.631087944561508,0.));
#11368=DIRECTION('',(0.,0.,-1.));
#11369=DIRECTION('center_axis',(0.,0.,-1.));
#11370=DIRECTION('ref_axis',(-0.775711290512863,0.631087944561508,0.));
#11371=DIRECTION('center_axis',(-0.631087944561508,-0.775711290512863,0.));
#11372=DIRECTION('ref_axis',(-0.775711290512863,0.631087944561508,0.));
#11373=DIRECTION('',(0.,0.,-1.));
#11374=DIRECTION('',(-0.775711290512863,0.631087944561508,0.));
#11375=DIRECTION('center_axis',(0.,0.,-1.));
#11376=DIRECTION('ref_axis',(0.102264148640085,-0.994757278889136,0.));
#11377=DIRECTION('',(0.,0.,-1.));
#11378=DIRECTION('center_axis',(0.,0.,-1.));
#11379=DIRECTION('ref_axis',(-0.775711290512863,0.631087944561508,0.));
#11380=DIRECTION('center_axis',(0.775711290512863,-0.631087944561508,0.));
#11381=DIRECTION('ref_axis',(-0.631087944561508,-0.775711290512863,0.));
#11382=DIRECTION('',(0.,0.,-1.));
#11383=DIRECTION('',(-0.631087944561508,-0.775711290512863,0.));
#11384=DIRECTION('center_axis',(0.,0.,-1.));
#11385=DIRECTION('ref_axis',(0.994757278889135,0.102264148640093,0.));
#11386=DIRECTION('',(0.,0.,-1.));
#11387=DIRECTION('center_axis',(0.,0.,-1.));
#11388=DIRECTION('ref_axis',(-0.775711290512863,0.631087944561508,0.));
#11389=DIRECTION('center_axis',(0.631087944561508,0.775711290512863,0.));
#11390=DIRECTION('ref_axis',(0.775711290512863,-0.631087944561508,0.));
#11391=DIRECTION('',(0.,0.,-1.));
#11392=DIRECTION('',(0.775711290512863,-0.631087944561508,0.));
#11393=DIRECTION('center_axis',(0.,0.,-1.));
#11394=DIRECTION('ref_axis',(-0.775711290512863,0.631087944561508,0.));
#11395=DIRECTION('center_axis',(0.,0.,-1.));
#11396=DIRECTION('ref_axis',(-0.775711290512863,0.631087944561508,0.));
#11397=DIRECTION('center_axis',(0.,0.,1.));
#11398=DIRECTION('ref_axis',(1.,0.,0.));
#11399=DIRECTION('center_axis',(-0.269796771105876,0.962917287362131,0.));
#11400=DIRECTION('ref_axis',(0.96291728736213,0.269796771105876,0.));
#11401=DIRECTION('',(0.,0.,-1.));
#11402=DIRECTION('',(0.96291728736213,0.269796771105876,0.));
#11403=DIRECTION('',(0.,0.,-1.));
#11404=DIRECTION('center_axis',(0.,0.,-1.));
#11405=DIRECTION('ref_axis',(-0.87166047000672,0.490110217224314,0.));
#11406=DIRECTION('',(0.,0.,-1.));
#11407=DIRECTION('center_axis',(0.,0.,-1.));
#11408=DIRECTION('ref_axis',(0.96291728736213,0.269796771105876,0.));
#11409=DIRECTION('center_axis',(-0.96291728736213,-0.269796771105876,0.));
#11410=DIRECTION('ref_axis',(-0.269796771105876,0.96291728736213,0.));
#11411=DIRECTION('',(0.,0.,-1.));
#11412=DIRECTION('',(-0.269796771105876,0.96291728736213,0.));
#11413=DIRECTION('center_axis',(0.,0.,-1.));
#11414=DIRECTION('ref_axis',(-0.490110217224324,-0.871660470006714,0.));
#11415=DIRECTION('',(0.,0.,-1.));
#11416=DIRECTION('center_axis',(0.,0.,-1.));
#11417=DIRECTION('ref_axis',(0.96291728736213,0.269796771105876,0.));
#11418=DIRECTION('center_axis',(0.269796771105876,-0.96291728736213,0.));
#11419=DIRECTION('ref_axis',(-0.96291728736213,-0.269796771105876,0.));
#11420=DIRECTION('',(0.,0.,-1.));
#11421=DIRECTION('',(-0.96291728736213,-0.269796771105876,0.));
#11422=DIRECTION('center_axis',(0.,0.,-1.));
#11423=DIRECTION('ref_axis',(0.96291728736213,0.269796771105876,0.));
#11424=DIRECTION('',(0.,0.,-1.));
#11425=DIRECTION('center_axis',(0.,0.,-1.));
#11426=DIRECTION('ref_axis',(0.96291728736213,0.269796771105876,0.));
#11427=DIRECTION('center_axis',(0.96291728736213,0.269796771105876,0.));
#11428=DIRECTION('ref_axis',(0.269796771105876,-0.96291728736213,0.));
#11429=DIRECTION('',(0.,0.,-1.));
#11430=DIRECTION('',(0.269796771105876,-0.96291728736213,0.));
#11431=DIRECTION('center_axis',(0.,0.,-1.));
#11432=DIRECTION('ref_axis',(0.96291728736213,0.269796771105876,0.));
#11433=DIRECTION('center_axis',(0.,0.,-1.));
#11434=DIRECTION('ref_axis',(0.96291728736213,0.269796771105876,0.));
#11435=DIRECTION('center_axis',(0.,0.,1.));
#11436=DIRECTION('ref_axis',(1.,0.,0.));
#11437=DIRECTION('center_axis',(0.,0.,-1.));
#11438=DIRECTION('ref_axis',(0.903074732389713,0.429483442893028,0.));
#11439=DIRECTION('',(0.,0.,-1.));
#11440=DIRECTION('center_axis',(0.,0.,-1.));
#11441=DIRECTION('ref_axis',(-0.33487961231399,-0.942260922067997,0.));
#11442=DIRECTION('',(0.,0.,-1.));
#11443=DIRECTION('center_axis',(0.33487961231399,0.942260922067997,0.));
#11444=DIRECTION('ref_axis',(0.942260922067997,-0.33487961231399,0.));
#11445=DIRECTION('',(0.,0.,-1.));
#11446=DIRECTION('',(0.942260922067997,-0.33487961231399,0.));
#11447=DIRECTION('center_axis',(0.,0.,-1.));
#11448=DIRECTION('ref_axis',(-0.429483442893031,0.903074732389711,0.));
#11449=DIRECTION('',(0.,0.,-1.));
#11450=DIRECTION('center_axis',(0.,0.,-1.));
#11451=DIRECTION('ref_axis',(-0.33487961231399,-0.942260922067997,0.));
#11452=DIRECTION('center_axis',(-0.942260922067997,0.33487961231399,0.));
#11453=DIRECTION('ref_axis',(0.33487961231399,0.942260922067997,0.));
#11454=DIRECTION('',(0.,0.,-1.));
#11455=DIRECTION('',(0.33487961231399,0.942260922067997,0.));
#11456=DIRECTION('center_axis',(0.,0.,-1.));
#11457=DIRECTION('ref_axis',(-0.33487961231399,-0.942260922067997,0.));
#11458=DIRECTION('',(0.,0.,-1.));
#11459=DIRECTION('center_axis',(0.,0.,-1.));
#11460=DIRECTION('ref_axis',(-0.33487961231399,-0.942260922067997,0.));
#11461=DIRECTION('center_axis',(-0.33487961231399,-0.942260922067997,0.));
#11462=DIRECTION('ref_axis',(-0.942260922067997,0.33487961231399,0.));
#11463=DIRECTION('',(0.,0.,-1.));
#11464=DIRECTION('',(-0.942260922067997,0.33487961231399,0.));
#11465=DIRECTION('center_axis',(0.,0.,-1.));
#11466=DIRECTION('ref_axis',(-0.33487961231399,-0.942260922067997,0.));
#11467=DIRECTION('',(0.,0.,-1.));
#11468=DIRECTION('center_axis',(0.,0.,-1.));
#11469=DIRECTION('ref_axis',(-0.33487961231399,-0.942260922067997,0.));
#11470=DIRECTION('center_axis',(0.942260922067997,-0.33487961231399,0.));
#11471=DIRECTION('ref_axis',(-0.33487961231399,-0.942260922067997,0.));
#11472=DIRECTION('',(-0.33487961231399,-0.942260922067997,0.));
#11473=DIRECTION('center_axis',(0.,0.,1.));
#11474=DIRECTION('ref_axis',(1.,0.,0.));
#11475=DIRECTION('center_axis',(0.,0.,-1.));
#11476=DIRECTION('ref_axis',(-0.169910385103438,-0.985459517704305,0.));
#11477=DIRECTION('',(0.,0.,-1.));
#11478=DIRECTION('center_axis',(0.,0.,-1.));
#11479=DIRECTION('ref_axis',(-0.576680322052873,0.816969893054202,0.));
#11480=DIRECTION('',(0.,0.,-1.));
#11481=DIRECTION('center_axis',(0.576680322052873,-0.816969893054203,0.));
#11482=DIRECTION('ref_axis',(-0.816969893054202,-0.576680322052873,0.));
#11483=DIRECTION('',(0.,0.,-1.));
#11484=DIRECTION('',(-0.816969893054202,-0.576680322052873,0.));
#11485=DIRECTION('center_axis',(0.,0.,-1.));
#11486=DIRECTION('ref_axis',(0.985459517704304,-0.169910385103442,0.));
#11487=DIRECTION('',(0.,0.,-1.));
#11488=DIRECTION('center_axis',(0.,0.,-1.));
#11489=DIRECTION('ref_axis',(-0.576680322052873,0.816969893054202,0.));
#11490=DIRECTION('center_axis',(0.816969893054202,0.576680322052873,0.));
#11491=DIRECTION('ref_axis',(0.576680322052873,-0.816969893054202,0.));
#11492=DIRECTION('',(0.,0.,-1.));
#11493=DIRECTION('',(0.576680322052873,-0.816969893054202,0.));
#11494=DIRECTION('center_axis',(0.,0.,-1.));
#11495=DIRECTION('ref_axis',(-0.576680322052873,0.816969893054202,0.));
#11496=DIRECTION('',(0.,0.,-1.));
#11497=DIRECTION('center_axis',(0.,0.,-1.));
#11498=DIRECTION('ref_axis',(-0.576680322052873,0.816969893054202,0.));
#11499=DIRECTION('center_axis',(-0.576680322052873,0.816969893054203,0.));
#11500=DIRECTION('ref_axis',(0.816969893054202,0.576680322052873,0.));
#11501=DIRECTION('',(0.,0.,-1.));
#11502=DIRECTION('',(0.816969893054202,0.576680322052873,0.));
#11503=DIRECTION('center_axis',(0.,0.,-1.));
#11504=DIRECTION('ref_axis',(-0.576680322052873,0.816969893054202,0.));
#11505=DIRECTION('',(0.,0.,-1.));
#11506=DIRECTION('center_axis',(0.,0.,-1.));
#11507=DIRECTION('ref_axis',(-0.576680322052873,0.816969893054202,0.));
#11508=DIRECTION('center_axis',(-0.816969893054202,-0.576680322052873,0.));
#11509=DIRECTION('ref_axis',(-0.576680322052873,0.816969893054202,0.));
#11510=DIRECTION('',(-0.576680322052873,0.816969893054202,0.));
#11511=DIRECTION('center_axis',(0.,0.,1.));
#11512=DIRECTION('ref_axis',(1.,0.,0.));
#11513=DIRECTION('center_axis',(-1.,-2.22044604925029E-16,0.));
#11514=DIRECTION('ref_axis',(-2.22044604925029E-16,1.,0.));
#11515=DIRECTION('',(0.,0.,-1.));
#11516=DIRECTION('',(-2.22044604925029E-16,1.,0.));
#11517=DIRECTION('',(0.,0.,-1.));
#11518=DIRECTION('center_axis',(0.,0.,-1.));
#11519=DIRECTION('ref_axis',(-0.707106781186547,-0.707106781186548,0.));
#11520=DIRECTION('',(0.,0.,-1.));
#11521=DIRECTION('center_axis',(0.,0.,-1.));
#11522=DIRECTION('ref_axis',(1.,2.22044604925029E-16,0.));
#11523=DIRECTION('center_axis',(5.02403954577846E-16,-1.,0.));
#11524=DIRECTION('ref_axis',(-1.,-5.02403954577846E-16,0.));
#11525=DIRECTION('',(0.,0.,-1.));
#11526=DIRECTION('',(-1.,-5.02403954577846E-16,0.));
#11527=DIRECTION('center_axis',(0.,0.,-1.));
#11528=DIRECTION('ref_axis',(1.,2.22044604925029E-16,0.));
#11529=DIRECTION('',(0.,0.,-1.));
#11530=DIRECTION('center_axis',(0.,0.,-1.));
#11531=DIRECTION('ref_axis',(1.,2.22044604925029E-16,0.));
#11532=DIRECTION('center_axis',(1.,2.22044604925029E-16,0.));
#11533=DIRECTION('ref_axis',(2.22044604925029E-16,-1.,0.));
#11534=DIRECTION('',(0.,0.,-1.));
#11535=DIRECTION('',(2.22044604925029E-16,-1.,0.));
#11536=DIRECTION('center_axis',(0.,0.,-1.));
#11537=DIRECTION('ref_axis',(1.,2.22044604925029E-16,0.));
#11538=DIRECTION('',(0.,0.,-1.));
#11539=DIRECTION('center_axis',(0.,0.,-1.));
#11540=DIRECTION('ref_axis',(1.,2.22044604925029E-16,0.));
#11541=DIRECTION('center_axis',(-3.15497721475968E-16,1.,0.));
#11542=DIRECTION('ref_axis',(1.,3.15497721475968E-16,0.));
#11543=DIRECTION('',(0.,0.,-1.));
#11544=DIRECTION('',(1.,3.15497721475968E-16,0.));
#11545=DIRECTION('center_axis',(0.,0.,-1.));
#11546=DIRECTION('ref_axis',(-0.707106781186549,0.707106781186546,0.));
#11547=DIRECTION('center_axis',(0.,0.,-1.));
#11548=DIRECTION('ref_axis',(1.,2.22044604925029E-16,0.));
#11549=DIRECTION('center_axis',(0.,0.,1.));
#11550=DIRECTION('ref_axis',(1.,0.,0.));
#11551=DIRECTION('center_axis',(0.,0.,1.));
#11552=DIRECTION('ref_axis',(1.,0.,0.));
#11553=DIRECTION('',(0.,0.,-1.));
#11554=DIRECTION('center_axis',(0.,0.,-1.));
#11555=DIRECTION('ref_axis',(1.,0.,0.));
#11556=DIRECTION('center_axis',(0.,0.,1.));
#11557=DIRECTION('ref_axis',(-1.,0.,0.));
#11558=DIRECTION('',(0.,0.,-1.));
#11559=DIRECTION('center_axis',(0.,0.,-1.));
#11560=DIRECTION('ref_axis',(-1.,0.,0.));
#11561=DIRECTION('center_axis',(0.,0.,1.));
#11562=DIRECTION('ref_axis',(1.,0.,0.));
#11563=DIRECTION('center_axis',(0.,0.,1.));
#11564=DIRECTION('ref_axis',(1.,0.,0.));
#11565=DIRECTION('',(0.,0.,-1.));
#11566=DIRECTION('center_axis',(0.,0.,1.));
#11567=DIRECTION('ref_axis',(1.,0.,0.));
#11568=DIRECTION('center_axis',(0.,0.,1.));
#11569=DIRECTION('ref_axis',(1.,0.,0.));
#11570=DIRECTION('center_axis',(0.,0.,1.));
#11571=DIRECTION('ref_axis',(1.,0.,0.));
#11572=CARTESIAN_POINT('',(0.,0.,0.));
#11573=CARTESIAN_POINT('Origin',(88.7143060157171,69.6678685487805,12.));
#11574=CARTESIAN_POINT('',(88.9840560845062,69.8532626346688,0.));
#11575=CARTESIAN_POINT('',(88.7143060157171,69.6678685487805,0.));
#11576=CARTESIAN_POINT('',(42.3274989200566,37.7870992967767,0.));
#11577=CARTESIAN_POINT('',(88.9840560845062,69.8532626346688,12.));
#11578=CARTESIAN_POINT('',(88.9840560845062,69.8532626346688,12.));
#11579=CARTESIAN_POINT('',(88.7143060157171,69.6678685487805,12.));
#11580=CARTESIAN_POINT('',(42.3274989200566,37.7870992967767,12.));
#11581=CARTESIAN_POINT('',(88.7143060157171,69.6678685487805,12.));
#11582=CARTESIAN_POINT('Origin',(-3.38085326158176E-15,8.16210179650413E-15,
12.));
#11583=CARTESIAN_POINT('',(87.4794275169645,71.2122865895067,0.));
#11584=CARTESIAN_POINT('Origin',(-3.38085326158176E-15,8.16210179650413E-15,
0.));
#11585=CARTESIAN_POINT('',(87.4794275169645,71.2122865895067,12.));
#11586=CARTESIAN_POINT('Origin',(-3.38085326158176E-15,8.16210179650413E-15,
12.));
#11587=CARTESIAN_POINT('',(87.4794275169645,71.2122865895067,12.));
#11588=CARTESIAN_POINT('Origin',(85.61816310171,69.6971315556874,12.));
#11589=CARTESIAN_POINT('',(84.2244760083371,71.6510088000029,0.));
#11590=CARTESIAN_POINT('Origin',(85.61816310171,69.6971315556874,0.));
#11591=CARTESIAN_POINT('',(84.2244760083371,71.6510088000029,12.));
#11592=CARTESIAN_POINT('Origin',(85.61816310171,69.6971315556874,12.));
#11593=CARTESIAN_POINT('',(84.2244760083371,71.6510088000029,12.));
#11594=CARTESIAN_POINT('Origin',(77.3708805100837,66.7623866409063,12.));
#11595=CARTESIAN_POINT('',(77.3708805100837,66.7623866409063,0.));
#11596=CARTESIAN_POINT('',(35.9495175084397,37.2168155488536,0.));
#11597=CARTESIAN_POINT('',(77.3708805100837,66.7623866409063,12.));
#11598=CARTESIAN_POINT('',(35.9495175084397,37.2168155488536,12.));
#11599=CARTESIAN_POINT('',(77.3708805100837,66.7623866409063,12.));
#11600=CARTESIAN_POINT('Origin',(78.7645676035813,64.8085093967021,12.));
#11601=CARTESIAN_POINT('',(76.9112836599676,63.2836032932503,0.));
#11602=CARTESIAN_POINT('Origin',(78.7645676035813,64.8085093967021,0.));
#11603=CARTESIAN_POINT('',(76.9112836599676,63.2836032932503,12.));
#11604=CARTESIAN_POINT('Origin',(78.7645676035813,64.8085093967021,12.));
#11605=CARTESIAN_POINT('',(76.9112836599676,63.2836032932503,12.));
#11606=CARTESIAN_POINT('Origin',(-3.38085326158176E-15,8.16210179650413E-15,
12.));
#11607=CARTESIAN_POINT('',(99.1324186238198,9.63968763981534,0.));
#11608=CARTESIAN_POINT('Origin',(-3.38085326158176E-15,8.16210179650413E-15,
0.));
#11609=CARTESIAN_POINT('',(99.1324186238198,9.63968763981534,12.));
#11610=CARTESIAN_POINT('Origin',(-3.38085326158176E-15,8.16210179650413E-15,
12.));
#11611=CARTESIAN_POINT('',(99.1324186238198,9.63968763981534,12.));
#11612=CARTESIAN_POINT('Origin',(101.524461299045,9.87229110627098,12.));
#11613=CARTESIAN_POINT('',(101.921124387122,7.5019259598718,0.));
#11614=CARTESIAN_POINT('Origin',(101.524461299045,9.87229110627098,0.));
#11615=CARTESIAN_POINT('',(101.921124387122,7.5019259598718,12.));
#11616=CARTESIAN_POINT('Origin',(101.524461299045,9.87229110627098,12.));
#11617=CARTESIAN_POINT('',(101.921124387122,7.5019259598718,12.));
#11618=CARTESIAN_POINT('Origin',(110.220612328407,8.8907839260293,12.));
#11619=CARTESIAN_POINT('',(110.220612328407,8.8907839260293,0.));
#11620=CARTESIAN_POINT('',(55.8879111251137,-0.201392051921591,-1.11022302462516E-15));
#11621=CARTESIAN_POINT('',(110.220612328407,8.8907839260293,12.));
#11622=CARTESIAN_POINT('',(55.8879111251137,-0.201392051921591,12.));
#11623=CARTESIAN_POINT('',(110.220612328407,8.8907839260293,12.));
#11624=CARTESIAN_POINT('Origin',(109.824498074232,11.2578693696775,12.));
#11625=CARTESIAN_POINT('',(112.211987162803,11.5026056603227,0.));
#11626=CARTESIAN_POINT('Origin',(109.824498074232,11.2578693696775,0.));
#11627=CARTESIAN_POINT('',(112.211987162803,11.5026056603227,12.));
#11628=CARTESIAN_POINT('Origin',(109.824498074232,11.2578693696775,12.));
#11629=CARTESIAN_POINT('',(112.211987162803,11.5026056603227,12.));
#11630=CARTESIAN_POINT('Origin',(-3.38085326158176E-15,8.16210179650413E-15,
12.));
#11631=CARTESIAN_POINT('',(111.993109653465,13.4678650903279,0.));
#11632=CARTESIAN_POINT('Origin',(-3.38085326158176E-15,8.16210179650413E-15,
0.));
#11633=CARTESIAN_POINT('',(111.993109653465,13.4678650903279,12.));
#11634=CARTESIAN_POINT('Origin',(-3.38085326158176E-15,8.16210179650413E-15,
12.));
#11635=CARTESIAN_POINT('',(111.993109653465,13.4678650903279,12.));
#11636=CARTESIAN_POINT('Origin',(112.314945171655,13.5275137778707,12.));
#11637=CARTESIAN_POINT('',(112.314945171655,13.5275137778707,0.));
#11638=CARTESIAN_POINT('',(56.8104934301685,3.24037170671536,0.));
#11639=CARTESIAN_POINT('',(112.314945171655,13.5275137778707,12.));
#11640=CARTESIAN_POINT('',(56.8104934301685,3.24037170671536,12.));
#11641=CARTESIAN_POINT('',(112.314945171655,13.5275137778707,12.));
#11642=CARTESIAN_POINT('Origin',(111.87757991071,15.8873255560721,12.));
#11643=CARTESIAN_POINT('',(114.253740899964,16.2247554793869,0.));
#11644=CARTESIAN_POINT('Origin',(111.87757991071,15.8873255560721,0.));
#11645=CARTESIAN_POINT('',(114.253740899964,16.2247554793869,12.));
#11646=CARTESIAN_POINT('Origin',(111.87757991071,15.8873255560721,12.));
#11647=CARTESIAN_POINT('',(114.253740899964,16.2247554793869,12.));
#11648=CARTESIAN_POINT('Origin',(-3.38085326158176E-15,8.16210179650413E-15,
12.));
#11649=CARTESIAN_POINT('',(92.2622295888633,69.3169603437273,0.));
#11650=CARTESIAN_POINT('Origin',(-3.38085326158176E-15,8.16210179650413E-15,
0.));
#11651=CARTESIAN_POINT('',(92.2622295888633,69.3169603437273,12.));
#11652=CARTESIAN_POINT('Origin',(-3.38085326158176E-15,8.16210179650413E-15,
12.));
#11653=CARTESIAN_POINT('',(92.2622295888633,69.3169603437273,12.));
#11654=CARTESIAN_POINT('Origin',(90.3434310532197,67.875359781986,12.));
#11655=CARTESIAN_POINT('Origin',(90.3434310532197,67.875359781986,0.));
#11656=CARTESIAN_POINT('Origin',(90.3434310532197,67.875359781986,12.));
#11657=CARTESIAN_POINT('Origin',(111.993109653628,-13.4678650903164,12.));
#11658=CARTESIAN_POINT('',(112.314945171818,-13.5275137778592,0.));
#11659=CARTESIAN_POINT('',(111.993109653628,-13.4678650903164,0.));
#11660=CARTESIAN_POINT('',(56.6495756711585,-3.21054736291807,0.));
#11661=CARTESIAN_POINT('',(112.314945171818,-13.5275137778592,12.));
#11662=CARTESIAN_POINT('',(112.314945171818,-13.5275137778592,12.));
#11663=CARTESIAN_POINT('',(111.993109653628,-13.4678650903164,12.));
#11664=CARTESIAN_POINT('',(56.6495756711585,-3.21054736291807,12.));
#11665=CARTESIAN_POINT('',(111.993109653628,-13.4678650903164,12.));
#11666=CARTESIAN_POINT('Origin',(3.38085326158185E-15,8.16210179650409E-15,
12.));
#11667=CARTESIAN_POINT('',(112.211987162803,-11.5026056603226,0.));
#11668=CARTESIAN_POINT('Origin',(3.38085326158185E-15,8.16210179650409E-15,
0.));
#11669=CARTESIAN_POINT('',(112.211987162803,-11.5026056603226,12.));
#11670=CARTESIAN_POINT('Origin',(3.38085326158185E-15,8.16210179650409E-15,
12.));
#11671=CARTESIAN_POINT('',(112.211987162803,-11.5026056603226,12.));
#11672=CARTESIAN_POINT('Origin',(109.824498074232,-11.2578693696775,12.));
#11673=CARTESIAN_POINT('',(110.220612328718,-8.89078392603982,0.));
#11674=CARTESIAN_POINT('Origin',(109.824498074232,-11.2578693696775,0.));
#11675=CARTESIAN_POINT('',(110.220612328718,-8.89078392603982,12.));
#11676=CARTESIAN_POINT('Origin',(109.824498074232,-11.2578693696775,12.));
#11677=CARTESIAN_POINT('',(110.220612328718,-8.89078392603982,12.));
#11678=CARTESIAN_POINT('Origin',(101.917610597037,-7.50133795307122,12.));
#11679=CARTESIAN_POINT('',(101.917610597037,-7.50133795307122,0.));
#11680=CARTESIAN_POINT('',(51.7364102593655,0.896115038161148,-1.11022302462516E-15));
#11681=CARTESIAN_POINT('',(101.917610597037,-7.50133795307122,12.));
#11682=CARTESIAN_POINT('',(51.7364102593655,0.896115038161148,12.));
#11683=CARTESIAN_POINT('',(101.917610597037,-7.50133795307122,12.));
#11684=CARTESIAN_POINT('Origin',(101.521496342719,-9.86842339671845,12.));
#11685=CARTESIAN_POINT('',(99.1327552523018,-9.6362251991486,0.));
#11686=CARTESIAN_POINT('Origin',(101.521496342719,-9.86842339671845,0.));
#11687=CARTESIAN_POINT('',(99.1327552523018,-9.6362251991486,12.));
#11688=CARTESIAN_POINT('Origin',(101.521496342719,-9.86842339671845,12.));
#11689=CARTESIAN_POINT('',(99.1327552523018,-9.6362251991486,12.));
#11690=CARTESIAN_POINT('Origin',(3.38085326158185E-15,8.16210179650409E-15,
12.));
#11691=CARTESIAN_POINT('',(76.9134939429602,-63.280916945693,0.));
#11692=CARTESIAN_POINT('Origin',(3.38085326158185E-15,8.16210179650409E-15,
0.));
#11693=CARTESIAN_POINT('',(76.9134939429602,-63.280916945693,12.));
#11694=CARTESIAN_POINT('Origin',(3.38085326158185E-15,8.16210179650409E-15,
12.));
#11695=CARTESIAN_POINT('',(76.9134939429602,-63.280916945693,12.));
#11696=CARTESIAN_POINT('Origin',(78.7693990279578,-64.8078710537741,12.));
#11697=CARTESIAN_POINT('',(77.3737809184762,-66.7644554821067,0.));
#11698=CARTESIAN_POINT('Origin',(78.7693990279578,-64.8078710537741,0.));
#11699=CARTESIAN_POINT('',(77.3737809184762,-66.7644554821067,12.));
#11700=CARTESIAN_POINT('Origin',(78.7693990279578,-64.8078710537741,12.));
#11701=CARTESIAN_POINT('',(77.3737809184762,-66.7644554821067,12.));
#11702=CARTESIAN_POINT('Origin',(84.22447600811,-71.6510087997906,12.));
#11703=CARTESIAN_POINT('',(84.22447600811,-71.6510087997906,0.));
#11704=CARTESIAN_POINT('',(39.3763152573282,-39.6611266285099,1.11022302462516E-15));
#11705=CARTESIAN_POINT('',(84.22447600811,-71.6510087997906,12.));
#11706=CARTESIAN_POINT('',(39.3763152573282,-39.6611266285099,12.));
#11707=CARTESIAN_POINT('',(84.22447600811,-71.6510087997906,12.));
#11708=CARTESIAN_POINT('Origin',(85.61816310171,-69.6971315556874,12.));
#11709=CARTESIAN_POINT('',(87.4794275169646,-71.2122865895067,0.));
#11710=CARTESIAN_POINT('Origin',(85.61816310171,-69.6971315556874,0.));
#11711=CARTESIAN_POINT('',(87.4794275169646,-71.2122865895067,12.));
#11712=CARTESIAN_POINT('Origin',(85.61816310171,-69.6971315556874,12.));
#11713=CARTESIAN_POINT('',(87.4794275169646,-71.2122865895067,12.));
#11714=CARTESIAN_POINT('Origin',(3.38085326158185E-15,8.16210179650409E-15,
12.));
#11715=CARTESIAN_POINT('',(88.7143060156105,-69.6678685486576,0.));
#11716=CARTESIAN_POINT('Origin',(3.38085326158185E-15,8.16210179650409E-15,
0.));
#11717=CARTESIAN_POINT('',(88.7143060156105,-69.6678685486576,12.));
#11718=CARTESIAN_POINT('Origin',(3.38085326158185E-15,8.16210179650409E-15,
12.));
#11719=CARTESIAN_POINT('',(88.7143060156105,-69.6678685486576,12.));
#11720=CARTESIAN_POINT('Origin',(88.9840560843996,-69.8532626345459,12.));
#11721=CARTESIAN_POINT('',(88.9840560843996,-69.8532626345459,0.));
#11722=CARTESIAN_POINT('',(42.4623739544094,-37.8797963396425,0.));
#11723=CARTESIAN_POINT('',(88.9840560843996,-69.8532626345459,12.));
#11724=CARTESIAN_POINT('',(42.4623739544094,-37.8797963396425,12.));
#11725=CARTESIAN_POINT('',(88.9840560843996,-69.8532626345459,12.));
#11726=CARTESIAN_POINT('Origin',(90.3434310532197,-67.8753597819859,12.));
#11727=CARTESIAN_POINT('',(92.2622295888634,-69.3169603437272,0.));
#11728=CARTESIAN_POINT('Origin',(90.3434310532197,-67.8753597819859,0.));
#11729=CARTESIAN_POINT('',(92.2622295888634,-69.3169603437272,12.));
#11730=CARTESIAN_POINT('Origin',(90.3434310532197,-67.8753597819859,12.));
#11731=CARTESIAN_POINT('',(92.2622295888634,-69.3169603437272,12.));
#11732=CARTESIAN_POINT('Origin',(3.38085326158185E-15,8.16210179650409E-15,
12.));
#11733=CARTESIAN_POINT('',(114.253740899964,-16.2247554793868,0.));
#11734=CARTESIAN_POINT('Origin',(3.38085326158185E-15,8.16210179650409E-15,
0.));
#11735=CARTESIAN_POINT('',(114.253740899964,-16.2247554793868,12.));
#11736=CARTESIAN_POINT('Origin',(3.38085326158185E-15,8.16210179650409E-15,
12.));
#11737=CARTESIAN_POINT('',(114.253740899964,-16.2247554793868,12.));
#11738=CARTESIAN_POINT('Origin',(111.87757991071,-15.887325556072,12.));
#11739=CARTESIAN_POINT('Origin',(111.87757991071,-15.887325556072,0.));
#11740=CARTESIAN_POINT('Origin',(111.87757991071,-15.887325556072,12.));
#11741=CARTESIAN_POINT('Origin',(69.6678685487805,-88.7143060157171,12.));
#11742=CARTESIAN_POINT('',(69.8532626346688,-88.9840560845062,0.));
#11743=CARTESIAN_POINT('',(69.6678685487805,-88.7143060157171,0.));
#11744=CARTESIAN_POINT('',(37.7870992967767,-42.3274989200566,0.));
#11745=CARTESIAN_POINT('',(69.8532626346688,-88.9840560845062,12.));
#11746=CARTESIAN_POINT('',(69.8532626346688,-88.9840560845062,12.));
#11747=CARTESIAN_POINT('',(69.6678685487805,-88.7143060157171,12.));
#11748=CARTESIAN_POINT('',(37.7870992967767,-42.3274989200566,12.));
#11749=CARTESIAN_POINT('',(69.6678685487805,-88.7143060157171,12.));
#11750=CARTESIAN_POINT('Origin',(8.16210179650413E-15,3.38085326158176E-15,
12.));
#11751=CARTESIAN_POINT('',(71.2122865895067,-87.4794275169645,0.));
#11752=CARTESIAN_POINT('Origin',(8.16210179650413E-15,3.38085326158176E-15,
0.));
#11753=CARTESIAN_POINT('',(71.2122865895067,-87.4794275169645,12.));
#11754=CARTESIAN_POINT('Origin',(8.16210179650413E-15,3.38085326158176E-15,
12.));
#11755=CARTESIAN_POINT('',(71.2122865895067,-87.4794275169645,12.));
#11756=CARTESIAN_POINT('Origin',(69.6971315556874,-85.61816310171,12.));
#11757=CARTESIAN_POINT('',(71.6510088000029,-84.2244760083371,0.));
#11758=CARTESIAN_POINT('Origin',(69.6971315556874,-85.61816310171,0.));
#11759=CARTESIAN_POINT('',(71.6510088000029,-84.2244760083371,12.));
#11760=CARTESIAN_POINT('Origin',(69.6971315556874,-85.61816310171,12.));
#11761=CARTESIAN_POINT('',(71.6510088000029,-84.2244760083371,12.));
#11762=CARTESIAN_POINT('Origin',(66.7623866409063,-77.3708805100837,12.));
#11763=CARTESIAN_POINT('',(66.7623866409063,-77.3708805100837,0.));
#11764=CARTESIAN_POINT('',(37.2168155488536,-35.9495175084396,0.));
#11765=CARTESIAN_POINT('',(66.7623866409063,-77.3708805100837,12.));
#11766=CARTESIAN_POINT('',(37.2168155488536,-35.9495175084396,12.));
#11767=CARTESIAN_POINT('',(66.7623866409063,-77.3708805100837,12.));
#11768=CARTESIAN_POINT('Origin',(64.8085093967021,-78.7645676035813,12.));
#11769=CARTESIAN_POINT('',(63.2836032932503,-76.9112836599676,0.));
#11770=CARTESIAN_POINT('Origin',(64.8085093967021,-78.7645676035813,0.));
#11771=CARTESIAN_POINT('',(63.2836032932503,-76.9112836599676,12.));
#11772=CARTESIAN_POINT('Origin',(64.8085093967021,-78.7645676035813,12.));
#11773=CARTESIAN_POINT('',(63.2836032932503,-76.9112836599676,12.));
#11774=CARTESIAN_POINT('Origin',(8.16210179650413E-15,3.38085326158176E-15,
12.));
#11775=CARTESIAN_POINT('',(9.63968763981535,-99.1324186238198,0.));
#11776=CARTESIAN_POINT('Origin',(8.16210179650413E-15,3.38085326158176E-15,
0.));
#11777=CARTESIAN_POINT('',(9.63968763981535,-99.1324186238198,12.));
#11778=CARTESIAN_POINT('Origin',(8.16210179650413E-15,3.38085326158176E-15,
12.));
#11779=CARTESIAN_POINT('',(9.63968763981535,-99.1324186238198,12.));
#11780=CARTESIAN_POINT('Origin',(9.87229110627099,-101.524461299045,12.));
#11781=CARTESIAN_POINT('',(7.50192595987182,-101.921124387122,0.));
#11782=CARTESIAN_POINT('Origin',(9.87229110627099,-101.524461299045,0.));
#11783=CARTESIAN_POINT('',(7.50192595987182,-101.921124387122,12.));
#11784=CARTESIAN_POINT('Origin',(9.87229110627099,-101.524461299045,12.));
#11785=CARTESIAN_POINT('',(7.50192595987182,-101.921124387122,12.));
#11786=CARTESIAN_POINT('Origin',(8.89078392602933,-110.220612328407,12.));
#11787=CARTESIAN_POINT('',(8.89078392602933,-110.220612328407,0.));
#11788=CARTESIAN_POINT('',(-0.201392051921569,-55.8879111251137,0.));
#11789=CARTESIAN_POINT('',(8.89078392602933,-110.220612328407,12.));
#11790=CARTESIAN_POINT('',(-0.201392051921569,-55.8879111251137,12.));
#11791=CARTESIAN_POINT('',(8.89078392602933,-110.220612328407,12.));
#11792=CARTESIAN_POINT('Origin',(11.2578693696776,-109.824498074232,12.));
#11793=CARTESIAN_POINT('',(11.5026056603227,-112.211987162803,0.));
#11794=CARTESIAN_POINT('Origin',(11.2578693696776,-109.824498074232,0.));
#11795=CARTESIAN_POINT('',(11.5026056603227,-112.211987162803,12.));
#11796=CARTESIAN_POINT('Origin',(11.2578693696776,-109.824498074232,12.));
#11797=CARTESIAN_POINT('',(11.5026056603227,-112.211987162803,12.));
#11798=CARTESIAN_POINT('Origin',(8.16210179650413E-15,3.38085326158176E-15,
12.));
#11799=CARTESIAN_POINT('',(13.467865090328,-111.993109653465,0.));
#11800=CARTESIAN_POINT('Origin',(8.16210179650413E-15,3.38085326158176E-15,
0.));
#11801=CARTESIAN_POINT('',(13.467865090328,-111.993109653465,12.));
#11802=CARTESIAN_POINT('Origin',(8.16210179650413E-15,3.38085326158176E-15,
12.));
#11803=CARTESIAN_POINT('',(13.467865090328,-111.993109653465,12.));
#11804=CARTESIAN_POINT('Origin',(13.5275137778707,-112.314945171655,12.));
#11805=CARTESIAN_POINT('',(13.5275137778707,-112.314945171655,0.));
#11806=CARTESIAN_POINT('',(3.24037170671537,-56.8104934301685,0.));
#11807=CARTESIAN_POINT('',(13.5275137778707,-112.314945171655,12.));
#11808=CARTESIAN_POINT('',(3.24037170671537,-56.8104934301685,12.));
#11809=CARTESIAN_POINT('',(13.5275137778707,-112.314945171655,12.));
#11810=CARTESIAN_POINT('Origin',(15.8873255560721,-111.87757991071,12.));
#11811=CARTESIAN_POINT('',(16.2247554793869,-114.253740899964,0.));
#11812=CARTESIAN_POINT('Origin',(15.8873255560721,-111.87757991071,0.));
#11813=CARTESIAN_POINT('',(16.2247554793869,-114.253740899964,12.));
#11814=CARTESIAN_POINT('Origin',(15.8873255560721,-111.87757991071,12.));
#11815=CARTESIAN_POINT('',(16.2247554793869,-114.253740899964,12.));
#11816=CARTESIAN_POINT('Origin',(8.16210179650413E-15,3.38085326158176E-15,
12.));
#11817=CARTESIAN_POINT('',(69.3169603437273,-92.2622295888633,0.));
#11818=CARTESIAN_POINT('Origin',(8.16210179650413E-15,3.38085326158176E-15,
0.));
#11819=CARTESIAN_POINT('',(69.3169603437273,-92.2622295888633,12.));
#11820=CARTESIAN_POINT('Origin',(8.16210179650413E-15,3.38085326158176E-15,
12.));
#11821=CARTESIAN_POINT('',(69.3169603437273,-92.2622295888633,12.));
#11822=CARTESIAN_POINT('Origin',(67.875359781986,-90.3434310532197,12.));
#11823=CARTESIAN_POINT('Origin',(67.875359781986,-90.3434310532197,0.));
#11824=CARTESIAN_POINT('Origin',(67.875359781986,-90.3434310532197,12.));
#11825=CARTESIAN_POINT('Origin',(-13.4678650903164,-111.993109653628,12.));
#11826=CARTESIAN_POINT('',(-13.5275137778592,-112.314945171818,0.));
#11827=CARTESIAN_POINT('',(-13.4678650903164,-111.993109653628,0.));
#11828=CARTESIAN_POINT('',(-3.21054736291807,-56.6495756711585,0.));
#11829=CARTESIAN_POINT('',(-13.5275137778592,-112.314945171818,12.));
#11830=CARTESIAN_POINT('',(-13.5275137778592,-112.314945171818,12.));
#11831=CARTESIAN_POINT('',(-13.4678650903164,-111.993109653628,12.));
#11832=CARTESIAN_POINT('',(-3.21054736291807,-56.6495756711585,12.));
#11833=CARTESIAN_POINT('',(-13.4678650903164,-111.993109653628,12.));
#11834=CARTESIAN_POINT('Origin',(8.16210179650409E-15,-3.38085326158185E-15,
12.));
#11835=CARTESIAN_POINT('',(-11.5026056603226,-112.211987162803,0.));
#11836=CARTESIAN_POINT('Origin',(8.16210179650409E-15,-3.38085326158185E-15,
0.));
#11837=CARTESIAN_POINT('',(-11.5026056603226,-112.211987162803,12.));
#11838=CARTESIAN_POINT('Origin',(8.16210179650409E-15,-3.38085326158185E-15,
12.));
#11839=CARTESIAN_POINT('',(-11.5026056603226,-112.211987162803,12.));
#11840=CARTESIAN_POINT('Origin',(-11.2578693696775,-109.824498074232,12.));
#11841=CARTESIAN_POINT('',(-8.89078392603982,-110.220612328718,0.));
#11842=CARTESIAN_POINT('Origin',(-11.2578693696775,-109.824498074232,0.));
#11843=CARTESIAN_POINT('',(-8.89078392603982,-110.220612328718,12.));
#11844=CARTESIAN_POINT('Origin',(-11.2578693696775,-109.824498074232,12.));
#11845=CARTESIAN_POINT('',(-8.89078392603982,-110.220612328718,12.));
#11846=CARTESIAN_POINT('Origin',(-7.50133795307122,-101.917610597037,12.));
#11847=CARTESIAN_POINT('',(-7.50133795307122,-101.917610597037,0.));
#11848=CARTESIAN_POINT('',(0.896115038161148,-51.7364102593655,-1.11022302462516E-15));
#11849=CARTESIAN_POINT('',(-7.50133795307122,-101.917610597037,12.));
#11850=CARTESIAN_POINT('',(0.896115038161148,-51.7364102593655,12.));
#11851=CARTESIAN_POINT('',(-7.50133795307122,-101.917610597037,12.));
#11852=CARTESIAN_POINT('Origin',(-9.86842339671845,-101.521496342719,12.));
#11853=CARTESIAN_POINT('',(-9.6362251991486,-99.1327552523018,0.));
#11854=CARTESIAN_POINT('Origin',(-9.86842339671845,-101.521496342719,0.));
#11855=CARTESIAN_POINT('',(-9.6362251991486,-99.1327552523018,12.));
#11856=CARTESIAN_POINT('Origin',(-9.86842339671845,-101.521496342719,12.));
#11857=CARTESIAN_POINT('',(-9.6362251991486,-99.1327552523018,12.));
#11858=CARTESIAN_POINT('Origin',(8.16210179650409E-15,-3.38085326158185E-15,
12.));
#11859=CARTESIAN_POINT('',(-63.280916945693,-76.9134939429602,0.));
#11860=CARTESIAN_POINT('Origin',(8.16210179650409E-15,-3.38085326158185E-15,
0.));
#11861=CARTESIAN_POINT('',(-63.280916945693,-76.9134939429602,12.));
#11862=CARTESIAN_POINT('Origin',(8.16210179650409E-15,-3.38085326158185E-15,
12.));
#11863=CARTESIAN_POINT('',(-63.280916945693,-76.9134939429602,12.));
#11864=CARTESIAN_POINT('Origin',(-64.8078710537741,-78.7693990279578,12.));
#11865=CARTESIAN_POINT('',(-66.7644554821067,-77.3737809184762,0.));
#11866=CARTESIAN_POINT('Origin',(-64.8078710537741,-78.7693990279578,0.));
#11867=CARTESIAN_POINT('',(-66.7644554821067,-77.3737809184762,12.));
#11868=CARTESIAN_POINT('Origin',(-64.8078710537741,-78.7693990279578,12.));
#11869=CARTESIAN_POINT('',(-66.7644554821067,-77.3737809184762,12.));
#11870=CARTESIAN_POINT('Origin',(-71.6510087997906,-84.22447600811,12.));
#11871=CARTESIAN_POINT('',(-71.6510087997906,-84.22447600811,0.));
#11872=CARTESIAN_POINT('',(-39.6611266285099,-39.3763152573282,1.11022302462516E-15));
#11873=CARTESIAN_POINT('',(-71.6510087997906,-84.22447600811,12.));
#11874=CARTESIAN_POINT('',(-39.6611266285099,-39.3763152573282,12.));
#11875=CARTESIAN_POINT('',(-71.6510087997906,-84.22447600811,12.));
#11876=CARTESIAN_POINT('Origin',(-69.6971315556874,-85.61816310171,12.));
#11877=CARTESIAN_POINT('',(-71.2122865895067,-87.4794275169646,0.));
#11878=CARTESIAN_POINT('Origin',(-69.6971315556874,-85.61816310171,0.));
#11879=CARTESIAN_POINT('',(-71.2122865895067,-87.4794275169646,12.));
#11880=CARTESIAN_POINT('Origin',(-69.6971315556874,-85.61816310171,12.));
#11881=CARTESIAN_POINT('',(-71.2122865895067,-87.4794275169646,12.));
#11882=CARTESIAN_POINT('Origin',(8.16210179650409E-15,-3.38085326158185E-15,
12.));
#11883=CARTESIAN_POINT('',(-69.6678685486576,-88.7143060156105,0.));
#11884=CARTESIAN_POINT('Origin',(8.16210179650409E-15,-3.38085326158185E-15,
0.));
#11885=CARTESIAN_POINT('',(-69.6678685486576,-88.7143060156105,12.));
#11886=CARTESIAN_POINT('Origin',(8.16210179650409E-15,-3.38085326158185E-15,
12.));
#11887=CARTESIAN_POINT('',(-69.6678685486576,-88.7143060156105,12.));
#11888=CARTESIAN_POINT('Origin',(-69.8532626345459,-88.9840560843996,12.));
#11889=CARTESIAN_POINT('',(-69.8532626345459,-88.9840560843996,0.));
#11890=CARTESIAN_POINT('',(-37.8797963396425,-42.4623739544094,0.));
#11891=CARTESIAN_POINT('',(-69.8532626345459,-88.9840560843996,12.));
#11892=CARTESIAN_POINT('',(-37.8797963396425,-42.4623739544094,12.));
#11893=CARTESIAN_POINT('',(-69.8532626345459,-88.9840560843996,12.));
#11894=CARTESIAN_POINT('Origin',(-67.8753597819859,-90.3434310532197,12.));
#11895=CARTESIAN_POINT('',(-69.3169603437272,-92.2622295888634,0.));
#11896=CARTESIAN_POINT('Origin',(-67.8753597819859,-90.3434310532197,0.));
#11897=CARTESIAN_POINT('',(-69.3169603437272,-92.2622295888634,12.));
#11898=CARTESIAN_POINT('Origin',(-67.8753597819859,-90.3434310532197,12.));
#11899=CARTESIAN_POINT('',(-69.3169603437272,-92.2622295888634,12.));
#11900=CARTESIAN_POINT('Origin',(8.16210179650409E-15,-3.38085326158185E-15,
12.));
#11901=CARTESIAN_POINT('',(-16.2247554793868,-114.253740899964,0.));
#11902=CARTESIAN_POINT('Origin',(8.16210179650409E-15,-3.38085326158185E-15,
0.));
#11903=CARTESIAN_POINT('',(-16.2247554793868,-114.253740899964,12.));
#11904=CARTESIAN_POINT('Origin',(8.16210179650409E-15,-3.38085326158185E-15,
12.));
#11905=CARTESIAN_POINT('',(-16.2247554793868,-114.253740899964,12.));
#11906=CARTESIAN_POINT('Origin',(-15.887325556072,-111.87757991071,12.));
#11907=CARTESIAN_POINT('Origin',(-15.887325556072,-111.87757991071,0.));
#11908=CARTESIAN_POINT('Origin',(-15.887325556072,-111.87757991071,12.));
#11909=CARTESIAN_POINT('Origin',(-88.7143060157171,-69.6678685487805,12.));
#11910=CARTESIAN_POINT('',(-88.9840560845062,-69.8532626346688,0.));
#11911=CARTESIAN_POINT('',(-88.7143060157171,-69.6678685487805,0.));
#11912=CARTESIAN_POINT('',(-42.3274989200566,-37.7870992967767,0.));
#11913=CARTESIAN_POINT('',(-88.9840560845062,-69.8532626346688,12.));
#11914=CARTESIAN_POINT('',(-88.9840560845062,-69.8532626346688,12.));
#11915=CARTESIAN_POINT('',(-88.7143060157171,-69.6678685487805,12.));
#11916=CARTESIAN_POINT('',(-42.3274989200566,-37.7870992967767,12.));
#11917=CARTESIAN_POINT('',(-88.7143060157171,-69.6678685487805,12.));
#11918=CARTESIAN_POINT('Origin',(3.38085326158176E-15,-8.16210179650413E-15,
12.));
#11919=CARTESIAN_POINT('',(-87.4794275169645,-71.2122865895067,0.));
#11920=CARTESIAN_POINT('Origin',(3.38085326158176E-15,-8.16210179650413E-15,
0.));
#11921=CARTESIAN_POINT('',(-87.4794275169645,-71.2122865895067,12.));
#11922=CARTESIAN_POINT('Origin',(3.38085326158176E-15,-8.16210179650413E-15,
12.));
#11923=CARTESIAN_POINT('',(-87.4794275169645,-71.2122865895067,12.));
#11924=CARTESIAN_POINT('Origin',(-85.61816310171,-69.6971315556874,12.));
#11925=CARTESIAN_POINT('',(-84.2244760083371,-71.6510088000029,0.));
#11926=CARTESIAN_POINT('Origin',(-85.61816310171,-69.6971315556874,0.));
#11927=CARTESIAN_POINT('',(-84.2244760083371,-71.6510088000029,12.));
#11928=CARTESIAN_POINT('Origin',(-85.61816310171,-69.6971315556874,12.));
#11929=CARTESIAN_POINT('',(-84.2244760083371,-71.6510088000029,12.));
#11930=CARTESIAN_POINT('Origin',(-77.3708805100837,-66.7623866409063,12.));
#11931=CARTESIAN_POINT('',(-77.3708805100837,-66.7623866409063,0.));
#11932=CARTESIAN_POINT('',(-35.9495175084396,-37.2168155488536,0.));
#11933=CARTESIAN_POINT('',(-77.3708805100837,-66.7623866409063,12.));
#11934=CARTESIAN_POINT('',(-35.9495175084396,-37.2168155488536,12.));
#11935=CARTESIAN_POINT('',(-77.3708805100837,-66.7623866409063,12.));
#11936=CARTESIAN_POINT('Origin',(-78.7645676035813,-64.8085093967021,12.));
#11937=CARTESIAN_POINT('',(-76.9112836599676,-63.2836032932503,0.));
#11938=CARTESIAN_POINT('Origin',(-78.7645676035813,-64.8085093967021,0.));
#11939=CARTESIAN_POINT('',(-76.9112836599676,-63.2836032932503,12.));
#11940=CARTESIAN_POINT('Origin',(-78.7645676035813,-64.8085093967021,12.));
#11941=CARTESIAN_POINT('',(-76.9112836599676,-63.2836032932503,12.));
#11942=CARTESIAN_POINT('Origin',(3.38085326158176E-15,-8.16210179650413E-15,
12.));
#11943=CARTESIAN_POINT('',(-99.1324186238198,-9.63968763981535,0.));
#11944=CARTESIAN_POINT('Origin',(3.38085326158176E-15,-8.16210179650413E-15,
0.));
#11945=CARTESIAN_POINT('',(-99.1324186238198,-9.63968763981535,12.));
#11946=CARTESIAN_POINT('Origin',(3.38085326158176E-15,-8.16210179650413E-15,
12.));
#11947=CARTESIAN_POINT('',(-99.1324186238198,-9.63968763981535,12.));
#11948=CARTESIAN_POINT('Origin',(-101.524461299045,-9.87229110627099,12.));
#11949=CARTESIAN_POINT('',(-101.921124387122,-7.50192595987182,0.));
#11950=CARTESIAN_POINT('Origin',(-101.524461299045,-9.87229110627099,0.));
#11951=CARTESIAN_POINT('',(-101.921124387122,-7.50192595987182,12.));
#11952=CARTESIAN_POINT('Origin',(-101.524461299045,-9.87229110627099,12.));
#11953=CARTESIAN_POINT('',(-101.921124387122,-7.50192595987182,12.));
#11954=CARTESIAN_POINT('Origin',(-110.220612328407,-8.89078392602933,12.));
#11955=CARTESIAN_POINT('',(-110.220612328407,-8.89078392602933,0.));
#11956=CARTESIAN_POINT('',(-55.8879111251137,0.201392051921569,0.));
#11957=CARTESIAN_POINT('',(-110.220612328407,-8.89078392602933,12.));
#11958=CARTESIAN_POINT('',(-55.8879111251137,0.201392051921569,12.));
#11959=CARTESIAN_POINT('',(-110.220612328407,-8.89078392602933,12.));
#11960=CARTESIAN_POINT('Origin',(-109.824498074232,-11.2578693696776,12.));
#11961=CARTESIAN_POINT('',(-112.211987162803,-11.5026056603227,0.));
#11962=CARTESIAN_POINT('Origin',(-109.824498074232,-11.2578693696776,0.));
#11963=CARTESIAN_POINT('',(-112.211987162803,-11.5026056603227,12.));
#11964=CARTESIAN_POINT('Origin',(-109.824498074232,-11.2578693696776,12.));
#11965=CARTESIAN_POINT('',(-112.211987162803,-11.5026056603227,12.));
#11966=CARTESIAN_POINT('Origin',(3.38085326158176E-15,-8.16210179650413E-15,
12.));
#11967=CARTESIAN_POINT('',(-111.993109653465,-13.467865090328,0.));
#11968=CARTESIAN_POINT('Origin',(3.38085326158176E-15,-8.16210179650413E-15,
0.));
#11969=CARTESIAN_POINT('',(-111.993109653465,-13.467865090328,12.));
#11970=CARTESIAN_POINT('Origin',(3.38085326158176E-15,-8.16210179650413E-15,
12.));
#11971=CARTESIAN_POINT('',(-111.993109653465,-13.467865090328,12.));
#11972=CARTESIAN_POINT('Origin',(-112.314945171655,-13.5275137778707,12.));
#11973=CARTESIAN_POINT('',(-112.314945171655,-13.5275137778707,0.));
#11974=CARTESIAN_POINT('',(-56.8104934301685,-3.24037170671537,0.));
#11975=CARTESIAN_POINT('',(-112.314945171655,-13.5275137778707,12.));
#11976=CARTESIAN_POINT('',(-56.8104934301685,-3.24037170671537,12.));
#11977=CARTESIAN_POINT('',(-112.314945171655,-13.5275137778707,12.));
#11978=CARTESIAN_POINT('Origin',(-111.87757991071,-15.8873255560721,12.));
#11979=CARTESIAN_POINT('',(-114.253740899964,-16.2247554793869,0.));
#11980=CARTESIAN_POINT('Origin',(-111.87757991071,-15.8873255560721,0.));
#11981=CARTESIAN_POINT('',(-114.253740899964,-16.2247554793869,12.));
#11982=CARTESIAN_POINT('Origin',(-111.87757991071,-15.8873255560721,12.));
#11983=CARTESIAN_POINT('',(-114.253740899964,-16.2247554793869,12.));
#11984=CARTESIAN_POINT('Origin',(3.38085326158176E-15,-8.16210179650413E-15,
12.));
#11985=CARTESIAN_POINT('',(-92.2622295888633,-69.3169603437273,0.));
#11986=CARTESIAN_POINT('Origin',(3.38085326158176E-15,-8.16210179650413E-15,
0.));
#11987=CARTESIAN_POINT('',(-92.2622295888633,-69.3169603437273,12.));
#11988=CARTESIAN_POINT('Origin',(3.38085326158176E-15,-8.16210179650413E-15,
12.));
#11989=CARTESIAN_POINT('',(-92.2622295888633,-69.3169603437273,12.));
#11990=CARTESIAN_POINT('Origin',(-90.3434310532197,-67.875359781986,12.));
#11991=CARTESIAN_POINT('Origin',(-90.3434310532197,-67.875359781986,0.));
#11992=CARTESIAN_POINT('Origin',(-90.3434310532197,-67.875359781986,12.));
#11993=CARTESIAN_POINT('Origin',(-111.993109653628,13.4678650903164,12.));
#11994=CARTESIAN_POINT('',(-112.314945171818,13.5275137778592,0.));
#11995=CARTESIAN_POINT('',(-111.993109653628,13.4678650903164,0.));
#11996=CARTESIAN_POINT('',(-56.6495756711585,3.21054736291806,-1.11022302462516E-15));
#11997=CARTESIAN_POINT('',(-112.314945171818,13.5275137778592,12.));
#11998=CARTESIAN_POINT('',(-112.314945171818,13.5275137778592,12.));
#11999=CARTESIAN_POINT('',(-111.993109653628,13.4678650903164,12.));
#12000=CARTESIAN_POINT('',(-56.6495756711585,3.21054736291806,12.));
#12001=CARTESIAN_POINT('',(-111.993109653628,13.4678650903164,12.));
#12002=CARTESIAN_POINT('Origin',(-3.38085326158185E-15,-8.16210179650409E-15,
12.));
#12003=CARTESIAN_POINT('',(-112.211987162803,11.5026056603226,0.));
#12004=CARTESIAN_POINT('Origin',(-3.38085326158185E-15,-8.16210179650409E-15,
0.));
#12005=CARTESIAN_POINT('',(-112.211987162803,11.5026056603226,12.));
#12006=CARTESIAN_POINT('Origin',(-3.38085326158185E-15,-8.16210179650409E-15,
12.));
#12007=CARTESIAN_POINT('',(-112.211987162803,11.5026056603226,12.));
#12008=CARTESIAN_POINT('Origin',(-109.824498074232,11.2578693696775,12.));
#12009=CARTESIAN_POINT('',(-110.220612328718,8.89078392603981,0.));
#12010=CARTESIAN_POINT('Origin',(-109.824498074232,11.2578693696775,0.));
#12011=CARTESIAN_POINT('',(-110.220612328718,8.89078392603981,12.));
#12012=CARTESIAN_POINT('Origin',(-109.824498074232,11.2578693696775,12.));
#12013=CARTESIAN_POINT('',(-110.220612328718,8.89078392603981,12.));
#12014=CARTESIAN_POINT('Origin',(-101.917610597037,7.5013379530712,12.));
#12015=CARTESIAN_POINT('',(-101.917610597037,7.5013379530712,0.));
#12016=CARTESIAN_POINT('',(-51.7364102593655,-0.896115038161172,0.));
#12017=CARTESIAN_POINT('',(-101.917610597037,7.5013379530712,12.));
#12018=CARTESIAN_POINT('',(-51.7364102593655,-0.896115038161172,12.));
#12019=CARTESIAN_POINT('',(-101.917610597037,7.5013379530712,12.));
#12020=CARTESIAN_POINT('Origin',(-101.521496342719,9.86842339671844,12.));
#12021=CARTESIAN_POINT('',(-99.1327552523018,9.63622519914858,0.));
#12022=CARTESIAN_POINT('Origin',(-101.521496342719,9.86842339671844,0.));
#12023=CARTESIAN_POINT('',(-99.1327552523018,9.63622519914858,12.));
#12024=CARTESIAN_POINT('Origin',(-101.521496342719,9.86842339671844,12.));
#12025=CARTESIAN_POINT('',(-99.1327552523018,9.63622519914858,12.));
#12026=CARTESIAN_POINT('Origin',(-3.38085326158185E-15,-8.16210179650409E-15,
12.));
#12027=CARTESIAN_POINT('',(-76.9134939429602,63.280916945693,0.));
#12028=CARTESIAN_POINT('Origin',(-3.38085326158185E-15,-8.16210179650409E-15,
0.));
#12029=CARTESIAN_POINT('',(-76.9134939429602,63.280916945693,12.));
#12030=CARTESIAN_POINT('Origin',(-3.38085326158185E-15,-8.16210179650409E-15,
12.));
#12031=CARTESIAN_POINT('',(-76.9134939429602,63.280916945693,12.));
#12032=CARTESIAN_POINT('Origin',(-78.7693990279579,64.8078710537741,12.));
#12033=CARTESIAN_POINT('',(-77.3737809184762,66.7644554821067,0.));
#12034=CARTESIAN_POINT('Origin',(-78.7693990279579,64.8078710537741,0.));
#12035=CARTESIAN_POINT('',(-77.3737809184762,66.7644554821067,12.));
#12036=CARTESIAN_POINT('Origin',(-78.7693990279579,64.8078710537741,12.));
#12037=CARTESIAN_POINT('',(-77.3737809184762,66.7644554821067,12.));
#12038=CARTESIAN_POINT('Origin',(-84.22447600811,71.6510087997906,12.));
#12039=CARTESIAN_POINT('',(-84.22447600811,71.6510087997906,0.));
#12040=CARTESIAN_POINT('',(-39.3763152573282,39.6611266285098,0.));
#12041=CARTESIAN_POINT('',(-84.22447600811,71.6510087997906,12.));
#12042=CARTESIAN_POINT('',(-39.3763152573282,39.6611266285098,12.));
#12043=CARTESIAN_POINT('',(-84.22447600811,71.6510087997906,12.));
#12044=CARTESIAN_POINT('Origin',(-85.61816310171,69.6971315556874,12.));
#12045=CARTESIAN_POINT('',(-87.4794275169646,71.2122865895067,0.));
#12046=CARTESIAN_POINT('Origin',(-85.61816310171,69.6971315556874,0.));
#12047=CARTESIAN_POINT('',(-87.4794275169646,71.2122865895067,12.));
#12048=CARTESIAN_POINT('Origin',(-85.61816310171,69.6971315556874,12.));
#12049=CARTESIAN_POINT('',(-87.4794275169646,71.2122865895067,12.));
#12050=CARTESIAN_POINT('Origin',(-3.38085326158185E-15,-8.16210179650409E-15,
12.));
#12051=CARTESIAN_POINT('',(-88.7143060156105,69.6678685486576,0.));
#12052=CARTESIAN_POINT('Origin',(-3.38085326158185E-15,-8.16210179650409E-15,
0.));
#12053=CARTESIAN_POINT('',(-88.7143060156105,69.6678685486576,12.));
#12054=CARTESIAN_POINT('Origin',(-3.38085326158185E-15,-8.16210179650409E-15,
12.));
#12055=CARTESIAN_POINT('',(-88.7143060156105,69.6678685486576,12.));
#12056=CARTESIAN_POINT('Origin',(-88.9840560843996,69.8532626345459,12.));
#12057=CARTESIAN_POINT('',(-88.9840560843996,69.8532626345459,0.));
#12058=CARTESIAN_POINT('',(-42.4623739544094,37.8797963396425,-1.11022302462516E-15));
#12059=CARTESIAN_POINT('',(-88.9840560843996,69.8532626345459,12.));
#12060=CARTESIAN_POINT('',(-42.4623739544094,37.8797963396425,12.));
#12061=CARTESIAN_POINT('',(-88.9840560843996,69.8532626345459,12.));
#12062=CARTESIAN_POINT('Origin',(-90.3434310532198,67.8753597819859,12.));
#12063=CARTESIAN_POINT('',(-92.2622295888634,69.3169603437272,0.));
#12064=CARTESIAN_POINT('Origin',(-90.3434310532198,67.8753597819859,0.));
#12065=CARTESIAN_POINT('',(-92.2622295888634,69.3169603437272,12.));
#12066=CARTESIAN_POINT('Origin',(-90.3434310532198,67.8753597819859,12.));
#12067=CARTESIAN_POINT('',(-92.2622295888634,69.3169603437272,12.));
#12068=CARTESIAN_POINT('Origin',(-3.38085326158185E-15,-8.16210179650409E-15,
12.));
#12069=CARTESIAN_POINT('',(-114.253740899964,16.2247554793868,0.));
#12070=CARTESIAN_POINT('Origin',(-3.38085326158185E-15,-8.16210179650409E-15,
0.));
#12071=CARTESIAN_POINT('',(-114.253740899964,16.2247554793868,12.));
#12072=CARTESIAN_POINT('Origin',(-3.38085326158185E-15,-8.16210179650409E-15,
12.));
#12073=CARTESIAN_POINT('',(-114.253740899964,16.2247554793868,12.));
#12074=CARTESIAN_POINT('Origin',(-111.87757991071,15.887325556072,12.));
#12075=CARTESIAN_POINT('Origin',(-111.87757991071,15.887325556072,0.));
#12076=CARTESIAN_POINT('Origin',(-111.87757991071,15.887325556072,12.));
#12077=CARTESIAN_POINT('Origin',(-69.6678685487805,88.7143060157171,12.));
#12078=CARTESIAN_POINT('',(-69.8532626346688,88.9840560845062,0.));
#12079=CARTESIAN_POINT('',(-69.6678685487805,88.7143060157171,0.));
#12080=CARTESIAN_POINT('',(-37.7870992967767,42.3274989200566,0.));
#12081=CARTESIAN_POINT('',(-69.8532626346688,88.9840560845062,12.));
#12082=CARTESIAN_POINT('',(-69.8532626346688,88.9840560845062,12.));
#12083=CARTESIAN_POINT('',(-69.6678685487805,88.7143060157171,12.));
#12084=CARTESIAN_POINT('',(-37.7870992967767,42.3274989200566,12.));
#12085=CARTESIAN_POINT('',(-69.6678685487805,88.7143060157171,12.));
#12086=CARTESIAN_POINT('Origin',(-8.16210179650413E-15,-3.38085326158176E-15,
12.));
#12087=CARTESIAN_POINT('',(-71.2122865895068,87.4794275169645,0.));
#12088=CARTESIAN_POINT('Origin',(-8.16210179650413E-15,-3.38085326158176E-15,
0.));
#12089=CARTESIAN_POINT('',(-71.2122865895068,87.4794275169645,12.));
#12090=CARTESIAN_POINT('Origin',(-8.16210179650413E-15,-3.38085326158176E-15,
12.));
#12091=CARTESIAN_POINT('',(-71.2122865895068,87.4794275169645,12.));
#12092=CARTESIAN_POINT('Origin',(-69.6971315556875,85.61816310171,12.));
#12093=CARTESIAN_POINT('',(-71.6510088000029,84.2244760083371,0.));
#12094=CARTESIAN_POINT('Origin',(-69.6971315556875,85.61816310171,0.));
#12095=CARTESIAN_POINT('',(-71.6510088000029,84.2244760083371,12.));
#12096=CARTESIAN_POINT('Origin',(-69.6971315556875,85.61816310171,12.));
#12097=CARTESIAN_POINT('',(-71.6510088000029,84.2244760083371,12.));
#12098=CARTESIAN_POINT('Origin',(-66.7623866409063,77.3708805100837,12.));
#12099=CARTESIAN_POINT('',(-66.7623866409063,77.3708805100837,0.));
#12100=CARTESIAN_POINT('',(-37.2168155488536,35.9495175084396,0.));
#12101=CARTESIAN_POINT('',(-66.7623866409063,77.3708805100837,12.));
#12102=CARTESIAN_POINT('',(-37.2168155488536,35.9495175084396,12.));
#12103=CARTESIAN_POINT('',(-66.7623866409063,77.3708805100837,12.));
#12104=CARTESIAN_POINT('Origin',(-64.8085093967021,78.7645676035813,12.));
#12105=CARTESIAN_POINT('',(-63.2836032932503,76.9112836599676,0.));
#12106=CARTESIAN_POINT('Origin',(-64.8085093967021,78.7645676035813,0.));
#12107=CARTESIAN_POINT('',(-63.2836032932503,76.9112836599676,12.));
#12108=CARTESIAN_POINT('Origin',(-64.8085093967021,78.7645676035813,12.));
#12109=CARTESIAN_POINT('',(-63.2836032932503,76.9112836599676,12.));
#12110=CARTESIAN_POINT('Origin',(-8.16210179650413E-15,-3.38085326158176E-15,
12.));
#12111=CARTESIAN_POINT('',(-9.63968763981536,99.1324186238198,0.));
#12112=CARTESIAN_POINT('Origin',(-8.16210179650413E-15,-3.38085326158176E-15,
0.));
#12113=CARTESIAN_POINT('',(-9.63968763981536,99.1324186238198,12.));
#12114=CARTESIAN_POINT('Origin',(-8.16210179650413E-15,-3.38085326158176E-15,
12.));
#12115=CARTESIAN_POINT('',(-9.63968763981536,99.1324186238198,12.));
#12116=CARTESIAN_POINT('Origin',(-9.87229110627101,101.524461299045,12.));
#12117=CARTESIAN_POINT('',(-7.50192595987182,101.921124387122,0.));
#12118=CARTESIAN_POINT('Origin',(-9.87229110627101,101.524461299045,0.));
#12119=CARTESIAN_POINT('',(-7.50192595987182,101.921124387122,12.));
#12120=CARTESIAN_POINT('Origin',(-9.87229110627101,101.524461299045,12.));
#12121=CARTESIAN_POINT('',(-7.50192595987182,101.921124387122,12.));
#12122=CARTESIAN_POINT('Origin',(-8.89078392602934,110.220612328407,12.));
#12123=CARTESIAN_POINT('',(-8.89078392602934,110.220612328407,0.));
#12124=CARTESIAN_POINT('',(0.201392051921571,55.8879111251137,1.11022302462516E-15));
#12125=CARTESIAN_POINT('',(-8.89078392602934,110.220612328407,12.));
#12126=CARTESIAN_POINT('',(0.201392051921571,55.8879111251137,12.));
#12127=CARTESIAN_POINT('',(-8.89078392602934,110.220612328407,12.));
#12128=CARTESIAN_POINT('Origin',(-11.2578693696776,109.824498074232,12.));
#12129=CARTESIAN_POINT('',(-11.5026056603227,112.211987162803,0.));
#12130=CARTESIAN_POINT('Origin',(-11.2578693696776,109.824498074232,0.));
#12131=CARTESIAN_POINT('',(-11.5026056603227,112.211987162803,12.));
#12132=CARTESIAN_POINT('Origin',(-11.2578693696776,109.824498074232,12.));
#12133=CARTESIAN_POINT('',(-11.5026056603227,112.211987162803,12.));
#12134=CARTESIAN_POINT('Origin',(-8.16210179650413E-15,-3.38085326158176E-15,
12.));
#12135=CARTESIAN_POINT('',(-13.467865090328,111.993109653465,0.));
#12136=CARTESIAN_POINT('Origin',(-8.16210179650413E-15,-3.38085326158176E-15,
0.));
#12137=CARTESIAN_POINT('',(-13.467865090328,111.993109653465,12.));
#12138=CARTESIAN_POINT('Origin',(-8.16210179650413E-15,-3.38085326158176E-15,
12.));
#12139=CARTESIAN_POINT('',(-13.467865090328,111.993109653465,12.));
#12140=CARTESIAN_POINT('Origin',(-13.5275137778708,112.314945171655,12.));
#12141=CARTESIAN_POINT('',(-13.5275137778708,112.314945171655,0.));
#12142=CARTESIAN_POINT('',(-3.24037170671537,56.8104934301685,0.));
#12143=CARTESIAN_POINT('',(-13.5275137778708,112.314945171655,12.));
#12144=CARTESIAN_POINT('',(-3.24037170671537,56.8104934301685,12.));
#12145=CARTESIAN_POINT('',(-13.5275137778708,112.314945171655,12.));
#12146=CARTESIAN_POINT('Origin',(-15.8873255560721,111.87757991071,12.));
#12147=CARTESIAN_POINT('',(-16.2247554793869,114.253740899964,0.));
#12148=CARTESIAN_POINT('Origin',(-15.8873255560721,111.87757991071,0.));
#12149=CARTESIAN_POINT('',(-16.2247554793869,114.253740899964,12.));
#12150=CARTESIAN_POINT('Origin',(-15.8873255560721,111.87757991071,12.));
#12151=CARTESIAN_POINT('',(-16.2247554793869,114.253740899964,12.));
#12152=CARTESIAN_POINT('Origin',(-8.16210179650413E-15,-3.38085326158176E-15,
12.));
#12153=CARTESIAN_POINT('',(-69.3169603437273,92.2622295888633,0.));
#12154=CARTESIAN_POINT('Origin',(-8.16210179650413E-15,-3.38085326158176E-15,
0.));
#12155=CARTESIAN_POINT('',(-69.3169603437273,92.2622295888633,12.));
#12156=CARTESIAN_POINT('Origin',(-8.16210179650413E-15,-3.38085326158176E-15,
12.));
#12157=CARTESIAN_POINT('',(-69.3169603437273,92.2622295888633,12.));
#12158=CARTESIAN_POINT('Origin',(-67.875359781986,90.3434310532197,12.));
#12159=CARTESIAN_POINT('Origin',(-67.875359781986,90.3434310532197,0.));
#12160=CARTESIAN_POINT('Origin',(-67.875359781986,90.3434310532197,12.));
#12161=CARTESIAN_POINT('Origin',(13.4678650903164,111.993109653628,12.));
#12162=CARTESIAN_POINT('',(13.5275137778592,112.314945171818,0.));
#12163=CARTESIAN_POINT('',(13.4678650903164,111.993109653628,0.));
#12164=CARTESIAN_POINT('',(3.21054736291806,56.6495756711585,0.));
#12165=CARTESIAN_POINT('',(13.5275137778592,112.314945171818,12.));
#12166=CARTESIAN_POINT('',(13.5275137778592,112.314945171818,12.));
#12167=CARTESIAN_POINT('',(13.4678650903164,111.993109653628,12.));
#12168=CARTESIAN_POINT('',(3.21054736291806,56.6495756711585,12.));
#12169=CARTESIAN_POINT('',(13.4678650903164,111.993109653628,12.));
#12170=CARTESIAN_POINT('Origin',(-8.16210179650409E-15,3.38085326158185E-15,
12.));
#12171=CARTESIAN_POINT('',(11.5026056603226,112.211987162803,0.));
#12172=CARTESIAN_POINT('Origin',(-8.16210179650409E-15,3.38085326158185E-15,
0.));
#12173=CARTESIAN_POINT('',(11.5026056603226,112.211987162803,12.));
#12174=CARTESIAN_POINT('Origin',(-8.16210179650409E-15,3.38085326158185E-15,
12.));
#12175=CARTESIAN_POINT('',(11.5026056603226,112.211987162803,12.));
#12176=CARTESIAN_POINT('Origin',(11.2578693696775,109.824498074232,12.));
#12177=CARTESIAN_POINT('',(8.89078392603981,110.220612328718,0.));
#12178=CARTESIAN_POINT('Origin',(11.2578693696775,109.824498074232,0.));
#12179=CARTESIAN_POINT('',(8.89078392603981,110.220612328718,12.));
#12180=CARTESIAN_POINT('Origin',(11.2578693696775,109.824498074232,12.));
#12181=CARTESIAN_POINT('',(8.89078392603981,110.220612328718,12.));
#12182=CARTESIAN_POINT('Origin',(7.5013379530712,101.917610597037,12.));
#12183=CARTESIAN_POINT('',(7.5013379530712,101.917610597037,0.));
#12184=CARTESIAN_POINT('',(-0.896115038161164,51.7364102593655,0.));
#12185=CARTESIAN_POINT('',(7.5013379530712,101.917610597037,12.));
#12186=CARTESIAN_POINT('',(-0.896115038161164,51.7364102593655,12.));
#12187=CARTESIAN_POINT('',(7.5013379530712,101.917610597037,12.));
#12188=CARTESIAN_POINT('Origin',(9.86842339671843,101.521496342719,12.));
#12189=CARTESIAN_POINT('',(9.63622519914857,99.1327552523018,0.));
#12190=CARTESIAN_POINT('Origin',(9.86842339671843,101.521496342719,0.));
#12191=CARTESIAN_POINT('',(9.63622519914857,99.1327552523018,12.));
#12192=CARTESIAN_POINT('Origin',(9.86842339671843,101.521496342719,12.));
#12193=CARTESIAN_POINT('',(9.63622519914857,99.1327552523018,12.));
#12194=CARTESIAN_POINT('Origin',(-8.16210179650409E-15,3.38085326158185E-15,
12.));
#12195=CARTESIAN_POINT('',(63.280916945693,76.9134939429602,0.));
#12196=CARTESIAN_POINT('Origin',(-8.16210179650409E-15,3.38085326158185E-15,
0.));
#12197=CARTESIAN_POINT('',(63.280916945693,76.9134939429602,12.));
#12198=CARTESIAN_POINT('Origin',(-8.16210179650409E-15,3.38085326158185E-15,
12.));
#12199=CARTESIAN_POINT('',(63.280916945693,76.9134939429602,12.));
#12200=CARTESIAN_POINT('Origin',(64.8078710537741,78.7693990279578,12.));
#12201=CARTESIAN_POINT('',(66.7644554821066,77.3737809184762,0.));
#12202=CARTESIAN_POINT('Origin',(64.8078710537741,78.7693990279578,0.));
#12203=CARTESIAN_POINT('',(66.7644554821066,77.3737809184762,12.));
#12204=CARTESIAN_POINT('Origin',(64.8078710537741,78.7693990279578,12.));
#12205=CARTESIAN_POINT('',(66.7644554821066,77.3737809184762,12.));
#12206=CARTESIAN_POINT('Origin',(71.6510087997906,84.22447600811,12.));
#12207=CARTESIAN_POINT('',(71.6510087997906,84.22447600811,0.));
#12208=CARTESIAN_POINT('',(39.6611266285098,39.3763152573282,0.));
#12209=CARTESIAN_POINT('',(71.6510087997906,84.22447600811,12.));
#12210=CARTESIAN_POINT('',(39.6611266285098,39.3763152573282,12.));
#12211=CARTESIAN_POINT('',(71.6510087997906,84.22447600811,12.));
#12212=CARTESIAN_POINT('Origin',(69.6971315556874,85.61816310171,12.));
#12213=CARTESIAN_POINT('',(71.2122865895066,87.4794275169646,0.));
#12214=CARTESIAN_POINT('Origin',(69.6971315556874,85.61816310171,0.));
#12215=CARTESIAN_POINT('',(71.2122865895066,87.4794275169646,12.));
#12216=CARTESIAN_POINT('Origin',(69.6971315556874,85.61816310171,12.));
#12217=CARTESIAN_POINT('',(71.2122865895066,87.4794275169646,12.));
#12218=CARTESIAN_POINT('Origin',(-8.16210179650409E-15,3.38085326158185E-15,
12.));
#12219=CARTESIAN_POINT('',(69.6678685486576,88.7143060156105,0.));
#12220=CARTESIAN_POINT('Origin',(-8.16210179650409E-15,3.38085326158185E-15,
0.));
#12221=CARTESIAN_POINT('',(69.6678685486576,88.7143060156105,12.));
#12222=CARTESIAN_POINT('Origin',(-8.16210179650409E-15,3.38085326158185E-15,
12.));
#12223=CARTESIAN_POINT('',(69.6678685486576,88.7143060156105,12.));
#12224=CARTESIAN_POINT('Origin',(69.8532626345458,88.9840560843996,12.));
#12225=CARTESIAN_POINT('',(69.8532626345458,88.9840560843996,0.));
#12226=CARTESIAN_POINT('',(37.8797963396425,42.4623739544094,0.));
#12227=CARTESIAN_POINT('',(69.8532626345458,88.9840560843996,12.));
#12228=CARTESIAN_POINT('',(37.8797963396425,42.4623739544094,12.));
#12229=CARTESIAN_POINT('',(69.8532626345458,88.9840560843996,12.));
#12230=CARTESIAN_POINT('Origin',(67.8753597819859,90.3434310532197,12.));
#12231=CARTESIAN_POINT('',(69.3169603437272,92.2622295888634,0.));
#12232=CARTESIAN_POINT('Origin',(67.8753597819859,90.3434310532197,0.));
#12233=CARTESIAN_POINT('',(69.3169603437272,92.2622295888634,12.));
#12234=CARTESIAN_POINT('Origin',(67.8753597819859,90.3434310532197,12.));
#12235=CARTESIAN_POINT('',(69.3169603437272,92.2622295888634,12.));
#12236=CARTESIAN_POINT('Origin',(-8.16210179650409E-15,3.38085326158185E-15,
12.));
#12237=CARTESIAN_POINT('',(16.2247554793868,114.253740899964,0.));
#12238=CARTESIAN_POINT('Origin',(-8.16210179650409E-15,3.38085326158185E-15,
0.));
#12239=CARTESIAN_POINT('',(16.2247554793868,114.253740899964,12.));
#12240=CARTESIAN_POINT('Origin',(-8.16210179650409E-15,3.38085326158185E-15,
12.));
#12241=CARTESIAN_POINT('',(16.2247554793868,114.253740899964,12.));
#12242=CARTESIAN_POINT('Origin',(15.887325556072,111.87757991071,12.));
#12243=CARTESIAN_POINT('Origin',(15.887325556072,111.87757991071,0.));
#12244=CARTESIAN_POINT('Origin',(15.887325556072,111.87757991071,12.));
#12245=CARTESIAN_POINT('Origin',(64.2248953100936,10.0081378091787,14.));
#12246=CARTESIAN_POINT('',(62.1248953100936,10.0081378091787,14.));
#12247=CARTESIAN_POINT('Origin',(64.2248953100936,10.0081378091787,14.));
#12248=CARTESIAN_POINT('',(62.1248953100936,10.0081378091787,6.));
#12249=CARTESIAN_POINT('',(62.1248953100936,10.0081378091787,14.));
#12250=CARTESIAN_POINT('Origin',(64.2248953100936,10.0081378091787,6.));
#12251=CARTESIAN_POINT('Origin',(64.2248953100936,10.0081378091787,6.));
#12252=CARTESIAN_POINT('Origin',(-53.5222629644362,-36.8831583133243,14.));
#12253=CARTESIAN_POINT('',(-55.6222629644362,-36.8831583133243,14.));
#12254=CARTESIAN_POINT('Origin',(-53.5222629644362,-36.8831583133243,14.));
#12255=CARTESIAN_POINT('',(-55.6222629644362,-36.8831583133243,6.));
#12256=CARTESIAN_POINT('',(-55.6222629644362,-36.8831583133243,14.));
#12257=CARTESIAN_POINT('Origin',(-53.5222629644362,-36.8831583133243,6.));
#12258=CARTESIAN_POINT('Origin',(-53.5222629644362,-36.8831583133243,6.));
#12259=CARTESIAN_POINT('Origin',(-45.1064460495829,-79.034223756396,14.));
#12260=CARTESIAN_POINT('',(-47.2064460495829,-79.034223756396,14.));
#12261=CARTESIAN_POINT('Origin',(-45.1064460495829,-79.034223756396,14.));
#12262=CARTESIAN_POINT('',(-47.2064460495829,-79.034223756396,6.));
#12263=CARTESIAN_POINT('',(-47.2064460495829,-79.034223756396,14.));
#12264=CARTESIAN_POINT('Origin',(-45.1064460495829,-79.034223756396,6.));
#12265=CARTESIAN_POINT('Origin',(-45.1064460495829,-79.034223756396,6.));
#12266=CARTESIAN_POINT('Origin',(6.34783911071541,90.778328573644,14.));
#12267=CARTESIAN_POINT('',(4.24783911071541,90.778328573644,14.));
#12268=CARTESIAN_POINT('Origin',(6.34783911071541,90.778328573644,14.));
#12269=CARTESIAN_POINT('',(4.24783911071541,90.778328573644,6.));
#12270=CARTESIAN_POINT('',(4.24783911071541,90.778328573644,14.));
#12271=CARTESIAN_POINT('Origin',(6.34783911071541,90.778328573644,6.));
#12272=CARTESIAN_POINT('Origin',(6.34783911071541,90.778328573644,6.));
#12273=CARTESIAN_POINT('Origin',(-89.9148534351792,-14.0113929261245,14.));
#12274=CARTESIAN_POINT('',(-92.0148534351792,-14.0113929261245,14.));
#12275=CARTESIAN_POINT('Origin',(-89.9148534351792,-14.0113929261245,14.));
#12276=CARTESIAN_POINT('',(-92.0148534351792,-14.0113929261245,6.));
#12277=CARTESIAN_POINT('',(-92.0148534351792,-14.0113929261245,14.));
#12278=CARTESIAN_POINT('Origin',(-89.9148534351792,-14.0113929261245,6.));
#12279=CARTESIAN_POINT('Origin',(-89.9148534351792,-14.0113929261245,6.));
#12280=CARTESIAN_POINT('Origin',(-4.53417078851803,-64.8416632672277,14.));
#12281=CARTESIAN_POINT('',(-6.63417078851803,-64.8416632672277,14.));
#12282=CARTESIAN_POINT('Origin',(-4.53417078851803,-64.8416632672277,14.));
#12283=CARTESIAN_POINT('',(-6.63417078851803,-64.8416632672277,6.));
#12284=CARTESIAN_POINT('',(-6.63417078851803,-64.8416632672277,14.));
#12285=CARTESIAN_POINT('Origin',(-4.53417078851803,-64.8416632672277,6.));
#12286=CARTESIAN_POINT('Origin',(-4.53417078851803,-64.8416632672277,6.));
#12287=CARTESIAN_POINT('Origin',(47.8682444713827,-43.9730732520248,14.));
#12288=CARTESIAN_POINT('',(45.7682444713827,-43.9730732520248,14.));
#12289=CARTESIAN_POINT('Origin',(47.8682444713827,-43.9730732520248,14.));
#12290=CARTESIAN_POINT('',(45.7682444713827,-43.9730732520248,6.));
#12291=CARTESIAN_POINT('',(45.7682444713827,-43.9730732520248,14.));
#12292=CARTESIAN_POINT('Origin',(47.8682444713827,-43.9730732520248,6.));
#12293=CARTESIAN_POINT('Origin',(47.8682444713827,-43.9730732520248,6.));
#12294=CARTESIAN_POINT('Origin',(74.9311681540731,51.6364216330491,14.));
#12295=CARTESIAN_POINT('',(72.8311681540731,51.6364216330491,14.));
#12296=CARTESIAN_POINT('Origin',(74.9311681540731,51.6364216330491,14.));
#12297=CARTESIAN_POINT('',(72.8311681540731,51.6364216330491,6.));
#12298=CARTESIAN_POINT('',(72.8311681540731,51.6364216330491,14.));
#12299=CARTESIAN_POINT('Origin',(74.9311681540731,51.6364216330491,6.));
#12300=CARTESIAN_POINT('Origin',(74.9311681540731,51.6364216330491,6.));
#12301=CARTESIAN_POINT('Origin',(-62.2069994729367,18.84911712983,14.));
#12302=CARTESIAN_POINT('',(-64.3069994729367,18.84911712983,14.));
#12303=CARTESIAN_POINT('Origin',(-62.2069994729367,18.84911712983,14.));
#12304=CARTESIAN_POINT('',(-64.3069994729367,18.84911712983,6.));
#12305=CARTESIAN_POINT('',(-64.3069994729367,18.84911712983,14.));
#12306=CARTESIAN_POINT('Origin',(-62.2069994729367,18.84911712983,6.));
#12307=CARTESIAN_POINT('Origin',(-62.2069994729367,18.84911712983,6.));
#12308=CARTESIAN_POINT('Origin',(33.6680352151669,-84.5426720937438,14.));
#12309=CARTESIAN_POINT('',(31.5680352151669,-84.5426720937438,14.));
#12310=CARTESIAN_POINT('Origin',(33.6680352151669,-84.5426720937438,14.));
#12311=CARTESIAN_POINT('',(31.5680352151669,-84.5426720937438,6.));
#12312=CARTESIAN_POINT('',(31.5680352151669,-84.5426720937438,14.));
#12313=CARTESIAN_POINT('Origin',(33.6680352151669,-84.5426720937438,6.));
#12314=CARTESIAN_POINT('Origin',(33.6680352151669,-84.5426720937438,6.));
#12315=CARTESIAN_POINT('Origin',(-67.0155422553309,61.5623025578475,14.));
#12316=CARTESIAN_POINT('',(-69.1155422553309,61.5623025578475,14.));
#12317=CARTESIAN_POINT('Origin',(-67.0155422553309,61.5623025578475,14.));
#12318=CARTESIAN_POINT('',(-69.1155422553309,61.5623025578475,6.));
#12319=CARTESIAN_POINT('',(-69.1155422553309,61.5623025578475,14.));
#12320=CARTESIAN_POINT('Origin',(-67.0155422553309,61.5623025578475,6.));
#12321=CARTESIAN_POINT('Origin',(-67.0155422553309,61.5623025578475,6.));
#12322=CARTESIAN_POINT('Origin',(-24.0485965867791,60.3876229223039,14.));
#12323=CARTESIAN_POINT('',(-26.1485965867791,60.3876229223039,14.));
#12324=CARTESIAN_POINT('Origin',(-24.0485965867791,60.3876229223039,14.));
#12325=CARTESIAN_POINT('',(-26.1485965867791,60.3876229223039,6.));
#12326=CARTESIAN_POINT('',(-26.1485965867791,60.3876229223039,14.));
#12327=CARTESIAN_POINT('Origin',(-24.0485965867791,60.3876229223039,6.));
#12328=CARTESIAN_POINT('Origin',(-24.0485965867791,60.3876229223039,6.));
#12329=CARTESIAN_POINT('Origin',(32.2188900311937,56.4530169712642,14.));
#12330=CARTESIAN_POINT('',(30.1188900311937,56.4530169712642,14.));
#12331=CARTESIAN_POINT('Origin',(32.2188900311937,56.4530169712642,14.));
#12332=CARTESIAN_POINT('',(30.1188900311937,56.4530169712642,6.));
#12333=CARTESIAN_POINT('',(30.1188900311937,56.4530169712642,14.));
#12334=CARTESIAN_POINT('Origin',(32.2188900311937,56.4530169712642,6.));
#12335=CARTESIAN_POINT('Origin',(32.2188900311937,56.4530169712642,6.));
#12336=CARTESIAN_POINT('Origin',(87.0897992601375,-26.3887639882764,14.));
#12337=CARTESIAN_POINT('',(84.9897992601375,-26.3887639882764,14.));
#12338=CARTESIAN_POINT('Origin',(87.0897992601375,-26.3887639882764,14.));
#12339=CARTESIAN_POINT('',(84.9897992601375,-26.3887639882764,6.));
#12340=CARTESIAN_POINT('',(84.9897992601375,-26.3887639882764,14.));
#12341=CARTESIAN_POINT('Origin',(87.0897992601375,-26.3887639882764,6.));
#12342=CARTESIAN_POINT('Origin',(87.0897992601375,-26.3887639882764,6.));
#12343=CARTESIAN_POINT('Origin',(107.5,-1.97474296362511E-14,12.));
#12344=CARTESIAN_POINT('',(105.35,-1.94841305744344E-14,12.));
#12345=CARTESIAN_POINT('Origin',(107.5,-1.97474296362511E-14,12.));
#12346=CARTESIAN_POINT('',(105.35,-2.00107286980678E-14,0.));
#12347=CARTESIAN_POINT('',(105.35,-1.94841305744344E-14,12.));
#12348=CARTESIAN_POINT('Origin',(107.5,-1.97474296362511E-14,0.));
#12349=CARTESIAN_POINT('Origin',(-107.5,6.58247654541702E-15,12.));
#12350=CARTESIAN_POINT('',(-109.65,6.8457756072337E-15,12.));
#12351=CARTESIAN_POINT('Origin',(-107.5,6.58247654541702E-15,12.));
#12352=CARTESIAN_POINT('',(-109.65,6.31917748360034E-15,0.));
#12353=CARTESIAN_POINT('',(-109.65,6.8457756072337E-15,12.));
#12354=CARTESIAN_POINT('Origin',(-107.5,6.58247654541702E-15,0.));
#12355=CARTESIAN_POINT('Origin',(-76.0139789775539,-76.0139789775538,12.));
#12356=CARTESIAN_POINT('',(-78.1639789775539,-76.0139789775538,12.));
#12357=CARTESIAN_POINT('Origin',(-76.0139789775539,-76.0139789775538,12.));
#12358=CARTESIAN_POINT('',(-78.1639789775539,-76.0139789775538,0.));
#12359=CARTESIAN_POINT('',(-78.1639789775539,-76.0139789775538,12.));
#12360=CARTESIAN_POINT('Origin',(-76.0139789775539,-76.0139789775538,0.));
#12361=CARTESIAN_POINT('Origin',(76.0139789775539,76.0139789775538,12.));
#12362=CARTESIAN_POINT('',(73.8639789775539,76.0139789775538,12.));
#12363=CARTESIAN_POINT('Origin',(76.0139789775539,76.0139789775538,12.));
#12364=CARTESIAN_POINT('',(73.8639789775539,76.0139789775538,0.));
#12365=CARTESIAN_POINT('',(73.8639789775539,76.0139789775538,12.));
#12366=CARTESIAN_POINT('Origin',(76.0139789775539,76.0139789775538,0.));
#12367=CARTESIAN_POINT('Origin',(76.0139789775538,-76.0139789775539,12.));
#12368=CARTESIAN_POINT('',(73.8639789775539,-76.0139789775539,12.));
#12369=CARTESIAN_POINT('Origin',(76.0139789775538,-76.0139789775539,12.));
#12370=CARTESIAN_POINT('',(73.8639789775539,-76.0139789775539,0.));
#12371=CARTESIAN_POINT('',(73.8639789775539,-76.0139789775539,12.));
#12372=CARTESIAN_POINT('Origin',(76.0139789775538,-76.0139789775539,0.));
#12373=CARTESIAN_POINT('Origin',(-76.0139789775539,76.0139789775539,12.));
#12374=CARTESIAN_POINT('',(-78.1639789775539,76.0139789775539,12.));
#12375=CARTESIAN_POINT('Origin',(-76.0139789775539,76.0139789775539,12.));
#12376=CARTESIAN_POINT('',(-78.1639789775539,76.0139789775539,0.));
#12377=CARTESIAN_POINT('',(-78.1639789775539,76.0139789775539,12.));
#12378=CARTESIAN_POINT('Origin',(-76.0139789775539,76.0139789775539,0.));
#12379=CARTESIAN_POINT('Origin',(-1.3164953090834E-14,-107.5,12.));
#12380=CARTESIAN_POINT('',(-2.15000000000001,-107.5,12.));
#12381=CARTESIAN_POINT('Origin',(-1.3164953090834E-14,-107.5,12.));
#12382=CARTESIAN_POINT('',(-2.15000000000001,-107.5,0.));
#12383=CARTESIAN_POINT('',(-2.15000000000001,-107.5,12.));
#12384=CARTESIAN_POINT('Origin',(-1.3164953090834E-14,-107.5,0.));
#12385=CARTESIAN_POINT('Origin',(0.,107.5,12.));
#12386=CARTESIAN_POINT('',(-2.15,107.5,12.));
#12387=CARTESIAN_POINT('Origin',(0.,107.5,12.));
#12388=CARTESIAN_POINT('',(-2.15,107.5,0.));
#12389=CARTESIAN_POINT('',(-2.15,107.5,12.));
#12390=CARTESIAN_POINT('Origin',(0.,107.5,0.));
#12391=CARTESIAN_POINT('Origin',(-62.0621308910984,-50.4912885424042,14.));
#12392=CARTESIAN_POINT('',(-62.4690429170402,-52.4494567178029,2.));
#12393=CARTESIAN_POINT('Origin',(-62.0621308910984,-50.4912885424042,2.));
#12394=CARTESIAN_POINT('',(-62.4690429170402,-52.4494567178029,0.));
#12395=CARTESIAN_POINT('',(-62.4690429170402,-52.4494567178029,14.));
#12396=CARTESIAN_POINT('Origin',(-62.0621308910984,-50.4912885424042,0.));
#12397=CARTESIAN_POINT('Origin',(16.2778521648011,-78.3333252091153,14.));
#12398=CARTESIAN_POINT('',(18.1122747673887,-77.5365230284484,2.));
#12399=CARTESIAN_POINT('Origin',(16.2778521648011,-78.3333252091153,2.));
#12400=CARTESIAN_POINT('',(18.1122747673887,-77.5365230284484,0.));
#12401=CARTESIAN_POINT('',(18.1122747673887,-77.5365230284484,14.));
#12402=CARTESIAN_POINT('Origin',(16.2778521648011,-78.3333252091153,0.));
#12403=CARTESIAN_POINT('Origin',(-46.1383121043822,65.3630971234899,14.));
#12404=CARTESIAN_POINT('',(-45.4685528797542,67.2476189676259,2.));
#12405=CARTESIAN_POINT('Origin',(-46.1383121043822,65.3630971234899,2.));
#12406=CARTESIAN_POINT('',(-45.4685528797542,67.2476189676259,0.));
#12407=CARTESIAN_POINT('',(-45.4685528797542,67.2476189676259,14.));
#12408=CARTESIAN_POINT('Origin',(-46.1383121043822,65.3630971234899,0.));
#12409=CARTESIAN_POINT('Origin',(36.8083034657912,71.0368010638597,14.));
#12410=CARTESIAN_POINT('',(37.961664109897,69.4028612777513,2.));
#12411=CARTESIAN_POINT('Origin',(36.8083034657912,71.0368010638597,2.));
#12412=CARTESIAN_POINT('',(37.961664109897,69.4028612777513,0.));
#12413=CARTESIAN_POINT('',(37.961664109897,69.4028612777513,14.));
#12414=CARTESIAN_POINT('Origin',(36.8083034657912,71.0368010638597,0.));
#12415=CARTESIAN_POINT('Origin',(80.00673915,-1.13797860024079E-14,14.));
#12416=CARTESIAN_POINT('',(78.00673915,-1.15789458524284E-14,2.));
#12417=CARTESIAN_POINT('Origin',(80.00673915,-1.13797860024079E-14,2.));
#12418=CARTESIAN_POINT('',(78.00673915,-1.20688045720874E-14,0.));
#12419=CARTESIAN_POINT('',(78.00673915,-1.15789458524284E-14,14.));
#12420=CARTESIAN_POINT('Origin',(80.00673915,-1.13797860024079E-14,0.));
#12421=CARTESIAN_POINT('Origin',(36.8083034657912,-71.0368010638596,14.));
#12422=CARTESIAN_POINT('',(37.961664109897,-69.4028612777512,2.));
#12423=CARTESIAN_POINT('Origin',(36.8083034657912,-71.0368010638596,2.));
#12424=CARTESIAN_POINT('',(37.961664109897,-69.4028612777512,0.));
#12425=CARTESIAN_POINT('',(37.961664109897,-69.4028612777512,14.));
#12426=CARTESIAN_POINT('Origin',(36.8083034657912,-71.0368010638596,0.));
#12427=CARTESIAN_POINT('Origin',(77.039872231861,-21.5855598934723,14.));
#12428=CARTESIAN_POINT('',(75.3310334222949,-20.5463919941795,2.));
#12429=CARTESIAN_POINT('Origin',(77.039872231861,-21.5855598934723,2.));
#12430=CARTESIAN_POINT('',(75.3310334222949,-20.5463919941795,0.));
#12431=CARTESIAN_POINT('',(75.3310334222949,-20.5463919941795,14.));
#12432=CARTESIAN_POINT('Origin',(77.039872231861,-21.5855598934723,0.));
#12433=CARTESIAN_POINT('Origin',(54.6088512855075,58.4718023554387,14.));
#12434=CARTESIAN_POINT('',(54.7453361122974,56.4764648170617,2.));
#12435=CARTESIAN_POINT('Origin',(54.6088512855075,58.4718023554387,2.));
#12436=CARTESIAN_POINT('',(54.7453361122974,56.4764648170617,0.));
#12437=CARTESIAN_POINT('',(54.7453361122974,56.4764648170617,14.));
#12438=CARTESIAN_POINT('Origin',(54.6088512855075,58.4718023554387,0.));
#12439=CARTESIAN_POINT('Origin',(-26.7926257776173,75.3872238071989,14.));
#12440=CARTESIAN_POINT('',(-25.2412031965915,76.649399696322,2.));
#12441=CARTESIAN_POINT('Origin',(-26.7926257776173,75.3872238071989,2.));
#12442=CARTESIAN_POINT('',(-25.2412031965915,76.649399696322,0.));
#12443=CARTESIAN_POINT('',(-25.2412031965915,76.649399696322,14.));
#12444=CARTESIAN_POINT('Origin',(-26.7926257776173,75.3872238071989,0.));
#12445=CARTESIAN_POINT('Origin',(-79.2615520640997,10.894249575173,14.));
#12446=CARTESIAN_POINT('',(-81.1873866389182,11.4338431170486,2.));
#12447=CARTESIAN_POINT('Origin',(-79.2615520640997,10.894249575173,2.));
#12448=CARTESIAN_POINT('',(-81.1873866389182,11.4338431170486,0.));
#12449=CARTESIAN_POINT('',(-81.1873866389182,11.4338431170486,14.));
#12450=CARTESIAN_POINT('Origin',(-79.2615520640997,10.894249575173,0.));
#12451=CARTESIAN_POINT('Origin',(-46.1383121043821,-65.3630971234899,14.));
#12452=CARTESIAN_POINT('',(-45.4685528797541,-67.2476189676259,2.));
#12453=CARTESIAN_POINT('Origin',(-46.1383121043821,-65.3630971234899,2.));
#12454=CARTESIAN_POINT('',(-45.4685528797541,-67.2476189676259,0.));
#12455=CARTESIAN_POINT('',(-45.4685528797542,-67.2476189676259,14.));
#12456=CARTESIAN_POINT('Origin',(-46.1383121043821,-65.3630971234899,0.));
#12457=CARTESIAN_POINT('Origin',(-73.3830853449788,-31.874772072404,14.));
#12458=CARTESIAN_POINT('',(-74.7481883038902,-33.3364471086454,2.));
#12459=CARTESIAN_POINT('Origin',(-73.3830853449788,-31.874772072404,2.));
#12460=CARTESIAN_POINT('',(-74.7481883038902,-33.3364471086454,0.));
#12461=CARTESIAN_POINT('',(-74.7481883038902,-33.3364471086454,14.));
#12462=CARTESIAN_POINT('Origin',(-73.3830853449788,-31.874772072404,0.));
#12463=CARTESIAN_POINT('Origin',(-5.45985296503368,-79.820224974729,14.));
#12464=CARTESIAN_POINT('',(-3.47848107316768,-80.092558274425,2.));
#12465=CARTESIAN_POINT('Origin',(-5.45985296503368,-79.820224974729,2.));
#12466=CARTESIAN_POINT('',(-3.47848107316768,-80.092558274425,0.));
#12467=CARTESIAN_POINT('',(-3.47848107316768,-80.092558274425,14.));
#12468=CARTESIAN_POINT('Origin',(-5.45985296503368,-79.820224974729,0.));
#12469=CARTESIAN_POINT('Origin',(-62.0621308910984,50.4912885424043,14.));
#12470=CARTESIAN_POINT('',(-62.4690429160149,52.4494567180159,2.));
#12471=CARTESIAN_POINT('Origin',(-62.0621308910984,50.4912885424043,2.));
#12472=CARTESIAN_POINT('',(-62.4690429160149,52.4494567180159,0.));
#12473=CARTESIAN_POINT('',(-62.4690429160149,52.4494567180159,14.));
#12474=CARTESIAN_POINT('Origin',(-62.0621308910984,50.4912885424043,0.));
#12475=CARTESIAN_POINT('Origin',(16.2778521648011,78.3333252091154,14.));
#12476=CARTESIAN_POINT('',(18.1122747673887,77.5365230284485,2.));
#12477=CARTESIAN_POINT('Origin',(16.2778521648011,78.3333252091154,2.));
#12478=CARTESIAN_POINT('',(18.1122747673887,77.5365230284485,0.));
#12479=CARTESIAN_POINT('',(18.1122747673887,77.5365230284485,14.));
#12480=CARTESIAN_POINT('Origin',(16.2778521648011,78.3333252091154,0.));
#12481=CARTESIAN_POINT('Origin',(77.039872231861,21.5855598934723,14.));
#12482=CARTESIAN_POINT('',(75.3310334228389,20.5463919932847,2.));
#12483=CARTESIAN_POINT('Origin',(77.039872231861,21.5855598934723,2.));
#12484=CARTESIAN_POINT('',(75.3310334228389,20.5463919932847,0.));
#12485=CARTESIAN_POINT('',(75.3310334228389,20.5463919932847,14.));
#12486=CARTESIAN_POINT('Origin',(77.039872231861,21.5855598934723,0.));
#12487=CARTESIAN_POINT('Origin',(54.6088512855074,-58.4718023554386,14.));
#12488=CARTESIAN_POINT('',(54.7453361129939,-56.4764648171093,2.));
#12489=CARTESIAN_POINT('Origin',(54.6088512855074,-58.4718023554386,2.));
#12490=CARTESIAN_POINT('',(54.7453361129939,-56.4764648171093,0.));
#12491=CARTESIAN_POINT('',(54.7453361129939,-56.4764648171093,14.));
#12492=CARTESIAN_POINT('Origin',(54.6088512855074,-58.4718023554386,0.));
#12493=CARTESIAN_POINT('Origin',(68.3593104242492,-41.5702175570116,14.));
#12494=CARTESIAN_POINT('',(67.4391803502692,-39.7944471194388,2.));
#12495=CARTESIAN_POINT('Origin',(68.3593104242492,-41.5702175570116,2.));
#12496=CARTESIAN_POINT('',(67.4391803502692,-39.7944471194388,0.));
#12497=CARTESIAN_POINT('',(67.4391803502692,-39.7944471194388,14.));
#12498=CARTESIAN_POINT('Origin',(68.3593104242492,-41.5702175570116,0.));
#12499=CARTESIAN_POINT('Origin',(68.3593104242493,41.5702175570116,14.));
#12500=CARTESIAN_POINT('',(67.4391803487196,39.7944471202418,2.));
#12501=CARTESIAN_POINT('Origin',(68.3593104242493,41.5702175570116,2.));
#12502=CARTESIAN_POINT('',(67.4391803487196,39.7944471202418,0.));
#12503=CARTESIAN_POINT('',(67.4391803487196,39.7944471202418,14.));
#12504=CARTESIAN_POINT('Origin',(68.3593104242493,41.5702175570116,0.));
#12505=CARTESIAN_POINT('Origin',(-5.45985296503374,79.8202249747291,14.));
#12506=CARTESIAN_POINT('',(-3.47848107316767,80.0925582744251,2.));
#12507=CARTESIAN_POINT('Origin',(-5.45985296503374,79.8202249747291,2.));
#12508=CARTESIAN_POINT('',(-3.47848107316767,80.0925582744251,0.));
#12509=CARTESIAN_POINT('',(-3.47848107316767,80.0925582744251,14.));
#12510=CARTESIAN_POINT('Origin',(-5.45985296503374,79.8202249747291,0.));
#12511=CARTESIAN_POINT('Origin',(-73.3830853449788,31.874772072404,14.));
#12512=CARTESIAN_POINT('',(-74.7481916324144,33.3364440000279,2.));
#12513=CARTESIAN_POINT('Origin',(-73.3830853449788,31.874772072404,2.));
#12514=CARTESIAN_POINT('',(-74.7481916324144,33.3364440000279,0.));
#12515=CARTESIAN_POINT('',(-74.7481916324144,33.3364440000279,14.));
#12516=CARTESIAN_POINT('Origin',(-73.3830853449788,31.874772072404,0.));
#12517=CARTESIAN_POINT('Origin',(-26.7926257776173,-75.3872238071989,14.));
#12518=CARTESIAN_POINT('',(-25.2412031965915,-76.649399696322,2.));
#12519=CARTESIAN_POINT('Origin',(-26.7926257776173,-75.3872238071989,2.));
#12520=CARTESIAN_POINT('',(-25.2412031965915,-76.649399696322,0.));
#12521=CARTESIAN_POINT('',(-25.2412031965915,-76.649399696322,14.));
#12522=CARTESIAN_POINT('Origin',(-26.7926257776173,-75.3872238071989,0.));
#12523=CARTESIAN_POINT('Origin',(-79.2615520640997,-10.894249575173,14.));
#12524=CARTESIAN_POINT('',(-81.187386638824,-11.4338431173847,2.));
#12525=CARTESIAN_POINT('Origin',(-79.2615520640997,-10.894249575173,2.));
#12526=CARTESIAN_POINT('',(-81.187386638824,-11.4338431173847,0.));
#12527=CARTESIAN_POINT('',(-81.187386638824,-11.4338431173847,14.));
#12528=CARTESIAN_POINT('Origin',(-79.2615520640997,-10.894249575173,0.));
#12529=CARTESIAN_POINT('Origin',(65.4609006863308,35.9765406811866,14.));
#12530=CARTESIAN_POINT('',(66.2107093921993,35.9934789397664,12.));
#12531=CARTESIAN_POINT('',(66.2107093921993,35.9934789397664,14.));
#12532=CARTESIAN_POINT('',(66.2107093921993,35.9934789397664,14.));
#12533=CARTESIAN_POINT('',(65.0423388076529,36.598879779844,12.));
#12534=CARTESIAN_POINT('Origin',(65.4609006863308,35.9765406811866,12.));
#12535=CARTESIAN_POINT('',(65.0423388076529,36.598879779844,14.));
#12536=CARTESIAN_POINT('',(65.0423388076529,36.598879779844,14.));
#12537=CARTESIAN_POINT('Origin',(65.4609006863308,35.9765406811866,14.));
#12538=CARTESIAN_POINT('Origin',(65.4609006863308,35.9765406811866,12.));
#12539=CARTESIAN_POINT('',(66.9465776251102,35.6121827549061,12.));
#12540=CARTESIAN_POINT('Origin',(0.781468494344395,80.6780748687716,14.));
#12541=CARTESIAN_POINT('',(0.335230520539563,81.280878046214,12.));
#12542=CARTESIAN_POINT('',(0.335230520539563,81.280878046214,14.));
#12543=CARTESIAN_POINT('',(0.335230520539563,81.280878046214,14.));
#12544=CARTESIAN_POINT('',(0.514412587077464,79.9772317034387,12.));
#12545=CARTESIAN_POINT('Origin',(0.781468494344395,80.6780748687716,12.));
#12546=CARTESIAN_POINT('',(0.514412587077464,79.9772317034387,14.));
#12547=CARTESIAN_POINT('',(0.514412587077464,79.9772317034387,14.));
#12548=CARTESIAN_POINT('Origin',(0.781468494344395,80.6780748687716,14.));
#12549=CARTESIAN_POINT('Origin',(0.781468494344395,80.6780748687716,12.));
#12550=CARTESIAN_POINT('',(0.222377293646886,82.1019462443414,12.));
#12551=CARTESIAN_POINT('Origin',(-77.6831701504009,36.4790386444194,14.));
#12552=CARTESIAN_POINT('',(-77.9183055393627,35.7668509241814,12.));
#12553=CARTESIAN_POINT('',(-77.9183055393627,35.7668509241814,14.));
#12554=CARTESIAN_POINT('',(-77.9183055393627,35.7668509241814,14.));
#12555=CARTESIAN_POINT('',(-76.9565964979623,36.6650244707128,12.));
#12556=CARTESIAN_POINT('Origin',(-77.6831701504009,36.4790386444194,12.));
#12557=CARTESIAN_POINT('',(-76.9565964979623,36.6650244707128,14.));
#12558=CARTESIAN_POINT('',(-76.9565964979623,36.6650244707128,14.));
#12559=CARTESIAN_POINT('Origin',(-77.6831701504009,36.4790386444194,14.));
#12560=CARTESIAN_POINT('Origin',(-77.6831701504009,36.4790386444194,12.));
#12561=CARTESIAN_POINT('',(-78.5240133021479,35.2011593625526,12.));
#12562=CARTESIAN_POINT('Origin',(-63.3439037728151,-56.6595182949101,14.));
#12563=CARTESIAN_POINT('',(-62.6264698952308,-56.4409121849902,12.));
#12564=CARTESIAN_POINT('',(-62.6264698952308,-56.4409121849902,14.));
#12565=CARTESIAN_POINT('',(-62.6264698952308,-56.4409121849902,14.));
#12566=CARTESIAN_POINT('',(-63.9148493210605,-56.1731838616866,12.));
#12567=CARTESIAN_POINT('Origin',(-63.3439037728151,-56.6595182949101,12.));
#12568=CARTESIAN_POINT('',(-63.9148493210605,-56.1731838616866,14.));
#12569=CARTESIAN_POINT('',(-63.9148493210605,-56.1731838616866,14.));
#12570=CARTESIAN_POINT('Origin',(-63.3439037728151,-56.6595182949101,14.));
#12571=CARTESIAN_POINT('Origin',(-63.3439037728151,-56.6595182949101,12.));
#12572=CARTESIAN_POINT('',(-61.8150171730006,-56.6095339996571,12.));
#12573=CARTESIAN_POINT('Origin',(22.0562833629522,-75.8233983400146,14.));
#12574=CARTESIAN_POINT('',(21.4639587528921,-75.3633423039525,12.));
#12575=CARTESIAN_POINT('',(21.4639587528921,-75.3633423039525,14.));
#12576=CARTESIAN_POINT('',(21.4639587528921,-75.3633423039525,14.));
#12577=CARTESIAN_POINT('',(21.9882158360808,-76.5703031611167,12.));
#12578=CARTESIAN_POINT('Origin',(22.0562833629522,-75.8233983400146,12.));
#12579=CARTESIAN_POINT('',(21.9882158360808,-76.5703031611167,14.));
#12580=CARTESIAN_POINT('',(21.9882158360808,-76.5703031611167,14.));
#12581=CARTESIAN_POINT('Origin',(22.0562833629522,-75.8233983400146,14.));
#12582=CARTESIAN_POINT('Origin',(22.0562833629522,-75.8233983400146,12.));
#12583=CARTESIAN_POINT('',(21.1337688812027,-74.6031689780392,12.));
#12584=CARTESIAN_POINT('Origin',(71.6570299817277,-18.3121810106999,14.));
#12585=CARTESIAN_POINT('',(71.6227599980365,-19.0613976470727,12.));
#12586=CARTESIAN_POINT('',(71.6227599980365,-19.0613976470727,14.));
#12587=CARTESIAN_POINT('',(71.6227599980365,-19.0613976470727,14.));
#12588=CARTESIAN_POINT('',(72.3064819368627,-17.9370648180725,12.));
#12589=CARTESIAN_POINT('Origin',(71.6570299817277,-18.3121810106999,12.));
#12590=CARTESIAN_POINT('',(72.3064819368627,-17.9370648180725,14.));
#12591=CARTESIAN_POINT('',(72.3064819368627,-17.9370648180725,14.));
#12592=CARTESIAN_POINT('Origin',(71.6570299817277,-18.3121810106999,14.));
#12593=CARTESIAN_POINT('Origin',(71.6570299817277,-18.3121810106999,12.));
#12594=CARTESIAN_POINT('',(71.1921352788069,-19.769529829638,12.));
#12595=CARTESIAN_POINT('Origin',(40.4413894947243,-65.8898907376181,14.));
#12596=CARTESIAN_POINT('',(39.6962581216826,-65.804572293487,12.));
#12597=CARTESIAN_POINT('',(39.6962581216826,-65.804572293487,14.));
#12598=CARTESIAN_POINT('',(39.6962581216826,-65.804572293487,14.));
#12599=CARTESIAN_POINT('',(40.771311035888,-66.5634275047483,12.));
#12600=CARTESIAN_POINT('Origin',(40.4413894947243,-65.8898907376181,12.));
#12601=CARTESIAN_POINT('',(40.771311035888,-66.5634275047483,14.));
#12602=CARTESIAN_POINT('',(40.771311035888,-66.5634275047483,14.));
#12603=CARTESIAN_POINT('Origin',(40.4413894947243,-65.8898907376181,14.));
#12604=CARTESIAN_POINT('Origin',(40.4413894947243,-65.8898907376181,12.));
#12605=CARTESIAN_POINT('',(39.0191636289545,-65.3266268104938,12.));
#12606=CARTESIAN_POINT('Origin',(-44.028570546804,-71.2993409325182,14.));
#12607=CARTESIAN_POINT('',(-43.5291653464492,-70.7397925022116,12.));
#12608=CARTESIAN_POINT('',(-43.5291653464492,-70.7397925022116,14.));
#12609=CARTESIAN_POINT('',(-43.5291653464492,-70.7397925022116,14.));
#12610=CARTESIAN_POINT('',(-44.7690890680248,-71.1804614989359,12.));
#12611=CARTESIAN_POINT('Origin',(-44.028570546804,-71.2993409325182,12.));
#12612=CARTESIAN_POINT('',(-44.7690890680248,-71.1804614989359,14.));
#12613=CARTESIAN_POINT('',(-44.7690890680248,-71.1804614989359,14.));
#12614=CARTESIAN_POINT('Origin',(-44.028570546804,-71.2993409325182,14.));
#12615=CARTESIAN_POINT('Origin',(-44.028570546804,-71.2993409325182,12.));
#12616=CARTESIAN_POINT('',(-42.7482312061959,-70.4622484419562,12.));
#12617=CARTESIAN_POINT('Origin',(-85.3279309747778,12.5939692320812,14.));
#12618=CARTESIAN_POINT('',(-85.1587939052871,11.8632896499633,12.));
#12619=CARTESIAN_POINT('',(-85.1587939052871,11.8632896499633,14.));
#12620=CARTESIAN_POINT('',(-85.1587939052871,11.8632896499633,14.));
#12621=CARTESIAN_POINT('',(-84.8037675973339,13.130395139124,12.));
#12622=CARTESIAN_POINT('Origin',(-85.3279309747778,12.5939692320812,12.));
#12623=CARTESIAN_POINT('',(-84.8037675973339,13.130395139124,14.));
#12624=CARTESIAN_POINT('',(-84.8037675973339,13.130395139124,14.));
#12625=CARTESIAN_POINT('Origin',(-85.3279309747778,12.5939692320812,14.));
#12626=CARTESIAN_POINT('Origin',(-85.3279309747778,12.5939692320812,12.));
#12627=CARTESIAN_POINT('',(-85.3823981155657,11.0652357708661,12.));
#12628=CARTESIAN_POINT('Origin',(-21.9056446473861,79.3630778579366,14.));
#12629=CARTESIAN_POINT('',(-22.6001258871509,79.6462665010965,12.));
#12630=CARTESIAN_POINT('',(-22.6001258871509,79.6462665010965,14.));
#12631=CARTESIAN_POINT('',(-22.6001258871509,79.6462665010965,14.));
#12632=CARTESIAN_POINT('',(-21.7696755367905,78.6255058946924,12.));
#12633=CARTESIAN_POINT('Origin',(-21.9056446473861,79.3630778579366,12.));
#12634=CARTESIAN_POINT('',(-21.7696755367905,78.6255058946924,14.));
#12635=CARTESIAN_POINT('',(-21.7696755367905,78.6255058946924,14.));
#12636=CARTESIAN_POINT('Origin',(-21.9056446473861,79.3630778579366,14.));
#12637=CARTESIAN_POINT('Origin',(-21.9056446473861,79.3630778579366,12.));
#12638=CARTESIAN_POINT('',(-23.1231637314125,80.2891663768676,12.));
#12639=CARTESIAN_POINT('Origin',(55.0387784898957,52.1864891095512,14.));
#12640=CARTESIAN_POINT('',(55.6706287505605,52.5905500555703,12.));
#12641=CARTESIAN_POINT('',(55.6706287505605,52.5905500555703,14.));
#12642=CARTESIAN_POINT('',(55.6706287505605,52.5905500555703,14.));
#12643=CARTESIAN_POINT('',(54.3577936915866,52.5007496773478,12.));
#12644=CARTESIAN_POINT('Origin',(55.0387784898957,52.1864891095512,12.));
#12645=CARTESIAN_POINT('',(54.3577936915866,52.5007496773478,14.));
#12646=CARTESIAN_POINT('',(54.3577936915866,52.5007496773478,14.));
#12647=CARTESIAN_POINT('Origin',(55.0387784898957,52.1864891095512,14.));
#12648=CARTESIAN_POINT('Origin',(55.0387784898957,52.1864891095512,12.));
#12649=CARTESIAN_POINT('',(56.4974842258081,52.647108519564,12.));
#12650=CARTESIAN_POINT('Origin',(71.6570299834415,18.3121810078813,14.));
#12651=CARTESIAN_POINT('',(72.3064819387729,17.9370648155939,12.));
#12652=CARTESIAN_POINT('',(72.3064819387729,17.9370648155939,14.));
#12653=CARTESIAN_POINT('',(72.3064819387729,17.9370648155939,14.));
#12654=CARTESIAN_POINT('',(71.622759999358,19.0613976442362,12.));
#12655=CARTESIAN_POINT('Origin',(71.6570299834415,18.3121810078813,12.));
#12656=CARTESIAN_POINT('',(71.622759999358,19.0613976442362,14.));
#12657=CARTESIAN_POINT('',(71.622759999358,19.0613976442362,14.));
#12658=CARTESIAN_POINT('Origin',(71.6570299834415,18.3121810078813,14.));
#12659=CARTESIAN_POINT('Origin',(71.6570299834415,18.3121810078813,12.));
#12660=CARTESIAN_POINT('',(72.7371066583733,17.2289326332541,12.));
#12661=CARTESIAN_POINT('Origin',(22.0562833629522,75.8233983400146,14.));
#12662=CARTESIAN_POINT('',(21.9882158360808,76.5703031611168,12.));
#12663=CARTESIAN_POINT('',(21.9882158360808,76.5703031611168,14.));
#12664=CARTESIAN_POINT('',(21.9882158360808,76.5703031611168,14.));
#12665=CARTESIAN_POINT('',(21.4639587528921,75.3633423039526,12.));
#12666=CARTESIAN_POINT('Origin',(22.0562833629522,75.8233983400146,12.));
#12667=CARTESIAN_POINT('',(21.4639587528921,75.3633423039526,14.));
#12668=CARTESIAN_POINT('',(21.4639587528921,75.3633423039526,14.));
#12669=CARTESIAN_POINT('Origin',(22.0562833629522,75.8233983400146,14.));
#12670=CARTESIAN_POINT('Origin',(22.0562833629522,75.8233983400146,12.));
#12671=CARTESIAN_POINT('',(22.3184057077702,77.3304764870301,12.));
#12672=CARTESIAN_POINT('Origin',(-63.3439037695854,56.659518295581,14.));
#12673=CARTESIAN_POINT('',(-63.9148493180853,56.1731838626564,12.));
#12674=CARTESIAN_POINT('',(-63.9148493180853,56.1731838626564,14.));
#12675=CARTESIAN_POINT('',(-63.9148493180853,56.1731838626564,14.));
#12676=CARTESIAN_POINT('',(-62.6264698921155,56.4409121852855,12.));
#12677=CARTESIAN_POINT('Origin',(-63.3439037695854,56.659518295581,12.));
#12678=CARTESIAN_POINT('',(-62.6264698921155,56.4409121852855,14.));
#12679=CARTESIAN_POINT('',(-62.6264698921155,56.4409121852855,14.));
#12680=CARTESIAN_POINT('Origin',(-63.3439037695854,56.659518295581,14.));
#12681=CARTESIAN_POINT('Origin',(-63.3439037695854,56.659518295581,12.));
#12682=CARTESIAN_POINT('',(-64.7263020404038,56.0045620484144,12.));
#12683=CARTESIAN_POINT('Origin',(-77.6831596655498,-36.4790484365644,14.));
#12684=CARTESIAN_POINT('',(-76.956585589586,-36.6650326083031,12.));
#12685=CARTESIAN_POINT('',(-76.956585589586,-36.6650326083031,14.));
#12686=CARTESIAN_POINT('',(-76.956585589586,-36.6650326083031,14.));
#12687=CARTESIAN_POINT('',(-77.9182966763055,-35.7668612517788,12.));
#12688=CARTESIAN_POINT('Origin',(-77.6831596655498,-36.4790484365644,12.));
#12689=CARTESIAN_POINT('',(-77.9182966763055,-35.7668612517788,14.));
#12690=CARTESIAN_POINT('',(-77.9182966763055,-35.7668612517788,14.));
#12691=CARTESIAN_POINT('Origin',(-77.6831596655498,-36.4790484365644,14.));
#12692=CARTESIAN_POINT('Origin',(-77.6831596655498,-36.4790484365644,12.));
#12693=CARTESIAN_POINT('',(-76.350876538609,-37.2307227906122,12.));
#12694=CARTESIAN_POINT('Origin',(0.781468494344226,-80.6780748687715,14.));
#12695=CARTESIAN_POINT('',(0.514412587077298,-79.9772317034386,12.));
#12696=CARTESIAN_POINT('',(0.514412587077298,-79.9772317034386,14.));
#12697=CARTESIAN_POINT('',(0.514412587077298,-79.9772317034386,14.));
#12698=CARTESIAN_POINT('',(0.335230520539405,-81.2808780462139,12.));
#12699=CARTESIAN_POINT('Origin',(0.781468494344226,-80.6780748687715,12.));
#12700=CARTESIAN_POINT('',(0.335230520539405,-81.2808780462139,14.));
#12701=CARTESIAN_POINT('',(0.335230520539405,-81.2808780462139,14.));
#12702=CARTESIAN_POINT('Origin',(0.781468494344226,-80.6780748687715,14.));
#12703=CARTESIAN_POINT('Origin',(0.781468494344226,-80.6780748687715,12.));
#12704=CARTESIAN_POINT('',(0.627265813969971,-79.1561635053112,12.));
#12705=CARTESIAN_POINT('Origin',(65.4609006912121,-35.9765406786572,14.));
#12706=CARTESIAN_POINT('',(65.0423388119911,-36.5988797769493,12.));
#12707=CARTESIAN_POINT('',(65.0423388119911,-36.5988797769493,14.));
#12708=CARTESIAN_POINT('',(65.0423388119911,-36.5988797769493,14.));
#12709=CARTESIAN_POINT('',(66.2107093970659,-35.9934789378913,12.));
#12710=CARTESIAN_POINT('Origin',(65.4609006912121,-35.9765406786572,12.));
#12711=CARTESIAN_POINT('',(66.2107093970659,-35.9934789378913,14.));
#12712=CARTESIAN_POINT('',(66.2107093970659,-35.9934789378913,14.));
#12713=CARTESIAN_POINT('Origin',(65.4609006912121,-35.9765406786572,14.));
#12714=CARTESIAN_POINT('Origin',(65.4609006912121,-35.9765406786572,12.));
#12715=CARTESIAN_POINT('',(64.3064705787476,-36.9801759611674,12.));
#12716=CARTESIAN_POINT('Origin',(55.0387784920896,-52.1864891097013,14.));
#12717=CARTESIAN_POINT('',(54.3577936936708,-52.5007496772602,12.));
#12718=CARTESIAN_POINT('',(54.3577936936708,-52.5007496772602,14.));
#12719=CARTESIAN_POINT('',(54.3577936936708,-52.5007496772602,14.));
#12720=CARTESIAN_POINT('',(55.6706287526134,-52.590550055941,12.));
#12721=CARTESIAN_POINT('Origin',(55.0387784920896,-52.1864891097013,12.));
#12722=CARTESIAN_POINT('',(55.6706287526134,-52.590550055941,14.));
#12723=CARTESIAN_POINT('',(55.6706287526134,-52.590550055941,14.));
#12724=CARTESIAN_POINT('Origin',(55.0387784920896,-52.1864891097013,14.));
#12725=CARTESIAN_POINT('Origin',(55.0387784920896,-52.1864891097013,12.));
#12726=CARTESIAN_POINT('',(53.5309382184429,-52.4441912129779,12.));
#12727=CARTESIAN_POINT('Origin',(-21.9056446473862,-79.3630778579365,14.));
#12728=CARTESIAN_POINT('',(-21.7696755367906,-78.6255058946923,12.));
#12729=CARTESIAN_POINT('',(-21.7696755367906,-78.6255058946923,14.));
#12730=CARTESIAN_POINT('',(-21.7696755367906,-78.6255058946923,14.));
#12731=CARTESIAN_POINT('',(-22.600125887151,-79.6462665010963,12.));
#12732=CARTESIAN_POINT('Origin',(-21.9056446473862,-79.3630778579365,12.));
#12733=CARTESIAN_POINT('',(-22.600125887151,-79.6462665010963,14.));
#12734=CARTESIAN_POINT('',(-22.600125887151,-79.6462665010963,14.));
#12735=CARTESIAN_POINT('Origin',(-21.9056446473862,-79.3630778579365,14.));
#12736=CARTESIAN_POINT('Origin',(-21.9056446473862,-79.3630778579364,12.));
#12737=CARTESIAN_POINT('',(-21.246637692529,-77.9826060189212,12.));
#12738=CARTESIAN_POINT('Origin',(-85.3279309744812,-12.59396923314,14.));
#12739=CARTESIAN_POINT('',(-84.8037675969437,-13.1303951400913,12.));
#12740=CARTESIAN_POINT('',(-84.8037675969437,-13.1303951400913,14.));
#12741=CARTESIAN_POINT('',(-84.8037675969437,-13.1303951400913,14.));
#12742=CARTESIAN_POINT('',(-85.158793905118,-11.8632896509925,12.));
#12743=CARTESIAN_POINT('Origin',(-85.3279309744812,-12.59396923314,12.));
#12744=CARTESIAN_POINT('',(-85.158793905118,-11.8632896509925,14.));
#12745=CARTESIAN_POINT('',(-85.158793905118,-11.8632896509925,14.));
#12746=CARTESIAN_POINT('Origin',(-85.3279309744812,-12.59396923314,14.));
#12747=CARTESIAN_POINT('Origin',(-85.3279309744812,-12.59396923314,12.));
#12748=CARTESIAN_POINT('',(-84.5801633865258,-13.9284490191494,12.));
#12749=CARTESIAN_POINT('Origin',(-44.028570546804,71.2993409325183,14.));
#12750=CARTESIAN_POINT('',(-44.7690890680249,71.1804614989359,12.));
#12751=CARTESIAN_POINT('',(-44.7690890680249,71.1804614989359,14.));
#12752=CARTESIAN_POINT('',(-44.7690890680249,71.1804614989359,14.));
#12753=CARTESIAN_POINT('',(-43.5291653464492,70.7397925022117,12.));
#12754=CARTESIAN_POINT('Origin',(-44.028570546804,71.2993409325183,12.));
#12755=CARTESIAN_POINT('',(-43.5291653464492,70.7397925022117,14.));
#12756=CARTESIAN_POINT('',(-43.5291653464492,70.7397925022117,14.));
#12757=CARTESIAN_POINT('Origin',(-44.028570546804,71.2993409325183,14.));
#12758=CARTESIAN_POINT('Origin',(-44.028570546804,71.2993409325183,12.));
#12759=CARTESIAN_POINT('',(-45.5500232082783,71.4580055591914,12.));
#12760=CARTESIAN_POINT('Origin',(40.4413894947243,65.8898907376182,14.));
#12761=CARTESIAN_POINT('',(40.771311035888,66.5634275047484,12.));
#12762=CARTESIAN_POINT('',(40.771311035888,66.5634275047484,14.));
#12763=CARTESIAN_POINT('',(40.771311035888,66.5634275047484,14.));
#12764=CARTESIAN_POINT('',(39.6962581216826,65.804572293487,12.));
#12765=CARTESIAN_POINT('Origin',(40.4413894947243,65.8898907376182,12.));
#12766=CARTESIAN_POINT('',(39.6962581216826,65.804572293487,14.));
#12767=CARTESIAN_POINT('',(39.6962581216826,65.804572293487,14.));
#12768=CARTESIAN_POINT('Origin',(40.4413894947243,65.8898907376182,14.));
#12769=CARTESIAN_POINT('Origin',(40.4413894947243,65.8898907376182,12.));
#12770=CARTESIAN_POINT('',(41.4484055286161,67.0413729877416,12.));
#12771=CARTESIAN_POINT('Origin',(73.70673915,-1.27762384005692E-14,14.));
#12772=CARTESIAN_POINT('',(74.06673915,-0.657951365983858,12.));
#12773=CARTESIAN_POINT('',(74.06673915,-0.657951365983858,14.));
#12774=CARTESIAN_POINT('',(74.06673915,-0.657951365983858,14.));
#12775=CARTESIAN_POINT('',(74.06673915,0.657951365983833,12.));
#12776=CARTESIAN_POINT('Origin',(73.70673915,-1.27762384005692E-14,12.));
#12777=CARTESIAN_POINT('',(74.06673915,0.657951365983833,14.));
#12778=CARTESIAN_POINT('',(74.06673915,0.657951365983833,14.));
#12779=CARTESIAN_POINT('Origin',(73.70673915,-1.27762384005692E-14,14.));
#12780=CARTESIAN_POINT('Origin',(73.70673915,-1.27675647831893E-14,12.));
#12781=CARTESIAN_POINT('',(74.06673915,-1.48673893635176,12.));
#12782=CARTESIAN_POINT('Origin',(0.,0.,14.));
#12783=CARTESIAN_POINT('',(-95.,-1.16341445918999E-14,14.));
#12784=CARTESIAN_POINT('Origin',(0.,0.,14.));
#12785=CARTESIAN_POINT('',(60.,7.34788079488412E-15,14.));
#12786=CARTESIAN_POINT('Origin',(0.,0.,14.));
#12787=CARTESIAN_POINT('',(74.06673915,2.97347787270346,14.));
#12788=CARTESIAN_POINT('',(74.06673915,-1.48673893635174,14.));
#12789=CARTESIAN_POINT('',(77.0332612772965,5.94000000000004,14.));
#12790=CARTESIAN_POINT('Origin',(75.47973915,4.52700000000003,14.));
#12791=CARTESIAN_POINT('',(82.9802170227035,5.94000000000004,14.));
#12792=CARTESIAN_POINT('',(38.5166306386483,5.94000000000003,14.));
#12793=CARTESIAN_POINT('',(85.9467391500001,2.97347787270347,14.));
#12794=CARTESIAN_POINT('Origin',(84.5337391500001,4.52700000000002,14.));
#12795=CARTESIAN_POINT('',(85.9467391500001,-2.97347787270351,14.));
#12796=CARTESIAN_POINT('',(85.9467391500001,1.48673893635174,14.));
#12797=CARTESIAN_POINT('',(82.9802170227035,-5.94000000000007,14.));
#12798=CARTESIAN_POINT('Origin',(84.5337391500001,-4.52700000000006,14.));
#12799=CARTESIAN_POINT('',(77.0332612772965,-5.94000000000007,14.));
#12800=CARTESIAN_POINT('',(41.4901085113517,-5.94000000000009,14.));
#12801=CARTESIAN_POINT('',(74.06673915,-2.9734778727035,14.));
#12802=CARTESIAN_POINT('Origin',(75.47973915,-4.52700000000006,14.));
#12803=CARTESIAN_POINT('',(74.06673915,-1.48673893635174,14.));
#12804=CARTESIAN_POINT('',(37.8045426791237,64.46925372187,14.));
#12805=CARTESIAN_POINT('',(12.43094164573,46.5586103309907,14.));
#12806=CARTESIAN_POINT('',(33.670248478297,65.182078051204,14.));
#12807=CARTESIAN_POINT('Origin',(35.7205125778682,64.7277465400699,14.));
#12808=CARTESIAN_POINT('',(30.2407561238015,70.0405618505272,14.));
#12809=CARTESIAN_POINT('',(43.4261875396636,51.3610611258558,14.));
#12810=CARTESIAN_POINT('',(30.9535804531356,74.1748560513539,14.));
#12811=CARTESIAN_POINT('Origin',(30.4992489420015,72.1245919517827,14.));
#12812=CARTESIAN_POINT('',(35.8120642524587,77.6043484058494,14.));
#12813=CARTESIAN_POINT('',(3.15073752008027,54.5494664832269,14.));
#12814=CARTESIAN_POINT('',(39.9463584532855,76.8915240765153,14.));
#12815=CARTESIAN_POINT('Origin',(37.8960943537142,77.3458555876494,14.));
#12816=CARTESIAN_POINT('',(43.3758508077809,72.0330402771922,14.));
#12817=CARTESIAN_POINT('',(51.4170436918998,60.6412652515056,14.));
#12818=CARTESIAN_POINT('',(42.6630264784469,67.8987460763654,14.));
#12819=CARTESIAN_POINT('Origin',(43.117357989581,69.9490101759366,14.));
#12820=CARTESIAN_POINT('',(12.43094164573,46.5586103309907,14.));
#12821=CARTESIAN_POINT('',(-41.3473352051547,69.9643698833386,14.));
#12822=CARTESIAN_POINT('',(-14.7554771225795,60.513621245841,14.));
#12823=CARTESIAN_POINT('',(-39.5455251100631,66.1757042284271,14.));
#12824=CARTESIAN_POINT('Origin',(-40.3566969052349,68.1127123127463,14.));
#12825=CARTESIAN_POINT('',(-41.5370393445334,60.5721202242624,14.));
#12826=CARTESIAN_POINT('',(-47.7687937021883,43.0376439789914,14.));
#12827=CARTESIAN_POINT('',(-45.325704999445,58.7703101291708,14.));
#12828=CARTESIAN_POINT('Origin',(-43.3886969151258,59.5814819243426,14.));
#12829=CARTESIAN_POINT('',(-50.9292890036097,60.7618243636411,14.));
#12830=CARTESIAN_POINT('',(-15.9320549147873,48.3238043744379,14.));
#12831=CARTESIAN_POINT('',(-52.7310990987013,64.5504900185526,14.));
#12832=CARTESIAN_POINT('Origin',(-51.9199273035295,62.6134819342334,14.));
#12833=CARTESIAN_POINT('',(-50.739584864231,70.1540740227173,14.));
#12834=CARTESIAN_POINT('',(-59.9586105735914,44.2142217711993,14.));
#12835=CARTESIAN_POINT('',(-46.9509192093194,71.955884117809,14.));
#12836=CARTESIAN_POINT('Origin',(-48.8879272936386,71.1447123226372,14.));
#12837=CARTESIAN_POINT('',(-14.7554771225795,60.513621245841,14.));
#12838=CARTESIAN_POINT('',(-85.783515480041,-9.63362914832697,14.));
#12839=CARTESIAN_POINT('',(-83.1105467075921,-19.1735796415081,14.));
#12840=CARTESIAN_POINT('',(-83.7273581316836,-5.97675561725205,14.));
#12841=CARTESIAN_POINT('Origin',(-84.8420486067845,-7.7564929980809,14.));
#12842=CARTESIAN_POINT('',(-78.0009316372537,-4.37228615923171,14.));
#12843=CARTESIAN_POINT('',(-44.1345921549599,5.11661715719829,14.));
#12844=CARTESIAN_POINT('',(-74.3440581061788,-6.42844350758912,14.));
#12845=CARTESIAN_POINT('Origin',(-76.1237954870076,-5.31375303248828,14.));
#12846=CARTESIAN_POINT('',(-72.7395886481585,-12.154870002019,14.));
#12847=CARTESIAN_POINT('',(-72.47332406274,-13.1051807535554,14.));
#12848=CARTESIAN_POINT('',(-74.7957459965159,-15.8117435330939,14.));
#12849=CARTESIAN_POINT('Origin',(-73.681055521415,-14.0320061522651,14.));
#12850=CARTESIAN_POINT('',(-80.5221724909458,-17.4162129911143,14.));
#12851=CARTESIAN_POINT('',(-38.0661932670071,-5.52060548765377,14.));
#12852=CARTESIAN_POINT('',(-84.1790460220207,-15.3600556427568,14.));
#12853=CARTESIAN_POINT('Origin',(-82.3993086411919,-16.4747461178577,14.));
#12854=CARTESIAN_POINT('',(-83.1105467075921,-19.1735796415081,14.));
#12855=CARTESIAN_POINT('',(-24.0614267508544,-81.4424465558406,14.));
#12856=CARTESIAN_POINT('',(2.54134636424658,-48.7432456882433,14.));
#12857=CARTESIAN_POINT('',(-28.2347278103664,-81.8714749117289,14.));
#12858=CARTESIAN_POINT('Origin',(-26.1379158904955,-81.7558039443806,14.));
#12859=CARTESIAN_POINT('',(-32.8478485262589,-78.1184228339618,14.));
#12860=CARTESIAN_POINT('',(-39.7796791573065,-72.4789603193656,14.));
#12861=CARTESIAN_POINT('',(-33.2768768821473,-73.9451217744498,14.));
#12862=CARTESIAN_POINT('Origin',(-33.161205914799,-76.0419336943207,14.));
#12863=CARTESIAN_POINT('',(-29.5238248043801,-69.3320010585573,14.));
#12864=CARTESIAN_POINT('',(-8.55062980592986,-43.5524812647988,14.));
#12865=CARTESIAN_POINT('',(-25.3505237448681,-68.9029727026689,14.));
#12866=CARTESIAN_POINT('Origin',(-27.4473356647391,-69.0186436700172,14.));
#12867=CARTESIAN_POINT('',(-20.7374030289756,-72.6560247804361,14.));
#12868=CARTESIAN_POINT('',(-34.588914733862,-61.3869841491892,14.));
#12869=CARTESIAN_POINT('',(-20.3083746730873,-76.8293258399481,14.));
#12870=CARTESIAN_POINT('Origin',(-20.4240456404355,-74.7325139200771,14.));
#12871=CARTESIAN_POINT('',(2.54134636424658,-48.7432456882433,14.));
#12872=CARTESIAN_POINT('',(57.9807572325404,-52.7485671738459,14.));
#12873=CARTESIAN_POINT('',(24.3631926647127,-50.4490627479455,14.));
#12874=CARTESIAN_POINT('',(60.7379210815908,-55.9106162836749,14.));
#12875=CARTESIAN_POINT('Origin',(59.4342312105313,-54.2642892444457,14.));
#12876=CARTESIAN_POINT('',(60.3320864671002,-61.8437083024716,14.));
#12877=CARTESIAN_POINT('',(62.4997823389445,-30.1531165756872,14.));
#12878=CARTESIAN_POINT('',(57.1700373572712,-64.6008721515219,14.));
#12879=CARTESIAN_POINT('Origin',(58.8163643965003,-63.2971822804625,14.));
#12880=CARTESIAN_POINT('',(51.2369453384744,-64.1950375370313,14.));
#12881=CARTESIAN_POINT('',(26.5190187988418,-62.5042850328669,14.));
#12882=CARTESIAN_POINT('',(48.4797814894241,-61.0329884272023,14.));
#12883=CARTESIAN_POINT('Origin',(49.7834713604836,-62.6793154664314,14.));
#12884=CARTESIAN_POINT('',(48.8856161039147,-55.0998964084056,14.));
#12885=CARTESIAN_POINT('',(50.4445600540232,-32.3089427098162,14.));
#12886=CARTESIAN_POINT('',(52.0476652137437,-52.3427325593553,14.));
#12887=CARTESIAN_POINT('Origin',(50.4013381745146,-53.6464224304147,14.));
#12888=CARTESIAN_POINT('',(24.3631926647127,-50.4490627479455,14.));
#12889=CARTESIAN_POINT('',(68.2666311560904,-34.928186149926,14.));
#12890=CARTESIAN_POINT('',(45.8516796981129,-46.5426778133181,14.));
#12891=CARTESIAN_POINT('',(72.2653554163462,-36.197324185729,14.));
#12892=CARTESIAN_POINT('Origin',(70.2960523872415,-35.4680467491117,14.));
#12893=CARTESIAN_POINT('',(75.0013418313349,-41.4775382888527,14.));
#12894=CARTESIAN_POINT('',(57.2244876886034,-7.16976708085351,14.));
#12895=CARTESIAN_POINT('',(73.7322037955318,-45.4762625491086,14.));
#12896=CARTESIAN_POINT('Origin',(74.4614812321491,-43.5069595200039,14.));
#12897=CARTESIAN_POINT('',(68.4519896924081,-48.2122489640972,14.));
#12898=CARTESIAN_POINT('',(53.9573593891162,-55.7227610050064,14.));
#12899=CARTESIAN_POINT('',(64.4532654321523,-46.9431109282942,14.));
#12900=CARTESIAN_POINT('Origin',(66.422568461257,-47.6723883649115,14.));
#12901=CARTESIAN_POINT('',(61.7172790171636,-41.6628968251704,14.));
#12902=CARTESIAN_POINT('',(48.0444044969151,-15.2754467718568,14.));
#12903=CARTESIAN_POINT('',(62.9864170529666,-37.6641725649146,14.));
#12904=CARTESIAN_POINT('Origin',(62.2571396163493,-39.6334755940193,14.));
#12905=CARTESIAN_POINT('',(45.8516796981129,-46.5426778133181,14.));
#12906=CARTESIAN_POINT('',(0.0199330334851081,-83.5748376138563,14.));
#12907=CARTESIAN_POINT('',(6.06169212614984,-39.6177759655263,14.));
#12908=CARTESIAN_POINT('',(-3.32290012610083,-86.1097880138943,14.));
#12909=CARTESIAN_POINT('Origin',(-1.59144411165695,-84.9214866758297,14.));
#12910=CARTESIAN_POINT('',(-9.21446560416097,-85.3000109732478,14.));
#12911=CARTESIAN_POINT('',(-7.50029132527889,-85.5356188061531,14.));
#12912=CARTESIAN_POINT('',(-11.749416004199,-81.9571778136619,14.));
#12913=CARTESIAN_POINT('Origin',(-10.5611146661343,-83.6886338281058,14.));
#12914=CARTESIAN_POINT('',(-10.9396389635525,-76.0656123356017,14.));
#12915=CARTESIAN_POINT('',(-6.11254543185748,-40.9458989043619,14.));
#12916=CARTESIAN_POINT('',(-7.59680580396652,-73.5306619355637,14.));
#12917=CARTESIAN_POINT('Origin',(-9.3282618184104,-74.7189632736283,14.));
#12918=CARTESIAN_POINT('',(-1.70524032590639,-74.3404389762102,14.));
#12919=CARTESIAN_POINT('',(-8.82841426411451,-73.3613812481458,14.));
#12920=CARTESIAN_POINT('',(0.829710074131589,-77.6832721357962,14.));
#12921=CARTESIAN_POINT('Origin',(-0.358591263933006,-75.9518161213523,14.));
#12922=CARTESIAN_POINT('',(6.06169212614984,-39.6177759655263,14.));
#12923=CARTESIAN_POINT('',(-79.6105703216191,-34.1863952088984,14.));
#12924=CARTESIAN_POINT('',(-64.7031758365157,-48.1088662210622,14.));
#12925=CARTESIAN_POINT('',(-79.7538119237583,-29.9935454731105,14.));
#12926=CARTESIAN_POINT('Origin',(-79.7814973370072,-32.0933629694404,14.));
#12927=CARTESIAN_POINT('',(-75.6947084814732,-25.6472870957637,14.));
#12928=CARTESIAN_POINT('',(-53.6951940927909,-2.09145141212189,14.));
#12929=CARTESIAN_POINT('',(-71.5018587456853,-25.5040454936245,14.));
#12930=CARTESIAN_POINT('Origin',(-73.6016762420152,-25.4763600803756,14.));
#12931=CARTESIAN_POINT('',(-67.1556003683385,-29.5631489359096,14.));
#12932=CARTESIAN_POINT('',(-58.7675934492553,-37.3969647846457,14.));
#12933=CARTESIAN_POINT('',(-67.0123587661993,-33.7559986716975,14.));
#12934=CARTESIAN_POINT('Origin',(-66.9846733529504,-31.6561811753676,14.));
#12935=CARTESIAN_POINT('',(-71.0714622084844,-38.1022570490443,14.));
#12936=CARTESIAN_POINT('',(-42.9832926563744,-8.02703379938227,14.));
#12937=CARTESIAN_POINT('',(-75.2643119442723,-38.2454986511835,14.));
#12938=CARTESIAN_POINT('Origin',(-73.1644944479424,-38.2731840644324,14.));
#12939=CARTESIAN_POINT('',(-64.7031758365157,-48.1088662210622,14.));
#12940=CARTESIAN_POINT('',(-60.3593747344938,56.9120199750841,14.));
#12941=CARTESIAN_POINT('',(-40.0086934296192,61.1409401676056,14.));
#12942=CARTESIAN_POINT('',(-56.8513433606448,54.6111021270131,14.));
#12943=CARTESIAN_POINT('Origin',(-58.5508625939999,55.8446475762998,14.));
#12944=CARTESIAN_POINT('',(-55.6413994584186,48.7885323857996,14.));
#12945=CARTESIAN_POINT('',(-50.2354005503236,22.7734373013163,14.));
#12946=CARTESIAN_POINT('',(-57.9423173064896,45.2805010119507,14.));
#12947=CARTESIAN_POINT('Origin',(-56.7087718572028,46.9800202453058,14.));
#12948=CARTESIAN_POINT('',(-63.764887047703,44.0705571097245,14.));
#12949=CARTESIAN_POINT('',(-34.6803511310084,50.1143931555854,14.));
#12950=CARTESIAN_POINT('',(-67.2729184215519,46.3714749577955,14.));
#12951=CARTESIAN_POINT('Origin',(-65.5733991881969,45.1379295085087,14.));
#12952=CARTESIAN_POINT('',(-68.4828623237782,52.1940446990089,14.));
#12953=CARTESIAN_POINT('',(-61.2619475623438,17.4450950027055,14.));
#12954=CARTESIAN_POINT('',(-66.1819444757072,55.7020760728578,14.));
#12955=CARTESIAN_POINT('Origin',(-67.4154899249939,54.0025568395027,14.));
#12956=CARTESIAN_POINT('',(-40.0086934296192,61.1409401676056,14.));
#12957=CARTESIAN_POINT('',(20.541450467919,73.2395152235439,14.));
#12958=CARTESIAN_POINT('',(6.71436462311433,41.4063709161328,14.));
#12959=CARTESIAN_POINT('',(16.6386571972111,71.7004532528626,14.));
#12960=CARTESIAN_POINT('Origin',(18.6265059898187,72.3775479122187,14.));
#12961=CARTESIAN_POINT('',(11.1840421792296,74.0697269059975,14.));
#12962=CARTESIAN_POINT('',(22.740118444971,69.0502146324859,14.));
#12963=CARTESIAN_POINT('',(9.64498020854821,77.9725201767054,14.));
#12964=CARTESIAN_POINT('Origin',(10.3220748679043,75.9846713840978,14.));
#12965=CARTESIAN_POINT('',(12.0142538616831,83.4271351946869,14.));
#12966=CARTESIAN_POINT('',(-5.36674246282388,43.4120683603035,14.));
#12967=CARTESIAN_POINT('',(15.917047132391,84.9661971653682,14.));
#12968=CARTESIAN_POINT('Origin',(13.9291983397834,84.2891025060121,14.));
#12969=CARTESIAN_POINT('',(21.3716621503725,82.5969235122333,14.));
#12970=CARTESIAN_POINT('',(24.7458158891417,81.1313217184241,14.));
#12971=CARTESIAN_POINT('',(22.9107241210539,78.6941302415254,14.));
#12972=CARTESIAN_POINT('Origin',(22.2336294616978,80.681979034133,14.));
#12973=CARTESIAN_POINT('',(6.71436462311433,41.4063709161328,14.));
#12974=CARTESIAN_POINT('',(70.4196495904497,21.0398284232371,14.));
#12975=CARTESIAN_POINT('',(67.1293514197883,26.4504932506104,14.));
#12976=CARTESIAN_POINT('',(71.4129463749818,25.115839777652,14.));
#12977=CARTESIAN_POINT('Origin',(70.8197590455649,23.1013599956191,14.));
#12978=CARTESIAN_POINT('',(76.4941407616258,28.2057825348836,14.));
#12979=CARTESIAN_POINT('',(39.7710640942974,5.87398490286741,14.));
#12980=CARTESIAN_POINT('',(80.5701521160407,27.2124857503515,14.));
#12981=CARTESIAN_POINT('Origin',(78.5556723340078,27.8056730797684,14.));
#12982=CARTESIAN_POINT('',(83.6600948732723,22.1312913637074,14.));
#12983=CARTESIAN_POINT('',(75.7348825667636,35.1637477710468,14.));
#12984=CARTESIAN_POINT('',(82.6667980887402,18.0552800092925,14.));
#12985=CARTESIAN_POINT('Origin',(83.2599854181571,20.0697597913255,14.));
#12986=CARTESIAN_POINT('',(77.5856037020962,14.965337252061,14.));
#12987=CARTESIAN_POINT('',(48.4843186147338,-2.73154624410787,14.));
#12988=CARTESIAN_POINT('',(73.5095923476812,15.9586340365931,14.));
#12989=CARTESIAN_POINT('Origin',(75.5240721297142,15.3654467071762,14.));
#12990=CARTESIAN_POINT('',(67.1293514197883,26.4504932506104,14.));
#12991=CARTESIAN_POINT('',(52.0476652116043,52.3427325602493,14.));
#12992=CARTESIAN_POINT('',(27.3297386808904,50.6519800653635,14.));
#12993=CARTESIAN_POINT('',(48.8856161027377,55.0998964104034,14.));
#12994=CARTESIAN_POINT('Origin',(50.4013381728302,53.6464224318834,14.));
#12995=CARTESIAN_POINT('',(48.4797814903181,61.0329884293418,14.));
#12996=CARTESIAN_POINT('',(50.6474773517968,29.3423966916192,14.));
#12997=CARTESIAN_POINT('',(51.2369453404722,64.1950375382085,14.));
#12998=CARTESIAN_POINT('Origin',(49.7834713619523,62.6793154681159,14.));
#12999=CARTESIAN_POINT('',(57.1700373594107,64.600872150628,14.));
#13000=CARTESIAN_POINT('',(23.5524728002891,62.3013677371128,14.));
#13001=CARTESIAN_POINT('',(60.3320864682773,61.8437083004739,14.));
#13002=CARTESIAN_POINT('Origin',(58.8163643981848,63.2971822789939,14.));
#13003=CARTESIAN_POINT('',(60.7379210806969,55.9106162815355,14.));
#13004=CARTESIAN_POINT('',(62.2968650235462,33.1196625722205,14.));
#13005=CARTESIAN_POINT('',(57.9807572305428,52.7485671726688,14.));
#13006=CARTESIAN_POINT('Origin',(59.4342312090627,54.2642892427614,14.));
#13007=CARTESIAN_POINT('',(27.3297386808904,50.6519800653635,14.));
#13008=CARTESIAN_POINT('',(-20.3083746730871,76.8293258399481,14.));
#13009=CARTESIAN_POINT('',(0.664820325363116,51.0498060461897,14.));
#13010=CARTESIAN_POINT('',(-20.7374030289755,72.656024780436,14.));
#13011=CARTESIAN_POINT('Origin',(-20.4240456404354,74.7325139200772,14.));
#13012=CARTESIAN_POINT('',(-25.3505237448681,68.9029727026688,14.));
#13013=CARTESIAN_POINT('',(-32.2823543759156,63.2635101880726,14.));
#13014=CARTESIAN_POINT('',(-29.5238248043802,69.3320010585572,14.));
#13015=CARTESIAN_POINT('Origin',(-27.4473356647391,69.0186436700171,14.));
#13016=CARTESIAN_POINT('',(-33.2768768821474,73.9451217744498,14.));
#13017=CARTESIAN_POINT('',(-6.67410376704637,41.2459209068524,14.));
#13018=CARTESIAN_POINT('',(-32.847848526259,78.1184228339619,14.));
#13019=CARTESIAN_POINT('Origin',(-33.1612059147991,76.0419336943208,14.));
#13020=CARTESIAN_POINT('',(-28.2347278103665,81.8714749117291,14.));
#13021=CARTESIAN_POINT('',(-42.0862395152529,70.6024342804821,14.));
#13022=CARTESIAN_POINT('',(-24.0614267508543,81.4424465558408,14.));
#13023=CARTESIAN_POINT('Origin',(-26.1379158904955,81.7558039443808,14.));
#13024=CARTESIAN_POINT('',(0.664820325363116,51.0498060461897,14.));
#13025=CARTESIAN_POINT('',(-84.1790460228001,15.3600556418985,14.));
#13026=CARTESIAN_POINT('',(-83.9127814394136,16.310366386821,14.));
#13027=CARTESIAN_POINT('',(-80.5221724920841,17.4162129908942,14.));
#13028=CARTESIAN_POINT('Origin',(-82.3993086421658,16.47474611731,14.));
#13029=CARTESIAN_POINT('',(-74.7957459973742,15.8117435338733,14.));
#13030=CARTESIAN_POINT('',(-40.9294065125088,6.32284022309762,14.));
#13031=CARTESIAN_POINT('',(-72.7395886483785,12.1548700031573,14.));
#13032=CARTESIAN_POINT('Origin',(-73.6810555219627,14.032006153239,14.));
#13033=CARTESIAN_POINT('',(-74.3440581053994,6.42844350844741,14.));
#13034=CARTESIAN_POINT('',(-71.6710893364817,15.9683939954347,14.));
#13035=CARTESIAN_POINT('',(-78.0009316361154,4.37228615945178,14.));
#13036=CARTESIAN_POINT('Origin',(-76.1237954860337,5.31375303303595,14.));
#13037=CARTESIAN_POINT('',(-83.7273581308253,5.97675561647264,14.));
#13038=CARTESIAN_POINT('',(-41.2713789038951,-5.91885187983435,14.));
#13039=CARTESIAN_POINT('',(-85.7835154798209,9.63362914718865,14.));
#13040=CARTESIAN_POINT('Origin',(-84.8420486062368,7.75649299710692,14.));
#13041=CARTESIAN_POINT('',(-83.9127814394136,16.310366386821,14.));
#13042=CARTESIAN_POINT('',(-46.9509192093194,-71.9558841178089,14.));
#13043=CARTESIAN_POINT('',(-11.9536851204971,-59.5178641286057,14.));
#13044=CARTESIAN_POINT('',(-50.7395848642309,-70.1540740227173,14.));
#13045=CARTESIAN_POINT('Origin',(-48.8879272936385,-71.1447123226371,14.));
#13046=CARTESIAN_POINT('',(-52.7310990987012,-64.5504900185526,14.));
#13047=CARTESIAN_POINT('',(-58.9628534563562,-47.0160137732817,14.));
#13048=CARTESIAN_POINT('',(-50.9292890036096,-60.7618243636411,14.));
#13049=CARTESIAN_POINT('Origin',(-51.9199273035294,-62.6134819342335,14.));
#13050=CARTESIAN_POINT('',(-45.3257049994449,-58.7703101291708,14.));
#13051=CARTESIAN_POINT('',(-18.7338469168696,-49.319561491673,14.));
#13052=CARTESIAN_POINT('',(-41.5370393445334,-60.5721202242624,14.));
#13053=CARTESIAN_POINT('Origin',(-43.3886969151257,-59.5814819243426,14.));
#13054=CARTESIAN_POINT('',(-39.5455251100631,-66.1757042284271,14.));
#13055=CARTESIAN_POINT('',(-48.7645508194235,-40.2358519769092,14.));
#13056=CARTESIAN_POINT('',(-41.3473352051547,-69.9643698833386,14.));
#13057=CARTESIAN_POINT('Origin',(-40.3566969052349,-68.1127123127463,14.));
#13058=CARTESIAN_POINT('',(-11.9536851204971,-59.5178641286057,14.));
#13059=CARTESIAN_POINT('',(42.6630264784469,-67.8987460763654,14.));
#13060=CARTESIAN_POINT('',(10.0016997460684,-44.8438641537429,14.));
#13061=CARTESIAN_POINT('',(43.3758508077809,-72.0330402771921,14.));
#13062=CARTESIAN_POINT('Origin',(43.117357989581,-69.9490101759366,14.));
#13063=CARTESIAN_POINT('',(39.9463584532855,-76.8915240765153,14.));
#13064=CARTESIAN_POINT('',(53.1317898691475,-58.2120233518439,14.));
#13065=CARTESIAN_POINT('',(35.8120642524587,-77.6043484058493,14.));
#13066=CARTESIAN_POINT('Origin',(37.8960943537142,-77.3458555876494,14.));
#13067=CARTESIAN_POINT('',(30.9535804531356,-74.1748560513539,14.));
#13068=CARTESIAN_POINT('',(5.57997941974186,-56.2642126604746,14.));
#13069=CARTESIAN_POINT('',(30.2407561238015,-70.0405618505271,14.));
#13070=CARTESIAN_POINT('Origin',(30.4992489420015,-72.1245919517826,14.));
#13071=CARTESIAN_POINT('',(33.670248478297,-65.182078051204,14.));
#13072=CARTESIAN_POINT('',(41.7114413624159,-53.7903030255174,14.));
#13073=CARTESIAN_POINT('',(37.8045426791237,-64.4692537218699,14.));
#13074=CARTESIAN_POINT('Origin',(35.7205125778682,-64.7277465400699,14.));
#13075=CARTESIAN_POINT('',(10.0016997460684,-44.8438641537429,14.));
#13076=CARTESIAN_POINT('',(73.5095923447351,-15.9586340384417,14.));
#13077=CARTESIAN_POINT('',(65.5843800555297,-28.9910904326978,14.));
#13078=CARTESIAN_POINT('',(77.5856036986298,-14.9653372517755,14.));
#13079=CARTESIAN_POINT('Origin',(75.5240721264574,-15.3654467079701,14.));
#13080=CARTESIAN_POINT('',(82.6667980868915,-18.0552800063464,14.));
#13081=CARTESIAN_POINT('',(45.9437214030419,4.27651760937772,14.));
#13082=CARTESIAN_POINT('',(83.6600948735578,-22.1312913602411,14.));
#13083=CARTESIAN_POINT('Origin',(83.2599854173632,-20.0697597880687,14.));
#13084=CARTESIAN_POINT('',(80.5701521189869,-27.2124857485029,14.));
#13085=CARTESIAN_POINT('',(77.2798539616379,-32.6231505603663,14.));
#13086=CARTESIAN_POINT('',(76.4941407650921,-28.2057825351691,14.));
#13087=CARTESIAN_POINT('Origin',(78.5556723372646,-27.8056730789745,14.));
#13088=CARTESIAN_POINT('',(71.4129463768304,-25.1158397805982,14.));
#13089=CARTESIAN_POINT('',(42.3116612753734,-7.41895629673048,14.));
#13090=CARTESIAN_POINT('',(70.4196495901641,-21.0398284267035,14.));
#13091=CARTESIAN_POINT('Origin',(70.8197590463587,-23.1013599988759,14.));
#13092=CARTESIAN_POINT('',(65.5843800555297,-28.9910904326978,14.));
#13093=CARTESIAN_POINT('',(22.9107241210539,-78.6941302415254,14.));
#13094=CARTESIAN_POINT('',(5.52972779654687,-38.679063407142,14.));
#13095=CARTESIAN_POINT('',(21.3716621503725,-82.5969235122332,14.));
#13096=CARTESIAN_POINT('Origin',(22.2336294616978,-80.681979034133,14.));
#13097=CARTESIAN_POINT('',(15.917047132391,-84.9661971653682,14.));
#13098=CARTESIAN_POINT('',(27.4731233981325,-79.9466848918565,14.));
#13099=CARTESIAN_POINT('',(12.0142538616832,-83.4271351946868,14.));
#13100=CARTESIAN_POINT('Origin',(13.9291983397834,-84.2891025060121,14.));
#13101=CARTESIAN_POINT('',(9.64498020854825,-77.9725201767053,14.));
#13102=CARTESIAN_POINT('',(-4.18210563625638,-46.1393758692942,14.));
#13103=CARTESIAN_POINT('',(11.1840421792296,-74.0697269059974,14.));
#13104=CARTESIAN_POINT('Origin',(10.3220748679044,-75.9846713840977,14.));
#13105=CARTESIAN_POINT('',(16.6386571972111,-71.7004532528625,14.));
#13106=CARTESIAN_POINT('',(20.0128109359803,-70.2348514590533,14.));
#13107=CARTESIAN_POINT('',(20.541450467919,-73.2395152235439,14.));
#13108=CARTESIAN_POINT('Origin',(18.6265059898187,-72.3775479122186,14.));
#13109=CARTESIAN_POINT('',(5.52972779654687,-38.679063407142,14.));
#13110=CARTESIAN_POINT('',(-66.1819444784357,-55.7020760707009,14.));
#13111=CARTESIAN_POINT('',(-37.0974085808134,-61.7459121284847,14.));
#13112=CARTESIAN_POINT('',(-68.48286232467,-52.1940446956471,14.));
#13113=CARTESIAN_POINT('Origin',(-67.4154899268327,-54.0025568366999,14.));
#13114=CARTESIAN_POINT('',(-67.272918419395,-46.3714749550669,14.));
#13115=CARTESIAN_POINT('',(-61.8669194949893,-20.3563798604723,14.));
#13116=CARTESIAN_POINT('',(-63.7648870443412,-44.0705571088326,14.));
#13117=CARTESIAN_POINT('Origin',(-65.573399185394,-45.13792950667,14.));
#13118=CARTESIAN_POINT('',(-57.942317303761,-45.2805010141076,14.));
#13119=CARTESIAN_POINT('',(-37.591636017009,-49.509421213979,14.));
#13120=CARTESIAN_POINT('',(-55.6413994575267,-48.7885323891614,14.));
#13121=CARTESIAN_POINT('Origin',(-56.7087718553641,-46.9800202481086,14.));
#13122=CARTESIAN_POINT('',(-56.8513433628017,-54.6111021297416,14.));
#13123=CARTESIAN_POINT('',(-49.6304285804835,-19.8621524242767,14.));
#13124=CARTESIAN_POINT('',(-60.3593747378555,-56.9120199759759,14.));
#13125=CARTESIAN_POINT('Origin',(-58.5508625968027,-55.8446475781385,14.));
#13126=CARTESIAN_POINT('',(-37.0974085808134,-61.7459121284847,14.));
#13127=CARTESIAN_POINT('',(-75.2643264516917,38.2454943672361,14.));
#13128=CARTESIAN_POINT('',(-66.8763984360505,46.0792722871022,14.));
#13129=CARTESIAN_POINT('',(-71.0714763897247,38.1022623130584,14.));
#13130=CARTESIAN_POINT('Origin',(-73.1645090184124,38.2731845621912,14.));
#13131=CARTESIAN_POINT('',(-67.0123630501467,33.7560131791168,14.));
#13132=CARTESIAN_POINT('',(-45.0127702484381,10.2002010688214,14.));
#13133=CARTESIAN_POINT('',(-67.1555951043244,29.5631631171499,14.));
#13134=CARTESIAN_POINT('Origin',(-66.9846728551916,31.6561957458376,14.));
#13135=CARTESIAN_POINT('',(-71.501844238266,25.5040497775718,14.));
#13136=CARTESIAN_POINT('',(-56.5945425217125,39.426497706805,14.));
#13137=CARTESIAN_POINT('',(-75.6946943002329,25.6472818317495,14.));
#13138=CARTESIAN_POINT('Origin',(-73.6016616715452,25.4763595826168,14.));
#13139=CARTESIAN_POINT('',(-79.753807639811,29.9935309656911,14.));
#13140=CARTESIAN_POINT('',(-51.6655448287353,-0.0816548455167143,14.));
#13141=CARTESIAN_POINT('',(-79.6105755856333,34.1863810276581,14.));
#13142=CARTESIAN_POINT('Origin',(-79.781497834766,32.0933483989704,14.));
#13143=CARTESIAN_POINT('',(-66.8763984360505,46.0792722871022,14.));
#13144=CARTESIAN_POINT('',(0.829710074131764,77.6832721357962,14.));
#13145=CARTESIAN_POINT('',(5.65680360582677,42.5635587045564,14.));
#13146=CARTESIAN_POINT('',(-1.7052403259063,74.3404389762101,14.));
#13147=CARTESIAN_POINT('Origin',(-0.358591263932864,75.9518161213522,14.));
#13148=CARTESIAN_POINT('',(-7.59680580396665,73.5306619355636,14.));
#13149=CARTESIAN_POINT('',(-5.88263152508441,73.7662697684689,14.));
#13150=CARTESIAN_POINT('',(-10.9396389635527,76.0656123356017,14.));
#13151=CARTESIAN_POINT('Origin',(-9.32826181841059,74.7189632736282,14.));
#13152=CARTESIAN_POINT('',(-11.7494160041992,81.957177813662,14.));
#13153=CARTESIAN_POINT('',(-5.70765691153446,38.0001161653318,14.));
#13154=CARTESIAN_POINT('',(-9.21446560416115,85.3000109732481,14.));
#13155=CARTESIAN_POINT('Origin',(-10.5611146661346,83.6886338281059,14.));
#13156=CARTESIAN_POINT('',(-3.32290012610082,86.1097880138946,14.));
#13157=CARTESIAN_POINT('',(-10.4460740643091,85.1307302858301,14.));
#13158=CARTESIAN_POINT('',(0.0199330334852682,83.5748376138565,14.));
#13159=CARTESIAN_POINT('Origin',(-1.59144411165687,84.9214866758299,14.));
#13160=CARTESIAN_POINT('',(5.65680360582677,42.5635587045564,14.));
#13161=CARTESIAN_POINT('',(62.9864170495581,37.6641725696034,14.));
#13162=CARTESIAN_POINT('',(48.4917867793037,45.174684609439,14.));
#13163=CARTESIAN_POINT('',(61.7172790172446,41.6628968309668,14.));
#13164=CARTESIAN_POINT('Origin',(62.2571396146593,39.6334755993445,14.));
#13165=CARTESIAN_POINT('',(64.4532654368411,46.9431109317028,14.));
#13166=CARTESIAN_POINT('',(46.6764112558256,12.635339723112,14.));
#13167=CARTESIAN_POINT('',(68.4519896982044,48.2122489640163,14.));
#13168=CARTESIAN_POINT('Origin',(66.4225684665822,47.6723883666016,14.));
#13169=CARTESIAN_POINT('',(73.7322037989405,45.4762625444199,14.));
#13170=CARTESIAN_POINT('',(51.3172523775819,57.0907542136502,14.));
#13171=CARTESIAN_POINT('',(75.001341831254,41.4775382830565,14.));
#13172=CARTESIAN_POINT('Origin',(74.4614812338393,43.5069595146788,14.));
#13173=CARTESIAN_POINT('',(72.2653554116575,36.1973241823204,14.));
#13174=CARTESIAN_POINT('',(58.5924808600367,9.80987412483374,14.));
#13175=CARTESIAN_POINT('',(68.2666311502942,34.928186150007,14.));
#13176=CARTESIAN_POINT('Origin',(70.2960523819164,35.4680467474217,14.));
#13177=CARTESIAN_POINT('',(48.4917867793037,45.174684609439,14.));
#13178=CARTESIAN_POINT('Origin',(68.4519896982044,48.2122489640163,14.));
#13179=CARTESIAN_POINT('',(68.4519896982044,48.2122489640163,2.));
#13180=CARTESIAN_POINT('',(68.4519896982044,48.2122489640163,14.));
#13181=CARTESIAN_POINT('',(73.7322037989405,45.4762625444199,2.));
#13182=CARTESIAN_POINT('',(76.3661349457789,44.1114694298949,2.));
#13183=CARTESIAN_POINT('',(73.7322037989405,45.4762625444199,14.));
#13184=CARTESIAN_POINT('Origin',(66.4225684665822,47.6723883666016,14.));
#13185=CARTESIAN_POINT('',(64.4532654368411,46.9431109317028,2.));
#13186=CARTESIAN_POINT('',(64.4532654368411,46.9431109317028,14.));
#13187=CARTESIAN_POINT('Origin',(66.4225684665822,47.6723883666016,2.));
#13188=CARTESIAN_POINT('Origin',(61.7172790172446,41.6628968309668,14.));
#13189=CARTESIAN_POINT('',(61.7172790172446,41.6628968309668,2.));
#13190=CARTESIAN_POINT('',(61.7172790172446,41.6628968309668,14.));
#13191=CARTESIAN_POINT('',(65.818058551366,49.5770420785412,2.));
#13192=CARTESIAN_POINT('Origin',(62.2571396146593,39.6334755993445,14.));
#13193=CARTESIAN_POINT('',(62.9864170495581,37.6641725696034,2.));
#13194=CARTESIAN_POINT('',(62.9864170495581,37.6641725696034,14.));
#13195=CARTESIAN_POINT('Origin',(62.2571396146593,39.6334755993445,2.));
#13196=CARTESIAN_POINT('Origin',(68.2666311502942,34.928186150007,14.));
#13197=CARTESIAN_POINT('',(68.2666311502942,34.928186150007,2.));
#13198=CARTESIAN_POINT('',(68.2666311502942,34.928186150007,14.));
#13199=CARTESIAN_POINT('',(60.3524859027197,39.0289656841284,2.));
#13200=CARTESIAN_POINT('Origin',(70.2960523819164,35.4680467474217,14.));
#13201=CARTESIAN_POINT('',(72.2653554116575,36.1973241823204,2.));
#13202=CARTESIAN_POINT('',(72.2653554116575,36.1973241823204,14.));
#13203=CARTESIAN_POINT('Origin',(70.2960523819164,35.4680467474217,2.));
#13204=CARTESIAN_POINT('Origin',(75.001341831254,41.4775382830565,14.));
#13205=CARTESIAN_POINT('',(75.001341831254,41.4775382830565,2.));
#13206=CARTESIAN_POINT('',(75.001341831254,41.4775382830565,14.));
#13207=CARTESIAN_POINT('',(70.9005622971326,33.563393035482,2.));
#13208=CARTESIAN_POINT('Origin',(74.4614812338393,43.5069595146788,14.));
#13209=CARTESIAN_POINT('Origin',(74.4614812338393,43.5069595146788,2.));
#13210=CARTESIAN_POINT('Origin',(68.3593104242493,41.5702175570116,2.));
#13211=CARTESIAN_POINT('Origin',(-1.7052403259063,74.3404389762101,14.));
#13212=CARTESIAN_POINT('',(-1.7052403259063,74.3404389762101,2.));
#13213=CARTESIAN_POINT('',(-1.7052403259063,74.3404389762101,14.));
#13214=CARTESIAN_POINT('',(-7.59680580396665,73.5306619355636,2.));
#13215=CARTESIAN_POINT('',(-10.5356975837787,73.1267205557896,2.));
#13216=CARTESIAN_POINT('',(-7.59680580396665,73.5306619355636,14.));
#13217=CARTESIAN_POINT('Origin',(-0.358591263932864,75.9518161213522,14.));
#13218=CARTESIAN_POINT('',(0.829710074131764,77.6832721357962,2.));
#13219=CARTESIAN_POINT('',(0.829710074131764,77.6832721357962,14.));
#13220=CARTESIAN_POINT('Origin',(-0.358591263932864,75.9518161213522,2.));
#13221=CARTESIAN_POINT('Origin',(0.0199330334852581,83.5748376138565,14.));
#13222=CARTESIAN_POINT('',(0.0199330334852688,83.5748376138565,2.));
#13223=CARTESIAN_POINT('',(0.0199330334852682,83.5748376138565,14.));
#13224=CARTESIAN_POINT('',(1.23365145390577,74.7443803559841,2.));
#13225=CARTESIAN_POINT('Origin',(-1.59144411165687,84.9214866758299,14.));
#13226=CARTESIAN_POINT('',(-3.32290012610082,86.1097880138946,2.));
#13227=CARTESIAN_POINT('',(-3.32290012610082,86.1097880138946,14.));
#13228=CARTESIAN_POINT('Origin',(-1.59144411165687,84.9214866758299,2.));
#13229=CARTESIAN_POINT('Origin',(-9.21446560416114,85.3000109732481,14.));
#13230=CARTESIAN_POINT('',(-9.21446560416115,85.3000109732481,2.));
#13231=CARTESIAN_POINT('',(-9.21446560416115,85.3000109732481,14.));
#13232=CARTESIAN_POINT('',(-0.384008346288738,86.5137293936686,2.));
#13233=CARTESIAN_POINT('Origin',(-10.5611146661346,83.6886338281059,14.));
#13234=CARTESIAN_POINT('',(-11.7494160041992,81.957177813662,2.));
#13235=CARTESIAN_POINT('',(-11.7494160041992,81.957177813662,14.));
#13236=CARTESIAN_POINT('Origin',(-10.5611146661346,83.6886338281059,2.));
#13237=CARTESIAN_POINT('Origin',(-10.9396389635527,76.0656123356017,14.));
#13238=CARTESIAN_POINT('',(-10.9396389635527,76.0656123356017,2.));
#13239=CARTESIAN_POINT('',(-10.9396389635527,76.0656123356017,14.));
#13240=CARTESIAN_POINT('',(-12.1533573839732,84.8960695934741,2.));
#13241=CARTESIAN_POINT('Origin',(-9.32826181841059,74.7189632736282,14.));
#13242=CARTESIAN_POINT('Origin',(-9.32826181841059,74.7189632736282,2.));
#13243=CARTESIAN_POINT('Origin',(-5.45985296503373,79.8202249747291,2.));
#13244=CARTESIAN_POINT('Origin',(-71.0714763897247,38.1022623130584,14.));
#13245=CARTESIAN_POINT('',(-71.0714763897247,38.1022623130584,2.));
#13246=CARTESIAN_POINT('',(-71.0714763897247,38.1022623130584,14.));
#13247=CARTESIAN_POINT('',(-67.0123630501467,33.7560131791168,2.));
#13248=CARTESIAN_POINT('',(-64.9875540462521,31.5879721210445,2.));
#13249=CARTESIAN_POINT('',(-67.0123630501467,33.7560131791168,14.));
#13250=CARTESIAN_POINT('Origin',(-73.1645090184124,38.2731845621912,14.));
#13251=CARTESIAN_POINT('',(-75.2643264516917,38.2454943672361,2.));
#13252=CARTESIAN_POINT('',(-75.2643264516917,38.2454943672361,14.));
#13253=CARTESIAN_POINT('Origin',(-73.1645090184124,38.2731845621912,2.));
#13254=CARTESIAN_POINT('Origin',(-79.6105755856333,34.1863810276581,14.));
#13255=CARTESIAN_POINT('',(-79.6105755856333,34.1863810276581,2.));
#13256=CARTESIAN_POINT('',(-79.6105755856333,34.1863810276581,14.));
#13257=CARTESIAN_POINT('',(-73.0962853936194,40.2703033711307,2.));
#13258=CARTESIAN_POINT('Origin',(-79.781497834766,32.0933483989704,14.));
#13259=CARTESIAN_POINT('',(-79.753807639811,29.9935309656911,2.));
#13260=CARTESIAN_POINT('',(-79.753807639811,29.9935309656911,14.));
#13261=CARTESIAN_POINT('Origin',(-79.781497834766,32.0933483989704,2.));
#13262=CARTESIAN_POINT('Origin',(-75.6946943002329,25.6472818317495,14.));
#13263=CARTESIAN_POINT('',(-75.6946943002329,25.6472818317495,2.));
#13264=CARTESIAN_POINT('',(-75.6946943002329,25.6472818317495,14.));
#13265=CARTESIAN_POINT('',(-81.7786166437056,32.1615720237634,2.));
#13266=CARTESIAN_POINT('Origin',(-73.6016616715452,25.4763595826168,14.));
#13267=CARTESIAN_POINT('',(-71.501844238266,25.5040497775718,2.));
#13268=CARTESIAN_POINT('',(-71.501844238266,25.5040497775718,14.));
#13269=CARTESIAN_POINT('Origin',(-73.6016616715452,25.4763595826168,2.));
#13270=CARTESIAN_POINT('Origin',(-67.1555951043244,29.5631631171499,14.));
#13271=CARTESIAN_POINT('',(-67.1555951043244,29.5631631171499,2.));
#13272=CARTESIAN_POINT('',(-67.1555951043244,29.5631631171499,14.));
#13273=CARTESIAN_POINT('',(-73.6698852963383,23.4792407736772,2.));
#13274=CARTESIAN_POINT('Origin',(-66.9846728551916,31.6561957458376,14.));
#13275=CARTESIAN_POINT('Origin',(-66.9846728551916,31.6561957458376,2.));
#13276=CARTESIAN_POINT('Origin',(-73.3830853449788,31.874772072404,2.));
#13277=CARTESIAN_POINT('Origin',(-63.7648870443412,-44.0705571088326,14.));
#13278=CARTESIAN_POINT('',(-63.7648870443412,-44.0705571088326,2.));
#13279=CARTESIAN_POINT('',(-63.7648870443412,-44.0705571088326,14.));
#13280=CARTESIAN_POINT('',(-57.942317303761,-45.2805010141076,2.));
#13281=CARTESIAN_POINT('',(-55.037842693117,-45.8840577785173,2.));
#13282=CARTESIAN_POINT('',(-57.942317303761,-45.2805010141076,14.));
#13283=CARTESIAN_POINT('Origin',(-65.573399185394,-45.13792950667,14.));
#13284=CARTESIAN_POINT('',(-67.272918419395,-46.3714749550669,2.));
#13285=CARTESIAN_POINT('',(-67.272918419395,-46.3714749550669,14.));
#13286=CARTESIAN_POINT('Origin',(-65.573399185394,-45.13792950667,2.));
#13287=CARTESIAN_POINT('Origin',(-68.48286232467,-52.1940446956471,14.));
#13288=CARTESIAN_POINT('',(-68.48286232467,-52.1940446956471,2.));
#13289=CARTESIAN_POINT('',(-68.48286232467,-52.1940446956471,14.));
#13290=CARTESIAN_POINT('',(-66.6693616549853,-43.4670003444229,2.));
#13291=CARTESIAN_POINT('Origin',(-67.4154899268327,-54.0025568366999,14.));
#13292=CARTESIAN_POINT('',(-66.1819444784357,-55.7020760707009,2.));
#13293=CARTESIAN_POINT('',(-66.1819444784357,-55.7020760707009,14.));
#13294=CARTESIAN_POINT('Origin',(-67.4154899268327,-54.0025568366999,2.));
#13295=CARTESIAN_POINT('Origin',(-60.3593747378555,-56.9120199759759,14.));
#13296=CARTESIAN_POINT('',(-60.3593747378555,-56.9120199759759,2.));
#13297=CARTESIAN_POINT('',(-60.3593747378555,-56.9120199759759,14.));
#13298=CARTESIAN_POINT('',(-69.0864190890798,-55.0985193062911,2.));
#13299=CARTESIAN_POINT('Origin',(-58.5508625968027,-55.8446475781385,14.));
#13300=CARTESIAN_POINT('',(-56.8513433628017,-54.6111021297416,2.));
#13301=CARTESIAN_POINT('',(-56.8513433628017,-54.6111021297416,14.));
#13302=CARTESIAN_POINT('Origin',(-58.5508625968027,-55.8446475781385,2.));
#13303=CARTESIAN_POINT('Origin',(-55.6413994575267,-48.7885323891614,14.));
#13304=CARTESIAN_POINT('',(-55.6413994575267,-48.7885323891614,2.));
#13305=CARTESIAN_POINT('',(-55.6413994575267,-48.7885323891614,14.));
#13306=CARTESIAN_POINT('',(-57.4549001272115,-57.5155767403856,2.));
#13307=CARTESIAN_POINT('Origin',(-56.7087718553641,-46.9800202481086,14.));
#13308=CARTESIAN_POINT('Origin',(-56.7087718553641,-46.9800202481086,2.));
#13309=CARTESIAN_POINT('Origin',(-62.0621308910984,-50.4912885424043,2.));
#13310=CARTESIAN_POINT('Origin',(21.3716621503725,-82.5969235122332,14.));
#13311=CARTESIAN_POINT('',(21.3716621503725,-82.5969235122332,2.));
#13312=CARTESIAN_POINT('',(21.3716621503725,-82.5969235122332,14.));
#13313=CARTESIAN_POINT('',(15.917047132391,-84.9661971653682,2.));
#13314=CARTESIAN_POINT('',(13.1961195116964,-86.1480628153814,2.));
#13315=CARTESIAN_POINT('',(15.917047132391,-84.9661971653682,14.));
#13316=CARTESIAN_POINT('Origin',(22.2336294616978,-80.681979034133,14.));
#13317=CARTESIAN_POINT('',(22.9107241210539,-78.6941302415254,2.));
#13318=CARTESIAN_POINT('',(22.9107241210539,-78.6941302415254,14.));
#13319=CARTESIAN_POINT('Origin',(22.2336294616978,-80.681979034133,2.));
#13320=CARTESIAN_POINT('Origin',(20.541450467919,-73.2395152235439,14.));
#13321=CARTESIAN_POINT('',(20.541450467919,-73.2395152235439,2.));
#13322=CARTESIAN_POINT('',(20.541450467919,-73.2395152235439,14.));
#13323=CARTESIAN_POINT('',(24.0925897710671,-81.41505786222,2.));
#13324=CARTESIAN_POINT('Origin',(18.6265059898187,-72.3775479122186,14.));
#13325=CARTESIAN_POINT('',(16.6386571972111,-71.7004532528625,2.));
#13326=CARTESIAN_POINT('',(16.6386571972111,-71.7004532528625,14.));
#13327=CARTESIAN_POINT('Origin',(18.6265059898187,-72.3775479122186,2.));
#13328=CARTESIAN_POINT('Origin',(11.1840421792296,-74.0697269059974,14.));
#13329=CARTESIAN_POINT('',(11.1840421792296,-74.0697269059974,2.));
#13330=CARTESIAN_POINT('',(11.1840421792296,-74.0697269059974,14.));
#13331=CARTESIAN_POINT('',(19.3595848179057,-70.5185876028493,2.));
#13332=CARTESIAN_POINT('Origin',(10.3220748679044,-75.9846713840977,14.));
#13333=CARTESIAN_POINT('',(9.64498020854825,-77.9725201767053,2.));
#13334=CARTESIAN_POINT('',(9.64498020854825,-77.9725201767053,14.));
#13335=CARTESIAN_POINT('Origin',(10.3220748679044,-75.9846713840977,2.));
#13336=CARTESIAN_POINT('Origin',(12.0142538616832,-83.4271351946868,14.));
#13337=CARTESIAN_POINT('',(12.0142538616832,-83.4271351946868,2.));
#13338=CARTESIAN_POINT('',(12.0142538616832,-83.4271351946868,14.));
#13339=CARTESIAN_POINT('',(8.463114558535,-75.2515925560107,2.));
#13340=CARTESIAN_POINT('Origin',(13.9291983397834,-84.2891025060121,14.));
#13341=CARTESIAN_POINT('Origin',(13.9291983397834,-84.2891025060121,2.));
#13342=CARTESIAN_POINT('Origin',(16.2778521648011,-78.3333252091153,2.));
#13343=CARTESIAN_POINT('Origin',(83.6600948735578,-22.1312913602411,14.));
#13344=CARTESIAN_POINT('',(83.6600948735578,-22.1312913602411,2.));
#13345=CARTESIAN_POINT('',(83.6600948735578,-22.1312913602411,14.));
#13346=CARTESIAN_POINT('',(80.5701521189869,-27.2124857485029,2.));
#13347=CARTESIAN_POINT('',(79.0287948353726,-29.7471398187834,2.));
#13348=CARTESIAN_POINT('',(80.5701521189869,-27.2124857485029,14.));
#13349=CARTESIAN_POINT('Origin',(83.2599854173632,-20.0697597880687,14.));
#13350=CARTESIAN_POINT('',(82.6667980868915,-18.0552800063464,2.));
#13351=CARTESIAN_POINT('',(82.6667980868915,-18.0552800063464,14.));
#13352=CARTESIAN_POINT('Origin',(83.2599854173632,-20.0697597880687,2.));
#13353=CARTESIAN_POINT('Origin',(77.5856036986298,-14.9653372517755,14.));
#13354=CARTESIAN_POINT('',(77.5856036986298,-14.9653372517755,2.));
#13355=CARTESIAN_POINT('',(77.5856036986298,-14.9653372517755,14.));
#13356=CARTESIAN_POINT('',(85.201452157172,-19.5966372899606,2.));
#13357=CARTESIAN_POINT('Origin',(75.5240721264574,-15.3654467079701,14.));
#13358=CARTESIAN_POINT('',(73.5095923447351,-15.9586340384417,2.));
#13359=CARTESIAN_POINT('',(73.5095923447351,-15.9586340384417,14.));
#13360=CARTESIAN_POINT('Origin',(75.5240721264574,-15.3654467079701,2.));
#13361=CARTESIAN_POINT('Origin',(70.4196495901641,-21.0398284267035,14.));
#13362=CARTESIAN_POINT('',(70.4196495901641,-21.0398284267035,2.));
#13363=CARTESIAN_POINT('',(70.4196495901641,-21.0398284267035,14.));
#13364=CARTESIAN_POINT('',(75.0509496283493,-13.4239799681612,2.));
#13365=CARTESIAN_POINT('Origin',(70.8197590463587,-23.1013599988759,14.));
#13366=CARTESIAN_POINT('',(71.4129463768304,-25.1158397805982,2.));
#13367=CARTESIAN_POINT('',(71.4129463768304,-25.1158397805982,14.));
#13368=CARTESIAN_POINT('Origin',(70.8197590463587,-23.1013599988759,2.));
#13369=CARTESIAN_POINT('Origin',(76.4941407650921,-28.2057825351691,14.));
#13370=CARTESIAN_POINT('',(76.4941407650921,-28.2057825351691,2.));
#13371=CARTESIAN_POINT('',(76.4941407650921,-28.2057825351691,14.));
#13372=CARTESIAN_POINT('',(68.8782923065499,-23.574482496984,2.));
#13373=CARTESIAN_POINT('Origin',(78.5556723372646,-27.8056730789745,14.));
#13374=CARTESIAN_POINT('Origin',(78.5556723372646,-27.8056730789745,2.));
#13375=CARTESIAN_POINT('Origin',(77.039872231861,-21.5855598934723,2.));
#13376=CARTESIAN_POINT('Origin',(37.8960943537142,-77.3458555876494,14.));
#13377=CARTESIAN_POINT('',(39.9463584532855,-76.8915240765153,2.));
#13378=CARTESIAN_POINT('',(39.9463584532855,-76.8915240765153,14.));
#13379=CARTESIAN_POINT('',(35.8120642524587,-77.6043484058493,2.));
#13380=CARTESIAN_POINT('Origin',(37.8960943537142,-77.3458555876494,2.));
#13381=CARTESIAN_POINT('',(35.8120642524587,-77.6043484058493,14.));
#13382=CARTESIAN_POINT('Origin',(43.3758508077809,-72.0330402771921,14.));
#13383=CARTESIAN_POINT('',(43.3758508077809,-72.0330402771921,2.));
#13384=CARTESIAN_POINT('',(43.3758508077809,-72.0330402771921,14.));
#13385=CARTESIAN_POINT('',(38.2356235175391,-79.3150833415957,2.));
#13386=CARTESIAN_POINT('Origin',(43.117357989581,-69.9490101759366,14.));
#13387=CARTESIAN_POINT('',(42.6630264784469,-67.8987460763654,2.));
#13388=CARTESIAN_POINT('',(42.6630264784469,-67.8987460763654,14.));
#13389=CARTESIAN_POINT('Origin',(43.117357989581,-69.9490101759366,2.));
#13390=CARTESIAN_POINT('Origin',(37.8045426791237,-64.4692537218699,14.));
#13391=CARTESIAN_POINT('',(37.8045426791237,-64.4692537218699,2.));
#13392=CARTESIAN_POINT('',(37.8045426791237,-64.4692537218699,14.));
#13393=CARTESIAN_POINT('',(45.0865857435273,-69.6094810121117,2.));
#13394=CARTESIAN_POINT('Origin',(35.7205125778682,-64.7277465400699,14.));
#13395=CARTESIAN_POINT('',(33.670248478297,-65.182078051204,2.));
#13396=CARTESIAN_POINT('',(33.670248478297,-65.182078051204,14.));
#13397=CARTESIAN_POINT('Origin',(35.7205125778682,-64.7277465400699,2.));
#13398=CARTESIAN_POINT('Origin',(30.2407561238015,-70.0405618505271,14.));
#13399=CARTESIAN_POINT('',(30.2407561238015,-70.0405618505271,2.));
#13400=CARTESIAN_POINT('',(30.2407561238015,-70.0405618505271,14.));
#13401=CARTESIAN_POINT('',(35.3809834140433,-62.7585187861236,2.));
#13402=CARTESIAN_POINT('Origin',(30.4992489420015,-72.1245919517826,14.));
#13403=CARTESIAN_POINT('',(30.9535804531356,-74.1748560513539,2.));
#13404=CARTESIAN_POINT('',(30.9535804531356,-74.1748560513539,14.));
#13405=CARTESIAN_POINT('Origin',(30.4992489420015,-72.1245919517826,2.));
#13406=CARTESIAN_POINT('Origin',(35.8120642524587,-77.6043484058493,14.));
#13407=CARTESIAN_POINT('',(28.5300211880552,-72.4641211156075,2.));
#13408=CARTESIAN_POINT('Origin',(36.8083034657912,-71.0368010638596,2.));
#13409=CARTESIAN_POINT('Origin',(-41.3473352051547,-69.9643698833386,14.));
#13410=CARTESIAN_POINT('',(-41.3473352051547,-69.9643698833386,2.));
#13411=CARTESIAN_POINT('',(-41.3473352051547,-69.9643698833386,14.));
#13412=CARTESIAN_POINT('',(-46.9509192093194,-71.9558841178089,2.));
#13413=CARTESIAN_POINT('',(-49.7461570843209,-72.9493118977189,2.));
#13414=CARTESIAN_POINT('',(-46.9509192093194,-71.9558841178089,14.));
#13415=CARTESIAN_POINT('Origin',(-40.3566969052349,-68.1127123127463,14.));
#13416=CARTESIAN_POINT('',(-39.5455251100631,-66.1757042284271,2.));
#13417=CARTESIAN_POINT('',(-39.5455251100631,-66.1757042284271,14.));
#13418=CARTESIAN_POINT('Origin',(-40.3566969052349,-68.1127123127463,2.));
#13419=CARTESIAN_POINT('Origin',(-41.5370393445334,-60.5721202242624,14.));
#13420=CARTESIAN_POINT('',(-41.5370393445334,-60.5721202242624,2.));
#13421=CARTESIAN_POINT('',(-41.5370393445334,-60.5721202242624,14.));
#13422=CARTESIAN_POINT('',(-38.5520973301531,-68.9709421034287,2.));
#13423=CARTESIAN_POINT('Origin',(-43.3886969151257,-59.5814819243426,14.));
#13424=CARTESIAN_POINT('',(-45.3257049994449,-58.7703101291708,2.));
#13425=CARTESIAN_POINT('',(-45.3257049994449,-58.7703101291708,14.));
#13426=CARTESIAN_POINT('Origin',(-43.3886969151257,-59.5814819243426,2.));
#13427=CARTESIAN_POINT('Origin',(-50.9292890036096,-60.7618243636411,14.));
#13428=CARTESIAN_POINT('',(-50.9292890036096,-60.7618243636411,2.));
#13429=CARTESIAN_POINT('',(-50.9292890036096,-60.7618243636411,14.));
#13430=CARTESIAN_POINT('',(-42.5304671244433,-57.7768823492609,2.));
#13431=CARTESIAN_POINT('Origin',(-51.9199273035294,-62.6134819342335,14.));
#13432=CARTESIAN_POINT('',(-52.7310990987012,-64.5504900185526,2.));
#13433=CARTESIAN_POINT('',(-52.7310990987012,-64.5504900185526,14.));
#13434=CARTESIAN_POINT('Origin',(-51.9199273035294,-62.6134819342335,2.));
#13435=CARTESIAN_POINT('Origin',(-50.7395848642309,-70.1540740227173,14.));
#13436=CARTESIAN_POINT('',(-50.7395848642309,-70.1540740227173,2.));
#13437=CARTESIAN_POINT('',(-50.7395848642309,-70.1540740227173,14.));
#13438=CARTESIAN_POINT('',(-53.7245268786112,-61.7552521435511,2.));
#13439=CARTESIAN_POINT('Origin',(-48.8879272936385,-71.1447123226371,14.));
#13440=CARTESIAN_POINT('Origin',(-48.8879272936385,-71.1447123226371,2.));
#13441=CARTESIAN_POINT('Origin',(-46.1383121043821,-65.3630971234899,2.));
#13442=CARTESIAN_POINT('Origin',(-80.5221724920841,17.4162129908942,14.));
#13443=CARTESIAN_POINT('',(-80.5221724920841,17.4162129908942,2.));
#13444=CARTESIAN_POINT('',(-80.5221724920841,17.4162129908942,14.));
#13445=CARTESIAN_POINT('',(-74.7957459973742,15.8117435338733,2.));
#13446=CARTESIAN_POINT('',(-71.9392305575183,15.0113854430131,2.));
#13447=CARTESIAN_POINT('',(-74.7957459973742,15.8117435338733,14.));
#13448=CARTESIAN_POINT('Origin',(-82.3993086421658,16.47474611731,14.));
#13449=CARTESIAN_POINT('',(-84.1790460228001,15.3600556418985,2.));
#13450=CARTESIAN_POINT('',(-84.1790460228001,15.3600556418985,14.));
#13451=CARTESIAN_POINT('Origin',(-82.3993086421658,16.47474611731,2.));
#13452=CARTESIAN_POINT('Origin',(-85.7835154798209,9.63362914718865,14.));
#13453=CARTESIAN_POINT('',(-85.7835154798209,9.63362914718865,2.));
#13454=CARTESIAN_POINT('',(-85.7835154798209,9.63362914718865,14.));
#13455=CARTESIAN_POINT('',(-83.3786879319399,18.2165710817544,2.));
#13456=CARTESIAN_POINT('Origin',(-84.8420486062368,7.75649299710692,14.));
#13457=CARTESIAN_POINT('',(-83.7273581308253,5.97675561647264,2.));
#13458=CARTESIAN_POINT('',(-83.7273581308253,5.97675561647264,14.));
#13459=CARTESIAN_POINT('Origin',(-84.8420486062368,7.75649299710692,2.));
#13460=CARTESIAN_POINT('Origin',(-78.0009316361154,4.37228615945178,14.));
#13461=CARTESIAN_POINT('',(-78.0009316361154,4.37228615945178,2.));
#13462=CARTESIAN_POINT('',(-78.0009316361154,4.37228615945178,14.));
#13463=CARTESIAN_POINT('',(-86.5838735706811,6.77711370733283,2.));
#13464=CARTESIAN_POINT('Origin',(-76.1237954860337,5.31375303303595,14.));
#13465=CARTESIAN_POINT('',(-74.3440581053994,6.42844350844741,2.));
#13466=CARTESIAN_POINT('',(-74.3440581053994,6.42844350844741,14.));
#13467=CARTESIAN_POINT('Origin',(-76.1237954860337,5.31375303303595,2.));
#13468=CARTESIAN_POINT('Origin',(-72.7395886483785,12.1548700031573,14.));
#13469=CARTESIAN_POINT('',(-72.7395886483785,12.1548700031573,2.));
#13470=CARTESIAN_POINT('',(-72.7395886483785,12.1548700031573,14.));
#13471=CARTESIAN_POINT('',(-75.1444161962596,3.57192806859159,2.));
#13472=CARTESIAN_POINT('Origin',(-73.6810555219627,14.032006153239,14.));
#13473=CARTESIAN_POINT('Origin',(-73.6810555219627,14.032006153239,2.));
#13474=CARTESIAN_POINT('Origin',(-79.2615520640997,10.894249575173,2.));
#13475=CARTESIAN_POINT('Origin',(-24.0614267508543,81.4424465558408,14.));
#13476=CARTESIAN_POINT('',(-24.0614267508543,81.4424465558408,2.));
#13477=CARTESIAN_POINT('',(-24.0614267508543,81.4424465558408,14.));
#13478=CARTESIAN_POINT('',(-20.3083746730871,76.8293258399481,2.));
#13479=CARTESIAN_POINT('',(-18.4362383212752,74.5281611322479,2.));
#13480=CARTESIAN_POINT('',(-20.3083746730871,76.8293258399481,14.));
#13481=CARTESIAN_POINT('Origin',(-26.1379158904955,81.7558039443808,14.));
#13482=CARTESIAN_POINT('',(-28.2347278103665,81.8714749117291,2.));
#13483=CARTESIAN_POINT('',(-28.2347278103665,81.8714749117291,14.));
#13484=CARTESIAN_POINT('Origin',(-26.1379158904955,81.7558039443808,2.));
#13485=CARTESIAN_POINT('Origin',(-32.847848526259,78.1184228339619,14.));
#13486=CARTESIAN_POINT('',(-32.847848526259,78.1184228339619,2.));
#13487=CARTESIAN_POINT('',(-32.847848526259,78.1184228339619,14.));
#13488=CARTESIAN_POINT('',(-25.9335631026662,83.743611263541,2.));
#13489=CARTESIAN_POINT('Origin',(-33.1612059147991,76.0419336943208,14.));
#13490=CARTESIAN_POINT('',(-33.2768768821474,73.9451217744498,2.));
#13491=CARTESIAN_POINT('',(-33.2768768821474,73.9451217744498,14.));
#13492=CARTESIAN_POINT('Origin',(-33.1612059147991,76.0419336943208,2.));
#13493=CARTESIAN_POINT('Origin',(-29.5238248043802,69.3320010585572,14.));
#13494=CARTESIAN_POINT('',(-29.5238248043802,69.3320010585572,2.));
#13495=CARTESIAN_POINT('',(-29.5238248043802,69.3320010585572,14.));
#13496=CARTESIAN_POINT('',(-35.1490132339593,76.24628648215,2.));
#13497=CARTESIAN_POINT('Origin',(-27.4473356647391,69.0186436700171,14.));
#13498=CARTESIAN_POINT('',(-25.3505237448681,68.9029727026688,2.));
#13499=CARTESIAN_POINT('',(-25.3505237448681,68.9029727026688,14.));
#13500=CARTESIAN_POINT('Origin',(-27.4473356647391,69.0186436700171,2.));
#13501=CARTESIAN_POINT('Origin',(-20.7374030289755,72.656024780436,14.));
#13502=CARTESIAN_POINT('',(-20.7374030289755,72.656024780436,2.));
#13503=CARTESIAN_POINT('',(-20.7374030289755,72.656024780436,14.));
#13504=CARTESIAN_POINT('',(-27.6516884525683,67.0308363508569,2.));
#13505=CARTESIAN_POINT('Origin',(-20.4240456404354,74.7325139200772,14.));
#13506=CARTESIAN_POINT('Origin',(-20.4240456404354,74.7325139200772,2.));
#13507=CARTESIAN_POINT('Origin',(-26.7926257776173,75.387223807199,2.));
#13508=CARTESIAN_POINT('Origin',(51.2369453404722,64.1950375382085,14.));
#13509=CARTESIAN_POINT('',(51.2369453404722,64.1950375382085,2.));
#13510=CARTESIAN_POINT('',(51.2369453404722,64.1950375382085,14.));
#13511=CARTESIAN_POINT('',(57.1700373594107,64.600872150628,2.));
#13512=CARTESIAN_POINT('',(60.129643838921,64.8033147799843,2.));
#13513=CARTESIAN_POINT('',(57.1700373594107,64.600872150628,14.));
#13514=CARTESIAN_POINT('Origin',(49.7834713619523,62.6793154681159,14.));
#13515=CARTESIAN_POINT('',(48.4797814903181,61.0329884293418,2.));
#13516=CARTESIAN_POINT('',(48.4797814903181,61.0329884293418,14.));
#13517=CARTESIAN_POINT('Origin',(49.7834713619523,62.6793154681159,2.));
#13518=CARTESIAN_POINT('Origin',(48.8856161027377,55.0998964104034,14.));
#13519=CARTESIAN_POINT('',(48.8856161027377,55.0998964104034,2.));
#13520=CARTESIAN_POINT('',(48.8856161027377,55.0998964104034,14.));
#13521=CARTESIAN_POINT('',(48.2773388609619,63.9925949088522,2.));
#13522=CARTESIAN_POINT('Origin',(50.4013381728302,53.6464224318834,14.));
#13523=CARTESIAN_POINT('',(52.0476652116043,52.3427325602493,2.));
#13524=CARTESIAN_POINT('',(52.0476652116043,52.3427325602493,14.));
#13525=CARTESIAN_POINT('Origin',(50.4013381728302,53.6464224318834,2.));
#13526=CARTESIAN_POINT('Origin',(57.9807572305428,52.7485671726688,14.));
#13527=CARTESIAN_POINT('',(57.9807572305428,52.7485671726688,2.));
#13528=CARTESIAN_POINT('',(57.9807572305428,52.7485671726688,14.));
#13529=CARTESIAN_POINT('',(49.0880587320939,52.140289930893,2.));
#13530=CARTESIAN_POINT('Origin',(59.4342312090627,54.2642892427614,14.));
#13531=CARTESIAN_POINT('',(60.7379210806969,55.9106162815355,2.));
#13532=CARTESIAN_POINT('',(60.7379210806969,55.9106162815355,14.));
#13533=CARTESIAN_POINT('Origin',(59.4342312090627,54.2642892427614,2.));
#13534=CARTESIAN_POINT('Origin',(60.3320864682773,61.8437083004739,14.));
#13535=CARTESIAN_POINT('',(60.3320864682773,61.8437083004739,2.));
#13536=CARTESIAN_POINT('',(60.3320864682773,61.8437083004739,14.));
#13537=CARTESIAN_POINT('',(60.9403637100531,52.9510098020251,2.));
#13538=CARTESIAN_POINT('Origin',(58.8163643981848,63.2971822789939,14.));
#13539=CARTESIAN_POINT('Origin',(58.8163643981848,63.2971822789939,2.));
#13540=CARTESIAN_POINT('Origin',(54.6088512855075,58.4718023554386,2.));
#13541=CARTESIAN_POINT('Origin',(73.5095923476812,15.9586340365931,14.));
#13542=CARTESIAN_POINT('',(73.5095923476812,15.9586340365931,2.));
#13543=CARTESIAN_POINT('',(73.5095923476812,15.9586340365931,14.));
#13544=CARTESIAN_POINT('',(70.4196495904497,21.0398284232371,2.));
#13545=CARTESIAN_POINT('',(68.8782923055083,23.5744824927106,2.));
#13546=CARTESIAN_POINT('',(70.4196495904497,21.0398284232371,14.));
#13547=CARTESIAN_POINT('Origin',(75.5240721297142,15.3654467071762,14.));
#13548=CARTESIAN_POINT('',(77.5856037020962,14.965337252061,2.));
#13549=CARTESIAN_POINT('',(77.5856037020962,14.965337252061,14.));
#13550=CARTESIAN_POINT('Origin',(75.5240721297142,15.3654467071762,2.));
#13551=CARTESIAN_POINT('Origin',(82.6667980887402,18.0552800092925,14.));
#13552=CARTESIAN_POINT('',(82.6667980887402,18.0552800092925,2.));
#13553=CARTESIAN_POINT('',(82.6667980887402,18.0552800092925,14.));
#13554=CARTESIAN_POINT('',(75.0509496326226,13.4239799671195,2.));
#13555=CARTESIAN_POINT('Origin',(83.2599854181571,20.0697597913255,14.));
#13556=CARTESIAN_POINT('',(83.6600948732723,22.1312913637074,2.));
#13557=CARTESIAN_POINT('',(83.6600948732723,22.1312913637074,14.));
#13558=CARTESIAN_POINT('Origin',(83.2599854181571,20.0697597913255,2.));
#13559=CARTESIAN_POINT('Origin',(80.5701521160407,27.2124857503515,14.));
#13560=CARTESIAN_POINT('',(80.5701521160407,27.2124857503515,2.));
#13561=CARTESIAN_POINT('',(80.5701521160407,27.2124857503515,14.));
#13562=CARTESIAN_POINT('',(85.2014521582137,19.5966372942339,2.));
#13563=CARTESIAN_POINT('Origin',(78.5556723340078,27.8056730797684,14.));
#13564=CARTESIAN_POINT('',(76.4941407616258,28.2057825348836,2.));
#13565=CARTESIAN_POINT('',(76.4941407616258,28.2057825348836,14.));
#13566=CARTESIAN_POINT('Origin',(78.5556723340078,27.8056730797684,2.));
#13567=CARTESIAN_POINT('Origin',(71.4129463749818,25.115839777652,14.));
#13568=CARTESIAN_POINT('',(71.4129463749818,25.115839777652,2.));
#13569=CARTESIAN_POINT('',(71.4129463749818,25.115839777652,14.));
#13570=CARTESIAN_POINT('',(79.0287948310993,29.747139819825,2.));
#13571=CARTESIAN_POINT('Origin',(70.8197590455649,23.1013599956191,14.));
#13572=CARTESIAN_POINT('Origin',(70.8197590455649,23.1013599956191,2.));
#13573=CARTESIAN_POINT('Origin',(77.039872231861,21.5855598934723,2.));
#13574=CARTESIAN_POINT('Origin',(16.6386571972111,71.7004532528626,14.));
#13575=CARTESIAN_POINT('',(16.6386571972111,71.7004532528626,2.));
#13576=CARTESIAN_POINT('',(16.6386571972111,71.7004532528626,14.));
#13577=CARTESIAN_POINT('',(11.1840421792296,74.0697269059975,2.));
#13578=CARTESIAN_POINT('',(8.46311455853495,75.2515925560107,2.));
#13579=CARTESIAN_POINT('',(11.1840421792296,74.0697269059975,14.));
#13580=CARTESIAN_POINT('Origin',(18.6265059898187,72.3775479122187,14.));
#13581=CARTESIAN_POINT('',(20.541450467919,73.2395152235439,2.));
#13582=CARTESIAN_POINT('',(20.541450467919,73.2395152235439,14.));
#13583=CARTESIAN_POINT('Origin',(18.6265059898187,72.3775479122187,2.));
#13584=CARTESIAN_POINT('Origin',(22.9107241210539,78.6941302415254,14.));
#13585=CARTESIAN_POINT('',(22.9107241210539,78.6941302415254,2.));
#13586=CARTESIAN_POINT('',(22.9107241210539,78.6941302415254,14.));
#13587=CARTESIAN_POINT('',(19.3595848179057,70.5185876028493,2.));
#13588=CARTESIAN_POINT('Origin',(22.2336294616978,80.681979034133,14.));
#13589=CARTESIAN_POINT('',(21.3716621503725,82.5969235122333,2.));
#13590=CARTESIAN_POINT('',(21.3716621503725,82.5969235122333,14.));
#13591=CARTESIAN_POINT('Origin',(22.2336294616978,80.681979034133,2.));
#13592=CARTESIAN_POINT('Origin',(15.917047132391,84.9661971653682,14.));
#13593=CARTESIAN_POINT('',(15.917047132391,84.9661971653682,2.));
#13594=CARTESIAN_POINT('',(15.917047132391,84.9661971653682,14.));
#13595=CARTESIAN_POINT('',(24.0925897710671,81.4150578622201,2.));
#13596=CARTESIAN_POINT('Origin',(13.9291983397834,84.2891025060121,14.));
#13597=CARTESIAN_POINT('',(12.0142538616831,83.4271351946869,2.));
#13598=CARTESIAN_POINT('',(12.0142538616831,83.4271351946869,14.));
#13599=CARTESIAN_POINT('Origin',(13.9291983397834,84.2891025060121,2.));
#13600=CARTESIAN_POINT('Origin',(9.64498020854821,77.9725201767054,14.));
#13601=CARTESIAN_POINT('',(9.64498020854821,77.9725201767054,2.));
#13602=CARTESIAN_POINT('',(9.64498020854821,77.9725201767054,14.));
#13603=CARTESIAN_POINT('',(13.1961195116964,86.1480628153815,2.));
#13604=CARTESIAN_POINT('Origin',(10.3220748679043,75.9846713840978,14.));
#13605=CARTESIAN_POINT('Origin',(10.3220748679043,75.9846713840978,2.));
#13606=CARTESIAN_POINT('Origin',(16.2778521648011,78.3333252091154,2.));
#13607=CARTESIAN_POINT('Origin',(-58.5508625939999,55.8446475762998,14.));
#13608=CARTESIAN_POINT('',(-60.3593747344938,56.9120199750841,2.));
#13609=CARTESIAN_POINT('',(-60.3593747344938,56.9120199750841,14.));
#13610=CARTESIAN_POINT('',(-56.8513433606448,54.6111021270131,2.));
#13611=CARTESIAN_POINT('Origin',(-58.5508625939999,55.8446475762998,2.));
#13612=CARTESIAN_POINT('',(-56.8513433606448,54.6111021270131,14.));
#13613=CARTESIAN_POINT('Origin',(-66.1819444757072,55.7020760728578,14.));
#13614=CARTESIAN_POINT('',(-66.1819444757072,55.7020760728578,2.));
#13615=CARTESIAN_POINT('',(-66.1819444757072,55.7020760728578,14.));
#13616=CARTESIAN_POINT('',(-57.4549001235338,57.515576737973,2.));
#13617=CARTESIAN_POINT('Origin',(-67.4154899249939,54.0025568395027,14.));
#13618=CARTESIAN_POINT('',(-68.4828623237782,52.1940446990089,2.));
#13619=CARTESIAN_POINT('',(-68.4828623237782,52.1940446990089,14.));
#13620=CARTESIAN_POINT('Origin',(-67.4154899249939,54.0025568395027,2.));
#13621=CARTESIAN_POINT('Origin',(-67.2729184215519,46.3714749577955,14.));
#13622=CARTESIAN_POINT('',(-67.2729184215519,46.3714749577955,2.));
#13623=CARTESIAN_POINT('',(-67.2729184215519,46.3714749577955,14.));
#13624=CARTESIAN_POINT('',(-69.0864190866671,55.0985193099689,2.));
#13625=CARTESIAN_POINT('Origin',(-65.5733991881969,45.1379295085087,14.));
#13626=CARTESIAN_POINT('',(-63.764887047703,44.0705571097245,2.));
#13627=CARTESIAN_POINT('',(-63.764887047703,44.0705571097245,14.));
#13628=CARTESIAN_POINT('Origin',(-65.5733991881969,45.1379295085087,2.));
#13629=CARTESIAN_POINT('Origin',(-57.9423173064896,45.2805010119507,14.));
#13630=CARTESIAN_POINT('',(-57.9423173064896,45.2805010119507,2.));
#13631=CARTESIAN_POINT('',(-57.9423173064896,45.2805010119507,14.));
#13632=CARTESIAN_POINT('',(-66.669361658663,43.4670003468355,2.));
#13633=CARTESIAN_POINT('Origin',(-56.7087718572028,46.9800202453058,14.));
#13634=CARTESIAN_POINT('',(-55.6413994584186,48.7885323857996,2.));
#13635=CARTESIAN_POINT('',(-55.6413994584186,48.7885323857996,14.));
#13636=CARTESIAN_POINT('Origin',(-56.7087718572028,46.9800202453058,2.));
#13637=CARTESIAN_POINT('Origin',(-56.8513433606448,54.6111021270131,14.));
#13638=CARTESIAN_POINT('',(-55.0378426955296,45.8840577748397,2.));
#13639=CARTESIAN_POINT('Origin',(-62.0621308910984,50.4912885424043,2.));
#13640=CARTESIAN_POINT('Origin',(-79.7538119237583,-29.9935454731105,14.));
#13641=CARTESIAN_POINT('',(-79.7538119237583,-29.9935454731105,2.));
#13642=CARTESIAN_POINT('',(-79.7538119237583,-29.9935454731105,14.));
#13643=CARTESIAN_POINT('',(-75.6947084814732,-25.6472870957637,2.));
#13644=CARTESIAN_POINT('',(-73.6699044146489,-23.4792414268001,2.));
#13645=CARTESIAN_POINT('',(-75.6947084814732,-25.6472870957637,14.));
#13646=CARTESIAN_POINT('Origin',(-79.7814973370072,-32.0933629694404,14.));
#13647=CARTESIAN_POINT('',(-79.6105703216191,-34.1863952088984,2.));
#13648=CARTESIAN_POINT('',(-79.6105703216191,-34.1863952088984,14.));
#13649=CARTESIAN_POINT('Origin',(-79.7814973370072,-32.0933629694404,2.));
#13650=CARTESIAN_POINT('Origin',(-75.2643119442723,-38.2454986511835,14.));
#13651=CARTESIAN_POINT('',(-75.2643119442723,-38.2454986511835,2.));
#13652=CARTESIAN_POINT('',(-75.2643119442723,-38.2454986511835,14.));
#13653=CARTESIAN_POINT('',(-81.7786159905827,-32.1615911420741,2.));
#13654=CARTESIAN_POINT('Origin',(-73.1644944479424,-38.2731840644324,14.));
#13655=CARTESIAN_POINT('',(-71.0714622084844,-38.1022570490443,2.));
#13656=CARTESIAN_POINT('',(-71.0714622084844,-38.1022570490443,14.));
#13657=CARTESIAN_POINT('Origin',(-73.1644944479424,-38.2731840644324,2.));
#13658=CARTESIAN_POINT('Origin',(-67.0123587661993,-33.7559986716975,14.));
#13659=CARTESIAN_POINT('',(-67.0123587661993,-33.7559986716975,2.));
#13660=CARTESIAN_POINT('',(-67.0123587661993,-33.7559986716975,14.));
#13661=CARTESIAN_POINT('',(-73.0962662753087,-40.2703027180079,2.));
#13662=CARTESIAN_POINT('Origin',(-66.9846733529504,-31.6561811753676,14.));
#13663=CARTESIAN_POINT('',(-67.1556003683385,-29.5631489359096,2.));
#13664=CARTESIAN_POINT('',(-67.1556003683385,-29.5631489359096,14.));
#13665=CARTESIAN_POINT('Origin',(-66.9846733529504,-31.6561811753676,2.));
#13666=CARTESIAN_POINT('Origin',(-71.5018587456853,-25.5040454936245,14.));
#13667=CARTESIAN_POINT('',(-71.5018587456853,-25.5040454936245,2.));
#13668=CARTESIAN_POINT('',(-71.5018587456853,-25.5040454936245,14.));
#13669=CARTESIAN_POINT('',(-64.9875546993749,-31.5879530027339,2.));
#13670=CARTESIAN_POINT('Origin',(-73.6016762420152,-25.4763600803756,14.));
#13671=CARTESIAN_POINT('Origin',(-73.6016762420152,-25.4763600803756,2.));
#13672=CARTESIAN_POINT('Origin',(-73.3830853449788,-31.874772072404,2.));
#13673=CARTESIAN_POINT('Origin',(-7.59680580396653,-73.5306619355638,14.));
#13674=CARTESIAN_POINT('',(-7.59680580396652,-73.5306619355637,2.));
#13675=CARTESIAN_POINT('',(-7.59680580396652,-73.5306619355637,14.));
#13676=CARTESIAN_POINT('',(-1.70524032590639,-74.3404389762102,2.));
#13677=CARTESIAN_POINT('',(1.23365145390557,-74.7443803559842,2.));
#13678=CARTESIAN_POINT('',(-1.70524032590639,-74.3404389762102,14.));
#13679=CARTESIAN_POINT('Origin',(-9.3282618184104,-74.7189632736283,14.));
#13680=CARTESIAN_POINT('',(-10.9396389635525,-76.0656123356017,2.));
#13681=CARTESIAN_POINT('',(-10.9396389635525,-76.0656123356017,14.));
#13682=CARTESIAN_POINT('Origin',(-9.3282618184104,-74.7189632736283,2.));
#13683=CARTESIAN_POINT('Origin',(-11.749416004199,-81.9571778136619,14.));
#13684=CARTESIAN_POINT('',(-11.749416004199,-81.9571778136619,2.));
#13685=CARTESIAN_POINT('',(-11.749416004199,-81.9571778136619,14.));
#13686=CARTESIAN_POINT('',(-10.5356975837785,-73.1267205557898,2.));
#13687=CARTESIAN_POINT('Origin',(-10.5611146661343,-83.6886338281058,14.));
#13688=CARTESIAN_POINT('',(-9.21446560416097,-85.3000109732478,2.));
#13689=CARTESIAN_POINT('',(-9.21446560416097,-85.3000109732478,14.));
#13690=CARTESIAN_POINT('Origin',(-10.5611146661343,-83.6886338281058,2.));
#13691=CARTESIAN_POINT('Origin',(-3.32290012610083,-86.1097880138943,14.));
#13692=CARTESIAN_POINT('',(-3.32290012610083,-86.1097880138943,2.));
#13693=CARTESIAN_POINT('',(-3.32290012610083,-86.1097880138943,14.));
#13694=CARTESIAN_POINT('',(-12.1533573839729,-84.8960695934738,2.));
#13695=CARTESIAN_POINT('Origin',(-1.59144411165695,-84.9214866758297,14.));
#13696=CARTESIAN_POINT('',(0.0199330334851081,-83.5748376138563,2.));
#13697=CARTESIAN_POINT('',(0.0199330334851081,-83.5748376138563,14.));
#13698=CARTESIAN_POINT('Origin',(-1.59144411165695,-84.9214866758297,2.));
#13699=CARTESIAN_POINT('Origin',(0.82971007413159,-77.6832721357962,14.));
#13700=CARTESIAN_POINT('',(0.829710074131589,-77.6832721357962,2.));
#13701=CARTESIAN_POINT('',(0.829710074131589,-77.6832721357962,14.));
#13702=CARTESIAN_POINT('',(-0.384008346288871,-86.5137293936683,2.));
#13703=CARTESIAN_POINT('Origin',(-0.358591263933006,-75.9518161213523,14.));
#13704=CARTESIAN_POINT('Origin',(-0.358591263933006,-75.9518161213523,2.));
#13705=CARTESIAN_POINT('Origin',(-5.45985296503367,-79.820224974729,2.));
#13706=CARTESIAN_POINT('Origin',(73.7322037955318,-45.4762625491086,14.));
#13707=CARTESIAN_POINT('',(73.7322037955318,-45.4762625491086,2.));
#13708=CARTESIAN_POINT('',(73.7322037955318,-45.4762625491086,14.));
#13709=CARTESIAN_POINT('',(68.4519896924081,-48.2122489640972,2.));
#13710=CARTESIAN_POINT('',(65.8180585443787,-49.5770420763236,2.));
#13711=CARTESIAN_POINT('',(68.4519896924081,-48.2122489640972,14.));
#13712=CARTESIAN_POINT('Origin',(74.4614812321491,-43.5069595200039,14.));
#13713=CARTESIAN_POINT('',(75.0013418313349,-41.4775382888527,2.));
#13714=CARTESIAN_POINT('',(75.0013418313349,-41.4775382888527,14.));
#13715=CARTESIAN_POINT('Origin',(74.4614812321491,-43.5069595200039,2.));
#13716=CARTESIAN_POINT('Origin',(72.2653554163462,-36.197324185729,14.));
#13717=CARTESIAN_POINT('',(72.2653554163462,-36.197324185729,2.));
#13718=CARTESIAN_POINT('',(72.2653554163462,-36.197324185729,14.));
#13719=CARTESIAN_POINT('',(76.3661349435612,-44.1114694368822,2.));
#13720=CARTESIAN_POINT('Origin',(70.2960523872415,-35.4680467491117,14.));
#13721=CARTESIAN_POINT('',(68.2666311560904,-34.928186149926,2.));
#13722=CARTESIAN_POINT('',(68.2666311560904,-34.928186149926,14.));
#13723=CARTESIAN_POINT('Origin',(70.2960523872415,-35.4680467491117,2.));
#13724=CARTESIAN_POINT('Origin',(62.9864170529666,-37.6641725649146,14.));
#13725=CARTESIAN_POINT('',(62.9864170529666,-37.6641725649146,2.));
#13726=CARTESIAN_POINT('',(62.9864170529666,-37.6641725649146,14.));
#13727=CARTESIAN_POINT('',(70.9005623041198,-33.5633930376996,2.));
#13728=CARTESIAN_POINT('Origin',(62.2571396163493,-39.6334755940193,14.));
#13729=CARTESIAN_POINT('',(61.7172790171636,-41.6628968251704,2.));
#13730=CARTESIAN_POINT('',(61.7172790171636,-41.6628968251704,14.));
#13731=CARTESIAN_POINT('Origin',(62.2571396163493,-39.6334755940193,2.));
#13732=CARTESIAN_POINT('Origin',(64.4532654321523,-46.9431109282942,14.));
#13733=CARTESIAN_POINT('',(64.4532654321523,-46.9431109282942,2.));
#13734=CARTESIAN_POINT('',(64.4532654321523,-46.9431109282942,14.));
#13735=CARTESIAN_POINT('',(60.3524859049372,-39.028965677141,2.));
#13736=CARTESIAN_POINT('Origin',(66.422568461257,-47.6723883649115,14.));
#13737=CARTESIAN_POINT('Origin',(66.422568461257,-47.6723883649115,2.));
#13738=CARTESIAN_POINT('Origin',(68.3593104242492,-41.5702175570116,2.));
#13739=CARTESIAN_POINT('Origin',(50.4013381745146,-53.6464224304147,14.));
#13740=CARTESIAN_POINT('',(48.8856161039147,-55.0998964084056,2.));
#13741=CARTESIAN_POINT('',(48.8856161039147,-55.0998964084056,14.));
#13742=CARTESIAN_POINT('',(52.0476652137437,-52.3427325593553,2.));
#13743=CARTESIAN_POINT('Origin',(50.4013381745146,-53.6464224304147,2.));
#13744=CARTESIAN_POINT('',(52.0476652137437,-52.3427325593553,14.));
#13745=CARTESIAN_POINT('Origin',(48.4797814894241,-61.0329884272023,14.));
#13746=CARTESIAN_POINT('',(48.4797814894241,-61.0329884272023,2.));
#13747=CARTESIAN_POINT('',(48.4797814894241,-61.0329884272023,14.));
#13748=CARTESIAN_POINT('',(49.0880587343041,-52.1402899289659,2.));
#13749=CARTESIAN_POINT('Origin',(49.7834713604836,-62.6793154664314,14.));
#13750=CARTESIAN_POINT('',(51.2369453384744,-64.1950375370313,2.));
#13751=CARTESIAN_POINT('',(51.2369453384744,-64.1950375370313,14.));
#13752=CARTESIAN_POINT('Origin',(49.7834713604836,-62.6793154664314,2.));
#13753=CARTESIAN_POINT('Origin',(57.1700373572712,-64.6008721515219,14.));
#13754=CARTESIAN_POINT('',(57.1700373572712,-64.6008721515219,2.));
#13755=CARTESIAN_POINT('',(57.1700373572712,-64.6008721515219,14.));
#13756=CARTESIAN_POINT('',(48.2773388590348,-63.992594906642,2.));
#13757=CARTESIAN_POINT('Origin',(58.8163643965003,-63.2971822804625,14.));
#13758=CARTESIAN_POINT('',(60.3320864671002,-61.8437083024716,2.));
#13759=CARTESIAN_POINT('',(60.3320864671002,-61.8437083024716,14.));
#13760=CARTESIAN_POINT('Origin',(58.8163643965003,-63.2971822804625,2.));
#13761=CARTESIAN_POINT('Origin',(60.7379210815908,-55.9106162836749,14.));
#13762=CARTESIAN_POINT('',(60.7379210815908,-55.9106162836749,2.));
#13763=CARTESIAN_POINT('',(60.7379210815908,-55.9106162836749,14.));
#13764=CARTESIAN_POINT('',(60.1296438367108,-64.8033147819113,2.));
#13765=CARTESIAN_POINT('Origin',(59.4342312105313,-54.2642892444457,14.));
#13766=CARTESIAN_POINT('',(57.9807572325404,-52.7485671738459,2.));
#13767=CARTESIAN_POINT('',(57.9807572325404,-52.7485671738459,14.));
#13768=CARTESIAN_POINT('Origin',(59.4342312105313,-54.2642892444457,2.));
#13769=CARTESIAN_POINT('Origin',(52.0476652137437,-52.3427325593553,14.));
#13770=CARTESIAN_POINT('',(60.9403637119801,-52.9510098042352,2.));
#13771=CARTESIAN_POINT('Origin',(54.6088512855074,-58.4718023554386,2.));
#13772=CARTESIAN_POINT('Origin',(-33.2768768821473,-73.9451217744498,14.));
#13773=CARTESIAN_POINT('',(-33.2768768821473,-73.9451217744498,2.));
#13774=CARTESIAN_POINT('',(-33.2768768821473,-73.9451217744498,14.));
#13775=CARTESIAN_POINT('',(-29.5238248043801,-69.3320010585573,2.));
#13776=CARTESIAN_POINT('',(-27.6516884525683,-67.0308363508571,2.));
#13777=CARTESIAN_POINT('',(-29.5238248043801,-69.3320010585573,14.));
#13778=CARTESIAN_POINT('Origin',(-33.161205914799,-76.0419336943207,14.));
#13779=CARTESIAN_POINT('',(-32.8478485262589,-78.1184228339618,2.));
#13780=CARTESIAN_POINT('',(-32.8478485262589,-78.1184228339618,14.));
#13781=CARTESIAN_POINT('Origin',(-33.161205914799,-76.0419336943207,2.));
#13782=CARTESIAN_POINT('Origin',(-28.2347278103664,-81.8714749117289,14.));
#13783=CARTESIAN_POINT('',(-28.2347278103664,-81.8714749117289,2.));
#13784=CARTESIAN_POINT('',(-28.2347278103664,-81.8714749117289,14.));
#13785=CARTESIAN_POINT('',(-35.1490132339591,-76.24628648215,2.));
#13786=CARTESIAN_POINT('Origin',(-26.1379158904955,-81.7558039443806,14.));
#13787=CARTESIAN_POINT('',(-24.0614267508544,-81.4424465558406,2.));
#13788=CARTESIAN_POINT('',(-24.0614267508544,-81.4424465558406,14.));
#13789=CARTESIAN_POINT('Origin',(-26.1379158904955,-81.7558039443806,2.));
#13790=CARTESIAN_POINT('Origin',(-20.3083746730873,-76.8293258399481,14.));
#13791=CARTESIAN_POINT('',(-20.3083746730873,-76.8293258399481,2.));
#13792=CARTESIAN_POINT('',(-20.3083746730873,-76.8293258399481,14.));
#13793=CARTESIAN_POINT('',(-25.9335631026662,-83.7436112635407,2.));
#13794=CARTESIAN_POINT('Origin',(-20.4240456404355,-74.7325139200771,14.));
#13795=CARTESIAN_POINT('',(-20.7374030289756,-72.6560247804361,2.));
#13796=CARTESIAN_POINT('',(-20.7374030289756,-72.6560247804361,14.));
#13797=CARTESIAN_POINT('Origin',(-20.4240456404355,-74.7325139200771,2.));
#13798=CARTESIAN_POINT('Origin',(-25.3505237448681,-68.9029727026689,14.));
#13799=CARTESIAN_POINT('',(-25.3505237448681,-68.9029727026689,2.));
#13800=CARTESIAN_POINT('',(-25.3505237448681,-68.9029727026689,14.));
#13801=CARTESIAN_POINT('',(-18.4362383212754,-74.5281611322479,2.));
#13802=CARTESIAN_POINT('Origin',(-27.4473356647391,-69.0186436700172,14.));
#13803=CARTESIAN_POINT('Origin',(-27.4473356647391,-69.0186436700172,2.));
#13804=CARTESIAN_POINT('Origin',(-26.7926257776173,-75.3872238071989,2.));
#13805=CARTESIAN_POINT('Origin',(-83.7273581316836,-5.97675561725205,14.));
#13806=CARTESIAN_POINT('',(-83.7273581316836,-5.97675561725205,2.));
#13807=CARTESIAN_POINT('',(-83.7273581316836,-5.97675561725205,14.));
#13808=CARTESIAN_POINT('',(-78.0009316372537,-4.37228615923171,2.));
#13809=CARTESIAN_POINT('',(-75.1444161975376,-3.57192806787296,2.));
#13810=CARTESIAN_POINT('',(-78.0009316372537,-4.37228615923171,14.));
#13811=CARTESIAN_POINT('Origin',(-84.8420486067845,-7.7564929980809,14.));
#13812=CARTESIAN_POINT('',(-85.783515480041,-9.63362914832697,2.));
#13813=CARTESIAN_POINT('',(-85.783515480041,-9.63362914832697,14.));
#13814=CARTESIAN_POINT('Origin',(-84.8420486067845,-7.7564929980809,2.));
#13815=CARTESIAN_POINT('Origin',(-84.1790460220207,-15.3600556427568,14.));
#13816=CARTESIAN_POINT('',(-84.1790460220207,-15.3600556427568,2.));
#13817=CARTESIAN_POINT('',(-84.1790460220207,-15.3600556427568,14.));
#13818=CARTESIAN_POINT('',(-86.5838735713997,-6.7771137086108,2.));
#13819=CARTESIAN_POINT('Origin',(-82.3993086411919,-16.4747461178577,14.));
#13820=CARTESIAN_POINT('',(-80.5221724909458,-17.4162129911143,2.));
#13821=CARTESIAN_POINT('',(-80.5221724909458,-17.4162129911143,14.));
#13822=CARTESIAN_POINT('Origin',(-82.3993086411919,-16.4747461178577,2.));
#13823=CARTESIAN_POINT('Origin',(-74.7957459965159,-15.8117435330939,14.));
#13824=CARTESIAN_POINT('',(-74.7957459965159,-15.8117435330939,2.));
#13825=CARTESIAN_POINT('',(-74.7957459965159,-15.8117435330939,14.));
#13826=CARTESIAN_POINT('',(-83.3786879306619,-18.216571082473,2.));
#13827=CARTESIAN_POINT('Origin',(-73.681055521415,-14.0320061522651,14.));
#13828=CARTESIAN_POINT('',(-72.7395886481585,-12.154870002019,2.));
#13829=CARTESIAN_POINT('',(-72.7395886481585,-12.154870002019,14.));
#13830=CARTESIAN_POINT('Origin',(-73.681055521415,-14.0320061522651,2.));
#13831=CARTESIAN_POINT('Origin',(-74.3440581061788,-6.42844350758912,14.));
#13832=CARTESIAN_POINT('',(-74.3440581061788,-6.42844350758912,2.));
#13833=CARTESIAN_POINT('',(-74.3440581061788,-6.42844350758912,14.));
#13834=CARTESIAN_POINT('',(-71.9392305567997,-15.0113854417352,2.));
#13835=CARTESIAN_POINT('Origin',(-76.1237954870076,-5.31375303248828,14.));
#13836=CARTESIAN_POINT('Origin',(-76.1237954870076,-5.31375303248828,2.));
#13837=CARTESIAN_POINT('Origin',(-79.2615520640997,-10.894249575173,2.));
#13838=CARTESIAN_POINT('Origin',(-40.3566969052349,68.1127123127463,14.));
#13839=CARTESIAN_POINT('',(-41.3473352051547,69.9643698833386,2.));
#13840=CARTESIAN_POINT('',(-41.3473352051547,69.9643698833386,14.));
#13841=CARTESIAN_POINT('',(-39.5455251100631,66.1757042284271,2.));
#13842=CARTESIAN_POINT('Origin',(-40.3566969052349,68.1127123127463,2.));
#13843=CARTESIAN_POINT('',(-39.5455251100631,66.1757042284271,14.));
#13844=CARTESIAN_POINT('Origin',(-46.9509192093195,71.955884117809,14.));
#13845=CARTESIAN_POINT('',(-46.9509192093194,71.955884117809,2.));
#13846=CARTESIAN_POINT('',(-46.9509192093194,71.955884117809,14.));
#13847=CARTESIAN_POINT('',(-38.5520973301531,68.9709421034287,2.));
#13848=CARTESIAN_POINT('Origin',(-48.8879272936386,71.1447123226372,14.));
#13849=CARTESIAN_POINT('',(-50.739584864231,70.1540740227173,2.));
#13850=CARTESIAN_POINT('',(-50.739584864231,70.1540740227173,14.));
#13851=CARTESIAN_POINT('Origin',(-48.8879272936386,71.1447123226372,2.));
#13852=CARTESIAN_POINT('Origin',(-52.7310990987013,64.5504900185526,14.));
#13853=CARTESIAN_POINT('',(-52.7310990987013,64.5504900185526,2.));
#13854=CARTESIAN_POINT('',(-52.7310990987013,64.5504900185526,14.));
#13855=CARTESIAN_POINT('',(-49.746157084321,72.9493118977189,2.));
#13856=CARTESIAN_POINT('Origin',(-51.9199273035295,62.6134819342334,14.));
#13857=CARTESIAN_POINT('',(-50.9292890036097,60.7618243636411,2.));
#13858=CARTESIAN_POINT('',(-50.9292890036097,60.7618243636411,14.));
#13859=CARTESIAN_POINT('Origin',(-51.9199273035295,62.6134819342334,2.));
#13860=CARTESIAN_POINT('Origin',(-45.325704999445,58.7703101291708,14.));
#13861=CARTESIAN_POINT('',(-45.325704999445,58.7703101291708,2.));
#13862=CARTESIAN_POINT('',(-45.325704999445,58.7703101291708,14.));
#13863=CARTESIAN_POINT('',(-53.7245268786113,61.755252143551,2.));
#13864=CARTESIAN_POINT('Origin',(-43.3886969151258,59.5814819243426,14.));
#13865=CARTESIAN_POINT('',(-41.5370393445334,60.5721202242624,2.));
#13866=CARTESIAN_POINT('',(-41.5370393445334,60.5721202242624,14.));
#13867=CARTESIAN_POINT('Origin',(-43.3886969151258,59.5814819243426,2.));
#13868=CARTESIAN_POINT('Origin',(-39.5455251100631,66.1757042284271,14.));
#13869=CARTESIAN_POINT('',(-42.5304671244434,57.7768823492608,2.));
#13870=CARTESIAN_POINT('Origin',(-46.1383121043822,65.3630971234899,2.));
#13871=CARTESIAN_POINT('Origin',(35.7205125778682,64.7277465400699,14.));
#13872=CARTESIAN_POINT('',(37.8045426791237,64.46925372187,2.));
#13873=CARTESIAN_POINT('',(37.8045426791237,64.46925372187,14.));
#13874=CARTESIAN_POINT('',(33.670248478297,65.182078051204,2.));
#13875=CARTESIAN_POINT('Origin',(35.7205125778682,64.7277465400699,2.));
#13876=CARTESIAN_POINT('',(33.670248478297,65.182078051204,14.));
#13877=CARTESIAN_POINT('Origin',(42.6630264784469,67.8987460763654,14.));
#13878=CARTESIAN_POINT('',(42.6630264784469,67.8987460763654,2.));
#13879=CARTESIAN_POINT('',(42.6630264784469,67.8987460763654,14.));
#13880=CARTESIAN_POINT('',(35.3809834140433,62.7585187861236,2.));
#13881=CARTESIAN_POINT('Origin',(43.117357989581,69.9490101759366,14.));
#13882=CARTESIAN_POINT('',(43.3758508077809,72.0330402771922,2.));
#13883=CARTESIAN_POINT('',(43.3758508077809,72.0330402771922,14.));
#13884=CARTESIAN_POINT('Origin',(43.117357989581,69.9490101759366,2.));
#13885=CARTESIAN_POINT('Origin',(39.9463584532855,76.8915240765153,14.));
#13886=CARTESIAN_POINT('',(39.9463584532855,76.8915240765153,2.));
#13887=CARTESIAN_POINT('',(39.9463584532855,76.8915240765153,14.));
#13888=CARTESIAN_POINT('',(45.0865857435273,69.6094810121118,2.));
#13889=CARTESIAN_POINT('Origin',(37.8960943537142,77.3458555876494,14.));
#13890=CARTESIAN_POINT('',(35.8120642524587,77.6043484058494,2.));
#13891=CARTESIAN_POINT('',(35.8120642524587,77.6043484058494,14.));
#13892=CARTESIAN_POINT('Origin',(37.8960943537142,77.3458555876494,2.));
#13893=CARTESIAN_POINT('Origin',(30.9535804531356,74.1748560513539,14.));
#13894=CARTESIAN_POINT('',(30.9535804531356,74.1748560513539,2.));
#13895=CARTESIAN_POINT('',(30.9535804531356,74.1748560513539,14.));
#13896=CARTESIAN_POINT('',(38.2356235175391,79.3150833415957,2.));
#13897=CARTESIAN_POINT('Origin',(30.4992489420015,72.1245919517827,14.));
#13898=CARTESIAN_POINT('',(30.2407561238015,70.0405618505272,2.));
#13899=CARTESIAN_POINT('',(30.2407561238015,70.0405618505272,14.));
#13900=CARTESIAN_POINT('Origin',(30.4992489420015,72.1245919517827,2.));
#13901=CARTESIAN_POINT('Origin',(33.670248478297,65.182078051204,14.));
#13902=CARTESIAN_POINT('',(28.5300211880552,72.4641211156076,2.));
#13903=CARTESIAN_POINT('Origin',(36.8083034657912,71.0368010638597,2.));
#13904=CARTESIAN_POINT('Origin',(74.06673915,-2.9734778727035,14.));
#13905=CARTESIAN_POINT('',(74.06673915,-2.9734778727035,2.));
#13906=CARTESIAN_POINT('',(74.06673915,-2.9734778727035,14.));
#13907=CARTESIAN_POINT('',(74.06673915,2.97347787270346,2.));
#13908=CARTESIAN_POINT('',(74.06673915,5.94000000000004,2.));
#13909=CARTESIAN_POINT('',(74.06673915,2.97347787270346,14.));
#13910=CARTESIAN_POINT('Origin',(75.47973915,-4.52700000000006,14.));
#13911=CARTESIAN_POINT('',(77.0332612772965,-5.94000000000007,2.));
#13912=CARTESIAN_POINT('',(77.0332612772965,-5.94000000000007,14.));
#13913=CARTESIAN_POINT('Origin',(75.47973915,-4.52700000000006,2.));
#13914=CARTESIAN_POINT('Origin',(82.9802170227035,-5.94000000000007,14.));
#13915=CARTESIAN_POINT('',(82.9802170227035,-5.94000000000007,2.));
#13916=CARTESIAN_POINT('',(82.9802170227035,-5.94000000000007,14.));
#13917=CARTESIAN_POINT('',(74.06673915,-5.94000000000007,2.));
#13918=CARTESIAN_POINT('Origin',(84.5337391500001,-4.52700000000006,14.));
#13919=CARTESIAN_POINT('',(85.9467391500001,-2.97347787270351,2.));
#13920=CARTESIAN_POINT('',(85.9467391500001,-2.97347787270351,14.));
#13921=CARTESIAN_POINT('Origin',(84.5337391500001,-4.52700000000006,2.));
#13922=CARTESIAN_POINT('Origin',(85.9467391500001,2.97347787270347,14.));
#13923=CARTESIAN_POINT('',(85.9467391500001,2.97347787270347,2.));
#13924=CARTESIAN_POINT('',(85.9467391500001,2.97347787270347,14.));
#13925=CARTESIAN_POINT('',(85.9467391500001,-5.94000000000007,2.));
#13926=CARTESIAN_POINT('Origin',(84.5337391500001,4.52700000000002,14.));
#13927=CARTESIAN_POINT('',(82.9802170227035,5.94000000000004,2.));
#13928=CARTESIAN_POINT('',(82.9802170227035,5.94000000000004,14.));
#13929=CARTESIAN_POINT('Origin',(84.5337391500001,4.52700000000002,2.));
#13930=CARTESIAN_POINT('Origin',(77.0332612772965,5.94000000000004,14.));
#13931=CARTESIAN_POINT('',(77.0332612772965,5.94000000000004,2.));
#13932=CARTESIAN_POINT('',(77.0332612772965,5.94000000000004,14.));
#13933=CARTESIAN_POINT('',(85.9467391500001,5.94000000000005,2.));
#13934=CARTESIAN_POINT('Origin',(75.47973915,4.52700000000003,14.));
#13935=CARTESIAN_POINT('Origin',(75.47973915,4.52700000000003,2.));
#13936=CARTESIAN_POINT('Origin',(80.00673915,-1.72084568816899E-14,2.));
#13937=CARTESIAN_POINT('Origin',(0.,0.,0.));
#13938=CARTESIAN_POINT('',(-95.,1.16341445918999E-14,12.));
#13939=CARTESIAN_POINT('',(-95.,-1.16341445918999E-14,0.));
#13940=CARTESIAN_POINT('Origin',(0.,0.,12.));
#13941=CARTESIAN_POINT('Origin',(0.,0.,0.));
#13942=CARTESIAN_POINT('',(60.,7.34788079488412E-15,0.));
#13943=CARTESIAN_POINT('',(60.,7.34788079488412E-15,0.));
#13944=CARTESIAN_POINT('Origin',(0.,0.,0.));
#13945=CARTESIAN_POINT('Origin',(0.,0.,0.));
#13946=CARTESIAN_POINT('',(-120.,-1.46957615897682E-14,12.));
#13947=CARTESIAN_POINT('Origin',(0.,0.,12.));
#13948=CARTESIAN_POINT('',(-120.,-1.46957615897682E-14,0.));
#13949=CARTESIAN_POINT('',(-120.,-1.46957615897682E-14,0.));
#13950=CARTESIAN_POINT('Origin',(0.,0.,0.));
#13951=CARTESIAN_POINT('Origin',(0.,0.,12.));
#13952=CARTESIAN_POINT('Origin',(0.,0.,0.));
#13953=UNCERTAINTY_MEASURE_WITH_UNIT(LENGTH_MEASURE(0.01),#13957,
'DISTANCE_ACCURACY_VALUE',
'Maximum model space distance between geometric entities at asserted c
onnectivities');
#13954=UNCERTAINTY_MEASURE_WITH_UNIT(LENGTH_MEASURE(0.01),#13957,
'DISTANCE_ACCURACY_VALUE',
'Maximum model space distance between geometric entities at asserted c
onnectivities');
#13955=(
GEOMETRIC_REPRESENTATION_CONTEXT(3)
GLOBAL_UNCERTAINTY_ASSIGNED_CONTEXT((#13953))
GLOBAL_UNIT_ASSIGNED_CONTEXT((#13957,#13959,#13960))
REPRESENTATION_CONTEXT('','3D')
);
#13956=(
GEOMETRIC_REPRESENTATION_CONTEXT(3)
GLOBAL_UNCERTAINTY_ASSIGNED_CONTEXT((#13954))
GLOBAL_UNIT_ASSIGNED_CONTEXT((#13957,#13959,#13960))
REPRESENTATION_CONTEXT('','3D')
);
#13957=(
LENGTH_UNIT()
NAMED_UNIT(*)
SI_UNIT(.MILLI.,.METRE.)
);
#13958=(
LENGTH_UNIT()
NAMED_UNIT(*)
SI_UNIT(.CENTI.,.METRE.)
);
#13959=(
NAMED_UNIT(*)
PLANE_ANGLE_UNIT()
SI_UNIT($,.RADIAN.)
);
#13960=(
NAMED_UNIT(*)
SI_UNIT($,.STERADIAN.)
SOLID_ANGLE_UNIT()
);
#13961=SHAPE_DEFINITION_REPRESENTATION(#13962,#13963);
#13962=PRODUCT_DEFINITION_SHAPE('',$,#13965);
#13963=SHAPE_REPRESENTATION('',(#8137),#13955);
#13964=PRODUCT_DEFINITION_CONTEXT('part definition',#13969,'design');
#13965=PRODUCT_DEFINITION('Ring_1050','Ring_1050',#13966,#13964);
#13966=PRODUCT_DEFINITION_FORMATION('',$,#13971);
#13967=PRODUCT_RELATED_PRODUCT_CATEGORY('Ring_1050','Ring_1050',(#13971));
#13968=APPLICATION_PROTOCOL_DEFINITION('international standard',
'automotive_design',2009,#13969);
#13969=APPLICATION_CONTEXT(
'Core Data for Automotive Mechanical Design Process');
#13970=PRODUCT_CONTEXT('part definition',#13969,'mechanical');
#13971=PRODUCT('Ring_1050','Ring_1050',$,(#13970));
#13972=PRESENTATION_STYLE_ASSIGNMENT((#13973));
#13973=SURFACE_STYLE_USAGE(.BOTH.,#13976);
#13974=SURFACE_STYLE_RENDERING_WITH_PROPERTIES($,#13980,(#13975));
#13975=SURFACE_STYLE_TRANSPARENT(0.);
#13976=SURFACE_SIDE_STYLE('',(#13977,#13974));
#13977=SURFACE_STYLE_FILL_AREA(#13978);
#13978=FILL_AREA_STYLE('',(#13979));
#13979=FILL_AREA_STYLE_COLOUR('',#13980);
#13980=COLOUR_RGB('',0.749019607843137,0.749019607843137,0.749019607843137);
ENDSEC;
END-ISO-10303-21;
